path,action,source_prohibited_terms,target_prohibited_terms,reason
DEVELOPMENT.md,adapt_in_target,,ai_design,Target support file references excluded functionality.
PE_CLAW_AGENTIC_TRANSFORMATION_GUIDE.md,exclude_agentic,pe_claw_gui.agentic;design_request_import;design_request_runner;design_request_parser_bridge,,Path belongs to the excluded AI/agentic/skills scope.
PROJECT_ARCHITECTURE.md,adapt_in_target,,ai_design,Target support file references excluded functionality.
Plan/active/pe_claw_1_0_gui_backend_migration_plan.md,adapt_in_target,,ai_design,Target support file references excluded functionality.
Plan/completed/phase17/phase17_research_package_implementation_plan.md,exclude_agentic,,,Path belongs to the excluded AI/agentic/skills scope.
Plan/completed/phase17/phase17_research_package_kickoff.md,exclude_agentic,,,Path belongs to the excluded AI/agentic/skills scope.
README.md,adapt_in_target,pe_claw_gui.agentic;design_request_runner,ai_design,Target support file references excluded functionality.
design_requests/.gitkeep,exclude_agentic,,,Path belongs to the excluded AI/agentic/skills scope.
design_requests/01_buck_diode/c01_nominal_full_load/design_request.md,exclude_agentic,,,Path belongs to the excluded AI/agentic/skills scope.
design_requests/01_buck_diode/c01_nominal_full_load/design_result.md,exclude_agentic,,,Path belongs to the excluded AI/agentic/skills scope.
design_requests/01_buck_diode/c01_nominal_full_load/pe_claw_backend_readback.json,exclude_agentic,,,Path belongs to the excluded AI/agentic/skills scope.
design_requests/01_buck_diode/c01_nominal_full_load/runner_readback.json,exclude_agentic,,,Path belongs to the excluded AI/agentic/skills scope.
design_requests/01_buck_diode/c02_low_input_full_load/design_request.md,exclude_agentic,,,Path belongs to the excluded AI/agentic/skills scope.
design_requests/01_buck_diode/c02_low_input_full_load/design_result.md,exclude_agentic,,,Path belongs to the excluded AI/agentic/skills scope.
design_requests/01_buck_diode/c02_low_input_full_load/pe_claw_backend_readback.json,exclude_agentic,,,Path belongs to the excluded AI/agentic/skills scope.
design_requests/01_buck_diode/c02_low_input_full_load/runner_readback.json,exclude_agentic,,,Path belongs to the excluded AI/agentic/skills scope.
design_requests/01_buck_diode/c03_high_input_full_load/design_request.md,exclude_agentic,,,Path belongs to the excluded AI/agentic/skills scope.
design_requests/01_buck_diode/c03_high_input_full_load/design_result.md,exclude_agentic,,,Path belongs to the excluded AI/agentic/skills scope.
design_requests/01_buck_diode/c03_high_input_full_load/pe_claw_backend_readback.json,exclude_agentic,,,Path belongs to the excluded AI/agentic/skills scope.
design_requests/01_buck_diode/c03_high_input_full_load/runner_readback.json,exclude_agentic,,,Path belongs to the excluded AI/agentic/skills scope.
design_requests/01_buck_diode/c04_nominal_light_load_20pct/design_request.md,exclude_agentic,,,Path belongs to the excluded AI/agentic/skills scope.
design_requests/01_buck_diode/c04_nominal_light_load_20pct/design_result.md,exclude_agentic,,,Path belongs to the excluded AI/agentic/skills scope.
design_requests/01_buck_diode/c04_nominal_light_load_20pct/pe_claw_backend_readback.json,exclude_agentic,,,Path belongs to the excluded AI/agentic/skills scope.
design_requests/01_buck_diode/c04_nominal_light_load_20pct/runner_readback.json,exclude_agentic,,,Path belongs to the excluded AI/agentic/skills scope.
design_requests/01_buck_diode/c05_nominal_high_ripple/design_request.md,exclude_agentic,,,Path belongs to the excluded AI/agentic/skills scope.
design_requests/01_buck_diode/c05_nominal_high_ripple/design_result.md,exclude_agentic,,,Path belongs to the excluded AI/agentic/skills scope.
design_requests/01_buck_diode/c05_nominal_high_ripple/pe_claw_backend_readback.json,exclude_agentic,,,Path belongs to the excluded AI/agentic/skills scope.
design_requests/01_buck_diode/c05_nominal_high_ripple/runner_readback.json,exclude_agentic,,,Path belongs to the excluded AI/agentic/skills scope.
design_requests/02_buck_synchronous/c01_nominal_full_load/design_request.md,exclude_agentic,,,Path belongs to the excluded AI/agentic/skills scope.
design_requests/02_buck_synchronous/c01_nominal_full_load/design_result.md,exclude_agentic,,,Path belongs to the excluded AI/agentic/skills scope.
design_requests/02_buck_synchronous/c01_nominal_full_load/pe_claw_backend_readback.json,exclude_agentic,,,Path belongs to the excluded AI/agentic/skills scope.
design_requests/02_buck_synchronous/c01_nominal_full_load/runner_readback.json,exclude_agentic,,,Path belongs to the excluded AI/agentic/skills scope.
design_requests/02_buck_synchronous/c02_low_input_full_load/design_request.md,exclude_agentic,,,Path belongs to the excluded AI/agentic/skills scope.
design_requests/02_buck_synchronous/c02_low_input_full_load/design_result.md,exclude_agentic,,,Path belongs to the excluded AI/agentic/skills scope.
design_requests/02_buck_synchronous/c02_low_input_full_load/pe_claw_backend_readback.json,exclude_agentic,,,Path belongs to the excluded AI/agentic/skills scope.
design_requests/02_buck_synchronous/c02_low_input_full_load/runner_readback.json,exclude_agentic,,,Path belongs to the excluded AI/agentic/skills scope.
design_requests/02_buck_synchronous/c03_high_input_full_load/design_request.md,exclude_agentic,,,Path belongs to the excluded AI/agentic/skills scope.
design_requests/02_buck_synchronous/c03_high_input_full_load/design_result.md,exclude_agentic,,,Path belongs to the excluded AI/agentic/skills scope.
design_requests/02_buck_synchronous/c03_high_input_full_load/pe_claw_backend_readback.json,exclude_agentic,,,Path belongs to the excluded AI/agentic/skills scope.
design_requests/02_buck_synchronous/c03_high_input_full_load/runner_readback.json,exclude_agentic,,,Path belongs to the excluded AI/agentic/skills scope.
design_requests/02_buck_synchronous/c04_nominal_light_load_20pct/design_request.md,exclude_agentic,,,Path belongs to the excluded AI/agentic/skills scope.
design_requests/02_buck_synchronous/c04_nominal_light_load_20pct/design_result.md,exclude_agentic,,,Path belongs to the excluded AI/agentic/skills scope.
design_requests/02_buck_synchronous/c04_nominal_light_load_20pct/pe_claw_backend_readback.json,exclude_agentic,,,Path belongs to the excluded AI/agentic/skills scope.
design_requests/02_buck_synchronous/c04_nominal_light_load_20pct/runner_readback.json,exclude_agentic,,,Path belongs to the excluded AI/agentic/skills scope.
design_requests/02_buck_synchronous/c05_nominal_high_ripple/design_request.md,exclude_agentic,,,Path belongs to the excluded AI/agentic/skills scope.
design_requests/02_buck_synchronous/c05_nominal_high_ripple/design_result.md,exclude_agentic,,,Path belongs to the excluded AI/agentic/skills scope.
design_requests/02_buck_synchronous/c05_nominal_high_ripple/pe_claw_backend_readback.json,exclude_agentic,,,Path belongs to the excluded AI/agentic/skills scope.
design_requests/02_buck_synchronous/c05_nominal_high_ripple/runner_readback.json,exclude_agentic,,,Path belongs to the excluded AI/agentic/skills scope.
design_requests/03_boost_diode/c01_nominal_full_load/design_request.md,exclude_agentic,,,Path belongs to the excluded AI/agentic/skills scope.
design_requests/03_boost_diode/c01_nominal_full_load/design_result.md,exclude_agentic,,,Path belongs to the excluded AI/agentic/skills scope.
design_requests/03_boost_diode/c01_nominal_full_load/pe_claw_backend_readback.json,exclude_agentic,,,Path belongs to the excluded AI/agentic/skills scope.
design_requests/03_boost_diode/c01_nominal_full_load/runner_readback.json,exclude_agentic,,,Path belongs to the excluded AI/agentic/skills scope.
design_requests/03_boost_diode/c02_low_input_full_load/design_request.md,exclude_agentic,,,Path belongs to the excluded AI/agentic/skills scope.
design_requests/03_boost_diode/c02_low_input_full_load/design_result.md,exclude_agentic,,,Path belongs to the excluded AI/agentic/skills scope.
design_requests/03_boost_diode/c02_low_input_full_load/pe_claw_backend_readback.json,exclude_agentic,,,Path belongs to the excluded AI/agentic/skills scope.
design_requests/03_boost_diode/c02_low_input_full_load/runner_readback.json,exclude_agentic,,,Path belongs to the excluded AI/agentic/skills scope.
design_requests/03_boost_diode/c03_high_input_full_load/design_request.md,exclude_agentic,,,Path belongs to the excluded AI/agentic/skills scope.
design_requests/03_boost_diode/c03_high_input_full_load/design_result.md,exclude_agentic,,,Path belongs to the excluded AI/agentic/skills scope.
design_requests/03_boost_diode/c03_high_input_full_load/pe_claw_backend_readback.json,exclude_agentic,,,Path belongs to the excluded AI/agentic/skills scope.
design_requests/03_boost_diode/c03_high_input_full_load/runner_readback.json,exclude_agentic,,,Path belongs to the excluded AI/agentic/skills scope.
design_requests/03_boost_diode/c04_nominal_light_load_20pct/design_request.md,exclude_agentic,,,Path belongs to the excluded AI/agentic/skills scope.
design_requests/03_boost_diode/c04_nominal_light_load_20pct/design_result.md,exclude_agentic,,,Path belongs to the excluded AI/agentic/skills scope.
design_requests/03_boost_diode/c04_nominal_light_load_20pct/pe_claw_backend_readback.json,exclude_agentic,,,Path belongs to the excluded AI/agentic/skills scope.
design_requests/03_boost_diode/c04_nominal_light_load_20pct/runner_readback.json,exclude_agentic,,,Path belongs to the excluded AI/agentic/skills scope.
design_requests/03_boost_diode/c05_nominal_high_ripple/design_request.md,exclude_agentic,,,Path belongs to the excluded AI/agentic/skills scope.
design_requests/03_boost_diode/c05_nominal_high_ripple/design_result.md,exclude_agentic,,,Path belongs to the excluded AI/agentic/skills scope.
design_requests/03_boost_diode/c05_nominal_high_ripple/pe_claw_backend_readback.json,exclude_agentic,,,Path belongs to the excluded AI/agentic/skills scope.
design_requests/03_boost_diode/c05_nominal_high_ripple/runner_readback.json,exclude_agentic,,,Path belongs to the excluded AI/agentic/skills scope.
design_requests/04_boost_synchronous/c01_nominal_full_load/design_request.md,exclude_agentic,,,Path belongs to the excluded AI/agentic/skills scope.
design_requests/04_boost_synchronous/c01_nominal_full_load/design_result.md,exclude_agentic,,,Path belongs to the excluded AI/agentic/skills scope.
design_requests/04_boost_synchronous/c01_nominal_full_load/pe_claw_backend_readback.json,exclude_agentic,,,Path belongs to the excluded AI/agentic/skills scope.
design_requests/04_boost_synchronous/c01_nominal_full_load/runner_readback.json,exclude_agentic,,,Path belongs to the excluded AI/agentic/skills scope.
design_requests/04_boost_synchronous/c02_low_input_full_load/design_request.md,exclude_agentic,,,Path belongs to the excluded AI/agentic/skills scope.
design_requests/04_boost_synchronous/c02_low_input_full_load/design_result.md,exclude_agentic,,,Path belongs to the excluded AI/agentic/skills scope.
design_requests/04_boost_synchronous/c02_low_input_full_load/pe_claw_backend_readback.json,exclude_agentic,,,Path belongs to the excluded AI/agentic/skills scope.
design_requests/04_boost_synchronous/c02_low_input_full_load/runner_readback.json,exclude_agentic,,,Path belongs to the excluded AI/agentic/skills scope.
design_requests/04_boost_synchronous/c03_high_input_full_load/design_request.md,exclude_agentic,,,Path belongs to the excluded AI/agentic/skills scope.
design_requests/04_boost_synchronous/c03_high_input_full_load/design_result.md,exclude_agentic,,,Path belongs to the excluded AI/agentic/skills scope.
design_requests/04_boost_synchronous/c03_high_input_full_load/pe_claw_backend_readback.json,exclude_agentic,,,Path belongs to the excluded AI/agentic/skills scope.
design_requests/04_boost_synchronous/c03_high_input_full_load/runner_readback.json,exclude_agentic,,,Path belongs to the excluded AI/agentic/skills scope.
design_requests/04_boost_synchronous/c04_nominal_light_load_20pct/design_request.md,exclude_agentic,,,Path belongs to the excluded AI/agentic/skills scope.
design_requests/04_boost_synchronous/c04_nominal_light_load_20pct/design_result.md,exclude_agentic,,,Path belongs to the excluded AI/agentic/skills scope.
design_requests/04_boost_synchronous/c04_nominal_light_load_20pct/pe_claw_backend_readback.json,exclude_agentic,,,Path belongs to the excluded AI/agentic/skills scope.
design_requests/04_boost_synchronous/c04_nominal_light_load_20pct/runner_readback.json,exclude_agentic,,,Path belongs to the excluded AI/agentic/skills scope.
design_requests/04_boost_synchronous/c05_nominal_high_ripple/design_request.md,exclude_agentic,,,Path belongs to the excluded AI/agentic/skills scope.
design_requests/04_boost_synchronous/c05_nominal_high_ripple/design_result.md,exclude_agentic,,,Path belongs to the excluded AI/agentic/skills scope.
design_requests/04_boost_synchronous/c05_nominal_high_ripple/pe_claw_backend_readback.json,exclude_agentic,,,Path belongs to the excluded AI/agentic/skills scope.
design_requests/04_boost_synchronous/c05_nominal_high_ripple/runner_readback.json,exclude_agentic,,,Path belongs to the excluded AI/agentic/skills scope.
design_requests/05_buck_boost_diode/c01_nominal_full_load/design_request.md,exclude_agentic,,,Path belongs to the excluded AI/agentic/skills scope.
design_requests/05_buck_boost_diode/c01_nominal_full_load/design_result.md,exclude_agentic,,,Path belongs to the excluded AI/agentic/skills scope.
design_requests/05_buck_boost_diode/c01_nominal_full_load/pe_claw_backend_readback.json,exclude_agentic,,,Path belongs to the excluded AI/agentic/skills scope.
design_requests/05_buck_boost_diode/c01_nominal_full_load/runner_readback.json,exclude_agentic,,,Path belongs to the excluded AI/agentic/skills scope.
design_requests/05_buck_boost_diode/c02_low_input_full_load/design_request.md,exclude_agentic,,,Path belongs to the excluded AI/agentic/skills scope.
design_requests/05_buck_boost_diode/c02_low_input_full_load/design_result.md,exclude_agentic,,,Path belongs to the excluded AI/agentic/skills scope.
design_requests/05_buck_boost_diode/c02_low_input_full_load/pe_claw_backend_readback.json,exclude_agentic,,,Path belongs to the excluded AI/agentic/skills scope.
design_requests/05_buck_boost_diode/c02_low_input_full_load/runner_readback.json,exclude_agentic,,,Path belongs to the excluded AI/agentic/skills scope.
design_requests/05_buck_boost_diode/c03_high_input_full_load/design_request.md,exclude_agentic,,,Path belongs to the excluded AI/agentic/skills scope.
design_requests/05_buck_boost_diode/c03_high_input_full_load/design_result.md,exclude_agentic,,,Path belongs to the excluded AI/agentic/skills scope.
design_requests/05_buck_boost_diode/c03_high_input_full_load/pe_claw_backend_readback.json,exclude_agentic,,,Path belongs to the excluded AI/agentic/skills scope.
design_requests/05_buck_boost_diode/c03_high_input_full_load/runner_readback.json,exclude_agentic,,,Path belongs to the excluded AI/agentic/skills scope.
design_requests/05_buck_boost_diode/c04_nominal_light_load_20pct/design_request.md,exclude_agentic,,,Path belongs to the excluded AI/agentic/skills scope.
design_requests/05_buck_boost_diode/c04_nominal_light_load_20pct/design_result.md,exclude_agentic,,,Path belongs to the excluded AI/agentic/skills scope.
design_requests/05_buck_boost_diode/c04_nominal_light_load_20pct/pe_claw_backend_readback.json,exclude_agentic,,,Path belongs to the excluded AI/agentic/skills scope.
design_requests/05_buck_boost_diode/c04_nominal_light_load_20pct/runner_readback.json,exclude_agentic,,,Path belongs to the excluded AI/agentic/skills scope.
design_requests/05_buck_boost_diode/c05_nominal_high_ripple/design_request.md,exclude_agentic,,,Path belongs to the excluded AI/agentic/skills scope.
design_requests/05_buck_boost_diode/c05_nominal_high_ripple/design_result.md,exclude_agentic,,,Path belongs to the excluded AI/agentic/skills scope.
design_requests/05_buck_boost_diode/c05_nominal_high_ripple/pe_claw_backend_readback.json,exclude_agentic,,,Path belongs to the excluded AI/agentic/skills scope.
design_requests/05_buck_boost_diode/c05_nominal_high_ripple/runner_readback.json,exclude_agentic,,,Path belongs to the excluded AI/agentic/skills scope.
design_requests/06_flyback_ccm/c01_nominal_full_load/design_request.md,exclude_agentic,,,Path belongs to the excluded AI/agentic/skills scope.
design_requests/06_flyback_ccm/c01_nominal_full_load/design_result.md,exclude_agentic,,,Path belongs to the excluded AI/agentic/skills scope.
design_requests/06_flyback_ccm/c01_nominal_full_load/pe_claw_backend_readback.json,exclude_agentic,,,Path belongs to the excluded AI/agentic/skills scope.
design_requests/06_flyback_ccm/c01_nominal_full_load/runner_readback.json,exclude_agentic,,,Path belongs to the excluded AI/agentic/skills scope.
design_requests/06_flyback_ccm/c02_low_input_full_load/design_request.md,exclude_agentic,,,Path belongs to the excluded AI/agentic/skills scope.
design_requests/06_flyback_ccm/c02_low_input_full_load/design_result.md,exclude_agentic,,,Path belongs to the excluded AI/agentic/skills scope.
design_requests/06_flyback_ccm/c02_low_input_full_load/pe_claw_backend_readback.json,exclude_agentic,,,Path belongs to the excluded AI/agentic/skills scope.
design_requests/06_flyback_ccm/c02_low_input_full_load/runner_readback.json,exclude_agentic,,,Path belongs to the excluded AI/agentic/skills scope.
design_requests/06_flyback_ccm/c03_high_input_full_load/design_request.md,exclude_agentic,,,Path belongs to the excluded AI/agentic/skills scope.
design_requests/06_flyback_ccm/c03_high_input_full_load/design_result.md,exclude_agentic,,,Path belongs to the excluded AI/agentic/skills scope.
design_requests/06_flyback_ccm/c03_high_input_full_load/pe_claw_backend_readback.json,exclude_agentic,,,Path belongs to the excluded AI/agentic/skills scope.
design_requests/06_flyback_ccm/c03_high_input_full_load/runner_readback.json,exclude_agentic,,,Path belongs to the excluded AI/agentic/skills scope.
design_requests/06_flyback_ccm/c04_nominal_light_load_20pct/design_request.md,exclude_agentic,,,Path belongs to the excluded AI/agentic/skills scope.
design_requests/06_flyback_ccm/c04_nominal_light_load_20pct/design_result.md,exclude_agentic,,,Path belongs to the excluded AI/agentic/skills scope.
design_requests/06_flyback_ccm/c04_nominal_light_load_20pct/pe_claw_backend_readback.json,exclude_agentic,,,Path belongs to the excluded AI/agentic/skills scope.
design_requests/06_flyback_ccm/c04_nominal_light_load_20pct/runner_readback.json,exclude_agentic,,,Path belongs to the excluded AI/agentic/skills scope.
design_requests/06_flyback_ccm/c05_nominal_high_ripple/design_request.md,exclude_agentic,,,Path belongs to the excluded AI/agentic/skills scope.
design_requests/06_flyback_ccm/c05_nominal_high_ripple/design_result.md,exclude_agentic,,,Path belongs to the excluded AI/agentic/skills scope.
design_requests/06_flyback_ccm/c05_nominal_high_ripple/pe_claw_backend_readback.json,exclude_agentic,,,Path belongs to the excluded AI/agentic/skills scope.
design_requests/06_flyback_ccm/c05_nominal_high_ripple/runner_readback.json,exclude_agentic,,,Path belongs to the excluded AI/agentic/skills scope.
design_requests/07_psfb_diode/c01_nominal_full_load/design_request.md,exclude_agentic,,,Path belongs to the excluded AI/agentic/skills scope.
design_requests/07_psfb_diode/c01_nominal_full_load/design_result.md,exclude_agentic,,,Path belongs to the excluded AI/agentic/skills scope.
design_requests/07_psfb_diode/c01_nominal_full_load/pe_claw_backend_readback.json,exclude_agentic,,,Path belongs to the excluded AI/agentic/skills scope.
design_requests/07_psfb_diode/c01_nominal_full_load/runner_readback.json,exclude_agentic,,,Path belongs to the excluded AI/agentic/skills scope.
design_requests/07_psfb_diode/c02_low_input_full_load/design_request.md,exclude_agentic,,,Path belongs to the excluded AI/agentic/skills scope.
design_requests/07_psfb_diode/c02_low_input_full_load/design_result.md,exclude_agentic,,,Path belongs to the excluded AI/agentic/skills scope.
design_requests/07_psfb_diode/c02_low_input_full_load/pe_claw_backend_readback.json,exclude_agentic,,,Path belongs to the excluded AI/agentic/skills scope.
design_requests/07_psfb_diode/c02_low_input_full_load/runner_readback.json,exclude_agentic,,,Path belongs to the excluded AI/agentic/skills scope.
design_requests/07_psfb_diode/c03_high_input_full_load/design_request.md,exclude_agentic,,,Path belongs to the excluded AI/agentic/skills scope.
design_requests/07_psfb_diode/c03_high_input_full_load/design_result.md,exclude_agentic,,,Path belongs to the excluded AI/agentic/skills scope.
design_requests/07_psfb_diode/c03_high_input_full_load/pe_claw_backend_readback.json,exclude_agentic,,,Path belongs to the excluded AI/agentic/skills scope.
design_requests/07_psfb_diode/c03_high_input_full_load/runner_readback.json,exclude_agentic,,,Path belongs to the excluded AI/agentic/skills scope.
design_requests/07_psfb_diode/c04_nominal_light_load_20pct/design_request.md,exclude_agentic,,,Path belongs to the excluded AI/agentic/skills scope.
design_requests/07_psfb_diode/c04_nominal_light_load_20pct/design_result.md,exclude_agentic,,,Path belongs to the excluded AI/agentic/skills scope.
design_requests/07_psfb_diode/c04_nominal_light_load_20pct/pe_claw_backend_readback.json,exclude_agentic,,,Path belongs to the excluded AI/agentic/skills scope.
design_requests/07_psfb_diode/c04_nominal_light_load_20pct/runner_readback.json,exclude_agentic,,,Path belongs to the excluded AI/agentic/skills scope.
design_requests/07_psfb_diode/c05_nominal_very_light_load_10pct/design_request.md,exclude_agentic,,,Path belongs to the excluded AI/agentic/skills scope.
design_requests/07_psfb_diode/c05_nominal_very_light_load_10pct/design_result.md,exclude_agentic,,,Path belongs to the excluded AI/agentic/skills scope.
design_requests/07_psfb_diode/c05_nominal_very_light_load_10pct/pe_claw_backend_readback.json,exclude_agentic,,,Path belongs to the excluded AI/agentic/skills scope.
design_requests/07_psfb_diode/c05_nominal_very_light_load_10pct/runner_readback.json,exclude_agentic,,,Path belongs to the excluded AI/agentic/skills scope.
design_requests/07_psfb_diode/c06_nominal_high_frequency/design_request.md,exclude_agentic,,,Path belongs to the excluded AI/agentic/skills scope.
design_requests/07_psfb_diode/c06_nominal_high_frequency/design_result.md,exclude_agentic,,,Path belongs to the excluded AI/agentic/skills scope.
design_requests/07_psfb_diode/c06_nominal_high_frequency/pe_claw_backend_readback.json,exclude_agentic,,,Path belongs to the excluded AI/agentic/skills scope.
design_requests/07_psfb_diode/c06_nominal_high_frequency/runner_readback.json,exclude_agentic,,,Path belongs to the excluded AI/agentic/skills scope.
design_requests/07_psfb_diode/c07_nominal_high_ripple/design_request.md,exclude_agentic,,,Path belongs to the excluded AI/agentic/skills scope.
design_requests/07_psfb_diode/c07_nominal_high_ripple/design_result.md,exclude_agentic,,,Path belongs to the excluded AI/agentic/skills scope.
design_requests/07_psfb_diode/c07_nominal_high_ripple/pe_claw_backend_readback.json,exclude_agentic,,,Path belongs to the excluded AI/agentic/skills scope.
design_requests/07_psfb_diode/c07_nominal_high_ripple/runner_readback.json,exclude_agentic,,,Path belongs to the excluded AI/agentic/skills scope.
design_requests/08_llc_full_bridge_diode/c01_nominal_full_load/design_request.md,exclude_agentic,,,Path belongs to the excluded AI/agentic/skills scope.
design_requests/08_llc_full_bridge_diode/c01_nominal_full_load/design_result.md,exclude_agentic,,,Path belongs to the excluded AI/agentic/skills scope.
design_requests/08_llc_full_bridge_diode/c01_nominal_full_load/pe_claw_backend_readback.json,exclude_agentic,,,Path belongs to the excluded AI/agentic/skills scope.
design_requests/08_llc_full_bridge_diode/c01_nominal_full_load/runner_readback.json,exclude_agentic,,,Path belongs to the excluded AI/agentic/skills scope.
design_requests/08_llc_full_bridge_diode/c02_low_input_full_load/design_request.md,exclude_agentic,,,Path belongs to the excluded AI/agentic/skills scope.
design_requests/08_llc_full_bridge_diode/c02_low_input_full_load/design_result.md,exclude_agentic,,,Path belongs to the excluded AI/agentic/skills scope.
design_requests/08_llc_full_bridge_diode/c02_low_input_full_load/pe_claw_backend_readback.json,exclude_agentic,,,Path belongs to the excluded AI/agentic/skills scope.
design_requests/08_llc_full_bridge_diode/c02_low_input_full_load/runner_readback.json,exclude_agentic,,,Path belongs to the excluded AI/agentic/skills scope.
design_requests/08_llc_full_bridge_diode/c03_high_input_full_load/design_request.md,exclude_agentic,,,Path belongs to the excluded AI/agentic/skills scope.
design_requests/08_llc_full_bridge_diode/c03_high_input_full_load/design_result.md,exclude_agentic,,,Path belongs to the excluded AI/agentic/skills scope.
design_requests/08_llc_full_bridge_diode/c03_high_input_full_load/pe_claw_backend_readback.json,exclude_agentic,,,Path belongs to the excluded AI/agentic/skills scope.
design_requests/08_llc_full_bridge_diode/c03_high_input_full_load/runner_readback.json,exclude_agentic,,,Path belongs to the excluded AI/agentic/skills scope.
design_requests/08_llc_full_bridge_diode/c04_nominal_light_load_20pct/design_request.md,exclude_agentic,,,Path belongs to the excluded AI/agentic/skills scope.
design_requests/08_llc_full_bridge_diode/c04_nominal_light_load_20pct/design_result.md,exclude_agentic,,,Path belongs to the excluded AI/agentic/skills scope.
design_requests/08_llc_full_bridge_diode/c04_nominal_light_load_20pct/pe_claw_backend_readback.json,exclude_agentic,,,Path belongs to the excluded AI/agentic/skills scope.
design_requests/08_llc_full_bridge_diode/c04_nominal_light_load_20pct/runner_readback.json,exclude_agentic,,,Path belongs to the excluded AI/agentic/skills scope.
design_requests/08_llc_full_bridge_diode/c05_nominal_very_light_load_10pct/design_request.md,exclude_agentic,,,Path belongs to the excluded AI/agentic/skills scope.
design_requests/08_llc_full_bridge_diode/c05_nominal_very_light_load_10pct/design_result.md,exclude_agentic,,,Path belongs to the excluded AI/agentic/skills scope.
design_requests/08_llc_full_bridge_diode/c05_nominal_very_light_load_10pct/pe_claw_backend_readback.json,exclude_agentic,,,Path belongs to the excluded AI/agentic/skills scope.
design_requests/08_llc_full_bridge_diode/c05_nominal_very_light_load_10pct/runner_readback.json,exclude_agentic,,,Path belongs to the excluded AI/agentic/skills scope.
design_requests/08_llc_full_bridge_diode/c06_nominal_high_frequency/design_request.md,exclude_agentic,,,Path belongs to the excluded AI/agentic/skills scope.
design_requests/08_llc_full_bridge_diode/c06_nominal_high_frequency/design_result.md,exclude_agentic,,,Path belongs to the excluded AI/agentic/skills scope.
design_requests/08_llc_full_bridge_diode/c06_nominal_high_frequency/pe_claw_backend_readback.json,exclude_agentic,,,Path belongs to the excluded AI/agentic/skills scope.
design_requests/08_llc_full_bridge_diode/c06_nominal_high_frequency/runner_readback.json,exclude_agentic,,,Path belongs to the excluded AI/agentic/skills scope.
design_requests/08_llc_full_bridge_diode/c07_nominal_relaxed_ripple/design_request.md,exclude_agentic,,,Path belongs to the excluded AI/agentic/skills scope.
design_requests/08_llc_full_bridge_diode/c07_nominal_relaxed_ripple/design_result.md,exclude_agentic,,,Path belongs to the excluded AI/agentic/skills scope.
design_requests/08_llc_full_bridge_diode/c07_nominal_relaxed_ripple/pe_claw_backend_readback.json,exclude_agentic,,,Path belongs to the excluded AI/agentic/skills scope.
design_requests/08_llc_full_bridge_diode/c07_nominal_relaxed_ripple/runner_readback.json,exclude_agentic,,,Path belongs to the excluded AI/agentic/skills scope.
design_requests/09_llc_half_bridge_diode/c01_nominal_full_load/design_request.md,exclude_agentic,,,Path belongs to the excluded AI/agentic/skills scope.
design_requests/09_llc_half_bridge_diode/c01_nominal_full_load/design_result.md,exclude_agentic,,,Path belongs to the excluded AI/agentic/skills scope.
design_requests/09_llc_half_bridge_diode/c01_nominal_full_load/pe_claw_backend_readback.json,exclude_agentic,,,Path belongs to the excluded AI/agentic/skills scope.
design_requests/09_llc_half_bridge_diode/c01_nominal_full_load/runner_readback.json,exclude_agentic,,,Path belongs to the excluded AI/agentic/skills scope.
design_requests/09_llc_half_bridge_diode/c02_low_input_full_load/design_request.md,exclude_agentic,,,Path belongs to the excluded AI/agentic/skills scope.
design_requests/09_llc_half_bridge_diode/c02_low_input_full_load/design_result.md,exclude_agentic,,,Path belongs to the excluded AI/agentic/skills scope.
design_requests/09_llc_half_bridge_diode/c02_low_input_full_load/pe_claw_backend_readback.json,exclude_agentic,,,Path belongs to the excluded AI/agentic/skills scope.
design_requests/09_llc_half_bridge_diode/c02_low_input_full_load/runner_readback.json,exclude_agentic,,,Path belongs to the excluded AI/agentic/skills scope.
design_requests/09_llc_half_bridge_diode/c03_high_input_full_load/design_request.md,exclude_agentic,,,Path belongs to the excluded AI/agentic/skills scope.
design_requests/09_llc_half_bridge_diode/c03_high_input_full_load/design_result.md,exclude_agentic,,,Path belongs to the excluded AI/agentic/skills scope.
design_requests/09_llc_half_bridge_diode/c03_high_input_full_load/pe_claw_backend_readback.json,exclude_agentic,,,Path belongs to the excluded AI/agentic/skills scope.
design_requests/09_llc_half_bridge_diode/c03_high_input_full_load/runner_readback.json,exclude_agentic,,,Path belongs to the excluded AI/agentic/skills scope.
design_requests/09_llc_half_bridge_diode/c04_nominal_light_load_20pct/design_request.md,exclude_agentic,,,Path belongs to the excluded AI/agentic/skills scope.
design_requests/09_llc_half_bridge_diode/c04_nominal_light_load_20pct/design_result.md,exclude_agentic,,,Path belongs to the excluded AI/agentic/skills scope.
design_requests/09_llc_half_bridge_diode/c04_nominal_light_load_20pct/pe_claw_backend_readback.json,exclude_agentic,,,Path belongs to the excluded AI/agentic/skills scope.
design_requests/09_llc_half_bridge_diode/c04_nominal_light_load_20pct/runner_readback.json,exclude_agentic,,,Path belongs to the excluded AI/agentic/skills scope.
design_requests/09_llc_half_bridge_diode/c05_nominal_very_light_load_10pct/design_request.md,exclude_agentic,,,Path belongs to the excluded AI/agentic/skills scope.
design_requests/09_llc_half_bridge_diode/c05_nominal_very_light_load_10pct/design_result.md,exclude_agentic,,,Path belongs to the excluded AI/agentic/skills scope.
design_requests/09_llc_half_bridge_diode/c05_nominal_very_light_load_10pct/pe_claw_backend_readback.json,exclude_agentic,,,Path belongs to the excluded AI/agentic/skills scope.
design_requests/09_llc_half_bridge_diode/c05_nominal_very_light_load_10pct/runner_readback.json,exclude_agentic,,,Path belongs to the excluded AI/agentic/skills scope.
design_requests/09_llc_half_bridge_diode/c06_nominal_high_frequency/design_request.md,exclude_agentic,,,Path belongs to the excluded AI/agentic/skills scope.
design_requests/09_llc_half_bridge_diode/c06_nominal_high_frequency/design_result.md,exclude_agentic,,,Path belongs to the excluded AI/agentic/skills scope.
design_requests/09_llc_half_bridge_diode/c06_nominal_high_frequency/pe_claw_backend_readback.json,exclude_agentic,,,Path belongs to the excluded AI/agentic/skills scope.
design_requests/09_llc_half_bridge_diode/c06_nominal_high_frequency/runner_readback.json,exclude_agentic,,,Path belongs to the excluded AI/agentic/skills scope.
design_requests/09_llc_half_bridge_diode/c07_nominal_relaxed_ripple/design_request.md,exclude_agentic,,,Path belongs to the excluded AI/agentic/skills scope.
design_requests/09_llc_half_bridge_diode/c07_nominal_relaxed_ripple/design_result.md,exclude_agentic,,,Path belongs to the excluded AI/agentic/skills scope.
design_requests/09_llc_half_bridge_diode/c07_nominal_relaxed_ripple/pe_claw_backend_readback.json,exclude_agentic,,,Path belongs to the excluded AI/agentic/skills scope.
design_requests/09_llc_half_bridge_diode/c07_nominal_relaxed_ripple/runner_readback.json,exclude_agentic,,,Path belongs to the excluded AI/agentic/skills scope.
design_requests/10_single_phase_capacitor_rectifier/c01_nominal_full_load/design_request.md,exclude_agentic,,,Path belongs to the excluded AI/agentic/skills scope.
design_requests/10_single_phase_capacitor_rectifier/c01_nominal_full_load/design_result.md,exclude_agentic,,,Path belongs to the excluded AI/agentic/skills scope.
design_requests/10_single_phase_capacitor_rectifier/c01_nominal_full_load/pe_claw_backend_readback.json,exclude_agentic,,,Path belongs to the excluded AI/agentic/skills scope.
design_requests/10_single_phase_capacitor_rectifier/c01_nominal_full_load/runner_readback.json,exclude_agentic,,,Path belongs to the excluded AI/agentic/skills scope.
design_requests/10_single_phase_capacitor_rectifier/c02_low_input_full_load/design_request.md,exclude_agentic,,,Path belongs to the excluded AI/agentic/skills scope.
design_requests/10_single_phase_capacitor_rectifier/c02_low_input_full_load/design_result.md,exclude_agentic,,,Path belongs to the excluded AI/agentic/skills scope.
design_requests/10_single_phase_capacitor_rectifier/c02_low_input_full_load/pe_claw_backend_readback.json,exclude_agentic,,,Path belongs to the excluded AI/agentic/skills scope.
design_requests/10_single_phase_capacitor_rectifier/c02_low_input_full_load/runner_readback.json,exclude_agentic,,,Path belongs to the excluded AI/agentic/skills scope.
design_requests/10_single_phase_capacitor_rectifier/c03_high_input_full_load/design_request.md,exclude_agentic,,,Path belongs to the excluded AI/agentic/skills scope.
design_requests/10_single_phase_capacitor_rectifier/c03_high_input_full_load/design_result.md,exclude_agentic,,,Path belongs to the excluded AI/agentic/skills scope.
design_requests/10_single_phase_capacitor_rectifier/c03_high_input_full_load/pe_claw_backend_readback.json,exclude_agentic,,,Path belongs to the excluded AI/agentic/skills scope.
design_requests/10_single_phase_capacitor_rectifier/c03_high_input_full_load/runner_readback.json,exclude_agentic,,,Path belongs to the excluded AI/agentic/skills scope.
design_requests/10_single_phase_capacitor_rectifier/c04_nominal_light_load_20pct/design_request.md,exclude_agentic,,,Path belongs to the excluded AI/agentic/skills scope.
design_requests/10_single_phase_capacitor_rectifier/c04_nominal_light_load_20pct/design_result.md,exclude_agentic,,,Path belongs to the excluded AI/agentic/skills scope.
design_requests/10_single_phase_capacitor_rectifier/c04_nominal_light_load_20pct/pe_claw_backend_readback.json,exclude_agentic,,,Path belongs to the excluded AI/agentic/skills scope.
design_requests/10_single_phase_capacitor_rectifier/c04_nominal_light_load_20pct/runner_readback.json,exclude_agentic,,,Path belongs to the excluded AI/agentic/skills scope.
design_requests/10_single_phase_capacitor_rectifier/c05_nominal_high_ripple/design_request.md,exclude_agentic,,,Path belongs to the excluded AI/agentic/skills scope.
design_requests/10_single_phase_capacitor_rectifier/c05_nominal_high_ripple/design_result.md,exclude_agentic,,,Path belongs to the excluded AI/agentic/skills scope.
design_requests/10_single_phase_capacitor_rectifier/c05_nominal_high_ripple/pe_claw_backend_readback.json,exclude_agentic,,,Path belongs to the excluded AI/agentic/skills scope.
design_requests/10_single_phase_capacitor_rectifier/c05_nominal_high_ripple/runner_readback.json,exclude_agentic,,,Path belongs to the excluded AI/agentic/skills scope.
design_requests/11_single_phase_dc_inductor_rectifier/c01_nominal_full_load/design_request.md,exclude_agentic,,,Path belongs to the excluded AI/agentic/skills scope.
design_requests/11_single_phase_dc_inductor_rectifier/c01_nominal_full_load/design_result.md,exclude_agentic,,,Path belongs to the excluded AI/agentic/skills scope.
design_requests/11_single_phase_dc_inductor_rectifier/c01_nominal_full_load/pe_claw_backend_readback.json,exclude_agentic,,,Path belongs to the excluded AI/agentic/skills scope.
design_requests/11_single_phase_dc_inductor_rectifier/c01_nominal_full_load/runner_readback.json,exclude_agentic,,,Path belongs to the excluded AI/agentic/skills scope.
design_requests/11_single_phase_dc_inductor_rectifier/c02_low_input_full_load/design_request.md,exclude_agentic,,,Path belongs to the excluded AI/agentic/skills scope.
design_requests/11_single_phase_dc_inductor_rectifier/c02_low_input_full_load/design_result.md,exclude_agentic,,,Path belongs to the excluded AI/agentic/skills scope.
design_requests/11_single_phase_dc_inductor_rectifier/c02_low_input_full_load/pe_claw_backend_readback.json,exclude_agentic,,,Path belongs to the excluded AI/agentic/skills scope.
design_requests/11_single_phase_dc_inductor_rectifier/c02_low_input_full_load/runner_readback.json,exclude_agentic,,,Path belongs to the excluded AI/agentic/skills scope.
design_requests/11_single_phase_dc_inductor_rectifier/c03_high_input_full_load/design_request.md,exclude_agentic,,,Path belongs to the excluded AI/agentic/skills scope.
design_requests/11_single_phase_dc_inductor_rectifier/c03_high_input_full_load/design_result.md,exclude_agentic,,,Path belongs to the excluded AI/agentic/skills scope.
design_requests/11_single_phase_dc_inductor_rectifier/c03_high_input_full_load/pe_claw_backend_readback.json,exclude_agentic,,,Path belongs to the excluded AI/agentic/skills scope.
design_requests/11_single_phase_dc_inductor_rectifier/c03_high_input_full_load/runner_readback.json,exclude_agentic,,,Path belongs to the excluded AI/agentic/skills scope.
design_requests/11_single_phase_dc_inductor_rectifier/c04_nominal_light_load_20pct/design_request.md,exclude_agentic,,,Path belongs to the excluded AI/agentic/skills scope.
design_requests/11_single_phase_dc_inductor_rectifier/c04_nominal_light_load_20pct/design_result.md,exclude_agentic,,,Path belongs to the excluded AI/agentic/skills scope.
design_requests/11_single_phase_dc_inductor_rectifier/c04_nominal_light_load_20pct/pe_claw_backend_readback.json,exclude_agentic,,,Path belongs to the excluded AI/agentic/skills scope.
design_requests/11_single_phase_dc_inductor_rectifier/c04_nominal_light_load_20pct/runner_readback.json,exclude_agentic,,,Path belongs to the excluded AI/agentic/skills scope.
design_requests/11_single_phase_dc_inductor_rectifier/c05_nominal_high_ripple/design_request.md,exclude_agentic,,,Path belongs to the excluded AI/agentic/skills scope.
design_requests/11_single_phase_dc_inductor_rectifier/c05_nominal_high_ripple/design_result.md,exclude_agentic,,,Path belongs to the excluded AI/agentic/skills scope.
design_requests/11_single_phase_dc_inductor_rectifier/c05_nominal_high_ripple/pe_claw_backend_readback.json,exclude_agentic,,,Path belongs to the excluded AI/agentic/skills scope.
design_requests/11_single_phase_dc_inductor_rectifier/c05_nominal_high_ripple/runner_readback.json,exclude_agentic,,,Path belongs to the excluded AI/agentic/skills scope.
design_requests/12_three_phase_capacitor_rectifier/c01_nominal_full_load/design_request.md,exclude_agentic,,,Path belongs to the excluded AI/agentic/skills scope.
design_requests/12_three_phase_capacitor_rectifier/c01_nominal_full_load/design_result.md,exclude_agentic,,,Path belongs to the excluded AI/agentic/skills scope.
design_requests/12_three_phase_capacitor_rectifier/c01_nominal_full_load/pe_claw_backend_readback.json,exclude_agentic,,,Path belongs to the excluded AI/agentic/skills scope.
design_requests/12_three_phase_capacitor_rectifier/c01_nominal_full_load/runner_readback.json,exclude_agentic,,,Path belongs to the excluded AI/agentic/skills scope.
design_requests/12_three_phase_capacitor_rectifier/c02_low_input_full_load/design_request.md,exclude_agentic,,,Path belongs to the excluded AI/agentic/skills scope.
design_requests/12_three_phase_capacitor_rectifier/c02_low_input_full_load/design_result.md,exclude_agentic,,,Path belongs to the excluded AI/agentic/skills scope.
design_requests/12_three_phase_capacitor_rectifier/c02_low_input_full_load/pe_claw_backend_readback.json,exclude_agentic,,,Path belongs to the excluded AI/agentic/skills scope.
design_requests/12_three_phase_capacitor_rectifier/c02_low_input_full_load/runner_readback.json,exclude_agentic,,,Path belongs to the excluded AI/agentic/skills scope.
design_requests/12_three_phase_capacitor_rectifier/c03_high_input_full_load/design_request.md,exclude_agentic,,,Path belongs to the excluded AI/agentic/skills scope.
design_requests/12_three_phase_capacitor_rectifier/c03_high_input_full_load/design_result.md,exclude_agentic,,,Path belongs to the excluded AI/agentic/skills scope.
design_requests/12_three_phase_capacitor_rectifier/c03_high_input_full_load/pe_claw_backend_readback.json,exclude_agentic,,,Path belongs to the excluded AI/agentic/skills scope.
design_requests/12_three_phase_capacitor_rectifier/c03_high_input_full_load/runner_readback.json,exclude_agentic,,,Path belongs to the excluded AI/agentic/skills scope.
design_requests/12_three_phase_capacitor_rectifier/c04_nominal_light_load_20pct/design_request.md,exclude_agentic,,,Path belongs to the excluded AI/agentic/skills scope.
design_requests/12_three_phase_capacitor_rectifier/c04_nominal_light_load_20pct/design_result.md,exclude_agentic,,,Path belongs to the excluded AI/agentic/skills scope.
design_requests/12_three_phase_capacitor_rectifier/c04_nominal_light_load_20pct/pe_claw_backend_readback.json,exclude_agentic,,,Path belongs to the excluded AI/agentic/skills scope.
design_requests/12_three_phase_capacitor_rectifier/c04_nominal_light_load_20pct/runner_readback.json,exclude_agentic,,,Path belongs to the excluded AI/agentic/skills scope.
design_requests/12_three_phase_capacitor_rectifier/c05_nominal_high_ripple/design_request.md,exclude_agentic,,,Path belongs to the excluded AI/agentic/skills scope.
design_requests/12_three_phase_capacitor_rectifier/c05_nominal_high_ripple/design_result.md,exclude_agentic,,,Path belongs to the excluded AI/agentic/skills scope.
design_requests/12_three_phase_capacitor_rectifier/c05_nominal_high_ripple/pe_claw_backend_readback.json,exclude_agentic,,,Path belongs to the excluded AI/agentic/skills scope.
design_requests/12_three_phase_capacitor_rectifier/c05_nominal_high_ripple/runner_readback.json,exclude_agentic,,,Path belongs to the excluded AI/agentic/skills scope.
design_requests/13_diode_bridge_boost_pfc/c01_nominal_full_load_50hz/design_request.md,exclude_agentic,,,Path belongs to the excluded AI/agentic/skills scope.
design_requests/13_diode_bridge_boost_pfc/c01_nominal_full_load_50hz/design_result.md,exclude_agentic,,,Path belongs to the excluded AI/agentic/skills scope.
design_requests/13_diode_bridge_boost_pfc/c01_nominal_full_load_50hz/pe_claw_backend_readback.json,exclude_agentic,,,Path belongs to the excluded AI/agentic/skills scope.
design_requests/13_diode_bridge_boost_pfc/c01_nominal_full_load_50hz/runner_readback.json,exclude_agentic,,,Path belongs to the excluded AI/agentic/skills scope.
design_requests/13_diode_bridge_boost_pfc/c02_low_input_full_load_50hz/design_request.md,exclude_agentic,,,Path belongs to the excluded AI/agentic/skills scope.
design_requests/13_diode_bridge_boost_pfc/c02_low_input_full_load_50hz/design_result.md,exclude_agentic,,,Path belongs to the excluded AI/agentic/skills scope.
design_requests/13_diode_bridge_boost_pfc/c02_low_input_full_load_50hz/pe_claw_backend_readback.json,exclude_agentic,,,Path belongs to the excluded AI/agentic/skills scope.
design_requests/13_diode_bridge_boost_pfc/c02_low_input_full_load_50hz/runner_readback.json,exclude_agentic,,,Path belongs to the excluded AI/agentic/skills scope.
design_requests/13_diode_bridge_boost_pfc/c03_high_input_full_load_50hz/design_request.md,exclude_agentic,,,Path belongs to the excluded AI/agentic/skills scope.
design_requests/13_diode_bridge_boost_pfc/c03_high_input_full_load_50hz/design_result.md,exclude_agentic,,,Path belongs to the excluded AI/agentic/skills scope.
design_requests/13_diode_bridge_boost_pfc/c03_high_input_full_load_50hz/pe_claw_backend_readback.json,exclude_agentic,,,Path belongs to the excluded AI/agentic/skills scope.
design_requests/13_diode_bridge_boost_pfc/c03_high_input_full_load_50hz/runner_readback.json,exclude_agentic,,,Path belongs to the excluded AI/agentic/skills scope.
design_requests/13_diode_bridge_boost_pfc/c04_nominal_light_load_20pct_50hz/design_request.md,exclude_agentic,,,Path belongs to the excluded AI/agentic/skills scope.
design_requests/13_diode_bridge_boost_pfc/c04_nominal_light_load_20pct_50hz/design_result.md,exclude_agentic,,,Path belongs to the excluded AI/agentic/skills scope.
design_requests/13_diode_bridge_boost_pfc/c04_nominal_light_load_20pct_50hz/pe_claw_backend_readback.json,exclude_agentic,,,Path belongs to the excluded AI/agentic/skills scope.
design_requests/13_diode_bridge_boost_pfc/c04_nominal_light_load_20pct_50hz/runner_readback.json,exclude_agentic,,,Path belongs to the excluded AI/agentic/skills scope.
design_requests/13_diode_bridge_boost_pfc/c05_nominal_very_light_load_10pct_50hz/design_request.md,exclude_agentic,,,Path belongs to the excluded AI/agentic/skills scope.
design_requests/13_diode_bridge_boost_pfc/c05_nominal_very_light_load_10pct_50hz/design_result.md,exclude_agentic,,,Path belongs to the excluded AI/agentic/skills scope.
design_requests/13_diode_bridge_boost_pfc/c05_nominal_very_light_load_10pct_50hz/pe_claw_backend_readback.json,exclude_agentic,,,Path belongs to the excluded AI/agentic/skills scope.
design_requests/13_diode_bridge_boost_pfc/c05_nominal_very_light_load_10pct_50hz/runner_readback.json,exclude_agentic,,,Path belongs to the excluded AI/agentic/skills scope.
design_requests/13_diode_bridge_boost_pfc/c06_nominal_high_frequency_50hz/design_request.md,exclude_agentic,,,Path belongs to the excluded AI/agentic/skills scope.
design_requests/13_diode_bridge_boost_pfc/c06_nominal_high_frequency_50hz/design_result.md,exclude_agentic,,,Path belongs to the excluded AI/agentic/skills scope.
design_requests/13_diode_bridge_boost_pfc/c06_nominal_high_frequency_50hz/pe_claw_backend_readback.json,exclude_agentic,,,Path belongs to the excluded AI/agentic/skills scope.
design_requests/13_diode_bridge_boost_pfc/c06_nominal_high_frequency_50hz/runner_readback.json,exclude_agentic,,,Path belongs to the excluded AI/agentic/skills scope.
design_requests/13_diode_bridge_boost_pfc/c07_nominal_high_ripple/design_request.md,exclude_agentic,,,Path belongs to the excluded AI/agentic/skills scope.
design_requests/13_diode_bridge_boost_pfc/c07_nominal_high_ripple/design_result.md,exclude_agentic,,,Path belongs to the excluded AI/agentic/skills scope.
design_requests/13_diode_bridge_boost_pfc/c07_nominal_high_ripple/pe_claw_backend_readback.json,exclude_agentic,,,Path belongs to the excluded AI/agentic/skills scope.
design_requests/13_diode_bridge_boost_pfc/c07_nominal_high_ripple/runner_readback.json,exclude_agentic,,,Path belongs to the excluded AI/agentic/skills scope.
design_requests/14_totem_pole_pfc/c01_nominal_full_load_50hz/design_request.md,exclude_agentic,,,Path belongs to the excluded AI/agentic/skills scope.
design_requests/14_totem_pole_pfc/c01_nominal_full_load_50hz/design_result.md,exclude_agentic,,,Path belongs to the excluded AI/agentic/skills scope.
design_requests/14_totem_pole_pfc/c01_nominal_full_load_50hz/pe_claw_backend_readback.json,exclude_agentic,,,Path belongs to the excluded AI/agentic/skills scope.
design_requests/14_totem_pole_pfc/c01_nominal_full_load_50hz/runner_readback.json,exclude_agentic,,,Path belongs to the excluded AI/agentic/skills scope.
design_requests/14_totem_pole_pfc/c02_low_input_full_load_50hz/design_request.md,exclude_agentic,,,Path belongs to the excluded AI/agentic/skills scope.
design_requests/14_totem_pole_pfc/c02_low_input_full_load_50hz/design_result.md,exclude_agentic,,,Path belongs to the excluded AI/agentic/skills scope.
design_requests/14_totem_pole_pfc/c02_low_input_full_load_50hz/pe_claw_backend_readback.json,exclude_agentic,,,Path belongs to the excluded AI/agentic/skills scope.
design_requests/14_totem_pole_pfc/c02_low_input_full_load_50hz/runner_readback.json,exclude_agentic,,,Path belongs to the excluded AI/agentic/skills scope.
design_requests/14_totem_pole_pfc/c03_high_input_full_load_50hz/design_request.md,exclude_agentic,,,Path belongs to the excluded AI/agentic/skills scope.
design_requests/14_totem_pole_pfc/c03_high_input_full_load_50hz/design_result.md,exclude_agentic,,,Path belongs to the excluded AI/agentic/skills scope.
design_requests/14_totem_pole_pfc/c03_high_input_full_load_50hz/pe_claw_backend_readback.json,exclude_agentic,,,Path belongs to the excluded AI/agentic/skills scope.
design_requests/14_totem_pole_pfc/c03_high_input_full_load_50hz/runner_readback.json,exclude_agentic,,,Path belongs to the excluded AI/agentic/skills scope.
design_requests/14_totem_pole_pfc/c04_nominal_light_load_20pct_50hz/design_request.md,exclude_agentic,,,Path belongs to the excluded AI/agentic/skills scope.
design_requests/14_totem_pole_pfc/c04_nominal_light_load_20pct_50hz/design_result.md,exclude_agentic,,,Path belongs to the excluded AI/agentic/skills scope.
design_requests/14_totem_pole_pfc/c04_nominal_light_load_20pct_50hz/pe_claw_backend_readback.json,exclude_agentic,,,Path belongs to the excluded AI/agentic/skills scope.
design_requests/14_totem_pole_pfc/c04_nominal_light_load_20pct_50hz/runner_readback.json,exclude_agentic,,,Path belongs to the excluded AI/agentic/skills scope.
design_requests/14_totem_pole_pfc/c05_nominal_very_light_load_10pct_50hz/design_request.md,exclude_agentic,,,Path belongs to the excluded AI/agentic/skills scope.
design_requests/14_totem_pole_pfc/c05_nominal_very_light_load_10pct_50hz/design_result.md,exclude_agentic,,,Path belongs to the excluded AI/agentic/skills scope.
design_requests/14_totem_pole_pfc/c05_nominal_very_light_load_10pct_50hz/pe_claw_backend_readback.json,exclude_agentic,,,Path belongs to the excluded AI/agentic/skills scope.
design_requests/14_totem_pole_pfc/c05_nominal_very_light_load_10pct_50hz/runner_readback.json,exclude_agentic,,,Path belongs to the excluded AI/agentic/skills scope.
design_requests/14_totem_pole_pfc/c06_nominal_high_frequency_50hz/design_request.md,exclude_agentic,,,Path belongs to the excluded AI/agentic/skills scope.
design_requests/14_totem_pole_pfc/c06_nominal_high_frequency_50hz/design_result.md,exclude_agentic,,,Path belongs to the excluded AI/agentic/skills scope.
design_requests/14_totem_pole_pfc/c06_nominal_high_frequency_50hz/pe_claw_backend_readback.json,exclude_agentic,,,Path belongs to the excluded AI/agentic/skills scope.
design_requests/14_totem_pole_pfc/c06_nominal_high_frequency_50hz/runner_readback.json,exclude_agentic,,,Path belongs to the excluded AI/agentic/skills scope.
design_requests/14_totem_pole_pfc/c07_nominal_full_load_60hz/design_request.md,exclude_agentic,,,Path belongs to the excluded AI/agentic/skills scope.
design_requests/14_totem_pole_pfc/c07_nominal_full_load_60hz/design_result.md,exclude_agentic,,,Path belongs to the excluded AI/agentic/skills scope.
design_requests/14_totem_pole_pfc/c07_nominal_full_load_60hz/pe_claw_backend_readback.json,exclude_agentic,,,Path belongs to the excluded AI/agentic/skills scope.
design_requests/14_totem_pole_pfc/c07_nominal_full_load_60hz/runner_readback.json,exclude_agentic,,,Path belongs to the excluded AI/agentic/skills scope.
design_requests/14_totem_pole_pfc/c08_nominal_high_frequency_60hz/design_request.md,exclude_agentic,,,Path belongs to the excluded AI/agentic/skills scope.
design_requests/14_totem_pole_pfc/c08_nominal_high_frequency_60hz/design_result.md,exclude_agentic,,,Path belongs to the excluded AI/agentic/skills scope.
design_requests/14_totem_pole_pfc/c08_nominal_high_frequency_60hz/pe_claw_backend_readback.json,exclude_agentic,,,Path belongs to the excluded AI/agentic/skills scope.
design_requests/14_totem_pole_pfc/c08_nominal_high_frequency_60hz/runner_readback.json,exclude_agentic,,,Path belongs to the excluded AI/agentic/skills scope.
design_requests/14_totem_pole_pfc/c09_nominal_high_ripple/design_request.md,exclude_agentic,,,Path belongs to the excluded AI/agentic/skills scope.
design_requests/14_totem_pole_pfc/c09_nominal_high_ripple/design_result.md,exclude_agentic,,,Path belongs to the excluded AI/agentic/skills scope.
design_requests/14_totem_pole_pfc/c09_nominal_high_ripple/pe_claw_backend_readback.json,exclude_agentic,,,Path belongs to the excluded AI/agentic/skills scope.
design_requests/14_totem_pole_pfc/c09_nominal_high_ripple/runner_readback.json,exclude_agentic,,,Path belongs to the excluded AI/agentic/skills scope.
design_requests/15_single_phase_full_bridge_inverter/c01_nominal_dc_full_load_50hz/design_request.md,exclude_agentic,,,Path belongs to the excluded AI/agentic/skills scope.
design_requests/15_single_phase_full_bridge_inverter/c01_nominal_dc_full_load_50hz/design_result.md,exclude_agentic,,,Path belongs to the excluded AI/agentic/skills scope.
design_requests/15_single_phase_full_bridge_inverter/c01_nominal_dc_full_load_50hz/pe_claw_backend_readback.json,exclude_agentic,,,Path belongs to the excluded AI/agentic/skills scope.
design_requests/15_single_phase_full_bridge_inverter/c01_nominal_dc_full_load_50hz/runner_readback.json,exclude_agentic,,,Path belongs to the excluded AI/agentic/skills scope.
design_requests/15_single_phase_full_bridge_inverter/c02_low_dc_full_load_50hz/design_request.md,exclude_agentic,,,Path belongs to the excluded AI/agentic/skills scope.
design_requests/15_single_phase_full_bridge_inverter/c02_low_dc_full_load_50hz/design_result.md,exclude_agentic,,,Path belongs to the excluded AI/agentic/skills scope.
design_requests/15_single_phase_full_bridge_inverter/c02_low_dc_full_load_50hz/pe_claw_backend_readback.json,exclude_agentic,,,Path belongs to the excluded AI/agentic/skills scope.
design_requests/15_single_phase_full_bridge_inverter/c02_low_dc_full_load_50hz/runner_readback.json,exclude_agentic,,,Path belongs to the excluded AI/agentic/skills scope.
design_requests/15_single_phase_full_bridge_inverter/c03_high_dc_full_load_50hz/design_request.md,exclude_agentic,,,Path belongs to the excluded AI/agentic/skills scope.
design_requests/15_single_phase_full_bridge_inverter/c03_high_dc_full_load_50hz/design_result.md,exclude_agentic,,,Path belongs to the excluded AI/agentic/skills scope.
design_requests/15_single_phase_full_bridge_inverter/c03_high_dc_full_load_50hz/pe_claw_backend_readback.json,exclude_agentic,,,Path belongs to the excluded AI/agentic/skills scope.
design_requests/15_single_phase_full_bridge_inverter/c03_high_dc_full_load_50hz/runner_readback.json,exclude_agentic,,,Path belongs to the excluded AI/agentic/skills scope.
design_requests/15_single_phase_full_bridge_inverter/c04_nominal_dc_light_load_20pct/design_request.md,exclude_agentic,,,Path belongs to the excluded AI/agentic/skills scope.
design_requests/15_single_phase_full_bridge_inverter/c04_nominal_dc_light_load_20pct/design_result.md,exclude_agentic,,,Path belongs to the excluded AI/agentic/skills scope.
design_requests/15_single_phase_full_bridge_inverter/c04_nominal_dc_light_load_20pct/pe_claw_backend_readback.json,exclude_agentic,,,Path belongs to the excluded AI/agentic/skills scope.
design_requests/15_single_phase_full_bridge_inverter/c04_nominal_dc_light_load_20pct/runner_readback.json,exclude_agentic,,,Path belongs to the excluded AI/agentic/skills scope.
design_requests/15_single_phase_full_bridge_inverter/c05_nominal_dc_full_load_60hz/design_request.md,exclude_agentic,,,Path belongs to the excluded AI/agentic/skills scope.
design_requests/15_single_phase_full_bridge_inverter/c05_nominal_dc_full_load_60hz/design_result.md,exclude_agentic,,,Path belongs to the excluded AI/agentic/skills scope.
design_requests/15_single_phase_full_bridge_inverter/c05_nominal_dc_full_load_60hz/pe_claw_backend_readback.json,exclude_agentic,,,Path belongs to the excluded AI/agentic/skills scope.
design_requests/15_single_phase_full_bridge_inverter/c05_nominal_dc_full_load_60hz/runner_readback.json,exclude_agentic,,,Path belongs to the excluded AI/agentic/skills scope.
design_requests/15_single_phase_full_bridge_inverter/c06_nominal_high_carrier_frequency/design_request.md,exclude_agentic,,,Path belongs to the excluded AI/agentic/skills scope.
design_requests/15_single_phase_full_bridge_inverter/c06_nominal_high_carrier_frequency/design_result.md,exclude_agentic,,,Path belongs to the excluded AI/agentic/skills scope.
design_requests/15_single_phase_full_bridge_inverter/c06_nominal_high_carrier_frequency/pe_claw_backend_readback.json,exclude_agentic,,,Path belongs to the excluded AI/agentic/skills scope.
design_requests/15_single_phase_full_bridge_inverter/c06_nominal_high_carrier_frequency/runner_readback.json,exclude_agentic,,,Path belongs to the excluded AI/agentic/skills scope.
design_requests/15_single_phase_full_bridge_inverter/c07_nominal_pf_0p8/design_request.md,exclude_agentic,,,Path belongs to the excluded AI/agentic/skills scope.
design_requests/15_single_phase_full_bridge_inverter/c07_nominal_pf_0p8/design_result.md,exclude_agentic,,,Path belongs to the excluded AI/agentic/skills scope.
design_requests/15_single_phase_full_bridge_inverter/c07_nominal_pf_0p8/pe_claw_backend_readback.json,exclude_agentic,,,Path belongs to the excluded AI/agentic/skills scope.
design_requests/15_single_phase_full_bridge_inverter/c07_nominal_pf_0p8/runner_readback.json,exclude_agentic,,,Path belongs to the excluded AI/agentic/skills scope.
design_requests/16_three_phase_two_level_vsi/c01_nominal_dc_full_load_50hz/design_request.md,exclude_agentic,,,Path belongs to the excluded AI/agentic/skills scope.
design_requests/16_three_phase_two_level_vsi/c01_nominal_dc_full_load_50hz/design_result.md,exclude_agentic,,,Path belongs to the excluded AI/agentic/skills scope.
design_requests/16_three_phase_two_level_vsi/c01_nominal_dc_full_load_50hz/pe_claw_backend_readback.json,exclude_agentic,,,Path belongs to the excluded AI/agentic/skills scope.
design_requests/16_three_phase_two_level_vsi/c01_nominal_dc_full_load_50hz/runner_readback.json,exclude_agentic,,,Path belongs to the excluded AI/agentic/skills scope.
design_requests/16_three_phase_two_level_vsi/c02_low_dc_full_load_50hz/design_request.md,exclude_agentic,,,Path belongs to the excluded AI/agentic/skills scope.
design_requests/16_three_phase_two_level_vsi/c02_low_dc_full_load_50hz/design_result.md,exclude_agentic,,,Path belongs to the excluded AI/agentic/skills scope.
design_requests/16_three_phase_two_level_vsi/c02_low_dc_full_load_50hz/pe_claw_backend_readback.json,exclude_agentic,,,Path belongs to the excluded AI/agentic/skills scope.
design_requests/16_three_phase_two_level_vsi/c02_low_dc_full_load_50hz/runner_readback.json,exclude_agentic,,,Path belongs to the excluded AI/agentic/skills scope.
design_requests/16_three_phase_two_level_vsi/c03_high_dc_full_load_50hz/design_request.md,exclude_agentic,,,Path belongs to the excluded AI/agentic/skills scope.
design_requests/16_three_phase_two_level_vsi/c03_high_dc_full_load_50hz/design_result.md,exclude_agentic,,,Path belongs to the excluded AI/agentic/skills scope.
design_requests/16_three_phase_two_level_vsi/c03_high_dc_full_load_50hz/pe_claw_backend_readback.json,exclude_agentic,,,Path belongs to the excluded AI/agentic/skills scope.
design_requests/16_three_phase_two_level_vsi/c03_high_dc_full_load_50hz/runner_readback.json,exclude_agentic,,,Path belongs to the excluded AI/agentic/skills scope.
design_requests/16_three_phase_two_level_vsi/c04_nominal_dc_light_load_20pct/design_request.md,exclude_agentic,,,Path belongs to the excluded AI/agentic/skills scope.
design_requests/16_three_phase_two_level_vsi/c04_nominal_dc_light_load_20pct/design_result.md,exclude_agentic,,,Path belongs to the excluded AI/agentic/skills scope.
design_requests/16_three_phase_two_level_vsi/c04_nominal_dc_light_load_20pct/pe_claw_backend_readback.json,exclude_agentic,,,Path belongs to the excluded AI/agentic/skills scope.
design_requests/16_three_phase_two_level_vsi/c04_nominal_dc_light_load_20pct/runner_readback.json,exclude_agentic,,,Path belongs to the excluded AI/agentic/skills scope.
design_requests/16_three_phase_two_level_vsi/c05_nominal_dc_full_load_60hz/design_request.md,exclude_agentic,,,Path belongs to the excluded AI/agentic/skills scope.
design_requests/16_three_phase_two_level_vsi/c05_nominal_dc_full_load_60hz/design_result.md,exclude_agentic,,,Path belongs to the excluded AI/agentic/skills scope.
design_requests/16_three_phase_two_level_vsi/c05_nominal_dc_full_load_60hz/pe_claw_backend_readback.json,exclude_agentic,,,Path belongs to the excluded AI/agentic/skills scope.
design_requests/16_three_phase_two_level_vsi/c05_nominal_dc_full_load_60hz/runner_readback.json,exclude_agentic,,,Path belongs to the excluded AI/agentic/skills scope.
design_requests/16_three_phase_two_level_vsi/c06_nominal_high_carrier_frequency/design_request.md,exclude_agentic,,,Path belongs to the excluded AI/agentic/skills scope.
design_requests/16_three_phase_two_level_vsi/c06_nominal_high_carrier_frequency/design_result.md,exclude_agentic,,,Path belongs to the excluded AI/agentic/skills scope.
design_requests/16_three_phase_two_level_vsi/c06_nominal_high_carrier_frequency/pe_claw_backend_readback.json,exclude_agentic,,,Path belongs to the excluded AI/agentic/skills scope.
design_requests/16_three_phase_two_level_vsi/c06_nominal_high_carrier_frequency/runner_readback.json,exclude_agentic,,,Path belongs to the excluded AI/agentic/skills scope.
design_requests/16_three_phase_two_level_vsi/c07_nominal_pf_0p8/design_request.md,exclude_agentic,,,Path belongs to the excluded AI/agentic/skills scope.
design_requests/16_three_phase_two_level_vsi/c07_nominal_pf_0p8/design_result.md,exclude_agentic,,,Path belongs to the excluded AI/agentic/skills scope.
design_requests/16_three_phase_two_level_vsi/c07_nominal_pf_0p8/pe_claw_backend_readback.json,exclude_agentic,,,Path belongs to the excluded AI/agentic/skills scope.
design_requests/16_three_phase_two_level_vsi/c07_nominal_pf_0p8/runner_readback.json,exclude_agentic,,,Path belongs to the excluded AI/agentic/skills scope.
design_requests/17_three_phase_three_level_npc/c01_nominal_dc_full_load_50hz/design_request.md,exclude_agentic,,,Path belongs to the excluded AI/agentic/skills scope.
design_requests/17_three_phase_three_level_npc/c01_nominal_dc_full_load_50hz/design_result.md,exclude_agentic,,,Path belongs to the excluded AI/agentic/skills scope.
design_requests/17_three_phase_three_level_npc/c01_nominal_dc_full_load_50hz/pe_claw_backend_readback.json,exclude_agentic,,,Path belongs to the excluded AI/agentic/skills scope.
design_requests/17_three_phase_three_level_npc/c01_nominal_dc_full_load_50hz/runner_readback.json,exclude_agentic,,,Path belongs to the excluded AI/agentic/skills scope.
design_requests/17_three_phase_three_level_npc/c02_low_dc_full_load_50hz/design_request.md,exclude_agentic,,,Path belongs to the excluded AI/agentic/skills scope.
design_requests/17_three_phase_three_level_npc/c02_low_dc_full_load_50hz/design_result.md,exclude_agentic,,,Path belongs to the excluded AI/agentic/skills scope.
design_requests/17_three_phase_three_level_npc/c02_low_dc_full_load_50hz/pe_claw_backend_readback.json,exclude_agentic,,,Path belongs to the excluded AI/agentic/skills scope.
design_requests/17_three_phase_three_level_npc/c02_low_dc_full_load_50hz/runner_readback.json,exclude_agentic,,,Path belongs to the excluded AI/agentic/skills scope.
design_requests/17_three_phase_three_level_npc/c03_high_dc_full_load_50hz/design_request.md,exclude_agentic,,,Path belongs to the excluded AI/agentic/skills scope.
design_requests/17_three_phase_three_level_npc/c03_high_dc_full_load_50hz/design_result.md,exclude_agentic,,,Path belongs to the excluded AI/agentic/skills scope.
design_requests/17_three_phase_three_level_npc/c03_high_dc_full_load_50hz/pe_claw_backend_readback.json,exclude_agentic,,,Path belongs to the excluded AI/agentic/skills scope.
design_requests/17_three_phase_three_level_npc/c03_high_dc_full_load_50hz/runner_readback.json,exclude_agentic,,,Path belongs to the excluded AI/agentic/skills scope.
design_requests/17_three_phase_three_level_npc/c04_nominal_dc_light_load_20pct/design_request.md,exclude_agentic,,,Path belongs to the excluded AI/agentic/skills scope.
design_requests/17_three_phase_three_level_npc/c04_nominal_dc_light_load_20pct/design_result.md,exclude_agentic,,,Path belongs to the excluded AI/agentic/skills scope.
design_requests/17_three_phase_three_level_npc/c04_nominal_dc_light_load_20pct/pe_claw_backend_readback.json,exclude_agentic,,,Path belongs to the excluded AI/agentic/skills scope.
design_requests/17_three_phase_three_level_npc/c04_nominal_dc_light_load_20pct/runner_readback.json,exclude_agentic,,,Path belongs to the excluded AI/agentic/skills scope.
design_requests/17_three_phase_three_level_npc/c05_nominal_dc_full_load_60hz/design_request.md,exclude_agentic,,,Path belongs to the excluded AI/agentic/skills scope.
design_requests/17_three_phase_three_level_npc/c05_nominal_dc_full_load_60hz/design_result.md,exclude_agentic,,,Path belongs to the excluded AI/agentic/skills scope.
design_requests/17_three_phase_three_level_npc/c05_nominal_dc_full_load_60hz/pe_claw_backend_readback.json,exclude_agentic,,,Path belongs to the excluded AI/agentic/skills scope.
design_requests/17_three_phase_three_level_npc/c05_nominal_dc_full_load_60hz/runner_readback.json,exclude_agentic,,,Path belongs to the excluded AI/agentic/skills scope.
design_requests/17_three_phase_three_level_npc/c06_nominal_high_carrier_frequency/design_request.md,exclude_agentic,,,Path belongs to the excluded AI/agentic/skills scope.
design_requests/17_three_phase_three_level_npc/c06_nominal_high_carrier_frequency/design_result.md,exclude_agentic,,,Path belongs to the excluded AI/agentic/skills scope.
design_requests/17_three_phase_three_level_npc/c06_nominal_high_carrier_frequency/pe_claw_backend_readback.json,exclude_agentic,,,Path belongs to the excluded AI/agentic/skills scope.
design_requests/17_three_phase_three_level_npc/c06_nominal_high_carrier_frequency/runner_readback.json,exclude_agentic,,,Path belongs to the excluded AI/agentic/skills scope.
design_requests/17_three_phase_three_level_npc/c07_nominal_pf_0p8/design_request.md,exclude_agentic,,,Path belongs to the excluded AI/agentic/skills scope.
design_requests/17_three_phase_three_level_npc/c07_nominal_pf_0p8/design_result.md,exclude_agentic,,,Path belongs to the excluded AI/agentic/skills scope.
design_requests/17_three_phase_three_level_npc/c07_nominal_pf_0p8/pe_claw_backend_readback.json,exclude_agentic,,,Path belongs to the excluded AI/agentic/skills scope.
design_requests/17_three_phase_three_level_npc/c07_nominal_pf_0p8/runner_readback.json,exclude_agentic,,,Path belongs to the excluded AI/agentic/skills scope.
design_requests/crd_06600dd065n_auto_selection/design_request.md,exclude_agentic,,,Path belongs to the excluded AI/agentic/skills scope.
design_requests/crd_06600dd065n_wolfspeed_sic/design_request.md,exclude_agentic,,,Path belongs to the excluded AI/agentic/skills scope.
design_requests/crd_07500aa12n_fmc_three_phase_vsi_100khz/design_request.md,exclude_agentic,,,Path belongs to the excluded AI/agentic/skills scope.
design_requests/crd_07500aa12n_fmc_three_phase_vsi_50khz/design_request.md,exclude_agentic,,,Path belongs to the excluded AI/agentic/skills scope.
design_requests/crd_07500aa12n_fmc_three_phase_vsi_75khz/design_request.md,exclude_agentic,,,Path belongs to the excluded AI/agentic/skills scope.
design_requests/crd_11da12n_k_three_phase_vsi_11kw/design_request.md,exclude_agentic,,,Path belongs to the excluded AI/agentic/skills scope.
design_requests/crd_11da12n_k_three_phase_vsi_11kw_32khz/design_request.md,exclude_agentic,,,Path belongs to the excluded AI/agentic/skills scope.
design_requests/crd_11da12n_k_three_phase_vsi_11kw_48khz/design_request.md,exclude_agentic,,,Path belongs to the excluded AI/agentic/skills scope.
design_requests/crd_11da12n_k_three_phase_vsi_11kw_64khz/design_request.md,exclude_agentic,,,Path belongs to the excluded AI/agentic/skills scope.
design_requests/crd_11da12n_k_three_phase_vsi_11kw_80khz/design_request.md,exclude_agentic,,,Path belongs to the excluded AI/agentic/skills scope.
design_requests/crd_13da12n_j2_three_phase_vsi_16khz/design_request.md,exclude_agentic,,,Path belongs to the excluded AI/agentic/skills scope.
design_requests/crd_13da12n_j2_three_phase_vsi_24khz/design_request.md,exclude_agentic,,,Path belongs to the excluded AI/agentic/skills scope.
design_requests/crd_13da12n_j2_three_phase_vsi_32khz/design_request.md,exclude_agentic,,,Path belongs to the excluded AI/agentic/skills scope.
design_requests/crd_22ad12n_single_phase_inverter_230v_6p6kw/design_request.md,exclude_agentic,,,Path belongs to the excluded AI/agentic/skills scope.
design_requests/crd_25bda6512n_k_three_phase_npc_family_match/design_request.md,exclude_agentic,,,Path belongs to the excluded AI/agentic/skills scope.
design_requests/crd_60dd12n_single_channel/design_request.md,exclude_agentic,,,Path belongs to the excluded AI/agentic/skills scope.
design_requests/plecs_validation_20260724_manifest.json,exclude_agentic,,,Path belongs to the excluded AI/agentic/skills scope.
design_requests/pmp30446_buck_585w_100khz/design_request.md,exclude_agentic,,,Path belongs to the excluded AI/agentic/skills scope.
design_requests/pmp30446_buck_585w_20khz/design_request.md,exclude_agentic,,,Path belongs to the excluded AI/agentic/skills scope.
design_requests/pmp30446_buck_585w_40khz/design_request.md,exclude_agentic,,,Path belongs to the excluded AI/agentic/skills scope.
design_requests/pmp30446_buck_585w_60khz/design_request.md,exclude_agentic,,,Path belongs to the excluded AI/agentic/skills scope.
design_requests/pmp30446_buck_585w_80khz/design_request.md,exclude_agentic,,,Path belongs to the excluded AI/agentic/skills scope.
design_requests/pmp41114_llc_sr_3p6kw/design_request.md,exclude_agentic,,,Path belongs to the excluded AI/agentic/skills scope.
design_requests/pmp41114_llc_sr_3p6kw_v2/design_request.md,exclude_agentic,,,Path belongs to the excluded AI/agentic/skills scope.
design_requests/pmp41114_llc_sr_3p6kw_v3/design_request.md,exclude_agentic,,,Path belongs to the excluded AI/agentic/skills scope.
design_requests/pmp41114_llc_sr_3p6kw_v4/design_request.md,exclude_agentic,,,Path belongs to the excluded AI/agentic/skills scope.
design_requests/pmp41114_llc_sr_3p6kw_v5/design_request.md,exclude_agentic,,,Path belongs to the excluded AI/agentic/skills scope.
design_requests/registered_topology_only/four_switch_buck_boost/design_request.md,exclude_agentic,,,Path belongs to the excluded AI/agentic/skills scope.
design_requests/registered_topology_only/llc_synchronous_rectifier/design_request.md,exclude_agentic,,,Path belongs to the excluded AI/agentic/skills scope.
design_requests/registered_topology_only/three_level_tzcm/design_request.md,exclude_agentic,,,Path belongs to the excluded AI/agentic/skills scope.
design_requests/ti_tidm_hv_1ph_dcac_vsi_600va/design_request.md,exclude_agentic,,,Path belongs to the excluded AI/agentic/skills scope.
design_requests/tida_00443_boost_pfc_900w/design_request.md,exclude_agentic,,,Path belongs to the excluded AI/agentic/skills scope.
design_requests/tida_00915_vsi_1250w_400v_200vac_16khz/design_request.md,exclude_agentic,,,Path belongs to the excluded AI/agentic/skills scope.
design_requests/tida_00915_vsi_1250w_400v_200vac_16khz_gan/design_request.md,exclude_agentic,,,Path belongs to the excluded AI/agentic/skills scope.
design_requests/tida_00915_vsi_1250w_400v_200vac_32khz/design_request.md,exclude_agentic,,,Path belongs to the excluded AI/agentic/skills scope.
design_requests/tida_00915_vsi_1250w_400v_200vac_32khz_gan/design_request.md,exclude_agentic,,,Path belongs to the excluded AI/agentic/skills scope.
design_requests/tida_010938_boost_5kw/design_request.md,exclude_agentic,,,Path belongs to the excluded AI/agentic/skills scope.
design_requests/tida_010938_boost_5kw_v2/design_request.md,exclude_agentic,,,Path belongs to the excluded AI/agentic/skills scope.
design_requests/tida_01606_three_phase_t_type_family_match/design_request.md,exclude_agentic,,,Path belongs to the excluded AI/agentic/skills scope.
design_requests/tidm_02008_totem_pole_pfc_3300w/design_request.md,exclude_agentic,,,Path belongs to the excluded AI/agentic/skills scope.
design_requests/tidm_02008_totem_pole_pfc_3300w_gan_forced/design_request.md,exclude_agentic,,,Path belongs to the excluded AI/agentic/skills scope.
design_requests/tidm_02008_totem_pole_pfc_3p3kw/design_request.md,exclude_agentic,,,Path belongs to the excluded AI/agentic/skills scope.
design_requests/tidm_02014_three_phase_vsi_300kw_10khz/design_request.md,exclude_agentic,,,Path belongs to the excluded AI/agentic/skills scope.
design_requests/tidm_02014_three_phase_vsi_300kw_20khz/design_request.md,exclude_agentic,,,Path belongs to the excluded AI/agentic/skills scope.
docs/agentic_boost_pilot.md,exclude_agentic,pe_claw_gui.agentic,,Path belongs to the excluded AI/agentic/skills scope.
docs/agentic_cli_command_spec.md,exclude_agentic,pe_claw_gui.agentic,,Path belongs to the excluded AI/agentic/skills scope.
docs/agentic_cli_entrypoint_decision.md,exclude_agentic,pe_claw_gui.agentic,,Path belongs to the excluded AI/agentic/skills scope.
docs/agentic_design_wrapper_contract.md,exclude_agentic,pe_claw_gui.agentic;design_request_import;design_request_runner;design_request_parser_bridge;session_output,,Path belongs to the excluded AI/agentic/skills scope.
docs/agentic_phase2_7_transformer_field_map.md,exclude_agentic,,,Path belongs to the excluded AI/agentic/skills scope.
docs/agentic_phase2_9_llc_transformer_benchmark.md,exclude_agentic,pe_claw_gui.agentic,,Path belongs to the excluded AI/agentic/skills scope.
docs/agentic_phase2_transformer_magnetics_wrapper.md,exclude_agentic,pe_claw_gui.agentic,,Path belongs to the excluded AI/agentic/skills scope.
docs/agentic_phase3_typed_handoff_checkpoint_resume.md,exclude_agentic,pe_claw_gui.agentic,,Path belongs to the excluded AI/agentic/skills scope.
docs/agentic_sync_buck_pilot.md,exclude_agentic,pe_claw_gui.agentic,,Path belongs to the excluded AI/agentic/skills scope.
docs/agentic_task_executor_persistence_adapter.md,exclude_agentic,pe_claw_gui.agentic,,Path belongs to the excluded AI/agentic/skills scope.
docs/archive/agentic_modules/historical_boost_magnetic_execution/README.md,exclude_agentic,,,Path belongs to the excluded AI/agentic/skills scope.
docs/archive/agentic_modules/historical_boost_magnetic_execution/boost_magnetic_acceptance.py,exclude_agentic,,,Path belongs to the excluded AI/agentic/skills scope.
docs/archive/agentic_modules/historical_boost_magnetic_execution/boost_magnetic_execution.py,exclude_agentic,,,Path belongs to the excluded AI/agentic/skills scope.
docs/archive/agentic_modules/historical_boost_magnetic_execution/boost_magnetic_execution_dry_run.py,exclude_agentic,,,Path belongs to the excluded AI/agentic/skills scope.
docs/archive/agentic_modules/historical_boost_magnetic_execution/boost_magnetic_execution_persistence.py,exclude_agentic,session_output,,Path belongs to the excluded AI/agentic/skills scope.
docs/archive/agentic_modules/historical_boost_magnetic_execution/boost_magnetic_execution_preview.py,exclude_agentic,,,Path belongs to the excluded AI/agentic/skills scope.
docs/archive/agentic_modules/historical_boost_magnetic_execution/boost_magnetic_execution_report_audit.py,exclude_agentic,,,Path belongs to the excluded AI/agentic/skills scope.
docs/archive/agentic_modules/historical_boost_magnetic_execution/boost_magnetic_execution_report_dry_run.py,exclude_agentic,,,Path belongs to the excluded AI/agentic/skills scope.
docs/archive/agentic_modules/historical_boost_magnetic_execution/boost_magnetic_execution_report_preview.py,exclude_agentic,pe_claw_gui.agentic,,Path belongs to the excluded AI/agentic/skills scope.
docs/archive/agentic_modules/historical_boost_magnetic_execution/boost_magnetic_execution_report_sections.py,exclude_agentic,,,Path belongs to the excluded AI/agentic/skills scope.
docs/archive/agentic_modules/historical_boost_magnetic_execution/boost_magnetic_execution_report_write.py,exclude_agentic,,,Path belongs to the excluded AI/agentic/skills scope.
docs/archive/agentic_modules/historical_boost_magnetic_execution/boost_magnetic_report_sections.py,exclude_agentic,,,Path belongs to the excluded AI/agentic/skills scope.
docs/archive/agentic_modules/historical_pilot_wrappers/README.md,exclude_agentic,,,Path belongs to the excluded AI/agentic/skills scope.
docs/archive/agentic_modules/historical_pilot_wrappers/boost_pilot_design.py,exclude_agentic,,,Path belongs to the excluded AI/agentic/skills scope.
docs/archive/agentic_modules/historical_pilot_wrappers/boost_pilot_persistence.py,exclude_agentic,session_output,,Path belongs to the excluded AI/agentic/skills scope.
docs/archive/agentic_modules/historical_pilot_wrappers/sync_buck_pilot_design.py,exclude_agentic,,,Path belongs to the excluded AI/agentic/skills scope.
docs/archive/examples/historical_agentic_backend_examples/README.md,exclude_agentic,,,Path belongs to the excluded AI/agentic/skills scope.
docs/archive/examples/historical_agentic_backend_examples/boost_magnetic_execution_standalone_fake_e2e_example.py,exclude_agentic,pe_claw_gui.agentic,,Path belongs to the excluded AI/agentic/skills scope.
docs/archive/examples/historical_agentic_backend_examples/boost_pilot_backend_session_example.py,exclude_agentic,pe_claw_gui.agentic,,Path belongs to the excluded AI/agentic/skills scope.
docs/archive/examples/historical_agentic_backend_examples/dc_dc_agentic_backend_session_example.py,exclude_agentic,pe_claw_gui.agentic,,Path belongs to the excluded AI/agentic/skills scope.
docs/archive/examples/historical_agentic_backend_examples/sync_buck_backend_session_example.py,exclude_agentic,pe_claw_gui.agentic,,Path belongs to the excluded AI/agentic/skills scope.
docs/archive/examples/historical_blocked_llc_sr/design_request_blocked_llc_synchronous_rectifier_1kw.md,exclude_agentic,,,Path belongs to the excluded AI/agentic/skills scope.
docs/archive/scripts/historical_phase16_phase17_helpers/README.md,exclude_agentic,,,Path belongs to the excluded AI/agentic/skills scope.
docs/archive/scripts/historical_phase16_phase17_helpers/archive_report1_sections.py,exclude_agentic,,,Path belongs to the excluded AI/agentic/skills scope.
docs/archive/scripts/historical_phase16_phase17_helpers/run_specified_hv_14_designs.py,exclude_agentic,,,Path belongs to the excluded AI/agentic/skills scope.
docs/archive/scripts/historical_phase16_phase17_helpers/smoke_select_bridge_rectifiers.py,exclude_agentic,,,Path belongs to the excluded AI/agentic/skills scope.
docs/archive/scripts/historical_phase16_phase17_helpers/verify_phase16_mvp_acceptance.py,exclude_agentic,,,Path belongs to the excluded AI/agentic/skills scope.
docs/archive/scripts/historical_phase16_phase17_helpers/verify_phase16_mvp_handoff.py,exclude_agentic,,,Path belongs to the excluded AI/agentic/skills scope.
docs/archive/scripts/historical_phase16_phase17_helpers/verify_phase17_research_diagrams.py,exclude_agentic,,,Path belongs to the excluded AI/agentic/skills scope.
docs/archive/scripts/historical_phase16_phase17_helpers/verify_phase17_research_kickoff.py,exclude_agentic,,,Path belongs to the excluded AI/agentic/skills scope.
docs/archive/tests/historical_boost_magnetic_execution_tests/test_agentic_boost_magnetic_acceptance.py,exclude_agentic,pe_claw_gui.agentic,,Path belongs to the excluded AI/agentic/skills scope.
docs/archive/tests/historical_boost_magnetic_execution_tests/test_agentic_boost_magnetic_execution.py,exclude_agentic,pe_claw_gui.agentic,,Path belongs to the excluded AI/agentic/skills scope.
docs/archive/tests/historical_boost_magnetic_execution_tests/test_agentic_boost_magnetic_execution_persistence.py,exclude_agentic,pe_claw_gui.agentic,,Path belongs to the excluded AI/agentic/skills scope.
docs/archive/tests/historical_boost_magnetic_execution_tests/test_agentic_boost_magnetic_execution_preview.py,exclude_agentic,pe_claw_gui.agentic,,Path belongs to the excluded AI/agentic/skills scope.
docs/archive/tests/historical_boost_magnetic_execution_tests/test_agentic_boost_magnetic_execution_real_report_chain.py,exclude_agentic,pe_claw_gui.agentic;session_output,,Path belongs to the excluded AI/agentic/skills scope.
docs/archive/tests/historical_boost_magnetic_execution_tests/test_agentic_boost_magnetic_execution_real_smoke.py,exclude_agentic,pe_claw_gui.agentic,,Path belongs to the excluded AI/agentic/skills scope.
docs/archive/tests/historical_boost_magnetic_execution_tests/test_agentic_boost_magnetic_execution_report_audit.py,exclude_agentic,pe_claw_gui.agentic,,Path belongs to the excluded AI/agentic/skills scope.
docs/archive/tests/historical_boost_magnetic_execution_tests/test_agentic_boost_magnetic_execution_report_dry_run.py,exclude_agentic,pe_claw_gui.agentic,,Path belongs to the excluded AI/agentic/skills scope.
docs/archive/tests/historical_boost_magnetic_execution_tests/test_agentic_boost_magnetic_execution_report_preview.py,exclude_agentic,pe_claw_gui.agentic,,Path belongs to the excluded AI/agentic/skills scope.
docs/archive/tests/historical_boost_magnetic_execution_tests/test_agentic_boost_magnetic_execution_report_sections.py,exclude_agentic,pe_claw_gui.agentic,,Path belongs to the excluded AI/agentic/skills scope.
docs/archive/tests/historical_boost_magnetic_execution_tests/test_agentic_boost_magnetic_execution_report_write.py,exclude_agentic,pe_claw_gui.agentic,,Path belongs to the excluded AI/agentic/skills scope.
docs/archive/tests/historical_boost_magnetic_execution_tests/test_agentic_boost_magnetic_report_sections.py,exclude_agentic,pe_claw_gui.agentic,,Path belongs to the excluded AI/agentic/skills scope.
docs/archive/tests/historical_phase16_phase17_and_benchmark_tests/README.md,exclude_agentic,,,Path belongs to the excluded AI/agentic/skills scope.
docs/archive/tests/historical_phase16_phase17_and_benchmark_tests/test_agentic_boost_backend_e2e_example.py,exclude_agentic,pe_claw_gui.agentic,,Path belongs to the excluded AI/agentic/skills scope.
docs/archive/tests/historical_phase16_phase17_and_benchmark_tests/test_agentic_boost_benchmark.py,exclude_agentic,,,Path belongs to the excluded AI/agentic/skills scope.
docs/archive/tests/historical_phase16_phase17_and_benchmark_tests/test_agentic_boost_magnetic_execution_standalone_example.py,exclude_agentic,,,Path belongs to the excluded AI/agentic/skills scope.
docs/archive/tests/historical_phase16_phase17_and_benchmark_tests/test_agentic_llc_transformer_backend_benchmark.py,exclude_agentic,,,Path belongs to the excluded AI/agentic/skills scope.
docs/archive/tests/historical_phase16_phase17_and_benchmark_tests/test_agentic_sync_buck_backend_e2e_example.py,exclude_agentic,pe_claw_gui.agentic,,Path belongs to the excluded AI/agentic/skills scope.
docs/archive/tests/historical_phase16_phase17_and_benchmark_tests/test_agentic_sync_buck_benchmark.py,exclude_agentic,,,Path belongs to the excluded AI/agentic/skills scope.
docs/archive/tests/historical_phase16_phase17_and_benchmark_tests/test_peclawbench_foundation.py,exclude_agentic,,,Path belongs to the excluded AI/agentic/skills scope.
docs/archive/tests/historical_phase16_phase17_and_benchmark_tests/test_peclawbench_operator_summary.py,exclude_agentic,,,Path belongs to the excluded AI/agentic/skills scope.
docs/archive/tests/historical_phase16_phase17_and_benchmark_tests/test_phase16_mvp_acceptance.py,exclude_agentic,,,Path belongs to the excluded AI/agentic/skills scope.
docs/archive/tests/historical_phase16_phase17_and_benchmark_tests/test_phase16_mvp_handoff.py,exclude_agentic,,,Path belongs to the excluded AI/agentic/skills scope.
docs/archive/tests/historical_phase16_phase17_and_benchmark_tests/test_phase17_research_diagrams.py,exclude_agentic,,,Path belongs to the excluded AI/agentic/skills scope.
docs/archive/tests/historical_phase16_phase17_and_benchmark_tests/test_phase17_research_kickoff.py,exclude_agentic,,,Path belongs to the excluded AI/agentic/skills scope.
docs/archive/tests/historical_pilot_skill_tests/test_agentic_boost_magnetic_execution_dry_run.py,exclude_agentic,pe_claw_gui.agentic,,Path belongs to the excluded AI/agentic/skills scope.
docs/archive/tests/historical_pilot_skill_tests/test_agentic_boost_pilot_design.py,exclude_agentic,pe_claw_gui.agentic,,Path belongs to the excluded AI/agentic/skills scope.
docs/archive/tests/historical_pilot_skill_tests/test_agentic_boost_readiness.py,exclude_agentic,pe_claw_gui.agentic,,Path belongs to the excluded AI/agentic/skills scope.
docs/archive/tests/historical_pilot_skill_tests/test_agentic_sync_buck_pilot.py,exclude_agentic,pe_claw_gui.agentic,,Path belongs to the excluded AI/agentic/skills scope.
docs/archive/tests/historical_pilot_skill_tests/test_agentic_sync_buck_pilot_design.py,exclude_agentic,pe_claw_gui.agentic,,Path belongs to the excluded AI/agentic/skills scope.
docs/examples/design_request_blocked_psfb_excessive_leakage.md,exclude_agentic,,,Path belongs to the excluded AI/agentic/skills scope.
docs/examples/design_request_boost_2kw.md,exclude_agentic,,,Path belongs to the excluded AI/agentic/skills scope.
docs/examples/design_request_single_phase_diode_bridge_rectifier_1kw.md,exclude_agentic,,,Path belongs to the excluded AI/agentic/skills scope.
docs/examples/design_request_sync_buck_5kw.md,exclude_agentic,,,Path belongs to the excluded AI/agentic/skills scope.
docs/examples/design_request_three_phase_two_level_vsi_20kw.md,exclude_agentic,,,Path belongs to the excluded AI/agentic/skills scope.
docs/examples/design_request_unsupported_three_phase_inverter_20kw.md,exclude_agentic,,,Path belongs to the excluded AI/agentic/skills scope.
docs/pe_claw_design_intake_plugin_boundary.md,exclude_agentic,,,Path belongs to the excluded AI/agentic/skills scope.
docs/pe_claw_design_intake_plugin_resources.md,exclude_agentic,,,Path belongs to the excluded AI/agentic/skills scope.
docs/pe_claw_design_intake_plugin_runner_handoff.md,exclude_agentic,pe_claw_gui.agentic;design_request_runner,,Path belongs to the excluded AI/agentic/skills scope.
docs/pe_claw_design_intake_plugin_scaffold.md,exclude_agentic,,,Path belongs to the excluded AI/agentic/skills scope.
docs/pe_claw_design_intake_plugin_skill.md,exclude_agentic,design_request_runner,,Path belongs to the excluded AI/agentic/skills scope.
docs/pe_claw_design_intake_plugin_validation.md,exclude_agentic,,,Path belongs to the excluded AI/agentic/skills scope.
docs/pe_claw_design_intake_plugin_visibility.md,exclude_agentic,,,Path belongs to the excluded AI/agentic/skills scope.
docs/pe_claw_design_intake_plugin_writer.md,exclude_agentic,,,Path belongs to the excluded AI/agentic/skills scope.
docs/phase17_research_architecture_and_workflow.md,exclude_agentic,,,Path belongs to the excluded AI/agentic/skills scope.
docs/research/phase17/README.md,exclude_agentic,,,Path belongs to the excluded AI/agentic/skills scope.
docs/research/phase17/artifact_reproducibility_map.md,exclude_agentic,design_request_import;design_request_parser_bridge,,Path belongs to the excluded AI/agentic/skills scope.
docs/research/phase17/baseline_evidence_tables.md,exclude_agentic,,,Path belongs to the excluded AI/agentic/skills scope.
docs/research/phase17/claims_and_limitations.md,exclude_agentic,,,Path belongs to the excluded AI/agentic/skills scope.
docs/research/phase17/execution_case_studies.md,exclude_agentic,design_request_runner;skill_loader;session_output,,Path belongs to the excluded AI/agentic/skills scope.
docs/research/phase17/research_package.md,exclude_agentic,,,Path belongs to the excluded AI/agentic/skills scope.
docs/templates/design_request_template.md,exclude_agentic,,,Path belongs to the excluded AI/agentic/skills scope.
reports/evidence/agentic/phase17/README.md,exclude_agentic,,,Path belongs to the excluded AI/agentic/skills scope.
reports/evidence/agentic/phase17/audits/artifact_reproducibility.json,exclude_agentic,,,Path belongs to the excluded AI/agentic/skills scope.
reports/evidence/agentic/phase17/audits/baseline_tables.json,exclude_agentic,,,Path belongs to the excluded AI/agentic/skills scope.
reports/evidence/agentic/phase17/audits/claims_registry.json,exclude_agentic,,,Path belongs to the excluded AI/agentic/skills scope.
reports/evidence/agentic/phase17/audits/execution_traces.json,exclude_agentic,,,Path belongs to the excluded AI/agentic/skills scope.
reports/evidence/agentic/phase17/audits/source_inventory.json,exclude_agentic,,,Path belongs to the excluded AI/agentic/skills scope.
reports/evidence/agentic/phase17/authority/phase17_final_authority.json,exclude_agentic,,,Path belongs to the excluded AI/agentic/skills scope.
reports/evidence/agentic/phase17/runs/auto_topology/auto_topology_recommendation.json,exclude_agentic,,,Path belongs to the excluded AI/agentic/skills scope.
reports/evidence/agentic/phase17/runs/auto_topology/auto_topology_recommendation.md,exclude_agentic,,,Path belongs to the excluded AI/agentic/skills scope.
reports/evidence/agentic/phase17/runs/deterministic_run_a/package_snapshot.json,exclude_agentic,,,Path belongs to the excluded AI/agentic/skills scope.
reports/evidence/agentic/phase17/runs/deterministic_run_b/package_snapshot.json,exclude_agentic,,,Path belongs to the excluded AI/agentic/skills scope.
reports/evidence/agentic/phase17/runs/registered_19/registered_topology_run.json,exclude_agentic,,,Path belongs to the excluded AI/agentic/skills scope.
reports/evidence/agentic/phase17/runs/registered_19/registered_topology_run.md,exclude_agentic,,,Path belongs to the excluded AI/agentic/skills scope.
reports/report_agentic_transformation.md,exclude_agentic,pe_claw_gui.agentic;ai_design;design_request_import;design_request_runner;design_request_parser_bridge;skill_loader;session_output,,Path belongs to the excluded AI/agentic/skills scope.
scripts/build_phase17_artifact_reproducibility.py,exclude_agentic,design_request_import;design_request_runner;design_request_parser_bridge;session_output,,Path belongs to the excluded AI/agentic/skills scope.
scripts/build_phase17_baseline_tables.py,exclude_agentic,,,Path belongs to the excluded AI/agentic/skills scope.
scripts/build_phase17_claims_registry.py,exclude_agentic,,,Path belongs to the excluded AI/agentic/skills scope.
scripts/build_phase17_execution_case_studies.py,exclude_agentic,design_request_runner;skill_loader;session_output,,Path belongs to the excluded AI/agentic/skills scope.
scripts/build_phase17_research_evidence.py,exclude_agentic,,,Path belongs to the excluded AI/agentic/skills scope.
scripts/verify_phase17_research_package.py,exclude_agentic,,,Path belongs to the excluded AI/agentic/skills scope.
skills/SKILL_TEMPLATE.md,exclude_agentic,,,Path belongs to the excluded AI/agentic/skills scope.
skills/ac-dc-backend-design/SKILL.md,exclude_agentic,pe_claw_gui.agentic,,Path belongs to the excluded AI/agentic/skills scope.
skills/capacitor-bank-design/SKILL.md,exclude_agentic,pe_claw_gui.agentic,,Path belongs to the excluded AI/agentic/skills scope.
skills/dc-ac-backend-design/SKILL.md,exclude_agentic,pe_claw_gui.agentic,,Path belongs to the excluded AI/agentic/skills scope.
skills/dc-dc-backend-design/SKILL.md,exclude_agentic,pe_claw_gui.agentic,,Path belongs to the excluded AI/agentic/skills scope.
skills/efficiency-sweep/SKILL.md,exclude_agentic,pe_claw_gui.agentic,,Path belongs to the excluded AI/agentic/skills scope.
skills/electrical-design/SKILL.md,exclude_agentic,pe_claw_gui.agentic,,Path belongs to the excluded AI/agentic/skills scope.
skills/geometry-visualization/SKILL.md,exclude_agentic,pe_claw_gui.agentic,,Path belongs to the excluded AI/agentic/skills scope.
skills/loss-estimation/SKILL.md,exclude_agentic,pe_claw_gui.agentic,,Path belongs to the excluded AI/agentic/skills scope.
skills/magnetic-design/SKILL.md,exclude_agentic,pe_claw_gui.agentic,,Path belongs to the excluded AI/agentic/skills scope.
skills/pe-claw-design-intake/SKILL.md,exclude_agentic,,,Path belongs to the excluded AI/agentic/skills scope.
skills/report-artifact-writer/SKILL.md,exclude_agentic,pe_claw_gui.agentic,,Path belongs to the excluded AI/agentic/skills scope.
skills/report-generation/SKILL.md,exclude_agentic,pe_claw_gui.agentic,,Path belongs to the excluded AI/agentic/skills scope.
skills/semiconductor-selection/SKILL.md,exclude_agentic,pe_claw_gui.agentic,,Path belongs to the excluded AI/agentic/skills scope.
skills/thermal-estimation/SKILL.md,exclude_agentic,pe_claw_gui.agentic,,Path belongs to the excluded AI/agentic/skills scope.
skills/topology-selection/SKILL.md,exclude_agentic,pe_claw_gui.agentic,,Path belongs to the excluded AI/agentic/skills scope.
skills/transformer-magnetics-design/SKILL.md,exclude_agentic,pe_claw_gui.agentic,,Path belongs to the excluded AI/agentic/skills scope.
skills/validation-audit/SKILL.md,exclude_agentic,pe_claw_gui.agentic,,Path belongs to the excluded AI/agentic/skills scope.
src/pe_claw_gui/agentic/__init__.py,exclude_agentic,design_request_import;design_request_runner;design_request_parser_bridge;skill_loader;session_output,,Path belongs to the excluded AI/agentic/skills scope.
src/pe_claw_gui/agentic/ac_dc_backend_design.py,exclude_agentic,run_design_assessment_pipeline,,Path belongs to the excluded AI/agentic/skills scope.
src/pe_claw_gui/agentic/ac_dc_backend_session.py,exclude_agentic,,,Path belongs to the excluded AI/agentic/skills scope.
src/pe_claw_gui/agentic/agent_runner.py,exclude_agentic,,,Path belongs to the excluded AI/agentic/skills scope.
src/pe_claw_gui/agentic/audit_log.py,exclude_agentic,,,Path belongs to the excluded AI/agentic/skills scope.
src/pe_claw_gui/agentic/autonomous_candidate_assessment.py,exclude_agentic,run_design_assessment_pipeline,,Path belongs to the excluded AI/agentic/skills scope.
src/pe_claw_gui/agentic/autonomous_candidate_evaluation.py,exclude_agentic,,,Path belongs to the excluded AI/agentic/skills scope.
src/pe_claw_gui/agentic/autonomous_design_session.py,exclude_agentic,,,Path belongs to the excluded AI/agentic/skills scope.
src/pe_claw_gui/agentic/backend_session_contract.py,exclude_agentic,,,Path belongs to the excluded AI/agentic/skills scope.
src/pe_claw_gui/agentic/backend_session_runtime.py,exclude_agentic,,,Path belongs to the excluded AI/agentic/skills scope.
src/pe_claw_gui/agentic/boost_backend_session.py,exclude_agentic,pe_claw_gui.agentic,,Path belongs to the excluded AI/agentic/skills scope.
src/pe_claw_gui/agentic/boost_capacitor_execution.py,exclude_agentic,,,Path belongs to the excluded AI/agentic/skills scope.
src/pe_claw_gui/agentic/boost_readiness.py,exclude_agentic,,,Path belongs to the excluded AI/agentic/skills scope.
src/pe_claw_gui/agentic/capabilities/__init__.py,exclude_agentic,,,Path belongs to the excluded AI/agentic/skills scope.
src/pe_claw_gui/agentic/capabilities/ac_dc.py,exclude_agentic,,,Path belongs to the excluded AI/agentic/skills scope.
src/pe_claw_gui/agentic/capabilities/boost.py,exclude_agentic,,,Path belongs to the excluded AI/agentic/skills scope.
src/pe_claw_gui/agentic/capabilities/dc_ac.py,exclude_agentic,,,Path belongs to the excluded AI/agentic/skills scope.
src/pe_claw_gui/agentic/capabilities/generic_dc_dc.py,exclude_agentic,,,Path belongs to the excluded AI/agentic/skills scope.
src/pe_claw_gui/agentic/capabilities/sync_buck.py,exclude_agentic,,,Path belongs to the excluded AI/agentic/skills scope.
src/pe_claw_gui/agentic/capacitor_bank_design.py,exclude_agentic,,,Path belongs to the excluded AI/agentic/skills scope.
src/pe_claw_gui/agentic/chat_session.py,exclude_agentic,,,Path belongs to the excluded AI/agentic/skills scope.
src/pe_claw_gui/agentic/dc_ac_backend_design.py,exclude_agentic,run_design_assessment_pipeline,,Path belongs to the excluded AI/agentic/skills scope.
src/pe_claw_gui/agentic/dc_ac_backend_session.py,exclude_agentic,,,Path belongs to the excluded AI/agentic/skills scope.
src/pe_claw_gui/agentic/dc_dc_backend_design.py,exclude_agentic,run_design_assessment_pipeline,,Path belongs to the excluded AI/agentic/skills scope.
src/pe_claw_gui/agentic/dc_dc_backend_session.py,exclude_agentic,,,Path belongs to the excluded AI/agentic/skills scope.
src/pe_claw_gui/agentic/design_intent.py,exclude_agentic,,,Path belongs to the excluded AI/agentic/skills scope.
src/pe_claw_gui/agentic/design_report_summary.py,exclude_agentic,,,Path belongs to the excluded AI/agentic/skills scope.
src/pe_claw_gui/agentic/design_request_import.py,exclude_agentic,design_request_import,,Path belongs to the excluded AI/agentic/skills scope.
src/pe_claw_gui/agentic/design_request_parser_bridge.py,exclude_agentic,design_request_import;design_request_parser_bridge,,Path belongs to the excluded AI/agentic/skills scope.
src/pe_claw_gui/agentic/design_request_runner.py,exclude_agentic,design_request_import;design_request_runner;design_request_parser_bridge;session_output,,Path belongs to the excluded AI/agentic/skills scope.
src/pe_claw_gui/agentic/dry_run_preview.py,exclude_agentic,,,Path belongs to the excluded AI/agentic/skills scope.
src/pe_claw_gui/agentic/dry_run_preview_cli.py,exclude_agentic,,,Path belongs to the excluded AI/agentic/skills scope.
src/pe_claw_gui/agentic/efficiency_sweep.py,exclude_agentic,,,Path belongs to the excluded AI/agentic/skills scope.
src/pe_claw_gui/agentic/electrical_design.py,exclude_agentic,,,Path belongs to the excluded AI/agentic/skills scope.
src/pe_claw_gui/agentic/execution_contract.py,exclude_agentic,,,Path belongs to the excluded AI/agentic/skills scope.
src/pe_claw_gui/agentic/geometry_visualization.py,exclude_agentic,,,Path belongs to the excluded AI/agentic/skills scope.
src/pe_claw_gui/agentic/loss_estimation.py,exclude_agentic,,,Path belongs to the excluded AI/agentic/skills scope.
src/pe_claw_gui/agentic/magnetic_design.py,exclude_agentic,,,Path belongs to the excluded AI/agentic/skills scope.
src/pe_claw_gui/agentic/report_artifact_writer.py,exclude_agentic,,,Path belongs to the excluded AI/agentic/skills scope.
src/pe_claw_gui/agentic/report_generation.py,exclude_agentic,,,Path belongs to the excluded AI/agentic/skills scope.
src/pe_claw_gui/agentic/requirement_parser.py,exclude_agentic,,,Path belongs to the excluded AI/agentic/skills scope.
src/pe_claw_gui/agentic/requirement_topology_router.py,exclude_agentic,,,Path belongs to the excluded AI/agentic/skills scope.
src/pe_claw_gui/agentic/semiconductor_selection.py,exclude_agentic,,,Path belongs to the excluded AI/agentic/skills scope.
src/pe_claw_gui/agentic/session_bundle.py,exclude_agentic,session_output,,Path belongs to the excluded AI/agentic/skills scope.
src/pe_claw_gui/agentic/session_follow_up.py,exclude_agentic,,,Path belongs to the excluded AI/agentic/skills scope.
src/pe_claw_gui/agentic/session_manifest.py,exclude_agentic,,,Path belongs to the excluded AI/agentic/skills scope.
src/pe_claw_gui/agentic/session_output.py,exclude_agentic,session_output,,Path belongs to the excluded AI/agentic/skills scope.
src/pe_claw_gui/agentic/session_output_layout.py,exclude_agentic,skill_loader;session_output,,Path belongs to the excluded AI/agentic/skills scope.
src/pe_claw_gui/agentic/session_resume.py,exclude_agentic,,,Path belongs to the excluded AI/agentic/skills scope.
src/pe_claw_gui/agentic/session_resume_cli.py,exclude_agentic,pe_claw_gui.agentic,,Path belongs to the excluded AI/agentic/skills scope.
src/pe_claw_gui/agentic/skill_handler_adapter.py,exclude_agentic,skill_loader,,Path belongs to the excluded AI/agentic/skills scope.
src/pe_claw_gui/agentic/skill_loader.py,exclude_agentic,,,Path belongs to the excluded AI/agentic/skills scope.
src/pe_claw_gui/agentic/sync_buck_backend_session.py,exclude_agentic,,,Path belongs to the excluded AI/agentic/skills scope.
src/pe_claw_gui/agentic/task_checkpoint.py,exclude_agentic,,,Path belongs to the excluded AI/agentic/skills scope.
src/pe_claw_gui/agentic/task_executor.py,exclude_agentic,,,Path belongs to the excluded AI/agentic/skills scope.
src/pe_claw_gui/agentic/task_executor_persistence.py,exclude_agentic,session_output,,Path belongs to the excluded AI/agentic/skills scope.
src/pe_claw_gui/agentic/task_executor_persistence_cli.py,exclude_agentic,,,Path belongs to the excluded AI/agentic/skills scope.
src/pe_claw_gui/agentic/task_executor_session.py,exclude_agentic,,,Path belongs to the excluded AI/agentic/skills scope.
src/pe_claw_gui/agentic/task_graph.py,exclude_agentic,,,Path belongs to the excluded AI/agentic/skills scope.
src/pe_claw_gui/agentic/task_handoff.py,exclude_agentic,,,Path belongs to the excluded AI/agentic/skills scope.
src/pe_claw_gui/agentic/task_planner.py,exclude_agentic,skill_loader,,Path belongs to the excluded AI/agentic/skills scope.
src/pe_claw_gui/agentic/thermal_estimation.py,exclude_agentic,,,Path belongs to the excluded AI/agentic/skills scope.
src/pe_claw_gui/agentic/tool_runtime.py,exclude_agentic,pe_claw_gui.agentic;skill_loader,,Path belongs to the excluded AI/agentic/skills scope.
src/pe_claw_gui/agentic/topology_router.py,exclude_agentic,,,Path belongs to the excluded AI/agentic/skills scope.
src/pe_claw_gui/agentic/topology_selection.py,exclude_agentic,,,Path belongs to the excluded AI/agentic/skills scope.
src/pe_claw_gui/agentic/transformer_backend_session.py,exclude_agentic,,,Path belongs to the excluded AI/agentic/skills scope.
src/pe_claw_gui/agentic/transformer_design_session.py,exclude_agentic,,,Path belongs to the excluded AI/agentic/skills scope.
src/pe_claw_gui/agentic/transformer_magnetics_design.py,exclude_agentic,,,Path belongs to the excluded AI/agentic/skills scope.
src/pe_claw_gui/agentic/validation_audit.py,exclude_agentic,,,Path belongs to the excluded AI/agentic/skills scope.
src/pe_claw_gui/agentic/validation_critic.py,exclude_agentic,,,Path belongs to the excluded AI/agentic/skills scope.
src/pe_claw_gui/agentic/validation_critic_policy.py,exclude_agentic,,,Path belongs to the excluded AI/agentic/skills scope.
src/pe_claw_gui/agents/__init__.py,exclude_agentic,,,Path belongs to the excluded AI/agentic/skills scope.
src/pe_claw_gui/agents/report_agent.py,exclude_agentic,,ai_design,Path belongs to the excluded AI/agentic/skills scope.
src/pe_claw_gui/app/ai_design_page.py,remove_legacy_ai,,ai_design,Legacy 1.0 AI Design runtime file is excluded.
src/pe_claw_gui/app/controllers/ai_design_controller.py,remove_legacy_ai,,ai_design,Legacy 1.0 AI Design runtime file is excluded.
src/pe_claw_gui/app/controllers/efficiency_sweep_controller.py,adapt_in_target,run_design_assessment_pipeline,,Selected source file references excluded functionality.
src/pe_claw_gui/app/controllers/run_design_controller.py,adapt_in_target,run_design_assessment_pipeline,,Selected source file references excluded functionality.
src/pe_claw_gui/app/controllers/waveform_controller.py,adapt_in_target,run_design_assessment_pipeline,,Selected source file references excluded functionality.
src/pe_claw_gui/app/result_views/ai_design_view.py,remove_legacy_ai,,ai_design,Legacy 1.0 AI Design runtime file is excluded.
src/pe_claw_gui/models/ai_design_report.py,remove_legacy_ai,,,Legacy 1.0 AI Design runtime file is excluded.
src/pe_claw_gui/pipeline/__init__.py,adapt_in_target,run_design_assessment_pipeline,ai_design,Selected source file references excluded functionality.
src/pe_claw_gui/pipeline/run_ai_design_pipeline.py,remove_legacy_ai,,ai_design,Legacy 1.0 AI Design runtime file is excluded.
tests/test_agentic_ac_dc_backend_session.py,exclude_agentic,pe_claw_gui.agentic,,Path belongs to the excluded AI/agentic/skills scope.
tests/test_agentic_agent_runner.py,exclude_agentic,,,Path belongs to the excluded AI/agentic/skills scope.
tests/test_agentic_audit_log.py,exclude_agentic,pe_claw_gui.agentic,,Path belongs to the excluded AI/agentic/skills scope.
tests/test_agentic_autonomous_candidate_dry_run_evidence_comparison.py,exclude_agentic,pe_claw_gui.agentic,,Path belongs to the excluded AI/agentic/skills scope.
tests/test_agentic_autonomous_candidate_dry_run_execution.py,exclude_agentic,pe_claw_gui.agentic,,Path belongs to the excluded AI/agentic/skills scope.
tests/test_agentic_autonomous_candidate_dry_run_preview.py,exclude_agentic,pe_claw_gui.agentic,,Path belongs to the excluded AI/agentic/skills scope.
tests/test_agentic_autonomous_candidate_evaluation.py,exclude_agentic,pe_claw_gui.agentic,,Path belongs to the excluded AI/agentic/skills scope.
tests/test_agentic_autonomous_candidate_recommendation_acceptance.py,exclude_agentic,pe_claw_gui.agentic,,Path belongs to the excluded AI/agentic/skills scope.
tests/test_agentic_autonomous_candidate_recommendation_critic.py,exclude_agentic,pe_claw_gui.agentic,,Path belongs to the excluded AI/agentic/skills scope.
tests/test_agentic_autonomous_design_session_execution_gate.py,exclude_agentic,pe_claw_gui.agentic,,Path belongs to the excluded AI/agentic/skills scope.
tests/test_agentic_autonomous_design_session_plan.py,exclude_agentic,pe_claw_gui.agentic,,Path belongs to the excluded AI/agentic/skills scope.
tests/test_agentic_backend_session_contract.py,exclude_agentic,pe_claw_gui.agentic,,Path belongs to the excluded AI/agentic/skills scope.
tests/test_agentic_boost_backend_session.py,exclude_agentic,pe_claw_gui.agentic,,Path belongs to the excluded AI/agentic/skills scope.
tests/test_agentic_boost_capacitor_execution.py,exclude_agentic,pe_claw_gui.agentic,,Path belongs to the excluded AI/agentic/skills scope.
tests/test_agentic_boost_preview.py,exclude_agentic,pe_claw_gui.agentic,,Path belongs to the excluded AI/agentic/skills scope.
tests/test_agentic_capacitor_bank_design.py,exclude_agentic,pe_claw_gui.agentic,,Path belongs to the excluded AI/agentic/skills scope.
tests/test_agentic_chat_session.py,exclude_agentic,pe_claw_gui.agentic,,Path belongs to the excluded AI/agentic/skills scope.
tests/test_agentic_dc_ac_backend_session.py,exclude_agentic,pe_claw_gui.agentic,,Path belongs to the excluded AI/agentic/skills scope.
tests/test_agentic_dc_ac_md_first_regression.py,exclude_agentic,pe_claw_gui.agentic,,Path belongs to the excluded AI/agentic/skills scope.
tests/test_agentic_dc_dc_backend_session.py,exclude_agentic,pe_claw_gui.agentic,,Path belongs to the excluded AI/agentic/skills scope.
tests/test_agentic_design_intent.py,exclude_agentic,pe_claw_gui.agentic,,Path belongs to the excluded AI/agentic/skills scope.
tests/test_agentic_design_request_import.py,exclude_agentic,pe_claw_gui.agentic;design_request_import,,Path belongs to the excluded AI/agentic/skills scope.
tests/test_agentic_design_request_parser_bridge.py,exclude_agentic,pe_claw_gui.agentic;design_request_import;design_request_parser_bridge,,Path belongs to the excluded AI/agentic/skills scope.
tests/test_agentic_design_request_runner.py,exclude_agentic,pe_claw_gui.agentic;design_request_runner,,Path belongs to the excluded AI/agentic/skills scope.
tests/test_agentic_docs_current_entrypoint.py,exclude_agentic,,,Path belongs to the excluded AI/agentic/skills scope.
tests/test_agentic_dry_run_preview.py,exclude_agentic,pe_claw_gui.agentic;session_output,,Path belongs to the excluded AI/agentic/skills scope.
tests/test_agentic_efficiency_sweep.py,exclude_agentic,pe_claw_gui.agentic,,Path belongs to the excluded AI/agentic/skills scope.
tests/test_agentic_electrical_design.py,exclude_agentic,pe_claw_gui.agentic,,Path belongs to the excluded AI/agentic/skills scope.
tests/test_agentic_execution_contract.py,exclude_agentic,pe_claw_gui.agentic,,Path belongs to the excluded AI/agentic/skills scope.
tests/test_agentic_geometry_visualization.py,exclude_agentic,pe_claw_gui.agentic,,Path belongs to the excluded AI/agentic/skills scope.
tests/test_agentic_loss_estimation.py,exclude_agentic,pe_claw_gui.agentic,,Path belongs to the excluded AI/agentic/skills scope.
tests/test_agentic_magnetic_design.py,exclude_agentic,pe_claw_gui.agentic,,Path belongs to the excluded AI/agentic/skills scope.
tests/test_agentic_public_api_cleanup.py,exclude_agentic,pe_claw_gui.agentic,,Path belongs to the excluded AI/agentic/skills scope.
tests/test_agentic_report_artifact_writer.py,exclude_agentic,,,Path belongs to the excluded AI/agentic/skills scope.
tests/test_agentic_report_generation.py,exclude_agentic,pe_claw_gui.agentic;session_output,,Path belongs to the excluded AI/agentic/skills scope.
tests/test_agentic_requirement_parser.py,exclude_agentic,pe_claw_gui.agentic,,Path belongs to the excluded AI/agentic/skills scope.
tests/test_agentic_requirement_parser_acceptance.py,exclude_agentic,pe_claw_gui.agentic,,Path belongs to the excluded AI/agentic/skills scope.
tests/test_agentic_requirement_topology_acceptance.py,exclude_agentic,pe_claw_gui.agentic,,Path belongs to the excluded AI/agentic/skills scope.
tests/test_agentic_requirement_topology_router.py,exclude_agentic,pe_claw_gui.agentic,,Path belongs to the excluded AI/agentic/skills scope.
tests/test_agentic_semiconductor_selection.py,exclude_agentic,pe_claw_gui.agentic,,Path belongs to the excluded AI/agentic/skills scope.
tests/test_agentic_session_bundle.py,exclude_agentic,pe_claw_gui.agentic,,Path belongs to the excluded AI/agentic/skills scope.
tests/test_agentic_session_follow_up.py,exclude_agentic,pe_claw_gui.agentic,,Path belongs to the excluded AI/agentic/skills scope.
tests/test_agentic_session_manifest.py,exclude_agentic,pe_claw_gui.agentic,,Path belongs to the excluded AI/agentic/skills scope.
tests/test_agentic_session_output.py,exclude_agentic,pe_claw_gui.agentic;session_output,,Path belongs to the excluded AI/agentic/skills scope.
tests/test_agentic_session_output_integration.py,exclude_agentic,session_output,,Path belongs to the excluded AI/agentic/skills scope.
tests/test_agentic_session_output_layout.py,exclude_agentic,pe_claw_gui.agentic;session_output,,Path belongs to the excluded AI/agentic/skills scope.
tests/test_agentic_session_resume.py,exclude_agentic,pe_claw_gui.agentic,,Path belongs to the excluded AI/agentic/skills scope.
tests/test_agentic_session_resume_cli.py,exclude_agentic,pe_claw_gui.agentic,,Path belongs to the excluded AI/agentic/skills scope.
tests/test_agentic_skill_handler_adapter.py,exclude_agentic,pe_claw_gui.agentic,,Path belongs to the excluded AI/agentic/skills scope.
tests/test_agentic_skill_loader.py,exclude_agentic,pe_claw_gui.agentic;skill_loader,,Path belongs to the excluded AI/agentic/skills scope.
tests/test_agentic_sync_buck_backend_session.py,exclude_agentic,pe_claw_gui.agentic,,Path belongs to the excluded AI/agentic/skills scope.
tests/test_agentic_sync_buck_capability.py,exclude_agentic,pe_claw_gui.agentic,,Path belongs to the excluded AI/agentic/skills scope.
tests/test_agentic_task_checkpoint.py,exclude_agentic,pe_claw_gui.agentic,,Path belongs to the excluded AI/agentic/skills scope.
tests/test_agentic_task_executor.py,exclude_agentic,pe_claw_gui.agentic,,Path belongs to the excluded AI/agentic/skills scope.
tests/test_agentic_task_executor_persistence.py,exclude_agentic,pe_claw_gui.agentic,,Path belongs to the excluded AI/agentic/skills scope.
tests/test_agentic_task_executor_persistence_cli.py,exclude_agentic,pe_claw_gui.agentic,,Path belongs to the excluded AI/agentic/skills scope.
tests/test_agentic_task_executor_session.py,exclude_agentic,pe_claw_gui.agentic,,Path belongs to the excluded AI/agentic/skills scope.
tests/test_agentic_task_executor_session_integration.py,exclude_agentic,session_output,,Path belongs to the excluded AI/agentic/skills scope.
tests/test_agentic_task_graph.py,exclude_agentic,pe_claw_gui.agentic,,Path belongs to the excluded AI/agentic/skills scope.
tests/test_agentic_task_handoff.py,exclude_agentic,pe_claw_gui.agentic,,Path belongs to the excluded AI/agentic/skills scope.
tests/test_agentic_task_planner.py,exclude_agentic,,,Path belongs to the excluded AI/agentic/skills scope.
tests/test_agentic_thermal_estimation.py,exclude_agentic,pe_claw_gui.agentic,,Path belongs to the excluded AI/agentic/skills scope.
tests/test_agentic_tool_runtime.py,exclude_agentic,pe_claw_gui.agentic,,Path belongs to the excluded AI/agentic/skills scope.
tests/test_agentic_topology_router.py,exclude_agentic,pe_claw_gui.agentic,,Path belongs to the excluded AI/agentic/skills scope.
tests/test_agentic_topology_selection.py,exclude_agentic,pe_claw_gui.agentic,,Path belongs to the excluded AI/agentic/skills scope.
tests/test_agentic_transformer_backend_session.py,exclude_agentic,pe_claw_gui.agentic,,Path belongs to the excluded AI/agentic/skills scope.
tests/test_agentic_transformer_design_session.py,exclude_agentic,pe_claw_gui.agentic,,Path belongs to the excluded AI/agentic/skills scope.
tests/test_agentic_transformer_magnetics_design.py,exclude_agentic,pe_claw_gui.agentic,,Path belongs to the excluded AI/agentic/skills scope.
tests/test_agentic_validation_audit.py,exclude_agentic,pe_claw_gui.agentic,,Path belongs to the excluded AI/agentic/skills scope.
tests/test_agentic_validation_critic_policy.py,exclude_agentic,,,Path belongs to the excluded AI/agentic/skills scope.
tests/test_autonomous_candidate_lightweight_assessment.py,adapt_in_target,pe_claw_gui.agentic,,Selected source file references excluded functionality.
tests/test_backend_session_runtime_migration.py,adapt_in_target,pe_claw_gui.agentic,,Selected source file references excluded functionality.
tests/test_core_loss_excitation_integration.py,adapt_in_target,pe_claw_gui.agentic,,Selected source file references excluded functionality.
tests/test_dc_ac_single_phase_full_bridge_inverter.py,adapt_in_target,pe_claw_gui.agentic,,Selected source file references excluded functionality.
tests/test_dc_ac_three_phase_three_level_npc_inverter.py,adapt_in_target,pe_claw_gui.agentic,,Selected source file references excluded functionality.
tests/test_dc_ac_three_phase_two_level_inverter.py,adapt_in_target,pe_claw_gui.agentic,,Selected source file references excluded functionality.
tests/test_design_assessment_pipeline_integration.py,adapt_in_target,pe_claw_gui.agentic;run_design_assessment_pipeline,,Selected source file references excluded functionality.
tests/test_design_assessment_readback.py,adapt_in_target,pe_claw_gui.agentic,,Selected source file references excluded functionality.
tests/test_design_magnetics_button_split.py,adapt_in_target,run_design_assessment_pipeline,,Selected source file references excluded functionality.
tests/test_efficiency_sweep_controller.py,adapt_in_target,run_design_assessment_pipeline,,Selected source file references excluded functionality.
tests/test_gui_agentic_surface_cleanup.py,exclude_agentic,pe_claw_gui.agentic;design_request_runner,,Path belongs to the excluded AI/agentic/skills scope.
tests/test_llc_load_ratio_contract.py,adapt_in_target,pe_claw_gui.agentic,,Selected source file references excluded functionality.
tests/test_pe_claw_design_intake_plugin_runner_acceptance_review.py,exclude_agentic,pe_claw_gui.agentic;design_request_runner;skill_loader;session_output,,Path belongs to the excluded AI/agentic/skills scope.
tests/test_phase17_artifact_reproducibility.py,exclude_agentic,,,Path belongs to the excluded AI/agentic/skills scope.
tests/test_phase17_baseline_tables.py,exclude_agentic,,,Path belongs to the excluded AI/agentic/skills scope.
tests/test_phase17_claims_registry.py,exclude_agentic,,,Path belongs to the excluded AI/agentic/skills scope.
tests/test_phase17_execution_case_studies.py,exclude_agentic,,,Path belongs to the excluded AI/agentic/skills scope.
tests/test_phase17_research_evidence_inventory.py,exclude_agentic,,,Path belongs to the excluded AI/agentic/skills scope.
tests/test_phase17_research_package.py,exclude_agentic,,,Path belongs to the excluded AI/agentic/skills scope.
tests/test_registered_topology_design_process_map.py,adapt_in_target,design_request_import;design_request_runner;design_request_parser_bridge;session_output,,Selected source file references excluded functionality.
tests/test_registered_topology_final_execution_matrix.py,adapt_in_target,pe_claw_gui.agentic,,Selected source file references excluded functionality.
tests/test_registered_topology_md_first_runner_matrix.py,adapt_in_target,pe_claw_gui.agentic,,Selected source file references excluded functionality.
tests/test_single_phase_boost_pfc_skeleton.py,adapt_in_target,pe_claw_gui.agentic,,Selected source file references excluded functionality.
tests/test_single_phase_capacitor_rectifier_contract.py,adapt_in_target,pe_claw_gui.agentic,,Selected source file references excluded functionality.
tests/test_single_phase_dc_inductor_rectifier_contract.py,adapt_in_target,pe_claw_gui.agentic,,Selected source file references excluded functionality.
tests/test_single_phase_totem_pole_pfc_skeleton.py,adapt_in_target,pe_claw_gui.agentic,,Selected source file references excluded functionality.
tests/test_three_phase_rectifier_contract.py,adapt_in_target,pe_claw_gui.agentic,,Selected source file references excluded functionality.
tests/test_topology_assessment_perturbation_stability_runner.py,adapt_in_target,pe_claw_gui.agentic;design_request_import,,Selected source file references excluded functionality.
tests/test_topology_comparison_readback.py,adapt_in_target,pe_claw_gui.agentic;session_output,,Selected source file references excluded functionality.
topology_design_comparisons/04_diode_bridge_boost_pfc/03_pe_claw_baseline/TIDA-00443/design_request_draft.md,exclude_agentic,,,Path belongs to the excluded AI/agentic/skills scope.
topology_design_comparisons/04_diode_bridge_boost_pfc/05_validation_evidence/TIDA-00443/frozen_design_20260819/design_request.md,exclude_agentic,,,Path belongs to the excluded AI/agentic/skills scope.
topology_design_comparisons/05_totem_pole_pfc/03_pe_claw_baseline/TIDM-02008/request/design_request.md,exclude_agentic,,,Path belongs to the excluded AI/agentic/skills scope.
topology_design_comparisons/05_totem_pole_pfc/03_pe_claw_baseline/TIDM-02008_gan_forced/request/design_request.md,exclude_agentic,,,Path belongs to the excluded AI/agentic/skills scope.
topology_design_comparisons/06_single_phase_full_bridge_inverter/03_pe_claw_baseline/CRD-22AD12N/design_request.md,exclude_agentic,,,Path belongs to the excluded AI/agentic/skills scope.
topology_design_comparisons/07_three_phase_two_level_vsi/03_pe_claw_baseline/TIDA-00915/16khz/design_request.md,exclude_agentic,,,Path belongs to the excluded AI/agentic/skills scope.
topology_design_comparisons/07_three_phase_two_level_vsi/03_pe_claw_baseline/TIDA-00915/32khz/design_request.md,exclude_agentic,,,Path belongs to the excluded AI/agentic/skills scope.
topology_design_comparisons/07_three_phase_two_level_vsi/03_pe_claw_baseline/TIDM-02014/10khz/design_request.md,exclude_agentic,,,Path belongs to the excluded AI/agentic/skills scope.
topology_design_comparisons/07_three_phase_two_level_vsi/03_pe_claw_baseline/TIDM-02014/20khz/design_request.md,exclude_agentic,,,Path belongs to the excluded AI/agentic/skills scope.
topology_design_comparisons/07_three_phase_two_level_vsi/03_pe_claw_baseline/design_request.md,exclude_agentic,,,Path belongs to the excluded AI/agentic/skills scope.
topology_design_comparisons/07_three_phase_two_level_vsi/03_pe_claw_baseline/frequency_scan/design_request_32khz.md,exclude_agentic,,,Path belongs to the excluded AI/agentic/skills scope.
topology_design_comparisons/07_three_phase_two_level_vsi/03_pe_claw_baseline/frequency_scan/design_request_48khz.md,exclude_agentic,,,Path belongs to the excluded AI/agentic/skills scope.
topology_design_comparisons/07_three_phase_two_level_vsi/03_pe_claw_baseline/frequency_scan/design_request_64khz.md,exclude_agentic,,,Path belongs to the excluded AI/agentic/skills scope.
topology_design_comparisons/07_three_phase_two_level_vsi/03_pe_claw_baseline/frequency_scan/design_request_80khz.md,exclude_agentic,,,Path belongs to the excluded AI/agentic/skills scope.
topology_design_comparisons/08_three_phase_three_level_npc/03_pe_claw_baseline/design_request.md,exclude_agentic,,,Path belongs to the excluded AI/agentic/skills scope.
topology_design_comparisons/09_buck_diode/03_pe_claw_baseline/PMP30446/design_request_100khz.md,exclude_agentic,,,Path belongs to the excluded AI/agentic/skills scope.
topology_design_comparisons/09_buck_diode/03_pe_claw_baseline/PMP30446/design_request_20khz.md,exclude_agentic,,,Path belongs to the excluded AI/agentic/skills scope.
topology_design_comparisons/09_buck_diode/03_pe_claw_baseline/PMP30446/design_request_40khz.md,exclude_agentic,,,Path belongs to the excluded AI/agentic/skills scope.
topology_design_comparisons/09_buck_diode/03_pe_claw_baseline/PMP30446/design_request_60khz.md,exclude_agentic,,,Path belongs to the excluded AI/agentic/skills scope.
topology_design_comparisons/09_buck_diode/03_pe_claw_baseline/PMP30446/design_request_80khz.md,exclude_agentic,,,Path belongs to the excluded AI/agentic/skills scope.
topology_design_comparisons/09_buck_diode/03_pe_claw_baseline/PMP30446/frozen_results/100khz/design_request.md,exclude_agentic,,,Path belongs to the excluded AI/agentic/skills scope.
topology_design_comparisons/09_buck_diode/03_pe_claw_baseline/PMP30446/frozen_results/20khz/design_request.md,exclude_agentic,,,Path belongs to the excluded AI/agentic/skills scope.
topology_design_comparisons/09_buck_diode/03_pe_claw_baseline/PMP30446/frozen_results/40khz/design_request.md,exclude_agentic,,,Path belongs to the excluded AI/agentic/skills scope.
topology_design_comparisons/09_buck_diode/03_pe_claw_baseline/PMP30446/frozen_results/60khz/design_request.md,exclude_agentic,,,Path belongs to the excluded AI/agentic/skills scope.
topology_design_comparisons/09_buck_diode/03_pe_claw_baseline/PMP30446/frozen_results/80khz/design_request.md,exclude_agentic,,,Path belongs to the excluded AI/agentic/skills scope.
topology_design_comparisons/14_boost_diode/03_pe_claw_baseline/TIDA-010938/design_request.md,exclude_agentic,,,Path belongs to the excluded AI/agentic/skills scope.
topology_design_comparisons/14_boost_diode/03_pe_claw_baseline/TIDA-010938/design_request_v2.md,exclude_agentic,,,Path belongs to the excluded AI/agentic/skills scope.
topology_design_comparisons/14_boost_diode/03_pe_claw_baseline/design_request.md,exclude_agentic,,,Path belongs to the excluded AI/agentic/skills scope.
topology_design_comparisons/17_llc_synchronous_rectifier/03_pe_claw_baseline/design_request.md,exclude_agentic,,,Path belongs to the excluded AI/agentic/skills scope.
topology_design_comparisons/templates/vendor_derived_design_request_standard.md,exclude_agentic,,,Path belongs to the excluded AI/agentic/skills scope.
