importer_path,import_kind,imported_module,resolved_path,status
src/pe_claw_gui/__init__.py,from,pe_claw_gui.app.main,src/pe_claw_gui/app/main.py,included_internal
src/pe_claw_gui/__init__.py,from,pe_claw_gui.app.main,src/pe_claw_gui/app/main.py,included_internal
src/pe_claw_gui/__init__.py,from,pe_claw_gui.app.main,src/pe_claw_gui/app/main.py,included_internal
src/pe_claw_gui/__main__.py,from,pe_claw_gui.main,src/pe_claw_gui/main.py,included_internal
src/pe_claw_gui/app/__init__.py,from,pe_claw_gui.app.main,src/pe_claw_gui/app/main.py,included_internal
src/pe_claw_gui/app/__init__.py,from,pe_claw_gui.app.main,src/pe_claw_gui/app/main.py,included_internal
src/pe_claw_gui/app/category_views/__init__.py,from,pe_claw_gui.app.category_views.ac_ac_page,src/pe_claw_gui/app/category_views/ac_ac_page.py,included_internal
src/pe_claw_gui/app/category_views/__init__.py,from,pe_claw_gui.app.category_views.ac_dc_page,src/pe_claw_gui/app/category_views/ac_dc_page.py,included_internal
src/pe_claw_gui/app/category_views/__init__.py,from,pe_claw_gui.app.category_views.converter_category_page,src/pe_claw_gui/app/category_views/converter_category_page.py,included_internal
src/pe_claw_gui/app/category_views/__init__.py,from,pe_claw_gui.app.category_views.dc_ac_page,src/pe_claw_gui/app/category_views/dc_ac_page.py,included_internal
src/pe_claw_gui/app/category_views/__init__.py,from,pe_claw_gui.app.category_views.dc_dc_page,src/pe_claw_gui/app/category_views/dc_dc_page.py,included_internal
src/pe_claw_gui/app/category_views/ac_ac_page.py,from,__future__,,external_or_stdlib
src/pe_claw_gui/app/category_views/ac_ac_page.py,from,tkinter,,external_or_stdlib
src/pe_claw_gui/app/category_views/ac_dc_page.py,from,__future__,,external_or_stdlib
src/pe_claw_gui/app/category_views/ac_dc_page.py,import,tkinter,,external_or_stdlib
src/pe_claw_gui/app/category_views/ac_dc_page.py,from,tkinter,,external_or_stdlib
src/pe_claw_gui/app/category_views/ac_dc_page.py,from,pe_claw_gui.topologies.base,src/pe_claw_gui/topologies/base/__init__.py,included_internal
src/pe_claw_gui/app/category_views/ac_dc_page.py,from,pe_claw_gui.app.topology_card_assets,src/pe_claw_gui/app/topology_card_assets.py,included_internal
src/pe_claw_gui/app/category_views/ac_dc_page.py,from,pe_claw_gui.app.topology_card_assets,src/pe_claw_gui/app/topology_card_assets.py,included_internal
src/pe_claw_gui/app/category_views/ac_dc_page.py,from,pe_claw_gui.app.topology_card_assets,src/pe_claw_gui/app/topology_card_assets.py,included_internal
src/pe_claw_gui/app/category_views/converter_category_page.py,from,__future__,,external_or_stdlib
src/pe_claw_gui/app/category_views/converter_category_page.py,from,tkinter,,external_or_stdlib
src/pe_claw_gui/app/category_views/converter_category_page.py,from,pe_claw_gui.topologies.base,src/pe_claw_gui/topologies/base/__init__.py,included_internal
src/pe_claw_gui/app/category_views/dc_ac_page.py,from,__future__,,external_or_stdlib
src/pe_claw_gui/app/category_views/dc_ac_page.py,import,tkinter,,external_or_stdlib
src/pe_claw_gui/app/category_views/dc_ac_page.py,from,tkinter,,external_or_stdlib
src/pe_claw_gui/app/category_views/dc_ac_page.py,from,pe_claw_gui.topologies.base,src/pe_claw_gui/topologies/base/__init__.py,included_internal
src/pe_claw_gui/app/category_views/dc_ac_page.py,from,pe_claw_gui.app.topology_card_assets,src/pe_claw_gui/app/topology_card_assets.py,included_internal
src/pe_claw_gui/app/category_views/dc_ac_page.py,from,pe_claw_gui.app.topology_card_assets,src/pe_claw_gui/app/topology_card_assets.py,included_internal
src/pe_claw_gui/app/category_views/dc_ac_page.py,from,pe_claw_gui.app.topology_card_assets,src/pe_claw_gui/app/topology_card_assets.py,included_internal
src/pe_claw_gui/app/category_views/dc_dc_page.py,from,__future__,,external_or_stdlib
src/pe_claw_gui/app/category_views/dc_dc_page.py,import,tkinter,,external_or_stdlib
src/pe_claw_gui/app/category_views/dc_dc_page.py,from,tkinter,,external_or_stdlib
src/pe_claw_gui/app/category_views/dc_dc_page.py,from,pe_claw_gui.topologies.base,src/pe_claw_gui/topologies/base/__init__.py,included_internal
src/pe_claw_gui/app/category_views/dc_dc_page.py,from,pe_claw_gui.app.topology_card_assets,src/pe_claw_gui/app/topology_card_assets.py,included_internal
src/pe_claw_gui/app/category_views/dc_dc_page.py,from,pe_claw_gui.app.topology_card_assets,src/pe_claw_gui/app/topology_card_assets.py,included_internal
src/pe_claw_gui/app/category_views/dc_dc_page.py,from,pe_claw_gui.app.topology_card_assets,src/pe_claw_gui/app/topology_card_assets.py,included_internal
src/pe_claw_gui/app/controllers/__init__.py,from,pe_claw_gui.app.controllers.device_controller,src/pe_claw_gui/app/controllers/device_controller.py,included_internal
src/pe_claw_gui/app/controllers/__init__.py,from,pe_claw_gui.app.controllers.export_controller,src/pe_claw_gui/app/controllers/export_controller.py,included_internal
src/pe_claw_gui/app/controllers/__init__.py,from,pe_claw_gui.app.controllers.efficiency_sweep_controller,src/pe_claw_gui/app/controllers/efficiency_sweep_controller.py,included_internal
src/pe_claw_gui/app/controllers/__init__.py,from,pe_claw_gui.app.controllers.run_design_controller,src/pe_claw_gui/app/controllers/run_design_controller.py,included_internal
src/pe_claw_gui/app/controllers/__init__.py,from,pe_claw_gui.app.controllers.waveform_controller,src/pe_claw_gui/app/controllers/waveform_controller.py,included_internal
src/pe_claw_gui/app/controllers/device_controller.py,from,__future__,,external_or_stdlib
src/pe_claw_gui/app/controllers/device_controller.py,from,pe_claw_gui.app.shell.state_store,src/pe_claw_gui/app/shell/state_store.py,included_internal
src/pe_claw_gui/app/controllers/efficiency_sweep_controller.py,from,__future__,,external_or_stdlib
src/pe_claw_gui/app/controllers/efficiency_sweep_controller.py,from,datetime,,external_or_stdlib
src/pe_claw_gui/app/controllers/efficiency_sweep_controller.py,from,datetime,,external_or_stdlib
src/pe_claw_gui/app/controllers/efficiency_sweep_controller.py,from,dataclasses,,external_or_stdlib
src/pe_claw_gui/app/controllers/efficiency_sweep_controller.py,from,time,,external_or_stdlib
src/pe_claw_gui/app/controllers/efficiency_sweep_controller.py,from,pe_claw_gui.models.operating_point,src/pe_claw_gui/models/operating_point.py,included_internal
src/pe_claw_gui/app/controllers/efficiency_sweep_controller.py,from,pe_claw_gui.pipeline.run_design_assessment_pipeline,src/pe_claw_gui/pipeline/run_design_assessment_pipeline.py,excluded_out_of_scope_dependency
src/pe_claw_gui/app/controllers/efficiency_sweep_controller.py,from,pe_claw_gui.pipeline,src/pe_claw_gui/pipeline/__init__.py,included_internal
src/pe_claw_gui/app/controllers/efficiency_sweep_controller.py,from,pe_claw_gui.app.shell.state_store,src/pe_claw_gui/app/shell/state_store.py,included_internal
src/pe_claw_gui/app/controllers/export_controller.py,from,__future__,,external_or_stdlib
src/pe_claw_gui/app/controllers/export_controller.py,from,pe_claw_gui.app.shell.state_store,src/pe_claw_gui/app/shell/state_store.py,included_internal
src/pe_claw_gui/app/controllers/run_design_controller.py,from,__future__,,external_or_stdlib
src/pe_claw_gui/app/controllers/run_design_controller.py,from,datetime,,external_or_stdlib
src/pe_claw_gui/app/controllers/run_design_controller.py,from,datetime,,external_or_stdlib
src/pe_claw_gui/app/controllers/run_design_controller.py,from,dataclasses,,external_or_stdlib
src/pe_claw_gui/app/controllers/run_design_controller.py,import,time,,external_or_stdlib
src/pe_claw_gui/app/controllers/run_design_controller.py,from,pe_claw_gui.pipeline.run_capacitor_pipeline,src/pe_claw_gui/pipeline/run_capacitor_pipeline.py,included_internal
src/pe_claw_gui/app/controllers/run_design_controller.py,from,pe_claw_gui.pipeline.run_design_assessment_pipeline,src/pe_claw_gui/pipeline/run_design_assessment_pipeline.py,excluded_out_of_scope_dependency
src/pe_claw_gui/app/controllers/run_design_controller.py,from,pe_claw_gui.pipeline.run_full_pipeline,src/pe_claw_gui/pipeline/run_full_pipeline.py,included_internal
src/pe_claw_gui/app/controllers/run_design_controller.py,from,pe_claw_gui.pipeline.run_geometry_pipeline,src/pe_claw_gui/pipeline/run_geometry_pipeline.py,included_internal
src/pe_claw_gui/app/controllers/run_design_controller.py,from,pe_claw_gui.pipeline.run_loss_pipeline,src/pe_claw_gui/pipeline/run_loss_pipeline.py,included_internal
src/pe_claw_gui/app/controllers/run_design_controller.py,from,pe_claw_gui.pipeline.run_magnetic_pipeline,src/pe_claw_gui/pipeline/run_magnetic_pipeline.py,included_internal
src/pe_claw_gui/app/controllers/run_design_controller.py,from,pe_claw_gui.pipeline.run_thermal_pipeline,src/pe_claw_gui/pipeline/run_thermal_pipeline.py,included_internal
src/pe_claw_gui/app/controllers/run_design_controller.py,from,pe_claw_gui.pipeline.options,src/pe_claw_gui/pipeline/options.py,included_internal
src/pe_claw_gui/app/controllers/run_design_controller.py,from,pe_claw_gui.pipeline.options,src/pe_claw_gui/pipeline/options.py,included_internal
src/pe_claw_gui/app/controllers/run_design_controller.py,from,pe_claw_gui.pipeline.options,src/pe_claw_gui/pipeline/options.py,included_internal
src/pe_claw_gui/app/controllers/run_design_controller.py,from,pe_claw_gui.pipeline.options,src/pe_claw_gui/pipeline/options.py,included_internal
src/pe_claw_gui/app/controllers/run_design_controller.py,from,pe_claw_gui.pipeline.options,src/pe_claw_gui/pipeline/options.py,included_internal
src/pe_claw_gui/app/controllers/run_design_controller.py,from,pe_claw_gui.topologies.registered_placeholders,src/pe_claw_gui/topologies/registered_placeholders.py,included_internal
src/pe_claw_gui/app/controllers/run_design_controller.py,from,pe_claw_gui.app.shell.state_store,src/pe_claw_gui/app/shell/state_store.py,included_internal
src/pe_claw_gui/app/controllers/waveform_controller.py,from,__future__,,external_or_stdlib
src/pe_claw_gui/app/controllers/waveform_controller.py,from,dataclasses,,external_or_stdlib
src/pe_claw_gui/app/controllers/waveform_controller.py,from,pe_claw_gui.models.operating_point,src/pe_claw_gui/models/operating_point.py,included_internal
src/pe_claw_gui/app/controllers/waveform_controller.py,from,pe_claw_gui.pipeline.run_design_assessment_pipeline,src/pe_claw_gui/pipeline/run_design_assessment_pipeline.py,excluded_out_of_scope_dependency
src/pe_claw_gui/app/controllers/waveform_controller.py,from,pe_claw_gui.pipeline.run_operating_point_refresh,src/pe_claw_gui/pipeline/run_operating_point_refresh.py,included_internal
src/pe_claw_gui/app/controllers/waveform_controller.py,from,pe_claw_gui.pipeline.options,src/pe_claw_gui/pipeline/options.py,included_internal
src/pe_claw_gui/app/controllers/waveform_controller.py,from,pe_claw_gui.utils.ambient_temperature,src/pe_claw_gui/utils/ambient_temperature.py,included_internal
src/pe_claw_gui/app/controllers/waveform_controller.py,from,pe_claw_gui.utils.ambient_temperature,src/pe_claw_gui/utils/ambient_temperature.py,included_internal
src/pe_claw_gui/app/controllers/waveform_controller.py,from,pe_claw_gui.utils.ambient_temperature,src/pe_claw_gui/utils/ambient_temperature.py,included_internal
src/pe_claw_gui/app/controllers/waveform_controller.py,from,pe_claw_gui.utils.ambient_temperature,src/pe_claw_gui/utils/ambient_temperature.py,included_internal
src/pe_claw_gui/app/controllers/waveform_controller.py,from,pe_claw_gui.app.shell.state_store,src/pe_claw_gui/app/shell/state_store.py,included_internal
src/pe_claw_gui/app/main.py,from,pe_claw_gui.app.shell.main_window,src/pe_claw_gui/app/shell/main_window.py,included_internal
src/pe_claw_gui/app/main.py,from,pe_claw_gui.app.shell.main_window,src/pe_claw_gui/app/shell/main_window.py,included_internal
src/pe_claw_gui/app/result_views/__init__.py,from,pe_claw_gui.app.result_views.capacitor_view,src/pe_claw_gui/app/result_views/capacitor_view.py,included_internal
src/pe_claw_gui/app/result_views/__init__.py,from,pe_claw_gui.app.result_views.capacitor_pf_view,src/pe_claw_gui/app/result_views/capacitor_pf_view.py,included_internal
src/pe_claw_gui/app/result_views/__init__.py,from,pe_claw_gui.app.result_views.device_view,src/pe_claw_gui/app/result_views/device_view.py,included_internal
src/pe_claw_gui/app/result_views/__init__.py,from,pe_claw_gui.app.result_views.efficiency_view,src/pe_claw_gui/app/result_views/efficiency_view.py,included_internal
src/pe_claw_gui/app/result_views/__init__.py,from,pe_claw_gui.app.result_views.geometry_view,src/pe_claw_gui/app/result_views/geometry_view.py,included_internal
src/pe_claw_gui/app/result_views/__init__.py,from,pe_claw_gui.app.result_views.hardware_overview_view,src/pe_claw_gui/app/result_views/hardware_overview_view.py,included_internal
src/pe_claw_gui/app/result_views/__init__.py,from,pe_claw_gui.app.result_views.inductor_pf_view,src/pe_claw_gui/app/result_views/inductor_pf_view.py,included_internal
src/pe_claw_gui/app/result_views/__init__.py,from,pe_claw_gui.app.result_views.inductor_view,src/pe_claw_gui/app/result_views/inductor_view.py,included_internal
src/pe_claw_gui/app/result_views/__init__.py,from,pe_claw_gui.app.result_views.loss_view,src/pe_claw_gui/app/result_views/loss_view.py,included_internal
src/pe_claw_gui/app/result_views/__init__.py,from,pe_claw_gui.app.result_views.magnetic_view,src/pe_claw_gui/app/result_views/magnetic_view.py,included_internal
src/pe_claw_gui/app/result_views/__init__.py,from,pe_claw_gui.app.result_views.resonant_caps_pf_view,src/pe_claw_gui/app/result_views/resonant_caps_pf_view.py,included_internal
src/pe_claw_gui/app/result_views/__init__.py,from,pe_claw_gui.app.result_views.resonant_caps_view,src/pe_claw_gui/app/result_views/resonant_caps_view.py,included_internal
src/pe_claw_gui/app/result_views/__init__.py,from,pe_claw_gui.app.result_views.stress_view,src/pe_claw_gui/app/result_views/stress_view.py,included_internal
src/pe_claw_gui/app/result_views/__init__.py,from,pe_claw_gui.app.result_views.summary_view,src/pe_claw_gui/app/result_views/summary_view.py,included_internal
src/pe_claw_gui/app/result_views/__init__.py,from,pe_claw_gui.app.result_views.thermal_view,src/pe_claw_gui/app/result_views/thermal_view.py,included_internal
src/pe_claw_gui/app/result_views/__init__.py,from,pe_claw_gui.app.result_views.topology_comparison_view,src/pe_claw_gui/app/result_views/topology_comparison_view.py,included_internal
src/pe_claw_gui/app/result_views/__init__.py,from,pe_claw_gui.app.result_views.transformer_pf_view,src/pe_claw_gui/app/result_views/transformer_pf_view.py,included_internal
src/pe_claw_gui/app/result_views/__init__.py,from,pe_claw_gui.app.result_views.transformer_view,src/pe_claw_gui/app/result_views/transformer_view.py,included_internal
src/pe_claw_gui/app/result_views/__init__.py,from,pe_claw_gui.app.result_views.waveform_view,src/pe_claw_gui/app/result_views/waveform_view.py,included_internal
src/pe_claw_gui/app/result_views/bridge_rectifier_view_helpers.py,from,__future__,,external_or_stdlib
src/pe_claw_gui/app/result_views/bridge_rectifier_view_helpers.py,from,pe_claw_gui.models.design_report,src/pe_claw_gui/models/design_report.py,included_internal
src/pe_claw_gui/app/result_views/capacitor_pf_view.py,from,__future__,,external_or_stdlib
src/pe_claw_gui/app/result_views/capacitor_pf_view.py,import,tkinter,,external_or_stdlib
src/pe_claw_gui/app/result_views/capacitor_pf_view.py,from,pathlib,,external_or_stdlib
src/pe_claw_gui/app/result_views/capacitor_pf_view.py,from,tkinter,,external_or_stdlib
src/pe_claw_gui/app/result_views/capacitor_pf_view.py,from,matplotlib.backends.backend_tkagg,,external_or_stdlib
src/pe_claw_gui/app/result_views/capacitor_pf_view.py,from,matplotlib.figure,,external_or_stdlib
src/pe_claw_gui/app/result_views/capacitor_pf_view.py,from,matplotlib.image,,external_or_stdlib
src/pe_claw_gui/app/result_views/capacitor_pf_view.py,from,pe_claw_gui.models.capacitor,src/pe_claw_gui/models/capacitor.py,included_internal
src/pe_claw_gui/app/result_views/capacitor_pf_view.py,from,pe_claw_gui.models.capacitor,src/pe_claw_gui/models/capacitor.py,included_internal
src/pe_claw_gui/app/result_views/capacitor_pf_view.py,from,pe_claw_gui.models.capacitor,src/pe_claw_gui/models/capacitor.py,included_internal
src/pe_claw_gui/app/result_views/capacitor_pf_view.py,from,pe_claw_gui.models.capacitor,src/pe_claw_gui/models/capacitor.py,included_internal
src/pe_claw_gui/app/result_views/capacitor_pf_view.py,from,pe_claw_gui.models.design_report,src/pe_claw_gui/models/design_report.py,included_internal
src/pe_claw_gui/app/result_views/capacitor_pf_view.py,from,pe_claw_gui.engines.capacitors.selection,src/pe_claw_gui/engines/capacitors/selection.py,included_internal
src/pe_claw_gui/app/result_views/capacitor_pf_view.py,from,pe_claw_gui.topology_capabilities,src/pe_claw_gui/topology_capabilities.py,included_internal
src/pe_claw_gui/app/result_views/capacitor_pf_view.py,from,pe_claw_gui.topology_capabilities,src/pe_claw_gui/topology_capabilities.py,included_internal
src/pe_claw_gui/app/result_views/capacitor_view.py,from,__future__,,external_or_stdlib
src/pe_claw_gui/app/result_views/capacitor_view.py,import,tkinter,,external_or_stdlib
src/pe_claw_gui/app/result_views/capacitor_view.py,from,tkinter,,external_or_stdlib
src/pe_claw_gui/app/result_views/capacitor_view.py,from,matplotlib.backends.backend_tkagg,,external_or_stdlib
src/pe_claw_gui/app/result_views/capacitor_view.py,from,matplotlib.figure,,external_or_stdlib
src/pe_claw_gui/app/result_views/capacitor_view.py,from,pe_claw_gui.models.capacitor,src/pe_claw_gui/models/capacitor.py,included_internal
src/pe_claw_gui/app/result_views/capacitor_view.py,from,pe_claw_gui.models.capacitor,src/pe_claw_gui/models/capacitor.py,included_internal
src/pe_claw_gui/app/result_views/capacitor_view.py,from,pe_claw_gui.models.capacitor,src/pe_claw_gui/models/capacitor.py,included_internal
src/pe_claw_gui/app/result_views/capacitor_view.py,from,pe_claw_gui.models.capacitor,src/pe_claw_gui/models/capacitor.py,included_internal
src/pe_claw_gui/app/result_views/capacitor_view.py,from,pe_claw_gui.models.capacitor,src/pe_claw_gui/models/capacitor.py,included_internal
src/pe_claw_gui/app/result_views/capacitor_view.py,from,pe_claw_gui.models.design_report,src/pe_claw_gui/models/design_report.py,included_internal
src/pe_claw_gui/app/result_views/capacitor_view.py,from,pe_claw_gui.visualization.capacitors,src/pe_claw_gui/visualization/capacitors/__init__.py,included_internal
src/pe_claw_gui/app/result_views/capacitor_view.py,from,pe_claw_gui.visualization.capacitors,src/pe_claw_gui/visualization/capacitors/__init__.py,included_internal
src/pe_claw_gui/app/result_views/capacitor_view.py,from,pe_claw_gui.visualization.capacitors,src/pe_claw_gui/visualization/capacitors/__init__.py,included_internal
src/pe_claw_gui/app/result_views/capacitor_view.py,from,pe_claw_gui.visualization.capacitors,src/pe_claw_gui/visualization/capacitors/__init__.py,included_internal
src/pe_claw_gui/app/result_views/capacitor_view.py,from,pe_claw_gui.engines.capacitors.selection,src/pe_claw_gui/engines/capacitors/selection.py,included_internal
src/pe_claw_gui/app/result_views/capacitor_view.py,from,pe_claw_gui.topology_capabilities,src/pe_claw_gui/topology_capabilities.py,included_internal
src/pe_claw_gui/app/result_views/capacitor_view.py,from,pe_claw_gui.topology_capabilities,src/pe_claw_gui/topology_capabilities.py,included_internal
src/pe_claw_gui/app/result_views/device_view.py,from,__future__,,external_or_stdlib
src/pe_claw_gui/app/result_views/device_view.py,import,tkinter,,external_or_stdlib
src/pe_claw_gui/app/result_views/device_view.py,from,tkinter,,external_or_stdlib
src/pe_claw_gui/app/result_views/device_view.py,from,matplotlib.backends.backend_tkagg,,external_or_stdlib
src/pe_claw_gui/app/result_views/device_view.py,from,pe_claw_gui.engines.hardware_overview,src/pe_claw_gui/engines/hardware_overview.py,included_internal
src/pe_claw_gui/app/result_views/device_view.py,from,pe_claw_gui.engines.hardware_overview,src/pe_claw_gui/engines/hardware_overview.py,included_internal
src/pe_claw_gui/app/result_views/device_view.py,from,pe_claw_gui.models.bridge_rectifier,src/pe_claw_gui/models/bridge_rectifier.py,included_internal
src/pe_claw_gui/app/result_views/device_view.py,from,pe_claw_gui.models.bridge_rectifier,src/pe_claw_gui/models/bridge_rectifier.py,included_internal
src/pe_claw_gui/app/result_views/device_view.py,from,pe_claw_gui.models.design_report,src/pe_claw_gui/models/design_report.py,included_internal
src/pe_claw_gui/app/result_views/device_view.py,from,pe_claw_gui.topology_capabilities,src/pe_claw_gui/topology_capabilities.py,included_internal
src/pe_claw_gui/app/result_views/device_view.py,from,pe_claw_gui.topologies.registered_placeholders,src/pe_claw_gui/topologies/registered_placeholders.py,included_internal
src/pe_claw_gui/app/result_views/device_view.py,from,pe_claw_gui.visualization.hardware_overview.renderer,src/pe_claw_gui/visualization/hardware_overview/renderer.py,included_internal
src/pe_claw_gui/app/result_views/device_view.py,from,pe_claw_gui.visualization.semiconductors.geometry_3d,src/pe_claw_gui/visualization/semiconductors/geometry_3d.py,included_internal
src/pe_claw_gui/app/result_views/device_view.py,from,pe_claw_gui.visualization.semiconductors.geometry_3d,src/pe_claw_gui/visualization/semiconductors/geometry_3d.py,included_internal
src/pe_claw_gui/app/result_views/device_view.py,from,pe_claw_gui.visualization.semiconductors.geometry_renderer,src/pe_claw_gui/visualization/semiconductors/geometry_renderer.py,included_internal
src/pe_claw_gui/app/result_views/device_view.py,from,pe_claw_gui.visualization.semiconductors.geometry_renderer,src/pe_claw_gui/visualization/semiconductors/geometry_renderer.py,included_internal
src/pe_claw_gui/app/result_views/device_view.py,from,pe_claw_gui.app.result_views.bridge_rectifier_view_helpers,src/pe_claw_gui/app/result_views/bridge_rectifier_view_helpers.py,included_internal
src/pe_claw_gui/app/result_views/device_view.py,from,pe_claw_gui.libraries.semiconductors.metadata,src/pe_claw_gui/libraries/semiconductors/metadata.py,included_internal
src/pe_claw_gui/app/result_views/device_view.py,from,pe_claw_gui.libraries.semiconductors.metadata,src/pe_claw_gui/libraries/semiconductors/metadata.py,included_internal
src/pe_claw_gui/app/result_views/device_view.py,from,pe_claw_gui.libraries.semiconductors.metadata,src/pe_claw_gui/libraries/semiconductors/metadata.py,included_internal
src/pe_claw_gui/app/result_views/device_view.py,from,pe_claw_gui.libraries.semiconductors.metadata,src/pe_claw_gui/libraries/semiconductors/metadata.py,included_internal
src/pe_claw_gui/app/result_views/device_view.py,from,pe_claw_gui.topologies.dc_dc.llc_resonant_converter_synchronous_rectifier.input_schema,src/pe_claw_gui/topologies/dc_dc/llc_resonant_converter_synchronous_rectifier/input_schema.py,included_internal
src/pe_claw_gui/app/result_views/device_view.py,from,pe_claw_gui.topologies.dc_dc.llc_resonant_converter_synchronous_rectifier.input_schema,src/pe_claw_gui/topologies/dc_dc/llc_resonant_converter_synchronous_rectifier/input_schema.py,included_internal
src/pe_claw_gui/app/result_views/efficiency_view.py,from,__future__,,external_or_stdlib
src/pe_claw_gui/app/result_views/efficiency_view.py,from,pathlib,,external_or_stdlib
src/pe_claw_gui/app/result_views/efficiency_view.py,import,tkinter,,external_or_stdlib
src/pe_claw_gui/app/result_views/efficiency_view.py,from,tkinter,,external_or_stdlib
src/pe_claw_gui/app/result_views/efficiency_view.py,from,matplotlib.backends.backend_tkagg,,external_or_stdlib
src/pe_claw_gui/app/result_views/efficiency_view.py,from,matplotlib.figure,,external_or_stdlib
src/pe_claw_gui/app/result_views/efficiency_view.py,from,matplotlib.image,,external_or_stdlib
src/pe_claw_gui/app/result_views/efficiency_view.py,from,pe_claw_gui.models.design_report,src/pe_claw_gui/models/design_report.py,included_internal
src/pe_claw_gui/app/result_views/efficiency_view.py,from,pe_claw_gui.models.efficiency_sweep,src/pe_claw_gui/models/efficiency_sweep.py,included_internal
src/pe_claw_gui/app/result_views/geometry_view.py,from,__future__,,external_or_stdlib
src/pe_claw_gui/app/result_views/geometry_view.py,import,tkinter,,external_or_stdlib
src/pe_claw_gui/app/result_views/geometry_view.py,from,tkinter,,external_or_stdlib
src/pe_claw_gui/app/result_views/geometry_view.py,from,matplotlib.backends.backend_tkagg,,external_or_stdlib
src/pe_claw_gui/app/result_views/geometry_view.py,from,pe_claw_gui.models.design_report,src/pe_claw_gui/models/design_report.py,included_internal
src/pe_claw_gui/app/result_views/geometry_view.py,from,pe_claw_gui.models.geometry_result,src/pe_claw_gui/models/geometry_result.py,included_internal
src/pe_claw_gui/app/result_views/geometry_view.py,from,pe_claw_gui.pipeline.options,src/pe_claw_gui/pipeline/options.py,included_internal
src/pe_claw_gui/app/result_views/geometry_view.py,from,pe_claw_gui.pipeline.options,src/pe_claw_gui/pipeline/options.py,included_internal
src/pe_claw_gui/app/result_views/geometry_view.py,from,pe_claw_gui.visualization.geometry.geometry_3d,src/pe_claw_gui/visualization/geometry/geometry_3d.py,included_internal
src/pe_claw_gui/app/result_views/geometry_view.py,from,pe_claw_gui.visualization.geometry.geometry_3d,src/pe_claw_gui/visualization/geometry/geometry_3d.py,included_internal
src/pe_claw_gui/app/result_views/geometry_view.py,from,pe_claw_gui.visualization.geometry.geometry_renderer,src/pe_claw_gui/visualization/geometry/geometry_renderer.py,included_internal
src/pe_claw_gui/app/result_views/geometry_view.py,from,pe_claw_gui.visualization.geometry.geometry_renderer,src/pe_claw_gui/visualization/geometry/geometry_renderer.py,included_internal
src/pe_claw_gui/app/result_views/hardware_overview_view.py,from,__future__,,external_or_stdlib
src/pe_claw_gui/app/result_views/hardware_overview_view.py,from,pathlib,,external_or_stdlib
src/pe_claw_gui/app/result_views/hardware_overview_view.py,import,tkinter,,external_or_stdlib
src/pe_claw_gui/app/result_views/hardware_overview_view.py,from,tkinter,,external_or_stdlib
src/pe_claw_gui/app/result_views/hardware_overview_view.py,from,matplotlib.backends.backend_tkagg,,external_or_stdlib
src/pe_claw_gui/app/result_views/hardware_overview_view.py,from,matplotlib.figure,,external_or_stdlib
src/pe_claw_gui/app/result_views/hardware_overview_view.py,from,matplotlib.image,,external_or_stdlib
src/pe_claw_gui/app/result_views/hardware_overview_view.py,from,pe_claw_gui.engines.hardware_overview,src/pe_claw_gui/engines/hardware_overview.py,included_internal
src/pe_claw_gui/app/result_views/hardware_overview_view.py,from,pe_claw_gui.engines.hardware_overview,src/pe_claw_gui/engines/hardware_overview.py,included_internal
src/pe_claw_gui/app/result_views/hardware_overview_view.py,from,pe_claw_gui.engines.hardware_overview,src/pe_claw_gui/engines/hardware_overview.py,included_internal
src/pe_claw_gui/app/result_views/hardware_overview_view.py,from,pe_claw_gui.models.design_report,src/pe_claw_gui/models/design_report.py,included_internal
src/pe_claw_gui/app/result_views/hardware_overview_view.py,from,pe_claw_gui.topology_capabilities,src/pe_claw_gui/topology_capabilities.py,included_internal
src/pe_claw_gui/app/result_views/hardware_overview_view.py,from,pe_claw_gui.topology_capabilities,src/pe_claw_gui/topology_capabilities.py,included_internal
src/pe_claw_gui/app/result_views/hardware_overview_view.py,from,pe_claw_gui.topology_capabilities,src/pe_claw_gui/topology_capabilities.py,included_internal
src/pe_claw_gui/app/result_views/hardware_overview_view.py,from,pe_claw_gui.topology_capabilities,src/pe_claw_gui/topology_capabilities.py,included_internal
src/pe_claw_gui/app/result_views/hardware_overview_view.py,from,pe_claw_gui.topology_capabilities,src/pe_claw_gui/topology_capabilities.py,included_internal
src/pe_claw_gui/app/result_views/hardware_overview_view.py,from,pe_claw_gui.app.result_views.summary_view,src/pe_claw_gui/app/result_views/summary_view.py,included_internal
src/pe_claw_gui/app/result_views/inductor_pf_view.py,from,__future__,,external_or_stdlib
src/pe_claw_gui/app/result_views/inductor_pf_view.py,import,tkinter,,external_or_stdlib
src/pe_claw_gui/app/result_views/inductor_pf_view.py,from,pathlib,,external_or_stdlib
src/pe_claw_gui/app/result_views/inductor_pf_view.py,from,tkinter,,external_or_stdlib
src/pe_claw_gui/app/result_views/inductor_pf_view.py,from,matplotlib.backends.backend_tkagg,,external_or_stdlib
src/pe_claw_gui/app/result_views/inductor_pf_view.py,from,matplotlib.figure,,external_or_stdlib
src/pe_claw_gui/app/result_views/inductor_pf_view.py,from,matplotlib.image,,external_or_stdlib
src/pe_claw_gui/app/result_views/inductor_pf_view.py,from,pe_claw_gui.models.design_report,src/pe_claw_gui/models/design_report.py,included_internal
src/pe_claw_gui/app/result_views/inductor_pf_view.py,from,pe_claw_gui.pipeline.options,src/pe_claw_gui/pipeline/options.py,included_internal
src/pe_claw_gui/app/result_views/inductor_pf_view.py,from,pe_claw_gui.topology_capabilities,src/pe_claw_gui/topology_capabilities.py,included_internal
src/pe_claw_gui/app/result_views/inductor_view.py,from,__future__,,external_or_stdlib
src/pe_claw_gui/app/result_views/inductor_view.py,import,tkinter,,external_or_stdlib
src/pe_claw_gui/app/result_views/inductor_view.py,from,tkinter,,external_or_stdlib
src/pe_claw_gui/app/result_views/inductor_view.py,from,pe_claw_gui.models.design_report,src/pe_claw_gui/models/design_report.py,included_internal
src/pe_claw_gui/app/result_views/inductor_view.py,from,pe_claw_gui.pipeline.options,src/pe_claw_gui/pipeline/options.py,included_internal
src/pe_claw_gui/app/result_views/inductor_view.py,from,pe_claw_gui.pipeline.options,src/pe_claw_gui/pipeline/options.py,included_internal
src/pe_claw_gui/app/result_views/inductor_view.py,from,pe_claw_gui.pipeline.options,src/pe_claw_gui/pipeline/options.py,included_internal
src/pe_claw_gui/app/result_views/inductor_view.py,from,pe_claw_gui.pipeline.options,src/pe_claw_gui/pipeline/options.py,included_internal
src/pe_claw_gui/app/result_views/inductor_view.py,from,pe_claw_gui.topology_capabilities,src/pe_claw_gui/topology_capabilities.py,included_internal
src/pe_claw_gui/app/result_views/inductor_view.py,from,pe_claw_gui.topology_capabilities,src/pe_claw_gui/topology_capabilities.py,included_internal
src/pe_claw_gui/app/result_views/inductor_view.py,from,pe_claw_gui.app.result_views.geometry_view,src/pe_claw_gui/app/result_views/geometry_view.py,included_internal
src/pe_claw_gui/app/result_views/loss_view.py,from,__future__,,external_or_stdlib
src/pe_claw_gui/app/result_views/loss_view.py,import,tkinter,,external_or_stdlib
src/pe_claw_gui/app/result_views/loss_view.py,from,tkinter,,external_or_stdlib
src/pe_claw_gui/app/result_views/loss_view.py,from,pe_claw_gui.models.design_report,src/pe_claw_gui/models/design_report.py,included_internal
src/pe_claw_gui/app/result_views/loss_view.py,from,pe_claw_gui.models.capacitor,src/pe_claw_gui/models/capacitor.py,included_internal
src/pe_claw_gui/app/result_views/loss_view.py,from,pe_claw_gui.models.capacitor,src/pe_claw_gui/models/capacitor.py,included_internal
src/pe_claw_gui/app/result_views/loss_view.py,from,pe_claw_gui.models.capacitor,src/pe_claw_gui/models/capacitor.py,included_internal
src/pe_claw_gui/app/result_views/loss_view.py,from,pe_claw_gui.pipeline.options,src/pe_claw_gui/pipeline/options.py,included_internal
src/pe_claw_gui/app/result_views/loss_view.py,from,pe_claw_gui.pipeline.options,src/pe_claw_gui/pipeline/options.py,included_internal
src/pe_claw_gui/app/result_views/loss_view.py,from,pe_claw_gui.topologies.registered_placeholders,src/pe_claw_gui/topologies/registered_placeholders.py,included_internal
src/pe_claw_gui/app/result_views/loss_view.py,from,pe_claw_gui.topology_capabilities,src/pe_claw_gui/topology_capabilities.py,included_internal
src/pe_claw_gui/app/result_views/loss_view.py,from,pe_claw_gui.topology_capabilities,src/pe_claw_gui/topology_capabilities.py,included_internal
src/pe_claw_gui/app/result_views/loss_view.py,from,pe_claw_gui.topology_capabilities,src/pe_claw_gui/topology_capabilities.py,included_internal
src/pe_claw_gui/app/result_views/loss_view.py,from,pe_claw_gui.topology_capabilities,src/pe_claw_gui/topology_capabilities.py,included_internal
src/pe_claw_gui/app/result_views/magnetic_view.py,from,__future__,,external_or_stdlib
src/pe_claw_gui/app/result_views/magnetic_view.py,import,tkinter,,external_or_stdlib
src/pe_claw_gui/app/result_views/magnetic_view.py,from,tkinter,,external_or_stdlib
src/pe_claw_gui/app/result_views/magnetic_view.py,from,pe_claw_gui.models.design_report,src/pe_claw_gui/models/design_report.py,included_internal
src/pe_claw_gui/app/result_views/magnetic_view.py,from,pe_claw_gui.pipeline.options,src/pe_claw_gui/pipeline/options.py,included_internal
src/pe_claw_gui/app/result_views/magnetic_view.py,from,pe_claw_gui.topology_capabilities,src/pe_claw_gui/topology_capabilities.py,included_internal
src/pe_claw_gui/app/result_views/magnetic_view.py,from,pe_claw_gui.app.result_views.transformer_view,src/pe_claw_gui/app/result_views/transformer_view.py,included_internal
src/pe_claw_gui/app/result_views/resonant_caps_pf_view.py,from,__future__,,external_or_stdlib
src/pe_claw_gui/app/result_views/resonant_caps_pf_view.py,import,tkinter,,external_or_stdlib
src/pe_claw_gui/app/result_views/resonant_caps_pf_view.py,from,pathlib,,external_or_stdlib
src/pe_claw_gui/app/result_views/resonant_caps_pf_view.py,from,tkinter,,external_or_stdlib
src/pe_claw_gui/app/result_views/resonant_caps_pf_view.py,from,matplotlib.backends.backend_tkagg,,external_or_stdlib
src/pe_claw_gui/app/result_views/resonant_caps_pf_view.py,from,matplotlib.figure,,external_or_stdlib
src/pe_claw_gui/app/result_views/resonant_caps_pf_view.py,from,matplotlib.image,,external_or_stdlib
src/pe_claw_gui/app/result_views/resonant_caps_pf_view.py,from,pe_claw_gui.models.design_report,src/pe_claw_gui/models/design_report.py,included_internal
src/pe_claw_gui/app/result_views/resonant_caps_pf_view.py,from,pe_claw_gui.topology_capabilities,src/pe_claw_gui/topology_capabilities.py,included_internal
src/pe_claw_gui/app/result_views/resonant_caps_view.py,from,__future__,,external_or_stdlib
src/pe_claw_gui/app/result_views/resonant_caps_view.py,from,pathlib,,external_or_stdlib
src/pe_claw_gui/app/result_views/resonant_caps_view.py,from,tkinter,,external_or_stdlib
src/pe_claw_gui/app/result_views/resonant_caps_view.py,from,matplotlib.backends.backend_tkagg,,external_or_stdlib
src/pe_claw_gui/app/result_views/resonant_caps_view.py,from,matplotlib.figure,,external_or_stdlib
src/pe_claw_gui/app/result_views/resonant_caps_view.py,from,matplotlib.image,,external_or_stdlib
src/pe_claw_gui/app/result_views/resonant_caps_view.py,from,pe_claw_gui.models.design_report,src/pe_claw_gui/models/design_report.py,included_internal
src/pe_claw_gui/app/result_views/resonant_caps_view.py,from,pe_claw_gui.topology_capabilities,src/pe_claw_gui/topology_capabilities.py,included_internal
src/pe_claw_gui/app/result_views/stress_view.py,from,__future__,,external_or_stdlib
src/pe_claw_gui/app/result_views/stress_view.py,import,tkinter,,external_or_stdlib
src/pe_claw_gui/app/result_views/stress_view.py,from,tkinter,,external_or_stdlib
src/pe_claw_gui/app/result_views/stress_view.py,from,pe_claw_gui.models.design_report,src/pe_claw_gui/models/design_report.py,included_internal
src/pe_claw_gui/app/result_views/stress_view.py,from,pe_claw_gui.topology_capabilities,src/pe_claw_gui/topology_capabilities.py,included_internal
src/pe_claw_gui/app/result_views/summary_view.py,from,__future__,,external_or_stdlib
src/pe_claw_gui/app/result_views/summary_view.py,import,tkinter,,external_or_stdlib
src/pe_claw_gui/app/result_views/summary_view.py,from,tkinter,,external_or_stdlib
src/pe_claw_gui/app/result_views/summary_view.py,from,pe_claw_gui.models.bridge_rectifier,src/pe_claw_gui/models/bridge_rectifier.py,included_internal
src/pe_claw_gui/app/result_views/summary_view.py,from,pe_claw_gui.models.design_report,src/pe_claw_gui/models/design_report.py,included_internal
src/pe_claw_gui/app/result_views/summary_view.py,from,pe_claw_gui.topologies.registered_placeholders,src/pe_claw_gui/topologies/registered_placeholders.py,included_internal
src/pe_claw_gui/app/result_views/summary_view.py,from,pe_claw_gui.topology_capabilities,src/pe_claw_gui/topology_capabilities.py,included_internal
src/pe_claw_gui/app/result_views/summary_view.py,from,pe_claw_gui.topology_capabilities,src/pe_claw_gui/topology_capabilities.py,included_internal
src/pe_claw_gui/app/result_views/summary_view.py,from,pe_claw_gui.topology_capabilities,src/pe_claw_gui/topology_capabilities.py,included_internal
src/pe_claw_gui/app/result_views/summary_view.py,from,pe_claw_gui.app.result_views.bridge_rectifier_view_helpers,src/pe_claw_gui/app/result_views/bridge_rectifier_view_helpers.py,included_internal
src/pe_claw_gui/app/result_views/summary_view.py,from,pe_claw_gui.app.result_views.stress_view,src/pe_claw_gui/app/result_views/stress_view.py,included_internal
src/pe_claw_gui/app/result_views/summary_view.py,from,pe_claw_gui.libraries.semiconductors.metadata,src/pe_claw_gui/libraries/semiconductors/metadata.py,included_internal
src/pe_claw_gui/app/result_views/summary_view.py,from,pe_claw_gui.libraries.semiconductors.metadata,src/pe_claw_gui/libraries/semiconductors/metadata.py,included_internal
src/pe_claw_gui/app/result_views/summary_view.py,from,pe_claw_gui.libraries.semiconductors.metadata,src/pe_claw_gui/libraries/semiconductors/metadata.py,included_internal
src/pe_claw_gui/app/result_views/summary_view.py,from,pe_claw_gui.libraries.semiconductors.metadata,src/pe_claw_gui/libraries/semiconductors/metadata.py,included_internal
src/pe_claw_gui/app/result_views/summary_view.py,from,pe_claw_gui.topologies.dc_dc.llc_resonant_converter_synchronous_rectifier.input_schema,src/pe_claw_gui/topologies/dc_dc/llc_resonant_converter_synchronous_rectifier/input_schema.py,included_internal
src/pe_claw_gui/app/result_views/summary_view.py,from,pe_claw_gui.topologies.dc_dc.llc_resonant_converter_synchronous_rectifier.input_schema,src/pe_claw_gui/topologies/dc_dc/llc_resonant_converter_synchronous_rectifier/input_schema.py,included_internal
src/pe_claw_gui/app/result_views/summary_view.py,from,pe_claw_gui.topologies.dc_ac.single_phase_full_bridge_inverter.synthesizer,src/pe_claw_gui/topologies/dc_ac/single_phase_full_bridge_inverter/synthesizer.py,included_internal
src/pe_claw_gui/app/result_views/summary_view.py,from,pe_claw_gui.models.operating_point,src/pe_claw_gui/models/operating_point.py,included_internal
src/pe_claw_gui/app/result_views/summary_view.py,from,pe_claw_gui.topologies.dc_dc.three_level_tzcm_fixed_frequency.mode,src/pe_claw_gui/topologies/dc_dc/three_level_tzcm_fixed_frequency/mode.py,included_internal
src/pe_claw_gui/app/result_views/thermal_view.py,from,__future__,,external_or_stdlib
src/pe_claw_gui/app/result_views/thermal_view.py,import,tkinter,,external_or_stdlib
src/pe_claw_gui/app/result_views/thermal_view.py,from,tkinter,,external_or_stdlib
src/pe_claw_gui/app/result_views/thermal_view.py,from,pe_claw_gui.models.design_report,src/pe_claw_gui/models/design_report.py,included_internal
src/pe_claw_gui/app/result_views/thermal_view.py,from,pe_claw_gui.pipeline.options,src/pe_claw_gui/pipeline/options.py,included_internal
src/pe_claw_gui/app/result_views/thermal_view.py,from,pe_claw_gui.pipeline.options,src/pe_claw_gui/pipeline/options.py,included_internal
src/pe_claw_gui/app/result_views/topology_comparison_view.py,from,__future__,,external_or_stdlib
src/pe_claw_gui/app/result_views/topology_comparison_view.py,from,collections.abc,,external_or_stdlib
src/pe_claw_gui/app/result_views/topology_comparison_view.py,import,tkinter,,external_or_stdlib
src/pe_claw_gui/app/result_views/topology_comparison_view.py,from,tkinter,,external_or_stdlib
src/pe_claw_gui/app/result_views/topology_comparison_view.py,from,typing,,external_or_stdlib
src/pe_claw_gui/app/result_views/topology_comparison_view.py,from,pe_claw_gui.models.design_report,src/pe_claw_gui/models/design_report.py,included_internal
src/pe_claw_gui/app/result_views/transformer_pf_view.py,from,__future__,,external_or_stdlib
src/pe_claw_gui/app/result_views/transformer_pf_view.py,import,tkinter,,external_or_stdlib
src/pe_claw_gui/app/result_views/transformer_pf_view.py,from,pathlib,,external_or_stdlib
src/pe_claw_gui/app/result_views/transformer_pf_view.py,from,tkinter,,external_or_stdlib
src/pe_claw_gui/app/result_views/transformer_pf_view.py,from,matplotlib.backends.backend_tkagg,,external_or_stdlib
src/pe_claw_gui/app/result_views/transformer_pf_view.py,from,matplotlib.figure,,external_or_stdlib
src/pe_claw_gui/app/result_views/transformer_pf_view.py,from,matplotlib.image,,external_or_stdlib
src/pe_claw_gui/app/result_views/transformer_pf_view.py,from,pe_claw_gui.models.design_report,src/pe_claw_gui/models/design_report.py,included_internal
src/pe_claw_gui/app/result_views/transformer_pf_view.py,from,pe_claw_gui.topology_capabilities,src/pe_claw_gui/topology_capabilities.py,included_internal
src/pe_claw_gui/app/result_views/transformer_view.py,from,__future__,,external_or_stdlib
src/pe_claw_gui/app/result_views/transformer_view.py,import,tkinter,,external_or_stdlib
src/pe_claw_gui/app/result_views/transformer_view.py,from,pathlib,,external_or_stdlib
src/pe_claw_gui/app/result_views/transformer_view.py,from,tkinter,,external_or_stdlib
src/pe_claw_gui/app/result_views/transformer_view.py,from,matplotlib.backends.backend_tkagg,,external_or_stdlib
src/pe_claw_gui/app/result_views/transformer_view.py,from,matplotlib.figure,,external_or_stdlib
src/pe_claw_gui/app/result_views/transformer_view.py,from,matplotlib.image,,external_or_stdlib
src/pe_claw_gui/app/result_views/transformer_view.py,from,pe_claw_gui.models.design_report,src/pe_claw_gui/models/design_report.py,included_internal
src/pe_claw_gui/app/result_views/transformer_view.py,from,pe_claw_gui.engines.magnetics.candidate_selection,src/pe_claw_gui/engines/magnetics/candidate_selection.py,included_internal
src/pe_claw_gui/app/result_views/transformer_view.py,from,pe_claw_gui.topology_capabilities,src/pe_claw_gui/topology_capabilities.py,included_internal
src/pe_claw_gui/app/result_views/waveform_view.py,from,__future__,,external_or_stdlib
src/pe_claw_gui/app/result_views/waveform_view.py,from,tkinter,,external_or_stdlib
src/pe_claw_gui/app/result_views/waveform_view.py,from,matplotlib.backends.backend_tkagg,,external_or_stdlib
src/pe_claw_gui/app/result_views/waveform_view.py,from,matplotlib.figure,,external_or_stdlib
src/pe_claw_gui/app/result_views/waveform_view.py,from,pe_claw_gui.models.design_report,src/pe_claw_gui/models/design_report.py,included_internal
src/pe_claw_gui/app/result_views/waveform_view.py,from,pe_claw_gui.topology_capabilities,src/pe_claw_gui/topology_capabilities.py,included_internal
src/pe_claw_gui/app/result_views/waveform_view.py,from,pe_claw_gui.topologies.registered_placeholders,src/pe_claw_gui/topologies/registered_placeholders.py,included_internal
src/pe_claw_gui/app/result_views/waveform_view.py,from,pe_claw_gui.models.operating_point,src/pe_claw_gui/models/operating_point.py,included_internal
src/pe_claw_gui/app/result_views/waveform_view.py,from,pe_claw_gui.topologies.dc_dc.three_level_tzcm_fixed_frequency.mode,src/pe_claw_gui/topologies/dc_dc/three_level_tzcm_fixed_frequency/mode.py,included_internal
src/pe_claw_gui/app/shell/main_window.py,from,__future__,,external_or_stdlib
src/pe_claw_gui/app/shell/main_window.py,import,tkinter,,external_or_stdlib
src/pe_claw_gui/app/shell/main_window.py,from,tkinter,,external_or_stdlib
src/pe_claw_gui/app/shell/main_window.py,from,tkinter,,external_or_stdlib
src/pe_claw_gui/app/shell/main_window.py,from,pe_claw_gui.topologies.base,src/pe_claw_gui/topologies/base/__init__.py,included_internal
src/pe_claw_gui/app/shell/main_window.py,from,pe_claw_gui.app.controllers.device_controller,src/pe_claw_gui/app/controllers/device_controller.py,included_internal
src/pe_claw_gui/app/shell/main_window.py,from,pe_claw_gui.app.controllers.efficiency_sweep_controller,src/pe_claw_gui/app/controllers/efficiency_sweep_controller.py,included_internal
src/pe_claw_gui/app/shell/main_window.py,from,pe_claw_gui.app.controllers.export_controller,src/pe_claw_gui/app/controllers/export_controller.py,included_internal
src/pe_claw_gui/app/shell/main_window.py,from,pe_claw_gui.app.controllers.run_design_controller,src/pe_claw_gui/app/controllers/run_design_controller.py,included_internal
src/pe_claw_gui/app/shell/main_window.py,from,pe_claw_gui.app.controllers.waveform_controller,src/pe_claw_gui/app/controllers/waveform_controller.py,included_internal
src/pe_claw_gui/app/shell/main_window.py,from,pe_claw_gui.app.shell.navigation,src/pe_claw_gui/app/shell/navigation.py,included_internal
src/pe_claw_gui/app/shell/main_window.py,from,pe_claw_gui.app.shell.state_store,src/pe_claw_gui/app/shell/state_store.py,included_internal
src/pe_claw_gui/app/shell/main_window.py,from,pe_claw_gui.app.shell.workspace,src/pe_claw_gui/app/shell/workspace.py,included_internal
src/pe_claw_gui/app/shell/navigation.py,from,__future__,,external_or_stdlib
src/pe_claw_gui/app/shell/navigation.py,from,tkinter,,external_or_stdlib
src/pe_claw_gui/app/shell/navigation.py,from,pe_claw_gui.app.shell.state_store,src/pe_claw_gui/app/shell/state_store.py,included_internal
src/pe_claw_gui/app/shell/state_store.py,from,__future__,,external_or_stdlib
src/pe_claw_gui/app/shell/state_store.py,from,dataclasses,,external_or_stdlib
src/pe_claw_gui/app/shell/state_store.py,from,pe_claw_gui.models.design_report,src/pe_claw_gui/models/design_report.py,included_internal
src/pe_claw_gui/app/shell/state_store.py,from,pe_claw_gui.topologies.base,src/pe_claw_gui/topologies/base/__init__.py,included_internal
src/pe_claw_gui/app/shell/state_store.py,from,pe_claw_gui.topologies.base,src/pe_claw_gui/topologies/base/__init__.py,included_internal
src/pe_claw_gui/app/shell/workspace.py,from,__future__,,external_or_stdlib
src/pe_claw_gui/app/shell/workspace.py,from,tkinter,,external_or_stdlib
src/pe_claw_gui/app/shell/workspace.py,from,pe_claw_gui.models.design_report,src/pe_claw_gui/models/design_report.py,included_internal
src/pe_claw_gui/app/shell/workspace.py,from,pe_claw_gui.app.category_views,src/pe_claw_gui/app/category_views/__init__.py,included_internal
src/pe_claw_gui/app/shell/workspace.py,from,pe_claw_gui.app.category_views,src/pe_claw_gui/app/category_views/__init__.py,included_internal
src/pe_claw_gui/app/shell/workspace.py,from,pe_claw_gui.app.category_views,src/pe_claw_gui/app/category_views/__init__.py,included_internal
src/pe_claw_gui/app/shell/workspace.py,from,pe_claw_gui.app.category_views,src/pe_claw_gui/app/category_views/__init__.py,included_internal
src/pe_claw_gui/app/shell/workspace.py,from,pe_claw_gui.app.category_views,src/pe_claw_gui/app/category_views/__init__.py,included_internal
src/pe_claw_gui/app/shell/workspace.py,from,pe_claw_gui.app.result_views,src/pe_claw_gui/app/result_views/__init__.py,included_internal
src/pe_claw_gui/app/shell/workspace.py,from,pe_claw_gui.app.result_views,src/pe_claw_gui/app/result_views/__init__.py,included_internal
src/pe_claw_gui/app/shell/workspace.py,from,pe_claw_gui.app.result_views,src/pe_claw_gui/app/result_views/__init__.py,included_internal
src/pe_claw_gui/app/shell/workspace.py,from,pe_claw_gui.app.result_views,src/pe_claw_gui/app/result_views/__init__.py,included_internal
src/pe_claw_gui/app/shell/workspace.py,from,pe_claw_gui.app.result_views,src/pe_claw_gui/app/result_views/__init__.py,included_internal
src/pe_claw_gui/app/shell/workspace.py,from,pe_claw_gui.app.result_views,src/pe_claw_gui/app/result_views/__init__.py,included_internal
src/pe_claw_gui/app/shell/workspace.py,from,pe_claw_gui.app.result_views,src/pe_claw_gui/app/result_views/__init__.py,included_internal
src/pe_claw_gui/app/shell/workspace.py,from,pe_claw_gui.app.result_views,src/pe_claw_gui/app/result_views/__init__.py,included_internal
src/pe_claw_gui/app/shell/workspace.py,from,pe_claw_gui.app.result_views,src/pe_claw_gui/app/result_views/__init__.py,included_internal
src/pe_claw_gui/app/shell/workspace.py,from,pe_claw_gui.app.result_views,src/pe_claw_gui/app/result_views/__init__.py,included_internal
src/pe_claw_gui/app/shell/workspace.py,from,pe_claw_gui.app.result_views,src/pe_claw_gui/app/result_views/__init__.py,included_internal
src/pe_claw_gui/app/shell/workspace.py,from,pe_claw_gui.app.result_views,src/pe_claw_gui/app/result_views/__init__.py,included_internal
src/pe_claw_gui/app/shell/workspace.py,from,pe_claw_gui.app.result_views,src/pe_claw_gui/app/result_views/__init__.py,included_internal
src/pe_claw_gui/app/shell/workspace.py,from,pe_claw_gui.app.result_views,src/pe_claw_gui/app/result_views/__init__.py,included_internal
src/pe_claw_gui/app/shell/workspace.py,from,pe_claw_gui.app.result_views,src/pe_claw_gui/app/result_views/__init__.py,included_internal
src/pe_claw_gui/app/shell/workspace.py,from,pe_claw_gui.topology_capabilities,src/pe_claw_gui/topology_capabilities.py,included_internal
src/pe_claw_gui/app/shell/workspace.py,from,pe_claw_gui.topology_capabilities,src/pe_claw_gui/topology_capabilities.py,included_internal
src/pe_claw_gui/app/shell/workspace.py,from,pe_claw_gui.topologies.registered_placeholders,src/pe_claw_gui/topologies/registered_placeholders.py,included_internal
src/pe_claw_gui/app/shell/workspace.py,from,pe_claw_gui.app.shell.state_store,src/pe_claw_gui/app/shell/state_store.py,included_internal
src/pe_claw_gui/app/topology_card_assets.py,from,__future__,,external_or_stdlib
src/pe_claw_gui/app/topology_card_assets.py,from,importlib,,external_or_stdlib
src/pe_claw_gui/app/topology_card_assets.py,import,tkinter,,external_or_stdlib
src/pe_claw_gui/app/topology_forms/__init__.py,from,pe_claw_gui.app.topology_forms.base_form,src/pe_claw_gui/app/topology_forms/base_form.py,included_internal
src/pe_claw_gui/app/topology_forms/__init__.py,from,pe_claw_gui.app.topology_forms.base_form,src/pe_claw_gui/app/topology_forms/base_form.py,included_internal
src/pe_claw_gui/app/topology_forms/__init__.py,from,pe_claw_gui.app.topology_forms.base_form,src/pe_claw_gui/app/topology_forms/base_form.py,included_internal
src/pe_claw_gui/app/topology_forms/__init__.py,from,pe_claw_gui.app.topology_forms.boost_form,src/pe_claw_gui/app/topology_forms/boost_form.py,included_internal
src/pe_claw_gui/app/topology_forms/__init__.py,from,pe_claw_gui.app.topology_forms.boost_diode_rectified_unidirectional_form,src/pe_claw_gui/app/topology_forms/boost_diode_rectified_unidirectional_form.py,included_internal
src/pe_claw_gui/app/topology_forms/__init__.py,from,pe_claw_gui.app.topology_forms.boost_synchronous_rectified_unidirectional_form,src/pe_claw_gui/app/topology_forms/boost_synchronous_rectified_unidirectional_form.py,included_internal
src/pe_claw_gui/app/topology_forms/__init__.py,from,pe_claw_gui.app.topology_forms.buck_boost_diode_rectified_unidirectional_form,src/pe_claw_gui/app/topology_forms/buck_boost_diode_rectified_unidirectional_form.py,included_internal
src/pe_claw_gui/app/topology_forms/__init__.py,from,pe_claw_gui.app.topology_forms.buck_diode_rectified_unidirectional_form,src/pe_claw_gui/app/topology_forms/buck_diode_rectified_unidirectional_form.py,included_internal
src/pe_claw_gui/app/topology_forms/__init__.py,from,pe_claw_gui.app.topology_forms.buck_synchronous_rectified_unidirectional_form,src/pe_claw_gui/app/topology_forms/buck_synchronous_rectified_unidirectional_form.py,included_internal
src/pe_claw_gui/app/topology_forms/__init__.py,from,pe_claw_gui.app.topology_forms.buck_form,src/pe_claw_gui/app/topology_forms/buck_form.py,included_internal
src/pe_claw_gui/app/topology_forms/__init__.py,from,pe_claw_gui.app.topology_forms.cllc_form,src/pe_claw_gui/app/topology_forms/cllc_form.py,included_internal
src/pe_claw_gui/app/topology_forms/__init__.py,from,pe_claw_gui.app.topology_forms.dab_form,src/pe_claw_gui/app/topology_forms/dab_form.py,included_internal
src/pe_claw_gui/app/topology_forms/__init__.py,from,pe_claw_gui.app.topology_forms.flyback_diode_rectified_isolated_form,src/pe_claw_gui/app/topology_forms/flyback_diode_rectified_isolated_form.py,included_internal
src/pe_claw_gui/app/topology_forms/__init__.py,from,pe_claw_gui.app.topology_forms.four_switch_buck_boost_simplified_four_mode_form,src/pe_claw_gui/app/topology_forms/four_switch_buck_boost_simplified_four_mode_form.py,included_internal
src/pe_claw_gui/app/topology_forms/__init__.py,from,pe_claw_gui.app.topology_forms.llc_form,src/pe_claw_gui/app/topology_forms/llc_form.py,included_internal
src/pe_claw_gui/app/topology_forms/__init__.py,from,pe_claw_gui.app.topology_forms.psfb_form,src/pe_claw_gui/app/topology_forms/psfb_form.py,included_internal
src/pe_claw_gui/app/topology_forms/__init__.py,from,pe_claw_gui.app.topology_forms.registered_placeholder_form,src/pe_claw_gui/app/topology_forms/registered_placeholder_form.py,included_internal
src/pe_claw_gui/app/topology_forms/__init__.py,from,pe_claw_gui.app.topology_forms.single_phase_diode_bridge_rectifier_capacitor_filter_form,src/pe_claw_gui/app/topology_forms/single_phase_diode_bridge_rectifier_capacitor_filter_form.py,included_internal
src/pe_claw_gui/app/topology_forms/__init__.py,from,pe_claw_gui.app.topology_forms.single_phase_diode_bridge_rectifier_dc_inductor_filter_form,src/pe_claw_gui/app/topology_forms/single_phase_diode_bridge_rectifier_dc_inductor_filter_form.py,included_internal
src/pe_claw_gui/app/topology_forms/__init__.py,from,pe_claw_gui.app.topology_forms.single_phase_full_bridge_inverter_form,src/pe_claw_gui/app/topology_forms/single_phase_full_bridge_inverter_form.py,included_internal
src/pe_claw_gui/app/topology_forms/__init__.py,from,pe_claw_gui.app.topology_forms.single_phase_boost_pfc_diode_bridge_form,src/pe_claw_gui/app/topology_forms/single_phase_boost_pfc_diode_bridge_form.py,included_internal
src/pe_claw_gui/app/topology_forms/__init__.py,from,pe_claw_gui.app.topology_forms.single_phase_totem_pole_bridgeless_pfc_form,src/pe_claw_gui/app/topology_forms/single_phase_totem_pole_bridgeless_pfc_form.py,included_internal
src/pe_claw_gui/app/topology_forms/__init__.py,from,pe_claw_gui.app.topology_forms.three_level_tzcm_fixed_frequency_form,src/pe_claw_gui/app/topology_forms/three_level_tzcm_fixed_frequency_form.py,included_internal
src/pe_claw_gui/app/topology_forms/__init__.py,from,pe_claw_gui.app.topology_forms.three_phase_diode_bridge_rectifier_capacitor_filter_form,src/pe_claw_gui/app/topology_forms/three_phase_diode_bridge_rectifier_capacitor_filter_form.py,included_internal
src/pe_claw_gui/app/topology_forms/__init__.py,from,pe_claw_gui.app.topology_forms.three_phase_three_level_npc_inverter_form,src/pe_claw_gui/app/topology_forms/three_phase_three_level_npc_inverter_form.py,included_internal
src/pe_claw_gui/app/topology_forms/__init__.py,from,pe_claw_gui.app.topology_forms.three_phase_two_level_voltage_source_inverter_form,src/pe_claw_gui/app/topology_forms/three_phase_two_level_voltage_source_inverter_form.py,included_internal
src/pe_claw_gui/app/topology_forms/base_form.py,from,__future__,,external_or_stdlib
src/pe_claw_gui/app/topology_forms/base_form.py,import,tkinter,,external_or_stdlib
src/pe_claw_gui/app/topology_forms/base_form.py,from,dataclasses,,external_or_stdlib
src/pe_claw_gui/app/topology_forms/base_form.py,from,tkinter,,external_or_stdlib
src/pe_claw_gui/app/topology_forms/base_form.py,from,pe_claw_gui.libraries.semiconductors.metadata,src/pe_claw_gui/libraries/semiconductors/metadata.py,included_internal
src/pe_claw_gui/app/topology_forms/base_form.py,from,pe_claw_gui.libraries.semiconductors.metadata,src/pe_claw_gui/libraries/semiconductors/metadata.py,included_internal
src/pe_claw_gui/app/topology_forms/base_form.py,from,pe_claw_gui.libraries.semiconductors.metadata,src/pe_claw_gui/libraries/semiconductors/metadata.py,included_internal
src/pe_claw_gui/app/topology_forms/base_form.py,from,pe_claw_gui.libraries.semiconductors.metadata,src/pe_claw_gui/libraries/semiconductors/metadata.py,included_internal
src/pe_claw_gui/app/topology_forms/base_form.py,from,pe_claw_gui.libraries.semiconductors.metadata,src/pe_claw_gui/libraries/semiconductors/metadata.py,included_internal
src/pe_claw_gui/app/topology_forms/base_form.py,from,pe_claw_gui.libraries.semiconductors.metadata,src/pe_claw_gui/libraries/semiconductors/metadata.py,included_internal
src/pe_claw_gui/app/topology_forms/base_form.py,from,pe_claw_gui.libraries.semiconductors.metadata,src/pe_claw_gui/libraries/semiconductors/metadata.py,included_internal
src/pe_claw_gui/app/topology_forms/base_form.py,from,pe_claw_gui.libraries.semiconductors.metadata,src/pe_claw_gui/libraries/semiconductors/metadata.py,included_internal
src/pe_claw_gui/app/topology_forms/base_form.py,from,pe_claw_gui.libraries.semiconductors.metadata,src/pe_claw_gui/libraries/semiconductors/metadata.py,included_internal
src/pe_claw_gui/app/topology_forms/base_form.py,from,pe_claw_gui.libraries.semiconductors.metadata,src/pe_claw_gui/libraries/semiconductors/metadata.py,included_internal
src/pe_claw_gui/app/topology_forms/base_form.py,from,pe_claw_gui.libraries.semiconductors.metadata,src/pe_claw_gui/libraries/semiconductors/metadata.py,included_internal
src/pe_claw_gui/app/topology_forms/base_form.py,from,pe_claw_gui.libraries.semiconductors.metadata,src/pe_claw_gui/libraries/semiconductors/metadata.py,included_internal
src/pe_claw_gui/app/topology_forms/base_form.py,from,pe_claw_gui.libraries.semiconductors.metadata,src/pe_claw_gui/libraries/semiconductors/metadata.py,included_internal
src/pe_claw_gui/app/topology_forms/base_form.py,from,pe_claw_gui.libraries.semiconductors.metadata,src/pe_claw_gui/libraries/semiconductors/metadata.py,included_internal
src/pe_claw_gui/app/topology_forms/base_form.py,from,pe_claw_gui.libraries.semiconductors.metadata,src/pe_claw_gui/libraries/semiconductors/metadata.py,included_internal
src/pe_claw_gui/app/topology_forms/base_form.py,from,pe_claw_gui.libraries.semiconductors.metadata,src/pe_claw_gui/libraries/semiconductors/metadata.py,included_internal
src/pe_claw_gui/app/topology_forms/base_form.py,from,pe_claw_gui.libraries.semiconductors.metadata,src/pe_claw_gui/libraries/semiconductors/metadata.py,included_internal
src/pe_claw_gui/app/topology_forms/base_form.py,from,pe_claw_gui.libraries.semiconductors.metadata,src/pe_claw_gui/libraries/semiconductors/metadata.py,included_internal
src/pe_claw_gui/app/topology_forms/base_form.py,from,pe_claw_gui.libraries.semiconductors.topology_roles,src/pe_claw_gui/libraries/semiconductors/topology_roles.py,included_internal
src/pe_claw_gui/app/topology_forms/base_form.py,from,pe_claw_gui.models.design_report,src/pe_claw_gui/models/design_report.py,included_internal
src/pe_claw_gui/app/topology_forms/base_form.py,from,pe_claw_gui.models.operating_point,src/pe_claw_gui/models/operating_point.py,included_internal
src/pe_claw_gui/app/topology_forms/boost_diode_rectified_unidirectional_form.py,from,__future__,,external_or_stdlib
src/pe_claw_gui/app/topology_forms/boost_diode_rectified_unidirectional_form.py,import,tkinter,,external_or_stdlib
src/pe_claw_gui/app/topology_forms/boost_diode_rectified_unidirectional_form.py,from,tkinter,,external_or_stdlib
src/pe_claw_gui/app/topology_forms/boost_diode_rectified_unidirectional_form.py,from,pe_claw_gui.app.topology_forms.base_form,src/pe_claw_gui/app/topology_forms/base_form.py,included_internal
src/pe_claw_gui/app/topology_forms/boost_diode_rectified_unidirectional_form.py,from,pe_claw_gui.app.topology_forms.base_form,src/pe_claw_gui/app/topology_forms/base_form.py,included_internal
src/pe_claw_gui/app/topology_forms/boost_form.py,from,__future__,,external_or_stdlib
src/pe_claw_gui/app/topology_forms/boost_form.py,from,pe_claw_gui.app.topology_forms.base_form,src/pe_claw_gui/app/topology_forms/base_form.py,included_internal
src/pe_claw_gui/app/topology_forms/boost_synchronous_rectified_unidirectional_form.py,from,__future__,,external_or_stdlib
src/pe_claw_gui/app/topology_forms/boost_synchronous_rectified_unidirectional_form.py,import,tkinter,,external_or_stdlib
src/pe_claw_gui/app/topology_forms/boost_synchronous_rectified_unidirectional_form.py,from,tkinter,,external_or_stdlib
src/pe_claw_gui/app/topology_forms/boost_synchronous_rectified_unidirectional_form.py,from,pe_claw_gui.app.topology_forms.base_form,src/pe_claw_gui/app/topology_forms/base_form.py,included_internal
src/pe_claw_gui/app/topology_forms/boost_synchronous_rectified_unidirectional_form.py,from,pe_claw_gui.app.topology_forms.base_form,src/pe_claw_gui/app/topology_forms/base_form.py,included_internal
src/pe_claw_gui/app/topology_forms/buck_boost_diode_rectified_unidirectional_form.py,from,__future__,,external_or_stdlib
src/pe_claw_gui/app/topology_forms/buck_boost_diode_rectified_unidirectional_form.py,import,tkinter,,external_or_stdlib
src/pe_claw_gui/app/topology_forms/buck_boost_diode_rectified_unidirectional_form.py,from,tkinter,,external_or_stdlib
src/pe_claw_gui/app/topology_forms/buck_boost_diode_rectified_unidirectional_form.py,from,pe_claw_gui.app.topology_forms.base_form,src/pe_claw_gui/app/topology_forms/base_form.py,included_internal
src/pe_claw_gui/app/topology_forms/buck_boost_diode_rectified_unidirectional_form.py,from,pe_claw_gui.app.topology_forms.base_form,src/pe_claw_gui/app/topology_forms/base_form.py,included_internal
src/pe_claw_gui/app/topology_forms/buck_diode_rectified_unidirectional_form.py,from,__future__,,external_or_stdlib
src/pe_claw_gui/app/topology_forms/buck_diode_rectified_unidirectional_form.py,import,tkinter,,external_or_stdlib
src/pe_claw_gui/app/topology_forms/buck_diode_rectified_unidirectional_form.py,from,tkinter,,external_or_stdlib
src/pe_claw_gui/app/topology_forms/buck_diode_rectified_unidirectional_form.py,from,pe_claw_gui.app.topology_forms.base_form,src/pe_claw_gui/app/topology_forms/base_form.py,included_internal
src/pe_claw_gui/app/topology_forms/buck_diode_rectified_unidirectional_form.py,from,pe_claw_gui.app.topology_forms.base_form,src/pe_claw_gui/app/topology_forms/base_form.py,included_internal
src/pe_claw_gui/app/topology_forms/buck_form.py,from,pe_claw_gui.app.topology_forms.buck_diode_rectified_unidirectional_form,src/pe_claw_gui/app/topology_forms/buck_diode_rectified_unidirectional_form.py,included_internal
src/pe_claw_gui/app/topology_forms/buck_synchronous_rectified_unidirectional_form.py,from,__future__,,external_or_stdlib
src/pe_claw_gui/app/topology_forms/buck_synchronous_rectified_unidirectional_form.py,import,tkinter,,external_or_stdlib
src/pe_claw_gui/app/topology_forms/buck_synchronous_rectified_unidirectional_form.py,from,tkinter,,external_or_stdlib
src/pe_claw_gui/app/topology_forms/buck_synchronous_rectified_unidirectional_form.py,from,pe_claw_gui.app.topology_forms.base_form,src/pe_claw_gui/app/topology_forms/base_form.py,included_internal
src/pe_claw_gui/app/topology_forms/buck_synchronous_rectified_unidirectional_form.py,from,pe_claw_gui.app.topology_forms.base_form,src/pe_claw_gui/app/topology_forms/base_form.py,included_internal
src/pe_claw_gui/app/topology_forms/cllc_form.py,from,__future__,,external_or_stdlib
src/pe_claw_gui/app/topology_forms/cllc_form.py,from,pe_claw_gui.app.topology_forms.base_form,src/pe_claw_gui/app/topology_forms/base_form.py,included_internal
src/pe_claw_gui/app/topology_forms/dab_form.py,from,__future__,,external_or_stdlib
src/pe_claw_gui/app/topology_forms/dab_form.py,from,pe_claw_gui.app.topology_forms.base_form,src/pe_claw_gui/app/topology_forms/base_form.py,included_internal
src/pe_claw_gui/app/topology_forms/flyback_diode_rectified_isolated_form.py,from,__future__,,external_or_stdlib
src/pe_claw_gui/app/topology_forms/flyback_diode_rectified_isolated_form.py,import,tkinter,,external_or_stdlib
src/pe_claw_gui/app/topology_forms/flyback_diode_rectified_isolated_form.py,from,tkinter,,external_or_stdlib
src/pe_claw_gui/app/topology_forms/flyback_diode_rectified_isolated_form.py,from,pe_claw_gui.libraries.semiconductors.metadata,src/pe_claw_gui/libraries/semiconductors/metadata.py,included_internal
src/pe_claw_gui/app/topology_forms/flyback_diode_rectified_isolated_form.py,from,pe_claw_gui.libraries.semiconductors.metadata,src/pe_claw_gui/libraries/semiconductors/metadata.py,included_internal
src/pe_claw_gui/app/topology_forms/flyback_diode_rectified_isolated_form.py,from,pe_claw_gui.libraries.semiconductors.metadata,src/pe_claw_gui/libraries/semiconductors/metadata.py,included_internal
src/pe_claw_gui/app/topology_forms/flyback_diode_rectified_isolated_form.py,from,pe_claw_gui.libraries.semiconductors.metadata,src/pe_claw_gui/libraries/semiconductors/metadata.py,included_internal
src/pe_claw_gui/app/topology_forms/flyback_diode_rectified_isolated_form.py,from,pe_claw_gui.libraries.semiconductors.metadata,src/pe_claw_gui/libraries/semiconductors/metadata.py,included_internal
src/pe_claw_gui/app/topology_forms/flyback_diode_rectified_isolated_form.py,from,pe_claw_gui.libraries.semiconductors.metadata,src/pe_claw_gui/libraries/semiconductors/metadata.py,included_internal
src/pe_claw_gui/app/topology_forms/flyback_diode_rectified_isolated_form.py,from,pe_claw_gui.libraries.semiconductors.metadata,src/pe_claw_gui/libraries/semiconductors/metadata.py,included_internal
src/pe_claw_gui/app/topology_forms/flyback_diode_rectified_isolated_form.py,from,pe_claw_gui.libraries.semiconductors.metadata,src/pe_claw_gui/libraries/semiconductors/metadata.py,included_internal
src/pe_claw_gui/app/topology_forms/flyback_diode_rectified_isolated_form.py,from,pe_claw_gui.app.topology_forms.base_form,src/pe_claw_gui/app/topology_forms/base_form.py,included_internal
src/pe_claw_gui/app/topology_forms/flyback_diode_rectified_isolated_form.py,from,pe_claw_gui.app.topology_forms.base_form,src/pe_claw_gui/app/topology_forms/base_form.py,included_internal
src/pe_claw_gui/app/topology_forms/four_switch_buck_boost_simplified_four_mode_form.py,from,__future__,,external_or_stdlib
src/pe_claw_gui/app/topology_forms/four_switch_buck_boost_simplified_four_mode_form.py,import,tkinter,,external_or_stdlib
src/pe_claw_gui/app/topology_forms/four_switch_buck_boost_simplified_four_mode_form.py,from,tkinter,,external_or_stdlib
src/pe_claw_gui/app/topology_forms/four_switch_buck_boost_simplified_four_mode_form.py,from,pe_claw_gui.app.topology_forms.base_form,src/pe_claw_gui/app/topology_forms/base_form.py,included_internal
src/pe_claw_gui/app/topology_forms/four_switch_buck_boost_simplified_four_mode_form.py,from,pe_claw_gui.app.topology_forms.base_form,src/pe_claw_gui/app/topology_forms/base_form.py,included_internal
src/pe_claw_gui/app/topology_forms/llc_form.py,from,__future__,,external_or_stdlib
src/pe_claw_gui/app/topology_forms/llc_form.py,from,pe_claw_gui.app.topology_forms.base_form,src/pe_claw_gui/app/topology_forms/base_form.py,included_internal
src/pe_claw_gui/app/topology_forms/llc_placeholder_form.py,from,__future__,,external_or_stdlib
src/pe_claw_gui/app/topology_forms/llc_placeholder_form.py,from,tkinter,,external_or_stdlib
src/pe_claw_gui/app/topology_forms/llc_placeholder_form.py,from,pe_claw_gui.app.topology_forms.base_form,src/pe_claw_gui/app/topology_forms/base_form.py,included_internal
src/pe_claw_gui/app/topology_forms/llc_placeholder_form.py,from,pe_claw_gui.app.topology_forms.base_form,src/pe_claw_gui/app/topology_forms/base_form.py,included_internal
src/pe_claw_gui/app/topology_forms/llc_resonant_converter_diode_rectifier_form.py,from,__future__,,external_or_stdlib
src/pe_claw_gui/app/topology_forms/llc_resonant_converter_diode_rectifier_form.py,import,tkinter,,external_or_stdlib
src/pe_claw_gui/app/topology_forms/llc_resonant_converter_diode_rectifier_form.py,from,tkinter,,external_or_stdlib
src/pe_claw_gui/app/topology_forms/llc_resonant_converter_diode_rectifier_form.py,from,pe_claw_gui.models.operating_point,src/pe_claw_gui/models/operating_point.py,included_internal
src/pe_claw_gui/app/topology_forms/llc_resonant_converter_diode_rectifier_form.py,from,pe_claw_gui.libraries.semiconductors.metadata,src/pe_claw_gui/libraries/semiconductors/metadata.py,included_internal
src/pe_claw_gui/app/topology_forms/llc_resonant_converter_diode_rectifier_form.py,from,pe_claw_gui.libraries.semiconductors.metadata,src/pe_claw_gui/libraries/semiconductors/metadata.py,included_internal
src/pe_claw_gui/app/topology_forms/llc_resonant_converter_diode_rectifier_form.py,from,pe_claw_gui.libraries.semiconductors.metadata,src/pe_claw_gui/libraries/semiconductors/metadata.py,included_internal
src/pe_claw_gui/app/topology_forms/llc_resonant_converter_diode_rectifier_form.py,from,pe_claw_gui.libraries.semiconductors.metadata,src/pe_claw_gui/libraries/semiconductors/metadata.py,included_internal
src/pe_claw_gui/app/topology_forms/llc_resonant_converter_diode_rectifier_form.py,from,pe_claw_gui.libraries.semiconductors.metadata,src/pe_claw_gui/libraries/semiconductors/metadata.py,included_internal
src/pe_claw_gui/app/topology_forms/llc_resonant_converter_diode_rectifier_form.py,from,pe_claw_gui.libraries.semiconductors.metadata,src/pe_claw_gui/libraries/semiconductors/metadata.py,included_internal
src/pe_claw_gui/app/topology_forms/llc_resonant_converter_diode_rectifier_form.py,from,pe_claw_gui.libraries.semiconductors.metadata,src/pe_claw_gui/libraries/semiconductors/metadata.py,included_internal
src/pe_claw_gui/app/topology_forms/llc_resonant_converter_diode_rectifier_form.py,from,pe_claw_gui.libraries.semiconductors.metadata,src/pe_claw_gui/libraries/semiconductors/metadata.py,included_internal
src/pe_claw_gui/app/topology_forms/llc_resonant_converter_diode_rectifier_form.py,from,pe_claw_gui.libraries.semiconductors.metadata,src/pe_claw_gui/libraries/semiconductors/metadata.py,included_internal
src/pe_claw_gui/app/topology_forms/llc_resonant_converter_diode_rectifier_form.py,from,pe_claw_gui.libraries.semiconductors.metadata,src/pe_claw_gui/libraries/semiconductors/metadata.py,included_internal
src/pe_claw_gui/app/topology_forms/llc_resonant_converter_diode_rectifier_form.py,from,pe_claw_gui.libraries.semiconductors.metadata,src/pe_claw_gui/libraries/semiconductors/metadata.py,included_internal
src/pe_claw_gui/app/topology_forms/llc_resonant_converter_diode_rectifier_form.py,from,pe_claw_gui.app.topology_forms.llc_placeholder_form,src/pe_claw_gui/app/topology_forms/llc_placeholder_form.py,included_internal
src/pe_claw_gui/app/topology_forms/llc_resonant_converter_diode_rectifier_form.py,from,pe_claw_gui.app.topology_forms.llc_placeholder_form,src/pe_claw_gui/app/topology_forms/llc_placeholder_form.py,included_internal
src/pe_claw_gui/app/topology_forms/llc_resonant_converter_diode_rectifier_form.py,from,pe_claw_gui.app.topology_forms.base_form,src/pe_claw_gui/app/topology_forms/base_form.py,included_internal
src/pe_claw_gui/app/topology_forms/llc_resonant_converter_diode_rectifier_form.py,from,pe_claw_gui.app.topology_forms.base_form,src/pe_claw_gui/app/topology_forms/base_form.py,included_internal
src/pe_claw_gui/app/topology_forms/llc_resonant_converter_diode_rectifier_form.py,from,pe_claw_gui.app.topology_forms.base_form,src/pe_claw_gui/app/topology_forms/base_form.py,included_internal
src/pe_claw_gui/app/topology_forms/llc_resonant_converter_synchronous_rectifier_form.py,from,__future__,,external_or_stdlib
src/pe_claw_gui/app/topology_forms/llc_resonant_converter_synchronous_rectifier_form.py,from,pe_claw_gui.libraries.semiconductors.metadata,src/pe_claw_gui/libraries/semiconductors/metadata.py,included_internal
src/pe_claw_gui/app/topology_forms/llc_resonant_converter_synchronous_rectifier_form.py,from,pe_claw_gui.libraries.semiconductors.metadata,src/pe_claw_gui/libraries/semiconductors/metadata.py,included_internal
src/pe_claw_gui/app/topology_forms/llc_resonant_converter_synchronous_rectifier_form.py,from,pe_claw_gui.libraries.semiconductors.metadata,src/pe_claw_gui/libraries/semiconductors/metadata.py,included_internal
src/pe_claw_gui/app/topology_forms/llc_resonant_converter_synchronous_rectifier_form.py,from,pe_claw_gui.libraries.semiconductors.metadata,src/pe_claw_gui/libraries/semiconductors/metadata.py,included_internal
src/pe_claw_gui/app/topology_forms/llc_resonant_converter_synchronous_rectifier_form.py,from,pe_claw_gui.libraries.semiconductors.metadata,src/pe_claw_gui/libraries/semiconductors/metadata.py,included_internal
src/pe_claw_gui/app/topology_forms/llc_resonant_converter_synchronous_rectifier_form.py,from,pe_claw_gui.libraries.semiconductors.metadata,src/pe_claw_gui/libraries/semiconductors/metadata.py,included_internal
src/pe_claw_gui/app/topology_forms/llc_resonant_converter_synchronous_rectifier_form.py,from,pe_claw_gui.libraries.semiconductors.metadata,src/pe_claw_gui/libraries/semiconductors/metadata.py,included_internal
src/pe_claw_gui/app/topology_forms/llc_resonant_converter_synchronous_rectifier_form.py,from,pe_claw_gui.libraries.semiconductors.metadata,src/pe_claw_gui/libraries/semiconductors/metadata.py,included_internal
src/pe_claw_gui/app/topology_forms/llc_resonant_converter_synchronous_rectifier_form.py,from,pe_claw_gui.libraries.semiconductors.metadata,src/pe_claw_gui/libraries/semiconductors/metadata.py,included_internal
src/pe_claw_gui/app/topology_forms/llc_resonant_converter_synchronous_rectifier_form.py,from,pe_claw_gui.libraries.semiconductors.metadata,src/pe_claw_gui/libraries/semiconductors/metadata.py,included_internal
src/pe_claw_gui/app/topology_forms/llc_resonant_converter_synchronous_rectifier_form.py,from,pe_claw_gui.libraries.semiconductors.metadata,src/pe_claw_gui/libraries/semiconductors/metadata.py,included_internal
src/pe_claw_gui/app/topology_forms/llc_resonant_converter_synchronous_rectifier_form.py,from,pe_claw_gui.topologies.dc_dc.llc_resonant_converter_synchronous_rectifier.input_schema,src/pe_claw_gui/topologies/dc_dc/llc_resonant_converter_synchronous_rectifier/input_schema.py,included_internal
src/pe_claw_gui/app/topology_forms/llc_resonant_converter_synchronous_rectifier_form.py,from,pe_claw_gui.topologies.dc_dc.llc_resonant_converter_synchronous_rectifier.input_schema,src/pe_claw_gui/topologies/dc_dc/llc_resonant_converter_synchronous_rectifier/input_schema.py,included_internal
src/pe_claw_gui/app/topology_forms/llc_resonant_converter_synchronous_rectifier_form.py,from,pe_claw_gui.topologies.dc_dc.llc_resonant_converter_synchronous_rectifier.input_schema,src/pe_claw_gui/topologies/dc_dc/llc_resonant_converter_synchronous_rectifier/input_schema.py,included_internal
src/pe_claw_gui/app/topology_forms/llc_resonant_converter_synchronous_rectifier_form.py,from,pe_claw_gui.app.topology_forms.base_form,src/pe_claw_gui/app/topology_forms/base_form.py,included_internal
src/pe_claw_gui/app/topology_forms/llc_resonant_converter_synchronous_rectifier_form.py,from,pe_claw_gui.app.topology_forms.llc_resonant_converter_diode_rectifier_form,src/pe_claw_gui/app/topology_forms/llc_resonant_converter_diode_rectifier_form.py,included_internal
src/pe_claw_gui/app/topology_forms/psfb_form.py,from,__future__,,external_or_stdlib
src/pe_claw_gui/app/topology_forms/psfb_form.py,import,tkinter,,external_or_stdlib
src/pe_claw_gui/app/topology_forms/psfb_form.py,from,tkinter,,external_or_stdlib
src/pe_claw_gui/app/topology_forms/psfb_form.py,from,pe_claw_gui.libraries.semiconductors.metadata,src/pe_claw_gui/libraries/semiconductors/metadata.py,included_internal
src/pe_claw_gui/app/topology_forms/psfb_form.py,from,pe_claw_gui.libraries.semiconductors.metadata,src/pe_claw_gui/libraries/semiconductors/metadata.py,included_internal
src/pe_claw_gui/app/topology_forms/psfb_form.py,from,pe_claw_gui.libraries.semiconductors.metadata,src/pe_claw_gui/libraries/semiconductors/metadata.py,included_internal
src/pe_claw_gui/app/topology_forms/psfb_form.py,from,pe_claw_gui.libraries.semiconductors.metadata,src/pe_claw_gui/libraries/semiconductors/metadata.py,included_internal
src/pe_claw_gui/app/topology_forms/psfb_form.py,from,pe_claw_gui.libraries.semiconductors.metadata,src/pe_claw_gui/libraries/semiconductors/metadata.py,included_internal
src/pe_claw_gui/app/topology_forms/psfb_form.py,from,pe_claw_gui.libraries.semiconductors.metadata,src/pe_claw_gui/libraries/semiconductors/metadata.py,included_internal
src/pe_claw_gui/app/topology_forms/psfb_form.py,from,pe_claw_gui.libraries.semiconductors.metadata,src/pe_claw_gui/libraries/semiconductors/metadata.py,included_internal
src/pe_claw_gui/app/topology_forms/psfb_form.py,from,pe_claw_gui.libraries.semiconductors.metadata,src/pe_claw_gui/libraries/semiconductors/metadata.py,included_internal
src/pe_claw_gui/app/topology_forms/psfb_form.py,from,pe_claw_gui.topologies.dc_dc.phase_shifted_full_bridge_diode_rectifier_isolated.input_schema,src/pe_claw_gui/topologies/dc_dc/phase_shifted_full_bridge_diode_rectifier_isolated/input_schema.py,included_internal
src/pe_claw_gui/app/topology_forms/psfb_form.py,from,pe_claw_gui.app.topology_forms.base_form,src/pe_claw_gui/app/topology_forms/base_form.py,included_internal
src/pe_claw_gui/app/topology_forms/psfb_form.py,from,pe_claw_gui.app.topology_forms.base_form,src/pe_claw_gui/app/topology_forms/base_form.py,included_internal
src/pe_claw_gui/app/topology_forms/registered_placeholder_form.py,from,__future__,,external_or_stdlib
src/pe_claw_gui/app/topology_forms/registered_placeholder_form.py,from,tkinter,,external_or_stdlib
src/pe_claw_gui/app/topology_forms/registered_placeholder_form.py,from,pe_claw_gui.topologies.registered_placeholders,src/pe_claw_gui/topologies/registered_placeholders.py,included_internal
src/pe_claw_gui/app/topology_forms/registered_placeholder_form.py,from,pe_claw_gui.topologies.registered_placeholders,src/pe_claw_gui/topologies/registered_placeholders.py,included_internal
src/pe_claw_gui/app/topology_forms/registered_placeholder_form.py,from,pe_claw_gui.topologies.registered_placeholders,src/pe_claw_gui/topologies/registered_placeholders.py,included_internal
src/pe_claw_gui/app/topology_forms/registered_placeholder_form.py,from,pe_claw_gui.topologies.registered_placeholders,src/pe_claw_gui/topologies/registered_placeholders.py,included_internal
src/pe_claw_gui/app/topology_forms/registered_placeholder_form.py,from,pe_claw_gui.topologies.registered_placeholders,src/pe_claw_gui/topologies/registered_placeholders.py,included_internal
src/pe_claw_gui/app/topology_forms/registered_placeholder_form.py,from,pe_claw_gui.app.topology_forms.base_form,src/pe_claw_gui/app/topology_forms/base_form.py,included_internal
src/pe_claw_gui/app/topology_forms/single_phase_boost_pfc_diode_bridge_form.py,from,__future__,,external_or_stdlib
src/pe_claw_gui/app/topology_forms/single_phase_boost_pfc_diode_bridge_form.py,import,tkinter,,external_or_stdlib
src/pe_claw_gui/app/topology_forms/single_phase_boost_pfc_diode_bridge_form.py,from,tkinter,,external_or_stdlib
src/pe_claw_gui/app/topology_forms/single_phase_boost_pfc_diode_bridge_form.py,from,pe_claw_gui.app.topology_forms.base_form,src/pe_claw_gui/app/topology_forms/base_form.py,included_internal
src/pe_claw_gui/app/topology_forms/single_phase_boost_pfc_diode_bridge_form.py,from,pe_claw_gui.app.topology_forms.base_form,src/pe_claw_gui/app/topology_forms/base_form.py,included_internal
src/pe_claw_gui/app/topology_forms/single_phase_boost_pfc_diode_bridge_form.py,from,pe_claw_gui.models.design_report,src/pe_claw_gui/models/design_report.py,included_internal
src/pe_claw_gui/app/topology_forms/single_phase_boost_pfc_diode_bridge_form.py,from,pe_claw_gui.models.operating_point,src/pe_claw_gui/models/operating_point.py,included_internal
src/pe_claw_gui/app/topology_forms/single_phase_diode_bridge_rectifier_capacitor_filter_form.py,from,__future__,,external_or_stdlib
src/pe_claw_gui/app/topology_forms/single_phase_diode_bridge_rectifier_capacitor_filter_form.py,import,tkinter,,external_or_stdlib
src/pe_claw_gui/app/topology_forms/single_phase_diode_bridge_rectifier_capacitor_filter_form.py,from,tkinter,,external_or_stdlib
src/pe_claw_gui/app/topology_forms/single_phase_diode_bridge_rectifier_capacitor_filter_form.py,from,pe_claw_gui.app.topology_forms.base_form,src/pe_claw_gui/app/topology_forms/base_form.py,included_internal
src/pe_claw_gui/app/topology_forms/single_phase_diode_bridge_rectifier_capacitor_filter_form.py,from,pe_claw_gui.app.topology_forms.base_form,src/pe_claw_gui/app/topology_forms/base_form.py,included_internal
src/pe_claw_gui/app/topology_forms/single_phase_diode_bridge_rectifier_capacitor_filter_form.py,from,pe_claw_gui.models.design_report,src/pe_claw_gui/models/design_report.py,included_internal
src/pe_claw_gui/app/topology_forms/single_phase_diode_bridge_rectifier_capacitor_filter_form.py,from,pe_claw_gui.models.operating_point,src/pe_claw_gui/models/operating_point.py,included_internal
src/pe_claw_gui/app/topology_forms/single_phase_diode_bridge_rectifier_dc_inductor_filter_form.py,from,__future__,,external_or_stdlib
src/pe_claw_gui/app/topology_forms/single_phase_diode_bridge_rectifier_dc_inductor_filter_form.py,import,tkinter,,external_or_stdlib
src/pe_claw_gui/app/topology_forms/single_phase_diode_bridge_rectifier_dc_inductor_filter_form.py,from,tkinter,,external_or_stdlib
src/pe_claw_gui/app/topology_forms/single_phase_diode_bridge_rectifier_dc_inductor_filter_form.py,from,pe_claw_gui.app.topology_forms.base_form,src/pe_claw_gui/app/topology_forms/base_form.py,included_internal
src/pe_claw_gui/app/topology_forms/single_phase_diode_bridge_rectifier_dc_inductor_filter_form.py,from,pe_claw_gui.app.topology_forms.base_form,src/pe_claw_gui/app/topology_forms/base_form.py,included_internal
src/pe_claw_gui/app/topology_forms/single_phase_diode_bridge_rectifier_dc_inductor_filter_form.py,from,pe_claw_gui.models.design_report,src/pe_claw_gui/models/design_report.py,included_internal
src/pe_claw_gui/app/topology_forms/single_phase_diode_bridge_rectifier_dc_inductor_filter_form.py,from,pe_claw_gui.models.operating_point,src/pe_claw_gui/models/operating_point.py,included_internal
src/pe_claw_gui/app/topology_forms/single_phase_full_bridge_inverter_form.py,from,__future__,,external_or_stdlib
src/pe_claw_gui/app/topology_forms/single_phase_full_bridge_inverter_form.py,import,tkinter,,external_or_stdlib
src/pe_claw_gui/app/topology_forms/single_phase_full_bridge_inverter_form.py,from,tkinter,,external_or_stdlib
src/pe_claw_gui/app/topology_forms/single_phase_full_bridge_inverter_form.py,from,pe_claw_gui.models.design_report,src/pe_claw_gui/models/design_report.py,included_internal
src/pe_claw_gui/app/topology_forms/single_phase_full_bridge_inverter_form.py,from,pe_claw_gui.models.operating_point,src/pe_claw_gui/models/operating_point.py,included_internal
src/pe_claw_gui/app/topology_forms/single_phase_full_bridge_inverter_form.py,from,pe_claw_gui.app.topology_forms.base_form,src/pe_claw_gui/app/topology_forms/base_form.py,included_internal
src/pe_claw_gui/app/topology_forms/single_phase_full_bridge_inverter_form.py,from,pe_claw_gui.app.topology_forms.base_form,src/pe_claw_gui/app/topology_forms/base_form.py,included_internal
src/pe_claw_gui/app/topology_forms/single_phase_totem_pole_bridgeless_pfc_form.py,from,__future__,,external_or_stdlib
src/pe_claw_gui/app/topology_forms/single_phase_totem_pole_bridgeless_pfc_form.py,import,tkinter,,external_or_stdlib
src/pe_claw_gui/app/topology_forms/single_phase_totem_pole_bridgeless_pfc_form.py,from,tkinter,,external_or_stdlib
src/pe_claw_gui/app/topology_forms/single_phase_totem_pole_bridgeless_pfc_form.py,from,pe_claw_gui.app.topology_forms.base_form,src/pe_claw_gui/app/topology_forms/base_form.py,included_internal
src/pe_claw_gui/app/topology_forms/single_phase_totem_pole_bridgeless_pfc_form.py,from,pe_claw_gui.app.topology_forms.base_form,src/pe_claw_gui/app/topology_forms/base_form.py,included_internal
src/pe_claw_gui/app/topology_forms/single_phase_totem_pole_bridgeless_pfc_form.py,from,pe_claw_gui.models.design_report,src/pe_claw_gui/models/design_report.py,included_internal
src/pe_claw_gui/app/topology_forms/single_phase_totem_pole_bridgeless_pfc_form.py,from,pe_claw_gui.models.operating_point,src/pe_claw_gui/models/operating_point.py,included_internal
src/pe_claw_gui/app/topology_forms/three_level_tzcm_fixed_frequency_form.py,from,__future__,,external_or_stdlib
src/pe_claw_gui/app/topology_forms/three_level_tzcm_fixed_frequency_form.py,import,tkinter,,external_or_stdlib
src/pe_claw_gui/app/topology_forms/three_level_tzcm_fixed_frequency_form.py,from,tkinter,,external_or_stdlib
src/pe_claw_gui/app/topology_forms/three_level_tzcm_fixed_frequency_form.py,from,pe_claw_gui.app.topology_forms.base_form,src/pe_claw_gui/app/topology_forms/base_form.py,included_internal
src/pe_claw_gui/app/topology_forms/three_level_tzcm_fixed_frequency_form.py,from,pe_claw_gui.app.topology_forms.base_form,src/pe_claw_gui/app/topology_forms/base_form.py,included_internal
src/pe_claw_gui/app/topology_forms/three_level_tzcm_fixed_frequency_form.py,from,pe_claw_gui.models.operating_point,src/pe_claw_gui/models/operating_point.py,included_internal
src/pe_claw_gui/app/topology_forms/three_phase_diode_bridge_rectifier_capacitor_filter_form.py,from,__future__,,external_or_stdlib
src/pe_claw_gui/app/topology_forms/three_phase_diode_bridge_rectifier_capacitor_filter_form.py,import,tkinter,,external_or_stdlib
src/pe_claw_gui/app/topology_forms/three_phase_diode_bridge_rectifier_capacitor_filter_form.py,from,tkinter,,external_or_stdlib
src/pe_claw_gui/app/topology_forms/three_phase_diode_bridge_rectifier_capacitor_filter_form.py,from,pe_claw_gui.models.design_report,src/pe_claw_gui/models/design_report.py,included_internal
src/pe_claw_gui/app/topology_forms/three_phase_diode_bridge_rectifier_capacitor_filter_form.py,from,pe_claw_gui.models.operating_point,src/pe_claw_gui/models/operating_point.py,included_internal
src/pe_claw_gui/app/topology_forms/three_phase_diode_bridge_rectifier_capacitor_filter_form.py,from,pe_claw_gui.app.topology_forms.base_form,src/pe_claw_gui/app/topology_forms/base_form.py,included_internal
src/pe_claw_gui/app/topology_forms/three_phase_diode_bridge_rectifier_capacitor_filter_form.py,from,pe_claw_gui.app.topology_forms.base_form,src/pe_claw_gui/app/topology_forms/base_form.py,included_internal
src/pe_claw_gui/app/topology_forms/three_phase_three_level_npc_inverter_form.py,from,__future__,,external_or_stdlib
src/pe_claw_gui/app/topology_forms/three_phase_three_level_npc_inverter_form.py,import,tkinter,,external_or_stdlib
src/pe_claw_gui/app/topology_forms/three_phase_three_level_npc_inverter_form.py,from,tkinter,,external_or_stdlib
src/pe_claw_gui/app/topology_forms/three_phase_three_level_npc_inverter_form.py,from,pe_claw_gui.models.operating_point,src/pe_claw_gui/models/operating_point.py,included_internal
src/pe_claw_gui/app/topology_forms/three_phase_three_level_npc_inverter_form.py,from,pe_claw_gui.app.topology_forms.base_form,src/pe_claw_gui/app/topology_forms/base_form.py,included_internal
src/pe_claw_gui/app/topology_forms/three_phase_three_level_npc_inverter_form.py,from,pe_claw_gui.app.topology_forms.base_form,src/pe_claw_gui/app/topology_forms/base_form.py,included_internal
src/pe_claw_gui/app/topology_forms/three_phase_two_level_voltage_source_inverter_form.py,from,__future__,,external_or_stdlib
src/pe_claw_gui/app/topology_forms/three_phase_two_level_voltage_source_inverter_form.py,import,tkinter,,external_or_stdlib
src/pe_claw_gui/app/topology_forms/three_phase_two_level_voltage_source_inverter_form.py,from,tkinter,,external_or_stdlib
src/pe_claw_gui/app/topology_forms/three_phase_two_level_voltage_source_inverter_form.py,from,pe_claw_gui.models.design_report,src/pe_claw_gui/models/design_report.py,included_internal
src/pe_claw_gui/app/topology_forms/three_phase_two_level_voltage_source_inverter_form.py,from,pe_claw_gui.models.operating_point,src/pe_claw_gui/models/operating_point.py,included_internal
src/pe_claw_gui/app/topology_forms/three_phase_two_level_voltage_source_inverter_form.py,from,pe_claw_gui.app.topology_forms.base_form,src/pe_claw_gui/app/topology_forms/base_form.py,included_internal
src/pe_claw_gui/app/topology_forms/three_phase_two_level_voltage_source_inverter_form.py,from,pe_claw_gui.app.topology_forms.base_form,src/pe_claw_gui/app/topology_forms/base_form.py,included_internal
src/pe_claw_gui/engines/capacitors/__init__.py,from,pe_claw_gui.engines.capacitors.artifacts,src/pe_claw_gui/engines/capacitors/artifacts.py,included_internal
src/pe_claw_gui/engines/capacitors/__init__.py,from,pe_claw_gui.engines.capacitors.pareto,src/pe_claw_gui/engines/capacitors/pareto.py,included_internal
src/pe_claw_gui/engines/capacitors/__init__.py,from,pe_claw_gui.engines.capacitors.pareto,src/pe_claw_gui/engines/capacitors/pareto.py,included_internal
src/pe_claw_gui/engines/capacitors/__init__.py,from,pe_claw_gui.engines.capacitors.selection,src/pe_claw_gui/engines/capacitors/selection.py,included_internal
src/pe_claw_gui/engines/capacitors/__init__.py,from,pe_claw_gui.engines.capacitors.selection,src/pe_claw_gui/engines/capacitors/selection.py,included_internal
src/pe_claw_gui/engines/capacitors/artifacts.py,from,__future__,,external_or_stdlib
src/pe_claw_gui/engines/capacitors/artifacts.py,import,csv,,external_or_stdlib
src/pe_claw_gui/engines/capacitors/artifacts.py,import,time,,external_or_stdlib
src/pe_claw_gui/engines/capacitors/artifacts.py,from,dataclasses,,external_or_stdlib
src/pe_claw_gui/engines/capacitors/artifacts.py,from,pathlib,,external_or_stdlib
src/pe_claw_gui/engines/capacitors/artifacts.py,from,matplotlib.figure,,external_or_stdlib
src/pe_claw_gui/engines/capacitors/artifacts.py,from,pe_claw_gui.models.capacitor,src/pe_claw_gui/models/capacitor.py,included_internal
src/pe_claw_gui/engines/capacitors/artifacts.py,from,pe_claw_gui.models.capacitor,src/pe_claw_gui/models/capacitor.py,included_internal
src/pe_claw_gui/engines/capacitors/artifacts.py,from,pe_claw_gui.models.capacitor,src/pe_claw_gui/models/capacitor.py,included_internal
src/pe_claw_gui/engines/capacitors/llc_resonant.py,from,__future__,,external_or_stdlib
src/pe_claw_gui/engines/capacitors/llc_resonant.py,import,csv,,external_or_stdlib
src/pe_claw_gui/engines/capacitors/llc_resonant.py,import,math,,external_or_stdlib
src/pe_claw_gui/engines/capacitors/llc_resonant.py,from,dataclasses,,external_or_stdlib
src/pe_claw_gui/engines/capacitors/llc_resonant.py,from,pathlib,,external_or_stdlib
src/pe_claw_gui/engines/capacitors/llc_resonant.py,from,matplotlib.figure,,external_or_stdlib
src/pe_claw_gui/engines/capacitors/llc_resonant.py,from,pe_claw_gui.models.capacitor,src/pe_claw_gui/models/capacitor.py,included_internal
src/pe_claw_gui/engines/capacitors/llc_resonant.py,from,pe_claw_gui.models.capacitor,src/pe_claw_gui/models/capacitor.py,included_internal
src/pe_claw_gui/engines/capacitors/llc_resonant.py,from,pe_claw_gui.models.capacitor,src/pe_claw_gui/models/capacitor.py,included_internal
src/pe_claw_gui/engines/capacitors/llc_resonant.py,from,pe_claw_gui.models.capacitor,src/pe_claw_gui/models/capacitor.py,included_internal
src/pe_claw_gui/engines/capacitors/pareto.py,from,__future__,,external_or_stdlib
src/pe_claw_gui/engines/capacitors/pareto.py,import,math,,external_or_stdlib
src/pe_claw_gui/engines/capacitors/pareto.py,from,dataclasses,,external_or_stdlib
src/pe_claw_gui/engines/capacitors/pareto.py,from,dataclasses,,external_or_stdlib
src/pe_claw_gui/engines/capacitors/pareto.py,from,pe_claw_gui.models.capacitor,src/pe_claw_gui/models/capacitor.py,included_internal
src/pe_claw_gui/engines/capacitors/selection.py,from,__future__,,external_or_stdlib
src/pe_claw_gui/engines/capacitors/selection.py,import,math,,external_or_stdlib
src/pe_claw_gui/engines/capacitors/selection.py,import,time,,external_or_stdlib
src/pe_claw_gui/engines/capacitors/selection.py,from,collections,,external_or_stdlib
src/pe_claw_gui/engines/capacitors/selection.py,from,dataclasses,,external_or_stdlib
src/pe_claw_gui/engines/capacitors/selection.py,from,dataclasses,,external_or_stdlib
src/pe_claw_gui/engines/capacitors/selection.py,from,pe_claw_gui.models.capacitor,src/pe_claw_gui/models/capacitor.py,included_internal
src/pe_claw_gui/engines/capacitors/selection.py,from,pe_claw_gui.models.capacitor,src/pe_claw_gui/models/capacitor.py,included_internal
src/pe_claw_gui/engines/capacitors/selection.py,from,pe_claw_gui.models.capacitor,src/pe_claw_gui/models/capacitor.py,included_internal
src/pe_claw_gui/engines/capacitors/selection.py,from,pe_claw_gui.models.capacitor,src/pe_claw_gui/models/capacitor.py,included_internal
src/pe_claw_gui/engines/capacitors/selection.py,from,pe_claw_gui.engines.capacitors.pareto,src/pe_claw_gui/engines/capacitors/pareto.py,included_internal
src/pe_claw_gui/engines/capacitors/selection.py,from,pe_claw_gui.engines.capacitors.pareto,src/pe_claw_gui/engines/capacitors/pareto.py,included_internal
src/pe_claw_gui/engines/capacitors/selection.py,from,pe_claw_gui.engines.capacitors.pareto,src/pe_claw_gui/engines/capacitors/pareto.py,included_internal
src/pe_claw_gui/engines/capacitors/selection.py,from,pe_claw_gui.engines.capacitors.pareto,src/pe_claw_gui/engines/capacitors/pareto.py,included_internal
src/pe_claw_gui/engines/decision/topology_recommender.py,from,__future__,,external_or_stdlib
src/pe_claw_gui/engines/decision/topology_recommender.py,from,pe_claw_gui.models.topology_recommendation,src/pe_claw_gui/models/topology_recommendation.py,included_internal
src/pe_claw_gui/engines/decision/topology_recommender.py,from,pe_claw_gui.models.design_intent,src/pe_claw_gui/models/design_intent.py,included_internal
src/pe_claw_gui/engines/decision/topology_recommender.py,from,pe_claw_gui.topologies.base.registry,src/pe_claw_gui/topologies/base/registry.py,included_internal
src/pe_claw_gui/engines/decision/topology_recommender.py,from,pe_claw_gui.topologies.base.registry,src/pe_claw_gui/topologies/base/registry.py,included_internal
src/pe_claw_gui/engines/devices/bridge_rectifier_selector.py,from,__future__,,external_or_stdlib
src/pe_claw_gui/engines/devices/bridge_rectifier_selector.py,from,collections,,external_or_stdlib
src/pe_claw_gui/engines/devices/bridge_rectifier_selector.py,from,collections.abc,,external_or_stdlib
src/pe_claw_gui/engines/devices/bridge_rectifier_selector.py,from,dataclasses,,external_or_stdlib
src/pe_claw_gui/engines/devices/bridge_rectifier_selector.py,from,pe_claw_gui.engines.devices.thermal_backsolve,src/pe_claw_gui/engines/devices/thermal_backsolve.py,included_internal
src/pe_claw_gui/engines/devices/bridge_rectifier_selector.py,from,pe_claw_gui.engines.devices.thermal_backsolve,src/pe_claw_gui/engines/devices/thermal_backsolve.py,included_internal
src/pe_claw_gui/engines/devices/bridge_rectifier_selector.py,from,pe_claw_gui.models.bridge_rectifier,src/pe_claw_gui/models/bridge_rectifier.py,included_internal
src/pe_claw_gui/engines/devices/bridge_rectifier_selector.py,from,pe_claw_gui.models.bridge_rectifier,src/pe_claw_gui/models/bridge_rectifier.py,included_internal
src/pe_claw_gui/engines/devices/bridge_rectifier_selector.py,from,pe_claw_gui.models.bridge_rectifier,src/pe_claw_gui/models/bridge_rectifier.py,included_internal
src/pe_claw_gui/engines/devices/bridge_rectifier_selector.py,from,pe_claw_gui.models.bridge_rectifier,src/pe_claw_gui/models/bridge_rectifier.py,included_internal
src/pe_claw_gui/engines/devices/bridge_rectifier_selector.py,from,pe_claw_gui.models.bridge_rectifier,src/pe_claw_gui/models/bridge_rectifier.py,included_internal
src/pe_claw_gui/engines/devices/bridge_rectifier_selector.py,from,pe_claw_gui.models.bridge_rectifier,src/pe_claw_gui/models/bridge_rectifier.py,included_internal
src/pe_claw_gui/engines/devices/bridge_rectifier_selector.py,from,pe_claw_gui.models.bridge_rectifier,src/pe_claw_gui/models/bridge_rectifier.py,included_internal
src/pe_claw_gui/engines/devices/database.py,from,__future__,,external_or_stdlib
src/pe_claw_gui/engines/devices/database.py,import,csv,,external_or_stdlib
src/pe_claw_gui/engines/devices/database.py,from,pathlib,,external_or_stdlib
src/pe_claw_gui/engines/devices/filters.py,from,__future__,,external_or_stdlib
src/pe_claw_gui/engines/devices/filters.py,from,dataclasses,,external_or_stdlib
src/pe_claw_gui/engines/devices/filters.py,from,dataclasses,,external_or_stdlib
src/pe_claw_gui/engines/devices/filters.py,from,typing,,external_or_stdlib
src/pe_claw_gui/engines/devices/filters.py,from,pe_claw_gui.libraries.semiconductors.mitsubishi.igbt_modules,src/pe_claw_gui/libraries/semiconductors/mitsubishi/igbt_modules.py,included_internal
src/pe_claw_gui/engines/devices/filters.py,from,pe_claw_gui.libraries.semiconductors.metadata,src/pe_claw_gui/libraries/semiconductors/metadata.py,included_internal
src/pe_claw_gui/engines/devices/filters.py,from,pe_claw_gui.libraries.semiconductors.metadata,src/pe_claw_gui/libraries/semiconductors/metadata.py,included_internal
src/pe_claw_gui/engines/devices/filters.py,from,pe_claw_gui.libraries.semiconductors.metadata,src/pe_claw_gui/libraries/semiconductors/metadata.py,included_internal
src/pe_claw_gui/engines/devices/filters.py,from,pe_claw_gui.libraries.semiconductors.metadata,src/pe_claw_gui/libraries/semiconductors/metadata.py,included_internal
src/pe_claw_gui/engines/devices/filters.py,from,pe_claw_gui.libraries.semiconductors.metadata,src/pe_claw_gui/libraries/semiconductors/metadata.py,included_internal
src/pe_claw_gui/engines/devices/filters.py,from,pe_claw_gui.libraries.semiconductors.power_device,src/pe_claw_gui/libraries/semiconductors/power_device.py,included_internal
src/pe_claw_gui/engines/devices/filters.py,from,pe_claw_gui.libraries.semiconductors.topology_roles,src/pe_claw_gui/libraries/semiconductors/topology_roles.py,included_internal
src/pe_claw_gui/engines/devices/filters.py,from,pe_claw_gui.models.device_loss,src/pe_claw_gui/models/device_loss.py,included_internal
src/pe_claw_gui/engines/devices/inverter_segmented_loss.py,from,__future__,,external_or_stdlib
src/pe_claw_gui/engines/devices/inverter_segmented_loss.py,from,dataclasses,,external_or_stdlib
src/pe_claw_gui/engines/devices/inverter_segmented_loss.py,from,dataclasses,,external_or_stdlib
src/pe_claw_gui/engines/devices/inverter_segmented_loss.py,import,math,,external_or_stdlib
src/pe_claw_gui/engines/devices/inverter_segmented_loss.py,from,pe_claw_gui.libraries.semiconductors.power_device,src/pe_claw_gui/libraries/semiconductors/power_device.py,included_internal
src/pe_claw_gui/engines/devices/inverter_segmented_loss.py,from,pe_claw_gui.models.design_report,src/pe_claw_gui/models/design_report.py,included_internal
src/pe_claw_gui/engines/devices/inverter_segmented_loss.py,from,pe_claw_gui.models.device_loss,src/pe_claw_gui/models/device_loss.py,included_internal
src/pe_claw_gui/engines/devices/inverter_segmented_loss.py,from,pe_claw_gui.models.device_loss,src/pe_claw_gui/models/device_loss.py,included_internal
src/pe_claw_gui/engines/devices/inverter_segmented_loss.py,from,pe_claw_gui.models.operating_point,src/pe_claw_gui/models/operating_point.py,included_internal
src/pe_claw_gui/engines/devices/inverter_segmented_loss.py,from,pe_claw_gui.engines.devices.loss_evaluator,src/pe_claw_gui/engines/devices/loss_evaluator.py,included_internal
src/pe_claw_gui/engines/devices/loss_evaluator.py,from,__future__,,external_or_stdlib
src/pe_claw_gui/engines/devices/loss_evaluator.py,import,math,,external_or_stdlib
src/pe_claw_gui/engines/devices/loss_evaluator.py,from,typing,,external_or_stdlib
src/pe_claw_gui/engines/devices/loss_evaluator.py,from,pe_claw_gui.libraries.semiconductors.mitsubishi.igbt_modules,src/pe_claw_gui/libraries/semiconductors/mitsubishi/igbt_modules.py,included_internal
src/pe_claw_gui/engines/devices/loss_evaluator.py,from,pe_claw_gui.libraries.semiconductors.power_device,src/pe_claw_gui/libraries/semiconductors/power_device.py,included_internal
src/pe_claw_gui/engines/devices/loss_evaluator.py,from,pe_claw_gui.libraries.semiconductors.rohm.rg_igbt_series,src/pe_claw_gui/libraries/semiconductors/rohm/rg_igbt_series.py,included_internal
src/pe_claw_gui/engines/devices/loss_evaluator.py,from,pe_claw_gui.libraries.semiconductors.rohm.sc_series,src/pe_claw_gui/libraries/semiconductors/rohm/sc_series.py,included_internal
src/pe_claw_gui/engines/devices/loss_evaluator.py,from,pe_claw_gui.libraries.semiconductors.rohm.sic_modules,src/pe_claw_gui/libraries/semiconductors/rohm/sic_modules.py,included_internal
src/pe_claw_gui/engines/devices/loss_evaluator.py,from,pe_claw_gui.libraries.semiconductors.wolfspeed.modules,src/pe_claw_gui/libraries/semiconductors/wolfspeed/modules.py,included_internal
src/pe_claw_gui/engines/devices/loss_evaluator.py,from,pe_claw_gui.models.device_loss,src/pe_claw_gui/models/device_loss.py,included_internal
src/pe_claw_gui/engines/devices/loss_evaluator.py,from,pe_claw_gui.models.device_loss,src/pe_claw_gui/models/device_loss.py,included_internal
src/pe_claw_gui/engines/devices/loss_evaluator.py,from,pe_claw_gui.engines.devices.thermal_backsolve,src/pe_claw_gui/engines/devices/thermal_backsolve.py,included_internal
src/pe_claw_gui/engines/devices/loss_evaluator.py,from,pe_claw_gui.engines.devices.thermal_backsolve,src/pe_claw_gui/engines/devices/thermal_backsolve.py,included_internal
src/pe_claw_gui/engines/devices/loss_evaluator.py,from,pe_claw_gui.engines.devices.thermal_backsolve,src/pe_claw_gui/engines/devices/thermal_backsolve.py,included_internal
src/pe_claw_gui/engines/devices/loss_evaluator.py,from,pe_claw_gui.engines.devices.thermal_backsolve,src/pe_claw_gui/engines/devices/thermal_backsolve.py,included_internal
src/pe_claw_gui/engines/devices/loss_evaluator.py,from,pe_claw_gui.engines.devices.thermal_interface,src/pe_claw_gui/engines/devices/thermal_interface.py,included_internal
src/pe_claw_gui/engines/devices/loss_evaluator.py,from,pe_claw_gui.engines.devices.thermal_interface,src/pe_claw_gui/engines/devices/thermal_interface.py,included_internal
src/pe_claw_gui/engines/devices/ranking.py,from,__future__,,external_or_stdlib
src/pe_claw_gui/engines/devices/ranking.py,from,dataclasses,,external_or_stdlib
src/pe_claw_gui/engines/devices/ranking.py,from,typing,,external_or_stdlib
src/pe_claw_gui/engines/devices/ranking.py,from,pe_claw_gui.libraries.semiconductors.power_device,src/pe_claw_gui/libraries/semiconductors/power_device.py,included_internal
src/pe_claw_gui/engines/devices/ranking.py,from,pe_claw_gui.models.device_loss,src/pe_claw_gui/models/device_loss.py,included_internal
src/pe_claw_gui/engines/devices/selector.py,from,__future__,,external_or_stdlib
src/pe_claw_gui/engines/devices/selector.py,from,collections.abc,,external_or_stdlib
src/pe_claw_gui/engines/devices/selector.py,from,collections.abc,,external_or_stdlib
src/pe_claw_gui/engines/devices/selector.py,from,dataclasses,,external_or_stdlib
src/pe_claw_gui/engines/devices/selector.py,from,pe_claw_gui.libraries.semiconductors.power_device,src/pe_claw_gui/libraries/semiconductors/power_device.py,included_internal
src/pe_claw_gui/engines/devices/selector.py,from,pe_claw_gui.models.device_loss,src/pe_claw_gui/models/device_loss.py,included_internal
src/pe_claw_gui/engines/devices/selector.py,from,pe_claw_gui.engines.devices.filters,src/pe_claw_gui/engines/devices/filters.py,included_internal
src/pe_claw_gui/engines/devices/selector.py,from,pe_claw_gui.engines.devices.filters,src/pe_claw_gui/engines/devices/filters.py,included_internal
src/pe_claw_gui/engines/devices/selector.py,from,pe_claw_gui.engines.devices.filters,src/pe_claw_gui/engines/devices/filters.py,included_internal
src/pe_claw_gui/engines/devices/selector.py,from,pe_claw_gui.engines.devices.filters,src/pe_claw_gui/engines/devices/filters.py,included_internal
src/pe_claw_gui/engines/devices/selector.py,from,pe_claw_gui.engines.devices.filters,src/pe_claw_gui/engines/devices/filters.py,included_internal
src/pe_claw_gui/engines/devices/selector.py,from,pe_claw_gui.engines.devices.filters,src/pe_claw_gui/engines/devices/filters.py,included_internal
src/pe_claw_gui/engines/devices/selector.py,from,pe_claw_gui.engines.devices.filters,src/pe_claw_gui/engines/devices/filters.py,included_internal
src/pe_claw_gui/engines/devices/selector.py,from,pe_claw_gui.engines.devices.loss_evaluator,src/pe_claw_gui/engines/devices/loss_evaluator.py,included_internal
src/pe_claw_gui/engines/devices/selector.py,from,pe_claw_gui.engines.devices.ranking,src/pe_claw_gui/engines/devices/ranking.py,included_internal
src/pe_claw_gui/engines/devices/selector.py,from,pe_claw_gui.engines.devices.ranking,src/pe_claw_gui/engines/devices/ranking.py,included_internal
src/pe_claw_gui/engines/devices/selector.py,from,pe_claw_gui.engines.devices.ranking,src/pe_claw_gui/engines/devices/ranking.py,included_internal
src/pe_claw_gui/engines/devices/selector.py,from,pe_claw_gui.engines.devices.ranking,src/pe_claw_gui/engines/devices/ranking.py,included_internal
src/pe_claw_gui/engines/devices/stress_adapter.py,from,__future__,,external_or_stdlib
src/pe_claw_gui/engines/devices/stress_adapter.py,from,dataclasses,,external_or_stdlib
src/pe_claw_gui/engines/devices/stress_adapter.py,from,dataclasses,,external_or_stdlib
src/pe_claw_gui/engines/devices/stress_adapter.py,from,dataclasses,,external_or_stdlib
src/pe_claw_gui/engines/devices/stress_adapter.py,import,math,,external_or_stdlib
src/pe_claw_gui/engines/devices/stress_adapter.py,from,pe_claw_gui.models.design_report,src/pe_claw_gui/models/design_report.py,included_internal
src/pe_claw_gui/engines/devices/stress_adapter.py,from,pe_claw_gui.models.device_loss,src/pe_claw_gui/models/device_loss.py,included_internal
src/pe_claw_gui/engines/devices/stress_adapter.py,from,pe_claw_gui.models.operating_point,src/pe_claw_gui/models/operating_point.py,included_internal
src/pe_claw_gui/engines/devices/stress_adapter.py,from,pe_claw_gui.models.waveform,src/pe_claw_gui/models/waveform.py,included_internal
src/pe_claw_gui/engines/devices/stress_adapter.py,from,pe_claw_gui.libraries.semiconductors.topology_roles,src/pe_claw_gui/libraries/semiconductors/topology_roles.py,included_internal
src/pe_claw_gui/engines/devices/stress_adapter.py,from,pe_claw_gui.topologies.base.interface,src/pe_claw_gui/topologies/base/interface.py,included_internal
src/pe_claw_gui/engines/devices/stress_adapter.py,from,pe_claw_gui.utils.ambient_temperature,src/pe_claw_gui/utils/ambient_temperature.py,included_internal
src/pe_claw_gui/engines/devices/thermal_backsolve.py,from,__future__,,external_or_stdlib
src/pe_claw_gui/engines/devices/thermal_backsolve.py,import,math,,external_or_stdlib
src/pe_claw_gui/engines/devices/thermal_backsolve.py,from,pe_claw_gui.models.device_thermal,src/pe_claw_gui/models/device_thermal.py,included_internal
src/pe_claw_gui/engines/devices/thermal_backsolve.py,from,pe_claw_gui.models.device_thermal,src/pe_claw_gui/models/device_thermal.py,included_internal
src/pe_claw_gui/engines/devices/thermal_interface.py,from,__future__,,external_or_stdlib
src/pe_claw_gui/engines/devices/thermal_interface.py,from,dataclasses,,external_or_stdlib
src/pe_claw_gui/engines/devices/thermal_interface.py,from,dataclasses,,external_or_stdlib
src/pe_claw_gui/engines/devices/thermal_interface.py,from,pe_claw_gui.libraries.semiconductors.packages,src/pe_claw_gui/libraries/semiconductors/packages.py,included_internal
src/pe_claw_gui/engines/devices/thermal_interface.py,from,pe_claw_gui.libraries.semiconductors.power_device,src/pe_claw_gui/libraries/semiconductors/power_device.py,included_internal
src/pe_claw_gui/engines/devices/thermal_interface.py,from,pe_claw_gui.models.device_loss,src/pe_claw_gui/models/device_loss.py,included_internal
src/pe_claw_gui/engines/hardware_overview.py,from,__future__,,external_or_stdlib
src/pe_claw_gui/engines/hardware_overview.py,import,json,,external_or_stdlib
src/pe_claw_gui/engines/hardware_overview.py,import,math,,external_or_stdlib
src/pe_claw_gui/engines/hardware_overview.py,from,dataclasses,,external_or_stdlib
src/pe_claw_gui/engines/hardware_overview.py,from,dataclasses,,external_or_stdlib
src/pe_claw_gui/engines/hardware_overview.py,from,dataclasses,,external_or_stdlib
src/pe_claw_gui/engines/hardware_overview.py,from,pathlib,,external_or_stdlib
src/pe_claw_gui/engines/hardware_overview.py,from,typing,,external_or_stdlib
src/pe_claw_gui/engines/hardware_overview.py,from,pe_claw_gui.models.bridge_rectifier,src/pe_claw_gui/models/bridge_rectifier.py,included_internal
src/pe_claw_gui/engines/hardware_overview.py,from,pe_claw_gui.models.bridge_rectifier,src/pe_claw_gui/models/bridge_rectifier.py,included_internal
src/pe_claw_gui/engines/hardware_overview.py,from,pe_claw_gui.models.bridge_rectifier,src/pe_claw_gui/models/bridge_rectifier.py,included_internal
src/pe_claw_gui/engines/hardware_overview.py,from,pe_claw_gui.models.capacitor,src/pe_claw_gui/models/capacitor.py,included_internal
src/pe_claw_gui/engines/hardware_overview.py,from,pe_claw_gui.models.capacitor,src/pe_claw_gui/models/capacitor.py,included_internal
src/pe_claw_gui/engines/hardware_overview.py,from,pe_claw_gui.models.capacitor,src/pe_claw_gui/models/capacitor.py,included_internal
src/pe_claw_gui/engines/hardware_overview.py,from,pe_claw_gui.models.design_report,src/pe_claw_gui/models/design_report.py,included_internal
src/pe_claw_gui/engines/hardware_overview.py,from,pe_claw_gui.models.geometry_result,src/pe_claw_gui/models/geometry_result.py,included_internal
src/pe_claw_gui/engines/hardware_overview.py,from,pe_claw_gui.models.geometry_result,src/pe_claw_gui/models/geometry_result.py,included_internal
src/pe_claw_gui/engines/hardware_overview.py,from,pe_claw_gui.models.inductor,src/pe_claw_gui/models/inductor.py,included_internal
src/pe_claw_gui/engines/hardware_overview.py,from,pe_claw_gui.models.semiconductor_geometry_result,src/pe_claw_gui/models/semiconductor_geometry_result.py,included_internal
src/pe_claw_gui/engines/hardware_overview.py,from,pe_claw_gui.models.semiconductor_geometry_result,src/pe_claw_gui/models/semiconductor_geometry_result.py,included_internal
src/pe_claw_gui/engines/hardware_overview.py,from,pe_claw_gui.topology_capabilities,src/pe_claw_gui/topology_capabilities.py,included_internal
src/pe_claw_gui/engines/hardware_overview.py,from,pe_claw_gui.topology_capabilities,src/pe_claw_gui/topology_capabilities.py,included_internal
src/pe_claw_gui/engines/hardware_overview.py,from,pe_claw_gui.topology_capabilities,src/pe_claw_gui/topology_capabilities.py,included_internal
src/pe_claw_gui/engines/hardware_overview.py,from,pe_claw_gui.topology_capabilities,src/pe_claw_gui/topology_capabilities.py,included_internal
src/pe_claw_gui/engines/hardware_overview.py,from,pe_claw_gui.topology_capabilities,src/pe_claw_gui/topology_capabilities.py,included_internal
src/pe_claw_gui/engines/hardware_overview.py,from,pe_claw_gui.visualization.hardware_overview,src/pe_claw_gui/visualization/hardware_overview/__init__.py,included_internal
src/pe_claw_gui/engines/losses/aggregator.py,from,__future__,,external_or_stdlib
src/pe_claw_gui/engines/losses/capacitor_loss.py,from,__future__,,external_or_stdlib
src/pe_claw_gui/engines/losses/conduction.py,from,__future__,,external_or_stdlib
src/pe_claw_gui/engines/losses/copper_loss.py,from,__future__,,external_or_stdlib
src/pe_claw_gui/engines/losses/core_loss.py,from,__future__,,external_or_stdlib
src/pe_claw_gui/engines/losses/reverse_recovery.py,from,__future__,,external_or_stdlib
src/pe_claw_gui/engines/losses/switching.py,from,__future__,,external_or_stdlib
src/pe_claw_gui/engines/magnetics/__init__.py,from,pe_claw_gui.engines.magnetics.core_loss_kernel,src/pe_claw_gui/engines/magnetics/core_loss_kernel.py,included_internal
src/pe_claw_gui/engines/magnetics/__init__.py,from,pe_claw_gui.engines.magnetics.core_loss_kernel,src/pe_claw_gui/engines/magnetics/core_loss_kernel.py,included_internal
src/pe_claw_gui/engines/magnetics/__init__.py,from,pe_claw_gui.engines.magnetics.core_loss_kernel,src/pe_claw_gui/engines/magnetics/core_loss_kernel.py,included_internal
src/pe_claw_gui/engines/magnetics/__init__.py,from,pe_claw_gui.engines.magnetics.core_loss_kernel,src/pe_claw_gui/engines/magnetics/core_loss_kernel.py,included_internal
src/pe_claw_gui/engines/magnetics/__init__.py,from,pe_claw_gui.engines.magnetics.core_loss_kernel,src/pe_claw_gui/engines/magnetics/core_loss_kernel.py,included_internal
src/pe_claw_gui/engines/magnetics/__init__.py,from,pe_claw_gui.engines.magnetics.core_loss_kernel,src/pe_claw_gui/engines/magnetics/core_loss_kernel.py,included_internal
src/pe_claw_gui/engines/magnetics/__init__.py,from,pe_claw_gui.engines.magnetics.core_loss_kernel,src/pe_claw_gui/engines/magnetics/core_loss_kernel.py,included_internal
src/pe_claw_gui/engines/magnetics/__init__.py,from,pe_claw_gui.engines.magnetics.core_loss_evaluation_context,src/pe_claw_gui/engines/magnetics/core_loss_evaluation_context.py,included_internal
src/pe_claw_gui/engines/magnetics/__init__.py,from,pe_claw_gui.engines.magnetics.core_loss_evaluation_context,src/pe_claw_gui/engines/magnetics/core_loss_evaluation_context.py,included_internal
src/pe_claw_gui/engines/magnetics/__init__.py,from,pe_claw_gui.engines.magnetics.core_loss_evaluation_context,src/pe_claw_gui/engines/magnetics/core_loss_evaluation_context.py,included_internal
src/pe_claw_gui/engines/magnetics/__init__.py,from,pe_claw_gui.engines.magnetics.core_loss_model_coverage,src/pe_claw_gui/engines/magnetics/core_loss_model_coverage.py,included_internal
src/pe_claw_gui/engines/magnetics/__init__.py,from,pe_claw_gui.engines.magnetics.core_loss_model_coverage,src/pe_claw_gui/engines/magnetics/core_loss_model_coverage.py,included_internal
src/pe_claw_gui/engines/magnetics/__init__.py,from,pe_claw_gui.engines.magnetics.core_loss_model_coverage,src/pe_claw_gui/engines/magnetics/core_loss_model_coverage.py,included_internal
src/pe_claw_gui/engines/magnetics/__init__.py,from,pe_claw_gui.engines.magnetics.core_loss_model_coverage,src/pe_claw_gui/engines/magnetics/core_loss_model_coverage.py,included_internal
src/pe_claw_gui/engines/magnetics/__init__.py,from,pe_claw_gui.engines.magnetics.core_loss_model_coverage,src/pe_claw_gui/engines/magnetics/core_loss_model_coverage.py,included_internal
src/pe_claw_gui/engines/magnetics/__init__.py,from,pe_claw_gui.engines.magnetics.core_loss_proprietary_models,src/pe_claw_gui/engines/magnetics/core_loss_proprietary_models.py,included_internal
src/pe_claw_gui/engines/magnetics/__init__.py,from,pe_claw_gui.engines.magnetics.core_loss_proprietary_models,src/pe_claw_gui/engines/magnetics/core_loss_proprietary_models.py,included_internal
src/pe_claw_gui/engines/magnetics/__init__.py,from,pe_claw_gui.engines.magnetics.core_loss_proprietary_models,src/pe_claw_gui/engines/magnetics/core_loss_proprietary_models.py,included_internal
src/pe_claw_gui/engines/magnetics/__init__.py,from,pe_claw_gui.engines.magnetics.core_loss_proprietary_models,src/pe_claw_gui/engines/magnetics/core_loss_proprietary_models.py,included_internal
src/pe_claw_gui/engines/magnetics/__init__.py,from,pe_claw_gui.engines.magnetics.core_loss_proprietary_models,src/pe_claw_gui/engines/magnetics/core_loss_proprietary_models.py,included_internal
src/pe_claw_gui/engines/magnetics/__init__.py,from,pe_claw_gui.engines.magnetics.core_loss_proprietary_models,src/pe_claw_gui/engines/magnetics/core_loss_proprietary_models.py,included_internal
src/pe_claw_gui/engines/magnetics/__init__.py,from,pe_claw_gui.engines.magnetics.core_loss_proprietary_models,src/pe_claw_gui/engines/magnetics/core_loss_proprietary_models.py,included_internal
src/pe_claw_gui/engines/magnetics/__init__.py,from,pe_claw_gui.engines.magnetics.core_loss_proprietary_models,src/pe_claw_gui/engines/magnetics/core_loss_proprietary_models.py,included_internal
src/pe_claw_gui/engines/magnetics/__init__.py,from,pe_claw_gui.engines.magnetics.core_loss_proprietary_models,src/pe_claw_gui/engines/magnetics/core_loss_proprietary_models.py,included_internal
src/pe_claw_gui/engines/magnetics/__init__.py,from,pe_claw_gui.engines.magnetics.core_loss_proprietary_models,src/pe_claw_gui/engines/magnetics/core_loss_proprietary_models.py,included_internal
src/pe_claw_gui/engines/magnetics/__init__.py,from,pe_claw_gui.engines.magnetics.core_loss_loss_factor,src/pe_claw_gui/engines/magnetics/core_loss_loss_factor.py,included_internal
src/pe_claw_gui/engines/magnetics/__init__.py,from,pe_claw_gui.engines.magnetics.core_loss_loss_factor,src/pe_claw_gui/engines/magnetics/core_loss_loss_factor.py,included_internal
src/pe_claw_gui/engines/magnetics/__init__.py,from,pe_claw_gui.engines.magnetics.core_loss_loss_factor,src/pe_claw_gui/engines/magnetics/core_loss_loss_factor.py,included_internal
src/pe_claw_gui/engines/magnetics/__init__.py,from,pe_claw_gui.engines.magnetics.core_loss_loss_factor,src/pe_claw_gui/engines/magnetics/core_loss_loss_factor.py,included_internal
src/pe_claw_gui/engines/magnetics/__init__.py,from,pe_claw_gui.engines.magnetics.core_loss_loss_factor,src/pe_claw_gui/engines/magnetics/core_loss_loss_factor.py,included_internal
src/pe_claw_gui/engines/magnetics/__init__.py,from,pe_claw_gui.engines.magnetics.core_loss_loss_factor,src/pe_claw_gui/engines/magnetics/core_loss_loss_factor.py,included_internal
src/pe_claw_gui/engines/magnetics/__init__.py,from,pe_claw_gui.engines.magnetics.core_loss_loss_factor,src/pe_claw_gui/engines/magnetics/core_loss_loss_factor.py,included_internal
src/pe_claw_gui/engines/magnetics/__init__.py,from,pe_claw_gui.engines.magnetics.core_loss_loss_factor,src/pe_claw_gui/engines/magnetics/core_loss_loss_factor.py,included_internal
src/pe_claw_gui/engines/magnetics/__init__.py,from,pe_claw_gui.engines.magnetics.core_loss_loss_factor,src/pe_claw_gui/engines/magnetics/core_loss_loss_factor.py,included_internal
src/pe_claw_gui/engines/magnetics/__init__.py,from,pe_claw_gui.engines.magnetics.core_loss_roshen,src/pe_claw_gui/engines/magnetics/core_loss_roshen.py,included_internal
src/pe_claw_gui/engines/magnetics/__init__.py,from,pe_claw_gui.engines.magnetics.core_loss_roshen,src/pe_claw_gui/engines/magnetics/core_loss_roshen.py,included_internal
src/pe_claw_gui/engines/magnetics/__init__.py,from,pe_claw_gui.engines.magnetics.core_loss_roshen,src/pe_claw_gui/engines/magnetics/core_loss_roshen.py,included_internal
src/pe_claw_gui/engines/magnetics/__init__.py,from,pe_claw_gui.engines.magnetics.core_loss_roshen,src/pe_claw_gui/engines/magnetics/core_loss_roshen.py,included_internal
src/pe_claw_gui/engines/magnetics/__init__.py,from,pe_claw_gui.engines.magnetics.core_loss_roshen,src/pe_claw_gui/engines/magnetics/core_loss_roshen.py,included_internal
src/pe_claw_gui/engines/magnetics/__init__.py,from,pe_claw_gui.engines.magnetics.core_loss_roshen,src/pe_claw_gui/engines/magnetics/core_loss_roshen.py,included_internal
src/pe_claw_gui/engines/magnetics/__init__.py,from,pe_claw_gui.engines.magnetics.core_loss_magnetec,src/pe_claw_gui/engines/magnetics/core_loss_magnetec.py,included_internal
src/pe_claw_gui/engines/magnetics/__init__.py,from,pe_claw_gui.engines.magnetics.core_loss_magnetec,src/pe_claw_gui/engines/magnetics/core_loss_magnetec.py,included_internal
src/pe_claw_gui/engines/magnetics/__init__.py,from,pe_claw_gui.engines.magnetics.core_loss_magnetec,src/pe_claw_gui/engines/magnetics/core_loss_magnetec.py,included_internal
src/pe_claw_gui/engines/magnetics/__init__.py,from,pe_claw_gui.engines.magnetics.core_loss_measured,src/pe_claw_gui/engines/magnetics/core_loss_measured.py,included_internal
src/pe_claw_gui/engines/magnetics/__init__.py,from,pe_claw_gui.engines.magnetics.core_loss_measured,src/pe_claw_gui/engines/magnetics/core_loss_measured.py,included_internal
src/pe_claw_gui/engines/magnetics/__init__.py,from,pe_claw_gui.engines.magnetics.core_loss_measured,src/pe_claw_gui/engines/magnetics/core_loss_measured.py,included_internal
src/pe_claw_gui/engines/magnetics/__init__.py,from,pe_claw_gui.engines.magnetics.core_loss_measured,src/pe_claw_gui/engines/magnetics/core_loss_measured.py,included_internal
src/pe_claw_gui/engines/magnetics/__init__.py,from,pe_claw_gui.engines.magnetics.core_loss_router,src/pe_claw_gui/engines/magnetics/core_loss_router.py,included_internal
src/pe_claw_gui/engines/magnetics/__init__.py,from,pe_claw_gui.engines.magnetics.core_loss_router,src/pe_claw_gui/engines/magnetics/core_loss_router.py,included_internal
src/pe_claw_gui/engines/magnetics/__init__.py,from,pe_claw_gui.engines.magnetics.core_loss_router,src/pe_claw_gui/engines/magnetics/core_loss_router.py,included_internal
src/pe_claw_gui/engines/magnetics/__init__.py,from,pe_claw_gui.engines.magnetics.core_loss_router,src/pe_claw_gui/engines/magnetics/core_loss_router.py,included_internal
src/pe_claw_gui/engines/magnetics/__init__.py,from,pe_claw_gui.engines.magnetics.core_loss_router,src/pe_claw_gui/engines/magnetics/core_loss_router.py,included_internal
src/pe_claw_gui/engines/magnetics/__init__.py,from,pe_claw_gui.engines.magnetics.core_loss_router,src/pe_claw_gui/engines/magnetics/core_loss_router.py,included_internal
src/pe_claw_gui/engines/magnetics/__init__.py,from,pe_claw_gui.engines.magnetics.core_loss_golden_reference,src/pe_claw_gui/engines/magnetics/core_loss_golden_reference.py,included_internal
src/pe_claw_gui/engines/magnetics/__init__.py,from,pe_claw_gui.engines.magnetics.core_loss_golden_reference,src/pe_claw_gui/engines/magnetics/core_loss_golden_reference.py,included_internal
src/pe_claw_gui/engines/magnetics/__init__.py,from,pe_claw_gui.engines.magnetics.core_loss_golden_reference,src/pe_claw_gui/engines/magnetics/core_loss_golden_reference.py,included_internal
src/pe_claw_gui/engines/magnetics/__init__.py,from,pe_claw_gui.engines.magnetics.core_loss_golden_reference,src/pe_claw_gui/engines/magnetics/core_loss_golden_reference.py,included_internal
src/pe_claw_gui/engines/magnetics/__init__.py,from,pe_claw_gui.engines.magnetics.core_loss_golden_reference,src/pe_claw_gui/engines/magnetics/core_loss_golden_reference.py,included_internal
src/pe_claw_gui/engines/magnetics/ac_dc_reactor_selector.py,from,__future__,,external_or_stdlib
src/pe_claw_gui/engines/magnetics/ac_dc_reactor_selector.py,import,math,,external_or_stdlib
src/pe_claw_gui/engines/magnetics/ac_dc_reactor_selector.py,import,csv,,external_or_stdlib
src/pe_claw_gui/engines/magnetics/ac_dc_reactor_selector.py,from,collections,,external_or_stdlib
src/pe_claw_gui/engines/magnetics/ac_dc_reactor_selector.py,from,dataclasses,,external_or_stdlib
src/pe_claw_gui/engines/magnetics/ac_dc_reactor_selector.py,from,pathlib,,external_or_stdlib
src/pe_claw_gui/engines/magnetics/ac_dc_reactor_selector.py,from,pe_claw_gui.libraries.magnetics.sendust_steinmetz,src/pe_claw_gui/libraries/magnetics/sendust_steinmetz.py,included_internal
src/pe_claw_gui/engines/magnetics/ac_dc_reactor_selector.py,from,pe_claw_gui.libraries.magnetics.sendust_steinmetz,src/pe_claw_gui/libraries/magnetics/sendust_steinmetz.py,included_internal
src/pe_claw_gui/engines/magnetics/ac_dc_reactor_selector.py,from,pe_claw_gui.libraries.magnetics.sendust_toroids,src/pe_claw_gui/libraries/magnetics/sendust_toroids.py,included_internal
src/pe_claw_gui/engines/magnetics/ac_dc_reactor_selector.py,from,pe_claw_gui.libraries.magnetics.sendust_toroids,src/pe_claw_gui/libraries/magnetics/sendust_toroids.py,included_internal
src/pe_claw_gui/engines/magnetics/ac_dc_reactor_selector.py,from,pe_claw_gui.models.ac_dc_reactor,src/pe_claw_gui/models/ac_dc_reactor.py,included_internal
src/pe_claw_gui/engines/magnetics/ac_dc_reactor_selector.py,from,pe_claw_gui.models.ac_dc_reactor,src/pe_claw_gui/models/ac_dc_reactor.py,included_internal
src/pe_claw_gui/engines/magnetics/ac_dc_reactor_selector.py,from,pe_claw_gui.models.ac_dc_reactor,src/pe_claw_gui/models/ac_dc_reactor.py,included_internal
src/pe_claw_gui/engines/magnetics/ac_dc_reactor_selector.py,from,pe_claw_gui.models.ac_dc_reactor,src/pe_claw_gui/models/ac_dc_reactor.py,included_internal
src/pe_claw_gui/engines/magnetics/allow_profiles.py,from,__future__,,external_or_stdlib
src/pe_claw_gui/engines/magnetics/allow_profiles.py,from,dataclasses,,external_or_stdlib
src/pe_claw_gui/engines/magnetics/allow_profiles.py,from,dataclasses,,external_or_stdlib
src/pe_claw_gui/engines/magnetics/candidate_compression.py,from,__future__,,external_or_stdlib
src/pe_claw_gui/engines/magnetics/candidate_compression.py,from,dataclasses,,external_or_stdlib
src/pe_claw_gui/engines/magnetics/candidate_compression.py,from,dataclasses,,external_or_stdlib
src/pe_claw_gui/engines/magnetics/candidate_compression.py,from,typing,,external_or_stdlib
src/pe_claw_gui/engines/magnetics/candidate_compression.py,from,pe_claw_gui.models.inductor,src/pe_claw_gui/models/inductor.py,included_internal
src/pe_claw_gui/engines/magnetics/candidate_compression.py,from,pe_claw_gui.engines.magnetics.allow_profiles,src/pe_claw_gui/engines/magnetics/allow_profiles.py,included_internal
src/pe_claw_gui/engines/magnetics/candidate_compression.py,from,pe_claw_gui.engines.magnetics.candidate_metrics,src/pe_claw_gui/engines/magnetics/candidate_metrics.py,included_internal
src/pe_claw_gui/engines/magnetics/candidate_compression.py,from,pe_claw_gui.engines.magnetics.candidate_metrics,src/pe_claw_gui/engines/magnetics/candidate_metrics.py,included_internal
src/pe_claw_gui/engines/magnetics/candidate_compression.py,from,pe_claw_gui.engines.magnetics.candidate_metrics,src/pe_claw_gui/engines/magnetics/candidate_metrics.py,included_internal
src/pe_claw_gui/engines/magnetics/candidate_metrics.py,from,__future__,,external_or_stdlib
src/pe_claw_gui/engines/magnetics/candidate_metrics.py,from,dataclasses,,external_or_stdlib
src/pe_claw_gui/engines/magnetics/candidate_metrics.py,from,dataclasses,,external_or_stdlib
src/pe_claw_gui/engines/magnetics/candidate_metrics.py,from,typing,,external_or_stdlib
src/pe_claw_gui/engines/magnetics/candidate_metrics.py,from,pe_claw_gui.models.inductor,src/pe_claw_gui/models/inductor.py,included_internal
src/pe_claw_gui/engines/magnetics/candidate_metrics.py,from,pe_claw_gui.engines.magnetics.allow_profiles,src/pe_claw_gui/engines/magnetics/allow_profiles.py,included_internal
src/pe_claw_gui/engines/magnetics/candidate_selection.py,from,__future__,,external_or_stdlib
src/pe_claw_gui/engines/magnetics/candidate_selection.py,from,typing,,external_or_stdlib
src/pe_claw_gui/engines/magnetics/candidate_selection.py,from,typing,,external_or_stdlib
src/pe_claw_gui/engines/magnetics/catalog_core_binding.py,from,__future__,,external_or_stdlib
src/pe_claw_gui/engines/magnetics/catalog_core_binding.py,from,dataclasses,,external_or_stdlib
src/pe_claw_gui/engines/magnetics/catalog_core_binding.py,import,json,,external_or_stdlib
src/pe_claw_gui/engines/magnetics/catalog_core_binding.py,from,pathlib,,external_or_stdlib
src/pe_claw_gui/engines/magnetics/catalog_core_binding.py,from,typing,,external_or_stdlib
src/pe_claw_gui/engines/magnetics/catalog_core_binding.py,from,typing,,external_or_stdlib
src/pe_claw_gui/engines/magnetics/catalog_core_binding.py,from,typing,,external_or_stdlib
src/pe_claw_gui/engines/magnetics/catalog_core_binding.py,from,typing,,external_or_stdlib
src/pe_claw_gui/engines/magnetics/core_assembly.py,from,__future__,,external_or_stdlib
src/pe_claw_gui/engines/magnetics/core_assembly.py,from,dataclasses,,external_or_stdlib
src/pe_claw_gui/engines/magnetics/core_assembly.py,from,dataclasses,,external_or_stdlib
src/pe_claw_gui/engines/magnetics/core_assembly.py,from,functools,,external_or_stdlib
src/pe_claw_gui/engines/magnetics/core_assembly.py,import,math,,external_or_stdlib
src/pe_claw_gui/engines/magnetics/core_assembly.py,from,pe_claw_gui.models.inductor,src/pe_claw_gui/models/inductor.py,included_internal
src/pe_claw_gui/engines/magnetics/core_loss_ab_attribution.py,from,__future__,,external_or_stdlib
src/pe_claw_gui/engines/magnetics/core_loss_ab_attribution.py,import,hashlib,,external_or_stdlib
src/pe_claw_gui/engines/magnetics/core_loss_ab_attribution.py,import,json,,external_or_stdlib
src/pe_claw_gui/engines/magnetics/core_loss_ab_attribution.py,import,math,,external_or_stdlib
src/pe_claw_gui/engines/magnetics/core_loss_ab_attribution.py,from,pathlib,,external_or_stdlib
src/pe_claw_gui/engines/magnetics/core_loss_ab_attribution.py,from,typing,,external_or_stdlib
src/pe_claw_gui/engines/magnetics/core_loss_ab_attribution.py,from,typing,,external_or_stdlib
src/pe_claw_gui/engines/magnetics/core_loss_ab_attribution.py,from,typing,,external_or_stdlib
src/pe_claw_gui/engines/magnetics/core_loss_ab_attribution.py,from,pe_claw_gui.engines.magnetics.core_loss_ab_rerun_manifest,src/pe_claw_gui/engines/magnetics/core_loss_ab_rerun_manifest.py,included_internal
src/pe_claw_gui/engines/magnetics/core_loss_ab_classification.py,from,__future__,,external_or_stdlib
src/pe_claw_gui/engines/magnetics/core_loss_ab_classification.py,from,dataclasses,,external_or_stdlib
src/pe_claw_gui/engines/magnetics/core_loss_ab_classification.py,import,json,,external_or_stdlib
src/pe_claw_gui/engines/magnetics/core_loss_ab_classification.py,import,math,,external_or_stdlib
src/pe_claw_gui/engines/magnetics/core_loss_ab_classification.py,from,typing,,external_or_stdlib
src/pe_claw_gui/engines/magnetics/core_loss_ab_classification.py,from,typing,,external_or_stdlib
src/pe_claw_gui/engines/magnetics/core_loss_ab_classification.py,from,typing,,external_or_stdlib
src/pe_claw_gui/engines/magnetics/core_loss_ab_classification.py,from,pe_claw_gui.engines.magnetics.core_loss_ab_rerun_manifest,src/pe_claw_gui/engines/magnetics/core_loss_ab_rerun_manifest.py,included_internal
src/pe_claw_gui/engines/magnetics/core_loss_ab_classification.py,from,pe_claw_gui.engines.magnetics.core_loss_rollout,src/pe_claw_gui/engines/magnetics/core_loss_rollout.py,included_internal
src/pe_claw_gui/engines/magnetics/core_loss_ab_rerun_manifest.py,from,__future__,,external_or_stdlib
src/pe_claw_gui/engines/magnetics/core_loss_ab_rerun_manifest.py,from,pathlib,,external_or_stdlib
src/pe_claw_gui/engines/magnetics/core_loss_ab_rerun_manifest.py,import,json,,external_or_stdlib
src/pe_claw_gui/engines/magnetics/core_loss_ab_rerun_manifest.py,from,typing,,external_or_stdlib
src/pe_claw_gui/engines/magnetics/core_loss_ab_rerun_manifest.py,from,typing,,external_or_stdlib
src/pe_claw_gui/engines/magnetics/core_loss_ab_rerun_manifest.py,from,typing,,external_or_stdlib
src/pe_claw_gui/engines/magnetics/core_loss_audit.py,from,__future__,,external_or_stdlib
src/pe_claw_gui/engines/magnetics/core_loss_audit.py,import,math,,external_or_stdlib
src/pe_claw_gui/engines/magnetics/core_loss_audit.py,from,typing,,external_or_stdlib
src/pe_claw_gui/engines/magnetics/core_loss_audit.py,from,typing,,external_or_stdlib
src/pe_claw_gui/engines/magnetics/core_loss_candidate_ranking_audit.py,from,__future__,,external_or_stdlib
src/pe_claw_gui/engines/magnetics/core_loss_candidate_ranking_audit.py,import,hashlib,,external_or_stdlib
src/pe_claw_gui/engines/magnetics/core_loss_candidate_ranking_audit.py,import,json,,external_or_stdlib
src/pe_claw_gui/engines/magnetics/core_loss_candidate_ranking_audit.py,import,math,,external_or_stdlib
src/pe_claw_gui/engines/magnetics/core_loss_candidate_ranking_audit.py,from,pathlib,,external_or_stdlib
src/pe_claw_gui/engines/magnetics/core_loss_candidate_ranking_audit.py,from,typing,,external_or_stdlib
src/pe_claw_gui/engines/magnetics/core_loss_candidate_ranking_audit.py,from,typing,,external_or_stdlib
src/pe_claw_gui/engines/magnetics/core_loss_candidate_ranking_audit.py,from,typing,,external_or_stdlib
src/pe_claw_gui/engines/magnetics/core_loss_candidate_ranking_audit.py,from,pe_claw_gui.engines.magnetics.core_loss_ab_rerun_manifest,src/pe_claw_gui/engines/magnetics/core_loss_ab_rerun_manifest.py,included_internal
src/pe_claw_gui/engines/magnetics/core_loss_evaluation_context.py,from,__future__,,external_or_stdlib
src/pe_claw_gui/engines/magnetics/core_loss_evaluation_context.py,import,cmath,,external_or_stdlib
src/pe_claw_gui/engines/magnetics/core_loss_evaluation_context.py,import,math,,external_or_stdlib
src/pe_claw_gui/engines/magnetics/core_loss_evaluation_context.py,from,pe_claw_gui.models.magnetic_loss_contract,src/pe_claw_gui/models/magnetic_loss_contract.py,included_internal
src/pe_claw_gui/engines/magnetics/core_loss_evaluation_context.py,from,pe_claw_gui.models.magnetic_loss_contract,src/pe_claw_gui/models/magnetic_loss_contract.py,included_internal
src/pe_claw_gui/engines/magnetics/core_loss_excitation_builder.py,from,__future__,,external_or_stdlib
src/pe_claw_gui/engines/magnetics/core_loss_excitation_builder.py,from,bisect,,external_or_stdlib
src/pe_claw_gui/engines/magnetics/core_loss_excitation_builder.py,import,math,,external_or_stdlib
src/pe_claw_gui/engines/magnetics/core_loss_excitation_builder.py,from,typing,,external_or_stdlib
src/pe_claw_gui/engines/magnetics/core_loss_excitation_builder.py,from,typing,,external_or_stdlib
src/pe_claw_gui/engines/magnetics/core_loss_excitation_builder.py,from,pe_claw_gui.models.magnetic_loss_contract,src/pe_claw_gui/models/magnetic_loss_contract.py,included_internal
src/pe_claw_gui/engines/magnetics/core_loss_excitation_builder.py,from,pe_claw_gui.models.magnetic_loss_contract,src/pe_claw_gui/models/magnetic_loss_contract.py,included_internal
src/pe_claw_gui/engines/magnetics/core_loss_excitation_builder.py,from,pe_claw_gui.models.magnetic_loss_contract,src/pe_claw_gui/models/magnetic_loss_contract.py,included_internal
src/pe_claw_gui/engines/magnetics/core_loss_excitation_builder.py,from,pe_claw_gui.models.magnetic_loss_contract,src/pe_claw_gui/models/magnetic_loss_contract.py,included_internal
src/pe_claw_gui/engines/magnetics/core_loss_excitation_integration.py,from,__future__,,external_or_stdlib
src/pe_claw_gui/engines/magnetics/core_loss_excitation_integration.py,from,dataclasses,,external_or_stdlib
src/pe_claw_gui/engines/magnetics/core_loss_excitation_integration.py,import,math,,external_or_stdlib
src/pe_claw_gui/engines/magnetics/core_loss_excitation_integration.py,from,typing,,external_or_stdlib
src/pe_claw_gui/engines/magnetics/core_loss_excitation_integration.py,from,typing,,external_or_stdlib
src/pe_claw_gui/engines/magnetics/core_loss_excitation_integration.py,from,pe_claw_gui.models.design_report,src/pe_claw_gui/models/design_report.py,included_internal
src/pe_claw_gui/engines/magnetics/core_loss_excitation_integration.py,from,pe_claw_gui.models.inductor,src/pe_claw_gui/models/inductor.py,included_internal
src/pe_claw_gui/engines/magnetics/core_loss_excitation_integration.py,from,pe_claw_gui.models.magnetic_loss_contract,src/pe_claw_gui/models/magnetic_loss_contract.py,included_internal
src/pe_claw_gui/engines/magnetics/core_loss_excitation_integration.py,from,pe_claw_gui.models.magnetic_loss_contract,src/pe_claw_gui/models/magnetic_loss_contract.py,included_internal
src/pe_claw_gui/engines/magnetics/core_loss_excitation_integration.py,from,pe_claw_gui.models.magnetic_result,src/pe_claw_gui/models/magnetic_result.py,included_internal
src/pe_claw_gui/engines/magnetics/core_loss_excitation_integration.py,from,pe_claw_gui.engines.thermal.thermal_estimator,src/pe_claw_gui/engines/thermal/thermal_estimator.py,included_internal
src/pe_claw_gui/engines/magnetics/core_loss_excitation_integration.py,from,pe_claw_gui.engines.magnetics.core_loss_excitation_builder,src/pe_claw_gui/engines/magnetics/core_loss_excitation_builder.py,included_internal
src/pe_claw_gui/engines/magnetics/core_loss_field_provenance.py,from,__future__,,external_or_stdlib
src/pe_claw_gui/engines/magnetics/core_loss_field_provenance.py,import,hashlib,,external_or_stdlib
src/pe_claw_gui/engines/magnetics/core_loss_field_provenance.py,import,json,,external_or_stdlib
src/pe_claw_gui/engines/magnetics/core_loss_field_provenance.py,import,math,,external_or_stdlib
src/pe_claw_gui/engines/magnetics/core_loss_field_provenance.py,from,pathlib,,external_or_stdlib
src/pe_claw_gui/engines/magnetics/core_loss_field_provenance.py,import,re,,external_or_stdlib
src/pe_claw_gui/engines/magnetics/core_loss_field_provenance.py,import,unicodedata,,external_or_stdlib
src/pe_claw_gui/engines/magnetics/core_loss_field_provenance.py,from,typing,,external_or_stdlib
src/pe_claw_gui/engines/magnetics/core_loss_field_provenance.py,from,typing,,external_or_stdlib
src/pe_claw_gui/engines/magnetics/core_loss_field_provenance.py,from,typing,,external_or_stdlib
src/pe_claw_gui/engines/magnetics/core_loss_field_provenance.py,from,pe_claw_gui.engines.magnetics.core_loss_ab_attribution,src/pe_claw_gui/engines/magnetics/core_loss_ab_attribution.py,included_internal
src/pe_claw_gui/engines/magnetics/core_loss_field_provenance.py,from,pe_claw_gui.engines.magnetics.core_loss_ab_rerun_manifest,src/pe_claw_gui/engines/magnetics/core_loss_ab_rerun_manifest.py,included_internal
src/pe_claw_gui/engines/magnetics/core_loss_fixed_hardware.py,from,__future__,,external_or_stdlib
src/pe_claw_gui/engines/magnetics/core_loss_fixed_hardware.py,import,csv,,external_or_stdlib
src/pe_claw_gui/engines/magnetics/core_loss_fixed_hardware.py,from,dataclasses,,external_or_stdlib
src/pe_claw_gui/engines/magnetics/core_loss_fixed_hardware.py,import,hashlib,,external_or_stdlib
src/pe_claw_gui/engines/magnetics/core_loss_fixed_hardware.py,import,json,,external_or_stdlib
src/pe_claw_gui/engines/magnetics/core_loss_fixed_hardware.py,import,math,,external_or_stdlib
src/pe_claw_gui/engines/magnetics/core_loss_fixed_hardware.py,from,pathlib,,external_or_stdlib
src/pe_claw_gui/engines/magnetics/core_loss_fixed_hardware.py,from,typing,,external_or_stdlib
src/pe_claw_gui/engines/magnetics/core_loss_fixed_hardware.py,from,typing,,external_or_stdlib
src/pe_claw_gui/engines/magnetics/core_loss_fixed_hardware.py,from,typing,,external_or_stdlib
src/pe_claw_gui/engines/magnetics/core_loss_fixed_hardware.py,from,pe_claw_gui.engines.magnetics.core_loss_ab_rerun_manifest,src/pe_claw_gui/engines/magnetics/core_loss_ab_rerun_manifest.py,included_internal
src/pe_claw_gui/engines/magnetics/core_loss_fixed_hardware.py,from,pe_claw_gui.engines.magnetics.core_loss_excitation_builder,src/pe_claw_gui/engines/magnetics/core_loss_excitation_builder.py,included_internal
src/pe_claw_gui/engines/magnetics/core_loss_fixed_hardware.py,from,pe_claw_gui.engines.magnetics.core_loss_router,src/pe_claw_gui/engines/magnetics/core_loss_router.py,included_internal
src/pe_claw_gui/engines/magnetics/core_loss_fixed_hardware.py,from,pe_claw_gui.models.magnetic_loss_contract,src/pe_claw_gui/models/magnetic_loss_contract.py,included_internal
src/pe_claw_gui/engines/magnetics/core_loss_fixed_hardware.py,from,pe_claw_gui.models.magnetic_loss_contract,src/pe_claw_gui/models/magnetic_loss_contract.py,included_internal
src/pe_claw_gui/engines/magnetics/core_loss_fixed_hardware.py,from,pe_claw_gui.models.magnetic_loss_contract,src/pe_claw_gui/models/magnetic_loss_contract.py,included_internal
src/pe_claw_gui/engines/magnetics/core_loss_golden_reference.py,from,__future__,,external_or_stdlib
src/pe_claw_gui/engines/magnetics/core_loss_golden_reference.py,from,dataclasses,,external_or_stdlib
src/pe_claw_gui/engines/magnetics/core_loss_golden_reference.py,import,json,,external_or_stdlib
src/pe_claw_gui/engines/magnetics/core_loss_golden_reference.py,import,math,,external_or_stdlib
src/pe_claw_gui/engines/magnetics/core_loss_golden_reference.py,from,typing,,external_or_stdlib
src/pe_claw_gui/engines/magnetics/core_loss_golden_reference.py,from,typing,,external_or_stdlib
src/pe_claw_gui/engines/magnetics/core_loss_golden_reference.py,from,typing,,external_or_stdlib
src/pe_claw_gui/engines/magnetics/core_loss_golden_reference.py,from,pe_claw_gui.models.magnetic_loss_contract,src/pe_claw_gui/models/magnetic_loss_contract.py,included_internal
src/pe_claw_gui/engines/magnetics/core_loss_golden_reference.py,from,pe_claw_gui.models.magnetic_loss_contract,src/pe_claw_gui/models/magnetic_loss_contract.py,included_internal
src/pe_claw_gui/engines/magnetics/core_loss_golden_reference.py,from,pe_claw_gui.models.magnetic_loss_contract,src/pe_claw_gui/models/magnetic_loss_contract.py,included_internal
src/pe_claw_gui/engines/magnetics/core_loss_golden_reference.py,from,pe_claw_gui.models.magnetic_loss_contract,src/pe_claw_gui/models/magnetic_loss_contract.py,included_internal
src/pe_claw_gui/engines/magnetics/core_loss_golden_reference.py,from,pe_claw_gui.models.magnetic_loss_contract,src/pe_claw_gui/models/magnetic_loss_contract.py,included_internal
src/pe_claw_gui/engines/magnetics/core_loss_golden_reference.py,from,pe_claw_gui.models.magnetic_loss_contract,src/pe_claw_gui/models/magnetic_loss_contract.py,included_internal
src/pe_claw_gui/engines/magnetics/core_loss_kernel.py,from,__future__,,external_or_stdlib
src/pe_claw_gui/engines/magnetics/core_loss_kernel.py,from,dataclasses,,external_or_stdlib
src/pe_claw_gui/engines/magnetics/core_loss_kernel.py,from,math,,external_or_stdlib
src/pe_claw_gui/engines/magnetics/core_loss_kernel.py,from,math,,external_or_stdlib
src/pe_claw_gui/engines/magnetics/core_loss_kernel.py,from,math,,external_or_stdlib
src/pe_claw_gui/engines/magnetics/core_loss_kernel.py,from,typing,,external_or_stdlib
src/pe_claw_gui/engines/magnetics/core_loss_kernel.py,from,typing,,external_or_stdlib
src/pe_claw_gui/engines/magnetics/core_loss_kernel.py,from,typing,,external_or_stdlib
src/pe_claw_gui/engines/magnetics/core_loss_kernel.py,from,pe_claw_gui.models.magnetic_loss_contract,src/pe_claw_gui/models/magnetic_loss_contract.py,included_internal
src/pe_claw_gui/engines/magnetics/core_loss_kernel.py,from,pe_claw_gui.models.magnetic_loss_contract,src/pe_claw_gui/models/magnetic_loss_contract.py,included_internal
src/pe_claw_gui/engines/magnetics/core_loss_kernel.py,from,pe_claw_gui.models.magnetic_loss_contract,src/pe_claw_gui/models/magnetic_loss_contract.py,included_internal
src/pe_claw_gui/engines/magnetics/core_loss_kernel.py,from,pe_claw_gui.models.magnetic_loss_contract,src/pe_claw_gui/models/magnetic_loss_contract.py,included_internal
src/pe_claw_gui/engines/magnetics/core_loss_kernel.py,from,pe_claw_gui.models.magnetic_loss_contract,src/pe_claw_gui/models/magnetic_loss_contract.py,included_internal
src/pe_claw_gui/engines/magnetics/core_loss_kernel.py,from,pe_claw_gui.models.magnetic_loss_contract,src/pe_claw_gui/models/magnetic_loss_contract.py,included_internal
src/pe_claw_gui/engines/magnetics/core_loss_loss_factor.py,from,__future__,,external_or_stdlib
src/pe_claw_gui/engines/magnetics/core_loss_loss_factor.py,from,dataclasses,,external_or_stdlib
src/pe_claw_gui/engines/magnetics/core_loss_loss_factor.py,import,hashlib,,external_or_stdlib
src/pe_claw_gui/engines/magnetics/core_loss_loss_factor.py,import,json,,external_or_stdlib
src/pe_claw_gui/engines/magnetics/core_loss_loss_factor.py,import,math,,external_or_stdlib
src/pe_claw_gui/engines/magnetics/core_loss_loss_factor.py,from,typing,,external_or_stdlib
src/pe_claw_gui/engines/magnetics/core_loss_loss_factor.py,from,typing,,external_or_stdlib
src/pe_claw_gui/engines/magnetics/core_loss_loss_factor.py,from,typing,,external_or_stdlib
src/pe_claw_gui/engines/magnetics/core_loss_loss_factor.py,from,pe_claw_gui.models.magnetic_loss_contract,src/pe_claw_gui/models/magnetic_loss_contract.py,included_internal
src/pe_claw_gui/engines/magnetics/core_loss_loss_factor.py,from,pe_claw_gui.models.magnetic_loss_contract,src/pe_claw_gui/models/magnetic_loss_contract.py,included_internal
src/pe_claw_gui/engines/magnetics/core_loss_loss_factor.py,from,pe_claw_gui.models.magnetic_loss_contract,src/pe_claw_gui/models/magnetic_loss_contract.py,included_internal
src/pe_claw_gui/engines/magnetics/core_loss_loss_factor.py,from,pe_claw_gui.models.magnetic_loss_contract,src/pe_claw_gui/models/magnetic_loss_contract.py,included_internal
src/pe_claw_gui/engines/magnetics/core_loss_loss_factor.py,from,pe_claw_gui.models.magnetic_loss_contract,src/pe_claw_gui/models/magnetic_loss_contract.py,included_internal
src/pe_claw_gui/engines/magnetics/core_loss_magnetec.py,from,__future__,,external_or_stdlib
src/pe_claw_gui/engines/magnetics/core_loss_magnetec.py,from,dataclasses,,external_or_stdlib
src/pe_claw_gui/engines/magnetics/core_loss_magnetec.py,import,math,,external_or_stdlib
src/pe_claw_gui/engines/magnetics/core_loss_magnetec.py,from,typing,,external_or_stdlib
src/pe_claw_gui/engines/magnetics/core_loss_magnetec.py,from,typing,,external_or_stdlib
src/pe_claw_gui/engines/magnetics/core_loss_magnetec.py,from,pe_claw_gui.models.magnetic_loss_contract,src/pe_claw_gui/models/magnetic_loss_contract.py,included_internal
src/pe_claw_gui/engines/magnetics/core_loss_magnetec.py,from,pe_claw_gui.models.magnetic_loss_contract,src/pe_claw_gui/models/magnetic_loss_contract.py,included_internal
src/pe_claw_gui/engines/magnetics/core_loss_magnetec.py,from,pe_claw_gui.models.magnetic_loss_contract,src/pe_claw_gui/models/magnetic_loss_contract.py,included_internal
src/pe_claw_gui/engines/magnetics/core_loss_magnetec.py,from,pe_claw_gui.models.magnetic_loss_contract,src/pe_claw_gui/models/magnetic_loss_contract.py,included_internal
src/pe_claw_gui/engines/magnetics/core_loss_magnetec.py,from,pe_claw_gui.models.magnetic_loss_contract,src/pe_claw_gui/models/magnetic_loss_contract.py,included_internal
src/pe_claw_gui/engines/magnetics/core_loss_magnetec.py,from,pe_claw_gui.models.magnetic_loss_contract,src/pe_claw_gui/models/magnetic_loss_contract.py,included_internal
src/pe_claw_gui/engines/magnetics/core_loss_measured.py,from,__future__,,external_or_stdlib
src/pe_claw_gui/engines/magnetics/core_loss_measured.py,from,itertools,,external_or_stdlib
src/pe_claw_gui/engines/magnetics/core_loss_measured.py,import,math,,external_or_stdlib
src/pe_claw_gui/engines/magnetics/core_loss_measured.py,from,typing,,external_or_stdlib
src/pe_claw_gui/engines/magnetics/core_loss_measured.py,from,typing,,external_or_stdlib
src/pe_claw_gui/engines/magnetics/core_loss_measured.py,from,pe_claw_gui.models.magnetic_loss_contract,src/pe_claw_gui/models/magnetic_loss_contract.py,included_internal
src/pe_claw_gui/engines/magnetics/core_loss_measured.py,from,pe_claw_gui.models.magnetic_loss_contract,src/pe_claw_gui/models/magnetic_loss_contract.py,included_internal
src/pe_claw_gui/engines/magnetics/core_loss_measured.py,from,pe_claw_gui.models.magnetic_loss_contract,src/pe_claw_gui/models/magnetic_loss_contract.py,included_internal
src/pe_claw_gui/engines/magnetics/core_loss_measured.py,from,pe_claw_gui.models.magnetic_loss_contract,src/pe_claw_gui/models/magnetic_loss_contract.py,included_internal
src/pe_claw_gui/engines/magnetics/core_loss_measured.py,from,pe_claw_gui.models.magnetic_loss_contract,src/pe_claw_gui/models/magnetic_loss_contract.py,included_internal
src/pe_claw_gui/engines/magnetics/core_loss_measured.py,from,pe_claw_gui.models.magnetic_loss_contract,src/pe_claw_gui/models/magnetic_loss_contract.py,included_internal
src/pe_claw_gui/engines/magnetics/core_loss_model_coverage.py,from,__future__,,external_or_stdlib
src/pe_claw_gui/engines/magnetics/core_loss_model_coverage.py,from,collections,,external_or_stdlib
src/pe_claw_gui/engines/magnetics/core_loss_model_coverage.py,from,collections,,external_or_stdlib
src/pe_claw_gui/engines/magnetics/core_loss_model_coverage.py,from,collections.abc,,external_or_stdlib
src/pe_claw_gui/engines/magnetics/core_loss_model_coverage.py,from,collections.abc,,external_or_stdlib
src/pe_claw_gui/engines/magnetics/core_loss_model_coverage.py,from,collections.abc,,external_or_stdlib
src/pe_claw_gui/engines/magnetics/core_loss_model_coverage.py,from,dataclasses,,external_or_stdlib
src/pe_claw_gui/engines/magnetics/core_loss_model_coverage.py,import,math,,external_or_stdlib
src/pe_claw_gui/engines/magnetics/core_loss_model_coverage.py,from,typing,,external_or_stdlib
src/pe_claw_gui/engines/magnetics/core_loss_model_coverage.py,from,pe_claw_gui.models.magnetic_loss_contract,src/pe_claw_gui/models/magnetic_loss_contract.py,included_internal
src/pe_claw_gui/engines/magnetics/core_loss_model_coverage.py,from,pe_claw_gui.models.magnetic_loss_contract,src/pe_claw_gui/models/magnetic_loss_contract.py,included_internal
src/pe_claw_gui/engines/magnetics/core_loss_model_equation_audit.py,from,__future__,,external_or_stdlib
src/pe_claw_gui/engines/magnetics/core_loss_model_equation_audit.py,import,hashlib,,external_or_stdlib
src/pe_claw_gui/engines/magnetics/core_loss_model_equation_audit.py,import,json,,external_or_stdlib
src/pe_claw_gui/engines/magnetics/core_loss_model_equation_audit.py,import,math,,external_or_stdlib
src/pe_claw_gui/engines/magnetics/core_loss_model_equation_audit.py,from,pathlib,,external_or_stdlib
src/pe_claw_gui/engines/magnetics/core_loss_model_equation_audit.py,import,re,,external_or_stdlib
src/pe_claw_gui/engines/magnetics/core_loss_model_equation_audit.py,from,typing,,external_or_stdlib
src/pe_claw_gui/engines/magnetics/core_loss_model_equation_audit.py,from,typing,,external_or_stdlib
src/pe_claw_gui/engines/magnetics/core_loss_model_equation_audit.py,from,typing,,external_or_stdlib
src/pe_claw_gui/engines/magnetics/core_loss_model_equation_audit.py,from,pe_claw_gui.models.magnetic_loss_contract,src/pe_claw_gui/models/magnetic_loss_contract.py,included_internal
src/pe_claw_gui/engines/magnetics/core_loss_model_equation_audit.py,from,pe_claw_gui.models.magnetic_loss_contract,src/pe_claw_gui/models/magnetic_loss_contract.py,included_internal
src/pe_claw_gui/engines/magnetics/core_loss_model_equation_audit.py,from,pe_claw_gui.models.magnetic_loss_contract,src/pe_claw_gui/models/magnetic_loss_contract.py,included_internal
src/pe_claw_gui/engines/magnetics/core_loss_model_equation_audit.py,from,pe_claw_gui.engines.magnetics.core_loss_kernel,src/pe_claw_gui/engines/magnetics/core_loss_kernel.py,included_internal
src/pe_claw_gui/engines/magnetics/core_loss_model_equation_audit.py,from,pe_claw_gui.engines.magnetics.core_loss_kernel,src/pe_claw_gui/engines/magnetics/core_loss_kernel.py,included_internal
src/pe_claw_gui/engines/magnetics/core_loss_model_equation_audit.py,from,pe_claw_gui.engines.magnetics.core_loss_proprietary_models,src/pe_claw_gui/engines/magnetics/core_loss_proprietary_models.py,included_internal
src/pe_claw_gui/engines/magnetics/core_loss_physical_consistency.py,from,__future__,,external_or_stdlib
src/pe_claw_gui/engines/magnetics/core_loss_physical_consistency.py,import,hashlib,,external_or_stdlib
src/pe_claw_gui/engines/magnetics/core_loss_physical_consistency.py,import,json,,external_or_stdlib
src/pe_claw_gui/engines/magnetics/core_loss_physical_consistency.py,import,math,,external_or_stdlib
src/pe_claw_gui/engines/magnetics/core_loss_physical_consistency.py,from,pathlib,,external_or_stdlib
src/pe_claw_gui/engines/magnetics/core_loss_physical_consistency.py,from,typing,,external_or_stdlib
src/pe_claw_gui/engines/magnetics/core_loss_physical_consistency.py,from,typing,,external_or_stdlib
src/pe_claw_gui/engines/magnetics/core_loss_physical_consistency.py,from,typing,,external_or_stdlib
src/pe_claw_gui/engines/magnetics/core_loss_proprietary_models.py,from,__future__,,external_or_stdlib
src/pe_claw_gui/engines/magnetics/core_loss_proprietary_models.py,from,dataclasses,,external_or_stdlib
src/pe_claw_gui/engines/magnetics/core_loss_proprietary_models.py,import,math,,external_or_stdlib
src/pe_claw_gui/engines/magnetics/core_loss_proprietary_models.py,from,typing,,external_or_stdlib
src/pe_claw_gui/engines/magnetics/core_loss_proprietary_models.py,from,typing,,external_or_stdlib
src/pe_claw_gui/engines/magnetics/core_loss_proprietary_models.py,from,pe_claw_gui.models.magnetic_loss_contract,src/pe_claw_gui/models/magnetic_loss_contract.py,included_internal
src/pe_claw_gui/engines/magnetics/core_loss_proprietary_models.py,from,pe_claw_gui.models.magnetic_loss_contract,src/pe_claw_gui/models/magnetic_loss_contract.py,included_internal
src/pe_claw_gui/engines/magnetics/core_loss_proprietary_models.py,from,pe_claw_gui.models.magnetic_loss_contract,src/pe_claw_gui/models/magnetic_loss_contract.py,included_internal
src/pe_claw_gui/engines/magnetics/core_loss_proprietary_models.py,from,pe_claw_gui.models.magnetic_loss_contract,src/pe_claw_gui/models/magnetic_loss_contract.py,included_internal
src/pe_claw_gui/engines/magnetics/core_loss_proprietary_models.py,from,pe_claw_gui.models.magnetic_loss_contract,src/pe_claw_gui/models/magnetic_loss_contract.py,included_internal
src/pe_claw_gui/engines/magnetics/core_loss_proprietary_models.py,from,pe_claw_gui.models.magnetic_loss_contract,src/pe_claw_gui/models/magnetic_loss_contract.py,included_internal
src/pe_claw_gui/engines/magnetics/core_loss_proprietary_models.py,from,pe_claw_gui.engines.magnetics.core_loss_evaluation_context,src/pe_claw_gui/engines/magnetics/core_loss_evaluation_context.py,included_internal
src/pe_claw_gui/engines/magnetics/core_loss_role_adapter.py,from,__future__,,external_or_stdlib
src/pe_claw_gui/engines/magnetics/core_loss_role_adapter.py,from,typing,,external_or_stdlib
src/pe_claw_gui/engines/magnetics/core_loss_role_adapter.py,from,typing,,external_or_stdlib
src/pe_claw_gui/engines/magnetics/core_loss_role_adapter.py,from,pe_claw_gui.models.magnetic_loss_contract,src/pe_claw_gui/models/magnetic_loss_contract.py,included_internal
src/pe_claw_gui/engines/magnetics/core_loss_role_adapter.py,from,pe_claw_gui.models.magnetic_loss_contract,src/pe_claw_gui/models/magnetic_loss_contract.py,included_internal
src/pe_claw_gui/engines/magnetics/core_loss_role_adapter.py,from,pe_claw_gui.engines.magnetics.core_loss_excitation_builder,src/pe_claw_gui/engines/magnetics/core_loss_excitation_builder.py,included_internal
src/pe_claw_gui/engines/magnetics/core_loss_role_adapter.py,from,pe_claw_gui.engines.magnetics.core_loss_router,src/pe_claw_gui/engines/magnetics/core_loss_router.py,included_internal
src/pe_claw_gui/engines/magnetics/core_loss_role_adapter.py,from,pe_claw_gui.engines.magnetics.core_loss_router,src/pe_claw_gui/engines/magnetics/core_loss_router.py,included_internal
src/pe_claw_gui/engines/magnetics/core_loss_role_adapter.py,from,pe_claw_gui.models.magnetic_loss_contract,src/pe_claw_gui/models/magnetic_loss_contract.py,included_internal
src/pe_claw_gui/engines/magnetics/core_loss_rollout.py,from,__future__,,external_or_stdlib
src/pe_claw_gui/engines/magnetics/core_loss_rollout.py,from,dataclasses,,external_or_stdlib
src/pe_claw_gui/engines/magnetics/core_loss_rollout.py,import,math,,external_or_stdlib
src/pe_claw_gui/engines/magnetics/core_loss_rollout.py,from,typing,,external_or_stdlib
src/pe_claw_gui/engines/magnetics/core_loss_rollout.py,from,typing,,external_or_stdlib
src/pe_claw_gui/engines/magnetics/core_loss_rollout.py,from,typing,,external_or_stdlib
src/pe_claw_gui/engines/magnetics/core_loss_rollout.py,import,json,,external_or_stdlib
src/pe_claw_gui/engines/magnetics/core_loss_roshen.py,from,__future__,,external_or_stdlib
src/pe_claw_gui/engines/magnetics/core_loss_roshen.py,from,dataclasses,,external_or_stdlib
src/pe_claw_gui/engines/magnetics/core_loss_roshen.py,import,math,,external_or_stdlib
src/pe_claw_gui/engines/magnetics/core_loss_roshen.py,from,typing,,external_or_stdlib
src/pe_claw_gui/engines/magnetics/core_loss_roshen.py,from,typing,,external_or_stdlib
src/pe_claw_gui/engines/magnetics/core_loss_roshen.py,from,typing,,external_or_stdlib
src/pe_claw_gui/engines/magnetics/core_loss_roshen.py,from,pe_claw_gui.models.magnetic_loss_contract,src/pe_claw_gui/models/magnetic_loss_contract.py,included_internal
src/pe_claw_gui/engines/magnetics/core_loss_roshen.py,from,pe_claw_gui.models.magnetic_loss_contract,src/pe_claw_gui/models/magnetic_loss_contract.py,included_internal
src/pe_claw_gui/engines/magnetics/core_loss_roshen.py,from,pe_claw_gui.models.magnetic_loss_contract,src/pe_claw_gui/models/magnetic_loss_contract.py,included_internal
src/pe_claw_gui/engines/magnetics/core_loss_roshen.py,from,pe_claw_gui.models.magnetic_loss_contract,src/pe_claw_gui/models/magnetic_loss_contract.py,included_internal
src/pe_claw_gui/engines/magnetics/core_loss_roshen.py,from,pe_claw_gui.models.magnetic_loss_contract,src/pe_claw_gui/models/magnetic_loss_contract.py,included_internal
src/pe_claw_gui/engines/magnetics/core_loss_roshen.py,from,pe_claw_gui.models.magnetic_loss_contract,src/pe_claw_gui/models/magnetic_loss_contract.py,included_internal
src/pe_claw_gui/engines/magnetics/core_loss_roshen.py,from,pe_claw_gui.models.magnetic_loss_contract,src/pe_claw_gui/models/magnetic_loss_contract.py,included_internal
src/pe_claw_gui/engines/magnetics/core_loss_router.py,from,__future__,,external_or_stdlib
src/pe_claw_gui/engines/magnetics/core_loss_router.py,from,dataclasses,,external_or_stdlib
src/pe_claw_gui/engines/magnetics/core_loss_router.py,from,functools,,external_or_stdlib
src/pe_claw_gui/engines/magnetics/core_loss_router.py,import,math,,external_or_stdlib
src/pe_claw_gui/engines/magnetics/core_loss_router.py,from,typing,,external_or_stdlib
src/pe_claw_gui/engines/magnetics/core_loss_router.py,from,typing,,external_or_stdlib
src/pe_claw_gui/engines/magnetics/core_loss_router.py,from,pe_claw_gui.models.magnetic_loss_contract,src/pe_claw_gui/models/magnetic_loss_contract.py,included_internal
src/pe_claw_gui/engines/magnetics/core_loss_router.py,from,pe_claw_gui.models.magnetic_loss_contract,src/pe_claw_gui/models/magnetic_loss_contract.py,included_internal
src/pe_claw_gui/engines/magnetics/core_loss_router.py,from,pe_claw_gui.models.magnetic_loss_contract,src/pe_claw_gui/models/magnetic_loss_contract.py,included_internal
src/pe_claw_gui/engines/magnetics/core_loss_router.py,from,pe_claw_gui.models.magnetic_loss_contract,src/pe_claw_gui/models/magnetic_loss_contract.py,included_internal
src/pe_claw_gui/engines/magnetics/core_loss_router.py,from,pe_claw_gui.models.magnetic_loss_contract,src/pe_claw_gui/models/magnetic_loss_contract.py,included_internal
src/pe_claw_gui/engines/magnetics/core_loss_router.py,from,pe_claw_gui.models.magnetic_loss_contract,src/pe_claw_gui/models/magnetic_loss_contract.py,included_internal
src/pe_claw_gui/engines/magnetics/core_loss_router.py,from,pe_claw_gui.models.magnetic_loss_contract,src/pe_claw_gui/models/magnetic_loss_contract.py,included_internal
src/pe_claw_gui/engines/magnetics/core_loss_router.py,from,pe_claw_gui.models.magnetic_loss_contract,src/pe_claw_gui/models/magnetic_loss_contract.py,included_internal
src/pe_claw_gui/engines/magnetics/core_loss_router.py,from,pe_claw_gui.models.magnetic_loss_contract,src/pe_claw_gui/models/magnetic_loss_contract.py,included_internal
src/pe_claw_gui/engines/magnetics/core_loss_router.py,from,pe_claw_gui.engines.magnetics.core_loss_kernel,src/pe_claw_gui/engines/magnetics/core_loss_kernel.py,included_internal
src/pe_claw_gui/engines/magnetics/core_loss_router.py,from,pe_claw_gui.engines.magnetics.core_loss_kernel,src/pe_claw_gui/engines/magnetics/core_loss_kernel.py,included_internal
src/pe_claw_gui/engines/magnetics/core_loss_router.py,from,pe_claw_gui.engines.magnetics.core_loss_loss_factor,src/pe_claw_gui/engines/magnetics/core_loss_loss_factor.py,included_internal
src/pe_claw_gui/engines/magnetics/core_loss_router.py,from,pe_claw_gui.engines.magnetics.core_loss_measured,src/pe_claw_gui/engines/magnetics/core_loss_measured.py,included_internal
src/pe_claw_gui/engines/magnetics/core_loss_router.py,from,pe_claw_gui.engines.magnetics.core_loss_proprietary_models,src/pe_claw_gui/engines/magnetics/core_loss_proprietary_models.py,included_internal
src/pe_claw_gui/engines/magnetics/core_loss_router.py,from,pe_claw_gui.engines.magnetics.core_loss_roshen,src/pe_claw_gui/engines/magnetics/core_loss_roshen.py,included_internal
src/pe_claw_gui/engines/magnetics/core_loss_router.py,from,pe_claw_gui.engines.magnetics.core_loss_magnetec,src/pe_claw_gui/engines/magnetics/core_loss_magnetec.py,included_internal
src/pe_claw_gui/engines/magnetics/core_loss_router.py,from,pe_claw_gui.engines.magnetics.core_loss_excitation_builder,src/pe_claw_gui/engines/magnetics/core_loss_excitation_builder.py,included_internal
src/pe_claw_gui/engines/magnetics/data_backend.py,from,__future__,,external_or_stdlib
src/pe_claw_gui/engines/magnetics/data_backend.py,import,copy,,external_or_stdlib
src/pe_claw_gui/engines/magnetics/data_backend.py,from,dataclasses,,external_or_stdlib
src/pe_claw_gui/engines/magnetics/data_backend.py,from,dataclasses,,external_or_stdlib
src/pe_claw_gui/engines/magnetics/data_backend.py,from,functools,,external_or_stdlib
src/pe_claw_gui/engines/magnetics/data_backend.py,import,hashlib,,external_or_stdlib
src/pe_claw_gui/engines/magnetics/data_backend.py,from,pathlib,,external_or_stdlib
src/pe_claw_gui/engines/magnetics/data_backend.py,from,types,,external_or_stdlib
src/pe_claw_gui/engines/magnetics/data_backend.py,from,typing,,external_or_stdlib
src/pe_claw_gui/engines/magnetics/data_backend.py,from,typing,,external_or_stdlib
src/pe_claw_gui/engines/magnetics/data_backend.py,import,pandas,,external_or_stdlib
src/pe_claw_gui/engines/magnetics/data_backend.py,from,pe_claw_gui.libraries.magnetics.normalized_backend_loader,src/pe_claw_gui/libraries/magnetics/normalized_backend_loader.py,included_internal
src/pe_claw_gui/engines/magnetics/data_backend.py,from,pe_claw_gui.libraries.magnetics.normalized_backend_loader,src/pe_claw_gui/libraries/magnetics/normalized_backend_loader.py,included_internal
src/pe_claw_gui/engines/magnetics/data_backend.py,from,pe_claw_gui.libraries.magnetics.normalized_backend_loader,src/pe_claw_gui/libraries/magnetics/normalized_backend_loader.py,included_internal
src/pe_claw_gui/engines/magnetics/data_backend.py,from,pe_claw_gui.libraries.magnetics.normalized_backend_loader,src/pe_claw_gui/libraries/magnetics/normalized_backend_loader.py,included_internal
src/pe_claw_gui/engines/magnetics/data_backend.py,from,pe_claw_gui.libraries.magnetics.normalized_backend_loader,src/pe_claw_gui/libraries/magnetics/normalized_backend_loader.py,included_internal
src/pe_claw_gui/engines/magnetics/data_backend.py,from,pe_claw_gui.libraries.magnetics.normalized_data_locator,src/pe_claw_gui/libraries/magnetics/normalized_data_locator.py,included_internal
src/pe_claw_gui/engines/magnetics/data_backend.py,from,pe_claw_gui.libraries.magnetics.openmagnetics_v2_production_locator,src/pe_claw_gui/libraries/magnetics/openmagnetics_v2_production_locator.py,included_internal
src/pe_claw_gui/engines/magnetics/data_backend.py,from,pe_claw_gui.libraries.magnetics.openmagnetics_v2_production_locator,src/pe_claw_gui/libraries/magnetics/openmagnetics_v2_production_locator.py,included_internal
src/pe_claw_gui/engines/magnetics/data_backend.py,from,pe_claw_gui.engines.magnetics.catalog_core_binding,src/pe_claw_gui/engines/magnetics/catalog_core_binding.py,included_internal
src/pe_claw_gui/engines/magnetics/data_backend.py,from,pe_claw_gui.engines.magnetics.catalog_core_binding,src/pe_claw_gui/engines/magnetics/catalog_core_binding.py,included_internal
src/pe_claw_gui/engines/magnetics/data_backend.py,from,pe_claw_gui.engines.magnetics.catalog_core_binding,src/pe_claw_gui/engines/magnetics/catalog_core_binding.py,included_internal
src/pe_claw_gui/engines/magnetics/data_backend.py,from,pe_claw_gui.engines.magnetics.legacy_external_openmagnetics,src/pe_claw_gui/engines/magnetics/legacy_external_openmagnetics.py,included_internal
src/pe_claw_gui/engines/magnetics/flyback_thermal_remediation.py,from,__future__,,external_or_stdlib
src/pe_claw_gui/engines/magnetics/flyback_thermal_remediation.py,import,json,,external_or_stdlib
src/pe_claw_gui/engines/magnetics/flyback_thermal_remediation.py,import,math,,external_or_stdlib
src/pe_claw_gui/engines/magnetics/flyback_thermal_remediation.py,from,pathlib,,external_or_stdlib
src/pe_claw_gui/engines/magnetics/flyback_thermal_remediation.py,from,typing,,external_or_stdlib
src/pe_claw_gui/engines/magnetics/flyback_thermal_remediation.py,from,typing,,external_or_stdlib
src/pe_claw_gui/engines/magnetics/inductor_adapter.py,from,__future__,,external_or_stdlib
src/pe_claw_gui/engines/magnetics/inductor_adapter.py,import,math,,external_or_stdlib
src/pe_claw_gui/engines/magnetics/inductor_adapter.py,from,collections.abc,,external_or_stdlib
src/pe_claw_gui/engines/magnetics/inductor_adapter.py,from,collections.abc,,external_or_stdlib
src/pe_claw_gui/engines/magnetics/inductor_adapter.py,from,collections.abc,,external_or_stdlib
src/pe_claw_gui/engines/magnetics/inductor_adapter.py,from,pe_claw_gui.models.design_report,src/pe_claw_gui/models/design_report.py,included_internal
src/pe_claw_gui/engines/magnetics/inductor_adapter.py,from,pe_claw_gui.models.inductor,src/pe_claw_gui/models/inductor.py,included_internal
src/pe_claw_gui/engines/magnetics/inductor_adapter.py,from,pe_claw_gui.models.inductor,src/pe_claw_gui/models/inductor.py,included_internal
src/pe_claw_gui/engines/magnetics/inductor_adapter.py,from,pe_claw_gui.models.operating_point,src/pe_claw_gui/models/operating_point.py,included_internal
src/pe_claw_gui/engines/magnetics/inductor_adapter.py,from,pe_claw_gui.topologies.base.candidate,src/pe_claw_gui/topologies/base/candidate.py,included_internal
src/pe_claw_gui/engines/magnetics/inductor_adapter.py,from,pe_claw_gui.topologies.dc_dc.buck_diode_rectified_unidirectional.mode,src/pe_claw_gui/topologies/dc_dc/buck_diode_rectified_unidirectional/mode.py,included_internal
src/pe_claw_gui/engines/magnetics/inductor_adapter.py,from,pe_claw_gui.topologies.dc_dc.buck_diode_rectified_unidirectional.mode,src/pe_claw_gui/topologies/dc_dc/buck_diode_rectified_unidirectional/mode.py,included_internal
src/pe_claw_gui/engines/magnetics/inductor_adapter.py,from,pe_claw_gui.topologies.dc_dc.buck_synchronous_rectified_unidirectional.mode,src/pe_claw_gui/topologies/dc_dc/buck_synchronous_rectified_unidirectional/mode.py,included_internal
src/pe_claw_gui/engines/magnetics/inductor_adapter.py,from,pe_claw_gui.topologies.dc_dc.buck_synchronous_rectified_unidirectional.mode,src/pe_claw_gui/topologies/dc_dc/buck_synchronous_rectified_unidirectional/mode.py,included_internal
src/pe_claw_gui/engines/magnetics/inductor_adapter.py,from,pe_claw_gui.topologies.dc_dc.boost_diode_rectified_unidirectional.mode,src/pe_claw_gui/topologies/dc_dc/boost_diode_rectified_unidirectional/mode.py,included_internal
src/pe_claw_gui/engines/magnetics/inductor_adapter.py,from,pe_claw_gui.topologies.dc_dc.boost_diode_rectified_unidirectional.mode,src/pe_claw_gui/topologies/dc_dc/boost_diode_rectified_unidirectional/mode.py,included_internal
src/pe_claw_gui/engines/magnetics/inductor_adapter.py,from,pe_claw_gui.topologies.dc_dc.boost_synchronous_rectified_unidirectional.mode,src/pe_claw_gui/topologies/dc_dc/boost_synchronous_rectified_unidirectional/mode.py,included_internal
src/pe_claw_gui/engines/magnetics/inductor_adapter.py,from,pe_claw_gui.topologies.dc_dc.boost_synchronous_rectified_unidirectional.mode,src/pe_claw_gui/topologies/dc_dc/boost_synchronous_rectified_unidirectional/mode.py,included_internal
src/pe_claw_gui/engines/magnetics/inductor_adapter.py,from,pe_claw_gui.topologies.dc_dc.buck_boost_diode_rectified_unidirectional.mode,src/pe_claw_gui/topologies/dc_dc/buck_boost_diode_rectified_unidirectional/mode.py,included_internal
src/pe_claw_gui/engines/magnetics/inductor_adapter.py,from,pe_claw_gui.topologies.dc_dc.buck_boost_diode_rectified_unidirectional.mode,src/pe_claw_gui/topologies/dc_dc/buck_boost_diode_rectified_unidirectional/mode.py,included_internal
src/pe_claw_gui/engines/magnetics/inductor_adapter.py,from,pe_claw_gui.topologies.dc_dc.four_switch_buck_boost_simplified_four_mode.mode,src/pe_claw_gui/topologies/dc_dc/four_switch_buck_boost_simplified_four_mode/mode.py,included_internal
src/pe_claw_gui/engines/magnetics/inductor_adapter.py,from,pe_claw_gui.topologies.dc_dc.four_switch_buck_boost_simplified_four_mode.mode,src/pe_claw_gui/topologies/dc_dc/four_switch_buck_boost_simplified_four_mode/mode.py,included_internal
src/pe_claw_gui/engines/magnetics/inductor_adapter.py,from,pe_claw_gui.topologies.dc_dc.four_switch_buck_boost_simplified_four_mode.mode,src/pe_claw_gui/topologies/dc_dc/four_switch_buck_boost_simplified_four_mode/mode.py,included_internal
src/pe_claw_gui/engines/magnetics/inductor_adapter.py,from,pe_claw_gui.topologies.dc_dc.four_switch_buck_boost_simplified_four_mode.mode,src/pe_claw_gui/topologies/dc_dc/four_switch_buck_boost_simplified_four_mode/mode.py,included_internal
src/pe_claw_gui/engines/magnetics/inductor_adapter.py,from,pe_claw_gui.topologies.dc_dc.three_level_tzcm_fixed_frequency.mode,src/pe_claw_gui/topologies/dc_dc/three_level_tzcm_fixed_frequency/mode.py,included_internal
src/pe_claw_gui/engines/magnetics/inductor_adapter.py,from,pe_claw_gui.topologies.dc_dc.three_level_tzcm_fixed_frequency.mode,src/pe_claw_gui/topologies/dc_dc/three_level_tzcm_fixed_frequency/mode.py,included_internal
src/pe_claw_gui/engines/magnetics/inductor_design.py,from,__future__,,external_or_stdlib
src/pe_claw_gui/engines/magnetics/inductor_design.py,import,math,,external_or_stdlib
src/pe_claw_gui/engines/magnetics/inductor_design.py,import,re,,external_or_stdlib
src/pe_claw_gui/engines/magnetics/inductor_design.py,from,dataclasses,,external_or_stdlib
src/pe_claw_gui/engines/magnetics/inductor_design.py,from,pathlib,,external_or_stdlib
src/pe_claw_gui/engines/magnetics/inductor_design.py,from,typing,,external_or_stdlib
src/pe_claw_gui/engines/magnetics/inductor_design.py,from,typing,,external_or_stdlib
src/pe_claw_gui/engines/magnetics/inductor_design.py,import,numpy,,external_or_stdlib
src/pe_claw_gui/engines/magnetics/inductor_design.py,import,pandas,,external_or_stdlib
src/pe_claw_gui/engines/magnetics/inductor_design.py,from,pe_claw_gui.models.inductor,src/pe_claw_gui/models/inductor.py,included_internal
src/pe_claw_gui/engines/magnetics/inductor_design.py,from,pe_claw_gui.models.inductor,src/pe_claw_gui/models/inductor.py,included_internal
src/pe_claw_gui/engines/magnetics/inductor_design.py,from,pe_claw_gui.models.inductor,src/pe_claw_gui/models/inductor.py,included_internal
src/pe_claw_gui/engines/magnetics/inductor_design.py,from,pe_claw_gui.models.inductor,src/pe_claw_gui/models/inductor.py,included_internal
src/pe_claw_gui/engines/magnetics/inductor_design.py,from,pe_claw_gui.utils.core_family_semantics,src/pe_claw_gui/utils/core_family_semantics.py,included_internal
src/pe_claw_gui/engines/magnetics/inductor_design.py,from,pe_claw_gui.engines.magnetics.data_backend,src/pe_claw_gui/engines/magnetics/data_backend.py,included_internal
src/pe_claw_gui/engines/magnetics/inductor_design.py,from,pe_claw_gui.engines.magnetics.data_backend,src/pe_claw_gui/engines/magnetics/data_backend.py,included_internal
src/pe_claw_gui/engines/magnetics/inductor_design.py,from,pe_claw_gui.engines.magnetics.data_backend,src/pe_claw_gui/engines/magnetics/data_backend.py,included_internal
src/pe_claw_gui/engines/magnetics/inductor_design.py,from,pe_claw_gui.engines.magnetics.legacy_external_openmagnetics,src/pe_claw_gui/engines/magnetics/legacy_external_openmagnetics.py,included_internal
src/pe_claw_gui/engines/magnetics/inductor_design.py,from,pe_claw_gui.engines.magnetics.core_loss_kernel,src/pe_claw_gui/engines/magnetics/core_loss_kernel.py,included_internal
src/pe_claw_gui/engines/magnetics/inductor_design.py,from,pe_claw_gui.engines.magnetics.core_loss_kernel,src/pe_claw_gui/engines/magnetics/core_loss_kernel.py,included_internal
src/pe_claw_gui/engines/magnetics/inductor_design.py,from,pe_claw_gui.engines.magnetics.core_loss_router,src/pe_claw_gui/engines/magnetics/core_loss_router.py,included_internal
src/pe_claw_gui/engines/magnetics/inductor_design.py,from,pe_claw_gui.engines.magnetics.catalog_core_binding,src/pe_claw_gui/engines/magnetics/catalog_core_binding.py,included_internal
src/pe_claw_gui/engines/magnetics/inductor_design.py,from,pe_claw_gui.engines.magnetics.catalog_core_binding,src/pe_claw_gui/engines/magnetics/catalog_core_binding.py,included_internal
src/pe_claw_gui/engines/magnetics/inductor_design.py,from,pe_claw_gui.engines.magnetics.core_loss_audit,src/pe_claw_gui/engines/magnetics/core_loss_audit.py,included_internal
src/pe_claw_gui/engines/magnetics/inductor_design.py,import,matplotlib,,external_or_stdlib
src/pe_claw_gui/engines/magnetics/inductor_design.py,import,matplotlib.pyplot,,external_or_stdlib
src/pe_claw_gui/engines/magnetics/inductor_frontier_search.py,from,__future__,,external_or_stdlib
src/pe_claw_gui/engines/magnetics/inductor_frontier_search.py,import,hashlib,,external_or_stdlib
src/pe_claw_gui/engines/magnetics/inductor_frontier_search.py,import,json,,external_or_stdlib
src/pe_claw_gui/engines/magnetics/inductor_frontier_search.py,import,math,,external_or_stdlib
src/pe_claw_gui/engines/magnetics/inductor_frontier_search.py,from,dataclasses,,external_or_stdlib
src/pe_claw_gui/engines/magnetics/inductor_frontier_search.py,from,dataclasses,,external_or_stdlib
src/pe_claw_gui/engines/magnetics/inductor_frontier_search.py,from,dataclasses,,external_or_stdlib
src/pe_claw_gui/engines/magnetics/inductor_frontier_search.py,from,typing,,external_or_stdlib
src/pe_claw_gui/engines/magnetics/inductor_frontier_search.py,from,typing,,external_or_stdlib
src/pe_claw_gui/engines/magnetics/inductor_frontier_search.py,from,pe_claw_gui.models.inductor,src/pe_claw_gui/models/inductor.py,included_internal
src/pe_claw_gui/engines/magnetics/inductor_frontier_search.py,from,pe_claw_gui.models.inductor,src/pe_claw_gui/models/inductor.py,included_internal
src/pe_claw_gui/engines/magnetics/inductor_frontier_search.py,from,pe_claw_gui.engines.magnetics.allow_profiles,src/pe_claw_gui/engines/magnetics/allow_profiles.py,included_internal
src/pe_claw_gui/engines/magnetics/inductor_frontier_search.py,from,pe_claw_gui.engines.magnetics.candidate_compression,src/pe_claw_gui/engines/magnetics/candidate_compression.py,included_internal
src/pe_claw_gui/engines/magnetics/inductor_frontier_search.py,from,pe_claw_gui.engines.magnetics.candidate_compression,src/pe_claw_gui/engines/magnetics/candidate_compression.py,included_internal
src/pe_claw_gui/engines/magnetics/inductor_frontier_search.py,from,pe_claw_gui.engines.magnetics.candidate_metrics,src/pe_claw_gui/engines/magnetics/candidate_metrics.py,included_internal
src/pe_claw_gui/engines/magnetics/inductor_frontier_search.py,from,pe_claw_gui.engines.magnetics.candidate_metrics,src/pe_claw_gui/engines/magnetics/candidate_metrics.py,included_internal
src/pe_claw_gui/engines/magnetics/inductor_frontier_search.py,from,pe_claw_gui.engines.magnetics.data_backend,src/pe_claw_gui/engines/magnetics/data_backend.py,included_internal
src/pe_claw_gui/engines/magnetics/inductor_frontier_search.py,from,pe_claw_gui.engines.magnetics.data_backend,src/pe_claw_gui/engines/magnetics/data_backend.py,included_internal
src/pe_claw_gui/engines/magnetics/inductor_frontier_search.py,from,pe_claw_gui.engines.magnetics.inductor_design,src/pe_claw_gui/engines/magnetics/inductor_design.py,included_internal
src/pe_claw_gui/engines/magnetics/inductor_frontier_search.py,from,pe_claw_gui.engines.magnetics.inductor_design,src/pe_claw_gui/engines/magnetics/inductor_design.py,included_internal
src/pe_claw_gui/engines/magnetics/inductor_frontier_search.py,from,pe_claw_gui.engines.magnetics.inductor_design,src/pe_claw_gui/engines/magnetics/inductor_design.py,included_internal
src/pe_claw_gui/engines/magnetics/leakage.py,from,__future__,,external_or_stdlib
src/pe_claw_gui/engines/magnetics/leakage.py,from,dataclasses,,external_or_stdlib
src/pe_claw_gui/engines/magnetics/leakage.py,from,math,,external_or_stdlib
src/pe_claw_gui/engines/magnetics/leakage.py,from,math,,external_or_stdlib
src/pe_claw_gui/engines/magnetics/legacy_external_openmagnetics.py,from,__future__,,external_or_stdlib
src/pe_claw_gui/engines/magnetics/legacy_external_openmagnetics.py,import,json,,external_or_stdlib
src/pe_claw_gui/engines/magnetics/legacy_external_openmagnetics.py,import,math,,external_or_stdlib
src/pe_claw_gui/engines/magnetics/legacy_external_openmagnetics.py,import,os,,external_or_stdlib
src/pe_claw_gui/engines/magnetics/legacy_external_openmagnetics.py,from,dataclasses,,external_or_stdlib
src/pe_claw_gui/engines/magnetics/legacy_external_openmagnetics.py,from,functools,,external_or_stdlib
src/pe_claw_gui/engines/magnetics/legacy_external_openmagnetics.py,from,pathlib,,external_or_stdlib
src/pe_claw_gui/engines/magnetics/legacy_external_openmagnetics.py,from,typing,,external_or_stdlib
src/pe_claw_gui/engines/magnetics/legacy_external_openmagnetics.py,import,pandas,,external_or_stdlib
src/pe_claw_gui/engines/magnetics/legacy_external_openmagnetics.py,from,pe_claw_gui.utils.core_family_semantics,src/pe_claw_gui/utils/core_family_semantics.py,included_internal
src/pe_claw_gui/engines/magnetics/legacy_external_openmagnetics.py,from,pe_claw_gui.utils.core_family_semantics,src/pe_claw_gui/utils/core_family_semantics.py,included_internal
src/pe_claw_gui/engines/magnetics/llc_external_lr_step19_validation.py,from,__future__,,external_or_stdlib
src/pe_claw_gui/engines/magnetics/llc_external_lr_step19_validation.py,import,json,,external_or_stdlib
src/pe_claw_gui/engines/magnetics/llc_external_lr_step19_validation.py,from,math,,external_or_stdlib
src/pe_claw_gui/engines/magnetics/llc_external_lr_step19_validation.py,from,math,,external_or_stdlib
src/pe_claw_gui/engines/magnetics/llc_external_lr_step19_validation.py,from,math,,external_or_stdlib
src/pe_claw_gui/engines/magnetics/llc_external_lr_step19_validation.py,from,math,,external_or_stdlib
src/pe_claw_gui/engines/magnetics/llc_external_lr_step19_validation.py,from,pathlib,,external_or_stdlib
src/pe_claw_gui/engines/magnetics/llc_external_lr_step19_validation.py,from,typing,,external_or_stdlib
src/pe_claw_gui/engines/magnetics/llc_external_lr_step19_validation.py,from,typing,,external_or_stdlib
src/pe_claw_gui/engines/magnetics/llc_external_lr_step19_validation.py,from,pe_claw_gui.models.magnetic_loss_contract,src/pe_claw_gui/models/magnetic_loss_contract.py,included_internal
src/pe_claw_gui/engines/magnetics/llc_external_lr_step19_validation.py,from,pe_claw_gui.models.magnetic_loss_contract,src/pe_claw_gui/models/magnetic_loss_contract.py,included_internal
src/pe_claw_gui/engines/magnetics/llc_external_lr_step19_validation.py,from,pe_claw_gui.models.magnetic_loss_contract,src/pe_claw_gui/models/magnetic_loss_contract.py,included_internal
src/pe_claw_gui/engines/magnetics/llc_external_lr_step19_validation.py,from,pe_claw_gui.models.magnetic_loss_contract,src/pe_claw_gui/models/magnetic_loss_contract.py,included_internal
src/pe_claw_gui/engines/magnetics/llc_external_lr_step19_validation.py,from,pe_claw_gui.engines.magnetics.core_loss_excitation_builder,src/pe_claw_gui/engines/magnetics/core_loss_excitation_builder.py,included_internal
src/pe_claw_gui/engines/magnetics/llc_external_lr_step19_validation.py,from,pe_claw_gui.engines.magnetics.core_loss_router,src/pe_claw_gui/engines/magnetics/core_loss_router.py,included_internal
src/pe_claw_gui/engines/magnetics/openmagnetics_production_health.py,from,__future__,,external_or_stdlib
src/pe_claw_gui/engines/magnetics/openmagnetics_production_health.py,import,hashlib,,external_or_stdlib
src/pe_claw_gui/engines/magnetics/openmagnetics_production_health.py,import,json,,external_or_stdlib
src/pe_claw_gui/engines/magnetics/openmagnetics_production_health.py,from,pathlib,,external_or_stdlib
src/pe_claw_gui/engines/magnetics/openmagnetics_production_health.py,from,typing,,external_or_stdlib
src/pe_claw_gui/engines/magnetics/openmagnetics_production_health.py,from,typing,,external_or_stdlib
src/pe_claw_gui/engines/magnetics/openmagnetics_production_health.py,from,pe_claw_gui.engines.magnetics.data_backend,src/pe_claw_gui/engines/magnetics/data_backend.py,included_internal
src/pe_claw_gui/engines/magnetics/openmagnetics_production_health.py,from,pe_claw_gui.engines.magnetics.data_backend,src/pe_claw_gui/engines/magnetics/data_backend.py,included_internal
src/pe_claw_gui/engines/magnetics/openmagnetics_production_health.py,from,pe_claw_gui.engines.magnetics.data_backend,src/pe_claw_gui/engines/magnetics/data_backend.py,included_internal
src/pe_claw_gui/engines/magnetics/openmagnetics_production_health.py,from,pe_claw_gui.libraries.magnetics.normalized_data_locator,src/pe_claw_gui/libraries/magnetics/normalized_data_locator.py,included_internal
src/pe_claw_gui/engines/magnetics/openmagnetics_production_health.py,from,pe_claw_gui.libraries.magnetics.openmagnetics_v2_production_locator,src/pe_claw_gui/libraries/magnetics/openmagnetics_v2_production_locator.py,included_internal
src/pe_claw_gui/engines/magnetics/openmagnetics_v2_activation.py,from,__future__,,external_or_stdlib
src/pe_claw_gui/engines/magnetics/openmagnetics_v2_activation.py,from,dataclasses,,external_or_stdlib
src/pe_claw_gui/engines/magnetics/openmagnetics_v2_activation.py,import,hashlib,,external_or_stdlib
src/pe_claw_gui/engines/magnetics/openmagnetics_v2_activation.py,import,json,,external_or_stdlib
src/pe_claw_gui/engines/magnetics/openmagnetics_v2_activation.py,from,pathlib,,external_or_stdlib
src/pe_claw_gui/engines/magnetics/openmagnetics_v2_activation.py,from,typing,,external_or_stdlib
src/pe_claw_gui/engines/magnetics/openmagnetics_v2_activation.py,from,typing,,external_or_stdlib
src/pe_claw_gui/engines/magnetics/openmagnetics_v2_activation.py,from,pe_claw_gui.engines.magnetics.data_backend,src/pe_claw_gui/engines/magnetics/data_backend.py,included_internal
src/pe_claw_gui/engines/magnetics/openmagnetics_v2_activation.py,from,pe_claw_gui.engines.magnetics.data_backend,src/pe_claw_gui/engines/magnetics/data_backend.py,included_internal
src/pe_claw_gui/engines/magnetics/openmagnetics_v2_activation.py,from,pe_claw_gui.engines.magnetics.data_backend,src/pe_claw_gui/engines/magnetics/data_backend.py,included_internal
src/pe_claw_gui/engines/magnetics/openmagnetics_v2_activation.py,from,pe_claw_gui.engines.magnetics.data_backend,src/pe_claw_gui/engines/magnetics/data_backend.py,included_internal
src/pe_claw_gui/engines/magnetics/openmagnetics_v2_activation.py,from,pe_claw_gui.engines.magnetics.openmagnetics_v2_promotion_gate,src/pe_claw_gui/engines/magnetics/openmagnetics_v2_promotion_gate.py,included_internal
src/pe_claw_gui/engines/magnetics/openmagnetics_v2_activation.py,from,pe_claw_gui.engines.magnetics.openmagnetics_v2_promotion_gate,src/pe_claw_gui/engines/magnetics/openmagnetics_v2_promotion_gate.py,included_internal
src/pe_claw_gui/engines/magnetics/openmagnetics_v2_activation.py,from,pe_claw_gui.libraries.magnetics.normalized_data_locator,src/pe_claw_gui/libraries/magnetics/normalized_data_locator.py,included_internal
src/pe_claw_gui/engines/magnetics/openmagnetics_v2_final_authority.py,from,__future__,,external_or_stdlib
src/pe_claw_gui/engines/magnetics/openmagnetics_v2_final_authority.py,from,dataclasses,,external_or_stdlib
src/pe_claw_gui/engines/magnetics/openmagnetics_v2_final_authority.py,import,hashlib,,external_or_stdlib
src/pe_claw_gui/engines/magnetics/openmagnetics_v2_final_authority.py,import,json,,external_or_stdlib
src/pe_claw_gui/engines/magnetics/openmagnetics_v2_final_authority.py,from,pathlib,,external_or_stdlib
src/pe_claw_gui/engines/magnetics/openmagnetics_v2_final_authority.py,from,typing,,external_or_stdlib
src/pe_claw_gui/engines/magnetics/openmagnetics_v2_final_authority.py,from,typing,,external_or_stdlib
src/pe_claw_gui/engines/magnetics/openmagnetics_v2_promotion_gate.py,from,__future__,,external_or_stdlib
src/pe_claw_gui/engines/magnetics/openmagnetics_v2_promotion_gate.py,from,dataclasses,,external_or_stdlib
src/pe_claw_gui/engines/magnetics/openmagnetics_v2_promotion_gate.py,from,enum,,external_or_stdlib
src/pe_claw_gui/engines/magnetics/openmagnetics_v2_promotion_gate.py,import,hashlib,,external_or_stdlib
src/pe_claw_gui/engines/magnetics/openmagnetics_v2_promotion_gate.py,import,json,,external_or_stdlib
src/pe_claw_gui/engines/magnetics/openmagnetics_v2_promotion_gate.py,from,pathlib,,external_or_stdlib
src/pe_claw_gui/engines/magnetics/openmagnetics_v2_promotion_gate.py,from,typing,,external_or_stdlib
src/pe_claw_gui/engines/magnetics/openmagnetics_v2_promotion_gate.py,from,typing,,external_or_stdlib
src/pe_claw_gui/engines/magnetics/packaged_normalized_comparison.py,from,__future__,,external_or_stdlib
src/pe_claw_gui/engines/magnetics/packaged_normalized_comparison.py,from,dataclasses,,external_or_stdlib
src/pe_claw_gui/engines/magnetics/packaged_normalized_comparison.py,from,dataclasses,,external_or_stdlib
src/pe_claw_gui/engines/magnetics/packaged_normalized_comparison.py,from,pe_claw_gui.libraries.magnetics.normalized_backend_loader,src/pe_claw_gui/libraries/magnetics/normalized_backend_loader.py,included_internal
src/pe_claw_gui/engines/magnetics/packaged_normalized_comparison.py,from,pe_claw_gui.libraries.magnetics.normalized_inventory,src/pe_claw_gui/libraries/magnetics/normalized_inventory.py,included_internal
src/pe_claw_gui/engines/magnetics/packaged_normalized_comparison.py,from,pe_claw_gui.models.inductor,src/pe_claw_gui/models/inductor.py,included_internal
src/pe_claw_gui/engines/magnetics/packaged_normalized_comparison.py,from,pe_claw_gui.models.inductor,src/pe_claw_gui/models/inductor.py,included_internal
src/pe_claw_gui/engines/magnetics/packaged_normalized_comparison.py,from,pe_claw_gui.visualization.geometry.layout_builder,src/pe_claw_gui/visualization/geometry/layout_builder.py,included_internal
src/pe_claw_gui/engines/magnetics/packaged_normalized_comparison.py,from,pe_claw_gui.engines.magnetics.data_backend,src/pe_claw_gui/engines/magnetics/data_backend.py,included_internal
src/pe_claw_gui/engines/magnetics/packaged_normalized_comparison.py,from,pe_claw_gui.engines.magnetics.data_backend,src/pe_claw_gui/engines/magnetics/data_backend.py,included_internal
src/pe_claw_gui/engines/magnetics/packaged_normalized_comparison.py,from,pe_claw_gui.engines.magnetics.inductor_design,src/pe_claw_gui/engines/magnetics/inductor_design.py,included_internal
src/pe_claw_gui/engines/magnetics/packaged_normalized_comparison.py,from,pe_claw_gui.engines.magnetics.inductor_design,src/pe_claw_gui/engines/magnetics/inductor_design.py,included_internal
src/pe_claw_gui/engines/magnetics/packaged_normalized_comparison.py,from,pe_claw_gui.engines.magnetics.inductor_design,src/pe_claw_gui/engines/magnetics/inductor_design.py,included_internal
src/pe_claw_gui/engines/magnetics/packaged_normalized_comparison.py,from,pe_claw_gui.engines.magnetics.legacy_external_openmagnetics,src/pe_claw_gui/engines/magnetics/legacy_external_openmagnetics.py,included_internal
src/pe_claw_gui/engines/magnetics/stacked_expansion.py,from,__future__,,external_or_stdlib
src/pe_claw_gui/engines/magnetics/stacked_expansion.py,import,math,,external_or_stdlib
src/pe_claw_gui/engines/magnetics/stacked_expansion.py,from,dataclasses,,external_or_stdlib
src/pe_claw_gui/engines/magnetics/stacked_expansion.py,from,dataclasses,,external_or_stdlib
src/pe_claw_gui/engines/magnetics/stacked_expansion.py,from,typing,,external_or_stdlib
src/pe_claw_gui/engines/magnetics/stacked_expansion.py,from,pe_claw_gui.models.inductor,src/pe_claw_gui/models/inductor.py,included_internal
src/pe_claw_gui/engines/magnetics/stacked_expansion.py,from,pe_claw_gui.models.inductor,src/pe_claw_gui/models/inductor.py,included_internal
src/pe_claw_gui/engines/magnetics/stacked_expansion.py,from,pe_claw_gui.engines.magnetics.allow_profiles,src/pe_claw_gui/engines/magnetics/allow_profiles.py,included_internal
src/pe_claw_gui/engines/magnetics/stacked_expansion.py,from,pe_claw_gui.engines.magnetics.candidate_metrics,src/pe_claw_gui/engines/magnetics/candidate_metrics.py,included_internal
src/pe_claw_gui/engines/magnetics/stacked_expansion.py,from,pe_claw_gui.engines.magnetics.candidate_metrics,src/pe_claw_gui/engines/magnetics/candidate_metrics.py,included_internal
src/pe_claw_gui/engines/magnetics/stacked_expansion.py,from,pe_claw_gui.engines.magnetics.candidate_metrics,src/pe_claw_gui/engines/magnetics/candidate_metrics.py,included_internal
src/pe_claw_gui/engines/magnetics/stacked_expansion.py,from,pe_claw_gui.engines.magnetics.core_assembly,src/pe_claw_gui/engines/magnetics/core_assembly.py,included_internal
src/pe_claw_gui/engines/magnetics/stacked_expansion.py,from,pe_claw_gui.engines.magnetics.core_assembly,src/pe_claw_gui/engines/magnetics/core_assembly.py,included_internal
src/pe_claw_gui/engines/magnetics/stacked_expansion.py,from,pe_claw_gui.engines.magnetics.core_loss_audit,src/pe_claw_gui/engines/magnetics/core_loss_audit.py,included_internal
src/pe_claw_gui/engines/magnetics/stacked_expansion.py,from,pe_claw_gui.engines.magnetics.core_loss_role_adapter,src/pe_claw_gui/engines/magnetics/core_loss_role_adapter.py,included_internal
src/pe_claw_gui/engines/magnetics/step19b_winding_audit.py,from,__future__,,external_or_stdlib
src/pe_claw_gui/engines/magnetics/step19b_winding_audit.py,import,json,,external_or_stdlib
src/pe_claw_gui/engines/magnetics/step19b_winding_audit.py,import,math,,external_or_stdlib
src/pe_claw_gui/engines/magnetics/step19b_winding_audit.py,from,pathlib,,external_or_stdlib
src/pe_claw_gui/engines/magnetics/step19b_winding_audit.py,from,typing,,external_or_stdlib
src/pe_claw_gui/engines/magnetics/step19b_winding_audit.py,from,typing,,external_or_stdlib
src/pe_claw_gui/engines/magnetics/step19b_winding_audit.py,from,pe_claw_gui.models.magnetic_winding_contract,src/pe_claw_gui/models/magnetic_winding_contract.py,included_internal
src/pe_claw_gui/engines/magnetics/step19e_evidence.py,from,__future__,,external_or_stdlib
src/pe_claw_gui/engines/magnetics/step19e_evidence.py,import,json,,external_or_stdlib
src/pe_claw_gui/engines/magnetics/step19e_evidence.py,import,math,,external_or_stdlib
src/pe_claw_gui/engines/magnetics/step19e_evidence.py,from,collections.abc,,external_or_stdlib
src/pe_claw_gui/engines/magnetics/step19e_evidence.py,from,typing,,external_or_stdlib
src/pe_claw_gui/engines/magnetics/step19e_evidence.py,from,pe_claw_gui.engines.magnetics.core_loss_ab_rerun_manifest,src/pe_claw_gui/engines/magnetics/core_loss_ab_rerun_manifest.py,included_internal
src/pe_claw_gui/engines/magnetics/winding_evidence.py,from,__future__,,external_or_stdlib
src/pe_claw_gui/engines/magnetics/winding_evidence.py,from,typing,,external_or_stdlib
src/pe_claw_gui/engines/magnetics/winding_evidence.py,from,typing,,external_or_stdlib
src/pe_claw_gui/engines/magnetics/winding_evidence.py,from,pe_claw_gui.models.magnetic_winding_contract,src/pe_claw_gui/models/magnetic_winding_contract.py,included_internal
src/pe_claw_gui/engines/thermal/__init__.py,from,pe_claw_gui.engines.thermal.resistance_chain,src/pe_claw_gui/engines/thermal/resistance_chain.py,included_internal
src/pe_claw_gui/engines/thermal/__init__.py,from,pe_claw_gui.engines.thermal.resistance_chain,src/pe_claw_gui/engines/thermal/resistance_chain.py,included_internal
src/pe_claw_gui/engines/thermal/__init__.py,from,pe_claw_gui.engines.thermal.temperature_solver,src/pe_claw_gui/engines/thermal/temperature_solver.py,included_internal
src/pe_claw_gui/engines/thermal/__init__.py,from,pe_claw_gui.engines.thermal.thermal_estimator,src/pe_claw_gui/engines/thermal/thermal_estimator.py,included_internal
src/pe_claw_gui/engines/thermal/__init__.py,from,pe_claw_gui.engines.thermal.thermal_estimator,src/pe_claw_gui/engines/thermal/thermal_estimator.py,included_internal
src/pe_claw_gui/engines/thermal/__init__.py,from,pe_claw_gui.engines.thermal.thermal_estimator,src/pe_claw_gui/engines/thermal/thermal_estimator.py,included_internal
src/pe_claw_gui/engines/thermal/__init__.py,from,pe_claw_gui.engines.thermal.thermal_estimator,src/pe_claw_gui/engines/thermal/thermal_estimator.py,included_internal
src/pe_claw_gui/engines/thermal/__init__.py,from,pe_claw_gui.engines.thermal.thermal_estimator,src/pe_claw_gui/engines/thermal/thermal_estimator.py,included_internal
src/pe_claw_gui/engines/thermal/__init__.py,from,pe_claw_gui.engines.thermal.thermal_estimator,src/pe_claw_gui/engines/thermal/thermal_estimator.py,included_internal
src/pe_claw_gui/engines/thermal/__init__.py,from,pe_claw_gui.engines.thermal.thermal_proxies,src/pe_claw_gui/engines/thermal/thermal_proxies.py,included_internal
src/pe_claw_gui/engines/thermal/__init__.py,from,pe_claw_gui.engines.thermal.thermal_proxies,src/pe_claw_gui/engines/thermal/thermal_proxies.py,included_internal
src/pe_claw_gui/engines/thermal/resistance_chain.py,from,__future__,,external_or_stdlib
src/pe_claw_gui/engines/thermal/resistance_chain.py,import,math,,external_or_stdlib
src/pe_claw_gui/engines/thermal/resistance_chain.py,from,dataclasses,,external_or_stdlib
src/pe_claw_gui/engines/thermal/resistance_chain.py,from,dataclasses,,external_or_stdlib
src/pe_claw_gui/engines/thermal/resistance_chain.py,from,pe_claw_gui.engines.thermal.thermal_proxies,src/pe_claw_gui/engines/thermal/thermal_proxies.py,included_internal
src/pe_claw_gui/engines/thermal/temperature_solver.py,from,__future__,,external_or_stdlib
src/pe_claw_gui/engines/thermal/temperature_solver.py,import,math,,external_or_stdlib
src/pe_claw_gui/engines/thermal/temperature_solver.py,from,pe_claw_gui.models.thermal_result,src/pe_claw_gui/models/thermal_result.py,included_internal
src/pe_claw_gui/engines/thermal/temperature_solver.py,from,pe_claw_gui.engines.thermal.resistance_chain,src/pe_claw_gui/engines/thermal/resistance_chain.py,included_internal
src/pe_claw_gui/engines/thermal/temperature_solver.py,from,pe_claw_gui.engines.thermal.thermal_proxies,src/pe_claw_gui/engines/thermal/thermal_proxies.py,included_internal
src/pe_claw_gui/engines/thermal/thermal_estimator.py,from,__future__,,external_or_stdlib
src/pe_claw_gui/engines/thermal/thermal_estimator.py,import,csv,,external_or_stdlib
src/pe_claw_gui/engines/thermal/thermal_estimator.py,from,dataclasses,,external_or_stdlib
src/pe_claw_gui/engines/thermal/thermal_estimator.py,from,pathlib,,external_or_stdlib
src/pe_claw_gui/engines/thermal/thermal_estimator.py,from,pe_claw_gui.models.inductor,src/pe_claw_gui/models/inductor.py,included_internal
src/pe_claw_gui/engines/thermal/thermal_estimator.py,from,pe_claw_gui.models.inductor,src/pe_claw_gui/models/inductor.py,included_internal
src/pe_claw_gui/engines/thermal/thermal_estimator.py,from,pe_claw_gui.models.thermal_result,src/pe_claw_gui/models/thermal_result.py,included_internal
src/pe_claw_gui/engines/thermal/thermal_estimator.py,from,pe_claw_gui.models.thermal_result,src/pe_claw_gui/models/thermal_result.py,included_internal
src/pe_claw_gui/engines/thermal/thermal_estimator.py,from,pe_claw_gui.utils.ambient_temperature,src/pe_claw_gui/utils/ambient_temperature.py,included_internal
src/pe_claw_gui/engines/thermal/thermal_estimator.py,from,pe_claw_gui.utils.ambient_temperature,src/pe_claw_gui/utils/ambient_temperature.py,included_internal
src/pe_claw_gui/engines/thermal/thermal_estimator.py,from,pe_claw_gui.utils.ambient_temperature,src/pe_claw_gui/utils/ambient_temperature.py,included_internal
src/pe_claw_gui/engines/thermal/thermal_estimator.py,from,pe_claw_gui.engines.thermal.resistance_chain,src/pe_claw_gui/engines/thermal/resistance_chain.py,included_internal
src/pe_claw_gui/engines/thermal/thermal_estimator.py,from,pe_claw_gui.engines.thermal.temperature_solver,src/pe_claw_gui/engines/thermal/temperature_solver.py,included_internal
src/pe_claw_gui/engines/thermal/thermal_estimator.py,from,pe_claw_gui.engines.thermal.thermal_proxies,src/pe_claw_gui/engines/thermal/thermal_proxies.py,included_internal
src/pe_claw_gui/engines/thermal/thermal_estimator.py,from,pe_claw_gui.engines.magnetics.core_loss_audit,src/pe_claw_gui/engines/magnetics/core_loss_audit.py,included_internal
src/pe_claw_gui/engines/thermal/thermal_estimator.py,from,pe_claw_gui.engines.magnetics.core_loss_audit,src/pe_claw_gui/engines/magnetics/core_loss_audit.py,included_internal
src/pe_claw_gui/engines/thermal/thermal_proxies.py,from,__future__,,external_or_stdlib
src/pe_claw_gui/engines/thermal/thermal_proxies.py,import,math,,external_or_stdlib
src/pe_claw_gui/engines/thermal/thermal_proxies.py,from,dataclasses,,external_or_stdlib
src/pe_claw_gui/engines/thermal/thermal_proxies.py,from,dataclasses,,external_or_stdlib
src/pe_claw_gui/engines/thermal/thermal_proxies.py,from,pe_claw_gui.models.inductor,src/pe_claw_gui/models/inductor.py,included_internal
src/pe_claw_gui/engines/thermal/thermal_proxies.py,from,pe_claw_gui.utils.core_family_semantics,src/pe_claw_gui/utils/core_family_semantics.py,included_internal
src/pe_claw_gui/engines/verification/design_checker.py,from,__future__,,external_or_stdlib
src/pe_claw_gui/engines/verification/design_checker.py,from,pe_claw_gui.models.topology_recommendation,src/pe_claw_gui/models/topology_recommendation.py,included_internal
src/pe_claw_gui/libraries/capacitors/__init__.py,from,pe_claw_gui.libraries.capacitors.registry,src/pe_claw_gui/libraries/capacitors/registry.py,included_internal
src/pe_claw_gui/libraries/capacitors/__init__.py,from,pe_claw_gui.libraries.capacitors.registry,src/pe_claw_gui/libraries/capacitors/registry.py,included_internal
src/pe_claw_gui/libraries/capacitors/__init__.py,from,pe_claw_gui.libraries.capacitors.registry,src/pe_claw_gui/libraries/capacitors/registry.py,included_internal
src/pe_claw_gui/libraries/capacitors/__init__.py,from,pe_claw_gui.libraries.capacitors.registry,src/pe_claw_gui/libraries/capacitors/registry.py,included_internal
src/pe_claw_gui/libraries/capacitors/__init__.py,from,pe_claw_gui.libraries.capacitors.jianghai,src/pe_claw_gui/libraries/capacitors/jianghai/__init__.py,included_internal
src/pe_claw_gui/libraries/capacitors/__init__.py,from,pe_claw_gui.libraries.capacitors.lelon,src/pe_claw_gui/libraries/capacitors/lelon/__init__.py,included_internal
src/pe_claw_gui/libraries/capacitors/__init__.py,from,pe_claw_gui.libraries.capacitors.nippon_chemi_con,src/pe_claw_gui/libraries/capacitors/nippon_chemi_con/__init__.py,included_internal
src/pe_claw_gui/libraries/capacitors/__init__.py,from,pe_claw_gui.libraries.capacitors.panasonic,src/pe_claw_gui/libraries/capacitors/panasonic/__init__.py,included_internal
src/pe_claw_gui/libraries/capacitors/__init__.py,from,pe_claw_gui.libraries.capacitors.rubycon,src/pe_claw_gui/libraries/capacitors/rubycon/__init__.py,included_internal
src/pe_claw_gui/libraries/capacitors/__init__.py,from,pe_claw_gui.libraries.capacitors.tdk,src/pe_claw_gui/libraries/capacitors/tdk/__init__.py,included_internal
src/pe_claw_gui/libraries/capacitors/__init__.py,from,pe_claw_gui.libraries.capacitors.tdk,src/pe_claw_gui/libraries/capacitors/tdk/__init__.py,included_internal
src/pe_claw_gui/libraries/capacitors/__init__.py,from,pe_claw_gui.libraries.capacitors.tdk,src/pe_claw_gui/libraries/capacitors/tdk/__init__.py,included_internal
src/pe_claw_gui/libraries/capacitors/__init__.py,from,pe_claw_gui.libraries.capacitors.tdk,src/pe_claw_gui/libraries/capacitors/tdk/__init__.py,included_internal
src/pe_claw_gui/libraries/capacitors/__init__.py,from,pe_claw_gui.libraries.capacitors.tdk,src/pe_claw_gui/libraries/capacitors/tdk/__init__.py,included_internal
src/pe_claw_gui/libraries/capacitors/__init__.py,from,pe_claw_gui.libraries.capacitors.tdk,src/pe_claw_gui/libraries/capacitors/tdk/__init__.py,included_internal
src/pe_claw_gui/libraries/capacitors/__init__.py,from,pe_claw_gui.libraries.capacitors.tdk,src/pe_claw_gui/libraries/capacitors/tdk/__init__.py,included_internal
src/pe_claw_gui/libraries/capacitors/__init__.py,from,pe_claw_gui.libraries.capacitors.tdk,src/pe_claw_gui/libraries/capacitors/tdk/__init__.py,included_internal
src/pe_claw_gui/libraries/capacitors/__init__.py,from,pe_claw_gui.libraries.capacitors.tdk,src/pe_claw_gui/libraries/capacitors/tdk/__init__.py,included_internal
src/pe_claw_gui/libraries/capacitors/__init__.py,from,pe_claw_gui.libraries.capacitors.tdk,src/pe_claw_gui/libraries/capacitors/tdk/__init__.py,included_internal
src/pe_claw_gui/libraries/capacitors/__init__.py,from,pe_claw_gui.libraries.capacitors.tdk,src/pe_claw_gui/libraries/capacitors/tdk/__init__.py,included_internal
src/pe_claw_gui/libraries/capacitors/__init__.py,from,pe_claw_gui.libraries.capacitors.tdk,src/pe_claw_gui/libraries/capacitors/tdk/__init__.py,included_internal
src/pe_claw_gui/libraries/capacitors/__init__.py,from,pe_claw_gui.libraries.capacitors.tdk,src/pe_claw_gui/libraries/capacitors/tdk/__init__.py,included_internal
src/pe_claw_gui/libraries/capacitors/__init__.py,from,pe_claw_gui.libraries.capacitors.tdk,src/pe_claw_gui/libraries/capacitors/tdk/__init__.py,included_internal
src/pe_claw_gui/libraries/capacitors/__init__.py,from,pe_claw_gui.libraries.capacitors.tdk,src/pe_claw_gui/libraries/capacitors/tdk/__init__.py,included_internal
src/pe_claw_gui/libraries/capacitors/__init__.py,from,pe_claw_gui.libraries.capacitors.tdk,src/pe_claw_gui/libraries/capacitors/tdk/__init__.py,included_internal
src/pe_claw_gui/libraries/capacitors/__init__.py,from,pe_claw_gui.libraries.capacitors.tdk,src/pe_claw_gui/libraries/capacitors/tdk/__init__.py,included_internal
src/pe_claw_gui/libraries/capacitors/__init__.py,from,pe_claw_gui.libraries.capacitors.tdk,src/pe_claw_gui/libraries/capacitors/tdk/__init__.py,included_internal
src/pe_claw_gui/libraries/capacitors/__init__.py,from,pe_claw_gui.libraries.capacitors.tdk,src/pe_claw_gui/libraries/capacitors/tdk/__init__.py,included_internal
src/pe_claw_gui/libraries/capacitors/__init__.py,from,pe_claw_gui.libraries.capacitors.tdk,src/pe_claw_gui/libraries/capacitors/tdk/__init__.py,included_internal
src/pe_claw_gui/libraries/capacitors/__init__.py,from,pe_claw_gui.libraries.capacitors.tdk,src/pe_claw_gui/libraries/capacitors/tdk/__init__.py,included_internal
src/pe_claw_gui/libraries/capacitors/__init__.py,from,pe_claw_gui.libraries.capacitors.tdk,src/pe_claw_gui/libraries/capacitors/tdk/__init__.py,included_internal
src/pe_claw_gui/libraries/capacitors/__init__.py,from,pe_claw_gui.libraries.capacitors.tdk,src/pe_claw_gui/libraries/capacitors/tdk/__init__.py,included_internal
src/pe_claw_gui/libraries/capacitors/__init__.py,from,pe_claw_gui.libraries.capacitors.tdk,src/pe_claw_gui/libraries/capacitors/tdk/__init__.py,included_internal
src/pe_claw_gui/libraries/capacitors/__init__.py,from,pe_claw_gui.libraries.capacitors.tdk,src/pe_claw_gui/libraries/capacitors/tdk/__init__.py,included_internal
src/pe_claw_gui/libraries/capacitors/__init__.py,from,pe_claw_gui.libraries.capacitors.wima,src/pe_claw_gui/libraries/capacitors/wima/__init__.py,included_internal
src/pe_claw_gui/libraries/capacitors/__init__.py,from,pe_claw_gui.libraries.capacitors.yageo,src/pe_claw_gui/libraries/capacitors/yageo/__init__.py,included_internal
src/pe_claw_gui/libraries/capacitors/__init__.py,from,pe_claw_gui.libraries.capacitors.yageo,src/pe_claw_gui/libraries/capacitors/yageo/__init__.py,included_internal
src/pe_claw_gui/libraries/capacitors/__init__.py,from,pe_claw_gui.libraries.capacitors.yageo,src/pe_claw_gui/libraries/capacitors/yageo/__init__.py,included_internal
src/pe_claw_gui/libraries/capacitors/__init__.py,from,pe_claw_gui.libraries.capacitors.yageo,src/pe_claw_gui/libraries/capacitors/yageo/__init__.py,included_internal
src/pe_claw_gui/libraries/capacitors/__init__.py,from,pe_claw_gui.libraries.capacitors.yageo,src/pe_claw_gui/libraries/capacitors/yageo/__init__.py,included_internal
src/pe_claw_gui/libraries/capacitors/__init__.py,from,pe_claw_gui.libraries.capacitors.yageo,src/pe_claw_gui/libraries/capacitors/yageo/__init__.py,included_internal
src/pe_claw_gui/libraries/capacitors/__init__.py,from,pe_claw_gui.libraries.capacitors.yageo,src/pe_claw_gui/libraries/capacitors/yageo/__init__.py,included_internal
src/pe_claw_gui/libraries/capacitors/__init__.py,from,pe_claw_gui.libraries.capacitors.yageo,src/pe_claw_gui/libraries/capacitors/yageo/__init__.py,included_internal
src/pe_claw_gui/libraries/capacitors/__init__.py,from,pe_claw_gui.libraries.capacitors.yageo,src/pe_claw_gui/libraries/capacitors/yageo/__init__.py,included_internal
src/pe_claw_gui/libraries/capacitors/__init__.py,from,pe_claw_gui.libraries.capacitors.yageo,src/pe_claw_gui/libraries/capacitors/yageo/__init__.py,included_internal
src/pe_claw_gui/libraries/capacitors/__init__.py,from,pe_claw_gui.libraries.capacitors.yageo,src/pe_claw_gui/libraries/capacitors/yageo/__init__.py,included_internal
src/pe_claw_gui/libraries/capacitors/__init__.py,from,pe_claw_gui.libraries.capacitors.yageo,src/pe_claw_gui/libraries/capacitors/yageo/__init__.py,included_internal
src/pe_claw_gui/libraries/capacitors/__init__.py,from,pe_claw_gui.libraries.capacitors.yageo,src/pe_claw_gui/libraries/capacitors/yageo/__init__.py,included_internal
src/pe_claw_gui/libraries/capacitors/__init__.py,from,pe_claw_gui.libraries.capacitors.yageo,src/pe_claw_gui/libraries/capacitors/yageo/__init__.py,included_internal
src/pe_claw_gui/libraries/capacitors/__init__.py,from,pe_claw_gui.libraries.capacitors.yageo,src/pe_claw_gui/libraries/capacitors/yageo/__init__.py,included_internal
src/pe_claw_gui/libraries/capacitors/__init__.py,from,pe_claw_gui.libraries.capacitors.yageo,src/pe_claw_gui/libraries/capacitors/yageo/__init__.py,included_internal
src/pe_claw_gui/libraries/capacitors/__init__.py,from,pe_claw_gui.libraries.capacitors.yageo,src/pe_claw_gui/libraries/capacitors/yageo/__init__.py,included_internal
src/pe_claw_gui/libraries/capacitors/__init__.py,from,pe_claw_gui.libraries.capacitors.yageo,src/pe_claw_gui/libraries/capacitors/yageo/__init__.py,included_internal
src/pe_claw_gui/libraries/capacitors/__init__.py,from,pe_claw_gui.libraries.capacitors.yageo,src/pe_claw_gui/libraries/capacitors/yageo/__init__.py,included_internal
src/pe_claw_gui/libraries/capacitors/__init__.py,from,pe_claw_gui.libraries.capacitors.yageo,src/pe_claw_gui/libraries/capacitors/yageo/__init__.py,included_internal
src/pe_claw_gui/libraries/capacitors/__init__.py,from,pe_claw_gui.libraries.capacitors.yageo,src/pe_claw_gui/libraries/capacitors/yageo/__init__.py,included_internal
src/pe_claw_gui/libraries/capacitors/__init__.py,from,pe_claw_gui.libraries.capacitors.yageo,src/pe_claw_gui/libraries/capacitors/yageo/__init__.py,included_internal
src/pe_claw_gui/libraries/capacitors/__init__.py,from,pe_claw_gui.libraries.capacitors.yageo,src/pe_claw_gui/libraries/capacitors/yageo/__init__.py,included_internal
src/pe_claw_gui/libraries/capacitors/__init__.py,from,pe_claw_gui.libraries.capacitors.yageo,src/pe_claw_gui/libraries/capacitors/yageo/__init__.py,included_internal
src/pe_claw_gui/libraries/capacitors/__init__.py,from,pe_claw_gui.libraries.capacitors.yageo,src/pe_claw_gui/libraries/capacitors/yageo/__init__.py,included_internal
src/pe_claw_gui/libraries/capacitors/__init__.py,from,pe_claw_gui.libraries.capacitors.yageo,src/pe_claw_gui/libraries/capacitors/yageo/__init__.py,included_internal
src/pe_claw_gui/libraries/capacitors/__init__.py,from,pe_claw_gui.libraries.capacitors.yageo,src/pe_claw_gui/libraries/capacitors/yageo/__init__.py,included_internal
src/pe_claw_gui/libraries/capacitors/__init__.py,from,pe_claw_gui.libraries.capacitors.yageo,src/pe_claw_gui/libraries/capacitors/yageo/__init__.py,included_internal
src/pe_claw_gui/libraries/capacitors/__init__.py,from,pe_claw_gui.libraries.capacitors.yageo,src/pe_claw_gui/libraries/capacitors/yageo/__init__.py,included_internal
src/pe_claw_gui/libraries/capacitors/__init__.py,from,pe_claw_gui.libraries.capacitors.yageo,src/pe_claw_gui/libraries/capacitors/yageo/__init__.py,included_internal
src/pe_claw_gui/libraries/capacitors/__init__.py,from,pe_claw_gui.libraries.capacitors.yageo,src/pe_claw_gui/libraries/capacitors/yageo/__init__.py,included_internal
src/pe_claw_gui/libraries/capacitors/__init__.py,from,pe_claw_gui.libraries.capacitors.yageo,src/pe_claw_gui/libraries/capacitors/yageo/__init__.py,included_internal
src/pe_claw_gui/libraries/capacitors/__init__.py,from,pe_claw_gui.libraries.capacitors.yageo,src/pe_claw_gui/libraries/capacitors/yageo/__init__.py,included_internal
src/pe_claw_gui/libraries/capacitors/__init__.py,from,pe_claw_gui.libraries.capacitors.yageo,src/pe_claw_gui/libraries/capacitors/yageo/__init__.py,included_internal
src/pe_claw_gui/libraries/capacitors/__init__.py,from,pe_claw_gui.libraries.capacitors.yageo,src/pe_claw_gui/libraries/capacitors/yageo/__init__.py,included_internal
src/pe_claw_gui/libraries/capacitors/__init__.py,from,pe_claw_gui.libraries.capacitors.yageo,src/pe_claw_gui/libraries/capacitors/yageo/__init__.py,included_internal
src/pe_claw_gui/libraries/capacitors/__init__.py,from,pe_claw_gui.libraries.capacitors.yageo,src/pe_claw_gui/libraries/capacitors/yageo/__init__.py,included_internal
src/pe_claw_gui/libraries/capacitors/__init__.py,from,pe_claw_gui.libraries.capacitors.yageo,src/pe_claw_gui/libraries/capacitors/yageo/__init__.py,included_internal
src/pe_claw_gui/libraries/capacitors/__init__.py,from,pe_claw_gui.libraries.capacitors.yageo,src/pe_claw_gui/libraries/capacitors/yageo/__init__.py,included_internal
src/pe_claw_gui/libraries/capacitors/__init__.py,from,pe_claw_gui.libraries.capacitors.yageo,src/pe_claw_gui/libraries/capacitors/yageo/__init__.py,included_internal
src/pe_claw_gui/libraries/capacitors/__init__.py,from,pe_claw_gui.libraries.capacitors.yageo,src/pe_claw_gui/libraries/capacitors/yageo/__init__.py,included_internal
src/pe_claw_gui/libraries/capacitors/__init__.py,from,pe_claw_gui.libraries.capacitors.yageo,src/pe_claw_gui/libraries/capacitors/yageo/__init__.py,included_internal
src/pe_claw_gui/libraries/capacitors/__init__.py,from,pe_claw_gui.libraries.capacitors.yageo,src/pe_claw_gui/libraries/capacitors/yageo/__init__.py,included_internal
src/pe_claw_gui/libraries/capacitors/__init__.py,from,pe_claw_gui.libraries.capacitors.yageo,src/pe_claw_gui/libraries/capacitors/yageo/__init__.py,included_internal
src/pe_claw_gui/libraries/capacitors/__init__.py,from,pe_claw_gui.libraries.capacitors.yageo,src/pe_claw_gui/libraries/capacitors/yageo/__init__.py,included_internal
src/pe_claw_gui/libraries/capacitors/__init__.py,from,pe_claw_gui.libraries.capacitors.yageo,src/pe_claw_gui/libraries/capacitors/yageo/__init__.py,included_internal
src/pe_claw_gui/libraries/capacitors/__init__.py,from,pe_claw_gui.libraries.capacitors.yageo,src/pe_claw_gui/libraries/capacitors/yageo/__init__.py,included_internal
src/pe_claw_gui/libraries/capacitors/__init__.py,from,pe_claw_gui.libraries.capacitors.yageo,src/pe_claw_gui/libraries/capacitors/yageo/__init__.py,included_internal
src/pe_claw_gui/libraries/capacitors/__init__.py,from,pe_claw_gui.libraries.capacitors.yageo,src/pe_claw_gui/libraries/capacitors/yageo/__init__.py,included_internal
src/pe_claw_gui/libraries/capacitors/__init__.py,from,pe_claw_gui.libraries.capacitors.yageo,src/pe_claw_gui/libraries/capacitors/yageo/__init__.py,included_internal
src/pe_claw_gui/libraries/capacitors/__init__.py,from,pe_claw_gui.libraries.capacitors.yageo,src/pe_claw_gui/libraries/capacitors/yageo/__init__.py,included_internal
src/pe_claw_gui/libraries/capacitors/__init__.py,from,pe_claw_gui.libraries.capacitors.yageo,src/pe_claw_gui/libraries/capacitors/yageo/__init__.py,included_internal
src/pe_claw_gui/libraries/capacitors/__init__.py,from,pe_claw_gui.libraries.capacitors.yageo,src/pe_claw_gui/libraries/capacitors/yageo/__init__.py,included_internal
src/pe_claw_gui/libraries/capacitors/__init__.py,from,pe_claw_gui.libraries.capacitors.yageo,src/pe_claw_gui/libraries/capacitors/yageo/__init__.py,included_internal
src/pe_claw_gui/libraries/capacitors/__init__.py,from,pe_claw_gui.libraries.capacitors.yageo,src/pe_claw_gui/libraries/capacitors/yageo/__init__.py,included_internal
src/pe_claw_gui/libraries/capacitors/__init__.py,from,pe_claw_gui.libraries.capacitors.yageo,src/pe_claw_gui/libraries/capacitors/yageo/__init__.py,included_internal
src/pe_claw_gui/libraries/capacitors/__init__.py,from,pe_claw_gui.libraries.capacitors.yageo,src/pe_claw_gui/libraries/capacitors/yageo/__init__.py,included_internal
src/pe_claw_gui/libraries/capacitors/__init__.py,from,pe_claw_gui.libraries.capacitors.yageo,src/pe_claw_gui/libraries/capacitors/yageo/__init__.py,included_internal
src/pe_claw_gui/libraries/capacitors/__init__.py,from,pe_claw_gui.libraries.capacitors.yageo,src/pe_claw_gui/libraries/capacitors/yageo/__init__.py,included_internal
src/pe_claw_gui/libraries/capacitors/__init__.py,from,pe_claw_gui.libraries.capacitors.yageo,src/pe_claw_gui/libraries/capacitors/yageo/__init__.py,included_internal
src/pe_claw_gui/libraries/capacitors/__init__.py,from,pe_claw_gui.libraries.capacitors.yageo,src/pe_claw_gui/libraries/capacitors/yageo/__init__.py,included_internal
src/pe_claw_gui/libraries/capacitors/__init__.py,from,pe_claw_gui.libraries.capacitors.yageo,src/pe_claw_gui/libraries/capacitors/yageo/__init__.py,included_internal
src/pe_claw_gui/libraries/capacitors/__init__.py,from,pe_claw_gui.libraries.capacitors.yageo,src/pe_claw_gui/libraries/capacitors/yageo/__init__.py,included_internal
src/pe_claw_gui/libraries/capacitors/__init__.py,from,pe_claw_gui.libraries.capacitors.yageo,src/pe_claw_gui/libraries/capacitors/yageo/__init__.py,included_internal
src/pe_claw_gui/libraries/capacitors/__init__.py,from,pe_claw_gui.libraries.capacitors.yageo,src/pe_claw_gui/libraries/capacitors/yageo/__init__.py,included_internal
src/pe_claw_gui/libraries/capacitors/__init__.py,from,pe_claw_gui.libraries.capacitors.yageo,src/pe_claw_gui/libraries/capacitors/yageo/__init__.py,included_internal
src/pe_claw_gui/libraries/capacitors/jianghai/__init__.py,from,__future__,,external_or_stdlib
src/pe_claw_gui/libraries/capacitors/jianghai/__init__.py,from,pe_claw_gui.libraries.capacitors.jianghai._common,src/pe_claw_gui/libraries/capacitors/jianghai/_common.py,included_internal
src/pe_claw_gui/libraries/capacitors/jianghai/_common.py,from,__future__,,external_or_stdlib
src/pe_claw_gui/libraries/capacitors/jianghai/_common.py,import,math,,external_or_stdlib
src/pe_claw_gui/libraries/capacitors/jianghai/_common.py,from,pe_claw_gui.models.capacitor,src/pe_claw_gui/models/capacitor.py,included_internal
src/pe_claw_gui/libraries/capacitors/jianghai/_common.py,from,pe_claw_gui.libraries.capacitors.jianghai._records,src/pe_claw_gui/libraries/capacitors/jianghai/_records.py,included_internal
src/pe_claw_gui/libraries/capacitors/jianghai/_records.py,from,__future__,,external_or_stdlib
src/pe_claw_gui/libraries/capacitors/jianghai/jianghai_cbb131_dl.py,from,__future__,,external_or_stdlib
src/pe_claw_gui/libraries/capacitors/jianghai/jianghai_cbb131_dl.py,from,pe_claw_gui.libraries.capacitors.jianghai._common,src/pe_claw_gui/libraries/capacitors/jianghai/_common.py,included_internal
src/pe_claw_gui/libraries/capacitors/jianghai/jianghai_cbb131s_dy.py,from,__future__,,external_or_stdlib
src/pe_claw_gui/libraries/capacitors/jianghai/jianghai_cbb131s_dy.py,from,pe_claw_gui.libraries.capacitors.jianghai._common,src/pe_claw_gui/libraries/capacitors/jianghai/_common.py,included_internal
src/pe_claw_gui/libraries/capacitors/jianghai/jianghai_cbb132_dh.py,from,__future__,,external_or_stdlib
src/pe_claw_gui/libraries/capacitors/jianghai/jianghai_cbb132_dh.py,from,pe_claw_gui.libraries.capacitors.jianghai._common,src/pe_claw_gui/libraries/capacitors/jianghai/_common.py,included_internal
src/pe_claw_gui/libraries/capacitors/jianghai/jianghai_cbb136_dp.py,from,__future__,,external_or_stdlib
src/pe_claw_gui/libraries/capacitors/jianghai/jianghai_cbb136_dp.py,from,pe_claw_gui.libraries.capacitors.jianghai._common,src/pe_claw_gui/libraries/capacitors/jianghai/_common.py,included_internal
src/pe_claw_gui/libraries/capacitors/jianghai/jianghai_cbb138_ds.py,from,__future__,,external_or_stdlib
src/pe_claw_gui/libraries/capacitors/jianghai/jianghai_cbb138_ds.py,from,pe_claw_gui.libraries.capacitors.jianghai._common,src/pe_claw_gui/libraries/capacitors/jianghai/_common.py,included_internal
src/pe_claw_gui/libraries/capacitors/lelon/__init__.py,from,pe_claw_gui.libraries.capacitors.lelon._common,src/pe_claw_gui/libraries/capacitors/lelon/_common.py,included_internal
src/pe_claw_gui/libraries/capacitors/lelon/__init__.py,from,pe_claw_gui.libraries.capacitors.lelon._common,src/pe_claw_gui/libraries/capacitors/lelon/_common.py,included_internal
src/pe_claw_gui/libraries/capacitors/lelon/__init__.py,from,pe_claw_gui.libraries.capacitors.lelon._common,src/pe_claw_gui/libraries/capacitors/lelon/_common.py,included_internal
src/pe_claw_gui/libraries/capacitors/lelon/__init__.py,from,pe_claw_gui.libraries.capacitors.lelon._common,src/pe_claw_gui/libraries/capacitors/lelon/_common.py,included_internal
src/pe_claw_gui/libraries/capacitors/lelon/__init__.py,from,pe_claw_gui.libraries.capacitors.lelon._common,src/pe_claw_gui/libraries/capacitors/lelon/_common.py,included_internal
src/pe_claw_gui/libraries/capacitors/lelon/__init__.py,from,pe_claw_gui.libraries.capacitors.lelon._common,src/pe_claw_gui/libraries/capacitors/lelon/_common.py,included_internal
src/pe_claw_gui/libraries/capacitors/lelon/__init__.py,from,pe_claw_gui.libraries.capacitors.lelon._common,src/pe_claw_gui/libraries/capacitors/lelon/_common.py,included_internal
src/pe_claw_gui/libraries/capacitors/lelon/__init__.py,from,pe_claw_gui.libraries.capacitors.lelon._common,src/pe_claw_gui/libraries/capacitors/lelon/_common.py,included_internal
src/pe_claw_gui/libraries/capacitors/lelon/__init__.py,from,pe_claw_gui.libraries.capacitors.lelon._common,src/pe_claw_gui/libraries/capacitors/lelon/_common.py,included_internal
src/pe_claw_gui/libraries/capacitors/lelon/__init__.py,from,pe_claw_gui.libraries.capacitors.lelon._common,src/pe_claw_gui/libraries/capacitors/lelon/_common.py,included_internal
src/pe_claw_gui/libraries/capacitors/lelon/_common.py,from,__future__,,external_or_stdlib
src/pe_claw_gui/libraries/capacitors/lelon/_common.py,import,csv,,external_or_stdlib
src/pe_claw_gui/libraries/capacitors/lelon/_common.py,import,math,,external_or_stdlib
src/pe_claw_gui/libraries/capacitors/lelon/_common.py,from,importlib,,external_or_stdlib
src/pe_claw_gui/libraries/capacitors/lelon/_common.py,from,pe_claw_gui.models.capacitor,src/pe_claw_gui/models/capacitor.py,included_internal
src/pe_claw_gui/libraries/capacitors/nippon_chemi_con/__init__.py,from,pe_claw_gui.libraries.capacitors.nippon_chemi_con._common,src/pe_claw_gui/libraries/capacitors/nippon_chemi_con/_common.py,included_internal
src/pe_claw_gui/libraries/capacitors/nippon_chemi_con/__init__.py,from,pe_claw_gui.libraries.capacitors.nippon_chemi_con._common,src/pe_claw_gui/libraries/capacitors/nippon_chemi_con/_common.py,included_internal
src/pe_claw_gui/libraries/capacitors/nippon_chemi_con/__init__.py,from,pe_claw_gui.libraries.capacitors.nippon_chemi_con._common,src/pe_claw_gui/libraries/capacitors/nippon_chemi_con/_common.py,included_internal
src/pe_claw_gui/libraries/capacitors/nippon_chemi_con/__init__.py,from,pe_claw_gui.libraries.capacitors.nippon_chemi_con._common,src/pe_claw_gui/libraries/capacitors/nippon_chemi_con/_common.py,included_internal
src/pe_claw_gui/libraries/capacitors/nippon_chemi_con/__init__.py,from,pe_claw_gui.libraries.capacitors.nippon_chemi_con._common,src/pe_claw_gui/libraries/capacitors/nippon_chemi_con/_common.py,included_internal
src/pe_claw_gui/libraries/capacitors/nippon_chemi_con/__init__.py,from,pe_claw_gui.libraries.capacitors.nippon_chemi_con._common,src/pe_claw_gui/libraries/capacitors/nippon_chemi_con/_common.py,included_internal
src/pe_claw_gui/libraries/capacitors/nippon_chemi_con/__init__.py,from,pe_claw_gui.libraries.capacitors.nippon_chemi_con._common,src/pe_claw_gui/libraries/capacitors/nippon_chemi_con/_common.py,included_internal
src/pe_claw_gui/libraries/capacitors/nippon_chemi_con/__init__.py,from,pe_claw_gui.libraries.capacitors.nippon_chemi_con._common,src/pe_claw_gui/libraries/capacitors/nippon_chemi_con/_common.py,included_internal
src/pe_claw_gui/libraries/capacitors/nippon_chemi_con/__init__.py,from,pe_claw_gui.libraries.capacitors.nippon_chemi_con._common,src/pe_claw_gui/libraries/capacitors/nippon_chemi_con/_common.py,included_internal
src/pe_claw_gui/libraries/capacitors/nippon_chemi_con/__init__.py,from,pe_claw_gui.libraries.capacitors.nippon_chemi_con._common,src/pe_claw_gui/libraries/capacitors/nippon_chemi_con/_common.py,included_internal
src/pe_claw_gui/libraries/capacitors/nippon_chemi_con/__init__.py,from,pe_claw_gui.libraries.capacitors.nippon_chemi_con._common,src/pe_claw_gui/libraries/capacitors/nippon_chemi_con/_common.py,included_internal
src/pe_claw_gui/libraries/capacitors/nippon_chemi_con/__init__.py,from,pe_claw_gui.libraries.capacitors.nippon_chemi_con._common,src/pe_claw_gui/libraries/capacitors/nippon_chemi_con/_common.py,included_internal
src/pe_claw_gui/libraries/capacitors/nippon_chemi_con/__init__.py,from,pe_claw_gui.libraries.capacitors.nippon_chemi_con._common,src/pe_claw_gui/libraries/capacitors/nippon_chemi_con/_common.py,included_internal
src/pe_claw_gui/libraries/capacitors/nippon_chemi_con/__init__.py,from,pe_claw_gui.libraries.capacitors.nippon_chemi_con._common,src/pe_claw_gui/libraries/capacitors/nippon_chemi_con/_common.py,included_internal
src/pe_claw_gui/libraries/capacitors/nippon_chemi_con/__init__.py,from,pe_claw_gui.libraries.capacitors.nippon_chemi_con._common,src/pe_claw_gui/libraries/capacitors/nippon_chemi_con/_common.py,included_internal
src/pe_claw_gui/libraries/capacitors/nippon_chemi_con/__init__.py,from,pe_claw_gui.libraries.capacitors.nippon_chemi_con._common,src/pe_claw_gui/libraries/capacitors/nippon_chemi_con/_common.py,included_internal
src/pe_claw_gui/libraries/capacitors/nippon_chemi_con/__init__.py,from,pe_claw_gui.libraries.capacitors.nippon_chemi_con._common,src/pe_claw_gui/libraries/capacitors/nippon_chemi_con/_common.py,included_internal
src/pe_claw_gui/libraries/capacitors/nippon_chemi_con/__init__.py,from,pe_claw_gui.libraries.capacitors.nippon_chemi_con._common,src/pe_claw_gui/libraries/capacitors/nippon_chemi_con/_common.py,included_internal
src/pe_claw_gui/libraries/capacitors/nippon_chemi_con/__init__.py,from,pe_claw_gui.libraries.capacitors.nippon_chemi_con._common,src/pe_claw_gui/libraries/capacitors/nippon_chemi_con/_common.py,included_internal
src/pe_claw_gui/libraries/capacitors/nippon_chemi_con/__init__.py,from,pe_claw_gui.libraries.capacitors.nippon_chemi_con._common,src/pe_claw_gui/libraries/capacitors/nippon_chemi_con/_common.py,included_internal
src/pe_claw_gui/libraries/capacitors/nippon_chemi_con/__init__.py,from,pe_claw_gui.libraries.capacitors.nippon_chemi_con._common,src/pe_claw_gui/libraries/capacitors/nippon_chemi_con/_common.py,included_internal
src/pe_claw_gui/libraries/capacitors/nippon_chemi_con/__init__.py,from,pe_claw_gui.libraries.capacitors.nippon_chemi_con._common,src/pe_claw_gui/libraries/capacitors/nippon_chemi_con/_common.py,included_internal
src/pe_claw_gui/libraries/capacitors/nippon_chemi_con/__init__.py,from,pe_claw_gui.libraries.capacitors.nippon_chemi_con._common,src/pe_claw_gui/libraries/capacitors/nippon_chemi_con/_common.py,included_internal
src/pe_claw_gui/libraries/capacitors/nippon_chemi_con/_common.py,from,__future__,,external_or_stdlib
src/pe_claw_gui/libraries/capacitors/nippon_chemi_con/_common.py,import,csv,,external_or_stdlib
src/pe_claw_gui/libraries/capacitors/nippon_chemi_con/_common.py,import,math,,external_or_stdlib
src/pe_claw_gui/libraries/capacitors/nippon_chemi_con/_common.py,from,collections,,external_or_stdlib
src/pe_claw_gui/libraries/capacitors/nippon_chemi_con/_common.py,from,importlib,,external_or_stdlib
src/pe_claw_gui/libraries/capacitors/nippon_chemi_con/_common.py,from,pe_claw_gui.models.capacitor,src/pe_claw_gui/models/capacitor.py,included_internal
src/pe_claw_gui/libraries/capacitors/nippon_chemi_con/full_row_parser.py,from,__future__,,external_or_stdlib
src/pe_claw_gui/libraries/capacitors/nippon_chemi_con/full_row_parser.py,import,csv,,external_or_stdlib
src/pe_claw_gui/libraries/capacitors/nippon_chemi_con/full_row_parser.py,import,math,,external_or_stdlib
src/pe_claw_gui/libraries/capacitors/nippon_chemi_con/full_row_parser.py,import,re,,external_or_stdlib
src/pe_claw_gui/libraries/capacitors/nippon_chemi_con/full_row_parser.py,import,shutil,,external_or_stdlib
src/pe_claw_gui/libraries/capacitors/nippon_chemi_con/full_row_parser.py,import,subprocess,,external_or_stdlib
src/pe_claw_gui/libraries/capacitors/nippon_chemi_con/full_row_parser.py,from,dataclasses,,external_or_stdlib
src/pe_claw_gui/libraries/capacitors/nippon_chemi_con/full_row_parser.py,from,pathlib,,external_or_stdlib
src/pe_claw_gui/libraries/capacitors/nippon_chemi_con/full_row_parser.py,from,pe_claw_gui.libraries.capacitors.nippon_chemi_con._common,src/pe_claw_gui/libraries/capacitors/nippon_chemi_con/_common.py,included_internal
src/pe_claw_gui/libraries/capacitors/nippon_chemi_con/full_row_parser.py,from,pe_claw_gui.libraries.capacitors.nippon_chemi_con._common,src/pe_claw_gui/libraries/capacitors/nippon_chemi_con/_common.py,included_internal
src/pe_claw_gui/libraries/capacitors/nippon_chemi_con/full_row_parser.py,from,pypdf,,external_or_stdlib
src/pe_claw_gui/libraries/capacitors/panasonic/__init__.py,from,__future__,,external_or_stdlib
src/pe_claw_gui/libraries/capacitors/panasonic/__init__.py,from,pe_claw_gui.libraries.capacitors.panasonic._common,src/pe_claw_gui/libraries/capacitors/panasonic/_common.py,included_internal
src/pe_claw_gui/libraries/capacitors/panasonic/_common.py,from,__future__,,external_or_stdlib
src/pe_claw_gui/libraries/capacitors/panasonic/_common.py,import,math,,external_or_stdlib
src/pe_claw_gui/libraries/capacitors/panasonic/_common.py,from,pe_claw_gui.models.capacitor,src/pe_claw_gui/models/capacitor.py,included_internal
src/pe_claw_gui/libraries/capacitors/panasonic/_common.py,from,pe_claw_gui.libraries.capacitors.panasonic._records,src/pe_claw_gui/libraries/capacitors/panasonic/_records.py,included_internal
src/pe_claw_gui/libraries/capacitors/panasonic/_records.py,from,__future__,,external_or_stdlib
src/pe_claw_gui/libraries/capacitors/panasonic/panasonic_ezpe.py,from,__future__,,external_or_stdlib
src/pe_claw_gui/libraries/capacitors/panasonic/panasonic_ezpe.py,from,pe_claw_gui.libraries.capacitors.panasonic._common,src/pe_claw_gui/libraries/capacitors/panasonic/_common.py,included_internal
src/pe_claw_gui/libraries/capacitors/panasonic/panasonic_ezpr.py,from,__future__,,external_or_stdlib
src/pe_claw_gui/libraries/capacitors/panasonic/panasonic_ezpr.py,from,pe_claw_gui.libraries.capacitors.panasonic._common,src/pe_claw_gui/libraries/capacitors/panasonic/_common.py,included_internal
src/pe_claw_gui/libraries/capacitors/panasonic/panasonic_ezpv.py,from,__future__,,external_or_stdlib
src/pe_claw_gui/libraries/capacitors/panasonic/panasonic_ezpv.py,from,pe_claw_gui.libraries.capacitors.panasonic._common,src/pe_claw_gui/libraries/capacitors/panasonic/_common.py,included_internal
src/pe_claw_gui/libraries/capacitors/panasonic/panasonic_ezpv_d.py,from,__future__,,external_or_stdlib
src/pe_claw_gui/libraries/capacitors/panasonic/panasonic_ezpv_d.py,from,pe_claw_gui.libraries.capacitors.panasonic._common,src/pe_claw_gui/libraries/capacitors/panasonic/_common.py,included_internal
src/pe_claw_gui/libraries/capacitors/panasonic/panasonic_type1.py,from,__future__,,external_or_stdlib
src/pe_claw_gui/libraries/capacitors/panasonic/panasonic_type1.py,from,pe_claw_gui.libraries.capacitors.panasonic._common,src/pe_claw_gui/libraries/capacitors/panasonic/_common.py,included_internal
src/pe_claw_gui/libraries/capacitors/registry.py,from,__future__,,external_or_stdlib
src/pe_claw_gui/libraries/capacitors/registry.py,from,collections,,external_or_stdlib
src/pe_claw_gui/libraries/capacitors/registry.py,from,pe_claw_gui.models.capacitor,src/pe_claw_gui/models/capacitor.py,included_internal
src/pe_claw_gui/libraries/capacitors/registry.py,from,pe_claw_gui.libraries.capacitors.jianghai,src/pe_claw_gui/libraries/capacitors/jianghai/__init__.py,included_internal
src/pe_claw_gui/libraries/capacitors/registry.py,from,pe_claw_gui.libraries.capacitors.lelon,src/pe_claw_gui/libraries/capacitors/lelon/__init__.py,included_internal
src/pe_claw_gui/libraries/capacitors/registry.py,from,pe_claw_gui.libraries.capacitors.nippon_chemi_con,src/pe_claw_gui/libraries/capacitors/nippon_chemi_con/__init__.py,included_internal
src/pe_claw_gui/libraries/capacitors/registry.py,from,pe_claw_gui.libraries.capacitors.panasonic,src/pe_claw_gui/libraries/capacitors/panasonic/__init__.py,included_internal
src/pe_claw_gui/libraries/capacitors/registry.py,from,pe_claw_gui.libraries.capacitors.rubycon,src/pe_claw_gui/libraries/capacitors/rubycon/__init__.py,included_internal
src/pe_claw_gui/libraries/capacitors/registry.py,from,pe_claw_gui.libraries.capacitors.rubycon_electrolytic,src/pe_claw_gui/libraries/capacitors/rubycon_electrolytic/__init__.py,included_internal
src/pe_claw_gui/libraries/capacitors/registry.py,from,pe_claw_gui.libraries.capacitors.tdk,src/pe_claw_gui/libraries/capacitors/tdk/__init__.py,included_internal
src/pe_claw_gui/libraries/capacitors/registry.py,from,pe_claw_gui.libraries.capacitors.wima,src/pe_claw_gui/libraries/capacitors/wima/__init__.py,included_internal
src/pe_claw_gui/libraries/capacitors/registry.py,from,pe_claw_gui.libraries.capacitors.yageo,src/pe_claw_gui/libraries/capacitors/yageo/__init__.py,included_internal
src/pe_claw_gui/libraries/capacitors/rubycon/__init__.py,from,__future__,,external_or_stdlib
src/pe_claw_gui/libraries/capacitors/rubycon/__init__.py,from,pe_claw_gui.libraries.capacitors.rubycon._common,src/pe_claw_gui/libraries/capacitors/rubycon/_common.py,included_internal
src/pe_claw_gui/libraries/capacitors/rubycon/_common.py,from,__future__,,external_or_stdlib
src/pe_claw_gui/libraries/capacitors/rubycon/_common.py,import,math,,external_or_stdlib
src/pe_claw_gui/libraries/capacitors/rubycon/_common.py,from,pe_claw_gui.models.capacitor,src/pe_claw_gui/models/capacitor.py,included_internal
src/pe_claw_gui/libraries/capacitors/rubycon/_common.py,from,pe_claw_gui.libraries.capacitors.rubycon._records,src/pe_claw_gui/libraries/capacitors/rubycon/_records.py,included_internal
src/pe_claw_gui/libraries/capacitors/rubycon/_records.py,from,__future__,,external_or_stdlib
src/pe_claw_gui/libraries/capacitors/rubycon/rubycon_mpb.py,from,__future__,,external_or_stdlib
src/pe_claw_gui/libraries/capacitors/rubycon/rubycon_mpb.py,from,pe_claw_gui.libraries.capacitors.rubycon._common,src/pe_claw_gui/libraries/capacitors/rubycon/_common.py,included_internal
src/pe_claw_gui/libraries/capacitors/rubycon/rubycon_mph.py,from,__future__,,external_or_stdlib
src/pe_claw_gui/libraries/capacitors/rubycon/rubycon_mph.py,from,pe_claw_gui.libraries.capacitors.rubycon._common,src/pe_claw_gui/libraries/capacitors/rubycon/_common.py,included_internal
src/pe_claw_gui/libraries/capacitors/rubycon/rubycon_mpk.py,from,__future__,,external_or_stdlib
src/pe_claw_gui/libraries/capacitors/rubycon/rubycon_mpk.py,from,pe_claw_gui.libraries.capacitors.rubycon._common,src/pe_claw_gui/libraries/capacitors/rubycon/_common.py,included_internal
src/pe_claw_gui/libraries/capacitors/rubycon/rubycon_mpn.py,from,__future__,,external_or_stdlib
src/pe_claw_gui/libraries/capacitors/rubycon/rubycon_mpn.py,from,pe_claw_gui.libraries.capacitors.rubycon._common,src/pe_claw_gui/libraries/capacitors/rubycon/_common.py,included_internal
src/pe_claw_gui/libraries/capacitors/rubycon/rubycon_mpt.py,from,__future__,,external_or_stdlib
src/pe_claw_gui/libraries/capacitors/rubycon/rubycon_mpt.py,from,pe_claw_gui.libraries.capacitors.rubycon._common,src/pe_claw_gui/libraries/capacitors/rubycon/_common.py,included_internal
src/pe_claw_gui/libraries/capacitors/rubycon/rubycon_mpy.py,from,__future__,,external_or_stdlib
src/pe_claw_gui/libraries/capacitors/rubycon/rubycon_mpy.py,from,pe_claw_gui.libraries.capacitors.rubycon._common,src/pe_claw_gui/libraries/capacitors/rubycon/_common.py,included_internal
src/pe_claw_gui/libraries/capacitors/rubycon/rubycon_pck.py,from,__future__,,external_or_stdlib
src/pe_claw_gui/libraries/capacitors/rubycon/rubycon_pck.py,from,pe_claw_gui.libraries.capacitors.rubycon._common,src/pe_claw_gui/libraries/capacitors/rubycon/_common.py,included_internal
src/pe_claw_gui/libraries/capacitors/rubycon_electrolytic/__init__.py,from,pe_claw_gui.libraries.capacitors.rubycon_electrolytic._common,src/pe_claw_gui/libraries/capacitors/rubycon_electrolytic/_common.py,included_internal
src/pe_claw_gui/libraries/capacitors/rubycon_electrolytic/__init__.py,from,pe_claw_gui.libraries.capacitors.rubycon_electrolytic._common,src/pe_claw_gui/libraries/capacitors/rubycon_electrolytic/_common.py,included_internal
src/pe_claw_gui/libraries/capacitors/rubycon_electrolytic/__init__.py,from,pe_claw_gui.libraries.capacitors.rubycon_electrolytic._common,src/pe_claw_gui/libraries/capacitors/rubycon_electrolytic/_common.py,included_internal
src/pe_claw_gui/libraries/capacitors/rubycon_electrolytic/__init__.py,from,pe_claw_gui.libraries.capacitors.rubycon_electrolytic._common,src/pe_claw_gui/libraries/capacitors/rubycon_electrolytic/_common.py,included_internal
src/pe_claw_gui/libraries/capacitors/rubycon_electrolytic/__init__.py,from,pe_claw_gui.libraries.capacitors.rubycon_electrolytic._common,src/pe_claw_gui/libraries/capacitors/rubycon_electrolytic/_common.py,included_internal
src/pe_claw_gui/libraries/capacitors/rubycon_electrolytic/__init__.py,from,pe_claw_gui.libraries.capacitors.rubycon_electrolytic._common,src/pe_claw_gui/libraries/capacitors/rubycon_electrolytic/_common.py,included_internal
src/pe_claw_gui/libraries/capacitors/rubycon_electrolytic/__init__.py,from,pe_claw_gui.libraries.capacitors.rubycon_electrolytic._common,src/pe_claw_gui/libraries/capacitors/rubycon_electrolytic/_common.py,included_internal
src/pe_claw_gui/libraries/capacitors/rubycon_electrolytic/__init__.py,from,pe_claw_gui.libraries.capacitors.rubycon_electrolytic._common,src/pe_claw_gui/libraries/capacitors/rubycon_electrolytic/_common.py,included_internal
src/pe_claw_gui/libraries/capacitors/rubycon_electrolytic/__init__.py,from,pe_claw_gui.libraries.capacitors.rubycon_electrolytic._common,src/pe_claw_gui/libraries/capacitors/rubycon_electrolytic/_common.py,included_internal
src/pe_claw_gui/libraries/capacitors/rubycon_electrolytic/__init__.py,from,pe_claw_gui.libraries.capacitors.rubycon_electrolytic._common,src/pe_claw_gui/libraries/capacitors/rubycon_electrolytic/_common.py,included_internal
src/pe_claw_gui/libraries/capacitors/rubycon_electrolytic/__init__.py,from,pe_claw_gui.libraries.capacitors.rubycon_electrolytic._common,src/pe_claw_gui/libraries/capacitors/rubycon_electrolytic/_common.py,included_internal
src/pe_claw_gui/libraries/capacitors/rubycon_electrolytic/__init__.py,from,pe_claw_gui.libraries.capacitors.rubycon_electrolytic._common,src/pe_claw_gui/libraries/capacitors/rubycon_electrolytic/_common.py,included_internal
src/pe_claw_gui/libraries/capacitors/rubycon_electrolytic/__init__.py,from,pe_claw_gui.libraries.capacitors.rubycon_electrolytic._common,src/pe_claw_gui/libraries/capacitors/rubycon_electrolytic/_common.py,included_internal
src/pe_claw_gui/libraries/capacitors/rubycon_electrolytic/__init__.py,from,pe_claw_gui.libraries.capacitors.rubycon_electrolytic._common,src/pe_claw_gui/libraries/capacitors/rubycon_electrolytic/_common.py,included_internal
src/pe_claw_gui/libraries/capacitors/rubycon_electrolytic/__init__.py,from,pe_claw_gui.libraries.capacitors.rubycon_electrolytic._common,src/pe_claw_gui/libraries/capacitors/rubycon_electrolytic/_common.py,included_internal
src/pe_claw_gui/libraries/capacitors/rubycon_electrolytic/__init__.py,from,pe_claw_gui.libraries.capacitors.rubycon_electrolytic._common,src/pe_claw_gui/libraries/capacitors/rubycon_electrolytic/_common.py,included_internal
src/pe_claw_gui/libraries/capacitors/rubycon_electrolytic/__init__.py,from,pe_claw_gui.libraries.capacitors.rubycon_electrolytic._common,src/pe_claw_gui/libraries/capacitors/rubycon_electrolytic/_common.py,included_internal
src/pe_claw_gui/libraries/capacitors/rubycon_electrolytic/__init__.py,from,pe_claw_gui.libraries.capacitors.rubycon_electrolytic._common,src/pe_claw_gui/libraries/capacitors/rubycon_electrolytic/_common.py,included_internal
src/pe_claw_gui/libraries/capacitors/rubycon_electrolytic/__init__.py,from,pe_claw_gui.libraries.capacitors.rubycon_electrolytic._common,src/pe_claw_gui/libraries/capacitors/rubycon_electrolytic/_common.py,included_internal
src/pe_claw_gui/libraries/capacitors/rubycon_electrolytic/__init__.py,from,pe_claw_gui.libraries.capacitors.rubycon_electrolytic._common,src/pe_claw_gui/libraries/capacitors/rubycon_electrolytic/_common.py,included_internal
src/pe_claw_gui/libraries/capacitors/rubycon_electrolytic/__init__.py,from,pe_claw_gui.libraries.capacitors.rubycon_electrolytic._common,src/pe_claw_gui/libraries/capacitors/rubycon_electrolytic/_common.py,included_internal
src/pe_claw_gui/libraries/capacitors/rubycon_electrolytic/__init__.py,from,pe_claw_gui.libraries.capacitors.rubycon_electrolytic._common,src/pe_claw_gui/libraries/capacitors/rubycon_electrolytic/_common.py,included_internal
src/pe_claw_gui/libraries/capacitors/rubycon_electrolytic/__init__.py,from,pe_claw_gui.libraries.capacitors.rubycon_electrolytic._common,src/pe_claw_gui/libraries/capacitors/rubycon_electrolytic/_common.py,included_internal
src/pe_claw_gui/libraries/capacitors/rubycon_electrolytic/__init__.py,from,pe_claw_gui.libraries.capacitors.rubycon_electrolytic._common,src/pe_claw_gui/libraries/capacitors/rubycon_electrolytic/_common.py,included_internal
src/pe_claw_gui/libraries/capacitors/rubycon_electrolytic/__init__.py,from,pe_claw_gui.libraries.capacitors.rubycon_electrolytic._common,src/pe_claw_gui/libraries/capacitors/rubycon_electrolytic/_common.py,included_internal
src/pe_claw_gui/libraries/capacitors/rubycon_electrolytic/__init__.py,from,pe_claw_gui.libraries.capacitors.rubycon_electrolytic._common,src/pe_claw_gui/libraries/capacitors/rubycon_electrolytic/_common.py,included_internal
src/pe_claw_gui/libraries/capacitors/rubycon_electrolytic/__init__.py,from,pe_claw_gui.libraries.capacitors.rubycon_electrolytic._common,src/pe_claw_gui/libraries/capacitors/rubycon_electrolytic/_common.py,included_internal
src/pe_claw_gui/libraries/capacitors/rubycon_electrolytic/__init__.py,from,pe_claw_gui.libraries.capacitors.rubycon_electrolytic._common,src/pe_claw_gui/libraries/capacitors/rubycon_electrolytic/_common.py,included_internal
src/pe_claw_gui/libraries/capacitors/rubycon_electrolytic/_common.py,from,__future__,,external_or_stdlib
src/pe_claw_gui/libraries/capacitors/rubycon_electrolytic/_common.py,import,csv,,external_or_stdlib
src/pe_claw_gui/libraries/capacitors/rubycon_electrolytic/_common.py,import,math,,external_or_stdlib
src/pe_claw_gui/libraries/capacitors/rubycon_electrolytic/_common.py,from,collections,,external_or_stdlib
src/pe_claw_gui/libraries/capacitors/rubycon_electrolytic/_common.py,from,importlib,,external_or_stdlib
src/pe_claw_gui/libraries/capacitors/rubycon_electrolytic/_common.py,from,pe_claw_gui.models.capacitor,src/pe_claw_gui/models/capacitor.py,included_internal
src/pe_claw_gui/libraries/capacitors/rubycon_electrolytic/full_row_parser.py,from,__future__,,external_or_stdlib
src/pe_claw_gui/libraries/capacitors/rubycon_electrolytic/full_row_parser.py,import,csv,,external_or_stdlib
src/pe_claw_gui/libraries/capacitors/rubycon_electrolytic/full_row_parser.py,import,math,,external_or_stdlib
src/pe_claw_gui/libraries/capacitors/rubycon_electrolytic/full_row_parser.py,import,re,,external_or_stdlib
src/pe_claw_gui/libraries/capacitors/rubycon_electrolytic/full_row_parser.py,import,shutil,,external_or_stdlib
src/pe_claw_gui/libraries/capacitors/rubycon_electrolytic/full_row_parser.py,import,subprocess,,external_or_stdlib
src/pe_claw_gui/libraries/capacitors/rubycon_electrolytic/full_row_parser.py,import,unicodedata,,external_or_stdlib
src/pe_claw_gui/libraries/capacitors/rubycon_electrolytic/full_row_parser.py,from,dataclasses,,external_or_stdlib
src/pe_claw_gui/libraries/capacitors/rubycon_electrolytic/full_row_parser.py,from,pathlib,,external_or_stdlib
src/pe_claw_gui/libraries/capacitors/rubycon_electrolytic/full_row_parser.py,from,pe_claw_gui.libraries.capacitors.rubycon_electrolytic._common,src/pe_claw_gui/libraries/capacitors/rubycon_electrolytic/_common.py,included_internal
src/pe_claw_gui/libraries/capacitors/rubycon_electrolytic/full_row_parser.py,from,pe_claw_gui.libraries.capacitors.rubycon_electrolytic._common,src/pe_claw_gui/libraries/capacitors/rubycon_electrolytic/_common.py,included_internal
src/pe_claw_gui/libraries/capacitors/rubycon_electrolytic/full_row_parser.py,from,pe_claw_gui.libraries.capacitors.rubycon_electrolytic._common,src/pe_claw_gui/libraries/capacitors/rubycon_electrolytic/_common.py,included_internal
src/pe_claw_gui/libraries/capacitors/rubycon_electrolytic/full_row_parser.py,from,pe_claw_gui.libraries.capacitors.rubycon_electrolytic._common,src/pe_claw_gui/libraries/capacitors/rubycon_electrolytic/_common.py,included_internal
src/pe_claw_gui/libraries/capacitors/rubycon_electrolytic/full_row_parser.py,from,pe_claw_gui.libraries.capacitors.rubycon_electrolytic._common,src/pe_claw_gui/libraries/capacitors/rubycon_electrolytic/_common.py,included_internal
src/pe_claw_gui/libraries/capacitors/tdk/__init__.py,from,pe_claw_gui.libraries.capacitors.tdk.b41456_b41458,src/pe_claw_gui/libraries/capacitors/tdk/b41456_b41458.py,included_internal
src/pe_claw_gui/libraries/capacitors/tdk/__init__.py,from,pe_claw_gui.libraries.capacitors.tdk.b41456_b41458,src/pe_claw_gui/libraries/capacitors/tdk/b41456_b41458.py,included_internal
src/pe_claw_gui/libraries/capacitors/tdk/__init__.py,from,pe_claw_gui.libraries.capacitors.tdk.b25654a_001,src/pe_claw_gui/libraries/capacitors/tdk/b25654a_001.py,included_internal
src/pe_claw_gui/libraries/capacitors/tdk/__init__.py,from,pe_claw_gui.libraries.capacitors.tdk.b25654a_001,src/pe_claw_gui/libraries/capacitors/tdk/b25654a_001.py,included_internal
src/pe_claw_gui/libraries/capacitors/tdk/__init__.py,from,pe_claw_gui.libraries.capacitors.tdk.b3267_d_g_j_t,src/pe_claw_gui/libraries/capacitors/tdk/b3267_d_g_j_t.py,included_internal
src/pe_claw_gui/libraries/capacitors/tdk/__init__.py,from,pe_claw_gui.libraries.capacitors.tdk.b3267_d_g_j_t,src/pe_claw_gui/libraries/capacitors/tdk/b3267_d_g_j_t.py,included_internal
src/pe_claw_gui/libraries/capacitors/tdk/__init__.py,from,pe_claw_gui.libraries.capacitors.tdk.b3271xp,src/pe_claw_gui/libraries/capacitors/tdk/b3271xp.py,included_internal
src/pe_claw_gui/libraries/capacitors/tdk/__init__.py,from,pe_claw_gui.libraries.capacitors.tdk.b3271xp,src/pe_claw_gui/libraries/capacitors/tdk/b3271xp.py,included_internal
src/pe_claw_gui/libraries/capacitors/tdk/__init__.py,from,pe_claw_gui.libraries.capacitors.tdk.b32714h_718h,src/pe_claw_gui/libraries/capacitors/tdk/b32714h_718h.py,included_internal
src/pe_claw_gui/libraries/capacitors/tdk/__init__.py,from,pe_claw_gui.libraries.capacitors.tdk.b32714h_718h,src/pe_claw_gui/libraries/capacitors/tdk/b32714h_718h.py,included_internal
src/pe_claw_gui/libraries/capacitors/tdk/__init__.py,from,pe_claw_gui.libraries.capacitors.tdk.b3272agt,src/pe_claw_gui/libraries/capacitors/tdk/b3272agt.py,included_internal
src/pe_claw_gui/libraries/capacitors/tdk/__init__.py,from,pe_claw_gui.libraries.capacitors.tdk.b3272agt,src/pe_claw_gui/libraries/capacitors/tdk/b3272agt.py,included_internal
src/pe_claw_gui/libraries/capacitors/tdk/__init__.py,from,pe_claw_gui.libraries.capacitors.tdk.b3277_d_e_g_j_t,src/pe_claw_gui/libraries/capacitors/tdk/b3277_d_e_g_j_t.py,included_internal
src/pe_claw_gui/libraries/capacitors/tdk/__init__.py,from,pe_claw_gui.libraries.capacitors.tdk.b3277_d_e_g_j_t,src/pe_claw_gui/libraries/capacitors/tdk/b3277_d_e_g_j_t.py,included_internal
src/pe_claw_gui/libraries/capacitors/tdk/__init__.py,from,pe_claw_gui.libraries.capacitors.tdk.b3277h,src/pe_claw_gui/libraries/capacitors/tdk/b3277h.py,included_internal
src/pe_claw_gui/libraries/capacitors/tdk/__init__.py,from,pe_claw_gui.libraries.capacitors.tdk.b3277h,src/pe_claw_gui/libraries/capacitors/tdk/b3277h.py,included_internal
src/pe_claw_gui/libraries/capacitors/tdk/__init__.py,from,pe_claw_gui.libraries.capacitors.tdk.b3277m,src/pe_claw_gui/libraries/capacitors/tdk/b3277m.py,included_internal
src/pe_claw_gui/libraries/capacitors/tdk/__init__.py,from,pe_claw_gui.libraries.capacitors.tdk.b3277m,src/pe_claw_gui/libraries/capacitors/tdk/b3277m.py,included_internal
src/pe_claw_gui/libraries/capacitors/tdk/__init__.py,from,pe_claw_gui.libraries.capacitors.tdk.b3277p,src/pe_claw_gui/libraries/capacitors/tdk/b3277p.py,included_internal
src/pe_claw_gui/libraries/capacitors/tdk/__init__.py,from,pe_claw_gui.libraries.capacitors.tdk.b3277p,src/pe_claw_gui/libraries/capacitors/tdk/b3277p.py,included_internal
src/pe_claw_gui/libraries/capacitors/tdk/__init__.py,from,pe_claw_gui.libraries.capacitors.tdk.b3277xyz,src/pe_claw_gui/libraries/capacitors/tdk/b3277xyz.py,included_internal
src/pe_claw_gui/libraries/capacitors/tdk/__init__.py,from,pe_claw_gui.libraries.capacitors.tdk.b3277xyz,src/pe_claw_gui/libraries/capacitors/tdk/b3277xyz.py,included_internal
src/pe_claw_gui/libraries/capacitors/tdk/__init__.py,from,pe_claw_gui.libraries.capacitors.tdk._epcos_electrolytic_common,src/pe_claw_gui/libraries/capacitors/tdk/_epcos_electrolytic_common.py,included_internal
src/pe_claw_gui/libraries/capacitors/tdk/__init__.py,from,pe_claw_gui.libraries.capacitors.tdk._epcos_electrolytic_common,src/pe_claw_gui/libraries/capacitors/tdk/_epcos_electrolytic_common.py,included_internal
src/pe_claw_gui/libraries/capacitors/tdk/_b3277_common.py,from,__future__,,external_or_stdlib
src/pe_claw_gui/libraries/capacitors/tdk/_b3277_common.py,from,pe_claw_gui.models.capacitor,src/pe_claw_gui/models/capacitor.py,included_internal
src/pe_claw_gui/libraries/capacitors/tdk/_epcos_electrolytic_common.py,from,__future__,,external_or_stdlib
src/pe_claw_gui/libraries/capacitors/tdk/_epcos_electrolytic_common.py,import,csv,,external_or_stdlib
src/pe_claw_gui/libraries/capacitors/tdk/_epcos_electrolytic_common.py,import,math,,external_or_stdlib
src/pe_claw_gui/libraries/capacitors/tdk/_epcos_electrolytic_common.py,import,re,,external_or_stdlib
src/pe_claw_gui/libraries/capacitors/tdk/_epcos_electrolytic_common.py,from,dataclasses,,external_or_stdlib
src/pe_claw_gui/libraries/capacitors/tdk/_epcos_electrolytic_common.py,from,importlib,,external_or_stdlib
src/pe_claw_gui/libraries/capacitors/tdk/_epcos_electrolytic_common.py,from,pe_claw_gui.models.capacitor,src/pe_claw_gui/models/capacitor.py,included_internal
src/pe_claw_gui/libraries/capacitors/tdk/b25654a_001.py,from,__future__,,external_or_stdlib
src/pe_claw_gui/libraries/capacitors/tdk/b25654a_001.py,from,pe_claw_gui.models.capacitor,src/pe_claw_gui/models/capacitor.py,included_internal
src/pe_claw_gui/libraries/capacitors/tdk/b3267_d_g_j_t.py,from,__future__,,external_or_stdlib
src/pe_claw_gui/libraries/capacitors/tdk/b3267_d_g_j_t.py,from,pe_claw_gui.models.capacitor,src/pe_claw_gui/models/capacitor.py,included_internal
src/pe_claw_gui/libraries/capacitors/tdk/b32714h_718h.py,from,__future__,,external_or_stdlib
src/pe_claw_gui/libraries/capacitors/tdk/b32714h_718h.py,from,pe_claw_gui.models.capacitor,src/pe_claw_gui/models/capacitor.py,included_internal
src/pe_claw_gui/libraries/capacitors/tdk/b3271xp.py,from,__future__,,external_or_stdlib
src/pe_claw_gui/libraries/capacitors/tdk/b3271xp.py,from,pe_claw_gui.models.capacitor,src/pe_claw_gui/models/capacitor.py,included_internal
src/pe_claw_gui/libraries/capacitors/tdk/b3272agt.py,from,__future__,,external_or_stdlib
src/pe_claw_gui/libraries/capacitors/tdk/b3272agt.py,from,pe_claw_gui.models.capacitor,src/pe_claw_gui/models/capacitor.py,included_internal
src/pe_claw_gui/libraries/capacitors/tdk/b3277_d_e_g_j_t.py,from,__future__,,external_or_stdlib
src/pe_claw_gui/libraries/capacitors/tdk/b3277_d_e_g_j_t.py,from,pe_claw_gui.libraries.capacitors.tdk._b3277_common,src/pe_claw_gui/libraries/capacitors/tdk/_b3277_common.py,included_internal
src/pe_claw_gui/libraries/capacitors/tdk/b3277_d_e_g_j_t.py,from,pe_claw_gui.libraries.capacitors.tdk._b3277_common,src/pe_claw_gui/libraries/capacitors/tdk/_b3277_common.py,included_internal
src/pe_claw_gui/libraries/capacitors/tdk/b3277h.py,from,__future__,,external_or_stdlib
src/pe_claw_gui/libraries/capacitors/tdk/b3277h.py,from,pe_claw_gui.libraries.capacitors.tdk._b3277_common,src/pe_claw_gui/libraries/capacitors/tdk/_b3277_common.py,included_internal
src/pe_claw_gui/libraries/capacitors/tdk/b3277h.py,from,pe_claw_gui.libraries.capacitors.tdk._b3277_common,src/pe_claw_gui/libraries/capacitors/tdk/_b3277_common.py,included_internal
src/pe_claw_gui/libraries/capacitors/tdk/b3277m.py,from,__future__,,external_or_stdlib
src/pe_claw_gui/libraries/capacitors/tdk/b3277m.py,from,pe_claw_gui.libraries.capacitors.tdk._b3277_common,src/pe_claw_gui/libraries/capacitors/tdk/_b3277_common.py,included_internal
src/pe_claw_gui/libraries/capacitors/tdk/b3277m.py,from,pe_claw_gui.libraries.capacitors.tdk._b3277_common,src/pe_claw_gui/libraries/capacitors/tdk/_b3277_common.py,included_internal
src/pe_claw_gui/libraries/capacitors/tdk/b3277p.py,from,__future__,,external_or_stdlib
src/pe_claw_gui/libraries/capacitors/tdk/b3277p.py,from,pe_claw_gui.models.capacitor,src/pe_claw_gui/models/capacitor.py,included_internal
src/pe_claw_gui/libraries/capacitors/tdk/b3277xyz.py,from,__future__,,external_or_stdlib
src/pe_claw_gui/libraries/capacitors/tdk/b3277xyz.py,from,pe_claw_gui.libraries.capacitors.tdk._b3277_common,src/pe_claw_gui/libraries/capacitors/tdk/_b3277_common.py,included_internal
src/pe_claw_gui/libraries/capacitors/tdk/b3277xyz.py,from,pe_claw_gui.libraries.capacitors.tdk._b3277_common,src/pe_claw_gui/libraries/capacitors/tdk/_b3277_common.py,included_internal
src/pe_claw_gui/libraries/capacitors/tdk/b41456_b41458.py,from,__future__,,external_or_stdlib
src/pe_claw_gui/libraries/capacitors/tdk/b41456_b41458.py,import,math,,external_or_stdlib
src/pe_claw_gui/libraries/capacitors/tdk/b41456_b41458.py,from,pe_claw_gui.models.capacitor,src/pe_claw_gui/models/capacitor.py,included_internal
src/pe_claw_gui/libraries/capacitors/tdk/b41560_b41580.py,from,__future__,,external_or_stdlib
src/pe_claw_gui/libraries/capacitors/tdk/b41560_b41580.py,from,pe_claw_gui.models.capacitor,src/pe_claw_gui/models/capacitor.py,included_internal
src/pe_claw_gui/libraries/capacitors/tdk/b41560_b41580.py,from,pe_claw_gui.libraries.capacitors.tdk._epcos_electrolytic_common,src/pe_claw_gui/libraries/capacitors/tdk/_epcos_electrolytic_common.py,included_internal
src/pe_claw_gui/libraries/capacitors/tdk/b43700_b43720.py,from,__future__,,external_or_stdlib
src/pe_claw_gui/libraries/capacitors/tdk/b43700_b43720.py,from,pe_claw_gui.models.capacitor,src/pe_claw_gui/models/capacitor.py,included_internal
src/pe_claw_gui/libraries/capacitors/tdk/b43700_b43720.py,from,pe_claw_gui.libraries.capacitors.tdk._epcos_electrolytic_common,src/pe_claw_gui/libraries/capacitors/tdk/_epcos_electrolytic_common.py,included_internal
src/pe_claw_gui/libraries/capacitors/tdk/b43701_b43721.py,from,__future__,,external_or_stdlib
src/pe_claw_gui/libraries/capacitors/tdk/b43701_b43721.py,from,pe_claw_gui.models.capacitor,src/pe_claw_gui/models/capacitor.py,included_internal
src/pe_claw_gui/libraries/capacitors/tdk/b43701_b43721.py,from,pe_claw_gui.libraries.capacitors.tdk._epcos_electrolytic_common,src/pe_claw_gui/libraries/capacitors/tdk/_epcos_electrolytic_common.py,included_internal
src/pe_claw_gui/libraries/capacitors/tdk/b43703_b43723.py,from,__future__,,external_or_stdlib
src/pe_claw_gui/libraries/capacitors/tdk/b43703_b43723.py,from,pe_claw_gui.models.capacitor,src/pe_claw_gui/models/capacitor.py,included_internal
src/pe_claw_gui/libraries/capacitors/tdk/b43703_b43723.py,from,pe_claw_gui.libraries.capacitors.tdk._epcos_electrolytic_common,src/pe_claw_gui/libraries/capacitors/tdk/_epcos_electrolytic_common.py,included_internal
src/pe_claw_gui/libraries/capacitors/tdk/b43704_b43724.py,from,__future__,,external_or_stdlib
src/pe_claw_gui/libraries/capacitors/tdk/b43704_b43724.py,from,pe_claw_gui.models.capacitor,src/pe_claw_gui/models/capacitor.py,included_internal
src/pe_claw_gui/libraries/capacitors/tdk/b43704_b43724.py,from,pe_claw_gui.libraries.capacitors.tdk._epcos_electrolytic_common,src/pe_claw_gui/libraries/capacitors/tdk/_epcos_electrolytic_common.py,included_internal
src/pe_claw_gui/libraries/capacitors/tdk/b43705_b43725.py,from,__future__,,external_or_stdlib
src/pe_claw_gui/libraries/capacitors/tdk/b43705_b43725.py,from,pe_claw_gui.models.capacitor,src/pe_claw_gui/models/capacitor.py,included_internal
src/pe_claw_gui/libraries/capacitors/tdk/b43705_b43725.py,from,pe_claw_gui.libraries.capacitors.tdk._epcos_electrolytic_common,src/pe_claw_gui/libraries/capacitors/tdk/_epcos_electrolytic_common.py,included_internal
src/pe_claw_gui/libraries/capacitors/tdk/b43706_b43726.py,from,__future__,,external_or_stdlib
src/pe_claw_gui/libraries/capacitors/tdk/b43706_b43726.py,from,pe_claw_gui.models.capacitor,src/pe_claw_gui/models/capacitor.py,included_internal
src/pe_claw_gui/libraries/capacitors/tdk/b43706_b43726.py,from,pe_claw_gui.libraries.capacitors.tdk._epcos_electrolytic_common,src/pe_claw_gui/libraries/capacitors/tdk/_epcos_electrolytic_common.py,included_internal
src/pe_claw_gui/libraries/capacitors/tdk/b43707_b43727.py,from,__future__,,external_or_stdlib
src/pe_claw_gui/libraries/capacitors/tdk/b43707_b43727.py,from,pe_claw_gui.models.capacitor,src/pe_claw_gui/models/capacitor.py,included_internal
src/pe_claw_gui/libraries/capacitors/tdk/b43707_b43727.py,from,pe_claw_gui.libraries.capacitors.tdk._epcos_electrolytic_common,src/pe_claw_gui/libraries/capacitors/tdk/_epcos_electrolytic_common.py,included_internal
src/pe_claw_gui/libraries/capacitors/tdk/b43712_b43732.py,from,__future__,,external_or_stdlib
src/pe_claw_gui/libraries/capacitors/tdk/b43712_b43732.py,from,pe_claw_gui.models.capacitor,src/pe_claw_gui/models/capacitor.py,included_internal
src/pe_claw_gui/libraries/capacitors/tdk/b43712_b43732.py,from,pe_claw_gui.libraries.capacitors.tdk._epcos_electrolytic_common,src/pe_claw_gui/libraries/capacitors/tdk/_epcos_electrolytic_common.py,included_internal
src/pe_claw_gui/libraries/capacitors/tdk/b43713_b43733.py,from,__future__,,external_or_stdlib
src/pe_claw_gui/libraries/capacitors/tdk/b43713_b43733.py,from,pe_claw_gui.models.capacitor,src/pe_claw_gui/models/capacitor.py,included_internal
src/pe_claw_gui/libraries/capacitors/tdk/b43713_b43733.py,from,pe_claw_gui.libraries.capacitors.tdk._epcos_electrolytic_common,src/pe_claw_gui/libraries/capacitors/tdk/_epcos_electrolytic_common.py,included_internal
src/pe_claw_gui/libraries/capacitors/tdk/b43742_b43762.py,from,__future__,,external_or_stdlib
src/pe_claw_gui/libraries/capacitors/tdk/b43742_b43762.py,from,pe_claw_gui.models.capacitor,src/pe_claw_gui/models/capacitor.py,included_internal
src/pe_claw_gui/libraries/capacitors/tdk/b43742_b43762.py,from,pe_claw_gui.libraries.capacitors.tdk._epcos_electrolytic_common,src/pe_claw_gui/libraries/capacitors/tdk/_epcos_electrolytic_common.py,included_internal
src/pe_claw_gui/libraries/capacitors/tdk/b43743_b43763.py,from,__future__,,external_or_stdlib
src/pe_claw_gui/libraries/capacitors/tdk/b43743_b43763.py,from,pe_claw_gui.models.capacitor,src/pe_claw_gui/models/capacitor.py,included_internal
src/pe_claw_gui/libraries/capacitors/tdk/b43743_b43763.py,from,pe_claw_gui.libraries.capacitors.tdk._epcos_electrolytic_common,src/pe_claw_gui/libraries/capacitors/tdk/_epcos_electrolytic_common.py,included_internal
src/pe_claw_gui/libraries/capacitors/tdk/b43745_b43765.py,from,__future__,,external_or_stdlib
src/pe_claw_gui/libraries/capacitors/tdk/b43745_b43765.py,from,pe_claw_gui.models.capacitor,src/pe_claw_gui/models/capacitor.py,included_internal
src/pe_claw_gui/libraries/capacitors/tdk/b43745_b43765.py,from,pe_claw_gui.libraries.capacitors.tdk._epcos_electrolytic_common,src/pe_claw_gui/libraries/capacitors/tdk/_epcos_electrolytic_common.py,included_internal
src/pe_claw_gui/libraries/capacitors/wima/__init__.py,from,__future__,,external_or_stdlib
src/pe_claw_gui/libraries/capacitors/wima/__init__.py,from,pe_claw_gui.libraries.capacitors.wima._common,src/pe_claw_gui/libraries/capacitors/wima/_common.py,included_internal
src/pe_claw_gui/libraries/capacitors/wima/_common.py,from,__future__,,external_or_stdlib
src/pe_claw_gui/libraries/capacitors/wima/_common.py,from,pe_claw_gui.models.capacitor,src/pe_claw_gui/models/capacitor.py,included_internal
src/pe_claw_gui/libraries/capacitors/wima/_common.py,from,pe_claw_gui.libraries.capacitors.wima._records,src/pe_claw_gui/libraries/capacitors/wima/_records.py,included_internal
src/pe_claw_gui/libraries/capacitors/wima/_records.py,from,__future__,,external_or_stdlib
src/pe_claw_gui/libraries/capacitors/wima/wima_dc_link_hc.py,from,__future__,,external_or_stdlib
src/pe_claw_gui/libraries/capacitors/wima/wima_dc_link_hc.py,from,pe_claw_gui.libraries.capacitors.wima._common,src/pe_claw_gui/libraries/capacitors/wima/_common.py,included_internal
src/pe_claw_gui/libraries/capacitors/wima/wima_dc_link_mkp4.py,from,__future__,,external_or_stdlib
src/pe_claw_gui/libraries/capacitors/wima/wima_dc_link_mkp4.py,from,pe_claw_gui.libraries.capacitors.wima._common,src/pe_claw_gui/libraries/capacitors/wima/_common.py,included_internal
src/pe_claw_gui/libraries/capacitors/wima/wima_dc_link_mkp6.py,from,__future__,,external_or_stdlib
src/pe_claw_gui/libraries/capacitors/wima/wima_dc_link_mkp6.py,from,pe_claw_gui.libraries.capacitors.wima._common,src/pe_claw_gui/libraries/capacitors/wima/_common.py,included_internal
src/pe_claw_gui/libraries/capacitors/wima/wima_fkp1.py,from,__future__,,external_or_stdlib
src/pe_claw_gui/libraries/capacitors/wima/wima_fkp1.py,from,pe_claw_gui.libraries.capacitors.wima._common,src/pe_claw_gui/libraries/capacitors/wima/_common.py,included_internal
src/pe_claw_gui/libraries/capacitors/wima/wima_fkp2.py,from,__future__,,external_or_stdlib
src/pe_claw_gui/libraries/capacitors/wima/wima_fkp2.py,from,pe_claw_gui.libraries.capacitors.wima._common,src/pe_claw_gui/libraries/capacitors/wima/_common.py,included_internal
src/pe_claw_gui/libraries/capacitors/wima/wima_fks2.py,from,__future__,,external_or_stdlib
src/pe_claw_gui/libraries/capacitors/wima/wima_fks2.py,from,pe_claw_gui.libraries.capacitors.wima._common,src/pe_claw_gui/libraries/capacitors/wima/_common.py,included_internal
src/pe_claw_gui/libraries/capacitors/wima/wima_gto_mkp.py,from,__future__,,external_or_stdlib
src/pe_claw_gui/libraries/capacitors/wima/wima_gto_mkp.py,from,pe_claw_gui.libraries.capacitors.wima._common,src/pe_claw_gui/libraries/capacitors/wima/_common.py,included_internal
src/pe_claw_gui/libraries/capacitors/wima/wima_mkp10.py,from,__future__,,external_or_stdlib
src/pe_claw_gui/libraries/capacitors/wima/wima_mkp10.py,from,pe_claw_gui.libraries.capacitors.wima._common,src/pe_claw_gui/libraries/capacitors/wima/_common.py,included_internal
src/pe_claw_gui/libraries/capacitors/wima/wima_mkp2.py,from,__future__,,external_or_stdlib
src/pe_claw_gui/libraries/capacitors/wima/wima_mkp2.py,from,pe_claw_gui.libraries.capacitors.wima._common,src/pe_claw_gui/libraries/capacitors/wima/_common.py,included_internal
src/pe_claw_gui/libraries/capacitors/wima/wima_mkp4.py,from,__future__,,external_or_stdlib
src/pe_claw_gui/libraries/capacitors/wima/wima_mkp4.py,from,pe_claw_gui.libraries.capacitors.wima._common,src/pe_claw_gui/libraries/capacitors/wima/_common.py,included_internal
src/pe_claw_gui/libraries/capacitors/wima/wima_mkp_x1r.py,from,__future__,,external_or_stdlib
src/pe_claw_gui/libraries/capacitors/wima/wima_mkp_x1r.py,from,pe_claw_gui.libraries.capacitors.wima._common,src/pe_claw_gui/libraries/capacitors/wima/_common.py,included_internal
src/pe_claw_gui/libraries/capacitors/wima/wima_mkp_x2.py,from,__future__,,external_or_stdlib
src/pe_claw_gui/libraries/capacitors/wima/wima_mkp_x2.py,from,pe_claw_gui.libraries.capacitors.wima._common,src/pe_claw_gui/libraries/capacitors/wima/_common.py,included_internal
src/pe_claw_gui/libraries/capacitors/wima/wima_mkp_y2.py,from,__future__,,external_or_stdlib
src/pe_claw_gui/libraries/capacitors/wima/wima_mkp_y2.py,from,pe_claw_gui.libraries.capacitors.wima._common,src/pe_claw_gui/libraries/capacitors/wima/_common.py,included_internal
src/pe_claw_gui/libraries/capacitors/wima/wima_mks02.py,from,__future__,,external_or_stdlib
src/pe_claw_gui/libraries/capacitors/wima/wima_mks02.py,from,pe_claw_gui.libraries.capacitors.wima._common,src/pe_claw_gui/libraries/capacitors/wima/_common.py,included_internal
src/pe_claw_gui/libraries/capacitors/wima/wima_mks2.py,from,__future__,,external_or_stdlib
src/pe_claw_gui/libraries/capacitors/wima/wima_mks2.py,from,pe_claw_gui.libraries.capacitors.wima._common,src/pe_claw_gui/libraries/capacitors/wima/_common.py,included_internal
src/pe_claw_gui/libraries/capacitors/wima/wima_mks4.py,from,__future__,,external_or_stdlib
src/pe_claw_gui/libraries/capacitors/wima/wima_mks4.py,from,pe_claw_gui.libraries.capacitors.wima._common,src/pe_claw_gui/libraries/capacitors/wima/_common.py,included_internal
src/pe_claw_gui/libraries/capacitors/wima/wima_smd_pet.py,from,__future__,,external_or_stdlib
src/pe_claw_gui/libraries/capacitors/wima/wima_smd_pet.py,from,pe_claw_gui.libraries.capacitors.wima._common,src/pe_claw_gui/libraries/capacitors/wima/_common.py,included_internal
src/pe_claw_gui/libraries/capacitors/wima/wima_smd_pps.py,from,__future__,,external_or_stdlib
src/pe_claw_gui/libraries/capacitors/wima/wima_smd_pps.py,from,pe_claw_gui.libraries.capacitors.wima._common,src/pe_claw_gui/libraries/capacitors/wima/_common.py,included_internal
src/pe_claw_gui/libraries/capacitors/wima/wima_snubber_fkp.py,from,__future__,,external_or_stdlib
src/pe_claw_gui/libraries/capacitors/wima/wima_snubber_fkp.py,from,pe_claw_gui.libraries.capacitors.wima._common,src/pe_claw_gui/libraries/capacitors/wima/_common.py,included_internal
src/pe_claw_gui/libraries/capacitors/wima/wima_snubber_mkp.py,from,__future__,,external_or_stdlib
src/pe_claw_gui/libraries/capacitors/wima/wima_snubber_mkp.py,from,pe_claw_gui.libraries.capacitors.wima._common,src/pe_claw_gui/libraries/capacitors/wima/_common.py,included_internal
src/pe_claw_gui/libraries/capacitors/yageo/__init__.py,from,pe_claw_gui.libraries.capacitors.yageo.c44p_t,src/pe_claw_gui/libraries/capacitors/yageo/c44p_t.py,included_internal
src/pe_claw_gui/libraries/capacitors/yageo/__init__.py,from,pe_claw_gui.libraries.capacitors.yageo.c44p_t,src/pe_claw_gui/libraries/capacitors/yageo/c44p_t.py,included_internal
src/pe_claw_gui/libraries/capacitors/yageo/__init__.py,from,pe_claw_gui.libraries.capacitors.yageo.a50_axial,src/pe_claw_gui/libraries/capacitors/yageo/a50_axial.py,included_internal
src/pe_claw_gui/libraries/capacitors/yageo/__init__.py,from,pe_claw_gui.libraries.capacitors.yageo.a50_axial,src/pe_claw_gui/libraries/capacitors/yageo/a50_axial.py,included_internal
src/pe_claw_gui/libraries/capacitors/yageo/__init__.py,from,pe_claw_gui.libraries.capacitors.yageo.c28,src/pe_claw_gui/libraries/capacitors/yageo/c28.py,included_internal
src/pe_claw_gui/libraries/capacitors/yageo/__init__.py,from,pe_claw_gui.libraries.capacitors.yageo.c28,src/pe_claw_gui/libraries/capacitors/yageo/c28.py,included_internal
src/pe_claw_gui/libraries/capacitors/yageo/__init__.py,from,pe_claw_gui.libraries.capacitors.yageo.c44a,src/pe_claw_gui/libraries/capacitors/yageo/c44a.py,included_internal
src/pe_claw_gui/libraries/capacitors/yageo/__init__.py,from,pe_claw_gui.libraries.capacitors.yageo.c44a,src/pe_claw_gui/libraries/capacitors/yageo/c44a.py,included_internal
src/pe_claw_gui/libraries/capacitors/yageo/__init__.py,from,pe_claw_gui.libraries.capacitors.yageo.c44p_r,src/pe_claw_gui/libraries/capacitors/yageo/c44p_r.py,included_internal
src/pe_claw_gui/libraries/capacitors/yageo/__init__.py,from,pe_claw_gui.libraries.capacitors.yageo.c44p_r,src/pe_claw_gui/libraries/capacitors/yageo/c44p_r.py,included_internal
src/pe_claw_gui/libraries/capacitors/yageo/__init__.py,from,pe_claw_gui.libraries.capacitors.yageo.c44u,src/pe_claw_gui/libraries/capacitors/yageo/c44u.py,included_internal
src/pe_claw_gui/libraries/capacitors/yageo/__init__.py,from,pe_claw_gui.libraries.capacitors.yageo.c44u,src/pe_claw_gui/libraries/capacitors/yageo/c44u.py,included_internal
src/pe_claw_gui/libraries/capacitors/yageo/__init__.py,from,pe_claw_gui.libraries.capacitors.yageo.c44u_m,src/pe_claw_gui/libraries/capacitors/yageo/c44u_m.py,included_internal
src/pe_claw_gui/libraries/capacitors/yageo/__init__.py,from,pe_claw_gui.libraries.capacitors.yageo.c44u_m,src/pe_claw_gui/libraries/capacitors/yageo/c44u_m.py,included_internal
src/pe_claw_gui/libraries/capacitors/yageo/__init__.py,from,pe_claw_gui.libraries.capacitors.yageo.c44u_t,src/pe_claw_gui/libraries/capacitors/yageo/c44u_t.py,included_internal
src/pe_claw_gui/libraries/capacitors/yageo/__init__.py,from,pe_claw_gui.libraries.capacitors.yageo.c44u_t,src/pe_claw_gui/libraries/capacitors/yageo/c44u_t.py,included_internal
src/pe_claw_gui/libraries/capacitors/yageo/__init__.py,from,pe_claw_gui.libraries.capacitors.yageo.c4aq,src/pe_claw_gui/libraries/capacitors/yageo/c4aq.py,included_internal
src/pe_claw_gui/libraries/capacitors/yageo/__init__.py,from,pe_claw_gui.libraries.capacitors.yageo.c4aq,src/pe_claw_gui/libraries/capacitors/yageo/c4aq.py,included_internal
src/pe_claw_gui/libraries/capacitors/yageo/__init__.py,from,pe_claw_gui.libraries.capacitors.yageo.c4aq_p,src/pe_claw_gui/libraries/capacitors/yageo/c4aq_p.py,included_internal
src/pe_claw_gui/libraries/capacitors/yageo/__init__.py,from,pe_claw_gui.libraries.capacitors.yageo.c4aq_p,src/pe_claw_gui/libraries/capacitors/yageo/c4aq_p.py,included_internal
src/pe_claw_gui/libraries/capacitors/yageo/__init__.py,from,pe_claw_gui.libraries.capacitors.yageo.c4ak,src/pe_claw_gui/libraries/capacitors/yageo/c4ak.py,included_internal
src/pe_claw_gui/libraries/capacitors/yageo/__init__.py,from,pe_claw_gui.libraries.capacitors.yageo.c4ak,src/pe_claw_gui/libraries/capacitors/yageo/c4ak.py,included_internal
src/pe_claw_gui/libraries/capacitors/yageo/__init__.py,from,pe_claw_gui.libraries.capacitors.yageo.c4aq_m,src/pe_claw_gui/libraries/capacitors/yageo/c4aq_m.py,included_internal
src/pe_claw_gui/libraries/capacitors/yageo/__init__.py,from,pe_claw_gui.libraries.capacitors.yageo.c4aq_m,src/pe_claw_gui/libraries/capacitors/yageo/c4aq_m.py,included_internal
src/pe_claw_gui/libraries/capacitors/yageo/__init__.py,from,pe_claw_gui.libraries.capacitors.yageo.c4as,src/pe_claw_gui/libraries/capacitors/yageo/c4as.py,included_internal
src/pe_claw_gui/libraries/capacitors/yageo/__init__.py,from,pe_claw_gui.libraries.capacitors.yageo.c4as,src/pe_claw_gui/libraries/capacitors/yageo/c4as.py,included_internal
src/pe_claw_gui/libraries/capacitors/yageo/__init__.py,from,pe_claw_gui.libraries.capacitors.yageo.c4at,src/pe_claw_gui/libraries/capacitors/yageo/c4at.py,included_internal
src/pe_claw_gui/libraries/capacitors/yageo/__init__.py,from,pe_claw_gui.libraries.capacitors.yageo.c4at,src/pe_claw_gui/libraries/capacitors/yageo/c4at.py,included_internal
src/pe_claw_gui/libraries/capacitors/yageo/__init__.py,from,pe_claw_gui.libraries.capacitors.yageo.c4au,src/pe_claw_gui/libraries/capacitors/yageo/c4au.py,included_internal
src/pe_claw_gui/libraries/capacitors/yageo/__init__.py,from,pe_claw_gui.libraries.capacitors.yageo.c4au,src/pe_claw_gui/libraries/capacitors/yageo/c4au.py,included_internal
src/pe_claw_gui/libraries/capacitors/yageo/__init__.py,from,pe_claw_gui.libraries.capacitors.yageo.c4bs,src/pe_claw_gui/libraries/capacitors/yageo/c4bs.py,included_internal
src/pe_claw_gui/libraries/capacitors/yageo/__init__.py,from,pe_claw_gui.libraries.capacitors.yageo.c4bs,src/pe_claw_gui/libraries/capacitors/yageo/c4bs.py,included_internal
src/pe_claw_gui/libraries/capacitors/yageo/__init__.py,from,pe_claw_gui.libraries.capacitors.yageo.c4bt,src/pe_claw_gui/libraries/capacitors/yageo/c4bt.py,included_internal
src/pe_claw_gui/libraries/capacitors/yageo/__init__.py,from,pe_claw_gui.libraries.capacitors.yageo.c4bt,src/pe_claw_gui/libraries/capacitors/yageo/c4bt.py,included_internal
src/pe_claw_gui/libraries/capacitors/yageo/__init__.py,from,pe_claw_gui.libraries.capacitors.yageo.c4de,src/pe_claw_gui/libraries/capacitors/yageo/c4de.py,included_internal
src/pe_claw_gui/libraries/capacitors/yageo/__init__.py,from,pe_claw_gui.libraries.capacitors.yageo.c4de,src/pe_claw_gui/libraries/capacitors/yageo/c4de.py,included_internal
src/pe_claw_gui/libraries/capacitors/yageo/__init__.py,from,pe_claw_gui.libraries.capacitors.yageo.f863h_x2_310_125c,src/pe_claw_gui/libraries/capacitors/yageo/f863h_x2_310_125c.py,included_internal
src/pe_claw_gui/libraries/capacitors/yageo/__init__.py,from,pe_claw_gui.libraries.capacitors.yageo.f863h_x2_310_125c,src/pe_claw_gui/libraries/capacitors/yageo/f863h_x2_310_125c.py,included_internal
src/pe_claw_gui/libraries/capacitors/yageo/__init__.py,from,pe_claw_gui.libraries.capacitors.yageo.mdc,src/pe_claw_gui/libraries/capacitors/yageo/mdc.py,included_internal
src/pe_claw_gui/libraries/capacitors/yageo/__init__.py,from,pe_claw_gui.libraries.capacitors.yageo.mdc,src/pe_claw_gui/libraries/capacitors/yageo/mdc.py,included_internal
src/pe_claw_gui/libraries/capacitors/yageo/__init__.py,from,pe_claw_gui.libraries.capacitors.yageo.r60,src/pe_claw_gui/libraries/capacitors/yageo/r60.py,included_internal
src/pe_claw_gui/libraries/capacitors/yageo/__init__.py,from,pe_claw_gui.libraries.capacitors.yageo.r60,src/pe_claw_gui/libraries/capacitors/yageo/r60.py,included_internal
src/pe_claw_gui/libraries/capacitors/yageo/__init__.py,from,pe_claw_gui.libraries.capacitors.yageo.r66,src/pe_claw_gui/libraries/capacitors/yageo/r66.py,included_internal
src/pe_claw_gui/libraries/capacitors/yageo/__init__.py,from,pe_claw_gui.libraries.capacitors.yageo.r66,src/pe_claw_gui/libraries/capacitors/yageo/r66.py,included_internal
src/pe_claw_gui/libraries/capacitors/yageo/__init__.py,from,pe_claw_gui.libraries.capacitors.yageo.r71,src/pe_claw_gui/libraries/capacitors/yageo/r71.py,included_internal
src/pe_claw_gui/libraries/capacitors/yageo/__init__.py,from,pe_claw_gui.libraries.capacitors.yageo.r71,src/pe_claw_gui/libraries/capacitors/yageo/r71.py,included_internal
src/pe_claw_gui/libraries/capacitors/yageo/__init__.py,from,pe_claw_gui.libraries.capacitors.yageo.r71h,src/pe_claw_gui/libraries/capacitors/yageo/r71h.py,included_internal
src/pe_claw_gui/libraries/capacitors/yageo/__init__.py,from,pe_claw_gui.libraries.capacitors.yageo.r71h,src/pe_claw_gui/libraries/capacitors/yageo/r71h.py,included_internal
src/pe_claw_gui/libraries/capacitors/yageo/__init__.py,from,pe_claw_gui.libraries.capacitors.yageo.r73,src/pe_claw_gui/libraries/capacitors/yageo/r73.py,included_internal
src/pe_claw_gui/libraries/capacitors/yageo/__init__.py,from,pe_claw_gui.libraries.capacitors.yageo.r73,src/pe_claw_gui/libraries/capacitors/yageo/r73.py,included_internal
src/pe_claw_gui/libraries/capacitors/yageo/__init__.py,from,pe_claw_gui.libraries.capacitors.yageo.r75,src/pe_claw_gui/libraries/capacitors/yageo/r75.py,included_internal
src/pe_claw_gui/libraries/capacitors/yageo/__init__.py,from,pe_claw_gui.libraries.capacitors.yageo.r75,src/pe_claw_gui/libraries/capacitors/yageo/r75.py,included_internal
src/pe_claw_gui/libraries/capacitors/yageo/__init__.py,from,pe_claw_gui.libraries.capacitors.yageo.r75h,src/pe_claw_gui/libraries/capacitors/yageo/r75h.py,included_internal
src/pe_claw_gui/libraries/capacitors/yageo/__init__.py,from,pe_claw_gui.libraries.capacitors.yageo.r75h,src/pe_claw_gui/libraries/capacitors/yageo/r75h.py,included_internal
src/pe_claw_gui/libraries/capacitors/yageo/__init__.py,from,pe_claw_gui.libraries.capacitors.yageo.r76,src/pe_claw_gui/libraries/capacitors/yageo/r76.py,included_internal
src/pe_claw_gui/libraries/capacitors/yageo/__init__.py,from,pe_claw_gui.libraries.capacitors.yageo.r76,src/pe_claw_gui/libraries/capacitors/yageo/r76.py,included_internal
src/pe_claw_gui/libraries/capacitors/yageo/__init__.py,from,pe_claw_gui.libraries.capacitors.yageo.r76h,src/pe_claw_gui/libraries/capacitors/yageo/r76h.py,included_internal
src/pe_claw_gui/libraries/capacitors/yageo/__init__.py,from,pe_claw_gui.libraries.capacitors.yageo.r76h,src/pe_claw_gui/libraries/capacitors/yageo/r76h.py,included_internal
src/pe_claw_gui/libraries/capacitors/yageo/__init__.py,from,pe_claw_gui.libraries.capacitors.yageo.r862_x2_310,src/pe_claw_gui/libraries/capacitors/yageo/r862_x2_310.py,included_internal
src/pe_claw_gui/libraries/capacitors/yageo/__init__.py,from,pe_claw_gui.libraries.capacitors.yageo.r862_x2_310,src/pe_claw_gui/libraries/capacitors/yageo/r862_x2_310.py,included_internal
src/pe_claw_gui/libraries/capacitors/yageo/__init__.py,from,pe_claw_gui.libraries.capacitors.yageo.r863_x2_310,src/pe_claw_gui/libraries/capacitors/yageo/r863_x2_310.py,included_internal
src/pe_claw_gui/libraries/capacitors/yageo/__init__.py,from,pe_claw_gui.libraries.capacitors.yageo.r863_x2_310,src/pe_claw_gui/libraries/capacitors/yageo/r863_x2_310.py,included_internal
src/pe_claw_gui/libraries/capacitors/yageo/__init__.py,from,pe_claw_gui.libraries.capacitors.yageo.rsb,src/pe_claw_gui/libraries/capacitors/yageo/rsb.py,included_internal
src/pe_claw_gui/libraries/capacitors/yageo/__init__.py,from,pe_claw_gui.libraries.capacitors.yageo.rsb,src/pe_claw_gui/libraries/capacitors/yageo/rsb.py,included_internal
src/pe_claw_gui/libraries/capacitors/yageo/__init__.py,from,pe_claw_gui.libraries.capacitors.yageo.smr,src/pe_claw_gui/libraries/capacitors/yageo/smr.py,included_internal
src/pe_claw_gui/libraries/capacitors/yageo/__init__.py,from,pe_claw_gui.libraries.capacitors.yageo.smr,src/pe_claw_gui/libraries/capacitors/yageo/smr.py,included_internal
src/pe_claw_gui/libraries/capacitors/yageo/_final_round.py,from,__future__,,external_or_stdlib
src/pe_claw_gui/libraries/capacitors/yageo/_final_round.py,import,math,,external_or_stdlib
src/pe_claw_gui/libraries/capacitors/yageo/_final_round.py,from,dataclasses,,external_or_stdlib
src/pe_claw_gui/libraries/capacitors/yageo/_final_round.py,from,pe_claw_gui.models.capacitor,src/pe_claw_gui/models/capacitor.py,included_internal
src/pe_claw_gui/libraries/capacitors/yageo/_radial_box.py,from,__future__,,external_or_stdlib
src/pe_claw_gui/libraries/capacitors/yageo/_radial_box.py,import,re,,external_or_stdlib
src/pe_claw_gui/libraries/capacitors/yageo/_radial_box.py,from,dataclasses,,external_or_stdlib
src/pe_claw_gui/libraries/capacitors/yageo/_radial_box.py,from,pe_claw_gui.models.capacitor,src/pe_claw_gui/models/capacitor.py,included_internal
src/pe_claw_gui/libraries/capacitors/yageo/a50_axial.py,from,__future__,,external_or_stdlib
src/pe_claw_gui/libraries/capacitors/yageo/a50_axial.py,from,pe_claw_gui.libraries.capacitors.yageo._final_round,src/pe_claw_gui/libraries/capacitors/yageo/_final_round.py,included_internal
src/pe_claw_gui/libraries/capacitors/yageo/a50_axial.py,from,pe_claw_gui.libraries.capacitors.yageo._final_round,src/pe_claw_gui/libraries/capacitors/yageo/_final_round.py,included_internal
src/pe_claw_gui/libraries/capacitors/yageo/a50_axial.py,from,pe_claw_gui.libraries.capacitors.yageo._final_round,src/pe_claw_gui/libraries/capacitors/yageo/_final_round.py,included_internal
src/pe_claw_gui/libraries/capacitors/yageo/c28.py,from,__future__,,external_or_stdlib
src/pe_claw_gui/libraries/capacitors/yageo/c28.py,from,pe_claw_gui.libraries.capacitors.yageo._final_round,src/pe_claw_gui/libraries/capacitors/yageo/_final_round.py,included_internal
src/pe_claw_gui/libraries/capacitors/yageo/c28.py,from,pe_claw_gui.libraries.capacitors.yageo._final_round,src/pe_claw_gui/libraries/capacitors/yageo/_final_round.py,included_internal
src/pe_claw_gui/libraries/capacitors/yageo/c28.py,from,pe_claw_gui.libraries.capacitors.yageo._final_round,src/pe_claw_gui/libraries/capacitors/yageo/_final_round.py,included_internal
src/pe_claw_gui/libraries/capacitors/yageo/c44a.py,from,__future__,,external_or_stdlib
src/pe_claw_gui/libraries/capacitors/yageo/c44a.py,from,pe_claw_gui.libraries.capacitors.yageo._final_round,src/pe_claw_gui/libraries/capacitors/yageo/_final_round.py,included_internal
src/pe_claw_gui/libraries/capacitors/yageo/c44a.py,from,pe_claw_gui.libraries.capacitors.yageo._final_round,src/pe_claw_gui/libraries/capacitors/yageo/_final_round.py,included_internal
src/pe_claw_gui/libraries/capacitors/yageo/c44a.py,from,pe_claw_gui.libraries.capacitors.yageo._final_round,src/pe_claw_gui/libraries/capacitors/yageo/_final_round.py,included_internal
src/pe_claw_gui/libraries/capacitors/yageo/c44p_r.py,from,__future__,,external_or_stdlib
src/pe_claw_gui/libraries/capacitors/yageo/c44p_r.py,from,pe_claw_gui.libraries.capacitors.yageo._final_round,src/pe_claw_gui/libraries/capacitors/yageo/_final_round.py,included_internal
src/pe_claw_gui/libraries/capacitors/yageo/c44p_r.py,from,pe_claw_gui.libraries.capacitors.yageo._final_round,src/pe_claw_gui/libraries/capacitors/yageo/_final_round.py,included_internal
src/pe_claw_gui/libraries/capacitors/yageo/c44p_r.py,from,pe_claw_gui.libraries.capacitors.yageo._final_round,src/pe_claw_gui/libraries/capacitors/yageo/_final_round.py,included_internal
src/pe_claw_gui/libraries/capacitors/yageo/c44p_t.py,from,__future__,,external_or_stdlib
src/pe_claw_gui/libraries/capacitors/yageo/c44p_t.py,from,pe_claw_gui.models.capacitor,src/pe_claw_gui/models/capacitor.py,included_internal
src/pe_claw_gui/libraries/capacitors/yageo/c44u.py,from,__future__,,external_or_stdlib
src/pe_claw_gui/libraries/capacitors/yageo/c44u.py,from,pe_claw_gui.libraries.capacitors.yageo._final_round,src/pe_claw_gui/libraries/capacitors/yageo/_final_round.py,included_internal
src/pe_claw_gui/libraries/capacitors/yageo/c44u.py,from,pe_claw_gui.libraries.capacitors.yageo._final_round,src/pe_claw_gui/libraries/capacitors/yageo/_final_round.py,included_internal
src/pe_claw_gui/libraries/capacitors/yageo/c44u.py,from,pe_claw_gui.libraries.capacitors.yageo._final_round,src/pe_claw_gui/libraries/capacitors/yageo/_final_round.py,included_internal
src/pe_claw_gui/libraries/capacitors/yageo/c44u_m.py,from,__future__,,external_or_stdlib
src/pe_claw_gui/libraries/capacitors/yageo/c44u_m.py,from,pe_claw_gui.libraries.capacitors.yageo._final_round,src/pe_claw_gui/libraries/capacitors/yageo/_final_round.py,included_internal
src/pe_claw_gui/libraries/capacitors/yageo/c44u_m.py,from,pe_claw_gui.libraries.capacitors.yageo._final_round,src/pe_claw_gui/libraries/capacitors/yageo/_final_round.py,included_internal
src/pe_claw_gui/libraries/capacitors/yageo/c44u_m.py,from,pe_claw_gui.libraries.capacitors.yageo._final_round,src/pe_claw_gui/libraries/capacitors/yageo/_final_round.py,included_internal
src/pe_claw_gui/libraries/capacitors/yageo/c44u_t.py,from,__future__,,external_or_stdlib
src/pe_claw_gui/libraries/capacitors/yageo/c44u_t.py,from,pe_claw_gui.libraries.capacitors.yageo._final_round,src/pe_claw_gui/libraries/capacitors/yageo/_final_round.py,included_internal
src/pe_claw_gui/libraries/capacitors/yageo/c44u_t.py,from,pe_claw_gui.libraries.capacitors.yageo._final_round,src/pe_claw_gui/libraries/capacitors/yageo/_final_round.py,included_internal
src/pe_claw_gui/libraries/capacitors/yageo/c44u_t.py,from,pe_claw_gui.libraries.capacitors.yageo._final_round,src/pe_claw_gui/libraries/capacitors/yageo/_final_round.py,included_internal
src/pe_claw_gui/libraries/capacitors/yageo/c4ak.py,from,__future__,,external_or_stdlib
src/pe_claw_gui/libraries/capacitors/yageo/c4ak.py,from,pe_claw_gui.models.capacitor,src/pe_claw_gui/models/capacitor.py,included_internal
src/pe_claw_gui/libraries/capacitors/yageo/c4aq.py,from,__future__,,external_or_stdlib
src/pe_claw_gui/libraries/capacitors/yageo/c4aq.py,from,pe_claw_gui.libraries.capacitors.yageo._radial_box,src/pe_claw_gui/libraries/capacitors/yageo/_radial_box.py,included_internal
src/pe_claw_gui/libraries/capacitors/yageo/c4aq.py,from,pe_claw_gui.libraries.capacitors.yageo._radial_box,src/pe_claw_gui/libraries/capacitors/yageo/_radial_box.py,included_internal
src/pe_claw_gui/libraries/capacitors/yageo/c4aq.py,from,pe_claw_gui.libraries.capacitors.yageo._radial_box,src/pe_claw_gui/libraries/capacitors/yageo/_radial_box.py,included_internal
src/pe_claw_gui/libraries/capacitors/yageo/c4aq_m.py,from,__future__,,external_or_stdlib
src/pe_claw_gui/libraries/capacitors/yageo/c4aq_m.py,from,pe_claw_gui.libraries.capacitors.yageo._radial_box,src/pe_claw_gui/libraries/capacitors/yageo/_radial_box.py,included_internal
src/pe_claw_gui/libraries/capacitors/yageo/c4aq_m.py,from,pe_claw_gui.libraries.capacitors.yageo._radial_box,src/pe_claw_gui/libraries/capacitors/yageo/_radial_box.py,included_internal
src/pe_claw_gui/libraries/capacitors/yageo/c4aq_m.py,from,pe_claw_gui.libraries.capacitors.yageo._radial_box,src/pe_claw_gui/libraries/capacitors/yageo/_radial_box.py,included_internal
src/pe_claw_gui/libraries/capacitors/yageo/c4aq_p.py,from,__future__,,external_or_stdlib
src/pe_claw_gui/libraries/capacitors/yageo/c4aq_p.py,from,pe_claw_gui.models.capacitor,src/pe_claw_gui/models/capacitor.py,included_internal
src/pe_claw_gui/libraries/capacitors/yageo/c4as.py,from,__future__,,external_or_stdlib
src/pe_claw_gui/libraries/capacitors/yageo/c4as.py,from,pe_claw_gui.libraries.capacitors.yageo._radial_box,src/pe_claw_gui/libraries/capacitors/yageo/_radial_box.py,included_internal
src/pe_claw_gui/libraries/capacitors/yageo/c4as.py,from,pe_claw_gui.libraries.capacitors.yageo._radial_box,src/pe_claw_gui/libraries/capacitors/yageo/_radial_box.py,included_internal
src/pe_claw_gui/libraries/capacitors/yageo/c4as.py,from,pe_claw_gui.libraries.capacitors.yageo._radial_box,src/pe_claw_gui/libraries/capacitors/yageo/_radial_box.py,included_internal
src/pe_claw_gui/libraries/capacitors/yageo/c4at.py,from,__future__,,external_or_stdlib
src/pe_claw_gui/libraries/capacitors/yageo/c4at.py,from,pe_claw_gui.libraries.capacitors.yageo._radial_box,src/pe_claw_gui/libraries/capacitors/yageo/_radial_box.py,included_internal
src/pe_claw_gui/libraries/capacitors/yageo/c4at.py,from,pe_claw_gui.libraries.capacitors.yageo._radial_box,src/pe_claw_gui/libraries/capacitors/yageo/_radial_box.py,included_internal
src/pe_claw_gui/libraries/capacitors/yageo/c4at.py,from,pe_claw_gui.libraries.capacitors.yageo._radial_box,src/pe_claw_gui/libraries/capacitors/yageo/_radial_box.py,included_internal
src/pe_claw_gui/libraries/capacitors/yageo/c4au.py,from,__future__,,external_or_stdlib
src/pe_claw_gui/libraries/capacitors/yageo/c4au.py,from,pe_claw_gui.libraries.capacitors.yageo._radial_box,src/pe_claw_gui/libraries/capacitors/yageo/_radial_box.py,included_internal
src/pe_claw_gui/libraries/capacitors/yageo/c4au.py,from,pe_claw_gui.libraries.capacitors.yageo._radial_box,src/pe_claw_gui/libraries/capacitors/yageo/_radial_box.py,included_internal
src/pe_claw_gui/libraries/capacitors/yageo/c4au.py,from,pe_claw_gui.libraries.capacitors.yageo._radial_box,src/pe_claw_gui/libraries/capacitors/yageo/_radial_box.py,included_internal
src/pe_claw_gui/libraries/capacitors/yageo/c4bs.py,from,__future__,,external_or_stdlib
src/pe_claw_gui/libraries/capacitors/yageo/c4bs.py,from,pe_claw_gui.libraries.capacitors.yageo._final_round,src/pe_claw_gui/libraries/capacitors/yageo/_final_round.py,included_internal
src/pe_claw_gui/libraries/capacitors/yageo/c4bs.py,from,pe_claw_gui.libraries.capacitors.yageo._final_round,src/pe_claw_gui/libraries/capacitors/yageo/_final_round.py,included_internal
src/pe_claw_gui/libraries/capacitors/yageo/c4bs.py,from,pe_claw_gui.libraries.capacitors.yageo._final_round,src/pe_claw_gui/libraries/capacitors/yageo/_final_round.py,included_internal
src/pe_claw_gui/libraries/capacitors/yageo/c4bt.py,from,__future__,,external_or_stdlib
src/pe_claw_gui/libraries/capacitors/yageo/c4bt.py,from,pe_claw_gui.libraries.capacitors.yageo._final_round,src/pe_claw_gui/libraries/capacitors/yageo/_final_round.py,included_internal
src/pe_claw_gui/libraries/capacitors/yageo/c4bt.py,from,pe_claw_gui.libraries.capacitors.yageo._final_round,src/pe_claw_gui/libraries/capacitors/yageo/_final_round.py,included_internal
src/pe_claw_gui/libraries/capacitors/yageo/c4bt.py,from,pe_claw_gui.libraries.capacitors.yageo._final_round,src/pe_claw_gui/libraries/capacitors/yageo/_final_round.py,included_internal
src/pe_claw_gui/libraries/capacitors/yageo/c4de.py,from,__future__,,external_or_stdlib
src/pe_claw_gui/libraries/capacitors/yageo/c4de.py,from,pe_claw_gui.libraries.capacitors.yageo._final_round,src/pe_claw_gui/libraries/capacitors/yageo/_final_round.py,included_internal
src/pe_claw_gui/libraries/capacitors/yageo/c4de.py,from,pe_claw_gui.libraries.capacitors.yageo._final_round,src/pe_claw_gui/libraries/capacitors/yageo/_final_round.py,included_internal
src/pe_claw_gui/libraries/capacitors/yageo/c4de.py,from,pe_claw_gui.libraries.capacitors.yageo._final_round,src/pe_claw_gui/libraries/capacitors/yageo/_final_round.py,included_internal
src/pe_claw_gui/libraries/capacitors/yageo/f863h_x2_310_125c.py,from,__future__,,external_or_stdlib
src/pe_claw_gui/libraries/capacitors/yageo/f863h_x2_310_125c.py,from,pe_claw_gui.libraries.capacitors.yageo._radial_box,src/pe_claw_gui/libraries/capacitors/yageo/_radial_box.py,included_internal
src/pe_claw_gui/libraries/capacitors/yageo/f863h_x2_310_125c.py,from,pe_claw_gui.libraries.capacitors.yageo._radial_box,src/pe_claw_gui/libraries/capacitors/yageo/_radial_box.py,included_internal
src/pe_claw_gui/libraries/capacitors/yageo/mdc.py,from,__future__,,external_or_stdlib
src/pe_claw_gui/libraries/capacitors/yageo/mdc.py,from,pe_claw_gui.libraries.capacitors.yageo._radial_box,src/pe_claw_gui/libraries/capacitors/yageo/_radial_box.py,included_internal
src/pe_claw_gui/libraries/capacitors/yageo/mdc.py,from,pe_claw_gui.libraries.capacitors.yageo._radial_box,src/pe_claw_gui/libraries/capacitors/yageo/_radial_box.py,included_internal
src/pe_claw_gui/libraries/capacitors/yageo/r60.py,from,__future__,,external_or_stdlib
src/pe_claw_gui/libraries/capacitors/yageo/r60.py,from,pe_claw_gui.libraries.capacitors.yageo._radial_box,src/pe_claw_gui/libraries/capacitors/yageo/_radial_box.py,included_internal
src/pe_claw_gui/libraries/capacitors/yageo/r60.py,from,pe_claw_gui.libraries.capacitors.yageo._radial_box,src/pe_claw_gui/libraries/capacitors/yageo/_radial_box.py,included_internal
src/pe_claw_gui/libraries/capacitors/yageo/r60.py,from,pe_claw_gui.libraries.capacitors.yageo._radial_box,src/pe_claw_gui/libraries/capacitors/yageo/_radial_box.py,included_internal
src/pe_claw_gui/libraries/capacitors/yageo/r66.py,from,__future__,,external_or_stdlib
src/pe_claw_gui/libraries/capacitors/yageo/r66.py,from,pe_claw_gui.libraries.capacitors.yageo._final_round,src/pe_claw_gui/libraries/capacitors/yageo/_final_round.py,included_internal
src/pe_claw_gui/libraries/capacitors/yageo/r66.py,from,pe_claw_gui.libraries.capacitors.yageo._final_round,src/pe_claw_gui/libraries/capacitors/yageo/_final_round.py,included_internal
src/pe_claw_gui/libraries/capacitors/yageo/r66.py,from,pe_claw_gui.libraries.capacitors.yageo._final_round,src/pe_claw_gui/libraries/capacitors/yageo/_final_round.py,included_internal
src/pe_claw_gui/libraries/capacitors/yageo/r71.py,from,__future__,,external_or_stdlib
src/pe_claw_gui/libraries/capacitors/yageo/r71.py,from,pe_claw_gui.libraries.capacitors.yageo._radial_box,src/pe_claw_gui/libraries/capacitors/yageo/_radial_box.py,included_internal
src/pe_claw_gui/libraries/capacitors/yageo/r71.py,from,pe_claw_gui.libraries.capacitors.yageo._radial_box,src/pe_claw_gui/libraries/capacitors/yageo/_radial_box.py,included_internal
src/pe_claw_gui/libraries/capacitors/yageo/r71.py,from,pe_claw_gui.libraries.capacitors.yageo._radial_box,src/pe_claw_gui/libraries/capacitors/yageo/_radial_box.py,included_internal
src/pe_claw_gui/libraries/capacitors/yageo/r71h.py,from,__future__,,external_or_stdlib
src/pe_claw_gui/libraries/capacitors/yageo/r71h.py,from,pe_claw_gui.libraries.capacitors.yageo._radial_box,src/pe_claw_gui/libraries/capacitors/yageo/_radial_box.py,included_internal
src/pe_claw_gui/libraries/capacitors/yageo/r71h.py,from,pe_claw_gui.libraries.capacitors.yageo._radial_box,src/pe_claw_gui/libraries/capacitors/yageo/_radial_box.py,included_internal
src/pe_claw_gui/libraries/capacitors/yageo/r71h.py,from,pe_claw_gui.libraries.capacitors.yageo._radial_box,src/pe_claw_gui/libraries/capacitors/yageo/_radial_box.py,included_internal
src/pe_claw_gui/libraries/capacitors/yageo/r73.py,from,__future__,,external_or_stdlib
src/pe_claw_gui/libraries/capacitors/yageo/r73.py,from,pe_claw_gui.libraries.capacitors.yageo._radial_box,src/pe_claw_gui/libraries/capacitors/yageo/_radial_box.py,included_internal
src/pe_claw_gui/libraries/capacitors/yageo/r73.py,from,pe_claw_gui.libraries.capacitors.yageo._radial_box,src/pe_claw_gui/libraries/capacitors/yageo/_radial_box.py,included_internal
src/pe_claw_gui/libraries/capacitors/yageo/r73.py,from,pe_claw_gui.libraries.capacitors.yageo._radial_box,src/pe_claw_gui/libraries/capacitors/yageo/_radial_box.py,included_internal
src/pe_claw_gui/libraries/capacitors/yageo/r75.py,from,__future__,,external_or_stdlib
src/pe_claw_gui/libraries/capacitors/yageo/r75.py,from,pe_claw_gui.libraries.capacitors.yageo._radial_box,src/pe_claw_gui/libraries/capacitors/yageo/_radial_box.py,included_internal
src/pe_claw_gui/libraries/capacitors/yageo/r75.py,from,pe_claw_gui.libraries.capacitors.yageo._radial_box,src/pe_claw_gui/libraries/capacitors/yageo/_radial_box.py,included_internal
src/pe_claw_gui/libraries/capacitors/yageo/r75.py,from,pe_claw_gui.libraries.capacitors.yageo._radial_box,src/pe_claw_gui/libraries/capacitors/yageo/_radial_box.py,included_internal
src/pe_claw_gui/libraries/capacitors/yageo/r75h.py,from,__future__,,external_or_stdlib
src/pe_claw_gui/libraries/capacitors/yageo/r75h.py,from,pe_claw_gui.libraries.capacitors.yageo._radial_box,src/pe_claw_gui/libraries/capacitors/yageo/_radial_box.py,included_internal
src/pe_claw_gui/libraries/capacitors/yageo/r75h.py,from,pe_claw_gui.libraries.capacitors.yageo._radial_box,src/pe_claw_gui/libraries/capacitors/yageo/_radial_box.py,included_internal
src/pe_claw_gui/libraries/capacitors/yageo/r75h.py,from,pe_claw_gui.libraries.capacitors.yageo._radial_box,src/pe_claw_gui/libraries/capacitors/yageo/_radial_box.py,included_internal
src/pe_claw_gui/libraries/capacitors/yageo/r76.py,from,__future__,,external_or_stdlib
src/pe_claw_gui/libraries/capacitors/yageo/r76.py,from,pe_claw_gui.libraries.capacitors.yageo._radial_box,src/pe_claw_gui/libraries/capacitors/yageo/_radial_box.py,included_internal
src/pe_claw_gui/libraries/capacitors/yageo/r76.py,from,pe_claw_gui.libraries.capacitors.yageo._radial_box,src/pe_claw_gui/libraries/capacitors/yageo/_radial_box.py,included_internal
src/pe_claw_gui/libraries/capacitors/yageo/r76.py,from,pe_claw_gui.libraries.capacitors.yageo._radial_box,src/pe_claw_gui/libraries/capacitors/yageo/_radial_box.py,included_internal
src/pe_claw_gui/libraries/capacitors/yageo/r76h.py,from,__future__,,external_or_stdlib
src/pe_claw_gui/libraries/capacitors/yageo/r76h.py,from,pe_claw_gui.libraries.capacitors.yageo._radial_box,src/pe_claw_gui/libraries/capacitors/yageo/_radial_box.py,included_internal
src/pe_claw_gui/libraries/capacitors/yageo/r76h.py,from,pe_claw_gui.libraries.capacitors.yageo._radial_box,src/pe_claw_gui/libraries/capacitors/yageo/_radial_box.py,included_internal
src/pe_claw_gui/libraries/capacitors/yageo/r76h.py,from,pe_claw_gui.libraries.capacitors.yageo._radial_box,src/pe_claw_gui/libraries/capacitors/yageo/_radial_box.py,included_internal
src/pe_claw_gui/libraries/capacitors/yageo/r862_x2_310.py,from,__future__,,external_or_stdlib
src/pe_claw_gui/libraries/capacitors/yageo/r862_x2_310.py,from,pe_claw_gui.libraries.capacitors.yageo._radial_box,src/pe_claw_gui/libraries/capacitors/yageo/_radial_box.py,included_internal
src/pe_claw_gui/libraries/capacitors/yageo/r862_x2_310.py,from,pe_claw_gui.libraries.capacitors.yageo._radial_box,src/pe_claw_gui/libraries/capacitors/yageo/_radial_box.py,included_internal
src/pe_claw_gui/libraries/capacitors/yageo/r863_x2_310.py,from,__future__,,external_or_stdlib
src/pe_claw_gui/libraries/capacitors/yageo/r863_x2_310.py,from,pe_claw_gui.libraries.capacitors.yageo._radial_box,src/pe_claw_gui/libraries/capacitors/yageo/_radial_box.py,included_internal
src/pe_claw_gui/libraries/capacitors/yageo/r863_x2_310.py,from,pe_claw_gui.libraries.capacitors.yageo._radial_box,src/pe_claw_gui/libraries/capacitors/yageo/_radial_box.py,included_internal
src/pe_claw_gui/libraries/capacitors/yageo/rsb.py,from,__future__,,external_or_stdlib
src/pe_claw_gui/libraries/capacitors/yageo/rsb.py,from,pe_claw_gui.libraries.capacitors.yageo._final_round,src/pe_claw_gui/libraries/capacitors/yageo/_final_round.py,included_internal
src/pe_claw_gui/libraries/capacitors/yageo/rsb.py,from,pe_claw_gui.libraries.capacitors.yageo._final_round,src/pe_claw_gui/libraries/capacitors/yageo/_final_round.py,included_internal
src/pe_claw_gui/libraries/capacitors/yageo/rsb.py,from,pe_claw_gui.libraries.capacitors.yageo._final_round,src/pe_claw_gui/libraries/capacitors/yageo/_final_round.py,included_internal
src/pe_claw_gui/libraries/capacitors/yageo/smr.py,from,__future__,,external_or_stdlib
src/pe_claw_gui/libraries/capacitors/yageo/smr.py,from,pe_claw_gui.libraries.capacitors.yageo._radial_box,src/pe_claw_gui/libraries/capacitors/yageo/_radial_box.py,included_internal
src/pe_claw_gui/libraries/capacitors/yageo/smr.py,from,pe_claw_gui.libraries.capacitors.yageo._radial_box,src/pe_claw_gui/libraries/capacitors/yageo/_radial_box.py,included_internal
src/pe_claw_gui/libraries/capacitors/yageo/smr.py,from,pe_claw_gui.libraries.capacitors.yageo._radial_box,src/pe_claw_gui/libraries/capacitors/yageo/_radial_box.py,included_internal
src/pe_claw_gui/libraries/magnetics/__init__.py,from,pe_claw_gui.libraries.magnetics.normalized_data_locator,src/pe_claw_gui/libraries/magnetics/normalized_data_locator.py,included_internal
src/pe_claw_gui/libraries/magnetics/__init__.py,from,pe_claw_gui.libraries.magnetics.normalized_data_locator,src/pe_claw_gui/libraries/magnetics/normalized_data_locator.py,included_internal
src/pe_claw_gui/libraries/magnetics/__init__.py,from,pe_claw_gui.libraries.magnetics.normalized_data_locator,src/pe_claw_gui/libraries/magnetics/normalized_data_locator.py,included_internal
src/pe_claw_gui/libraries/magnetics/__init__.py,from,pe_claw_gui.libraries.magnetics.normalized_data_locator,src/pe_claw_gui/libraries/magnetics/normalized_data_locator.py,included_internal
src/pe_claw_gui/libraries/magnetics/__init__.py,from,pe_claw_gui.libraries.magnetics.normalized_inventory,src/pe_claw_gui/libraries/magnetics/normalized_inventory.py,included_internal
src/pe_claw_gui/libraries/magnetics/__init__.py,from,pe_claw_gui.libraries.magnetics.normalized_inventory,src/pe_claw_gui/libraries/magnetics/normalized_inventory.py,included_internal
src/pe_claw_gui/libraries/magnetics/__init__.py,from,pe_claw_gui.libraries.magnetics.openmagnetics_data_locator,src/pe_claw_gui/libraries/magnetics/openmagnetics_data_locator.py,included_internal
src/pe_claw_gui/libraries/magnetics/__init__.py,from,pe_claw_gui.libraries.magnetics.openmagnetics_data_locator,src/pe_claw_gui/libraries/magnetics/openmagnetics_data_locator.py,included_internal
src/pe_claw_gui/libraries/magnetics/__init__.py,from,pe_claw_gui.libraries.magnetics.openmagnetics_data_locator,src/pe_claw_gui/libraries/magnetics/openmagnetics_data_locator.py,included_internal
src/pe_claw_gui/libraries/magnetics/__init__.py,from,pe_claw_gui.libraries.magnetics.openmagnetics_data_locator,src/pe_claw_gui/libraries/magnetics/openmagnetics_data_locator.py,included_internal
src/pe_claw_gui/libraries/magnetics/__init__.py,from,pe_claw_gui.libraries.magnetics.openmagnetics_inventory,src/pe_claw_gui/libraries/magnetics/openmagnetics_inventory.py,included_internal
src/pe_claw_gui/libraries/magnetics/__init__.py,from,pe_claw_gui.libraries.magnetics.openmagnetics_inventory,src/pe_claw_gui/libraries/magnetics/openmagnetics_inventory.py,included_internal
src/pe_claw_gui/libraries/magnetics/__init__.py,from,pe_claw_gui.libraries.magnetics.openmagnetics_normalizer,src/pe_claw_gui/libraries/magnetics/openmagnetics_normalizer.py,included_internal
src/pe_claw_gui/libraries/magnetics/__init__.py,from,pe_claw_gui.libraries.magnetics.openmagnetics_normalizer,src/pe_claw_gui/libraries/magnetics/openmagnetics_normalizer.py,included_internal
src/pe_claw_gui/libraries/magnetics/__init__.py,from,pe_claw_gui.libraries.magnetics.openmagnetics_normalizer,src/pe_claw_gui/libraries/magnetics/openmagnetics_normalizer.py,included_internal
src/pe_claw_gui/libraries/magnetics/__init__.py,from,pe_claw_gui.libraries.magnetics.openmagnetics_normalizer,src/pe_claw_gui/libraries/magnetics/openmagnetics_normalizer.py,included_internal
src/pe_claw_gui/libraries/magnetics/__init__.py,from,pe_claw_gui.libraries.magnetics.normalized_backend_loader,src/pe_claw_gui/libraries/magnetics/normalized_backend_loader.py,included_internal
src/pe_claw_gui/libraries/magnetics/__init__.py,from,pe_claw_gui.libraries.magnetics.normalized_backend_loader,src/pe_claw_gui/libraries/magnetics/normalized_backend_loader.py,included_internal
src/pe_claw_gui/libraries/magnetics/__init__.py,from,pe_claw_gui.libraries.magnetics.normalized_backend_loader,src/pe_claw_gui/libraries/magnetics/normalized_backend_loader.py,included_internal
src/pe_claw_gui/libraries/magnetics/__init__.py,from,pe_claw_gui.libraries.magnetics.openmagnetics_source_manifest,src/pe_claw_gui/libraries/magnetics/openmagnetics_source_manifest.py,included_internal
src/pe_claw_gui/libraries/magnetics/__init__.py,from,pe_claw_gui.libraries.magnetics.openmagnetics_source_manifest,src/pe_claw_gui/libraries/magnetics/openmagnetics_source_manifest.py,included_internal
src/pe_claw_gui/libraries/magnetics/__init__.py,from,pe_claw_gui.libraries.magnetics.openmagnetics_source_manifest,src/pe_claw_gui/libraries/magnetics/openmagnetics_source_manifest.py,included_internal
src/pe_claw_gui/libraries/magnetics/__init__.py,from,pe_claw_gui.libraries.magnetics.openmagnetics_source_manifest,src/pe_claw_gui/libraries/magnetics/openmagnetics_source_manifest.py,included_internal
src/pe_claw_gui/libraries/magnetics/__init__.py,from,pe_claw_gui.libraries.magnetics.openmagnetics_source_manifest,src/pe_claw_gui/libraries/magnetics/openmagnetics_source_manifest.py,included_internal
src/pe_claw_gui/libraries/magnetics/__init__.py,from,pe_claw_gui.libraries.magnetics.openmagnetics_source_manifest,src/pe_claw_gui/libraries/magnetics/openmagnetics_source_manifest.py,included_internal
src/pe_claw_gui/libraries/magnetics/__init__.py,from,pe_claw_gui.libraries.magnetics.openmagnetics_v2_normalizer,src/pe_claw_gui/libraries/magnetics/openmagnetics_v2_normalizer.py,included_internal
src/pe_claw_gui/libraries/magnetics/__init__.py,from,pe_claw_gui.libraries.magnetics.openmagnetics_v2_normalizer,src/pe_claw_gui/libraries/magnetics/openmagnetics_v2_normalizer.py,included_internal
src/pe_claw_gui/libraries/magnetics/__init__.py,from,pe_claw_gui.libraries.magnetics.openmagnetics_v2_normalizer,src/pe_claw_gui/libraries/magnetics/openmagnetics_v2_normalizer.py,included_internal
src/pe_claw_gui/libraries/magnetics/__init__.py,from,pe_claw_gui.libraries.magnetics.openmagnetics_v2_normalizer,src/pe_claw_gui/libraries/magnetics/openmagnetics_v2_normalizer.py,included_internal
src/pe_claw_gui/libraries/magnetics/__init__.py,from,pe_claw_gui.libraries.magnetics.openmagnetics_v2_normalizer,src/pe_claw_gui/libraries/magnetics/openmagnetics_v2_normalizer.py,included_internal
src/pe_claw_gui/libraries/magnetics/__init__.py,from,pe_claw_gui.libraries.magnetics.openmagnetics_component_v2_normalizer,src/pe_claw_gui/libraries/magnetics/openmagnetics_component_v2_normalizer.py,included_internal
src/pe_claw_gui/libraries/magnetics/__init__.py,from,pe_claw_gui.libraries.magnetics.openmagnetics_component_v2_normalizer,src/pe_claw_gui/libraries/magnetics/openmagnetics_component_v2_normalizer.py,included_internal
src/pe_claw_gui/libraries/magnetics/__init__.py,from,pe_claw_gui.libraries.magnetics.openmagnetics_component_v2_normalizer,src/pe_claw_gui/libraries/magnetics/openmagnetics_component_v2_normalizer.py,included_internal
src/pe_claw_gui/libraries/magnetics/__init__.py,from,pe_claw_gui.libraries.magnetics.openmagnetics_component_v2_normalizer,src/pe_claw_gui/libraries/magnetics/openmagnetics_component_v2_normalizer.py,included_internal
src/pe_claw_gui/libraries/magnetics/__init__.py,from,pe_claw_gui.libraries.magnetics.sendust_toroids,src/pe_claw_gui/libraries/magnetics/sendust_toroids.py,included_internal
src/pe_claw_gui/libraries/magnetics/__init__.py,from,pe_claw_gui.libraries.magnetics.sendust_toroids,src/pe_claw_gui/libraries/magnetics/sendust_toroids.py,included_internal
src/pe_claw_gui/libraries/magnetics/__init__.py,from,pe_claw_gui.libraries.magnetics.sendust_toroids,src/pe_claw_gui/libraries/magnetics/sendust_toroids.py,included_internal
src/pe_claw_gui/libraries/magnetics/__init__.py,from,pe_claw_gui.libraries.magnetics.sendust_toroids,src/pe_claw_gui/libraries/magnetics/sendust_toroids.py,included_internal
src/pe_claw_gui/libraries/magnetics/__init__.py,from,pe_claw_gui.libraries.magnetics.sendust_toroids,src/pe_claw_gui/libraries/magnetics/sendust_toroids.py,included_internal
src/pe_claw_gui/libraries/magnetics/normalized_backend_loader.py,from,__future__,,external_or_stdlib
src/pe_claw_gui/libraries/magnetics/normalized_backend_loader.py,from,collections.abc,,external_or_stdlib
src/pe_claw_gui/libraries/magnetics/normalized_backend_loader.py,from,collections.abc,,external_or_stdlib
src/pe_claw_gui/libraries/magnetics/normalized_backend_loader.py,from,dataclasses,,external_or_stdlib
src/pe_claw_gui/libraries/magnetics/normalized_backend_loader.py,import,json,,external_or_stdlib
src/pe_claw_gui/libraries/magnetics/normalized_backend_loader.py,from,pathlib,,external_or_stdlib
src/pe_claw_gui/libraries/magnetics/normalized_backend_loader.py,import,pandas,,external_or_stdlib
src/pe_claw_gui/libraries/magnetics/normalized_backend_loader.py,from,pe_claw_gui.models.magnetic_loss_contract,src/pe_claw_gui/models/magnetic_loss_contract.py,included_internal
src/pe_claw_gui/libraries/magnetics/normalized_backend_loader.py,from,pe_claw_gui.models.magnetic_loss_contract,src/pe_claw_gui/models/magnetic_loss_contract.py,included_internal
src/pe_claw_gui/libraries/magnetics/normalized_backend_loader.py,from,pe_claw_gui.models.openmagnetics_component_contract,src/pe_claw_gui/models/openmagnetics_component_contract.py,included_internal
src/pe_claw_gui/libraries/magnetics/normalized_backend_loader.py,from,pe_claw_gui.libraries.magnetics.openmagnetics_normalizer,src/pe_claw_gui/libraries/magnetics/openmagnetics_normalizer.py,included_internal
src/pe_claw_gui/libraries/magnetics/normalized_backend_loader.py,from,pe_claw_gui.libraries.magnetics.openmagnetics_normalizer,src/pe_claw_gui/libraries/magnetics/openmagnetics_normalizer.py,included_internal
src/pe_claw_gui/libraries/magnetics/normalized_backend_loader.py,from,pe_claw_gui.libraries.magnetics.openmagnetics_v2_production_locator,src/pe_claw_gui/libraries/magnetics/openmagnetics_v2_production_locator.py,included_internal
src/pe_claw_gui/libraries/magnetics/normalized_backend_loader.py,from,pe_claw_gui.libraries.magnetics.openmagnetics_v2_production_locator,src/pe_claw_gui/libraries/magnetics/openmagnetics_v2_production_locator.py,included_internal
src/pe_claw_gui/libraries/magnetics/normalized_data_locator.py,from,__future__,,external_or_stdlib
src/pe_claw_gui/libraries/magnetics/normalized_data_locator.py,from,importlib,,external_or_stdlib
src/pe_claw_gui/libraries/magnetics/normalized_data_locator.py,from,pathlib,,external_or_stdlib
src/pe_claw_gui/libraries/magnetics/normalized_inventory.py,from,__future__,,external_or_stdlib
src/pe_claw_gui/libraries/magnetics/normalized_inventory.py,from,collections,,external_or_stdlib
src/pe_claw_gui/libraries/magnetics/normalized_inventory.py,from,dataclasses,,external_or_stdlib
src/pe_claw_gui/libraries/magnetics/normalized_inventory.py,from,typing,,external_or_stdlib
src/pe_claw_gui/libraries/magnetics/normalized_inventory.py,from,pe_claw_gui.libraries.magnetics.openmagnetics_normalizer,src/pe_claw_gui/libraries/magnetics/openmagnetics_normalizer.py,included_internal
src/pe_claw_gui/libraries/magnetics/normalized_inventory.py,from,pe_claw_gui.libraries.magnetics.openmagnetics_normalizer,src/pe_claw_gui/libraries/magnetics/openmagnetics_normalizer.py,included_internal
src/pe_claw_gui/libraries/magnetics/openmagnetics_component_v2_normalizer.py,from,__future__,,external_or_stdlib
src/pe_claw_gui/libraries/magnetics/openmagnetics_component_v2_normalizer.py,from,collections,,external_or_stdlib
src/pe_claw_gui/libraries/magnetics/openmagnetics_component_v2_normalizer.py,from,collections,,external_or_stdlib
src/pe_claw_gui/libraries/magnetics/openmagnetics_component_v2_normalizer.py,from,collections.abc,,external_or_stdlib
src/pe_claw_gui/libraries/magnetics/openmagnetics_component_v2_normalizer.py,from,collections.abc,,external_or_stdlib
src/pe_claw_gui/libraries/magnetics/openmagnetics_component_v2_normalizer.py,from,dataclasses,,external_or_stdlib
src/pe_claw_gui/libraries/magnetics/openmagnetics_component_v2_normalizer.py,import,hashlib,,external_or_stdlib
src/pe_claw_gui/libraries/magnetics/openmagnetics_component_v2_normalizer.py,import,json,,external_or_stdlib
src/pe_claw_gui/libraries/magnetics/openmagnetics_component_v2_normalizer.py,import,math,,external_or_stdlib
src/pe_claw_gui/libraries/magnetics/openmagnetics_component_v2_normalizer.py,import,unicodedata,,external_or_stdlib
src/pe_claw_gui/libraries/magnetics/openmagnetics_component_v2_normalizer.py,from,typing,,external_or_stdlib
src/pe_claw_gui/libraries/magnetics/openmagnetics_component_v2_normalizer.py,from,pe_claw_gui.models.magnetic_loss_contract,src/pe_claw_gui/models/magnetic_loss_contract.py,included_internal
src/pe_claw_gui/libraries/magnetics/openmagnetics_component_v2_normalizer.py,from,pe_claw_gui.models.magnetic_loss_contract,src/pe_claw_gui/models/magnetic_loss_contract.py,included_internal
src/pe_claw_gui/libraries/magnetics/openmagnetics_component_v2_normalizer.py,from,pe_claw_gui.models.openmagnetics_component_contract,src/pe_claw_gui/models/openmagnetics_component_contract.py,included_internal
src/pe_claw_gui/libraries/magnetics/openmagnetics_component_v2_normalizer.py,from,pe_claw_gui.models.openmagnetics_component_contract,src/pe_claw_gui/models/openmagnetics_component_contract.py,included_internal
src/pe_claw_gui/libraries/magnetics/openmagnetics_component_v2_normalizer.py,from,pe_claw_gui.models.openmagnetics_component_contract,src/pe_claw_gui/models/openmagnetics_component_contract.py,included_internal
src/pe_claw_gui/libraries/magnetics/openmagnetics_component_v2_normalizer.py,from,pe_claw_gui.models.openmagnetics_component_contract,src/pe_claw_gui/models/openmagnetics_component_contract.py,included_internal
src/pe_claw_gui/libraries/magnetics/openmagnetics_component_v2_normalizer.py,from,pe_claw_gui.models.openmagnetics_component_contract,src/pe_claw_gui/models/openmagnetics_component_contract.py,included_internal
src/pe_claw_gui/libraries/magnetics/openmagnetics_component_v2_normalizer.py,from,pe_claw_gui.models.openmagnetics_component_contract,src/pe_claw_gui/models/openmagnetics_component_contract.py,included_internal
src/pe_claw_gui/libraries/magnetics/openmagnetics_component_v2_normalizer.py,from,pe_claw_gui.models.openmagnetics_component_contract,src/pe_claw_gui/models/openmagnetics_component_contract.py,included_internal
src/pe_claw_gui/libraries/magnetics/openmagnetics_component_v2_normalizer.py,from,pe_claw_gui.models.openmagnetics_component_contract,src/pe_claw_gui/models/openmagnetics_component_contract.py,included_internal
src/pe_claw_gui/libraries/magnetics/openmagnetics_component_v2_normalizer.py,from,pe_claw_gui.models.openmagnetics_component_contract,src/pe_claw_gui/models/openmagnetics_component_contract.py,included_internal
src/pe_claw_gui/libraries/magnetics/openmagnetics_component_v2_normalizer.py,from,pe_claw_gui.models.openmagnetics_component_contract,src/pe_claw_gui/models/openmagnetics_component_contract.py,included_internal
src/pe_claw_gui/libraries/magnetics/openmagnetics_component_v2_normalizer.py,from,pe_claw_gui.libraries.magnetics.openmagnetics_normalizer,src/pe_claw_gui/libraries/magnetics/openmagnetics_normalizer.py,included_internal
src/pe_claw_gui/libraries/magnetics/openmagnetics_data_locator.py,from,__future__,,external_or_stdlib
src/pe_claw_gui/libraries/magnetics/openmagnetics_data_locator.py,from,importlib,,external_or_stdlib
src/pe_claw_gui/libraries/magnetics/openmagnetics_data_locator.py,from,pathlib,,external_or_stdlib
src/pe_claw_gui/libraries/magnetics/openmagnetics_data_locator.py,from,pe_claw_gui.libraries.magnetics.openmagnetics_source_manifest,src/pe_claw_gui/libraries/magnetics/openmagnetics_source_manifest.py,included_internal
src/pe_claw_gui/libraries/magnetics/openmagnetics_data_locator.py,from,pe_claw_gui.libraries.magnetics.openmagnetics_source_manifest,src/pe_claw_gui/libraries/magnetics/openmagnetics_source_manifest.py,included_internal
src/pe_claw_gui/libraries/magnetics/openmagnetics_inventory.py,from,__future__,,external_or_stdlib
src/pe_claw_gui/libraries/magnetics/openmagnetics_inventory.py,from,collections,,external_or_stdlib
src/pe_claw_gui/libraries/magnetics/openmagnetics_inventory.py,from,dataclasses,,external_or_stdlib
src/pe_claw_gui/libraries/magnetics/openmagnetics_inventory.py,import,json,,external_or_stdlib
src/pe_claw_gui/libraries/magnetics/openmagnetics_inventory.py,from,pathlib,,external_or_stdlib
src/pe_claw_gui/libraries/magnetics/openmagnetics_inventory.py,from,typing,,external_or_stdlib
src/pe_claw_gui/libraries/magnetics/openmagnetics_inventory.py,from,pe_claw_gui.libraries.magnetics.normalized_backend_loader,src/pe_claw_gui/libraries/magnetics/normalized_backend_loader.py,included_internal
src/pe_claw_gui/libraries/magnetics/openmagnetics_inventory.py,from,pe_claw_gui.libraries.magnetics.normalized_inventory,src/pe_claw_gui/libraries/magnetics/normalized_inventory.py,included_internal
src/pe_claw_gui/libraries/magnetics/openmagnetics_inventory.py,from,pe_claw_gui.libraries.magnetics.openmagnetics_data_locator,src/pe_claw_gui/libraries/magnetics/openmagnetics_data_locator.py,included_internal
src/pe_claw_gui/libraries/magnetics/openmagnetics_inventory.py,from,pe_claw_gui.libraries.magnetics.openmagnetics_data_locator,src/pe_claw_gui/libraries/magnetics/openmagnetics_data_locator.py,included_internal
src/pe_claw_gui/libraries/magnetics/openmagnetics_material_corrections.py,from,__future__,,external_or_stdlib
src/pe_claw_gui/libraries/magnetics/openmagnetics_material_corrections.py,from,collections,,external_or_stdlib
src/pe_claw_gui/libraries/magnetics/openmagnetics_material_corrections.py,from,collections.abc,,external_or_stdlib
src/pe_claw_gui/libraries/magnetics/openmagnetics_material_corrections.py,from,collections.abc,,external_or_stdlib
src/pe_claw_gui/libraries/magnetics/openmagnetics_material_corrections.py,from,copy,,external_or_stdlib
src/pe_claw_gui/libraries/magnetics/openmagnetics_material_corrections.py,from,dataclasses,,external_or_stdlib
src/pe_claw_gui/libraries/magnetics/openmagnetics_material_corrections.py,from,functools,,external_or_stdlib
src/pe_claw_gui/libraries/magnetics/openmagnetics_material_corrections.py,import,hashlib,,external_or_stdlib
src/pe_claw_gui/libraries/magnetics/openmagnetics_material_corrections.py,import,json,,external_or_stdlib
src/pe_claw_gui/libraries/magnetics/openmagnetics_material_corrections.py,import,math,,external_or_stdlib
src/pe_claw_gui/libraries/magnetics/openmagnetics_material_corrections.py,from,pathlib,,external_or_stdlib
src/pe_claw_gui/libraries/magnetics/openmagnetics_material_corrections.py,from,types,,external_or_stdlib
src/pe_claw_gui/libraries/magnetics/openmagnetics_material_corrections.py,from,typing,,external_or_stdlib
src/pe_claw_gui/libraries/magnetics/openmagnetics_normalizer.py,from,__future__,,external_or_stdlib
src/pe_claw_gui/libraries/magnetics/openmagnetics_normalizer.py,from,dataclasses,,external_or_stdlib
src/pe_claw_gui/libraries/magnetics/openmagnetics_normalizer.py,import,hashlib,,external_or_stdlib
src/pe_claw_gui/libraries/magnetics/openmagnetics_normalizer.py,import,json,,external_or_stdlib
src/pe_claw_gui/libraries/magnetics/openmagnetics_normalizer.py,import,math,,external_or_stdlib
src/pe_claw_gui/libraries/magnetics/openmagnetics_normalizer.py,from,pathlib,,external_or_stdlib
src/pe_claw_gui/libraries/magnetics/openmagnetics_normalizer.py,import,re,,external_or_stdlib
src/pe_claw_gui/libraries/magnetics/openmagnetics_normalizer.py,from,typing,,external_or_stdlib
src/pe_claw_gui/libraries/magnetics/openmagnetics_normalizer.py,import,unicodedata,,external_or_stdlib
src/pe_claw_gui/libraries/magnetics/openmagnetics_normalizer.py,from,pe_claw_gui.utils.core_family_semantics,src/pe_claw_gui/utils/core_family_semantics.py,included_internal
src/pe_claw_gui/libraries/magnetics/openmagnetics_normalizer.py,from,pe_claw_gui.utils.core_family_semantics,src/pe_claw_gui/utils/core_family_semantics.py,included_internal
src/pe_claw_gui/libraries/magnetics/openmagnetics_normalizer.py,from,pe_claw_gui.libraries.magnetics.normalized_data_locator,src/pe_claw_gui/libraries/magnetics/normalized_data_locator.py,included_internal
src/pe_claw_gui/libraries/magnetics/openmagnetics_normalizer.py,from,pe_claw_gui.libraries.magnetics.openmagnetics_data_locator,src/pe_claw_gui/libraries/magnetics/openmagnetics_data_locator.py,included_internal
src/pe_claw_gui/libraries/magnetics/openmagnetics_normalizer.py,from,pe_claw_gui.libraries.magnetics.openmagnetics_material_corrections,src/pe_claw_gui/libraries/magnetics/openmagnetics_material_corrections.py,included_internal
src/pe_claw_gui/libraries/magnetics/openmagnetics_normalizer.py,from,pe_claw_gui.libraries.magnetics.openmagnetics_material_corrections,src/pe_claw_gui/libraries/magnetics/openmagnetics_material_corrections.py,included_internal
src/pe_claw_gui/libraries/magnetics/openmagnetics_normalizer.py,from,pe_claw_gui.libraries.magnetics.openmagnetics_material_corrections,src/pe_claw_gui/libraries/magnetics/openmagnetics_material_corrections.py,included_internal
src/pe_claw_gui/libraries/magnetics/openmagnetics_source_manifest.py,from,__future__,,external_or_stdlib
src/pe_claw_gui/libraries/magnetics/openmagnetics_source_manifest.py,from,dataclasses,,external_or_stdlib
src/pe_claw_gui/libraries/magnetics/openmagnetics_source_manifest.py,from,datetime,,external_or_stdlib
src/pe_claw_gui/libraries/magnetics/openmagnetics_source_manifest.py,from,datetime,,external_or_stdlib
src/pe_claw_gui/libraries/magnetics/openmagnetics_source_manifest.py,import,hashlib,,external_or_stdlib
src/pe_claw_gui/libraries/magnetics/openmagnetics_source_manifest.py,import,json,,external_or_stdlib
src/pe_claw_gui/libraries/magnetics/openmagnetics_source_manifest.py,from,pathlib,,external_or_stdlib
src/pe_claw_gui/libraries/magnetics/openmagnetics_source_manifest.py,import,re,,external_or_stdlib
src/pe_claw_gui/libraries/magnetics/openmagnetics_source_manifest.py,from,typing,,external_or_stdlib
src/pe_claw_gui/libraries/magnetics/openmagnetics_source_refresh.py,from,__future__,,external_or_stdlib
src/pe_claw_gui/libraries/magnetics/openmagnetics_source_refresh.py,from,dataclasses,,external_or_stdlib
src/pe_claw_gui/libraries/magnetics/openmagnetics_source_refresh.py,from,dataclasses,,external_or_stdlib
src/pe_claw_gui/libraries/magnetics/openmagnetics_source_refresh.py,import,hashlib,,external_or_stdlib
src/pe_claw_gui/libraries/magnetics/openmagnetics_source_refresh.py,import,json,,external_or_stdlib
src/pe_claw_gui/libraries/magnetics/openmagnetics_source_refresh.py,from,pathlib,,external_or_stdlib
src/pe_claw_gui/libraries/magnetics/openmagnetics_source_refresh.py,import,re,,external_or_stdlib
src/pe_claw_gui/libraries/magnetics/openmagnetics_source_refresh.py,import,subprocess,,external_or_stdlib
src/pe_claw_gui/libraries/magnetics/openmagnetics_source_refresh.py,from,typing,,external_or_stdlib
src/pe_claw_gui/libraries/magnetics/openmagnetics_source_refresh.py,from,pe_claw_gui.libraries.magnetics.openmagnetics_source_manifest,src/pe_claw_gui/libraries/magnetics/openmagnetics_source_manifest.py,included_internal
src/pe_claw_gui/libraries/magnetics/openmagnetics_v2_cache_builder.py,from,__future__,,external_or_stdlib
src/pe_claw_gui/libraries/magnetics/openmagnetics_v2_cache_builder.py,from,collections.abc,,external_or_stdlib
src/pe_claw_gui/libraries/magnetics/openmagnetics_v2_cache_builder.py,import,hashlib,,external_or_stdlib
src/pe_claw_gui/libraries/magnetics/openmagnetics_v2_cache_builder.py,import,json,,external_or_stdlib
src/pe_claw_gui/libraries/magnetics/openmagnetics_v2_cache_builder.py,from,pathlib,,external_or_stdlib
src/pe_claw_gui/libraries/magnetics/openmagnetics_v2_cache_builder.py,from,typing,,external_or_stdlib
src/pe_claw_gui/libraries/magnetics/openmagnetics_v2_cache_builder.py,from,pe_claw_gui.models.magnetic_loss_contract,src/pe_claw_gui/models/magnetic_loss_contract.py,included_internal
src/pe_claw_gui/libraries/magnetics/openmagnetics_v2_cache_builder.py,from,pe_claw_gui.libraries.magnetics.openmagnetics_component_v2_normalizer,src/pe_claw_gui/libraries/magnetics/openmagnetics_component_v2_normalizer.py,included_internal
src/pe_claw_gui/libraries/magnetics/openmagnetics_v2_cache_builder.py,from,pe_claw_gui.libraries.magnetics.openmagnetics_source_manifest,src/pe_claw_gui/libraries/magnetics/openmagnetics_source_manifest.py,included_internal
src/pe_claw_gui/libraries/magnetics/openmagnetics_v2_cache_builder.py,from,pe_claw_gui.libraries.magnetics.openmagnetics_source_manifest,src/pe_claw_gui/libraries/magnetics/openmagnetics_source_manifest.py,included_internal
src/pe_claw_gui/libraries/magnetics/openmagnetics_v2_cache_builder.py,from,pe_claw_gui.libraries.magnetics.openmagnetics_source_manifest,src/pe_claw_gui/libraries/magnetics/openmagnetics_source_manifest.py,included_internal
src/pe_claw_gui/libraries/magnetics/openmagnetics_v2_cache_builder.py,from,pe_claw_gui.libraries.magnetics.openmagnetics_v2_normalizer,src/pe_claw_gui/libraries/magnetics/openmagnetics_v2_normalizer.py,included_internal
src/pe_claw_gui/libraries/magnetics/openmagnetics_v2_normalizer.py,from,__future__,,external_or_stdlib
src/pe_claw_gui/libraries/magnetics/openmagnetics_v2_normalizer.py,from,collections,,external_or_stdlib
src/pe_claw_gui/libraries/magnetics/openmagnetics_v2_normalizer.py,from,collections.abc,,external_or_stdlib
src/pe_claw_gui/libraries/magnetics/openmagnetics_v2_normalizer.py,from,collections.abc,,external_or_stdlib
src/pe_claw_gui/libraries/magnetics/openmagnetics_v2_normalizer.py,from,dataclasses,,external_or_stdlib
src/pe_claw_gui/libraries/magnetics/openmagnetics_v2_normalizer.py,from,dataclasses,,external_or_stdlib
src/pe_claw_gui/libraries/magnetics/openmagnetics_v2_normalizer.py,import,hashlib,,external_or_stdlib
src/pe_claw_gui/libraries/magnetics/openmagnetics_v2_normalizer.py,import,json,,external_or_stdlib
src/pe_claw_gui/libraries/magnetics/openmagnetics_v2_normalizer.py,import,math,,external_or_stdlib
src/pe_claw_gui/libraries/magnetics/openmagnetics_v2_normalizer.py,from,types,,external_or_stdlib
src/pe_claw_gui/libraries/magnetics/openmagnetics_v2_normalizer.py,from,typing,,external_or_stdlib
src/pe_claw_gui/libraries/magnetics/openmagnetics_v2_normalizer.py,from,pe_claw_gui.models.magnetic_loss_contract,src/pe_claw_gui/models/magnetic_loss_contract.py,included_internal
src/pe_claw_gui/libraries/magnetics/openmagnetics_v2_normalizer.py,from,pe_claw_gui.models.magnetic_loss_contract,src/pe_claw_gui/models/magnetic_loss_contract.py,included_internal
src/pe_claw_gui/libraries/magnetics/openmagnetics_v2_normalizer.py,from,pe_claw_gui.models.magnetic_loss_contract,src/pe_claw_gui/models/magnetic_loss_contract.py,included_internal
src/pe_claw_gui/libraries/magnetics/openmagnetics_v2_normalizer.py,from,pe_claw_gui.models.magnetic_loss_contract,src/pe_claw_gui/models/magnetic_loss_contract.py,included_internal
src/pe_claw_gui/libraries/magnetics/openmagnetics_v2_normalizer.py,from,pe_claw_gui.models.magnetic_loss_contract,src/pe_claw_gui/models/magnetic_loss_contract.py,included_internal
src/pe_claw_gui/libraries/magnetics/openmagnetics_v2_normalizer.py,from,pe_claw_gui.models.magnetic_loss_contract,src/pe_claw_gui/models/magnetic_loss_contract.py,included_internal
src/pe_claw_gui/libraries/magnetics/openmagnetics_v2_normalizer.py,from,pe_claw_gui.libraries.magnetics.openmagnetics_material_corrections,src/pe_claw_gui/libraries/magnetics/openmagnetics_material_corrections.py,included_internal
src/pe_claw_gui/libraries/magnetics/openmagnetics_v2_normalizer.py,from,pe_claw_gui.libraries.magnetics.openmagnetics_material_corrections,src/pe_claw_gui/libraries/magnetics/openmagnetics_material_corrections.py,included_internal
src/pe_claw_gui/libraries/magnetics/openmagnetics_v2_normalizer.py,from,pe_claw_gui.libraries.magnetics.openmagnetics_material_corrections,src/pe_claw_gui/libraries/magnetics/openmagnetics_material_corrections.py,included_internal
src/pe_claw_gui/libraries/magnetics/openmagnetics_v2_normalizer.py,from,pe_claw_gui.libraries.magnetics.openmagnetics_normalizer,src/pe_claw_gui/libraries/magnetics/openmagnetics_normalizer.py,included_internal
src/pe_claw_gui/libraries/magnetics/openmagnetics_v2_production_locator.py,from,__future__,,external_or_stdlib
src/pe_claw_gui/libraries/magnetics/openmagnetics_v2_production_locator.py,from,dataclasses,,external_or_stdlib
src/pe_claw_gui/libraries/magnetics/openmagnetics_v2_production_locator.py,import,hashlib,,external_or_stdlib
src/pe_claw_gui/libraries/magnetics/openmagnetics_v2_production_locator.py,import,json,,external_or_stdlib
src/pe_claw_gui/libraries/magnetics/openmagnetics_v2_production_locator.py,from,pathlib,,external_or_stdlib
src/pe_claw_gui/libraries/magnetics/openmagnetics_v2_production_locator.py,from,types,,external_or_stdlib
src/pe_claw_gui/libraries/magnetics/openmagnetics_v2_production_locator.py,from,typing,,external_or_stdlib
src/pe_claw_gui/libraries/magnetics/sendust_steinmetz.py,from,__future__,,external_or_stdlib
src/pe_claw_gui/libraries/magnetics/sendust_steinmetz.py,from,dataclasses,,external_or_stdlib
src/pe_claw_gui/libraries/magnetics/sendust_toroids.py,from,__future__,,external_or_stdlib
src/pe_claw_gui/libraries/magnetics/sendust_toroids.py,import,csv,,external_or_stdlib
src/pe_claw_gui/libraries/magnetics/sendust_toroids.py,import,math,,external_or_stdlib
src/pe_claw_gui/libraries/magnetics/sendust_toroids.py,from,dataclasses,,external_or_stdlib
src/pe_claw_gui/libraries/magnetics/sendust_toroids.py,from,importlib,,external_or_stdlib
src/pe_claw_gui/libraries/magnetics/sendust_toroids.py,from,typing,,external_or_stdlib
src/pe_claw_gui/libraries/semiconductors/__init__.py,from,pe_claw_gui.libraries.semiconductors.bridge_rectifier_candidates,src/pe_claw_gui/libraries/semiconductors/bridge_rectifier_candidates.py,included_internal
src/pe_claw_gui/libraries/semiconductors/__init__.py,from,pe_claw_gui.libraries.semiconductors.bridge_rectifier_candidates,src/pe_claw_gui/libraries/semiconductors/bridge_rectifier_candidates.py,included_internal
src/pe_claw_gui/libraries/semiconductors/__init__.py,from,pe_claw_gui.libraries.semiconductors.bridge_rectifier_candidates,src/pe_claw_gui/libraries/semiconductors/bridge_rectifier_candidates.py,included_internal
src/pe_claw_gui/libraries/semiconductors/__init__.py,from,pe_claw_gui.libraries.semiconductors.device_builders,src/pe_claw_gui/libraries/semiconductors/device_builders.py,included_internal
src/pe_claw_gui/libraries/semiconductors/__init__.py,from,pe_claw_gui.libraries.semiconductors.device_builders,src/pe_claw_gui/libraries/semiconductors/device_builders.py,included_internal
src/pe_claw_gui/libraries/semiconductors/__init__.py,from,pe_claw_gui.libraries.semiconductors.device_builders,src/pe_claw_gui/libraries/semiconductors/device_builders.py,included_internal
src/pe_claw_gui/libraries/semiconductors/__init__.py,from,pe_claw_gui.libraries.semiconductors.power_device,src/pe_claw_gui/libraries/semiconductors/power_device.py,included_internal
src/pe_claw_gui/libraries/semiconductors/__init__.py,from,pe_claw_gui.libraries.semiconductors.registry,src/pe_claw_gui/libraries/semiconductors/registry.py,included_internal
src/pe_claw_gui/libraries/semiconductors/__init__.py,from,pe_claw_gui.libraries.semiconductors.registry,src/pe_claw_gui/libraries/semiconductors/registry.py,included_internal
src/pe_claw_gui/libraries/semiconductors/bridge_rectifier_candidates.py,from,__future__,,external_or_stdlib
src/pe_claw_gui/libraries/semiconductors/bridge_rectifier_candidates.py,import,csv,,external_or_stdlib
src/pe_claw_gui/libraries/semiconductors/bridge_rectifier_candidates.py,from,dataclasses,,external_or_stdlib
src/pe_claw_gui/libraries/semiconductors/bridge_rectifier_candidates.py,from,dataclasses,,external_or_stdlib
src/pe_claw_gui/libraries/semiconductors/bridge_rectifier_candidates.py,from,pathlib,,external_or_stdlib
src/pe_claw_gui/libraries/semiconductors/bridge_rectifier_candidates.py,from,pe_claw_gui.models.bridge_rectifier,src/pe_claw_gui/models/bridge_rectifier.py,included_internal
src/pe_claw_gui/libraries/semiconductors/device_builders.py,from,__future__,,external_or_stdlib
src/pe_claw_gui/libraries/semiconductors/device_builders.py,from,importlib.resources,,external_or_stdlib
src/pe_claw_gui/libraries/semiconductors/device_builders.py,from,importlib.resources,,external_or_stdlib
src/pe_claw_gui/libraries/semiconductors/device_builders.py,from,pathlib,,external_or_stdlib
src/pe_claw_gui/libraries/semiconductors/device_builders.py,from,pe_claw_gui.libraries.semiconductors.models,src/pe_claw_gui/libraries/semiconductors/models.py,included_internal
src/pe_claw_gui/libraries/semiconductors/device_builders.py,from,pe_claw_gui.libraries.semiconductors.models,src/pe_claw_gui/libraries/semiconductors/models.py,included_internal
src/pe_claw_gui/libraries/semiconductors/device_builders.py,from,pe_claw_gui.libraries.semiconductors.power_device,src/pe_claw_gui/libraries/semiconductors/power_device.py,included_internal
src/pe_claw_gui/libraries/semiconductors/device_builders.py,from,pe_claw_gui.libraries.semiconductors.xml_parser,src/pe_claw_gui/libraries/semiconductors/xml_parser.py,included_internal
src/pe_claw_gui/libraries/semiconductors/igbt_discrete_models.py,from,__future__,,external_or_stdlib
src/pe_claw_gui/libraries/semiconductors/igbt_discrete_models.py,from,dataclasses,,external_or_stdlib
src/pe_claw_gui/libraries/semiconductors/igbt_discrete_models.py,from,pathlib,,external_or_stdlib
src/pe_claw_gui/libraries/semiconductors/igbt_discrete_models.py,import,math,,external_or_stdlib
src/pe_claw_gui/libraries/semiconductors/igbt_discrete_models.py,from,typing,,external_or_stdlib
src/pe_claw_gui/libraries/semiconductors/igbt_discrete_models.py,from,typing,,external_or_stdlib
src/pe_claw_gui/libraries/semiconductors/igbt_discrete_models.py,from,pe_claw_gui.libraries.semiconductors.sic_module_models,src/pe_claw_gui/libraries/semiconductors/sic_module_models.py,included_internal
src/pe_claw_gui/libraries/semiconductors/igbt_discrete_models.py,from,pe_claw_gui.libraries.semiconductors.sic_module_models,src/pe_claw_gui/libraries/semiconductors/sic_module_models.py,included_internal
src/pe_claw_gui/libraries/semiconductors/igbt_models.py,from,__future__,,external_or_stdlib
src/pe_claw_gui/libraries/semiconductors/igbt_models.py,from,dataclasses,,external_or_stdlib
src/pe_claw_gui/libraries/semiconductors/igbt_models.py,from,pathlib,,external_or_stdlib
src/pe_claw_gui/libraries/semiconductors/igbt_models.py,import,math,,external_or_stdlib
src/pe_claw_gui/libraries/semiconductors/igbt_models.py,import,re,,external_or_stdlib
src/pe_claw_gui/libraries/semiconductors/igbt_models.py,from,typing,,external_or_stdlib
src/pe_claw_gui/libraries/semiconductors/igbt_models.py,from,typing,,external_or_stdlib
src/pe_claw_gui/libraries/semiconductors/igbt_models.py,from,typing,,external_or_stdlib
src/pe_claw_gui/libraries/semiconductors/igbt_models.py,from,xml.etree,,external_or_stdlib
src/pe_claw_gui/libraries/semiconductors/infineon/__init__.py,from,pe_claw_gui.libraries.semiconductors.infineon.coolsic_mosfet_g2_650v,src/pe_claw_gui/libraries/semiconductors/infineon/coolsic_mosfet_g2_650v.py,included_internal
src/pe_claw_gui/libraries/semiconductors/infineon/__init__.py,from,pe_claw_gui.libraries.semiconductors.infineon.coolsic_mosfet_g2_750v,src/pe_claw_gui/libraries/semiconductors/infineon/coolsic_mosfet_g2_750v.py,included_internal
src/pe_claw_gui/libraries/semiconductors/infineon/__init__.py,from,pe_claw_gui.libraries.semiconductors.infineon.coolgan_650v,src/pe_claw_gui/libraries/semiconductors/infineon/coolgan_650v.py,included_internal
src/pe_claw_gui/libraries/semiconductors/infineon/__init__.py,from,pe_claw_gui.libraries.semiconductors.infineon.coolmos_cfd7_650v,src/pe_claw_gui/libraries/semiconductors/infineon/coolmos_cfd7_650v.py,included_internal
src/pe_claw_gui/libraries/semiconductors/infineon/__init__.py,from,pe_claw_gui.libraries.semiconductors.infineon.coolmos_s7a_600v,src/pe_claw_gui/libraries/semiconductors/infineon/coolmos_s7a_600v.py,included_internal
src/pe_claw_gui/libraries/semiconductors/infineon/__init__.py,from,pe_claw_gui.libraries.semiconductors.infineon.coolmos8_650v,src/pe_claw_gui/libraries/semiconductors/infineon/coolmos8_650v.py,included_internal
src/pe_claw_gui/libraries/semiconductors/infineon/__init__.py,from,pe_claw_gui.libraries.semiconductors.infineon.coolmos8_600v,src/pe_claw_gui/libraries/semiconductors/infineon/coolmos8_600v.py,included_internal
src/pe_claw_gui/libraries/semiconductors/infineon/coolgan_650v.py,from,__future__,,external_or_stdlib
src/pe_claw_gui/libraries/semiconductors/infineon/coolgan_650v.py,from,dataclasses,,external_or_stdlib
src/pe_claw_gui/libraries/semiconductors/infineon/coolgan_650v.py,from,functools,,external_or_stdlib
src/pe_claw_gui/libraries/semiconductors/infineon/coolgan_650v.py,import,math,,external_or_stdlib
src/pe_claw_gui/libraries/semiconductors/infineon/coolgan_650v.py,from,pathlib,,external_or_stdlib
src/pe_claw_gui/libraries/semiconductors/infineon/coolgan_650v.py,import,re,,external_or_stdlib
src/pe_claw_gui/libraries/semiconductors/infineon/coolgan_650v.py,from,typing,,external_or_stdlib
src/pe_claw_gui/libraries/semiconductors/infineon/coolgan_650v.py,from,pe_claw_gui.libraries.semiconductors.device_builders,src/pe_claw_gui/libraries/semiconductors/device_builders.py,included_internal
src/pe_claw_gui/libraries/semiconductors/infineon/coolgan_650v.py,from,pe_claw_gui.libraries.semiconductors.device_builders,src/pe_claw_gui/libraries/semiconductors/device_builders.py,included_internal
src/pe_claw_gui/libraries/semiconductors/infineon/coolgan_650v.py,from,pe_claw_gui.libraries.semiconductors.models,src/pe_claw_gui/libraries/semiconductors/models.py,included_internal
src/pe_claw_gui/libraries/semiconductors/infineon/coolgan_650v.py,from,pe_claw_gui.libraries.semiconductors.models,src/pe_claw_gui/libraries/semiconductors/models.py,included_internal
src/pe_claw_gui/libraries/semiconductors/infineon/coolgan_650v.py,from,pe_claw_gui.libraries.semiconductors.packages,src/pe_claw_gui/libraries/semiconductors/packages.py,included_internal
src/pe_claw_gui/libraries/semiconductors/infineon/coolgan_650v.py,from,pe_claw_gui.libraries.semiconductors.power_device,src/pe_claw_gui/libraries/semiconductors/power_device.py,included_internal
src/pe_claw_gui/libraries/semiconductors/infineon/coolmos8_600v.py,from,__future__,,external_or_stdlib
src/pe_claw_gui/libraries/semiconductors/infineon/coolmos8_600v.py,from,dataclasses,,external_or_stdlib
src/pe_claw_gui/libraries/semiconductors/infineon/coolmos8_600v.py,from,functools,,external_or_stdlib
src/pe_claw_gui/libraries/semiconductors/infineon/coolmos8_600v.py,from,pathlib,,external_or_stdlib
src/pe_claw_gui/libraries/semiconductors/infineon/coolmos8_600v.py,import,re,,external_or_stdlib
src/pe_claw_gui/libraries/semiconductors/infineon/coolmos8_600v.py,from,typing,,external_or_stdlib
src/pe_claw_gui/libraries/semiconductors/infineon/coolmos8_600v.py,from,pe_claw_gui.libraries.semiconductors.device_builders,src/pe_claw_gui/libraries/semiconductors/device_builders.py,included_internal
src/pe_claw_gui/libraries/semiconductors/infineon/coolmos8_600v.py,from,pe_claw_gui.libraries.semiconductors.device_builders,src/pe_claw_gui/libraries/semiconductors/device_builders.py,included_internal
src/pe_claw_gui/libraries/semiconductors/infineon/coolmos8_600v.py,from,pe_claw_gui.libraries.semiconductors.models,src/pe_claw_gui/libraries/semiconductors/models.py,included_internal
src/pe_claw_gui/libraries/semiconductors/infineon/coolmos8_600v.py,from,pe_claw_gui.libraries.semiconductors.models,src/pe_claw_gui/libraries/semiconductors/models.py,included_internal
src/pe_claw_gui/libraries/semiconductors/infineon/coolmos8_600v.py,from,pe_claw_gui.libraries.semiconductors.packages,src/pe_claw_gui/libraries/semiconductors/packages.py,included_internal
src/pe_claw_gui/libraries/semiconductors/infineon/coolmos8_600v.py,from,pe_claw_gui.libraries.semiconductors.power_device,src/pe_claw_gui/libraries/semiconductors/power_device.py,included_internal
src/pe_claw_gui/libraries/semiconductors/infineon/coolmos8_650v.py,from,__future__,,external_or_stdlib
src/pe_claw_gui/libraries/semiconductors/infineon/coolmos8_650v.py,from,dataclasses,,external_or_stdlib
src/pe_claw_gui/libraries/semiconductors/infineon/coolmos8_650v.py,from,functools,,external_or_stdlib
src/pe_claw_gui/libraries/semiconductors/infineon/coolmos8_650v.py,from,pathlib,,external_or_stdlib
src/pe_claw_gui/libraries/semiconductors/infineon/coolmos8_650v.py,import,re,,external_or_stdlib
src/pe_claw_gui/libraries/semiconductors/infineon/coolmos8_650v.py,from,typing,,external_or_stdlib
src/pe_claw_gui/libraries/semiconductors/infineon/coolmos8_650v.py,from,pe_claw_gui.libraries.semiconductors.device_builders,src/pe_claw_gui/libraries/semiconductors/device_builders.py,included_internal
src/pe_claw_gui/libraries/semiconductors/infineon/coolmos8_650v.py,from,pe_claw_gui.libraries.semiconductors.device_builders,src/pe_claw_gui/libraries/semiconductors/device_builders.py,included_internal
src/pe_claw_gui/libraries/semiconductors/infineon/coolmos8_650v.py,from,pe_claw_gui.libraries.semiconductors.models,src/pe_claw_gui/libraries/semiconductors/models.py,included_internal
src/pe_claw_gui/libraries/semiconductors/infineon/coolmos8_650v.py,from,pe_claw_gui.libraries.semiconductors.models,src/pe_claw_gui/libraries/semiconductors/models.py,included_internal
src/pe_claw_gui/libraries/semiconductors/infineon/coolmos8_650v.py,from,pe_claw_gui.libraries.semiconductors.packages,src/pe_claw_gui/libraries/semiconductors/packages.py,included_internal
src/pe_claw_gui/libraries/semiconductors/infineon/coolmos8_650v.py,from,pe_claw_gui.libraries.semiconductors.power_device,src/pe_claw_gui/libraries/semiconductors/power_device.py,included_internal
src/pe_claw_gui/libraries/semiconductors/infineon/coolmos_cfd7_650v.py,from,__future__,,external_or_stdlib
src/pe_claw_gui/libraries/semiconductors/infineon/coolmos_cfd7_650v.py,from,dataclasses,,external_or_stdlib
src/pe_claw_gui/libraries/semiconductors/infineon/coolmos_cfd7_650v.py,from,functools,,external_or_stdlib
src/pe_claw_gui/libraries/semiconductors/infineon/coolmos_cfd7_650v.py,from,pathlib,,external_or_stdlib
src/pe_claw_gui/libraries/semiconductors/infineon/coolmos_cfd7_650v.py,import,re,,external_or_stdlib
src/pe_claw_gui/libraries/semiconductors/infineon/coolmos_cfd7_650v.py,from,typing,,external_or_stdlib
src/pe_claw_gui/libraries/semiconductors/infineon/coolmos_cfd7_650v.py,from,pe_claw_gui.libraries.semiconductors.device_builders,src/pe_claw_gui/libraries/semiconductors/device_builders.py,included_internal
src/pe_claw_gui/libraries/semiconductors/infineon/coolmos_cfd7_650v.py,from,pe_claw_gui.libraries.semiconductors.device_builders,src/pe_claw_gui/libraries/semiconductors/device_builders.py,included_internal
src/pe_claw_gui/libraries/semiconductors/infineon/coolmos_cfd7_650v.py,from,pe_claw_gui.libraries.semiconductors.models,src/pe_claw_gui/libraries/semiconductors/models.py,included_internal
src/pe_claw_gui/libraries/semiconductors/infineon/coolmos_cfd7_650v.py,from,pe_claw_gui.libraries.semiconductors.models,src/pe_claw_gui/libraries/semiconductors/models.py,included_internal
src/pe_claw_gui/libraries/semiconductors/infineon/coolmos_cfd7_650v.py,from,pe_claw_gui.libraries.semiconductors.packages,src/pe_claw_gui/libraries/semiconductors/packages.py,included_internal
src/pe_claw_gui/libraries/semiconductors/infineon/coolmos_cfd7_650v.py,from,pe_claw_gui.libraries.semiconductors.power_device,src/pe_claw_gui/libraries/semiconductors/power_device.py,included_internal
src/pe_claw_gui/libraries/semiconductors/infineon/coolmos_s7a_600v.py,from,__future__,,external_or_stdlib
src/pe_claw_gui/libraries/semiconductors/infineon/coolmos_s7a_600v.py,from,dataclasses,,external_or_stdlib
src/pe_claw_gui/libraries/semiconductors/infineon/coolmos_s7a_600v.py,from,functools,,external_or_stdlib
src/pe_claw_gui/libraries/semiconductors/infineon/coolmos_s7a_600v.py,from,pathlib,,external_or_stdlib
src/pe_claw_gui/libraries/semiconductors/infineon/coolmos_s7a_600v.py,import,re,,external_or_stdlib
src/pe_claw_gui/libraries/semiconductors/infineon/coolmos_s7a_600v.py,from,typing,,external_or_stdlib
src/pe_claw_gui/libraries/semiconductors/infineon/coolmos_s7a_600v.py,from,pe_claw_gui.libraries.semiconductors.device_builders,src/pe_claw_gui/libraries/semiconductors/device_builders.py,included_internal
src/pe_claw_gui/libraries/semiconductors/infineon/coolmos_s7a_600v.py,from,pe_claw_gui.libraries.semiconductors.device_builders,src/pe_claw_gui/libraries/semiconductors/device_builders.py,included_internal
src/pe_claw_gui/libraries/semiconductors/infineon/coolmos_s7a_600v.py,from,pe_claw_gui.libraries.semiconductors.models,src/pe_claw_gui/libraries/semiconductors/models.py,included_internal
src/pe_claw_gui/libraries/semiconductors/infineon/coolmos_s7a_600v.py,from,pe_claw_gui.libraries.semiconductors.models,src/pe_claw_gui/libraries/semiconductors/models.py,included_internal
src/pe_claw_gui/libraries/semiconductors/infineon/coolmos_s7a_600v.py,from,pe_claw_gui.libraries.semiconductors.packages,src/pe_claw_gui/libraries/semiconductors/packages.py,included_internal
src/pe_claw_gui/libraries/semiconductors/infineon/coolmos_s7a_600v.py,from,pe_claw_gui.libraries.semiconductors.power_device,src/pe_claw_gui/libraries/semiconductors/power_device.py,included_internal
src/pe_claw_gui/libraries/semiconductors/infineon/coolsic_mosfet_g2_650v.py,from,__future__,,external_or_stdlib
src/pe_claw_gui/libraries/semiconductors/infineon/coolsic_mosfet_g2_650v.py,from,dataclasses,,external_or_stdlib
src/pe_claw_gui/libraries/semiconductors/infineon/coolsic_mosfet_g2_650v.py,from,functools,,external_or_stdlib
src/pe_claw_gui/libraries/semiconductors/infineon/coolsic_mosfet_g2_650v.py,from,pathlib,,external_or_stdlib
src/pe_claw_gui/libraries/semiconductors/infineon/coolsic_mosfet_g2_650v.py,import,re,,external_or_stdlib
src/pe_claw_gui/libraries/semiconductors/infineon/coolsic_mosfet_g2_650v.py,from,typing,,external_or_stdlib
src/pe_claw_gui/libraries/semiconductors/infineon/coolsic_mosfet_g2_650v.py,from,pe_claw_gui.libraries.semiconductors.device_builders,src/pe_claw_gui/libraries/semiconductors/device_builders.py,included_internal
src/pe_claw_gui/libraries/semiconductors/infineon/coolsic_mosfet_g2_650v.py,from,pe_claw_gui.libraries.semiconductors.device_builders,src/pe_claw_gui/libraries/semiconductors/device_builders.py,included_internal
src/pe_claw_gui/libraries/semiconductors/infineon/coolsic_mosfet_g2_650v.py,from,pe_claw_gui.libraries.semiconductors.models,src/pe_claw_gui/libraries/semiconductors/models.py,included_internal
src/pe_claw_gui/libraries/semiconductors/infineon/coolsic_mosfet_g2_650v.py,from,pe_claw_gui.libraries.semiconductors.models,src/pe_claw_gui/libraries/semiconductors/models.py,included_internal
src/pe_claw_gui/libraries/semiconductors/infineon/coolsic_mosfet_g2_650v.py,from,pe_claw_gui.libraries.semiconductors.packages,src/pe_claw_gui/libraries/semiconductors/packages.py,included_internal
src/pe_claw_gui/libraries/semiconductors/infineon/coolsic_mosfet_g2_650v.py,from,pe_claw_gui.libraries.semiconductors.power_device,src/pe_claw_gui/libraries/semiconductors/power_device.py,included_internal
src/pe_claw_gui/libraries/semiconductors/infineon/coolsic_mosfet_g2_750v.py,from,__future__,,external_or_stdlib
src/pe_claw_gui/libraries/semiconductors/infineon/coolsic_mosfet_g2_750v.py,from,dataclasses,,external_or_stdlib
src/pe_claw_gui/libraries/semiconductors/infineon/coolsic_mosfet_g2_750v.py,from,functools,,external_or_stdlib
src/pe_claw_gui/libraries/semiconductors/infineon/coolsic_mosfet_g2_750v.py,from,pathlib,,external_or_stdlib
src/pe_claw_gui/libraries/semiconductors/infineon/coolsic_mosfet_g2_750v.py,import,re,,external_or_stdlib
src/pe_claw_gui/libraries/semiconductors/infineon/coolsic_mosfet_g2_750v.py,from,typing,,external_or_stdlib
src/pe_claw_gui/libraries/semiconductors/infineon/coolsic_mosfet_g2_750v.py,from,pe_claw_gui.libraries.semiconductors.device_builders,src/pe_claw_gui/libraries/semiconductors/device_builders.py,included_internal
src/pe_claw_gui/libraries/semiconductors/infineon/coolsic_mosfet_g2_750v.py,from,pe_claw_gui.libraries.semiconductors.device_builders,src/pe_claw_gui/libraries/semiconductors/device_builders.py,included_internal
src/pe_claw_gui/libraries/semiconductors/infineon/coolsic_mosfet_g2_750v.py,from,pe_claw_gui.libraries.semiconductors.models,src/pe_claw_gui/libraries/semiconductors/models.py,included_internal
src/pe_claw_gui/libraries/semiconductors/infineon/coolsic_mosfet_g2_750v.py,from,pe_claw_gui.libraries.semiconductors.models,src/pe_claw_gui/libraries/semiconductors/models.py,included_internal
src/pe_claw_gui/libraries/semiconductors/infineon/coolsic_mosfet_g2_750v.py,from,pe_claw_gui.libraries.semiconductors.packages,src/pe_claw_gui/libraries/semiconductors/packages.py,included_internal
src/pe_claw_gui/libraries/semiconductors/infineon/coolsic_mosfet_g2_750v.py,from,pe_claw_gui.libraries.semiconductors.power_device,src/pe_claw_gui/libraries/semiconductors/power_device.py,included_internal
src/pe_claw_gui/libraries/semiconductors/lookup_table.py,from,__future__,,external_or_stdlib
src/pe_claw_gui/libraries/semiconductors/lookup_table.py,from,dataclasses,,external_or_stdlib
src/pe_claw_gui/libraries/semiconductors/lookup_table.py,import,numpy,,external_or_stdlib
src/pe_claw_gui/libraries/semiconductors/lookup_table.py,from,scipy.interpolate,,external_or_stdlib
src/pe_claw_gui/libraries/semiconductors/metadata.py,from,__future__,,external_or_stdlib
src/pe_claw_gui/libraries/semiconductors/metadata.py,from,collections.abc,,external_or_stdlib
src/pe_claw_gui/libraries/semiconductors/metadata.py,from,dataclasses,,external_or_stdlib
src/pe_claw_gui/libraries/semiconductors/metadata.py,from,typing,,external_or_stdlib
src/pe_claw_gui/libraries/semiconductors/mitsubishi/__init__.py,from,pe_claw_gui.libraries.semiconductors.mitsubishi.igbt_modules,src/pe_claw_gui/libraries/semiconductors/mitsubishi/igbt_modules.py,included_internal
src/pe_claw_gui/libraries/semiconductors/mitsubishi/__init__.py,from,pe_claw_gui.libraries.semiconductors.mitsubishi.igbt_modules,src/pe_claw_gui/libraries/semiconductors/mitsubishi/igbt_modules.py,included_internal
src/pe_claw_gui/libraries/semiconductors/mitsubishi/__init__.py,from,pe_claw_gui.libraries.semiconductors.mitsubishi.igbt_modules,src/pe_claw_gui/libraries/semiconductors/mitsubishi/igbt_modules.py,included_internal
src/pe_claw_gui/libraries/semiconductors/mitsubishi/__init__.py,from,pe_claw_gui.libraries.semiconductors.mitsubishi.igbt_modules,src/pe_claw_gui/libraries/semiconductors/mitsubishi/igbt_modules.py,included_internal
src/pe_claw_gui/libraries/semiconductors/mitsubishi/__init__.py,from,pe_claw_gui.libraries.semiconductors.mitsubishi.igbt_modules,src/pe_claw_gui/libraries/semiconductors/mitsubishi/igbt_modules.py,included_internal
src/pe_claw_gui/libraries/semiconductors/mitsubishi/__init__.py,from,pe_claw_gui.libraries.semiconductors.mitsubishi.igbt_modules,src/pe_claw_gui/libraries/semiconductors/mitsubishi/igbt_modules.py,included_internal
src/pe_claw_gui/libraries/semiconductors/mitsubishi/__init__.py,from,pe_claw_gui.libraries.semiconductors.mitsubishi.igbt_modules,src/pe_claw_gui/libraries/semiconductors/mitsubishi/igbt_modules.py,included_internal
src/pe_claw_gui/libraries/semiconductors/mitsubishi/igbt_modules.py,from,__future__,,external_or_stdlib
src/pe_claw_gui/libraries/semiconductors/mitsubishi/igbt_modules.py,from,dataclasses,,external_or_stdlib
src/pe_claw_gui/libraries/semiconductors/mitsubishi/igbt_modules.py,from,functools,,external_or_stdlib
src/pe_claw_gui/libraries/semiconductors/mitsubishi/igbt_modules.py,from,importlib,,external_or_stdlib
src/pe_claw_gui/libraries/semiconductors/mitsubishi/igbt_modules.py,from,pathlib,,external_or_stdlib
src/pe_claw_gui/libraries/semiconductors/mitsubishi/igbt_modules.py,import,re,,external_or_stdlib
src/pe_claw_gui/libraries/semiconductors/mitsubishi/igbt_modules.py,from,typing,,external_or_stdlib
src/pe_claw_gui/libraries/semiconductors/mitsubishi/igbt_modules.py,from,typing,,external_or_stdlib
src/pe_claw_gui/libraries/semiconductors/mitsubishi/igbt_modules.py,from,typing,,external_or_stdlib
src/pe_claw_gui/libraries/semiconductors/mitsubishi/igbt_modules.py,from,pe_claw_gui.libraries.semiconductors.metadata,src/pe_claw_gui/libraries/semiconductors/metadata.py,included_internal
src/pe_claw_gui/libraries/semiconductors/mitsubishi/igbt_modules.py,from,pe_claw_gui.libraries.semiconductors.models,src/pe_claw_gui/libraries/semiconductors/models.py,included_internal
src/pe_claw_gui/libraries/semiconductors/mitsubishi/igbt_modules.py,from,pe_claw_gui.libraries.semiconductors.models,src/pe_claw_gui/libraries/semiconductors/models.py,included_internal
src/pe_claw_gui/libraries/semiconductors/mitsubishi/igbt_modules.py,from,pe_claw_gui.libraries.semiconductors.power_device,src/pe_claw_gui/libraries/semiconductors/power_device.py,included_internal
src/pe_claw_gui/libraries/semiconductors/mitsubishi/igbt_modules.py,from,pe_claw_gui.libraries.semiconductors.igbt_models,src/pe_claw_gui/libraries/semiconductors/igbt_models.py,included_internal
src/pe_claw_gui/libraries/semiconductors/mitsubishi/igbt_modules.py,from,pe_claw_gui.libraries.semiconductors.igbt_models,src/pe_claw_gui/libraries/semiconductors/igbt_models.py,included_internal
src/pe_claw_gui/libraries/semiconductors/mitsubishi/igbt_modules.py,from,pe_claw_gui.libraries.semiconductors.igbt_models,src/pe_claw_gui/libraries/semiconductors/igbt_models.py,included_internal
src/pe_claw_gui/libraries/semiconductors/mitsubishi/igbt_modules.py,from,pe_claw_gui.libraries.semiconductors.igbt_models,src/pe_claw_gui/libraries/semiconductors/igbt_models.py,included_internal
src/pe_claw_gui/libraries/semiconductors/mitsubishi/igbt_modules.py,from,pe_claw_gui.libraries.semiconductors.igbt_models,src/pe_claw_gui/libraries/semiconductors/igbt_models.py,included_internal
src/pe_claw_gui/libraries/semiconductors/mitsubishi/igbt_modules.py,from,pe_claw_gui.libraries.semiconductors.igbt_models,src/pe_claw_gui/libraries/semiconductors/igbt_models.py,included_internal
src/pe_claw_gui/libraries/semiconductors/models.py,from,__future__,,external_or_stdlib
src/pe_claw_gui/libraries/semiconductors/models.py,from,dataclasses,,external_or_stdlib
src/pe_claw_gui/libraries/semiconductors/models.py,from,dataclasses,,external_or_stdlib
src/pe_claw_gui/libraries/semiconductors/models.py,from,dataclasses,,external_or_stdlib
src/pe_claw_gui/libraries/semiconductors/models.py,from,dataclasses,,external_or_stdlib
src/pe_claw_gui/libraries/semiconductors/models.py,from,pe_claw_gui.libraries.semiconductors.metadata,src/pe_claw_gui/libraries/semiconductors/metadata.py,included_internal
src/pe_claw_gui/libraries/semiconductors/models.py,from,pe_claw_gui.libraries.semiconductors.metadata,src/pe_claw_gui/libraries/semiconductors/metadata.py,included_internal
src/pe_claw_gui/libraries/semiconductors/models.py,from,pe_claw_gui.libraries.semiconductors.metadata,src/pe_claw_gui/libraries/semiconductors/metadata.py,included_internal
src/pe_claw_gui/libraries/semiconductors/models.py,from,pe_claw_gui.libraries.semiconductors.metadata,src/pe_claw_gui/libraries/semiconductors/metadata.py,included_internal
src/pe_claw_gui/libraries/semiconductors/models.py,from,pe_claw_gui.libraries.semiconductors.metadata,src/pe_claw_gui/libraries/semiconductors/metadata.py,included_internal
src/pe_claw_gui/libraries/semiconductors/models.py,from,pe_claw_gui.libraries.semiconductors.lookup_table,src/pe_claw_gui/libraries/semiconductors/lookup_table.py,included_internal
src/pe_claw_gui/libraries/semiconductors/models.py,from,pe_claw_gui.libraries.semiconductors.lookup_table,src/pe_claw_gui/libraries/semiconductors/lookup_table.py,included_internal
src/pe_claw_gui/libraries/semiconductors/navitas/__init__.py,from,pe_claw_gui.libraries.semiconductors.navitas.gen3f_sic_mosfet,src/pe_claw_gui/libraries/semiconductors/navitas/gen3f_sic_mosfet.py,included_internal
src/pe_claw_gui/libraries/semiconductors/navitas/gen3f_sic_mosfet.py,from,__future__,,external_or_stdlib
src/pe_claw_gui/libraries/semiconductors/navitas/gen3f_sic_mosfet.py,from,dataclasses,,external_or_stdlib
src/pe_claw_gui/libraries/semiconductors/navitas/gen3f_sic_mosfet.py,from,functools,,external_or_stdlib
src/pe_claw_gui/libraries/semiconductors/navitas/gen3f_sic_mosfet.py,from,pathlib,,external_or_stdlib
src/pe_claw_gui/libraries/semiconductors/navitas/gen3f_sic_mosfet.py,import,re,,external_or_stdlib
src/pe_claw_gui/libraries/semiconductors/navitas/gen3f_sic_mosfet.py,from,typing,,external_or_stdlib
src/pe_claw_gui/libraries/semiconductors/navitas/gen3f_sic_mosfet.py,from,pe_claw_gui.libraries.semiconductors.device_builders,src/pe_claw_gui/libraries/semiconductors/device_builders.py,included_internal
src/pe_claw_gui/libraries/semiconductors/navitas/gen3f_sic_mosfet.py,from,pe_claw_gui.libraries.semiconductors.device_builders,src/pe_claw_gui/libraries/semiconductors/device_builders.py,included_internal
src/pe_claw_gui/libraries/semiconductors/navitas/gen3f_sic_mosfet.py,from,pe_claw_gui.libraries.semiconductors.models,src/pe_claw_gui/libraries/semiconductors/models.py,included_internal
src/pe_claw_gui/libraries/semiconductors/navitas/gen3f_sic_mosfet.py,from,pe_claw_gui.libraries.semiconductors.models,src/pe_claw_gui/libraries/semiconductors/models.py,included_internal
src/pe_claw_gui/libraries/semiconductors/navitas/gen3f_sic_mosfet.py,from,pe_claw_gui.libraries.semiconductors.packages,src/pe_claw_gui/libraries/semiconductors/packages.py,included_internal
src/pe_claw_gui/libraries/semiconductors/navitas/gen3f_sic_mosfet.py,from,pe_claw_gui.libraries.semiconductors.power_device,src/pe_claw_gui/libraries/semiconductors/power_device.py,included_internal
src/pe_claw_gui/libraries/semiconductors/packages.py,from,__future__,,external_or_stdlib
src/pe_claw_gui/libraries/semiconductors/packages.py,from,collections.abc,,external_or_stdlib
src/pe_claw_gui/libraries/semiconductors/packages.py,from,dataclasses,,external_or_stdlib
src/pe_claw_gui/libraries/semiconductors/packages.py,import,re,,external_or_stdlib
src/pe_claw_gui/libraries/semiconductors/power_device.py,from,__future__,,external_or_stdlib
src/pe_claw_gui/libraries/semiconductors/power_device.py,from,dataclasses,,external_or_stdlib
src/pe_claw_gui/libraries/semiconductors/power_device.py,from,pe_claw_gui.libraries.semiconductors.metadata,src/pe_claw_gui/libraries/semiconductors/metadata.py,included_internal
src/pe_claw_gui/libraries/semiconductors/power_device.py,from,pe_claw_gui.libraries.semiconductors.metadata,src/pe_claw_gui/libraries/semiconductors/metadata.py,included_internal
src/pe_claw_gui/libraries/semiconductors/power_device.py,from,pe_claw_gui.libraries.semiconductors.models,src/pe_claw_gui/libraries/semiconductors/models.py,included_internal
src/pe_claw_gui/libraries/semiconductors/power_device.py,from,pe_claw_gui.libraries.semiconductors.models,src/pe_claw_gui/libraries/semiconductors/models.py,included_internal
src/pe_claw_gui/libraries/semiconductors/pricing.py,from,__future__,,external_or_stdlib
src/pe_claw_gui/libraries/semiconductors/pricing.py,import,csv,,external_or_stdlib
src/pe_claw_gui/libraries/semiconductors/pricing.py,import,re,,external_or_stdlib
src/pe_claw_gui/libraries/semiconductors/pricing.py,from,dataclasses,,external_or_stdlib
src/pe_claw_gui/libraries/semiconductors/pricing.py,from,dataclasses,,external_or_stdlib
src/pe_claw_gui/libraries/semiconductors/pricing.py,from,pathlib,,external_or_stdlib
src/pe_claw_gui/libraries/semiconductors/registry.py,from,__future__,,external_or_stdlib
src/pe_claw_gui/libraries/semiconductors/registry.py,from,collections.abc,,external_or_stdlib
src/pe_claw_gui/libraries/semiconductors/registry.py,from,dataclasses,,external_or_stdlib
src/pe_claw_gui/libraries/semiconductors/registry.py,from,dataclasses,,external_or_stdlib
src/pe_claw_gui/libraries/semiconductors/registry.py,from,pe_claw_gui.libraries.semiconductors.metadata,src/pe_claw_gui/libraries/semiconductors/metadata.py,included_internal
src/pe_claw_gui/libraries/semiconductors/registry.py,from,pe_claw_gui.libraries.semiconductors.metadata,src/pe_claw_gui/libraries/semiconductors/metadata.py,included_internal
src/pe_claw_gui/libraries/semiconductors/registry.py,from,pe_claw_gui.libraries.semiconductors.power_device,src/pe_claw_gui/libraries/semiconductors/power_device.py,included_internal
src/pe_claw_gui/libraries/semiconductors/registry.py,from,pe_claw_gui.libraries.semiconductors.infineon,src/pe_claw_gui/libraries/semiconductors/infineon/__init__.py,included_internal
src/pe_claw_gui/libraries/semiconductors/registry.py,from,pe_claw_gui.libraries.semiconductors.mitsubishi,src/pe_claw_gui/libraries/semiconductors/mitsubishi/__init__.py,included_internal
src/pe_claw_gui/libraries/semiconductors/registry.py,from,pe_claw_gui.libraries.semiconductors.navitas,src/pe_claw_gui/libraries/semiconductors/navitas/__init__.py,included_internal
src/pe_claw_gui/libraries/semiconductors/registry.py,from,pe_claw_gui.libraries.semiconductors.rohm,src/pe_claw_gui/libraries/semiconductors/rohm/__init__.py,included_internal
src/pe_claw_gui/libraries/semiconductors/registry.py,from,pe_claw_gui.libraries.semiconductors.wolfspeed,src/pe_claw_gui/libraries/semiconductors/wolfspeed/__init__.py,included_internal
src/pe_claw_gui/libraries/semiconductors/rohm/__init__.py,from,__future__,,external_or_stdlib
src/pe_claw_gui/libraries/semiconductors/rohm/__init__.py,from,functools,,external_or_stdlib
src/pe_claw_gui/libraries/semiconductors/rohm/__init__.py,import,re,,external_or_stdlib
src/pe_claw_gui/libraries/semiconductors/rohm/__init__.py,from,pe_claw_gui.libraries.semiconductors.models,src/pe_claw_gui/libraries/semiconductors/models.py,included_internal
src/pe_claw_gui/libraries/semiconductors/rohm/__init__.py,from,pe_claw_gui.libraries.semiconductors.models,src/pe_claw_gui/libraries/semiconductors/models.py,included_internal
src/pe_claw_gui/libraries/semiconductors/rohm/__init__.py,from,pe_claw_gui.libraries.semiconductors.power_device,src/pe_claw_gui/libraries/semiconductors/power_device.py,included_internal
src/pe_claw_gui/libraries/semiconductors/rohm/__init__.py,from,pe_claw_gui.libraries.semiconductors.rohm.rg_igbt_series,src/pe_claw_gui/libraries/semiconductors/rohm/rg_igbt_series.py,included_internal
src/pe_claw_gui/libraries/semiconductors/rohm/__init__.py,from,pe_claw_gui.libraries.semiconductors.rohm.rg_igbt_series,src/pe_claw_gui/libraries/semiconductors/rohm/rg_igbt_series.py,included_internal
src/pe_claw_gui/libraries/semiconductors/rohm/__init__.py,from,pe_claw_gui.libraries.semiconductors.rohm.rg_igbt_series,src/pe_claw_gui/libraries/semiconductors/rohm/rg_igbt_series.py,included_internal
src/pe_claw_gui/libraries/semiconductors/rohm/__init__.py,from,pe_claw_gui.libraries.semiconductors.rohm.rg_igbt_series,src/pe_claw_gui/libraries/semiconductors/rohm/rg_igbt_series.py,included_internal
src/pe_claw_gui/libraries/semiconductors/rohm/__init__.py,from,pe_claw_gui.libraries.semiconductors.rohm.rg_igbt_series,src/pe_claw_gui/libraries/semiconductors/rohm/rg_igbt_series.py,included_internal
src/pe_claw_gui/libraries/semiconductors/rohm/__init__.py,from,pe_claw_gui.libraries.semiconductors.rohm.rg_igbt_series,src/pe_claw_gui/libraries/semiconductors/rohm/rg_igbt_series.py,included_internal
src/pe_claw_gui/libraries/semiconductors/rohm/__init__.py,from,pe_claw_gui.libraries.semiconductors.rohm.rg_igbt_series,src/pe_claw_gui/libraries/semiconductors/rohm/rg_igbt_series.py,included_internal
src/pe_claw_gui/libraries/semiconductors/rohm/__init__.py,from,pe_claw_gui.libraries.semiconductors.rohm.sc_series,src/pe_claw_gui/libraries/semiconductors/rohm/sc_series.py,included_internal
src/pe_claw_gui/libraries/semiconductors/rohm/__init__.py,from,pe_claw_gui.libraries.semiconductors.rohm.sc_series,src/pe_claw_gui/libraries/semiconductors/rohm/sc_series.py,included_internal
src/pe_claw_gui/libraries/semiconductors/rohm/__init__.py,from,pe_claw_gui.libraries.semiconductors.rohm.sc_series,src/pe_claw_gui/libraries/semiconductors/rohm/sc_series.py,included_internal
src/pe_claw_gui/libraries/semiconductors/rohm/__init__.py,from,pe_claw_gui.libraries.semiconductors.rohm.sc_series,src/pe_claw_gui/libraries/semiconductors/rohm/sc_series.py,included_internal
src/pe_claw_gui/libraries/semiconductors/rohm/__init__.py,from,pe_claw_gui.libraries.semiconductors.rohm.sc_series,src/pe_claw_gui/libraries/semiconductors/rohm/sc_series.py,included_internal
src/pe_claw_gui/libraries/semiconductors/rohm/__init__.py,from,pe_claw_gui.libraries.semiconductors.rohm.sic_modules,src/pe_claw_gui/libraries/semiconductors/rohm/sic_modules.py,included_internal
src/pe_claw_gui/libraries/semiconductors/rohm/__init__.py,from,pe_claw_gui.libraries.semiconductors.rohm.sic_modules,src/pe_claw_gui/libraries/semiconductors/rohm/sic_modules.py,included_internal
src/pe_claw_gui/libraries/semiconductors/rohm/__init__.py,from,pe_claw_gui.libraries.semiconductors.rohm.sic_modules,src/pe_claw_gui/libraries/semiconductors/rohm/sic_modules.py,included_internal
src/pe_claw_gui/libraries/semiconductors/rohm/__init__.py,from,pe_claw_gui.libraries.semiconductors.rohm.sic_modules,src/pe_claw_gui/libraries/semiconductors/rohm/sic_modules.py,included_internal
src/pe_claw_gui/libraries/semiconductors/rohm/__init__.py,from,pe_claw_gui.libraries.semiconductors.rohm.sic_modules,src/pe_claw_gui/libraries/semiconductors/rohm/sic_modules.py,included_internal
src/pe_claw_gui/libraries/semiconductors/rohm/__init__.py,from,pe_claw_gui.libraries.semiconductors.rohm.sic_modules,src/pe_claw_gui/libraries/semiconductors/rohm/sic_modules.py,included_internal
src/pe_claw_gui/libraries/semiconductors/rohm/__init__.py,from,pe_claw_gui.libraries.semiconductors.rohm.sic_modules,src/pe_claw_gui/libraries/semiconductors/rohm/sic_modules.py,included_internal
src/pe_claw_gui/libraries/semiconductors/rohm/__init__.py,from,pe_claw_gui.libraries.semiconductors.rohm.sic_modules,src/pe_claw_gui/libraries/semiconductors/rohm/sic_modules.py,included_internal
src/pe_claw_gui/libraries/semiconductors/rohm/rg_igbt_series.py,from,__future__,,external_or_stdlib
src/pe_claw_gui/libraries/semiconductors/rohm/rg_igbt_series.py,from,functools,,external_or_stdlib
src/pe_claw_gui/libraries/semiconductors/rohm/rg_igbt_series.py,from,importlib,,external_or_stdlib
src/pe_claw_gui/libraries/semiconductors/rohm/rg_igbt_series.py,from,pathlib,,external_or_stdlib
src/pe_claw_gui/libraries/semiconductors/rohm/rg_igbt_series.py,import,re,,external_or_stdlib
src/pe_claw_gui/libraries/semiconductors/rohm/rg_igbt_series.py,from,pe_claw_gui.libraries.semiconductors.igbt_discrete_models,src/pe_claw_gui/libraries/semiconductors/igbt_discrete_models.py,included_internal
src/pe_claw_gui/libraries/semiconductors/rohm/rg_igbt_series.py,from,pe_claw_gui.libraries.semiconductors.igbt_discrete_models,src/pe_claw_gui/libraries/semiconductors/igbt_discrete_models.py,included_internal
src/pe_claw_gui/libraries/semiconductors/rohm/rg_igbt_series.py,from,pe_claw_gui.libraries.semiconductors.igbt_discrete_models,src/pe_claw_gui/libraries/semiconductors/igbt_discrete_models.py,included_internal
src/pe_claw_gui/libraries/semiconductors/rohm/rg_igbt_series.py,from,pe_claw_gui.libraries.semiconductors.sic_module_models,src/pe_claw_gui/libraries/semiconductors/sic_module_models.py,included_internal
src/pe_claw_gui/libraries/semiconductors/rohm/rg_igbt_series.py,from,pe_claw_gui.libraries.semiconductors.igbt_discrete_models,src/pe_claw_gui/libraries/semiconductors/igbt_discrete_models.py,included_internal
src/pe_claw_gui/libraries/semiconductors/rohm/rg_igbt_series.py,from,pe_claw_gui.libraries.semiconductors.igbt_discrete_models,src/pe_claw_gui/libraries/semiconductors/igbt_discrete_models.py,included_internal
src/pe_claw_gui/libraries/semiconductors/rohm/rg_igbt_series.py,from,pe_claw_gui.libraries.semiconductors.igbt_discrete_models,src/pe_claw_gui/libraries/semiconductors/igbt_discrete_models.py,included_internal
src/pe_claw_gui/libraries/semiconductors/rohm/rg_igbt_series.py,from,pe_claw_gui.libraries.semiconductors.sic_module_models,src/pe_claw_gui/libraries/semiconductors/sic_module_models.py,included_internal
src/pe_claw_gui/libraries/semiconductors/rohm/sc_series.py,from,__future__,,external_or_stdlib
src/pe_claw_gui/libraries/semiconductors/rohm/sc_series.py,from,dataclasses,,external_or_stdlib
src/pe_claw_gui/libraries/semiconductors/rohm/sc_series.py,from,functools,,external_or_stdlib
src/pe_claw_gui/libraries/semiconductors/rohm/sc_series.py,from,pathlib,,external_or_stdlib
src/pe_claw_gui/libraries/semiconductors/rohm/sc_series.py,import,re,,external_or_stdlib
src/pe_claw_gui/libraries/semiconductors/rohm/sc_series.py,from,typing,,external_or_stdlib
src/pe_claw_gui/libraries/semiconductors/rohm/sc_series.py,from,pe_claw_gui.libraries.semiconductors.sic_module_models,src/pe_claw_gui/libraries/semiconductors/sic_module_models.py,included_internal
src/pe_claw_gui/libraries/semiconductors/rohm/sic_modules.py,from,__future__,,external_or_stdlib
src/pe_claw_gui/libraries/semiconductors/rohm/sic_modules.py,from,dataclasses,,external_or_stdlib
src/pe_claw_gui/libraries/semiconductors/rohm/sic_modules.py,from,functools,,external_or_stdlib
src/pe_claw_gui/libraries/semiconductors/rohm/sic_modules.py,from,importlib,,external_or_stdlib
src/pe_claw_gui/libraries/semiconductors/rohm/sic_modules.py,from,pathlib,,external_or_stdlib
src/pe_claw_gui/libraries/semiconductors/rohm/sic_modules.py,import,re,,external_or_stdlib
src/pe_claw_gui/libraries/semiconductors/rohm/sic_modules.py,from,typing,,external_or_stdlib
src/pe_claw_gui/libraries/semiconductors/rohm/sic_modules.py,from,typing,,external_or_stdlib
src/pe_claw_gui/libraries/semiconductors/rohm/sic_modules.py,from,pe_claw_gui.libraries.semiconductors.sic_module_models,src/pe_claw_gui/libraries/semiconductors/sic_module_models.py,included_internal
src/pe_claw_gui/libraries/semiconductors/rohm/sic_modules.py,from,pe_claw_gui.libraries.semiconductors.sic_module_models,src/pe_claw_gui/libraries/semiconductors/sic_module_models.py,included_internal
src/pe_claw_gui/libraries/semiconductors/rohm/sic_modules.py,from,pe_claw_gui.libraries.semiconductors.sic_module_models,src/pe_claw_gui/libraries/semiconductors/sic_module_models.py,included_internal
src/pe_claw_gui/libraries/semiconductors/rohm/sic_modules.py,from,pe_claw_gui.libraries.semiconductors.sic_module_models,src/pe_claw_gui/libraries/semiconductors/sic_module_models.py,included_internal
src/pe_claw_gui/libraries/semiconductors/rohm/sic_modules.py,from,pe_claw_gui.libraries.semiconductors.sic_module_models,src/pe_claw_gui/libraries/semiconductors/sic_module_models.py,included_internal
src/pe_claw_gui/libraries/semiconductors/rohm/sic_modules.py,from,pe_claw_gui.libraries.semiconductors.sic_module_models,src/pe_claw_gui/libraries/semiconductors/sic_module_models.py,included_internal
src/pe_claw_gui/libraries/semiconductors/sic_module_models.py,from,__future__,,external_or_stdlib
src/pe_claw_gui/libraries/semiconductors/sic_module_models.py,from,dataclasses,,external_or_stdlib
src/pe_claw_gui/libraries/semiconductors/sic_module_models.py,from,pathlib,,external_or_stdlib
src/pe_claw_gui/libraries/semiconductors/sic_module_models.py,import,math,,external_or_stdlib
src/pe_claw_gui/libraries/semiconductors/sic_module_models.py,import,re,,external_or_stdlib
src/pe_claw_gui/libraries/semiconductors/sic_module_models.py,from,typing,,external_or_stdlib
src/pe_claw_gui/libraries/semiconductors/sic_module_models.py,from,typing,,external_or_stdlib
src/pe_claw_gui/libraries/semiconductors/sic_module_models.py,from,xml.etree,,external_or_stdlib
src/pe_claw_gui/libraries/semiconductors/templates/example_mosfet_device_template.py,from,__future__,,external_or_stdlib
src/pe_claw_gui/libraries/semiconductors/templates/example_mosfet_device_template.py,from,functools,,external_or_stdlib
src/pe_claw_gui/libraries/semiconductors/templates/example_mosfet_device_template.py,from,pe_claw_gui.libraries.semiconductors.device_builders,src/pe_claw_gui/libraries/semiconductors/device_builders.py,included_internal
src/pe_claw_gui/libraries/semiconductors/templates/example_mosfet_device_template.py,from,pe_claw_gui.libraries.semiconductors.models,src/pe_claw_gui/libraries/semiconductors/models.py,included_internal
src/pe_claw_gui/libraries/semiconductors/templates/example_mosfet_device_template.py,from,pe_claw_gui.libraries.semiconductors.power_device,src/pe_claw_gui/libraries/semiconductors/power_device.py,included_internal
src/pe_claw_gui/libraries/semiconductors/topology_roles.py,from,__future__,,external_or_stdlib
src/pe_claw_gui/libraries/semiconductors/topology_roles.py,from,dataclasses,,external_or_stdlib
src/pe_claw_gui/libraries/semiconductors/topology_roles.py,from,pe_claw_gui.topologies.base.registry,src/pe_claw_gui/topologies/base/registry.py,included_internal
src/pe_claw_gui/libraries/semiconductors/topology_roles.py,from,pe_claw_gui.libraries.semiconductors.metadata,src/pe_claw_gui/libraries/semiconductors/metadata.py,included_internal
src/pe_claw_gui/libraries/semiconductors/topology_roles.py,from,pe_claw_gui.libraries.semiconductors.metadata,src/pe_claw_gui/libraries/semiconductors/metadata.py,included_internal
src/pe_claw_gui/libraries/semiconductors/topology_roles.py,from,pe_claw_gui.libraries.semiconductors.metadata,src/pe_claw_gui/libraries/semiconductors/metadata.py,included_internal
src/pe_claw_gui/libraries/semiconductors/wolfspeed/__init__.py,from,pe_claw_gui.libraries.semiconductors.wolfspeed.diodes,src/pe_claw_gui/libraries/semiconductors/wolfspeed/diodes.py,included_internal
src/pe_claw_gui/libraries/semiconductors/wolfspeed/__init__.py,from,pe_claw_gui.libraries.semiconductors.wolfspeed.legacy_mosfets,src/pe_claw_gui/libraries/semiconductors/wolfspeed/legacy_mosfets.py,included_internal
src/pe_claw_gui/libraries/semiconductors/wolfspeed/__init__.py,from,pe_claw_gui.libraries.semiconductors.wolfspeed.mosfet_with_diode,src/pe_claw_gui/libraries/semiconductors/wolfspeed/mosfet_with_diode.py,included_internal
src/pe_claw_gui/libraries/semiconductors/wolfspeed/__init__.py,from,pe_claw_gui.libraries.semiconductors.wolfspeed.modules,src/pe_claw_gui/libraries/semiconductors/wolfspeed/modules.py,included_internal
src/pe_claw_gui/libraries/semiconductors/wolfspeed/coverage.py,from,__future__,,external_or_stdlib
src/pe_claw_gui/libraries/semiconductors/wolfspeed/coverage.py,from,dataclasses,,external_or_stdlib
src/pe_claw_gui/libraries/semiconductors/wolfspeed/coverage.py,from,pe_claw_gui.libraries.semiconductors.wolfspeed.diodes,src/pe_claw_gui/libraries/semiconductors/wolfspeed/diodes.py,included_internal
src/pe_claw_gui/libraries/semiconductors/wolfspeed/coverage.py,from,pe_claw_gui.libraries.semiconductors.wolfspeed.inference,src/pe_claw_gui/libraries/semiconductors/wolfspeed/inference.py,included_internal
src/pe_claw_gui/libraries/semiconductors/wolfspeed/coverage.py,from,pe_claw_gui.libraries.semiconductors.wolfspeed.inference,src/pe_claw_gui/libraries/semiconductors/wolfspeed/inference.py,included_internal
src/pe_claw_gui/libraries/semiconductors/wolfspeed/coverage.py,from,pe_claw_gui.libraries.semiconductors.wolfspeed.legacy_mosfets,src/pe_claw_gui/libraries/semiconductors/wolfspeed/legacy_mosfets.py,included_internal
src/pe_claw_gui/libraries/semiconductors/wolfspeed/coverage.py,from,pe_claw_gui.libraries.semiconductors.wolfspeed.legacy_mosfets,src/pe_claw_gui/libraries/semiconductors/wolfspeed/legacy_mosfets.py,included_internal
src/pe_claw_gui/libraries/semiconductors/wolfspeed/coverage.py,from,pe_claw_gui.libraries.semiconductors.wolfspeed.module_readiness,src/pe_claw_gui/libraries/semiconductors/wolfspeed/module_readiness.py,included_internal
src/pe_claw_gui/libraries/semiconductors/wolfspeed/coverage.py,from,pe_claw_gui.libraries.semiconductors.wolfspeed.modules,src/pe_claw_gui/libraries/semiconductors/wolfspeed/modules.py,included_internal
src/pe_claw_gui/libraries/semiconductors/wolfspeed/coverage.py,from,pe_claw_gui.libraries.semiconductors.wolfspeed.mosfet_with_diode,src/pe_claw_gui/libraries/semiconductors/wolfspeed/mosfet_with_diode.py,included_internal
src/pe_claw_gui/libraries/semiconductors/wolfspeed/coverage.py,from,pe_claw_gui.libraries.semiconductors.wolfspeed.mosfet_with_diode,src/pe_claw_gui/libraries/semiconductors/wolfspeed/mosfet_with_diode.py,included_internal
src/pe_claw_gui/libraries/semiconductors/wolfspeed/diodes.py,from,__future__,,external_or_stdlib
src/pe_claw_gui/libraries/semiconductors/wolfspeed/diodes.py,from,dataclasses,,external_or_stdlib
src/pe_claw_gui/libraries/semiconductors/wolfspeed/diodes.py,from,dataclasses,,external_or_stdlib
src/pe_claw_gui/libraries/semiconductors/wolfspeed/diodes.py,from,functools,,external_or_stdlib
src/pe_claw_gui/libraries/semiconductors/wolfspeed/diodes.py,from,pathlib,,external_or_stdlib
src/pe_claw_gui/libraries/semiconductors/wolfspeed/diodes.py,import,re,,external_or_stdlib
src/pe_claw_gui/libraries/semiconductors/wolfspeed/diodes.py,from,typing,,external_or_stdlib
src/pe_claw_gui/libraries/semiconductors/wolfspeed/diodes.py,from,pe_claw_gui.libraries.semiconductors.device_builders,src/pe_claw_gui/libraries/semiconductors/device_builders.py,included_internal
src/pe_claw_gui/libraries/semiconductors/wolfspeed/diodes.py,from,pe_claw_gui.libraries.semiconductors.device_builders,src/pe_claw_gui/libraries/semiconductors/device_builders.py,included_internal
src/pe_claw_gui/libraries/semiconductors/wolfspeed/diodes.py,from,pe_claw_gui.libraries.semiconductors.models,src/pe_claw_gui/libraries/semiconductors/models.py,included_internal
src/pe_claw_gui/libraries/semiconductors/wolfspeed/diodes.py,from,pe_claw_gui.libraries.semiconductors.models,src/pe_claw_gui/libraries/semiconductors/models.py,included_internal
src/pe_claw_gui/libraries/semiconductors/wolfspeed/diodes.py,from,pe_claw_gui.libraries.semiconductors.packages,src/pe_claw_gui/libraries/semiconductors/packages.py,included_internal
src/pe_claw_gui/libraries/semiconductors/wolfspeed/diodes.py,from,pe_claw_gui.libraries.semiconductors.power_device,src/pe_claw_gui/libraries/semiconductors/power_device.py,included_internal
src/pe_claw_gui/libraries/semiconductors/wolfspeed/diodes.py,from,pe_claw_gui.libraries.semiconductors.xml_parser,src/pe_claw_gui/libraries/semiconductors/xml_parser.py,included_internal
src/pe_claw_gui/libraries/semiconductors/wolfspeed/diodes.py,from,pe_claw_gui.libraries.semiconductors.wolfspeed.inference,src/pe_claw_gui/libraries/semiconductors/wolfspeed/inference.py,included_internal
src/pe_claw_gui/libraries/semiconductors/wolfspeed/diodes.py,from,pe_claw_gui.libraries.semiconductors.wolfspeed.inference,src/pe_claw_gui/libraries/semiconductors/wolfspeed/inference.py,included_internal
src/pe_claw_gui/libraries/semiconductors/wolfspeed/diodes.py,from,pe_claw_gui.libraries.semiconductors.wolfspeed.inference,src/pe_claw_gui/libraries/semiconductors/wolfspeed/inference.py,included_internal
src/pe_claw_gui/libraries/semiconductors/wolfspeed/diodes.py,from,pe_claw_gui.libraries.semiconductors.wolfspeed.mosfet_with_diode,src/pe_claw_gui/libraries/semiconductors/wolfspeed/mosfet_with_diode.py,included_internal
src/pe_claw_gui/libraries/semiconductors/wolfspeed/diodes.py,from,pe_claw_gui.libraries.semiconductors.wolfspeed.mosfet_with_diode,src/pe_claw_gui/libraries/semiconductors/wolfspeed/mosfet_with_diode.py,included_internal
src/pe_claw_gui/libraries/semiconductors/wolfspeed/inference.py,from,__future__,,external_or_stdlib
src/pe_claw_gui/libraries/semiconductors/wolfspeed/inference.py,from,importlib,,external_or_stdlib
src/pe_claw_gui/libraries/semiconductors/wolfspeed/inference.py,from,pathlib,,external_or_stdlib
src/pe_claw_gui/libraries/semiconductors/wolfspeed/inference.py,import,re,,external_or_stdlib
src/pe_claw_gui/libraries/semiconductors/wolfspeed/inference.py,from,typing,,external_or_stdlib
src/pe_claw_gui/libraries/semiconductors/wolfspeed/inference.py,from,typing,,external_or_stdlib
src/pe_claw_gui/libraries/semiconductors/wolfspeed/legacy_mosfets.py,from,__future__,,external_or_stdlib
src/pe_claw_gui/libraries/semiconductors/wolfspeed/legacy_mosfets.py,from,dataclasses,,external_or_stdlib
src/pe_claw_gui/libraries/semiconductors/wolfspeed/legacy_mosfets.py,from,dataclasses,,external_or_stdlib
src/pe_claw_gui/libraries/semiconductors/wolfspeed/legacy_mosfets.py,from,functools,,external_or_stdlib
src/pe_claw_gui/libraries/semiconductors/wolfspeed/legacy_mosfets.py,from,pathlib,,external_or_stdlib
src/pe_claw_gui/libraries/semiconductors/wolfspeed/legacy_mosfets.py,import,re,,external_or_stdlib
src/pe_claw_gui/libraries/semiconductors/wolfspeed/legacy_mosfets.py,from,typing,,external_or_stdlib
src/pe_claw_gui/libraries/semiconductors/wolfspeed/legacy_mosfets.py,from,pe_claw_gui.libraries.semiconductors.device_builders,src/pe_claw_gui/libraries/semiconductors/device_builders.py,included_internal
src/pe_claw_gui/libraries/semiconductors/wolfspeed/legacy_mosfets.py,from,pe_claw_gui.libraries.semiconductors.device_builders,src/pe_claw_gui/libraries/semiconductors/device_builders.py,included_internal
src/pe_claw_gui/libraries/semiconductors/wolfspeed/legacy_mosfets.py,from,pe_claw_gui.libraries.semiconductors.models,src/pe_claw_gui/libraries/semiconductors/models.py,included_internal
src/pe_claw_gui/libraries/semiconductors/wolfspeed/legacy_mosfets.py,from,pe_claw_gui.libraries.semiconductors.models,src/pe_claw_gui/libraries/semiconductors/models.py,included_internal
src/pe_claw_gui/libraries/semiconductors/wolfspeed/legacy_mosfets.py,from,pe_claw_gui.libraries.semiconductors.packages,src/pe_claw_gui/libraries/semiconductors/packages.py,included_internal
src/pe_claw_gui/libraries/semiconductors/wolfspeed/legacy_mosfets.py,from,pe_claw_gui.libraries.semiconductors.power_device,src/pe_claw_gui/libraries/semiconductors/power_device.py,included_internal
src/pe_claw_gui/libraries/semiconductors/wolfspeed/legacy_mosfets.py,from,pe_claw_gui.libraries.semiconductors.xml_parser,src/pe_claw_gui/libraries/semiconductors/xml_parser.py,included_internal
src/pe_claw_gui/libraries/semiconductors/wolfspeed/legacy_mosfets.py,from,pe_claw_gui.libraries.semiconductors.wolfspeed.inference,src/pe_claw_gui/libraries/semiconductors/wolfspeed/inference.py,included_internal
src/pe_claw_gui/libraries/semiconductors/wolfspeed/legacy_mosfets.py,from,pe_claw_gui.libraries.semiconductors.wolfspeed.inference,src/pe_claw_gui/libraries/semiconductors/wolfspeed/inference.py,included_internal
src/pe_claw_gui/libraries/semiconductors/wolfspeed/legacy_mosfets.py,from,pe_claw_gui.libraries.semiconductors.wolfspeed.inference,src/pe_claw_gui/libraries/semiconductors/wolfspeed/inference.py,included_internal
src/pe_claw_gui/libraries/semiconductors/wolfspeed/legacy_mosfets.py,from,pe_claw_gui.libraries.semiconductors.wolfspeed.mosfet_with_diode,src/pe_claw_gui/libraries/semiconductors/wolfspeed/mosfet_with_diode.py,included_internal
src/pe_claw_gui/libraries/semiconductors/wolfspeed/legacy_mosfets.py,from,pe_claw_gui.libraries.semiconductors.wolfspeed.mosfet_with_diode,src/pe_claw_gui/libraries/semiconductors/wolfspeed/mosfet_with_diode.py,included_internal
src/pe_claw_gui/libraries/semiconductors/wolfspeed/legacy_mosfets.py,from,pe_claw_gui.libraries.semiconductors.wolfspeed.mosfet_with_diode,src/pe_claw_gui/libraries/semiconductors/wolfspeed/mosfet_with_diode.py,included_internal
src/pe_claw_gui/libraries/semiconductors/wolfspeed/module_readiness.py,from,__future__,,external_or_stdlib
src/pe_claw_gui/libraries/semiconductors/wolfspeed/module_readiness.py,from,dataclasses,,external_or_stdlib
src/pe_claw_gui/libraries/semiconductors/wolfspeed/module_readiness.py,from,pathlib,,external_or_stdlib
src/pe_claw_gui/libraries/semiconductors/wolfspeed/module_readiness.py,import,re,,external_or_stdlib
src/pe_claw_gui/libraries/semiconductors/wolfspeed/module_readiness.py,from,pe_claw_gui.libraries.semiconductors.xml_parser,src/pe_claw_gui/libraries/semiconductors/xml_parser.py,included_internal
src/pe_claw_gui/libraries/semiconductors/wolfspeed/module_readiness.py,from,pe_claw_gui.libraries.semiconductors.wolfspeed.mosfet_with_diode,src/pe_claw_gui/libraries/semiconductors/wolfspeed/mosfet_with_diode.py,included_internal
src/pe_claw_gui/libraries/semiconductors/wolfspeed/modules.py,from,__future__,,external_or_stdlib
src/pe_claw_gui/libraries/semiconductors/wolfspeed/modules.py,from,dataclasses,,external_or_stdlib
src/pe_claw_gui/libraries/semiconductors/wolfspeed/modules.py,from,functools,,external_or_stdlib
src/pe_claw_gui/libraries/semiconductors/wolfspeed/modules.py,from,importlib,,external_or_stdlib
src/pe_claw_gui/libraries/semiconductors/wolfspeed/modules.py,from,pathlib,,external_or_stdlib
src/pe_claw_gui/libraries/semiconductors/wolfspeed/modules.py,import,re,,external_or_stdlib
src/pe_claw_gui/libraries/semiconductors/wolfspeed/modules.py,from,typing,,external_or_stdlib
src/pe_claw_gui/libraries/semiconductors/wolfspeed/modules.py,from,typing,,external_or_stdlib
src/pe_claw_gui/libraries/semiconductors/wolfspeed/modules.py,from,typing,,external_or_stdlib
src/pe_claw_gui/libraries/semiconductors/wolfspeed/modules.py,from,pe_claw_gui.libraries.semiconductors.models,src/pe_claw_gui/libraries/semiconductors/models.py,included_internal
src/pe_claw_gui/libraries/semiconductors/wolfspeed/modules.py,from,pe_claw_gui.libraries.semiconductors.models,src/pe_claw_gui/libraries/semiconductors/models.py,included_internal
src/pe_claw_gui/libraries/semiconductors/wolfspeed/modules.py,from,pe_claw_gui.libraries.semiconductors.power_device,src/pe_claw_gui/libraries/semiconductors/power_device.py,included_internal
src/pe_claw_gui/libraries/semiconductors/wolfspeed/modules.py,from,pe_claw_gui.libraries.semiconductors.sic_module_models,src/pe_claw_gui/libraries/semiconductors/sic_module_models.py,included_internal
src/pe_claw_gui/libraries/semiconductors/wolfspeed/modules.py,from,pe_claw_gui.libraries.semiconductors.sic_module_models,src/pe_claw_gui/libraries/semiconductors/sic_module_models.py,included_internal
src/pe_claw_gui/libraries/semiconductors/wolfspeed/modules.py,from,pe_claw_gui.libraries.semiconductors.sic_module_models,src/pe_claw_gui/libraries/semiconductors/sic_module_models.py,included_internal
src/pe_claw_gui/libraries/semiconductors/wolfspeed/mosfet_with_diode.py,from,__future__,,external_or_stdlib
src/pe_claw_gui/libraries/semiconductors/wolfspeed/mosfet_with_diode.py,from,dataclasses,,external_or_stdlib
src/pe_claw_gui/libraries/semiconductors/wolfspeed/mosfet_with_diode.py,from,dataclasses,,external_or_stdlib
src/pe_claw_gui/libraries/semiconductors/wolfspeed/mosfet_with_diode.py,from,functools,,external_or_stdlib
src/pe_claw_gui/libraries/semiconductors/wolfspeed/mosfet_with_diode.py,from,pathlib,,external_or_stdlib
src/pe_claw_gui/libraries/semiconductors/wolfspeed/mosfet_with_diode.py,import,re,,external_or_stdlib
src/pe_claw_gui/libraries/semiconductors/wolfspeed/mosfet_with_diode.py,from,typing,,external_or_stdlib
src/pe_claw_gui/libraries/semiconductors/wolfspeed/mosfet_with_diode.py,from,pe_claw_gui.libraries.semiconductors.device_builders,src/pe_claw_gui/libraries/semiconductors/device_builders.py,included_internal
src/pe_claw_gui/libraries/semiconductors/wolfspeed/mosfet_with_diode.py,from,pe_claw_gui.libraries.semiconductors.device_builders,src/pe_claw_gui/libraries/semiconductors/device_builders.py,included_internal
src/pe_claw_gui/libraries/semiconductors/wolfspeed/mosfet_with_diode.py,from,pe_claw_gui.libraries.semiconductors.models,src/pe_claw_gui/libraries/semiconductors/models.py,included_internal
src/pe_claw_gui/libraries/semiconductors/wolfspeed/mosfet_with_diode.py,from,pe_claw_gui.libraries.semiconductors.models,src/pe_claw_gui/libraries/semiconductors/models.py,included_internal
src/pe_claw_gui/libraries/semiconductors/wolfspeed/mosfet_with_diode.py,from,pe_claw_gui.libraries.semiconductors.packages,src/pe_claw_gui/libraries/semiconductors/packages.py,included_internal
src/pe_claw_gui/libraries/semiconductors/wolfspeed/mosfet_with_diode.py,from,pe_claw_gui.libraries.semiconductors.power_device,src/pe_claw_gui/libraries/semiconductors/power_device.py,included_internal
src/pe_claw_gui/libraries/semiconductors/wolfspeed/mosfet_with_diode.py,from,pe_claw_gui.libraries.semiconductors.xml_parser,src/pe_claw_gui/libraries/semiconductors/xml_parser.py,included_internal
src/pe_claw_gui/libraries/semiconductors/wolfspeed/mosfet_with_diode.py,from,pe_claw_gui.libraries.semiconductors.wolfspeed.inference,src/pe_claw_gui/libraries/semiconductors/wolfspeed/inference.py,included_internal
src/pe_claw_gui/libraries/semiconductors/wolfspeed/mosfet_with_diode.py,from,pe_claw_gui.libraries.semiconductors.wolfspeed.inference,src/pe_claw_gui/libraries/semiconductors/wolfspeed/inference.py,included_internal
src/pe_claw_gui/libraries/semiconductors/wolfspeed/mosfet_with_diode.py,from,pe_claw_gui.libraries.semiconductors.wolfspeed.inference,src/pe_claw_gui/libraries/semiconductors/wolfspeed/inference.py,included_internal
src/pe_claw_gui/libraries/semiconductors/xml_parser.py,from,__future__,,external_or_stdlib
src/pe_claw_gui/libraries/semiconductors/xml_parser.py,from,pathlib,,external_or_stdlib
src/pe_claw_gui/libraries/semiconductors/xml_parser.py,import,xml.etree.ElementTree,,external_or_stdlib
src/pe_claw_gui/libraries/semiconductors/xml_parser.py,import,numpy,,external_or_stdlib
src/pe_claw_gui/libraries/semiconductors/xml_parser.py,from,pe_claw_gui.libraries.semiconductors.lookup_table,src/pe_claw_gui/libraries/semiconductors/lookup_table.py,included_internal
src/pe_claw_gui/libraries/semiconductors/xml_parser.py,from,pe_claw_gui.libraries.semiconductors.lookup_table,src/pe_claw_gui/libraries/semiconductors/lookup_table.py,included_internal
src/pe_claw_gui/libraries/semiconductors/xml_parser.py,from,pe_claw_gui.libraries.semiconductors.models,src/pe_claw_gui/libraries/semiconductors/models.py,included_internal
src/pe_claw_gui/libraries/semiconductors/xml_parser.py,from,pe_claw_gui.libraries.semiconductors.models,src/pe_claw_gui/libraries/semiconductors/models.py,included_internal
src/pe_claw_gui/main.py,from,__future__,,external_or_stdlib
src/pe_claw_gui/main.py,import,pathlib,,external_or_stdlib
src/pe_claw_gui/main.py,import,sys,,external_or_stdlib
src/pe_claw_gui/main.py,from,pe_claw_gui.app.main,src/pe_claw_gui/app/main.py,included_internal
src/pe_claw_gui/main.py,from,pe_claw_gui.app.main,src/pe_claw_gui/app/main.py,included_internal
src/pe_claw_gui/models/__init__.py,from,pe_claw_gui.models.topology_recommendation,src/pe_claw_gui/models/topology_recommendation.py,included_internal
src/pe_claw_gui/models/__init__.py,from,pe_claw_gui.models.topology_recommendation,src/pe_claw_gui/models/topology_recommendation.py,included_internal
src/pe_claw_gui/models/__init__.py,from,pe_claw_gui.models.bridge_rectifier,src/pe_claw_gui/models/bridge_rectifier.py,included_internal
src/pe_claw_gui/models/__init__.py,from,pe_claw_gui.models.bridge_rectifier,src/pe_claw_gui/models/bridge_rectifier.py,included_internal
src/pe_claw_gui/models/__init__.py,from,pe_claw_gui.models.bridge_rectifier,src/pe_claw_gui/models/bridge_rectifier.py,included_internal
src/pe_claw_gui/models/__init__.py,from,pe_claw_gui.models.bridge_rectifier,src/pe_claw_gui/models/bridge_rectifier.py,included_internal
src/pe_claw_gui/models/__init__.py,from,pe_claw_gui.models.bridge_rectifier,src/pe_claw_gui/models/bridge_rectifier.py,included_internal
src/pe_claw_gui/models/__init__.py,from,pe_claw_gui.models.bridge_rectifier,src/pe_claw_gui/models/bridge_rectifier.py,included_internal
src/pe_claw_gui/models/__init__.py,from,pe_claw_gui.models.bridge_rectifier,src/pe_claw_gui/models/bridge_rectifier.py,included_internal
src/pe_claw_gui/models/__init__.py,from,pe_claw_gui.models.common_spec,src/pe_claw_gui/models/common_spec.py,included_internal
src/pe_claw_gui/models/__init__.py,from,pe_claw_gui.models.design_assessment,src/pe_claw_gui/models/design_assessment.py,included_internal
src/pe_claw_gui/models/__init__.py,from,pe_claw_gui.models.design_assessment,src/pe_claw_gui/models/design_assessment.py,included_internal
src/pe_claw_gui/models/__init__.py,from,pe_claw_gui.models.design_intent,src/pe_claw_gui/models/design_intent.py,included_internal
src/pe_claw_gui/models/__init__.py,from,pe_claw_gui.models.design_report,src/pe_claw_gui/models/design_report.py,included_internal
src/pe_claw_gui/models/__init__.py,from,pe_claw_gui.models.device_loss,src/pe_claw_gui/models/device_loss.py,included_internal
src/pe_claw_gui/models/__init__.py,from,pe_claw_gui.models.device_loss,src/pe_claw_gui/models/device_loss.py,included_internal
src/pe_claw_gui/models/__init__.py,from,pe_claw_gui.models.device_result,src/pe_claw_gui/models/device_result.py,included_internal
src/pe_claw_gui/models/__init__.py,from,pe_claw_gui.models.efficiency_sweep,src/pe_claw_gui/models/efficiency_sweep.py,included_internal
src/pe_claw_gui/models/__init__.py,from,pe_claw_gui.models.efficiency_sweep,src/pe_claw_gui/models/efficiency_sweep.py,included_internal
src/pe_claw_gui/models/__init__.py,from,pe_claw_gui.models.device_thermal,src/pe_claw_gui/models/device_thermal.py,included_internal
src/pe_claw_gui/models/__init__.py,from,pe_claw_gui.models.device_thermal,src/pe_claw_gui/models/device_thermal.py,included_internal
src/pe_claw_gui/models/__init__.py,from,pe_claw_gui.models.geometry_result,src/pe_claw_gui/models/geometry_result.py,included_internal
src/pe_claw_gui/models/__init__.py,from,pe_claw_gui.models.geometry_result,src/pe_claw_gui/models/geometry_result.py,included_internal
src/pe_claw_gui/models/__init__.py,from,pe_claw_gui.models.inductor,src/pe_claw_gui/models/inductor.py,included_internal
src/pe_claw_gui/models/__init__.py,from,pe_claw_gui.models.inductor,src/pe_claw_gui/models/inductor.py,included_internal
src/pe_claw_gui/models/__init__.py,from,pe_claw_gui.models.inductor,src/pe_claw_gui/models/inductor.py,included_internal
src/pe_claw_gui/models/__init__.py,from,pe_claw_gui.models.inductor,src/pe_claw_gui/models/inductor.py,included_internal
src/pe_claw_gui/models/__init__.py,from,pe_claw_gui.models.loss_result,src/pe_claw_gui/models/loss_result.py,included_internal
src/pe_claw_gui/models/__init__.py,from,pe_claw_gui.models.magnetic_loss_contract,src/pe_claw_gui/models/magnetic_loss_contract.py,included_internal
src/pe_claw_gui/models/__init__.py,from,pe_claw_gui.models.magnetic_loss_contract,src/pe_claw_gui/models/magnetic_loss_contract.py,included_internal
src/pe_claw_gui/models/__init__.py,from,pe_claw_gui.models.magnetic_loss_contract,src/pe_claw_gui/models/magnetic_loss_contract.py,included_internal
src/pe_claw_gui/models/__init__.py,from,pe_claw_gui.models.magnetic_loss_contract,src/pe_claw_gui/models/magnetic_loss_contract.py,included_internal
src/pe_claw_gui/models/__init__.py,from,pe_claw_gui.models.magnetic_loss_contract,src/pe_claw_gui/models/magnetic_loss_contract.py,included_internal
src/pe_claw_gui/models/__init__.py,from,pe_claw_gui.models.magnetic_loss_contract,src/pe_claw_gui/models/magnetic_loss_contract.py,included_internal
src/pe_claw_gui/models/__init__.py,from,pe_claw_gui.models.magnetic_loss_contract,src/pe_claw_gui/models/magnetic_loss_contract.py,included_internal
src/pe_claw_gui/models/__init__.py,from,pe_claw_gui.models.magnetic_loss_contract,src/pe_claw_gui/models/magnetic_loss_contract.py,included_internal
src/pe_claw_gui/models/__init__.py,from,pe_claw_gui.models.magnetic_loss_contract,src/pe_claw_gui/models/magnetic_loss_contract.py,included_internal
src/pe_claw_gui/models/__init__.py,from,pe_claw_gui.models.magnetic_loss_contract,src/pe_claw_gui/models/magnetic_loss_contract.py,included_internal
src/pe_claw_gui/models/__init__.py,from,pe_claw_gui.models.magnetic_loss_contract,src/pe_claw_gui/models/magnetic_loss_contract.py,included_internal
src/pe_claw_gui/models/__init__.py,from,pe_claw_gui.models.magnetic_loss_contract,src/pe_claw_gui/models/magnetic_loss_contract.py,included_internal
src/pe_claw_gui/models/__init__.py,from,pe_claw_gui.models.magnetic_loss_contract,src/pe_claw_gui/models/magnetic_loss_contract.py,included_internal
src/pe_claw_gui/models/__init__.py,from,pe_claw_gui.models.magnetic_result,src/pe_claw_gui/models/magnetic_result.py,included_internal
src/pe_claw_gui/models/__init__.py,from,pe_claw_gui.models.magnetic_winding_contract,src/pe_claw_gui/models/magnetic_winding_contract.py,included_internal
src/pe_claw_gui/models/__init__.py,from,pe_claw_gui.models.openmagnetics_component_contract,src/pe_claw_gui/models/openmagnetics_component_contract.py,included_internal
src/pe_claw_gui/models/__init__.py,from,pe_claw_gui.models.openmagnetics_component_contract,src/pe_claw_gui/models/openmagnetics_component_contract.py,included_internal
src/pe_claw_gui/models/__init__.py,from,pe_claw_gui.models.openmagnetics_component_contract,src/pe_claw_gui/models/openmagnetics_component_contract.py,included_internal
src/pe_claw_gui/models/__init__.py,from,pe_claw_gui.models.openmagnetics_component_contract,src/pe_claw_gui/models/openmagnetics_component_contract.py,included_internal
src/pe_claw_gui/models/__init__.py,from,pe_claw_gui.models.openmagnetics_component_contract,src/pe_claw_gui/models/openmagnetics_component_contract.py,included_internal
src/pe_claw_gui/models/__init__.py,from,pe_claw_gui.models.openmagnetics_component_contract,src/pe_claw_gui/models/openmagnetics_component_contract.py,included_internal
src/pe_claw_gui/models/__init__.py,from,pe_claw_gui.models.openmagnetics_component_contract,src/pe_claw_gui/models/openmagnetics_component_contract.py,included_internal
src/pe_claw_gui/models/__init__.py,from,pe_claw_gui.models.openmagnetics_component_contract,src/pe_claw_gui/models/openmagnetics_component_contract.py,included_internal
src/pe_claw_gui/models/__init__.py,from,pe_claw_gui.models.openmagnetics_component_contract,src/pe_claw_gui/models/openmagnetics_component_contract.py,included_internal
src/pe_claw_gui/models/__init__.py,from,pe_claw_gui.models.openmagnetics_component_contract,src/pe_claw_gui/models/openmagnetics_component_contract.py,included_internal
src/pe_claw_gui/models/__init__.py,from,pe_claw_gui.models.operating_point,src/pe_claw_gui/models/operating_point.py,included_internal
src/pe_claw_gui/models/__init__.py,from,pe_claw_gui.models.semiconductor_geometry_result,src/pe_claw_gui/models/semiconductor_geometry_result.py,included_internal
src/pe_claw_gui/models/__init__.py,from,pe_claw_gui.models.semiconductor_geometry_result,src/pe_claw_gui/models/semiconductor_geometry_result.py,included_internal
src/pe_claw_gui/models/__init__.py,from,pe_claw_gui.models.pipeline,src/pe_claw_gui/models/pipeline.py,included_internal
src/pe_claw_gui/models/__init__.py,from,pe_claw_gui.models.pipeline,src/pe_claw_gui/models/pipeline.py,included_internal
src/pe_claw_gui/models/__init__.py,from,pe_claw_gui.models.pipeline,src/pe_claw_gui/models/pipeline.py,included_internal
src/pe_claw_gui/models/__init__.py,from,pe_claw_gui.models.pipeline,src/pe_claw_gui/models/pipeline.py,included_internal
src/pe_claw_gui/models/__init__.py,from,pe_claw_gui.models.pipeline,src/pe_claw_gui/models/pipeline.py,included_internal
src/pe_claw_gui/models/__init__.py,from,pe_claw_gui.models.pipeline,src/pe_claw_gui/models/pipeline.py,included_internal
src/pe_claw_gui/models/__init__.py,from,pe_claw_gui.models.pipeline,src/pe_claw_gui/models/pipeline.py,included_internal
src/pe_claw_gui/models/__init__.py,from,pe_claw_gui.models.pipeline,src/pe_claw_gui/models/pipeline.py,included_internal
src/pe_claw_gui/models/__init__.py,from,pe_claw_gui.models.pipeline,src/pe_claw_gui/models/pipeline.py,included_internal
src/pe_claw_gui/models/__init__.py,from,pe_claw_gui.models.pipeline,src/pe_claw_gui/models/pipeline.py,included_internal
src/pe_claw_gui/models/__init__.py,from,pe_claw_gui.models.stress_result,src/pe_claw_gui/models/stress_result.py,included_internal
src/pe_claw_gui/models/__init__.py,from,pe_claw_gui.models.thermal_result,src/pe_claw_gui/models/thermal_result.py,included_internal
src/pe_claw_gui/models/__init__.py,from,pe_claw_gui.models.thermal_result,src/pe_claw_gui/models/thermal_result.py,included_internal
src/pe_claw_gui/models/__init__.py,from,pe_claw_gui.models.thermal_result,src/pe_claw_gui/models/thermal_result.py,included_internal
src/pe_claw_gui/models/__init__.py,from,pe_claw_gui.models.topology_comparison,src/pe_claw_gui/models/topology_comparison.py,included_internal
src/pe_claw_gui/models/__init__.py,from,pe_claw_gui.models.topology_comparison,src/pe_claw_gui/models/topology_comparison.py,included_internal
src/pe_claw_gui/models/__init__.py,from,pe_claw_gui.models.waveform,src/pe_claw_gui/models/waveform.py,included_internal
src/pe_claw_gui/models/ac_dc_reactor.py,from,__future__,,external_or_stdlib
src/pe_claw_gui/models/ac_dc_reactor.py,from,dataclasses,,external_or_stdlib
src/pe_claw_gui/models/ac_dc_reactor.py,from,dataclasses,,external_or_stdlib
src/pe_claw_gui/models/ac_dc_reactor.py,from,typing,,external_or_stdlib
src/pe_claw_gui/models/bridge_rectifier.py,from,__future__,,external_or_stdlib
src/pe_claw_gui/models/bridge_rectifier.py,from,dataclasses,,external_or_stdlib
src/pe_claw_gui/models/bridge_rectifier.py,from,dataclasses,,external_or_stdlib
src/pe_claw_gui/models/capacitor.py,from,__future__,,external_or_stdlib
src/pe_claw_gui/models/capacitor.py,from,dataclasses,,external_or_stdlib
src/pe_claw_gui/models/capacitor.py,from,dataclasses,,external_or_stdlib
src/pe_claw_gui/models/common_spec.py,from,__future__,,external_or_stdlib
src/pe_claw_gui/models/common_spec.py,from,dataclasses,,external_or_stdlib
src/pe_claw_gui/models/common_spec.py,from,dataclasses,,external_or_stdlib
src/pe_claw_gui/models/common_spec.py,from,typing,,external_or_stdlib
src/pe_claw_gui/models/design_assessment.py,from,__future__,,external_or_stdlib
src/pe_claw_gui/models/design_assessment.py,from,dataclasses,,external_or_stdlib
src/pe_claw_gui/models/design_assessment.py,from,dataclasses,,external_or_stdlib
src/pe_claw_gui/models/design_assessment.py,from,math,,external_or_stdlib
src/pe_claw_gui/models/design_intent.py,from,__future__,,external_or_stdlib
src/pe_claw_gui/models/design_intent.py,from,dataclasses,,external_or_stdlib
src/pe_claw_gui/models/design_intent.py,from,dataclasses,,external_or_stdlib
src/pe_claw_gui/models/design_intent.py,from,dataclasses,,external_or_stdlib
src/pe_claw_gui/models/design_intent.py,from,typing,,external_or_stdlib
src/pe_claw_gui/models/design_report.py,from,__future__,,external_or_stdlib
src/pe_claw_gui/models/design_report.py,from,dataclasses,,external_or_stdlib
src/pe_claw_gui/models/design_report.py,from,dataclasses,,external_or_stdlib
src/pe_claw_gui/models/design_report.py,from,typing,,external_or_stdlib
src/pe_claw_gui/models/design_report.py,from,pe_claw_gui.models.capacitor,src/pe_claw_gui/models/capacitor.py,included_internal
src/pe_claw_gui/models/design_report.py,from,pe_claw_gui.models.bridge_rectifier,src/pe_claw_gui/models/bridge_rectifier.py,included_internal
src/pe_claw_gui/models/design_report.py,from,pe_claw_gui.models.common_spec,src/pe_claw_gui/models/common_spec.py,included_internal
src/pe_claw_gui/models/design_report.py,from,pe_claw_gui.models.design_assessment,src/pe_claw_gui/models/design_assessment.py,included_internal
src/pe_claw_gui/models/design_report.py,from,pe_claw_gui.models.device_result,src/pe_claw_gui/models/device_result.py,included_internal
src/pe_claw_gui/models/design_report.py,from,pe_claw_gui.models.efficiency_sweep,src/pe_claw_gui/models/efficiency_sweep.py,included_internal
src/pe_claw_gui/models/design_report.py,from,pe_claw_gui.models.geometry_result,src/pe_claw_gui/models/geometry_result.py,included_internal
src/pe_claw_gui/models/design_report.py,from,pe_claw_gui.models.loss_result,src/pe_claw_gui/models/loss_result.py,included_internal
src/pe_claw_gui/models/design_report.py,from,pe_claw_gui.models.magnetic_result,src/pe_claw_gui/models/magnetic_result.py,included_internal
src/pe_claw_gui/models/design_report.py,from,pe_claw_gui.models.operating_point,src/pe_claw_gui/models/operating_point.py,included_internal
src/pe_claw_gui/models/design_report.py,from,pe_claw_gui.models.semiconductor_geometry_result,src/pe_claw_gui/models/semiconductor_geometry_result.py,included_internal
src/pe_claw_gui/models/design_report.py,from,pe_claw_gui.models.stress_result,src/pe_claw_gui/models/stress_result.py,included_internal
src/pe_claw_gui/models/design_report.py,from,pe_claw_gui.models.thermal_result,src/pe_claw_gui/models/thermal_result.py,included_internal
src/pe_claw_gui/models/design_report.py,from,pe_claw_gui.models.waveform,src/pe_claw_gui/models/waveform.py,included_internal
src/pe_claw_gui/models/design_report.py,from,pe_claw_gui.topologies.base.candidate,src/pe_claw_gui/topologies/base/candidate.py,included_internal
src/pe_claw_gui/models/design_report.py,from,pe_claw_gui.topologies.base.result,src/pe_claw_gui/topologies/base/result.py,included_internal
src/pe_claw_gui/models/device_loss.py,from,__future__,,external_or_stdlib
src/pe_claw_gui/models/device_loss.py,from,dataclasses,,external_or_stdlib
src/pe_claw_gui/models/device_loss.py,from,dataclasses,,external_or_stdlib
src/pe_claw_gui/models/device_result.py,from,__future__,,external_or_stdlib
src/pe_claw_gui/models/device_result.py,from,dataclasses,,external_or_stdlib
src/pe_claw_gui/models/device_result.py,from,dataclasses,,external_or_stdlib
src/pe_claw_gui/models/device_result.py,from,pe_claw_gui.models.device_loss,src/pe_claw_gui/models/device_loss.py,included_internal
src/pe_claw_gui/models/device_result.py,from,pe_claw_gui.models.device_loss,src/pe_claw_gui/models/device_loss.py,included_internal
src/pe_claw_gui/models/device_thermal.py,from,__future__,,external_or_stdlib
src/pe_claw_gui/models/device_thermal.py,from,dataclasses,,external_or_stdlib
src/pe_claw_gui/models/device_thermal.py,from,dataclasses,,external_or_stdlib
src/pe_claw_gui/models/efficiency_sweep.py,from,__future__,,external_or_stdlib
src/pe_claw_gui/models/efficiency_sweep.py,from,dataclasses,,external_or_stdlib
src/pe_claw_gui/models/efficiency_sweep.py,from,dataclasses,,external_or_stdlib
src/pe_claw_gui/models/efficiency_sweep.py,from,dataclasses,,external_or_stdlib
src/pe_claw_gui/models/geometry_result.py,from,__future__,,external_or_stdlib
src/pe_claw_gui/models/geometry_result.py,from,dataclasses,,external_or_stdlib
src/pe_claw_gui/models/geometry_result.py,from,dataclasses,,external_or_stdlib
src/pe_claw_gui/models/inductor.py,from,__future__,,external_or_stdlib
src/pe_claw_gui/models/inductor.py,from,dataclasses,,external_or_stdlib
src/pe_claw_gui/models/inductor.py,from,dataclasses,,external_or_stdlib
src/pe_claw_gui/models/inductor.py,from,typing,,external_or_stdlib
src/pe_claw_gui/models/loss_result.py,from,__future__,,external_or_stdlib
src/pe_claw_gui/models/loss_result.py,from,dataclasses,,external_or_stdlib
src/pe_claw_gui/models/loss_result.py,from,dataclasses,,external_or_stdlib
src/pe_claw_gui/models/magnetic_loss_contract.py,from,__future__,,external_or_stdlib
src/pe_claw_gui/models/magnetic_loss_contract.py,from,dataclasses,,external_or_stdlib
src/pe_claw_gui/models/magnetic_loss_contract.py,from,enum,,external_or_stdlib
src/pe_claw_gui/models/magnetic_loss_contract.py,import,json,,external_or_stdlib
src/pe_claw_gui/models/magnetic_loss_contract.py,import,math,,external_or_stdlib
src/pe_claw_gui/models/magnetic_loss_contract.py,from,types,,external_or_stdlib
src/pe_claw_gui/models/magnetic_loss_contract.py,from,typing,,external_or_stdlib
src/pe_claw_gui/models/magnetic_loss_contract.py,from,typing,,external_or_stdlib
src/pe_claw_gui/models/magnetic_result.py,from,__future__,,external_or_stdlib
src/pe_claw_gui/models/magnetic_result.py,from,dataclasses,,external_or_stdlib
src/pe_claw_gui/models/magnetic_result.py,from,dataclasses,,external_or_stdlib
src/pe_claw_gui/models/magnetic_result.py,from,typing,,external_or_stdlib
src/pe_claw_gui/models/magnetic_result.py,from,pe_claw_gui.models.inductor,src/pe_claw_gui/models/inductor.py,included_internal
src/pe_claw_gui/models/magnetic_result.py,from,pe_claw_gui.models.inductor,src/pe_claw_gui/models/inductor.py,included_internal
src/pe_claw_gui/models/magnetic_result.py,from,pe_claw_gui.models.ac_dc_reactor,src/pe_claw_gui/models/ac_dc_reactor.py,included_internal
src/pe_claw_gui/models/magnetic_winding_contract.py,from,__future__,,external_or_stdlib
src/pe_claw_gui/models/magnetic_winding_contract.py,from,dataclasses,,external_or_stdlib
src/pe_claw_gui/models/magnetic_winding_contract.py,import,json,,external_or_stdlib
src/pe_claw_gui/models/magnetic_winding_contract.py,import,math,,external_or_stdlib
src/pe_claw_gui/models/magnetic_winding_contract.py,from,types,,external_or_stdlib
src/pe_claw_gui/models/magnetic_winding_contract.py,from,typing,,external_or_stdlib
src/pe_claw_gui/models/magnetic_winding_contract.py,from,typing,,external_or_stdlib
src/pe_claw_gui/models/openmagnetics_component_contract.py,from,__future__,,external_or_stdlib
src/pe_claw_gui/models/openmagnetics_component_contract.py,from,dataclasses,,external_or_stdlib
src/pe_claw_gui/models/openmagnetics_component_contract.py,import,json,,external_or_stdlib
src/pe_claw_gui/models/openmagnetics_component_contract.py,import,math,,external_or_stdlib
src/pe_claw_gui/models/openmagnetics_component_contract.py,from,types,,external_or_stdlib
src/pe_claw_gui/models/openmagnetics_component_contract.py,from,typing,,external_or_stdlib
src/pe_claw_gui/models/openmagnetics_component_contract.py,from,typing,,external_or_stdlib
src/pe_claw_gui/models/openmagnetics_component_contract.py,from,pe_claw_gui.models.magnetic_loss_contract,src/pe_claw_gui/models/magnetic_loss_contract.py,included_internal
src/pe_claw_gui/models/openmagnetics_component_contract.py,from,pe_claw_gui.models.magnetic_loss_contract,src/pe_claw_gui/models/magnetic_loss_contract.py,included_internal
src/pe_claw_gui/models/operating_point.py,from,__future__,,external_or_stdlib
src/pe_claw_gui/models/operating_point.py,from,dataclasses,,external_or_stdlib
src/pe_claw_gui/models/pipeline.py,from,__future__,,external_or_stdlib
src/pe_claw_gui/models/pipeline.py,from,dataclasses,,external_or_stdlib
src/pe_claw_gui/models/pipeline.py,from,dataclasses,,external_or_stdlib
src/pe_claw_gui/models/pipeline.py,from,pe_claw_gui.models.common_spec,src/pe_claw_gui/models/common_spec.py,included_internal
src/pe_claw_gui/models/pipeline.py,from,pe_claw_gui.models.design_report,src/pe_claw_gui/models/design_report.py,included_internal
src/pe_claw_gui/models/pipeline.py,from,pe_claw_gui.models.stress_result,src/pe_claw_gui/models/stress_result.py,included_internal
src/pe_claw_gui/models/pipeline.py,from,pe_claw_gui.models.stress_result,src/pe_claw_gui/models/stress_result.py,included_internal
src/pe_claw_gui/models/pipeline.py,from,pe_claw_gui.models.waveform,src/pe_claw_gui/models/waveform.py,included_internal
src/pe_claw_gui/models/semiconductor_geometry_result.py,from,__future__,,external_or_stdlib
src/pe_claw_gui/models/semiconductor_geometry_result.py,from,dataclasses,,external_or_stdlib
src/pe_claw_gui/models/semiconductor_geometry_result.py,from,dataclasses,,external_or_stdlib
src/pe_claw_gui/models/stress_result.py,from,__future__,,external_or_stdlib
src/pe_claw_gui/models/stress_result.py,from,dataclasses,,external_or_stdlib
src/pe_claw_gui/models/stress_result.py,from,dataclasses,,external_or_stdlib
src/pe_claw_gui/models/thermal_result.py,from,__future__,,external_or_stdlib
src/pe_claw_gui/models/thermal_result.py,from,dataclasses,,external_or_stdlib
src/pe_claw_gui/models/thermal_result.py,from,dataclasses,,external_or_stdlib
src/pe_claw_gui/models/topology_comparison.py,from,__future__,,external_or_stdlib
src/pe_claw_gui/models/topology_comparison.py,from,dataclasses,,external_or_stdlib
src/pe_claw_gui/models/topology_comparison.py,from,dataclasses,,external_or_stdlib
src/pe_claw_gui/models/topology_comparison.py,from,math,,external_or_stdlib
src/pe_claw_gui/models/topology_recommendation.py,from,__future__,,external_or_stdlib
src/pe_claw_gui/models/topology_recommendation.py,from,dataclasses,,external_or_stdlib
src/pe_claw_gui/models/topology_recommendation.py,from,dataclasses,,external_or_stdlib
src/pe_claw_gui/models/topology_recommendation.py,from,typing,,external_or_stdlib
src/pe_claw_gui/models/topology_recommendation.py,from,typing,,external_or_stdlib
src/pe_claw_gui/models/waveform.py,from,__future__,,external_or_stdlib
src/pe_claw_gui/models/waveform.py,from,dataclasses,,external_or_stdlib
src/pe_claw_gui/models/waveform.py,from,dataclasses,,external_or_stdlib
src/pe_claw_gui/pipeline/__init__.py,from,pe_claw_gui.pipeline.run_device_pipeline,src/pe_claw_gui/pipeline/run_device_pipeline.py,included_internal
src/pe_claw_gui/pipeline/__init__.py,from,pe_claw_gui.pipeline.run_device_pipeline,src/pe_claw_gui/pipeline/run_device_pipeline.py,included_internal
src/pe_claw_gui/pipeline/__init__.py,from,pe_claw_gui.pipeline.run_design_assessment_pipeline,src/pe_claw_gui/pipeline/run_design_assessment_pipeline.py,excluded_out_of_scope_dependency
src/pe_claw_gui/pipeline/__init__.py,from,pe_claw_gui.pipeline.run_efficiency_sweep_pipeline,src/pe_claw_gui/pipeline/run_efficiency_sweep_pipeline.py,included_internal
src/pe_claw_gui/pipeline/__init__.py,from,pe_claw_gui.pipeline.run_bridge_rectifier_pipeline,src/pe_claw_gui/pipeline/run_bridge_rectifier_pipeline.py,included_internal
src/pe_claw_gui/pipeline/__init__.py,from,pe_claw_gui.pipeline.run_capacitor_geometry_pipeline,src/pe_claw_gui/pipeline/run_capacitor_geometry_pipeline.py,included_internal
src/pe_claw_gui/pipeline/__init__.py,from,pe_claw_gui.pipeline.run_capacitor_pipeline,src/pe_claw_gui/pipeline/run_capacitor_pipeline.py,included_internal
src/pe_claw_gui/pipeline/__init__.py,from,pe_claw_gui.pipeline.run_capacitor_pipeline,src/pe_claw_gui/pipeline/run_capacitor_pipeline.py,included_internal
src/pe_claw_gui/pipeline/__init__.py,from,pe_claw_gui.pipeline.run_full_pipeline,src/pe_claw_gui/pipeline/run_full_pipeline.py,included_internal
src/pe_claw_gui/pipeline/__init__.py,from,pe_claw_gui.pipeline.run_geometry_pipeline,src/pe_claw_gui/pipeline/run_geometry_pipeline.py,included_internal
src/pe_claw_gui/pipeline/__init__.py,from,pe_claw_gui.pipeline.run_loss_pipeline,src/pe_claw_gui/pipeline/run_loss_pipeline.py,included_internal
src/pe_claw_gui/pipeline/__init__.py,from,pe_claw_gui.pipeline.run_magnetic_pipeline,src/pe_claw_gui/pipeline/run_magnetic_pipeline.py,included_internal
src/pe_claw_gui/pipeline/__init__.py,from,pe_claw_gui.pipeline.run_operating_point_refresh,src/pe_claw_gui/pipeline/run_operating_point_refresh.py,included_internal
src/pe_claw_gui/pipeline/__init__.py,from,pe_claw_gui.pipeline.run_thermal_pipeline,src/pe_claw_gui/pipeline/run_thermal_pipeline.py,included_internal
src/pe_claw_gui/pipeline/__init__.py,from,pe_claw_gui.pipeline.run_topology_pipeline,src/pe_claw_gui/pipeline/run_topology_pipeline.py,included_internal
src/pe_claw_gui/pipeline/__init__.py,from,pe_claw_gui.pipeline.run_topology_pipeline,src/pe_claw_gui/pipeline/run_topology_pipeline.py,included_internal
src/pe_claw_gui/pipeline/__init__.py,from,pe_claw_gui.pipeline.run_topology_pipeline,src/pe_claw_gui/pipeline/run_topology_pipeline.py,included_internal
src/pe_claw_gui/pipeline/__init__.py,from,pe_claw_gui.pipeline.run_topology_pipeline,src/pe_claw_gui/pipeline/run_topology_pipeline.py,included_internal
src/pe_claw_gui/pipeline/options.py,from,__future__,,external_or_stdlib
src/pe_claw_gui/pipeline/options.py,from,dataclasses,,external_or_stdlib
src/pe_claw_gui/pipeline/run_bridge_rectifier_pipeline.py,from,__future__,,external_or_stdlib
src/pe_claw_gui/pipeline/run_bridge_rectifier_pipeline.py,from,dataclasses,,external_or_stdlib
src/pe_claw_gui/pipeline/run_bridge_rectifier_pipeline.py,from,pathlib,,external_or_stdlib
src/pe_claw_gui/pipeline/run_bridge_rectifier_pipeline.py,from,pe_claw_gui.engines.devices.bridge_rectifier_selector,src/pe_claw_gui/engines/devices/bridge_rectifier_selector.py,included_internal
src/pe_claw_gui/pipeline/run_bridge_rectifier_pipeline.py,from,pe_claw_gui.libraries.semiconductors.bridge_rectifier_candidates,src/pe_claw_gui/libraries/semiconductors/bridge_rectifier_candidates.py,included_internal
src/pe_claw_gui/pipeline/run_bridge_rectifier_pipeline.py,from,pe_claw_gui.models.bridge_rectifier,src/pe_claw_gui/models/bridge_rectifier.py,included_internal
src/pe_claw_gui/pipeline/run_bridge_rectifier_pipeline.py,from,pe_claw_gui.models.design_report,src/pe_claw_gui/models/design_report.py,included_internal
src/pe_claw_gui/pipeline/run_capacitor_geometry_pipeline.py,from,__future__,,external_or_stdlib
src/pe_claw_gui/pipeline/run_capacitor_geometry_pipeline.py,import,time,,external_or_stdlib
src/pe_claw_gui/pipeline/run_capacitor_geometry_pipeline.py,from,dataclasses,,external_or_stdlib
src/pe_claw_gui/pipeline/run_capacitor_geometry_pipeline.py,from,pathlib,,external_or_stdlib
src/pe_claw_gui/pipeline/run_capacitor_geometry_pipeline.py,from,pe_claw_gui.models.capacitor,src/pe_claw_gui/models/capacitor.py,included_internal
src/pe_claw_gui/pipeline/run_capacitor_geometry_pipeline.py,from,pe_claw_gui.models.capacitor,src/pe_claw_gui/models/capacitor.py,included_internal
src/pe_claw_gui/pipeline/run_capacitor_geometry_pipeline.py,from,pe_claw_gui.models.capacitor,src/pe_claw_gui/models/capacitor.py,included_internal
src/pe_claw_gui/pipeline/run_capacitor_geometry_pipeline.py,from,pe_claw_gui.models.capacitor,src/pe_claw_gui/models/capacitor.py,included_internal
src/pe_claw_gui/pipeline/run_capacitor_geometry_pipeline.py,from,pe_claw_gui.models.capacitor,src/pe_claw_gui/models/capacitor.py,included_internal
src/pe_claw_gui/pipeline/run_capacitor_geometry_pipeline.py,from,pe_claw_gui.models.capacitor,src/pe_claw_gui/models/capacitor.py,included_internal
src/pe_claw_gui/pipeline/run_capacitor_geometry_pipeline.py,from,pe_claw_gui.models.capacitor,src/pe_claw_gui/models/capacitor.py,included_internal
src/pe_claw_gui/pipeline/run_capacitor_geometry_pipeline.py,from,pe_claw_gui.models.capacitor,src/pe_claw_gui/models/capacitor.py,included_internal
src/pe_claw_gui/pipeline/run_capacitor_geometry_pipeline.py,from,pe_claw_gui.models.capacitor,src/pe_claw_gui/models/capacitor.py,included_internal
src/pe_claw_gui/pipeline/run_capacitor_geometry_pipeline.py,from,pe_claw_gui.models.design_report,src/pe_claw_gui/models/design_report.py,included_internal
src/pe_claw_gui/pipeline/run_capacitor_geometry_pipeline.py,from,pe_claw_gui.visualization.capacitors,src/pe_claw_gui/visualization/capacitors/__init__.py,included_internal
src/pe_claw_gui/pipeline/run_capacitor_geometry_pipeline.py,from,pe_claw_gui.visualization.capacitors,src/pe_claw_gui/visualization/capacitors/__init__.py,included_internal
src/pe_claw_gui/pipeline/run_capacitor_geometry_pipeline.py,from,pe_claw_gui.visualization.capacitors,src/pe_claw_gui/visualization/capacitors/__init__.py,included_internal
src/pe_claw_gui/pipeline/run_capacitor_geometry_pipeline.py,from,pe_claw_gui.visualization.capacitors,src/pe_claw_gui/visualization/capacitors/__init__.py,included_internal
src/pe_claw_gui/pipeline/run_capacitor_geometry_pipeline.py,from,pe_claw_gui.visualization.capacitors,src/pe_claw_gui/visualization/capacitors/__init__.py,included_internal
src/pe_claw_gui/pipeline/run_capacitor_pipeline.py,from,__future__,,external_or_stdlib
src/pe_claw_gui/pipeline/run_capacitor_pipeline.py,from,math,,external_or_stdlib
src/pe_claw_gui/pipeline/run_capacitor_pipeline.py,from,math,,external_or_stdlib
src/pe_claw_gui/pipeline/run_capacitor_pipeline.py,import,time,,external_or_stdlib
src/pe_claw_gui/pipeline/run_capacitor_pipeline.py,from,dataclasses,,external_or_stdlib
src/pe_claw_gui/pipeline/run_capacitor_pipeline.py,from,pathlib,,external_or_stdlib
src/pe_claw_gui/pipeline/run_capacitor_pipeline.py,from,pe_claw_gui.engines.capacitors.artifacts,src/pe_claw_gui/engines/capacitors/artifacts.py,included_internal
src/pe_claw_gui/pipeline/run_capacitor_pipeline.py,from,pe_claw_gui.engines.capacitors.llc_resonant,src/pe_claw_gui/engines/capacitors/llc_resonant.py,included_internal
src/pe_claw_gui/pipeline/run_capacitor_pipeline.py,from,pe_claw_gui.engines.capacitors.selection,src/pe_claw_gui/engines/capacitors/selection.py,included_internal
src/pe_claw_gui/pipeline/run_capacitor_pipeline.py,from,pe_claw_gui.engines.capacitors.selection,src/pe_claw_gui/engines/capacitors/selection.py,included_internal
src/pe_claw_gui/pipeline/run_capacitor_pipeline.py,from,pe_claw_gui.engines.thermal.thermal_estimator,src/pe_claw_gui/engines/thermal/thermal_estimator.py,included_internal
src/pe_claw_gui/pipeline/run_capacitor_pipeline.py,from,pe_claw_gui.libraries.capacitors,src/pe_claw_gui/libraries/capacitors/__init__.py,included_internal
src/pe_claw_gui/pipeline/run_capacitor_pipeline.py,from,pe_claw_gui.models.capacitor,src/pe_claw_gui/models/capacitor.py,included_internal
src/pe_claw_gui/pipeline/run_capacitor_pipeline.py,from,pe_claw_gui.models.capacitor,src/pe_claw_gui/models/capacitor.py,included_internal
src/pe_claw_gui/pipeline/run_capacitor_pipeline.py,from,pe_claw_gui.models.capacitor,src/pe_claw_gui/models/capacitor.py,included_internal
src/pe_claw_gui/pipeline/run_capacitor_pipeline.py,from,pe_claw_gui.models.capacitor,src/pe_claw_gui/models/capacitor.py,included_internal
src/pe_claw_gui/pipeline/run_capacitor_pipeline.py,from,pe_claw_gui.models.design_report,src/pe_claw_gui/models/design_report.py,included_internal
src/pe_claw_gui/pipeline/run_capacitor_pipeline.py,from,pe_claw_gui.models.operating_point,src/pe_claw_gui/models/operating_point.py,included_internal
src/pe_claw_gui/pipeline/run_capacitor_pipeline.py,from,pe_claw_gui.topologies.base,src/pe_claw_gui/topologies/base/__init__.py,included_internal
src/pe_claw_gui/pipeline/run_capacitor_pipeline.py,from,pe_claw_gui.topology_capabilities,src/pe_claw_gui/topology_capabilities.py,included_internal
src/pe_claw_gui/pipeline/run_capacitor_pipeline.py,from,pe_claw_gui.pipeline.run_capacitor_geometry_pipeline,src/pe_claw_gui/pipeline/run_capacitor_geometry_pipeline.py,included_internal
src/pe_claw_gui/pipeline/run_capacitor_pipeline.py,from,pe_claw_gui.topologies.ac_dc.single_phase_diode_bridge_rectifier_capacitor_filter.waveform,src/pe_claw_gui/topologies/ac_dc/single_phase_diode_bridge_rectifier_capacitor_filter/waveform.py,included_internal
src/pe_claw_gui/pipeline/run_capacitor_pipeline.py,from,pe_claw_gui.topologies.ac_dc.single_phase_boost_pfc_diode_bridge.waveform,src/pe_claw_gui/topologies/ac_dc/single_phase_boost_pfc_diode_bridge/waveform.py,included_internal
src/pe_claw_gui/pipeline/run_capacitor_pipeline.py,from,pe_claw_gui.topologies.ac_dc.single_phase_totem_pole_bridgeless_pfc.waveform,src/pe_claw_gui/topologies/ac_dc/single_phase_totem_pole_bridgeless_pfc/waveform.py,included_internal
src/pe_claw_gui/pipeline/run_capacitor_pipeline.py,from,pe_claw_gui.topologies.ac_dc.single_phase_diode_bridge_rectifier_dc_inductor_filter.waveform,src/pe_claw_gui/topologies/ac_dc/single_phase_diode_bridge_rectifier_dc_inductor_filter/waveform.py,included_internal
src/pe_claw_gui/pipeline/run_capacitor_pipeline.py,from,pe_claw_gui.topologies.ac_dc.three_phase_diode_bridge_rectifier_capacitor_filter.waveform,src/pe_claw_gui/topologies/ac_dc/three_phase_diode_bridge_rectifier_capacitor_filter/waveform.py,included_internal
src/pe_claw_gui/pipeline/run_device_pipeline.py,from,__future__,,external_or_stdlib
src/pe_claw_gui/pipeline/run_device_pipeline.py,from,dataclasses,,external_or_stdlib
src/pe_claw_gui/pipeline/run_device_pipeline.py,import,math,,external_or_stdlib
src/pe_claw_gui/pipeline/run_device_pipeline.py,from,typing,,external_or_stdlib
src/pe_claw_gui/pipeline/run_device_pipeline.py,from,pe_claw_gui.engines.devices.loss_evaluator,src/pe_claw_gui/engines/devices/loss_evaluator.py,included_internal
src/pe_claw_gui/pipeline/run_device_pipeline.py,from,pe_claw_gui.engines.devices.inverter_segmented_loss,src/pe_claw_gui/engines/devices/inverter_segmented_loss.py,included_internal
src/pe_claw_gui/pipeline/run_device_pipeline.py,from,pe_claw_gui.engines.devices.selector,src/pe_claw_gui/engines/devices/selector.py,included_internal
src/pe_claw_gui/pipeline/run_device_pipeline.py,from,pe_claw_gui.engines.devices.selector,src/pe_claw_gui/engines/devices/selector.py,included_internal
src/pe_claw_gui/pipeline/run_device_pipeline.py,from,pe_claw_gui.engines.devices.filters,src/pe_claw_gui/engines/devices/filters.py,included_internal
src/pe_claw_gui/pipeline/run_device_pipeline.py,from,pe_claw_gui.engines.devices.filters,src/pe_claw_gui/engines/devices/filters.py,included_internal
src/pe_claw_gui/pipeline/run_device_pipeline.py,from,pe_claw_gui.engines.devices.filters,src/pe_claw_gui/engines/devices/filters.py,included_internal
src/pe_claw_gui/pipeline/run_device_pipeline.py,from,pe_claw_gui.engines.devices.stress_adapter,src/pe_claw_gui/engines/devices/stress_adapter.py,included_internal
src/pe_claw_gui/pipeline/run_device_pipeline.py,from,pe_claw_gui.engines.devices.stress_adapter,src/pe_claw_gui/engines/devices/stress_adapter.py,included_internal
src/pe_claw_gui/pipeline/run_device_pipeline.py,from,pe_claw_gui.engines.devices.thermal_backsolve,src/pe_claw_gui/engines/devices/thermal_backsolve.py,included_internal
src/pe_claw_gui/pipeline/run_device_pipeline.py,from,pe_claw_gui.engines.devices.thermal_backsolve,src/pe_claw_gui/engines/devices/thermal_backsolve.py,included_internal
src/pe_claw_gui/pipeline/run_device_pipeline.py,from,pe_claw_gui.engines.devices.thermal_backsolve,src/pe_claw_gui/engines/devices/thermal_backsolve.py,included_internal
src/pe_claw_gui/pipeline/run_device_pipeline.py,from,pe_claw_gui.engines.devices.thermal_backsolve,src/pe_claw_gui/engines/devices/thermal_backsolve.py,included_internal
src/pe_claw_gui/pipeline/run_device_pipeline.py,from,pe_claw_gui.engines.devices.thermal_backsolve,src/pe_claw_gui/engines/devices/thermal_backsolve.py,included_internal
src/pe_claw_gui/pipeline/run_device_pipeline.py,from,pe_claw_gui.engines.devices.thermal_interface,src/pe_claw_gui/engines/devices/thermal_interface.py,included_internal
src/pe_claw_gui/pipeline/run_device_pipeline.py,from,pe_claw_gui.libraries.semiconductors.metadata,src/pe_claw_gui/libraries/semiconductors/metadata.py,included_internal
src/pe_claw_gui/pipeline/run_device_pipeline.py,from,pe_claw_gui.libraries.semiconductors.metadata,src/pe_claw_gui/libraries/semiconductors/metadata.py,included_internal
src/pe_claw_gui/pipeline/run_device_pipeline.py,from,pe_claw_gui.libraries.semiconductors.metadata,src/pe_claw_gui/libraries/semiconductors/metadata.py,included_internal
src/pe_claw_gui/pipeline/run_device_pipeline.py,from,pe_claw_gui.libraries.semiconductors.metadata,src/pe_claw_gui/libraries/semiconductors/metadata.py,included_internal
src/pe_claw_gui/pipeline/run_device_pipeline.py,from,pe_claw_gui.libraries.semiconductors.metadata,src/pe_claw_gui/libraries/semiconductors/metadata.py,included_internal
src/pe_claw_gui/pipeline/run_device_pipeline.py,from,pe_claw_gui.libraries.semiconductors.metadata,src/pe_claw_gui/libraries/semiconductors/metadata.py,included_internal
src/pe_claw_gui/pipeline/run_device_pipeline.py,from,pe_claw_gui.libraries.semiconductors.metadata,src/pe_claw_gui/libraries/semiconductors/metadata.py,included_internal
src/pe_claw_gui/pipeline/run_device_pipeline.py,from,pe_claw_gui.libraries.semiconductors.metadata,src/pe_claw_gui/libraries/semiconductors/metadata.py,included_internal
src/pe_claw_gui/pipeline/run_device_pipeline.py,from,pe_claw_gui.libraries.semiconductors.metadata,src/pe_claw_gui/libraries/semiconductors/metadata.py,included_internal
src/pe_claw_gui/pipeline/run_device_pipeline.py,from,pe_claw_gui.libraries.semiconductors.metadata,src/pe_claw_gui/libraries/semiconductors/metadata.py,included_internal
src/pe_claw_gui/pipeline/run_device_pipeline.py,from,pe_claw_gui.libraries.semiconductors.registry,src/pe_claw_gui/libraries/semiconductors/registry.py,included_internal
src/pe_claw_gui/pipeline/run_device_pipeline.py,from,pe_claw_gui.libraries.semiconductors.topology_roles,src/pe_claw_gui/libraries/semiconductors/topology_roles.py,included_internal
src/pe_claw_gui/pipeline/run_device_pipeline.py,from,pe_claw_gui.libraries.semiconductors.topology_roles,src/pe_claw_gui/libraries/semiconductors/topology_roles.py,included_internal
src/pe_claw_gui/pipeline/run_device_pipeline.py,from,pe_claw_gui.models.design_report,src/pe_claw_gui/models/design_report.py,included_internal
src/pe_claw_gui/pipeline/run_device_pipeline.py,from,pe_claw_gui.models.device_loss,src/pe_claw_gui/models/device_loss.py,included_internal
src/pe_claw_gui/pipeline/run_device_pipeline.py,from,pe_claw_gui.models.device_loss,src/pe_claw_gui/models/device_loss.py,included_internal
src/pe_claw_gui/pipeline/run_device_pipeline.py,from,pe_claw_gui.models.device_result,src/pe_claw_gui/models/device_result.py,included_internal
src/pe_claw_gui/pipeline/run_device_pipeline.py,from,pe_claw_gui.models.device_result,src/pe_claw_gui/models/device_result.py,included_internal
src/pe_claw_gui/pipeline/run_device_pipeline.py,from,pe_claw_gui.models.device_result,src/pe_claw_gui/models/device_result.py,included_internal
src/pe_claw_gui/pipeline/run_device_pipeline.py,from,pe_claw_gui.topologies.base,src/pe_claw_gui/topologies/base/__init__.py,included_internal
src/pe_claw_gui/pipeline/run_device_pipeline.py,from,pe_claw_gui.topologies.dc_dc.llc_resonant_converter_diode_rectifier.fha_design,src/pe_claw_gui/topologies/dc_dc/llc_resonant_converter_diode_rectifier/fha_design.py,included_internal
src/pe_claw_gui/pipeline/run_device_pipeline.py,from,pe_claw_gui.topologies.dc_dc.phase_shifted_full_bridge_diode_rectifier_isolated.primary_current_model,src/pe_claw_gui/topologies/dc_dc/phase_shifted_full_bridge_diode_rectifier_isolated/primary_current_model.py,included_internal
src/pe_claw_gui/pipeline/run_device_pipeline.py,from,pe_claw_gui.models.stress_result,src/pe_claw_gui/models/stress_result.py,included_internal
src/pe_claw_gui/pipeline/run_device_pipeline.py,from,pe_claw_gui.models.stress_result,src/pe_claw_gui/models/stress_result.py,included_internal
src/pe_claw_gui/pipeline/run_device_pipeline.py,from,pe_claw_gui.topologies.dc_dc.llc_resonant_converter_synchronous_rectifier.loss_readback,src/pe_claw_gui/topologies/dc_dc/llc_resonant_converter_synchronous_rectifier/loss_readback.py,included_internal
src/pe_claw_gui/pipeline/run_device_pipeline.py,from,pe_claw_gui.topologies.dc_dc.llc_resonant_converter_synchronous_rectifier.report_audit_readback,src/pe_claw_gui/topologies/dc_dc/llc_resonant_converter_synchronous_rectifier/report_audit_readback.py,included_internal
src/pe_claw_gui/pipeline/run_device_pipeline.py,from,pe_claw_gui.topologies.dc_dc.llc_resonant_converter_synchronous_rectifier.timing_readback,src/pe_claw_gui/topologies/dc_dc/llc_resonant_converter_synchronous_rectifier/timing_readback.py,included_internal
src/pe_claw_gui/pipeline/run_device_pipeline.py,from,pe_claw_gui.models.pipeline,src/pe_claw_gui/models/pipeline.py,included_internal
src/pe_claw_gui/pipeline/run_device_pipeline.py,from,pe_claw_gui.models.pipeline,src/pe_claw_gui/models/pipeline.py,included_internal
src/pe_claw_gui/pipeline/run_efficiency_sweep_pipeline.py,from,__future__,,external_or_stdlib
src/pe_claw_gui/pipeline/run_efficiency_sweep_pipeline.py,import,hashlib,,external_or_stdlib
src/pe_claw_gui/pipeline/run_efficiency_sweep_pipeline.py,import,json,,external_or_stdlib
src/pe_claw_gui/pipeline/run_efficiency_sweep_pipeline.py,import,math,,external_or_stdlib
src/pe_claw_gui/pipeline/run_efficiency_sweep_pipeline.py,from,dataclasses,,external_or_stdlib
src/pe_claw_gui/pipeline/run_efficiency_sweep_pipeline.py,from,pathlib,,external_or_stdlib
src/pe_claw_gui/pipeline/run_efficiency_sweep_pipeline.py,from,collections.abc,,external_or_stdlib
src/pe_claw_gui/pipeline/run_efficiency_sweep_pipeline.py,from,matplotlib.figure,,external_or_stdlib
src/pe_claw_gui/pipeline/run_efficiency_sweep_pipeline.py,from,pe_claw_gui.engines.devices.inverter_segmented_loss,src/pe_claw_gui/engines/devices/inverter_segmented_loss.py,included_internal
src/pe_claw_gui/pipeline/run_efficiency_sweep_pipeline.py,from,pe_claw_gui.engines.devices.bridge_rectifier_selector,src/pe_claw_gui/engines/devices/bridge_rectifier_selector.py,included_internal
src/pe_claw_gui/pipeline/run_efficiency_sweep_pipeline.py,from,pe_claw_gui.libraries.magnetics.sendust_steinmetz,src/pe_claw_gui/libraries/magnetics/sendust_steinmetz.py,included_internal
src/pe_claw_gui/pipeline/run_efficiency_sweep_pipeline.py,from,pe_claw_gui.libraries.magnetics.sendust_steinmetz,src/pe_claw_gui/libraries/magnetics/sendust_steinmetz.py,included_internal
src/pe_claw_gui/pipeline/run_efficiency_sweep_pipeline.py,from,pe_claw_gui.models.design_report,src/pe_claw_gui/models/design_report.py,included_internal
src/pe_claw_gui/pipeline/run_efficiency_sweep_pipeline.py,from,pe_claw_gui.models.efficiency_sweep,src/pe_claw_gui/models/efficiency_sweep.py,included_internal
src/pe_claw_gui/pipeline/run_efficiency_sweep_pipeline.py,from,pe_claw_gui.models.efficiency_sweep,src/pe_claw_gui/models/efficiency_sweep.py,included_internal
src/pe_claw_gui/pipeline/run_efficiency_sweep_pipeline.py,from,pe_claw_gui.models.operating_point,src/pe_claw_gui/models/operating_point.py,included_internal
src/pe_claw_gui/pipeline/run_efficiency_sweep_pipeline.py,from,pe_claw_gui.models.waveform,src/pe_claw_gui/models/waveform.py,included_internal
src/pe_claw_gui/pipeline/run_efficiency_sweep_pipeline.py,from,pe_claw_gui.topologies.base,src/pe_claw_gui/topologies/base/__init__.py,included_internal
src/pe_claw_gui/pipeline/run_efficiency_sweep_pipeline.py,from,pe_claw_gui.pipeline.options,src/pe_claw_gui/pipeline/options.py,included_internal
src/pe_claw_gui/pipeline/run_efficiency_sweep_pipeline.py,from,pe_claw_gui.pipeline.run_bridge_rectifier_pipeline,src/pe_claw_gui/pipeline/run_bridge_rectifier_pipeline.py,included_internal
src/pe_claw_gui/pipeline/run_efficiency_sweep_pipeline.py,from,pe_claw_gui.pipeline.run_bridge_rectifier_pipeline,src/pe_claw_gui/pipeline/run_bridge_rectifier_pipeline.py,included_internal
src/pe_claw_gui/pipeline/run_efficiency_sweep_pipeline.py,from,pe_claw_gui.pipeline.run_capacitor_pipeline,src/pe_claw_gui/pipeline/run_capacitor_pipeline.py,included_internal
src/pe_claw_gui/pipeline/run_efficiency_sweep_pipeline.py,from,pe_claw_gui.pipeline.run_device_pipeline,src/pe_claw_gui/pipeline/run_device_pipeline.py,included_internal
src/pe_claw_gui/pipeline/run_efficiency_sweep_pipeline.py,from,pe_claw_gui.pipeline.run_loss_pipeline,src/pe_claw_gui/pipeline/run_loss_pipeline.py,included_internal
src/pe_claw_gui/pipeline/run_efficiency_sweep_pipeline.py,from,pe_claw_gui.pipeline.run_thermal_pipeline,src/pe_claw_gui/pipeline/run_thermal_pipeline.py,included_internal
src/pe_claw_gui/pipeline/run_full_pipeline.py,from,__future__,,external_or_stdlib
src/pe_claw_gui/pipeline/run_full_pipeline.py,from,dataclasses,,external_or_stdlib
src/pe_claw_gui/pipeline/run_full_pipeline.py,from,pe_claw_gui.models.design_report,src/pe_claw_gui/models/design_report.py,included_internal
src/pe_claw_gui/pipeline/run_full_pipeline.py,from,pe_claw_gui.models.operating_point,src/pe_claw_gui/models/operating_point.py,included_internal
src/pe_claw_gui/pipeline/run_full_pipeline.py,from,pe_claw_gui.topologies.base,src/pe_claw_gui/topologies/base/__init__.py,included_internal
src/pe_claw_gui/pipeline/run_full_pipeline.py,from,pe_claw_gui.topology_capabilities,src/pe_claw_gui/topology_capabilities.py,included_internal
src/pe_claw_gui/pipeline/run_full_pipeline.py,from,pe_claw_gui.topology_capabilities,src/pe_claw_gui/topology_capabilities.py,included_internal
src/pe_claw_gui/pipeline/run_full_pipeline.py,from,pe_claw_gui.pipeline.run_bridge_rectifier_pipeline,src/pe_claw_gui/pipeline/run_bridge_rectifier_pipeline.py,included_internal
src/pe_claw_gui/pipeline/run_full_pipeline.py,from,pe_claw_gui.pipeline.run_bridge_rectifier_pipeline,src/pe_claw_gui/pipeline/run_bridge_rectifier_pipeline.py,included_internal
src/pe_claw_gui/pipeline/run_full_pipeline.py,from,pe_claw_gui.pipeline.run_capacitor_pipeline,src/pe_claw_gui/pipeline/run_capacitor_pipeline.py,included_internal
src/pe_claw_gui/pipeline/run_full_pipeline.py,from,pe_claw_gui.pipeline.run_device_pipeline,src/pe_claw_gui/pipeline/run_device_pipeline.py,included_internal
src/pe_claw_gui/pipeline/run_full_pipeline.py,from,pe_claw_gui.pipeline.run_device_pipeline,src/pe_claw_gui/pipeline/run_device_pipeline.py,included_internal
src/pe_claw_gui/pipeline/run_full_pipeline.py,from,pe_claw_gui.pipeline.run_geometry_pipeline,src/pe_claw_gui/pipeline/run_geometry_pipeline.py,included_internal
src/pe_claw_gui/pipeline/run_full_pipeline.py,from,pe_claw_gui.pipeline.run_loss_pipeline,src/pe_claw_gui/pipeline/run_loss_pipeline.py,included_internal
src/pe_claw_gui/pipeline/run_full_pipeline.py,from,pe_claw_gui.pipeline.run_magnetic_pipeline,src/pe_claw_gui/pipeline/run_magnetic_pipeline.py,included_internal
src/pe_claw_gui/pipeline/run_full_pipeline.py,from,pe_claw_gui.pipeline.options,src/pe_claw_gui/pipeline/options.py,included_internal
src/pe_claw_gui/pipeline/run_full_pipeline.py,from,pe_claw_gui.pipeline.options,src/pe_claw_gui/pipeline/options.py,included_internal
src/pe_claw_gui/pipeline/run_full_pipeline.py,from,pe_claw_gui.pipeline.options,src/pe_claw_gui/pipeline/options.py,included_internal
src/pe_claw_gui/pipeline/run_full_pipeline.py,from,pe_claw_gui.pipeline.options,src/pe_claw_gui/pipeline/options.py,included_internal
src/pe_claw_gui/pipeline/run_full_pipeline.py,from,pe_claw_gui.pipeline.run_semiconductor_geometry_pipeline,src/pe_claw_gui/pipeline/run_semiconductor_geometry_pipeline.py,included_internal
src/pe_claw_gui/pipeline/run_full_pipeline.py,from,pe_claw_gui.pipeline.run_thermal_pipeline,src/pe_claw_gui/pipeline/run_thermal_pipeline.py,included_internal
src/pe_claw_gui/pipeline/run_full_pipeline.py,from,pe_claw_gui.pipeline.run_topology_pipeline,src/pe_claw_gui/pipeline/run_topology_pipeline.py,included_internal
src/pe_claw_gui/pipeline/run_full_pipeline.py,from,pe_claw_gui.engines.magnetics.data_backend,src/pe_claw_gui/engines/magnetics/data_backend.py,included_internal
src/pe_claw_gui/pipeline/run_full_pipeline.py,from,pe_claw_gui.engines.magnetics.data_backend,src/pe_claw_gui/engines/magnetics/data_backend.py,included_internal
src/pe_claw_gui/pipeline/run_geometry_pipeline.py,from,__future__,,external_or_stdlib
src/pe_claw_gui/pipeline/run_geometry_pipeline.py,from,dataclasses,,external_or_stdlib
src/pe_claw_gui/pipeline/run_geometry_pipeline.py,from,pathlib,,external_or_stdlib
src/pe_claw_gui/pipeline/run_geometry_pipeline.py,import,shutil,,external_or_stdlib
src/pe_claw_gui/pipeline/run_geometry_pipeline.py,from,pe_claw_gui.models.design_report,src/pe_claw_gui/models/design_report.py,included_internal
src/pe_claw_gui/pipeline/run_geometry_pipeline.py,from,pe_claw_gui.models.geometry_result,src/pe_claw_gui/models/geometry_result.py,included_internal
src/pe_claw_gui/pipeline/run_geometry_pipeline.py,from,pe_claw_gui.models.geometry_result,src/pe_claw_gui/models/geometry_result.py,included_internal
src/pe_claw_gui/pipeline/run_geometry_pipeline.py,from,pe_claw_gui.models.inductor,src/pe_claw_gui/models/inductor.py,included_internal
src/pe_claw_gui/pipeline/run_geometry_pipeline.py,from,pe_claw_gui.visualization.geometry,src/pe_claw_gui/visualization/geometry/__init__.py,included_internal
src/pe_claw_gui/pipeline/run_geometry_pipeline.py,from,pe_claw_gui.visualization.geometry,src/pe_claw_gui/visualization/geometry/__init__.py,included_internal
src/pe_claw_gui/pipeline/run_geometry_pipeline.py,from,pe_claw_gui.visualization.geometry,src/pe_claw_gui/visualization/geometry/__init__.py,included_internal
src/pe_claw_gui/pipeline/run_geometry_pipeline.py,from,pe_claw_gui.pipeline.options,src/pe_claw_gui/pipeline/options.py,included_internal
src/pe_claw_gui/pipeline/run_geometry_pipeline.py,from,pe_claw_gui.pipeline.options,src/pe_claw_gui/pipeline/options.py,included_internal
src/pe_claw_gui/pipeline/run_geometry_pipeline.py,from,pe_claw_gui.pipeline.options,src/pe_claw_gui/pipeline/options.py,included_internal
src/pe_claw_gui/pipeline/run_geometry_pipeline.py,from,pe_claw_gui.pipeline.options,src/pe_claw_gui/pipeline/options.py,included_internal
src/pe_claw_gui/pipeline/run_loss_pipeline.py,from,__future__,,external_or_stdlib
src/pe_claw_gui/pipeline/run_loss_pipeline.py,from,dataclasses,,external_or_stdlib
src/pe_claw_gui/pipeline/run_loss_pipeline.py,from,pathlib,,external_or_stdlib
src/pe_claw_gui/pipeline/run_loss_pipeline.py,from,pe_claw_gui.models.design_report,src/pe_claw_gui/models/design_report.py,included_internal
src/pe_claw_gui/pipeline/run_loss_pipeline.py,from,pe_claw_gui.models.loss_result,src/pe_claw_gui/models/loss_result.py,included_internal
src/pe_claw_gui/pipeline/run_loss_pipeline.py,from,pe_claw_gui.pipeline.options,src/pe_claw_gui/pipeline/options.py,included_internal
src/pe_claw_gui/pipeline/run_loss_pipeline.py,from,pe_claw_gui.pipeline.options,src/pe_claw_gui/pipeline/options.py,included_internal
src/pe_claw_gui/pipeline/run_loss_pipeline.py,from,pe_claw_gui.pipeline.options,src/pe_claw_gui/pipeline/options.py,included_internal
src/pe_claw_gui/pipeline/run_loss_pipeline.py,from,pe_claw_gui.engines.magnetics.inductor_adapter,src/pe_claw_gui/engines/magnetics/inductor_adapter.py,included_internal
src/pe_claw_gui/pipeline/run_loss_pipeline.py,from,pe_claw_gui.engines.magnetics.inductor_adapter,src/pe_claw_gui/engines/magnetics/inductor_adapter.py,included_internal
src/pe_claw_gui/pipeline/run_loss_pipeline.py,from,pe_claw_gui.engines.magnetics.inductor_design,src/pe_claw_gui/engines/magnetics/inductor_design.py,included_internal
src/pe_claw_gui/pipeline/run_loss_pipeline.py,from,pe_claw_gui.engines.magnetics.inductor_design,src/pe_claw_gui/engines/magnetics/inductor_design.py,included_internal
src/pe_claw_gui/pipeline/run_loss_pipeline.py,from,pe_claw_gui.topology_capabilities,src/pe_claw_gui/topology_capabilities.py,included_internal
src/pe_claw_gui/pipeline/run_loss_pipeline.py,from,pe_claw_gui.engines.magnetics.core_loss_audit,src/pe_claw_gui/engines/magnetics/core_loss_audit.py,included_internal
src/pe_claw_gui/pipeline/run_loss_pipeline.py,from,pe_claw_gui.engines.magnetics.core_loss_audit,src/pe_claw_gui/engines/magnetics/core_loss_audit.py,included_internal
src/pe_claw_gui/pipeline/run_loss_pipeline.py,from,pe_claw_gui.engines.magnetics.core_loss_excitation_integration,src/pe_claw_gui/engines/magnetics/core_loss_excitation_integration.py,included_internal
src/pe_claw_gui/pipeline/run_magnetic_pipeline.py,from,__future__,,external_or_stdlib
src/pe_claw_gui/pipeline/run_magnetic_pipeline.py,from,dataclasses,,external_or_stdlib
src/pe_claw_gui/pipeline/run_magnetic_pipeline.py,from,dataclasses,,external_or_stdlib
src/pe_claw_gui/pipeline/run_magnetic_pipeline.py,from,pathlib,,external_or_stdlib
src/pe_claw_gui/pipeline/run_magnetic_pipeline.py,from,pe_claw_gui.engines.magnetics.allow_profiles,src/pe_claw_gui/engines/magnetics/allow_profiles.py,included_internal
src/pe_claw_gui/pipeline/run_magnetic_pipeline.py,from,pe_claw_gui.engines.magnetics.ac_dc_reactor_selector,src/pe_claw_gui/engines/magnetics/ac_dc_reactor_selector.py,included_internal
src/pe_claw_gui/pipeline/run_magnetic_pipeline.py,from,pe_claw_gui.engines.magnetics.candidate_compression,src/pe_claw_gui/engines/magnetics/candidate_compression.py,included_internal
src/pe_claw_gui/pipeline/run_magnetic_pipeline.py,from,pe_claw_gui.engines.magnetics.candidate_metrics,src/pe_claw_gui/engines/magnetics/candidate_metrics.py,included_internal
src/pe_claw_gui/pipeline/run_magnetic_pipeline.py,from,pe_claw_gui.engines.magnetics.stacked_expansion,src/pe_claw_gui/engines/magnetics/stacked_expansion.py,included_internal
src/pe_claw_gui/pipeline/run_magnetic_pipeline.py,from,pe_claw_gui.engines.magnetics.stacked_expansion,src/pe_claw_gui/engines/magnetics/stacked_expansion.py,included_internal
src/pe_claw_gui/pipeline/run_magnetic_pipeline.py,from,pe_claw_gui.engines.magnetics.stacked_expansion,src/pe_claw_gui/engines/magnetics/stacked_expansion.py,included_internal
src/pe_claw_gui/pipeline/run_magnetic_pipeline.py,from,pe_claw_gui.engines.magnetics.stacked_expansion,src/pe_claw_gui/engines/magnetics/stacked_expansion.py,included_internal
src/pe_claw_gui/pipeline/run_magnetic_pipeline.py,from,pe_claw_gui.models.design_report,src/pe_claw_gui/models/design_report.py,included_internal
src/pe_claw_gui/pipeline/run_magnetic_pipeline.py,from,pe_claw_gui.models.ac_dc_reactor,src/pe_claw_gui/models/ac_dc_reactor.py,included_internal
src/pe_claw_gui/pipeline/run_magnetic_pipeline.py,from,pe_claw_gui.models.geometry_result,src/pe_claw_gui/models/geometry_result.py,included_internal
src/pe_claw_gui/pipeline/run_magnetic_pipeline.py,from,pe_claw_gui.models.magnetic_result,src/pe_claw_gui/models/magnetic_result.py,included_internal
src/pe_claw_gui/pipeline/run_magnetic_pipeline.py,from,pe_claw_gui.topologies.dc_dc.llc_resonant_converter_diode_rectifier.fha_design,src/pe_claw_gui/topologies/dc_dc/llc_resonant_converter_diode_rectifier/fha_design.py,included_internal
src/pe_claw_gui/pipeline/run_magnetic_pipeline.py,from,pe_claw_gui.topologies.dc_dc.llc_resonant_converter_diode_rectifier.fha_design,src/pe_claw_gui/topologies/dc_dc/llc_resonant_converter_diode_rectifier/fha_design.py,included_internal
src/pe_claw_gui/pipeline/run_magnetic_pipeline.py,from,pe_claw_gui.topologies.dc_dc.llc_resonant_converter_diode_rectifier.transformer_design,src/pe_claw_gui/topologies/dc_dc/llc_resonant_converter_diode_rectifier/transformer_design.py,included_internal
src/pe_claw_gui/pipeline/run_magnetic_pipeline.py,from,pe_claw_gui.topologies.dc_dc.llc_resonant_converter_diode_rectifier.transformer_design,src/pe_claw_gui/topologies/dc_dc/llc_resonant_converter_diode_rectifier/transformer_design.py,included_internal
src/pe_claw_gui/pipeline/run_magnetic_pipeline.py,from,pe_claw_gui.topologies.dc_dc.llc_resonant_converter_diode_rectifier.transformer_design,src/pe_claw_gui/topologies/dc_dc/llc_resonant_converter_diode_rectifier/transformer_design.py,included_internal
src/pe_claw_gui/pipeline/run_magnetic_pipeline.py,from,pe_claw_gui.topologies.dc_dc.llc_resonant_converter_diode_rectifier.transformer_design,src/pe_claw_gui/topologies/dc_dc/llc_resonant_converter_diode_rectifier/transformer_design.py,included_internal
src/pe_claw_gui/pipeline/run_magnetic_pipeline.py,from,pe_claw_gui.topologies.dc_dc.llc_resonant_converter_diode_rectifier.transformer_design,src/pe_claw_gui/topologies/dc_dc/llc_resonant_converter_diode_rectifier/transformer_design.py,included_internal
src/pe_claw_gui/pipeline/run_magnetic_pipeline.py,from,pe_claw_gui.topologies.dc_dc.llc_resonant_converter_diode_rectifier.transformer_design,src/pe_claw_gui/topologies/dc_dc/llc_resonant_converter_diode_rectifier/transformer_design.py,included_internal
src/pe_claw_gui/pipeline/run_magnetic_pipeline.py,from,pe_claw_gui.topologies.dc_dc.flyback_diode_rectified_isolated.coupled_inductor_design,src/pe_claw_gui/topologies/dc_dc/flyback_diode_rectified_isolated/coupled_inductor_design.py,included_internal
src/pe_claw_gui/pipeline/run_magnetic_pipeline.py,from,pe_claw_gui.topologies.dc_dc.phase_shifted_full_bridge_diode_rectifier_isolated.magnetic_design,src/pe_claw_gui/topologies/dc_dc/phase_shifted_full_bridge_diode_rectifier_isolated/magnetic_design.py,included_internal
src/pe_claw_gui/pipeline/run_magnetic_pipeline.py,from,pe_claw_gui.visualization.magnetics.transformer_geometry_renderer,src/pe_claw_gui/visualization/magnetics/transformer_geometry_renderer.py,included_internal
src/pe_claw_gui/pipeline/run_magnetic_pipeline.py,from,pe_claw_gui.engines.magnetics.inductor_adapter,src/pe_claw_gui/engines/magnetics/inductor_adapter.py,included_internal
src/pe_claw_gui/pipeline/run_magnetic_pipeline.py,from,pe_claw_gui.engines.magnetics.inductor_adapter,src/pe_claw_gui/engines/magnetics/inductor_adapter.py,included_internal
src/pe_claw_gui/pipeline/run_magnetic_pipeline.py,from,pe_claw_gui.engines.magnetics.inductor_adapter,src/pe_claw_gui/engines/magnetics/inductor_adapter.py,included_internal
src/pe_claw_gui/pipeline/run_magnetic_pipeline.py,from,pe_claw_gui.engines.magnetics.inductor_design,src/pe_claw_gui/engines/magnetics/inductor_design.py,included_internal
src/pe_claw_gui/pipeline/run_magnetic_pipeline.py,from,pe_claw_gui.engines.magnetics.inductor_design,src/pe_claw_gui/engines/magnetics/inductor_design.py,included_internal
src/pe_claw_gui/pipeline/run_magnetic_pipeline.py,from,pe_claw_gui.engines.magnetics.inductor_design,src/pe_claw_gui/engines/magnetics/inductor_design.py,included_internal
src/pe_claw_gui/pipeline/run_magnetic_pipeline.py,from,pe_claw_gui.engines.magnetics.inductor_design,src/pe_claw_gui/engines/magnetics/inductor_design.py,included_internal
src/pe_claw_gui/pipeline/run_magnetic_pipeline.py,from,pe_claw_gui.engines.magnetics.inductor_design,src/pe_claw_gui/engines/magnetics/inductor_design.py,included_internal
src/pe_claw_gui/pipeline/run_magnetic_pipeline.py,from,pe_claw_gui.engines.magnetics.inductor_design,src/pe_claw_gui/engines/magnetics/inductor_design.py,included_internal
src/pe_claw_gui/pipeline/run_magnetic_pipeline.py,from,pe_claw_gui.engines.magnetics.inductor_design,src/pe_claw_gui/engines/magnetics/inductor_design.py,included_internal
src/pe_claw_gui/pipeline/run_magnetic_pipeline.py,from,pe_claw_gui.engines.magnetics.inductor_design,src/pe_claw_gui/engines/magnetics/inductor_design.py,included_internal
src/pe_claw_gui/pipeline/run_magnetic_pipeline.py,from,pe_claw_gui.engines.magnetics.inductor_frontier_search,src/pe_claw_gui/engines/magnetics/inductor_frontier_search.py,included_internal
src/pe_claw_gui/pipeline/run_magnetic_pipeline.py,from,pe_claw_gui.engines.magnetics.data_backend,src/pe_claw_gui/engines/magnetics/data_backend.py,included_internal
src/pe_claw_gui/pipeline/run_magnetic_pipeline.py,from,pe_claw_gui.engines.magnetics.data_backend,src/pe_claw_gui/engines/magnetics/data_backend.py,included_internal
src/pe_claw_gui/pipeline/run_magnetic_pipeline.py,from,pe_claw_gui.engines.magnetics.data_backend,src/pe_claw_gui/engines/magnetics/data_backend.py,included_internal
src/pe_claw_gui/pipeline/run_magnetic_pipeline.py,from,pe_claw_gui.engines.magnetics.core_loss_excitation_integration,src/pe_claw_gui/engines/magnetics/core_loss_excitation_integration.py,included_internal
src/pe_claw_gui/pipeline/run_magnetic_pipeline.py,from,pe_claw_gui.models.operating_point,src/pe_claw_gui/models/operating_point.py,included_internal
src/pe_claw_gui/pipeline/run_magnetic_pipeline.py,from,pe_claw_gui.topologies.ac_dc.single_phase_diode_bridge_rectifier_dc_inductor_filter.evaluator,src/pe_claw_gui/topologies/ac_dc/single_phase_diode_bridge_rectifier_dc_inductor_filter/evaluator.py,included_internal
src/pe_claw_gui/pipeline/run_magnetic_pipeline.py,from,pe_claw_gui.topologies.ac_dc.single_phase_diode_bridge_rectifier_dc_inductor_filter.stress,src/pe_claw_gui/topologies/ac_dc/single_phase_diode_bridge_rectifier_dc_inductor_filter/stress.py,included_internal
src/pe_claw_gui/pipeline/run_magnetic_pipeline.py,from,pe_claw_gui.topologies.ac_dc.single_phase_diode_bridge_rectifier_dc_inductor_filter.waveform,src/pe_claw_gui/topologies/ac_dc/single_phase_diode_bridge_rectifier_dc_inductor_filter/waveform.py,included_internal
src/pe_claw_gui/pipeline/run_magnetic_pipeline.py,from,pe_claw_gui.topologies.ac_dc.single_phase_diode_bridge_rectifier_dc_inductor_filter.waveform,src/pe_claw_gui/topologies/ac_dc/single_phase_diode_bridge_rectifier_dc_inductor_filter/waveform.py,included_internal
src/pe_claw_gui/pipeline/run_operating_point_refresh.py,from,__future__,,external_or_stdlib
src/pe_claw_gui/pipeline/run_operating_point_refresh.py,from,dataclasses,,external_or_stdlib
src/pe_claw_gui/pipeline/run_operating_point_refresh.py,from,pe_claw_gui.models.design_report,src/pe_claw_gui/models/design_report.py,included_internal
src/pe_claw_gui/pipeline/run_operating_point_refresh.py,from,pe_claw_gui.models.operating_point,src/pe_claw_gui/models/operating_point.py,included_internal
src/pe_claw_gui/pipeline/run_operating_point_refresh.py,from,pe_claw_gui.topologies.base,src/pe_claw_gui/topologies/base/__init__.py,included_internal
src/pe_claw_gui/pipeline/run_operating_point_refresh.py,from,pe_claw_gui.topology_capabilities,src/pe_claw_gui/topology_capabilities.py,included_internal
src/pe_claw_gui/pipeline/run_operating_point_refresh.py,from,pe_claw_gui.topology_capabilities,src/pe_claw_gui/topology_capabilities.py,included_internal
src/pe_claw_gui/pipeline/run_operating_point_refresh.py,from,pe_claw_gui.pipeline.run_capacitor_pipeline,src/pe_claw_gui/pipeline/run_capacitor_pipeline.py,included_internal
src/pe_claw_gui/pipeline/run_operating_point_refresh.py,from,pe_claw_gui.pipeline.run_device_pipeline,src/pe_claw_gui/pipeline/run_device_pipeline.py,included_internal
src/pe_claw_gui/pipeline/run_operating_point_refresh.py,from,pe_claw_gui.pipeline.run_device_pipeline,src/pe_claw_gui/pipeline/run_device_pipeline.py,included_internal
src/pe_claw_gui/pipeline/run_operating_point_refresh.py,from,pe_claw_gui.pipeline.run_loss_pipeline,src/pe_claw_gui/pipeline/run_loss_pipeline.py,included_internal
src/pe_claw_gui/pipeline/run_operating_point_refresh.py,from,pe_claw_gui.pipeline.options,src/pe_claw_gui/pipeline/options.py,included_internal
src/pe_claw_gui/pipeline/run_operating_point_refresh.py,from,pe_claw_gui.pipeline.options,src/pe_claw_gui/pipeline/options.py,included_internal
src/pe_claw_gui/pipeline/run_operating_point_refresh.py,from,pe_claw_gui.pipeline.run_semiconductor_geometry_pipeline,src/pe_claw_gui/pipeline/run_semiconductor_geometry_pipeline.py,included_internal
src/pe_claw_gui/pipeline/run_operating_point_refresh.py,from,pe_claw_gui.pipeline.run_thermal_pipeline,src/pe_claw_gui/pipeline/run_thermal_pipeline.py,included_internal
src/pe_claw_gui/pipeline/run_semiconductor_geometry_pipeline.py,from,__future__,,external_or_stdlib
src/pe_claw_gui/pipeline/run_semiconductor_geometry_pipeline.py,from,dataclasses,,external_or_stdlib
src/pe_claw_gui/pipeline/run_semiconductor_geometry_pipeline.py,from,pe_claw_gui.libraries.semiconductors.registry,src/pe_claw_gui/libraries/semiconductors/registry.py,included_internal
src/pe_claw_gui/pipeline/run_semiconductor_geometry_pipeline.py,from,pe_claw_gui.libraries.semiconductors.topology_roles,src/pe_claw_gui/libraries/semiconductors/topology_roles.py,included_internal
src/pe_claw_gui/pipeline/run_semiconductor_geometry_pipeline.py,from,pe_claw_gui.libraries.semiconductors.topology_roles,src/pe_claw_gui/libraries/semiconductors/topology_roles.py,included_internal
src/pe_claw_gui/pipeline/run_semiconductor_geometry_pipeline.py,from,pe_claw_gui.libraries.semiconductors.topology_roles,src/pe_claw_gui/libraries/semiconductors/topology_roles.py,included_internal
src/pe_claw_gui/pipeline/run_semiconductor_geometry_pipeline.py,from,pe_claw_gui.models.design_report,src/pe_claw_gui/models/design_report.py,included_internal
src/pe_claw_gui/pipeline/run_semiconductor_geometry_pipeline.py,from,pe_claw_gui.models.device_loss,src/pe_claw_gui/models/device_loss.py,included_internal
src/pe_claw_gui/pipeline/run_semiconductor_geometry_pipeline.py,from,pe_claw_gui.models.device_result,src/pe_claw_gui/models/device_result.py,included_internal
src/pe_claw_gui/pipeline/run_semiconductor_geometry_pipeline.py,from,pe_claw_gui.models.device_result,src/pe_claw_gui/models/device_result.py,included_internal
src/pe_claw_gui/pipeline/run_semiconductor_geometry_pipeline.py,from,pe_claw_gui.models.device_result,src/pe_claw_gui/models/device_result.py,included_internal
src/pe_claw_gui/pipeline/run_semiconductor_geometry_pipeline.py,from,pe_claw_gui.models.semiconductor_geometry_result,src/pe_claw_gui/models/semiconductor_geometry_result.py,included_internal
src/pe_claw_gui/pipeline/run_semiconductor_geometry_pipeline.py,from,pe_claw_gui.models.semiconductor_geometry_result,src/pe_claw_gui/models/semiconductor_geometry_result.py,included_internal
src/pe_claw_gui/pipeline/run_semiconductor_geometry_pipeline.py,from,pe_claw_gui.models.semiconductor_geometry_result,src/pe_claw_gui/models/semiconductor_geometry_result.py,included_internal
src/pe_claw_gui/pipeline/run_semiconductor_geometry_pipeline.py,from,pe_claw_gui.visualization.semiconductors.layout_builder,src/pe_claw_gui/visualization/semiconductors/layout_builder.py,included_internal
src/pe_claw_gui/pipeline/run_thermal_pipeline.py,from,__future__,,external_or_stdlib
src/pe_claw_gui/pipeline/run_thermal_pipeline.py,from,dataclasses,,external_or_stdlib
src/pe_claw_gui/pipeline/run_thermal_pipeline.py,from,pe_claw_gui.engines.thermal.thermal_estimator,src/pe_claw_gui/engines/thermal/thermal_estimator.py,included_internal
src/pe_claw_gui/pipeline/run_thermal_pipeline.py,from,pe_claw_gui.engines.thermal.thermal_estimator,src/pe_claw_gui/engines/thermal/thermal_estimator.py,included_internal
src/pe_claw_gui/pipeline/run_thermal_pipeline.py,from,pe_claw_gui.engines.thermal.thermal_estimator,src/pe_claw_gui/engines/thermal/thermal_estimator.py,included_internal
src/pe_claw_gui/pipeline/run_thermal_pipeline.py,from,pe_claw_gui.models.design_report,src/pe_claw_gui/models/design_report.py,included_internal
src/pe_claw_gui/pipeline/run_thermal_pipeline.py,from,pe_claw_gui.models.thermal_result,src/pe_claw_gui/models/thermal_result.py,included_internal
src/pe_claw_gui/pipeline/run_thermal_pipeline.py,from,pe_claw_gui.models.thermal_result,src/pe_claw_gui/models/thermal_result.py,included_internal
src/pe_claw_gui/pipeline/run_thermal_pipeline.py,from,pe_claw_gui.pipeline.options,src/pe_claw_gui/pipeline/options.py,included_internal
src/pe_claw_gui/pipeline/run_thermal_pipeline.py,from,pe_claw_gui.pipeline.options,src/pe_claw_gui/pipeline/options.py,included_internal
src/pe_claw_gui/pipeline/run_thermal_pipeline.py,from,pe_claw_gui.pipeline.options,src/pe_claw_gui/pipeline/options.py,included_internal
src/pe_claw_gui/pipeline/run_thermal_pipeline.py,from,pe_claw_gui.pipeline.options,src/pe_claw_gui/pipeline/options.py,included_internal
src/pe_claw_gui/pipeline/run_thermal_pipeline.py,from,pe_claw_gui.engines.magnetics.core_loss_audit,src/pe_claw_gui/engines/magnetics/core_loss_audit.py,included_internal
src/pe_claw_gui/pipeline/run_topology_pipeline.py,from,__future__,,external_or_stdlib
src/pe_claw_gui/pipeline/run_topology_pipeline.py,from,dataclasses,,external_or_stdlib
src/pe_claw_gui/pipeline/run_topology_pipeline.py,from,typing,,external_or_stdlib
src/pe_claw_gui/pipeline/run_topology_pipeline.py,from,pe_claw_gui.libraries.semiconductors.metadata,src/pe_claw_gui/libraries/semiconductors/metadata.py,included_internal
src/pe_claw_gui/pipeline/run_topology_pipeline.py,from,pe_claw_gui.libraries.semiconductors.metadata,src/pe_claw_gui/libraries/semiconductors/metadata.py,included_internal
src/pe_claw_gui/pipeline/run_topology_pipeline.py,from,pe_claw_gui.models.common_spec,src/pe_claw_gui/models/common_spec.py,included_internal
src/pe_claw_gui/pipeline/run_topology_pipeline.py,from,pe_claw_gui.models.design_report,src/pe_claw_gui/models/design_report.py,included_internal
src/pe_claw_gui/pipeline/run_topology_pipeline.py,from,pe_claw_gui.models.operating_point,src/pe_claw_gui/models/operating_point.py,included_internal
src/pe_claw_gui/pipeline/run_topology_pipeline.py,from,pe_claw_gui.models.waveform,src/pe_claw_gui/models/waveform.py,included_internal
src/pe_claw_gui/pipeline/run_topology_pipeline.py,from,pe_claw_gui.topologies.base,src/pe_claw_gui/topologies/base/__init__.py,included_internal
src/pe_claw_gui/pipeline/run_topology_pipeline.py,from,pe_claw_gui.topologies.base,src/pe_claw_gui/topologies/base/__init__.py,included_internal
src/pe_claw_gui/pipeline/run_topology_pipeline.py,from,pe_claw_gui.topologies.base,src/pe_claw_gui/topologies/base/__init__.py,included_internal
src/pe_claw_gui/pipeline/run_topology_pipeline.py,from,pe_claw_gui.topologies.base.registry,src/pe_claw_gui/topologies/base/registry.py,included_internal
src/pe_claw_gui/pipeline/run_topology_pipeline.py,from,pe_claw_gui.models.pipeline,src/pe_claw_gui/models/pipeline.py,included_internal
src/pe_claw_gui/pipeline/run_topology_pipeline.py,from,pe_claw_gui.topologies.base.registry,src/pe_claw_gui/topologies/base/registry.py,included_internal
src/pe_claw_gui/pipeline/run_topology_pipeline.py,from,pe_claw_gui.models.pipeline,src/pe_claw_gui/models/pipeline.py,included_internal
src/pe_claw_gui/schemes/__init__.py,from,pe_claw_gui.schemes.evaluator,src/pe_claw_gui/schemes/evaluator.py,included_internal
src/pe_claw_gui/schemes/__init__.py,from,pe_claw_gui.schemes.labels,src/pe_claw_gui/schemes/labels.py,included_internal
src/pe_claw_gui/schemes/__init__.py,from,pe_claw_gui.schemes.ranking,src/pe_claw_gui/schemes/ranking.py,included_internal
src/pe_claw_gui/schemes/evaluator.py,from,__future__,,external_or_stdlib
src/pe_claw_gui/schemes/evaluator.py,from,pe_claw_gui.models,src/pe_claw_gui/models/__init__.py,included_internal
src/pe_claw_gui/schemes/labels.py,from,__future__,,external_or_stdlib
src/pe_claw_gui/schemes/labels.py,from,pe_claw_gui.models,src/pe_claw_gui/models/__init__.py,included_internal
src/pe_claw_gui/schemes/ranking.py,from,__future__,,external_or_stdlib
src/pe_claw_gui/schemes/ranking.py,from,pe_claw_gui.models,src/pe_claw_gui/models/__init__.py,included_internal
src/pe_claw_gui/topologies/__init__.py,from,pe_claw_gui.topologies.base,src/pe_claw_gui/topologies/base/__init__.py,included_internal
src/pe_claw_gui/topologies/__init__.py,from,pe_claw_gui.topologies.base,src/pe_claw_gui/topologies/base/__init__.py,included_internal
src/pe_claw_gui/topologies/__init__.py,from,pe_claw_gui.topologies.base,src/pe_claw_gui/topologies/base/__init__.py,included_internal
src/pe_claw_gui/topologies/__init__.py,from,pe_claw_gui.topologies.base,src/pe_claw_gui/topologies/base/__init__.py,included_internal
src/pe_claw_gui/topologies/__init__.py,from,pe_claw_gui.topologies.base,src/pe_claw_gui/topologies/base/__init__.py,included_internal
src/pe_claw_gui/topologies/__init__.py,from,pe_claw_gui.topologies.base,src/pe_claw_gui/topologies/base/__init__.py,included_internal
src/pe_claw_gui/topologies/__init__.py,from,pe_claw_gui.topologies.base,src/pe_claw_gui/topologies/base/__init__.py,included_internal
src/pe_claw_gui/topologies/__init__.py,from,pe_claw_gui.topologies.base,src/pe_claw_gui/topologies/base/__init__.py,included_internal
src/pe_claw_gui/topologies/ac_dc/single_phase_boost_pfc_diode_bridge/__init__.py,from,__future__,,external_or_stdlib
src/pe_claw_gui/topologies/ac_dc/single_phase_boost_pfc_diode_bridge/__init__.py,from,collections.abc,,external_or_stdlib
src/pe_claw_gui/topologies/ac_dc/single_phase_boost_pfc_diode_bridge/__init__.py,from,dataclasses,,external_or_stdlib
src/pe_claw_gui/topologies/ac_dc/single_phase_boost_pfc_diode_bridge/__init__.py,from,pe_claw_gui.models.design_report,src/pe_claw_gui/models/design_report.py,included_internal
src/pe_claw_gui/topologies/ac_dc/single_phase_boost_pfc_diode_bridge/__init__.py,from,pe_claw_gui.models.operating_point,src/pe_claw_gui/models/operating_point.py,included_internal
src/pe_claw_gui/topologies/ac_dc/single_phase_boost_pfc_diode_bridge/__init__.py,from,pe_claw_gui.models.stress_result,src/pe_claw_gui/models/stress_result.py,included_internal
src/pe_claw_gui/topologies/ac_dc/single_phase_boost_pfc_diode_bridge/__init__.py,from,pe_claw_gui.models.waveform,src/pe_claw_gui/models/waveform.py,included_internal
src/pe_claw_gui/topologies/ac_dc/single_phase_boost_pfc_diode_bridge/__init__.py,from,pe_claw_gui.topologies.base.candidate,src/pe_claw_gui/topologies/base/candidate.py,included_internal
src/pe_claw_gui/topologies/ac_dc/single_phase_boost_pfc_diode_bridge/__init__.py,from,pe_claw_gui.topologies.base.interface,src/pe_claw_gui/topologies/base/interface.py,included_internal
src/pe_claw_gui/topologies/ac_dc/single_phase_boost_pfc_diode_bridge/__init__.py,from,pe_claw_gui.topologies.base.result,src/pe_claw_gui/topologies/base/result.py,included_internal
src/pe_claw_gui/topologies/ac_dc/single_phase_boost_pfc_diode_bridge/__init__.py,from,pe_claw_gui.topologies.base.spec,src/pe_claw_gui/topologies/base/spec.py,included_internal
src/pe_claw_gui/topologies/ac_dc/single_phase_boost_pfc_diode_bridge/__init__.py,from,pe_claw_gui.topologies.ac_dc.single_phase_boost_pfc_diode_bridge.evaluator,src/pe_claw_gui/topologies/ac_dc/single_phase_boost_pfc_diode_bridge/evaluator.py,included_internal
src/pe_claw_gui/topologies/ac_dc/single_phase_boost_pfc_diode_bridge/__init__.py,from,pe_claw_gui.topologies.ac_dc.single_phase_boost_pfc_diode_bridge.evaluator,src/pe_claw_gui/topologies/ac_dc/single_phase_boost_pfc_diode_bridge/evaluator.py,included_internal
src/pe_claw_gui/topologies/ac_dc/single_phase_boost_pfc_diode_bridge/__init__.py,from,pe_claw_gui.topologies.ac_dc.single_phase_boost_pfc_diode_bridge.input_schema,src/pe_claw_gui/topologies/ac_dc/single_phase_boost_pfc_diode_bridge/input_schema.py,included_internal
src/pe_claw_gui/topologies/ac_dc/single_phase_boost_pfc_diode_bridge/__init__.py,from,pe_claw_gui.topologies.ac_dc.single_phase_boost_pfc_diode_bridge.input_schema,src/pe_claw_gui/topologies/ac_dc/single_phase_boost_pfc_diode_bridge/input_schema.py,included_internal
src/pe_claw_gui/topologies/ac_dc/single_phase_boost_pfc_diode_bridge/__init__.py,from,pe_claw_gui.topologies.ac_dc.single_phase_boost_pfc_diode_bridge.input_schema,src/pe_claw_gui/topologies/ac_dc/single_phase_boost_pfc_diode_bridge/input_schema.py,included_internal
src/pe_claw_gui/topologies/ac_dc/single_phase_boost_pfc_diode_bridge/__init__.py,from,pe_claw_gui.topologies.ac_dc.single_phase_boost_pfc_diode_bridge.input_schema,src/pe_claw_gui/topologies/ac_dc/single_phase_boost_pfc_diode_bridge/input_schema.py,included_internal
src/pe_claw_gui/topologies/ac_dc/single_phase_boost_pfc_diode_bridge/__init__.py,from,pe_claw_gui.topologies.ac_dc.single_phase_boost_pfc_diode_bridge.input_schema,src/pe_claw_gui/topologies/ac_dc/single_phase_boost_pfc_diode_bridge/input_schema.py,included_internal
src/pe_claw_gui/topologies/ac_dc/single_phase_boost_pfc_diode_bridge/__init__.py,from,pe_claw_gui.topologies.ac_dc.single_phase_boost_pfc_diode_bridge.line_cycle,src/pe_claw_gui/topologies/ac_dc/single_phase_boost_pfc_diode_bridge/line_cycle.py,included_internal
src/pe_claw_gui/topologies/ac_dc/single_phase_boost_pfc_diode_bridge/__init__.py,from,pe_claw_gui.topologies.ac_dc.single_phase_boost_pfc_diode_bridge.stress,src/pe_claw_gui/topologies/ac_dc/single_phase_boost_pfc_diode_bridge/stress.py,included_internal
src/pe_claw_gui/topologies/ac_dc/single_phase_boost_pfc_diode_bridge/__init__.py,from,pe_claw_gui.topologies.ac_dc.single_phase_boost_pfc_diode_bridge.synthesizer,src/pe_claw_gui/topologies/ac_dc/single_phase_boost_pfc_diode_bridge/synthesizer.py,included_internal
src/pe_claw_gui/topologies/ac_dc/single_phase_boost_pfc_diode_bridge/__init__.py,from,pe_claw_gui.topologies.ac_dc.single_phase_boost_pfc_diode_bridge.waveform,src/pe_claw_gui/topologies/ac_dc/single_phase_boost_pfc_diode_bridge/waveform.py,included_internal
src/pe_claw_gui/topologies/ac_dc/single_phase_boost_pfc_diode_bridge/__init__.py,from,pe_claw_gui.topologies.ac_dc.single_phase_boost_pfc_diode_bridge.waveform,src/pe_claw_gui/topologies/ac_dc/single_phase_boost_pfc_diode_bridge/waveform.py,included_internal
src/pe_claw_gui/topologies/ac_dc/single_phase_boost_pfc_diode_bridge/evaluator.py,from,__future__,,external_or_stdlib
src/pe_claw_gui/topologies/ac_dc/single_phase_boost_pfc_diode_bridge/evaluator.py,from,pe_claw_gui.models.design_report,src/pe_claw_gui/models/design_report.py,included_internal
src/pe_claw_gui/topologies/ac_dc/single_phase_boost_pfc_diode_bridge/evaluator.py,from,pe_claw_gui.models.device_result,src/pe_claw_gui/models/device_result.py,included_internal
src/pe_claw_gui/topologies/ac_dc/single_phase_boost_pfc_diode_bridge/evaluator.py,from,pe_claw_gui.models.geometry_result,src/pe_claw_gui/models/geometry_result.py,included_internal
src/pe_claw_gui/topologies/ac_dc/single_phase_boost_pfc_diode_bridge/evaluator.py,from,pe_claw_gui.models.loss_result,src/pe_claw_gui/models/loss_result.py,included_internal
src/pe_claw_gui/topologies/ac_dc/single_phase_boost_pfc_diode_bridge/evaluator.py,from,pe_claw_gui.models.magnetic_result,src/pe_claw_gui/models/magnetic_result.py,included_internal
src/pe_claw_gui/topologies/ac_dc/single_phase_boost_pfc_diode_bridge/evaluator.py,from,pe_claw_gui.models.operating_point,src/pe_claw_gui/models/operating_point.py,included_internal
src/pe_claw_gui/topologies/ac_dc/single_phase_boost_pfc_diode_bridge/evaluator.py,from,pe_claw_gui.models.stress_result,src/pe_claw_gui/models/stress_result.py,included_internal
src/pe_claw_gui/topologies/ac_dc/single_phase_boost_pfc_diode_bridge/evaluator.py,from,pe_claw_gui.models.thermal_result,src/pe_claw_gui/models/thermal_result.py,included_internal
src/pe_claw_gui/topologies/ac_dc/single_phase_boost_pfc_diode_bridge/evaluator.py,from,pe_claw_gui.models.waveform,src/pe_claw_gui/models/waveform.py,included_internal
src/pe_claw_gui/topologies/ac_dc/single_phase_boost_pfc_diode_bridge/evaluator.py,from,pe_claw_gui.topologies.base.candidate,src/pe_claw_gui/topologies/base/candidate.py,included_internal
src/pe_claw_gui/topologies/ac_dc/single_phase_boost_pfc_diode_bridge/evaluator.py,from,pe_claw_gui.topologies.base.result,src/pe_claw_gui/topologies/base/result.py,included_internal
src/pe_claw_gui/topologies/ac_dc/single_phase_boost_pfc_diode_bridge/evaluator.py,from,pe_claw_gui.topologies.base.spec,src/pe_claw_gui/topologies/base/spec.py,included_internal
src/pe_claw_gui/topologies/ac_dc/single_phase_boost_pfc_diode_bridge/evaluator.py,from,pe_claw_gui.topologies.ac_dc.single_phase_boost_pfc_diode_bridge.stress,src/pe_claw_gui/topologies/ac_dc/single_phase_boost_pfc_diode_bridge/stress.py,included_internal
src/pe_claw_gui/topologies/ac_dc/single_phase_boost_pfc_diode_bridge/evaluator.py,from,pe_claw_gui.topologies.ac_dc.single_phase_boost_pfc_diode_bridge.waveform,src/pe_claw_gui/topologies/ac_dc/single_phase_boost_pfc_diode_bridge/waveform.py,included_internal
src/pe_claw_gui/topologies/ac_dc/single_phase_boost_pfc_diode_bridge/input_schema.py,from,__future__,,external_or_stdlib
src/pe_claw_gui/topologies/ac_dc/single_phase_boost_pfc_diode_bridge/input_schema.py,from,collections.abc,,external_or_stdlib
src/pe_claw_gui/topologies/ac_dc/single_phase_boost_pfc_diode_bridge/input_schema.py,from,pe_claw_gui.libraries.semiconductors.metadata,src/pe_claw_gui/libraries/semiconductors/metadata.py,included_internal
src/pe_claw_gui/topologies/ac_dc/single_phase_boost_pfc_diode_bridge/input_schema.py,from,pe_claw_gui.libraries.semiconductors.metadata,src/pe_claw_gui/libraries/semiconductors/metadata.py,included_internal
src/pe_claw_gui/topologies/ac_dc/single_phase_boost_pfc_diode_bridge/input_schema.py,from,pe_claw_gui.utils.ambient_temperature,src/pe_claw_gui/utils/ambient_temperature.py,included_internal
src/pe_claw_gui/topologies/ac_dc/single_phase_boost_pfc_diode_bridge/input_schema.py,from,pe_claw_gui.topologies.base.spec,src/pe_claw_gui/topologies/base/spec.py,included_internal
src/pe_claw_gui/topologies/ac_dc/single_phase_boost_pfc_diode_bridge/line_cycle.py,from,__future__,,external_or_stdlib
src/pe_claw_gui/topologies/ac_dc/single_phase_boost_pfc_diode_bridge/line_cycle.py,from,dataclasses,,external_or_stdlib
src/pe_claw_gui/topologies/ac_dc/single_phase_boost_pfc_diode_bridge/line_cycle.py,from,math,,external_or_stdlib
src/pe_claw_gui/topologies/ac_dc/single_phase_boost_pfc_diode_bridge/line_cycle.py,from,math,,external_or_stdlib
src/pe_claw_gui/topologies/ac_dc/single_phase_boost_pfc_diode_bridge/line_cycle.py,from,math,,external_or_stdlib
src/pe_claw_gui/topologies/ac_dc/single_phase_boost_pfc_diode_bridge/stress.py,from,__future__,,external_or_stdlib
src/pe_claw_gui/topologies/ac_dc/single_phase_boost_pfc_diode_bridge/stress.py,from,pe_claw_gui.models.stress_result,src/pe_claw_gui/models/stress_result.py,included_internal
src/pe_claw_gui/topologies/ac_dc/single_phase_boost_pfc_diode_bridge/stress.py,from,pe_claw_gui.models.stress_result,src/pe_claw_gui/models/stress_result.py,included_internal
src/pe_claw_gui/topologies/ac_dc/single_phase_boost_pfc_diode_bridge/stress.py,from,pe_claw_gui.models.waveform,src/pe_claw_gui/models/waveform.py,included_internal
src/pe_claw_gui/topologies/ac_dc/single_phase_boost_pfc_diode_bridge/stress.py,from,pe_claw_gui.topologies.base.candidate,src/pe_claw_gui/topologies/base/candidate.py,included_internal
src/pe_claw_gui/topologies/ac_dc/single_phase_boost_pfc_diode_bridge/synthesizer.py,from,__future__,,external_or_stdlib
src/pe_claw_gui/topologies/ac_dc/single_phase_boost_pfc_diode_bridge/synthesizer.py,from,math,,external_or_stdlib
src/pe_claw_gui/topologies/ac_dc/single_phase_boost_pfc_diode_bridge/synthesizer.py,from,math,,external_or_stdlib
src/pe_claw_gui/topologies/ac_dc/single_phase_boost_pfc_diode_bridge/synthesizer.py,from,pe_claw_gui.topologies.base.candidate,src/pe_claw_gui/topologies/base/candidate.py,included_internal
src/pe_claw_gui/topologies/ac_dc/single_phase_boost_pfc_diode_bridge/synthesizer.py,from,pe_claw_gui.topologies.base.spec,src/pe_claw_gui/topologies/base/spec.py,included_internal
src/pe_claw_gui/topologies/ac_dc/single_phase_boost_pfc_diode_bridge/synthesizer.py,from,pe_claw_gui.topologies.ac_dc.single_phase_boost_pfc_diode_bridge.line_cycle,src/pe_claw_gui/topologies/ac_dc/single_phase_boost_pfc_diode_bridge/line_cycle.py,included_internal
src/pe_claw_gui/topologies/ac_dc/single_phase_boost_pfc_diode_bridge/waveform.py,from,__future__,,external_or_stdlib
src/pe_claw_gui/topologies/ac_dc/single_phase_boost_pfc_diode_bridge/waveform.py,from,dataclasses,,external_or_stdlib
src/pe_claw_gui/topologies/ac_dc/single_phase_boost_pfc_diode_bridge/waveform.py,from,math,,external_or_stdlib
src/pe_claw_gui/topologies/ac_dc/single_phase_boost_pfc_diode_bridge/waveform.py,from,math,,external_or_stdlib
src/pe_claw_gui/topologies/ac_dc/single_phase_boost_pfc_diode_bridge/waveform.py,from,math,,external_or_stdlib
src/pe_claw_gui/topologies/ac_dc/single_phase_boost_pfc_diode_bridge/waveform.py,from,pe_claw_gui.models.operating_point,src/pe_claw_gui/models/operating_point.py,included_internal
src/pe_claw_gui/topologies/ac_dc/single_phase_boost_pfc_diode_bridge/waveform.py,from,pe_claw_gui.models.waveform,src/pe_claw_gui/models/waveform.py,included_internal
src/pe_claw_gui/topologies/ac_dc/single_phase_boost_pfc_diode_bridge/waveform.py,from,pe_claw_gui.topologies.base.candidate,src/pe_claw_gui/topologies/base/candidate.py,included_internal
src/pe_claw_gui/topologies/ac_dc/single_phase_diode_bridge_rectifier_capacitor_filter/__init__.py,from,__future__,,external_or_stdlib
src/pe_claw_gui/topologies/ac_dc/single_phase_diode_bridge_rectifier_capacitor_filter/__init__.py,from,collections.abc,,external_or_stdlib
src/pe_claw_gui/topologies/ac_dc/single_phase_diode_bridge_rectifier_capacitor_filter/__init__.py,from,dataclasses,,external_or_stdlib
src/pe_claw_gui/topologies/ac_dc/single_phase_diode_bridge_rectifier_capacitor_filter/__init__.py,from,pe_claw_gui.models.design_report,src/pe_claw_gui/models/design_report.py,included_internal
src/pe_claw_gui/topologies/ac_dc/single_phase_diode_bridge_rectifier_capacitor_filter/__init__.py,from,pe_claw_gui.models.operating_point,src/pe_claw_gui/models/operating_point.py,included_internal
src/pe_claw_gui/topologies/ac_dc/single_phase_diode_bridge_rectifier_capacitor_filter/__init__.py,from,pe_claw_gui.models.stress_result,src/pe_claw_gui/models/stress_result.py,included_internal
src/pe_claw_gui/topologies/ac_dc/single_phase_diode_bridge_rectifier_capacitor_filter/__init__.py,from,pe_claw_gui.models.waveform,src/pe_claw_gui/models/waveform.py,included_internal
src/pe_claw_gui/topologies/ac_dc/single_phase_diode_bridge_rectifier_capacitor_filter/__init__.py,from,pe_claw_gui.topologies.base.candidate,src/pe_claw_gui/topologies/base/candidate.py,included_internal
src/pe_claw_gui/topologies/ac_dc/single_phase_diode_bridge_rectifier_capacitor_filter/__init__.py,from,pe_claw_gui.topologies.base.interface,src/pe_claw_gui/topologies/base/interface.py,included_internal
src/pe_claw_gui/topologies/ac_dc/single_phase_diode_bridge_rectifier_capacitor_filter/__init__.py,from,pe_claw_gui.topologies.base.result,src/pe_claw_gui/topologies/base/result.py,included_internal
src/pe_claw_gui/topologies/ac_dc/single_phase_diode_bridge_rectifier_capacitor_filter/__init__.py,from,pe_claw_gui.topologies.base.spec,src/pe_claw_gui/topologies/base/spec.py,included_internal
src/pe_claw_gui/topologies/ac_dc/single_phase_diode_bridge_rectifier_capacitor_filter/__init__.py,from,pe_claw_gui.topologies.ac_dc.single_phase_diode_bridge_rectifier_capacitor_filter.evaluator,src/pe_claw_gui/topologies/ac_dc/single_phase_diode_bridge_rectifier_capacitor_filter/evaluator.py,included_internal
src/pe_claw_gui/topologies/ac_dc/single_phase_diode_bridge_rectifier_capacitor_filter/__init__.py,from,pe_claw_gui.topologies.ac_dc.single_phase_diode_bridge_rectifier_capacitor_filter.evaluator,src/pe_claw_gui/topologies/ac_dc/single_phase_diode_bridge_rectifier_capacitor_filter/evaluator.py,included_internal
src/pe_claw_gui/topologies/ac_dc/single_phase_diode_bridge_rectifier_capacitor_filter/__init__.py,from,pe_claw_gui.topologies.ac_dc.single_phase_diode_bridge_rectifier_capacitor_filter.input_schema,src/pe_claw_gui/topologies/ac_dc/single_phase_diode_bridge_rectifier_capacitor_filter/input_schema.py,included_internal
src/pe_claw_gui/topologies/ac_dc/single_phase_diode_bridge_rectifier_capacitor_filter/__init__.py,from,pe_claw_gui.topologies.ac_dc.single_phase_diode_bridge_rectifier_capacitor_filter.input_schema,src/pe_claw_gui/topologies/ac_dc/single_phase_diode_bridge_rectifier_capacitor_filter/input_schema.py,included_internal
src/pe_claw_gui/topologies/ac_dc/single_phase_diode_bridge_rectifier_capacitor_filter/__init__.py,from,pe_claw_gui.topologies.ac_dc.single_phase_diode_bridge_rectifier_capacitor_filter.input_schema,src/pe_claw_gui/topologies/ac_dc/single_phase_diode_bridge_rectifier_capacitor_filter/input_schema.py,included_internal
src/pe_claw_gui/topologies/ac_dc/single_phase_diode_bridge_rectifier_capacitor_filter/__init__.py,from,pe_claw_gui.topologies.ac_dc.single_phase_diode_bridge_rectifier_capacitor_filter.input_schema,src/pe_claw_gui/topologies/ac_dc/single_phase_diode_bridge_rectifier_capacitor_filter/input_schema.py,included_internal
src/pe_claw_gui/topologies/ac_dc/single_phase_diode_bridge_rectifier_capacitor_filter/__init__.py,from,pe_claw_gui.topologies.ac_dc.single_phase_diode_bridge_rectifier_capacitor_filter.input_schema,src/pe_claw_gui/topologies/ac_dc/single_phase_diode_bridge_rectifier_capacitor_filter/input_schema.py,included_internal
src/pe_claw_gui/topologies/ac_dc/single_phase_diode_bridge_rectifier_capacitor_filter/__init__.py,from,pe_claw_gui.topologies.ac_dc.single_phase_diode_bridge_rectifier_capacitor_filter.simulation,src/pe_claw_gui/topologies/ac_dc/single_phase_diode_bridge_rectifier_capacitor_filter/simulation.py,included_internal
src/pe_claw_gui/topologies/ac_dc/single_phase_diode_bridge_rectifier_capacitor_filter/__init__.py,from,pe_claw_gui.topologies.ac_dc.single_phase_diode_bridge_rectifier_capacitor_filter.simulation,src/pe_claw_gui/topologies/ac_dc/single_phase_diode_bridge_rectifier_capacitor_filter/simulation.py,included_internal
src/pe_claw_gui/topologies/ac_dc/single_phase_diode_bridge_rectifier_capacitor_filter/__init__.py,from,pe_claw_gui.topologies.ac_dc.single_phase_diode_bridge_rectifier_capacitor_filter.stress,src/pe_claw_gui/topologies/ac_dc/single_phase_diode_bridge_rectifier_capacitor_filter/stress.py,included_internal
src/pe_claw_gui/topologies/ac_dc/single_phase_diode_bridge_rectifier_capacitor_filter/__init__.py,from,pe_claw_gui.topologies.ac_dc.single_phase_diode_bridge_rectifier_capacitor_filter.synthesizer,src/pe_claw_gui/topologies/ac_dc/single_phase_diode_bridge_rectifier_capacitor_filter/synthesizer.py,included_internal
src/pe_claw_gui/topologies/ac_dc/single_phase_diode_bridge_rectifier_capacitor_filter/__init__.py,from,pe_claw_gui.topologies.ac_dc.single_phase_diode_bridge_rectifier_capacitor_filter.waveform,src/pe_claw_gui/topologies/ac_dc/single_phase_diode_bridge_rectifier_capacitor_filter/waveform.py,included_internal
src/pe_claw_gui/topologies/ac_dc/single_phase_diode_bridge_rectifier_capacitor_filter/evaluator.py,from,__future__,,external_or_stdlib
src/pe_claw_gui/topologies/ac_dc/single_phase_diode_bridge_rectifier_capacitor_filter/evaluator.py,from,pe_claw_gui.models.capacitor,src/pe_claw_gui/models/capacitor.py,included_internal
src/pe_claw_gui/topologies/ac_dc/single_phase_diode_bridge_rectifier_capacitor_filter/evaluator.py,from,pe_claw_gui.models.design_report,src/pe_claw_gui/models/design_report.py,included_internal
src/pe_claw_gui/topologies/ac_dc/single_phase_diode_bridge_rectifier_capacitor_filter/evaluator.py,from,pe_claw_gui.models.device_result,src/pe_claw_gui/models/device_result.py,included_internal
src/pe_claw_gui/topologies/ac_dc/single_phase_diode_bridge_rectifier_capacitor_filter/evaluator.py,from,pe_claw_gui.models.geometry_result,src/pe_claw_gui/models/geometry_result.py,included_internal
src/pe_claw_gui/topologies/ac_dc/single_phase_diode_bridge_rectifier_capacitor_filter/evaluator.py,from,pe_claw_gui.models.loss_result,src/pe_claw_gui/models/loss_result.py,included_internal
src/pe_claw_gui/topologies/ac_dc/single_phase_diode_bridge_rectifier_capacitor_filter/evaluator.py,from,pe_claw_gui.models.magnetic_result,src/pe_claw_gui/models/magnetic_result.py,included_internal
src/pe_claw_gui/topologies/ac_dc/single_phase_diode_bridge_rectifier_capacitor_filter/evaluator.py,from,pe_claw_gui.models.operating_point,src/pe_claw_gui/models/operating_point.py,included_internal
src/pe_claw_gui/topologies/ac_dc/single_phase_diode_bridge_rectifier_capacitor_filter/evaluator.py,from,pe_claw_gui.models.stress_result,src/pe_claw_gui/models/stress_result.py,included_internal
src/pe_claw_gui/topologies/ac_dc/single_phase_diode_bridge_rectifier_capacitor_filter/evaluator.py,from,pe_claw_gui.models.thermal_result,src/pe_claw_gui/models/thermal_result.py,included_internal
src/pe_claw_gui/topologies/ac_dc/single_phase_diode_bridge_rectifier_capacitor_filter/evaluator.py,from,pe_claw_gui.models.waveform,src/pe_claw_gui/models/waveform.py,included_internal
src/pe_claw_gui/topologies/ac_dc/single_phase_diode_bridge_rectifier_capacitor_filter/evaluator.py,from,pe_claw_gui.topologies.base.candidate,src/pe_claw_gui/topologies/base/candidate.py,included_internal
src/pe_claw_gui/topologies/ac_dc/single_phase_diode_bridge_rectifier_capacitor_filter/evaluator.py,from,pe_claw_gui.topologies.base.result,src/pe_claw_gui/topologies/base/result.py,included_internal
src/pe_claw_gui/topologies/ac_dc/single_phase_diode_bridge_rectifier_capacitor_filter/evaluator.py,from,pe_claw_gui.topologies.base.spec,src/pe_claw_gui/topologies/base/spec.py,included_internal
src/pe_claw_gui/topologies/ac_dc/single_phase_diode_bridge_rectifier_capacitor_filter/evaluator.py,from,pe_claw_gui.topologies.ac_dc.single_phase_diode_bridge_rectifier_capacitor_filter.waveform,src/pe_claw_gui/topologies/ac_dc/single_phase_diode_bridge_rectifier_capacitor_filter/waveform.py,included_internal
src/pe_claw_gui/topologies/ac_dc/single_phase_diode_bridge_rectifier_capacitor_filter/input_schema.py,from,__future__,,external_or_stdlib
src/pe_claw_gui/topologies/ac_dc/single_phase_diode_bridge_rectifier_capacitor_filter/input_schema.py,from,collections.abc,,external_or_stdlib
src/pe_claw_gui/topologies/ac_dc/single_phase_diode_bridge_rectifier_capacitor_filter/input_schema.py,from,pe_claw_gui.topologies.base.spec,src/pe_claw_gui/topologies/base/spec.py,included_internal
src/pe_claw_gui/topologies/ac_dc/single_phase_diode_bridge_rectifier_capacitor_filter/input_schema.py,from,pe_claw_gui.utils.ambient_temperature,src/pe_claw_gui/utils/ambient_temperature.py,included_internal
src/pe_claw_gui/topologies/ac_dc/single_phase_diode_bridge_rectifier_capacitor_filter/simulation.py,from,__future__,,external_or_stdlib
src/pe_claw_gui/topologies/ac_dc/single_phase_diode_bridge_rectifier_capacitor_filter/simulation.py,import,csv,,external_or_stdlib
src/pe_claw_gui/topologies/ac_dc/single_phase_diode_bridge_rectifier_capacitor_filter/simulation.py,import,json,,external_or_stdlib
src/pe_claw_gui/topologies/ac_dc/single_phase_diode_bridge_rectifier_capacitor_filter/simulation.py,import,math,,external_or_stdlib
src/pe_claw_gui/topologies/ac_dc/single_phase_diode_bridge_rectifier_capacitor_filter/simulation.py,from,dataclasses,,external_or_stdlib
src/pe_claw_gui/topologies/ac_dc/single_phase_diode_bridge_rectifier_capacitor_filter/simulation.py,from,dataclasses,,external_or_stdlib
src/pe_claw_gui/topologies/ac_dc/single_phase_diode_bridge_rectifier_capacitor_filter/simulation.py,from,pathlib,,external_or_stdlib
src/pe_claw_gui/topologies/ac_dc/single_phase_diode_bridge_rectifier_capacitor_filter/simulation.py,from,matplotlib.backends.backend_agg,,external_or_stdlib
src/pe_claw_gui/topologies/ac_dc/single_phase_diode_bridge_rectifier_capacitor_filter/simulation.py,from,matplotlib.figure,,external_or_stdlib
src/pe_claw_gui/topologies/ac_dc/single_phase_diode_bridge_rectifier_capacitor_filter/stress.py,from,__future__,,external_or_stdlib
src/pe_claw_gui/topologies/ac_dc/single_phase_diode_bridge_rectifier_capacitor_filter/stress.py,from,pe_claw_gui.models.stress_result,src/pe_claw_gui/models/stress_result.py,included_internal
src/pe_claw_gui/topologies/ac_dc/single_phase_diode_bridge_rectifier_capacitor_filter/stress.py,from,pe_claw_gui.models.stress_result,src/pe_claw_gui/models/stress_result.py,included_internal
src/pe_claw_gui/topologies/ac_dc/single_phase_diode_bridge_rectifier_capacitor_filter/stress.py,from,pe_claw_gui.models.waveform,src/pe_claw_gui/models/waveform.py,included_internal
src/pe_claw_gui/topologies/ac_dc/single_phase_diode_bridge_rectifier_capacitor_filter/stress.py,from,pe_claw_gui.topologies.base.candidate,src/pe_claw_gui/topologies/base/candidate.py,included_internal
src/pe_claw_gui/topologies/ac_dc/single_phase_diode_bridge_rectifier_capacitor_filter/synthesizer.py,from,__future__,,external_or_stdlib
src/pe_claw_gui/topologies/ac_dc/single_phase_diode_bridge_rectifier_capacitor_filter/synthesizer.py,from,math,,external_or_stdlib
src/pe_claw_gui/topologies/ac_dc/single_phase_diode_bridge_rectifier_capacitor_filter/synthesizer.py,from,pe_claw_gui.topologies.base.candidate,src/pe_claw_gui/topologies/base/candidate.py,included_internal
src/pe_claw_gui/topologies/ac_dc/single_phase_diode_bridge_rectifier_capacitor_filter/synthesizer.py,from,pe_claw_gui.topologies.base.spec,src/pe_claw_gui/topologies/base/spec.py,included_internal
src/pe_claw_gui/topologies/ac_dc/single_phase_diode_bridge_rectifier_capacitor_filter/synthesizer.py,from,pe_claw_gui.topologies.ac_dc.single_phase_diode_bridge_rectifier_capacitor_filter.simulation,src/pe_claw_gui/topologies/ac_dc/single_phase_diode_bridge_rectifier_capacitor_filter/simulation.py,included_internal
src/pe_claw_gui/topologies/ac_dc/single_phase_diode_bridge_rectifier_capacitor_filter/waveform.py,from,__future__,,external_or_stdlib
src/pe_claw_gui/topologies/ac_dc/single_phase_diode_bridge_rectifier_capacitor_filter/waveform.py,from,dataclasses,,external_or_stdlib
src/pe_claw_gui/topologies/ac_dc/single_phase_diode_bridge_rectifier_capacitor_filter/waveform.py,from,pe_claw_gui.models.operating_point,src/pe_claw_gui/models/operating_point.py,included_internal
src/pe_claw_gui/topologies/ac_dc/single_phase_diode_bridge_rectifier_capacitor_filter/waveform.py,from,pe_claw_gui.models.waveform,src/pe_claw_gui/models/waveform.py,included_internal
src/pe_claw_gui/topologies/ac_dc/single_phase_diode_bridge_rectifier_capacitor_filter/waveform.py,from,pe_claw_gui.topologies.base.candidate,src/pe_claw_gui/topologies/base/candidate.py,included_internal
src/pe_claw_gui/topologies/ac_dc/single_phase_diode_bridge_rectifier_capacitor_filter/waveform.py,from,pe_claw_gui.topologies.ac_dc.single_phase_diode_bridge_rectifier_capacitor_filter.simulation,src/pe_claw_gui/topologies/ac_dc/single_phase_diode_bridge_rectifier_capacitor_filter/simulation.py,included_internal
src/pe_claw_gui/topologies/ac_dc/single_phase_diode_bridge_rectifier_capacitor_filter/waveform.py,from,pe_claw_gui.topologies.ac_dc.single_phase_diode_bridge_rectifier_capacitor_filter.simulation,src/pe_claw_gui/topologies/ac_dc/single_phase_diode_bridge_rectifier_capacitor_filter/simulation.py,included_internal
src/pe_claw_gui/topologies/ac_dc/single_phase_diode_bridge_rectifier_dc_inductor_filter/__init__.py,from,__future__,,external_or_stdlib
src/pe_claw_gui/topologies/ac_dc/single_phase_diode_bridge_rectifier_dc_inductor_filter/__init__.py,from,collections.abc,,external_or_stdlib
src/pe_claw_gui/topologies/ac_dc/single_phase_diode_bridge_rectifier_dc_inductor_filter/__init__.py,from,dataclasses,,external_or_stdlib
src/pe_claw_gui/topologies/ac_dc/single_phase_diode_bridge_rectifier_dc_inductor_filter/__init__.py,from,pe_claw_gui.models.design_report,src/pe_claw_gui/models/design_report.py,included_internal
src/pe_claw_gui/topologies/ac_dc/single_phase_diode_bridge_rectifier_dc_inductor_filter/__init__.py,from,pe_claw_gui.models.operating_point,src/pe_claw_gui/models/operating_point.py,included_internal
src/pe_claw_gui/topologies/ac_dc/single_phase_diode_bridge_rectifier_dc_inductor_filter/__init__.py,from,pe_claw_gui.models.stress_result,src/pe_claw_gui/models/stress_result.py,included_internal
src/pe_claw_gui/topologies/ac_dc/single_phase_diode_bridge_rectifier_dc_inductor_filter/__init__.py,from,pe_claw_gui.models.waveform,src/pe_claw_gui/models/waveform.py,included_internal
src/pe_claw_gui/topologies/ac_dc/single_phase_diode_bridge_rectifier_dc_inductor_filter/__init__.py,from,pe_claw_gui.topologies.base.candidate,src/pe_claw_gui/topologies/base/candidate.py,included_internal
src/pe_claw_gui/topologies/ac_dc/single_phase_diode_bridge_rectifier_dc_inductor_filter/__init__.py,from,pe_claw_gui.topologies.base.interface,src/pe_claw_gui/topologies/base/interface.py,included_internal
src/pe_claw_gui/topologies/ac_dc/single_phase_diode_bridge_rectifier_dc_inductor_filter/__init__.py,from,pe_claw_gui.topologies.base.result,src/pe_claw_gui/topologies/base/result.py,included_internal
src/pe_claw_gui/topologies/ac_dc/single_phase_diode_bridge_rectifier_dc_inductor_filter/__init__.py,from,pe_claw_gui.topologies.base.spec,src/pe_claw_gui/topologies/base/spec.py,included_internal
src/pe_claw_gui/topologies/ac_dc/single_phase_diode_bridge_rectifier_dc_inductor_filter/__init__.py,from,pe_claw_gui.topologies.ac_dc.single_phase_diode_bridge_rectifier_dc_inductor_filter.evaluator,src/pe_claw_gui/topologies/ac_dc/single_phase_diode_bridge_rectifier_dc_inductor_filter/evaluator.py,included_internal
src/pe_claw_gui/topologies/ac_dc/single_phase_diode_bridge_rectifier_dc_inductor_filter/__init__.py,from,pe_claw_gui.topologies.ac_dc.single_phase_diode_bridge_rectifier_dc_inductor_filter.evaluator,src/pe_claw_gui/topologies/ac_dc/single_phase_diode_bridge_rectifier_dc_inductor_filter/evaluator.py,included_internal
src/pe_claw_gui/topologies/ac_dc/single_phase_diode_bridge_rectifier_dc_inductor_filter/__init__.py,from,pe_claw_gui.topologies.ac_dc.single_phase_diode_bridge_rectifier_dc_inductor_filter.input_schema,src/pe_claw_gui/topologies/ac_dc/single_phase_diode_bridge_rectifier_dc_inductor_filter/input_schema.py,included_internal
src/pe_claw_gui/topologies/ac_dc/single_phase_diode_bridge_rectifier_dc_inductor_filter/__init__.py,from,pe_claw_gui.topologies.ac_dc.single_phase_diode_bridge_rectifier_dc_inductor_filter.input_schema,src/pe_claw_gui/topologies/ac_dc/single_phase_diode_bridge_rectifier_dc_inductor_filter/input_schema.py,included_internal
src/pe_claw_gui/topologies/ac_dc/single_phase_diode_bridge_rectifier_dc_inductor_filter/__init__.py,from,pe_claw_gui.topologies.ac_dc.single_phase_diode_bridge_rectifier_dc_inductor_filter.input_schema,src/pe_claw_gui/topologies/ac_dc/single_phase_diode_bridge_rectifier_dc_inductor_filter/input_schema.py,included_internal
src/pe_claw_gui/topologies/ac_dc/single_phase_diode_bridge_rectifier_dc_inductor_filter/__init__.py,from,pe_claw_gui.topologies.ac_dc.single_phase_diode_bridge_rectifier_dc_inductor_filter.input_schema,src/pe_claw_gui/topologies/ac_dc/single_phase_diode_bridge_rectifier_dc_inductor_filter/input_schema.py,included_internal
src/pe_claw_gui/topologies/ac_dc/single_phase_diode_bridge_rectifier_dc_inductor_filter/__init__.py,from,pe_claw_gui.topologies.ac_dc.single_phase_diode_bridge_rectifier_dc_inductor_filter.input_schema,src/pe_claw_gui/topologies/ac_dc/single_phase_diode_bridge_rectifier_dc_inductor_filter/input_schema.py,included_internal
src/pe_claw_gui/topologies/ac_dc/single_phase_diode_bridge_rectifier_dc_inductor_filter/__init__.py,from,pe_claw_gui.topologies.ac_dc.single_phase_diode_bridge_rectifier_dc_inductor_filter.stress,src/pe_claw_gui/topologies/ac_dc/single_phase_diode_bridge_rectifier_dc_inductor_filter/stress.py,included_internal
src/pe_claw_gui/topologies/ac_dc/single_phase_diode_bridge_rectifier_dc_inductor_filter/__init__.py,from,pe_claw_gui.topologies.ac_dc.single_phase_diode_bridge_rectifier_dc_inductor_filter.synthesizer,src/pe_claw_gui/topologies/ac_dc/single_phase_diode_bridge_rectifier_dc_inductor_filter/synthesizer.py,included_internal
src/pe_claw_gui/topologies/ac_dc/single_phase_diode_bridge_rectifier_dc_inductor_filter/__init__.py,from,pe_claw_gui.topologies.ac_dc.single_phase_diode_bridge_rectifier_dc_inductor_filter.synthesizer,src/pe_claw_gui/topologies/ac_dc/single_phase_diode_bridge_rectifier_dc_inductor_filter/synthesizer.py,included_internal
src/pe_claw_gui/topologies/ac_dc/single_phase_diode_bridge_rectifier_dc_inductor_filter/__init__.py,from,pe_claw_gui.topologies.ac_dc.single_phase_diode_bridge_rectifier_dc_inductor_filter.synthesizer,src/pe_claw_gui/topologies/ac_dc/single_phase_diode_bridge_rectifier_dc_inductor_filter/synthesizer.py,included_internal
src/pe_claw_gui/topologies/ac_dc/single_phase_diode_bridge_rectifier_dc_inductor_filter/__init__.py,from,pe_claw_gui.topologies.ac_dc.single_phase_diode_bridge_rectifier_dc_inductor_filter.waveform,src/pe_claw_gui/topologies/ac_dc/single_phase_diode_bridge_rectifier_dc_inductor_filter/waveform.py,included_internal
src/pe_claw_gui/topologies/ac_dc/single_phase_diode_bridge_rectifier_dc_inductor_filter/__init__.py,from,pe_claw_gui.topologies.ac_dc.single_phase_diode_bridge_rectifier_dc_inductor_filter.waveform,src/pe_claw_gui/topologies/ac_dc/single_phase_diode_bridge_rectifier_dc_inductor_filter/waveform.py,included_internal
src/pe_claw_gui/topologies/ac_dc/single_phase_diode_bridge_rectifier_dc_inductor_filter/__init__.py,from,pe_claw_gui.topologies.ac_dc.single_phase_diode_bridge_rectifier_dc_inductor_filter.simulation,src/pe_claw_gui/topologies/ac_dc/single_phase_diode_bridge_rectifier_dc_inductor_filter/simulation.py,included_internal
src/pe_claw_gui/topologies/ac_dc/single_phase_diode_bridge_rectifier_dc_inductor_filter/__init__.py,from,pe_claw_gui.topologies.ac_dc.single_phase_diode_bridge_rectifier_dc_inductor_filter.simulation,src/pe_claw_gui/topologies/ac_dc/single_phase_diode_bridge_rectifier_dc_inductor_filter/simulation.py,included_internal
src/pe_claw_gui/topologies/ac_dc/single_phase_diode_bridge_rectifier_dc_inductor_filter/evaluator.py,from,__future__,,external_or_stdlib
src/pe_claw_gui/topologies/ac_dc/single_phase_diode_bridge_rectifier_dc_inductor_filter/evaluator.py,from,pe_claw_gui.models.capacitor,src/pe_claw_gui/models/capacitor.py,included_internal
src/pe_claw_gui/topologies/ac_dc/single_phase_diode_bridge_rectifier_dc_inductor_filter/evaluator.py,from,pe_claw_gui.models.design_report,src/pe_claw_gui/models/design_report.py,included_internal
src/pe_claw_gui/topologies/ac_dc/single_phase_diode_bridge_rectifier_dc_inductor_filter/evaluator.py,from,pe_claw_gui.models.device_result,src/pe_claw_gui/models/device_result.py,included_internal
src/pe_claw_gui/topologies/ac_dc/single_phase_diode_bridge_rectifier_dc_inductor_filter/evaluator.py,from,pe_claw_gui.models.geometry_result,src/pe_claw_gui/models/geometry_result.py,included_internal
src/pe_claw_gui/topologies/ac_dc/single_phase_diode_bridge_rectifier_dc_inductor_filter/evaluator.py,from,pe_claw_gui.models.loss_result,src/pe_claw_gui/models/loss_result.py,included_internal
src/pe_claw_gui/topologies/ac_dc/single_phase_diode_bridge_rectifier_dc_inductor_filter/evaluator.py,from,pe_claw_gui.models.magnetic_result,src/pe_claw_gui/models/magnetic_result.py,included_internal
src/pe_claw_gui/topologies/ac_dc/single_phase_diode_bridge_rectifier_dc_inductor_filter/evaluator.py,from,pe_claw_gui.models.operating_point,src/pe_claw_gui/models/operating_point.py,included_internal
src/pe_claw_gui/topologies/ac_dc/single_phase_diode_bridge_rectifier_dc_inductor_filter/evaluator.py,from,pe_claw_gui.models.stress_result,src/pe_claw_gui/models/stress_result.py,included_internal
src/pe_claw_gui/topologies/ac_dc/single_phase_diode_bridge_rectifier_dc_inductor_filter/evaluator.py,from,pe_claw_gui.models.thermal_result,src/pe_claw_gui/models/thermal_result.py,included_internal
src/pe_claw_gui/topologies/ac_dc/single_phase_diode_bridge_rectifier_dc_inductor_filter/evaluator.py,from,pe_claw_gui.models.waveform,src/pe_claw_gui/models/waveform.py,included_internal
src/pe_claw_gui/topologies/ac_dc/single_phase_diode_bridge_rectifier_dc_inductor_filter/evaluator.py,from,pe_claw_gui.topologies.base.candidate,src/pe_claw_gui/topologies/base/candidate.py,included_internal
src/pe_claw_gui/topologies/ac_dc/single_phase_diode_bridge_rectifier_dc_inductor_filter/evaluator.py,from,pe_claw_gui.topologies.base.result,src/pe_claw_gui/topologies/base/result.py,included_internal
src/pe_claw_gui/topologies/ac_dc/single_phase_diode_bridge_rectifier_dc_inductor_filter/evaluator.py,from,pe_claw_gui.topologies.base.spec,src/pe_claw_gui/topologies/base/spec.py,included_internal
src/pe_claw_gui/topologies/ac_dc/single_phase_diode_bridge_rectifier_dc_inductor_filter/evaluator.py,from,pe_claw_gui.topologies.ac_dc.single_phase_diode_bridge_rectifier_dc_inductor_filter.waveform,src/pe_claw_gui/topologies/ac_dc/single_phase_diode_bridge_rectifier_dc_inductor_filter/waveform.py,included_internal
src/pe_claw_gui/topologies/ac_dc/single_phase_diode_bridge_rectifier_dc_inductor_filter/input_schema.py,from,__future__,,external_or_stdlib
src/pe_claw_gui/topologies/ac_dc/single_phase_diode_bridge_rectifier_dc_inductor_filter/input_schema.py,from,collections.abc,,external_or_stdlib
src/pe_claw_gui/topologies/ac_dc/single_phase_diode_bridge_rectifier_dc_inductor_filter/input_schema.py,from,pe_claw_gui.topologies.base.spec,src/pe_claw_gui/topologies/base/spec.py,included_internal
src/pe_claw_gui/topologies/ac_dc/single_phase_diode_bridge_rectifier_dc_inductor_filter/input_schema.py,from,pe_claw_gui.utils.ambient_temperature,src/pe_claw_gui/utils/ambient_temperature.py,included_internal
src/pe_claw_gui/topologies/ac_dc/single_phase_diode_bridge_rectifier_dc_inductor_filter/simulation.py,from,__future__,,external_or_stdlib
src/pe_claw_gui/topologies/ac_dc/single_phase_diode_bridge_rectifier_dc_inductor_filter/simulation.py,import,csv,,external_or_stdlib
src/pe_claw_gui/topologies/ac_dc/single_phase_diode_bridge_rectifier_dc_inductor_filter/simulation.py,import,json,,external_or_stdlib
src/pe_claw_gui/topologies/ac_dc/single_phase_diode_bridge_rectifier_dc_inductor_filter/simulation.py,import,math,,external_or_stdlib
src/pe_claw_gui/topologies/ac_dc/single_phase_diode_bridge_rectifier_dc_inductor_filter/simulation.py,from,dataclasses,,external_or_stdlib
src/pe_claw_gui/topologies/ac_dc/single_phase_diode_bridge_rectifier_dc_inductor_filter/simulation.py,from,dataclasses,,external_or_stdlib
src/pe_claw_gui/topologies/ac_dc/single_phase_diode_bridge_rectifier_dc_inductor_filter/simulation.py,from,pathlib,,external_or_stdlib
src/pe_claw_gui/topologies/ac_dc/single_phase_diode_bridge_rectifier_dc_inductor_filter/simulation.py,from,matplotlib.backends.backend_agg,,external_or_stdlib
src/pe_claw_gui/topologies/ac_dc/single_phase_diode_bridge_rectifier_dc_inductor_filter/simulation.py,from,matplotlib.figure,,external_or_stdlib
src/pe_claw_gui/topologies/ac_dc/single_phase_diode_bridge_rectifier_dc_inductor_filter/stress.py,from,__future__,,external_or_stdlib
src/pe_claw_gui/topologies/ac_dc/single_phase_diode_bridge_rectifier_dc_inductor_filter/stress.py,from,pe_claw_gui.models.stress_result,src/pe_claw_gui/models/stress_result.py,included_internal
src/pe_claw_gui/topologies/ac_dc/single_phase_diode_bridge_rectifier_dc_inductor_filter/stress.py,from,pe_claw_gui.models.stress_result,src/pe_claw_gui/models/stress_result.py,included_internal
src/pe_claw_gui/topologies/ac_dc/single_phase_diode_bridge_rectifier_dc_inductor_filter/stress.py,from,pe_claw_gui.models.waveform,src/pe_claw_gui/models/waveform.py,included_internal
src/pe_claw_gui/topologies/ac_dc/single_phase_diode_bridge_rectifier_dc_inductor_filter/stress.py,from,pe_claw_gui.topologies.base.candidate,src/pe_claw_gui/topologies/base/candidate.py,included_internal
src/pe_claw_gui/topologies/ac_dc/single_phase_diode_bridge_rectifier_dc_inductor_filter/synthesizer.py,from,__future__,,external_or_stdlib
src/pe_claw_gui/topologies/ac_dc/single_phase_diode_bridge_rectifier_dc_inductor_filter/synthesizer.py,from,math,,external_or_stdlib
src/pe_claw_gui/topologies/ac_dc/single_phase_diode_bridge_rectifier_dc_inductor_filter/synthesizer.py,from,math,,external_or_stdlib
src/pe_claw_gui/topologies/ac_dc/single_phase_diode_bridge_rectifier_dc_inductor_filter/synthesizer.py,from,math,,external_or_stdlib
src/pe_claw_gui/topologies/ac_dc/single_phase_diode_bridge_rectifier_dc_inductor_filter/synthesizer.py,from,pe_claw_gui.topologies.base.candidate,src/pe_claw_gui/topologies/base/candidate.py,included_internal
src/pe_claw_gui/topologies/ac_dc/single_phase_diode_bridge_rectifier_dc_inductor_filter/synthesizer.py,from,pe_claw_gui.topologies.base.spec,src/pe_claw_gui/topologies/base/spec.py,included_internal
src/pe_claw_gui/topologies/ac_dc/single_phase_diode_bridge_rectifier_dc_inductor_filter/synthesizer.py,from,pe_claw_gui.topologies.ac_dc.single_phase_diode_bridge_rectifier_dc_inductor_filter.simulation,src/pe_claw_gui/topologies/ac_dc/single_phase_diode_bridge_rectifier_dc_inductor_filter/simulation.py,included_internal
src/pe_claw_gui/topologies/ac_dc/single_phase_diode_bridge_rectifier_dc_inductor_filter/waveform.py,from,__future__,,external_or_stdlib
src/pe_claw_gui/topologies/ac_dc/single_phase_diode_bridge_rectifier_dc_inductor_filter/waveform.py,from,dataclasses,,external_or_stdlib
src/pe_claw_gui/topologies/ac_dc/single_phase_diode_bridge_rectifier_dc_inductor_filter/waveform.py,from,pe_claw_gui.models.operating_point,src/pe_claw_gui/models/operating_point.py,included_internal
src/pe_claw_gui/topologies/ac_dc/single_phase_diode_bridge_rectifier_dc_inductor_filter/waveform.py,from,pe_claw_gui.models.waveform,src/pe_claw_gui/models/waveform.py,included_internal
src/pe_claw_gui/topologies/ac_dc/single_phase_diode_bridge_rectifier_dc_inductor_filter/waveform.py,from,pe_claw_gui.topologies.base.candidate,src/pe_claw_gui/topologies/base/candidate.py,included_internal
src/pe_claw_gui/topologies/ac_dc/single_phase_diode_bridge_rectifier_dc_inductor_filter/waveform.py,from,pe_claw_gui.topologies.ac_dc.single_phase_diode_bridge_rectifier_dc_inductor_filter.simulation,src/pe_claw_gui/topologies/ac_dc/single_phase_diode_bridge_rectifier_dc_inductor_filter/simulation.py,included_internal
src/pe_claw_gui/topologies/ac_dc/single_phase_diode_bridge_rectifier_dc_inductor_filter/waveform.py,from,pe_claw_gui.topologies.ac_dc.single_phase_diode_bridge_rectifier_dc_inductor_filter.simulation,src/pe_claw_gui/topologies/ac_dc/single_phase_diode_bridge_rectifier_dc_inductor_filter/simulation.py,included_internal
src/pe_claw_gui/topologies/ac_dc/single_phase_totem_pole_bridgeless_pfc/__init__.py,from,__future__,,external_or_stdlib
src/pe_claw_gui/topologies/ac_dc/single_phase_totem_pole_bridgeless_pfc/__init__.py,from,collections.abc,,external_or_stdlib
src/pe_claw_gui/topologies/ac_dc/single_phase_totem_pole_bridgeless_pfc/__init__.py,from,dataclasses,,external_or_stdlib
src/pe_claw_gui/topologies/ac_dc/single_phase_totem_pole_bridgeless_pfc/__init__.py,from,pe_claw_gui.models.design_report,src/pe_claw_gui/models/design_report.py,included_internal
src/pe_claw_gui/topologies/ac_dc/single_phase_totem_pole_bridgeless_pfc/__init__.py,from,pe_claw_gui.models.operating_point,src/pe_claw_gui/models/operating_point.py,included_internal
src/pe_claw_gui/topologies/ac_dc/single_phase_totem_pole_bridgeless_pfc/__init__.py,from,pe_claw_gui.models.stress_result,src/pe_claw_gui/models/stress_result.py,included_internal
src/pe_claw_gui/topologies/ac_dc/single_phase_totem_pole_bridgeless_pfc/__init__.py,from,pe_claw_gui.models.waveform,src/pe_claw_gui/models/waveform.py,included_internal
src/pe_claw_gui/topologies/ac_dc/single_phase_totem_pole_bridgeless_pfc/__init__.py,from,pe_claw_gui.topologies.base.candidate,src/pe_claw_gui/topologies/base/candidate.py,included_internal
src/pe_claw_gui/topologies/ac_dc/single_phase_totem_pole_bridgeless_pfc/__init__.py,from,pe_claw_gui.topologies.base.interface,src/pe_claw_gui/topologies/base/interface.py,included_internal
src/pe_claw_gui/topologies/ac_dc/single_phase_totem_pole_bridgeless_pfc/__init__.py,from,pe_claw_gui.topologies.base.result,src/pe_claw_gui/topologies/base/result.py,included_internal
src/pe_claw_gui/topologies/ac_dc/single_phase_totem_pole_bridgeless_pfc/__init__.py,from,pe_claw_gui.topologies.base.spec,src/pe_claw_gui/topologies/base/spec.py,included_internal
src/pe_claw_gui/topologies/ac_dc/single_phase_totem_pole_bridgeless_pfc/__init__.py,from,pe_claw_gui.topologies.ac_dc.single_phase_totem_pole_bridgeless_pfc.evaluator,src/pe_claw_gui/topologies/ac_dc/single_phase_totem_pole_bridgeless_pfc/evaluator.py,included_internal
src/pe_claw_gui/topologies/ac_dc/single_phase_totem_pole_bridgeless_pfc/__init__.py,from,pe_claw_gui.topologies.ac_dc.single_phase_totem_pole_bridgeless_pfc.evaluator,src/pe_claw_gui/topologies/ac_dc/single_phase_totem_pole_bridgeless_pfc/evaluator.py,included_internal
src/pe_claw_gui/topologies/ac_dc/single_phase_totem_pole_bridgeless_pfc/__init__.py,from,pe_claw_gui.topologies.ac_dc.single_phase_totem_pole_bridgeless_pfc.input_schema,src/pe_claw_gui/topologies/ac_dc/single_phase_totem_pole_bridgeless_pfc/input_schema.py,included_internal
src/pe_claw_gui/topologies/ac_dc/single_phase_totem_pole_bridgeless_pfc/__init__.py,from,pe_claw_gui.topologies.ac_dc.single_phase_totem_pole_bridgeless_pfc.input_schema,src/pe_claw_gui/topologies/ac_dc/single_phase_totem_pole_bridgeless_pfc/input_schema.py,included_internal
src/pe_claw_gui/topologies/ac_dc/single_phase_totem_pole_bridgeless_pfc/__init__.py,from,pe_claw_gui.topologies.ac_dc.single_phase_totem_pole_bridgeless_pfc.input_schema,src/pe_claw_gui/topologies/ac_dc/single_phase_totem_pole_bridgeless_pfc/input_schema.py,included_internal
src/pe_claw_gui/topologies/ac_dc/single_phase_totem_pole_bridgeless_pfc/__init__.py,from,pe_claw_gui.topologies.ac_dc.single_phase_totem_pole_bridgeless_pfc.input_schema,src/pe_claw_gui/topologies/ac_dc/single_phase_totem_pole_bridgeless_pfc/input_schema.py,included_internal
src/pe_claw_gui/topologies/ac_dc/single_phase_totem_pole_bridgeless_pfc/__init__.py,from,pe_claw_gui.topologies.ac_dc.single_phase_totem_pole_bridgeless_pfc.input_schema,src/pe_claw_gui/topologies/ac_dc/single_phase_totem_pole_bridgeless_pfc/input_schema.py,included_internal
src/pe_claw_gui/topologies/ac_dc/single_phase_totem_pole_bridgeless_pfc/__init__.py,from,pe_claw_gui.topologies.ac_dc.single_phase_totem_pole_bridgeless_pfc.line_cycle,src/pe_claw_gui/topologies/ac_dc/single_phase_totem_pole_bridgeless_pfc/line_cycle.py,included_internal
src/pe_claw_gui/topologies/ac_dc/single_phase_totem_pole_bridgeless_pfc/__init__.py,from,pe_claw_gui.topologies.ac_dc.single_phase_totem_pole_bridgeless_pfc.stress,src/pe_claw_gui/topologies/ac_dc/single_phase_totem_pole_bridgeless_pfc/stress.py,included_internal
src/pe_claw_gui/topologies/ac_dc/single_phase_totem_pole_bridgeless_pfc/__init__.py,from,pe_claw_gui.topologies.ac_dc.single_phase_totem_pole_bridgeless_pfc.synthesizer,src/pe_claw_gui/topologies/ac_dc/single_phase_totem_pole_bridgeless_pfc/synthesizer.py,included_internal
src/pe_claw_gui/topologies/ac_dc/single_phase_totem_pole_bridgeless_pfc/__init__.py,from,pe_claw_gui.topologies.ac_dc.single_phase_totem_pole_bridgeless_pfc.waveform,src/pe_claw_gui/topologies/ac_dc/single_phase_totem_pole_bridgeless_pfc/waveform.py,included_internal
src/pe_claw_gui/topologies/ac_dc/single_phase_totem_pole_bridgeless_pfc/evaluator.py,from,__future__,,external_or_stdlib
src/pe_claw_gui/topologies/ac_dc/single_phase_totem_pole_bridgeless_pfc/evaluator.py,from,pe_claw_gui.models.design_report,src/pe_claw_gui/models/design_report.py,included_internal
src/pe_claw_gui/topologies/ac_dc/single_phase_totem_pole_bridgeless_pfc/evaluator.py,from,pe_claw_gui.models.operating_point,src/pe_claw_gui/models/operating_point.py,included_internal
src/pe_claw_gui/topologies/ac_dc/single_phase_totem_pole_bridgeless_pfc/evaluator.py,from,pe_claw_gui.models.stress_result,src/pe_claw_gui/models/stress_result.py,included_internal
src/pe_claw_gui/topologies/ac_dc/single_phase_totem_pole_bridgeless_pfc/evaluator.py,from,pe_claw_gui.models.waveform,src/pe_claw_gui/models/waveform.py,included_internal
src/pe_claw_gui/topologies/ac_dc/single_phase_totem_pole_bridgeless_pfc/evaluator.py,from,pe_claw_gui.topologies.base.candidate,src/pe_claw_gui/topologies/base/candidate.py,included_internal
src/pe_claw_gui/topologies/ac_dc/single_phase_totem_pole_bridgeless_pfc/evaluator.py,from,pe_claw_gui.topologies.base.result,src/pe_claw_gui/topologies/base/result.py,included_internal
src/pe_claw_gui/topologies/ac_dc/single_phase_totem_pole_bridgeless_pfc/evaluator.py,from,pe_claw_gui.topologies.base.spec,src/pe_claw_gui/topologies/base/spec.py,included_internal
src/pe_claw_gui/topologies/ac_dc/single_phase_totem_pole_bridgeless_pfc/input_schema.py,from,__future__,,external_or_stdlib
src/pe_claw_gui/topologies/ac_dc/single_phase_totem_pole_bridgeless_pfc/input_schema.py,from,collections.abc,,external_or_stdlib
src/pe_claw_gui/topologies/ac_dc/single_phase_totem_pole_bridgeless_pfc/input_schema.py,from,pe_claw_gui.libraries.semiconductors.metadata,src/pe_claw_gui/libraries/semiconductors/metadata.py,included_internal
src/pe_claw_gui/topologies/ac_dc/single_phase_totem_pole_bridgeless_pfc/input_schema.py,from,pe_claw_gui.libraries.semiconductors.metadata,src/pe_claw_gui/libraries/semiconductors/metadata.py,included_internal
src/pe_claw_gui/topologies/ac_dc/single_phase_totem_pole_bridgeless_pfc/input_schema.py,from,pe_claw_gui.topologies.base.spec,src/pe_claw_gui/topologies/base/spec.py,included_internal
src/pe_claw_gui/topologies/ac_dc/single_phase_totem_pole_bridgeless_pfc/line_cycle.py,from,__future__,,external_or_stdlib
src/pe_claw_gui/topologies/ac_dc/single_phase_totem_pole_bridgeless_pfc/line_cycle.py,from,dataclasses,,external_or_stdlib
src/pe_claw_gui/topologies/ac_dc/single_phase_totem_pole_bridgeless_pfc/line_cycle.py,from,math,,external_or_stdlib
src/pe_claw_gui/topologies/ac_dc/single_phase_totem_pole_bridgeless_pfc/line_cycle.py,from,math,,external_or_stdlib
src/pe_claw_gui/topologies/ac_dc/single_phase_totem_pole_bridgeless_pfc/line_cycle.py,from,math,,external_or_stdlib
src/pe_claw_gui/topologies/ac_dc/single_phase_totem_pole_bridgeless_pfc/stress.py,from,__future__,,external_or_stdlib
src/pe_claw_gui/topologies/ac_dc/single_phase_totem_pole_bridgeless_pfc/stress.py,from,pe_claw_gui.models.stress_result,src/pe_claw_gui/models/stress_result.py,included_internal
src/pe_claw_gui/topologies/ac_dc/single_phase_totem_pole_bridgeless_pfc/stress.py,from,pe_claw_gui.models.stress_result,src/pe_claw_gui/models/stress_result.py,included_internal
src/pe_claw_gui/topologies/ac_dc/single_phase_totem_pole_bridgeless_pfc/stress.py,from,pe_claw_gui.models.waveform,src/pe_claw_gui/models/waveform.py,included_internal
src/pe_claw_gui/topologies/ac_dc/single_phase_totem_pole_bridgeless_pfc/stress.py,from,pe_claw_gui.topologies.base.candidate,src/pe_claw_gui/topologies/base/candidate.py,included_internal
src/pe_claw_gui/topologies/ac_dc/single_phase_totem_pole_bridgeless_pfc/synthesizer.py,from,__future__,,external_or_stdlib
src/pe_claw_gui/topologies/ac_dc/single_phase_totem_pole_bridgeless_pfc/synthesizer.py,from,math,,external_or_stdlib
src/pe_claw_gui/topologies/ac_dc/single_phase_totem_pole_bridgeless_pfc/synthesizer.py,from,math,,external_or_stdlib
src/pe_claw_gui/topologies/ac_dc/single_phase_totem_pole_bridgeless_pfc/synthesizer.py,from,pe_claw_gui.topologies.base.candidate,src/pe_claw_gui/topologies/base/candidate.py,included_internal
src/pe_claw_gui/topologies/ac_dc/single_phase_totem_pole_bridgeless_pfc/synthesizer.py,from,pe_claw_gui.topologies.base.spec,src/pe_claw_gui/topologies/base/spec.py,included_internal
src/pe_claw_gui/topologies/ac_dc/single_phase_totem_pole_bridgeless_pfc/synthesizer.py,from,pe_claw_gui.topologies.ac_dc.single_phase_totem_pole_bridgeless_pfc.line_cycle,src/pe_claw_gui/topologies/ac_dc/single_phase_totem_pole_bridgeless_pfc/line_cycle.py,included_internal
src/pe_claw_gui/topologies/ac_dc/single_phase_totem_pole_bridgeless_pfc/waveform.py,from,__future__,,external_or_stdlib
src/pe_claw_gui/topologies/ac_dc/single_phase_totem_pole_bridgeless_pfc/waveform.py,from,dataclasses,,external_or_stdlib
src/pe_claw_gui/topologies/ac_dc/single_phase_totem_pole_bridgeless_pfc/waveform.py,from,math,,external_or_stdlib
src/pe_claw_gui/topologies/ac_dc/single_phase_totem_pole_bridgeless_pfc/waveform.py,from,math,,external_or_stdlib
src/pe_claw_gui/topologies/ac_dc/single_phase_totem_pole_bridgeless_pfc/waveform.py,from,math,,external_or_stdlib
src/pe_claw_gui/topologies/ac_dc/single_phase_totem_pole_bridgeless_pfc/waveform.py,from,pe_claw_gui.models.operating_point,src/pe_claw_gui/models/operating_point.py,included_internal
src/pe_claw_gui/topologies/ac_dc/single_phase_totem_pole_bridgeless_pfc/waveform.py,from,pe_claw_gui.models.waveform,src/pe_claw_gui/models/waveform.py,included_internal
src/pe_claw_gui/topologies/ac_dc/single_phase_totem_pole_bridgeless_pfc/waveform.py,from,pe_claw_gui.topologies.base.candidate,src/pe_claw_gui/topologies/base/candidate.py,included_internal
src/pe_claw_gui/topologies/ac_dc/three_phase_diode_bridge_rectifier_capacitor_filter/__init__.py,from,__future__,,external_or_stdlib
src/pe_claw_gui/topologies/ac_dc/three_phase_diode_bridge_rectifier_capacitor_filter/__init__.py,from,collections.abc,,external_or_stdlib
src/pe_claw_gui/topologies/ac_dc/three_phase_diode_bridge_rectifier_capacitor_filter/__init__.py,from,dataclasses,,external_or_stdlib
src/pe_claw_gui/topologies/ac_dc/three_phase_diode_bridge_rectifier_capacitor_filter/__init__.py,from,pe_claw_gui.models.design_report,src/pe_claw_gui/models/design_report.py,included_internal
src/pe_claw_gui/topologies/ac_dc/three_phase_diode_bridge_rectifier_capacitor_filter/__init__.py,from,pe_claw_gui.models.operating_point,src/pe_claw_gui/models/operating_point.py,included_internal
src/pe_claw_gui/topologies/ac_dc/three_phase_diode_bridge_rectifier_capacitor_filter/__init__.py,from,pe_claw_gui.models.stress_result,src/pe_claw_gui/models/stress_result.py,included_internal
src/pe_claw_gui/topologies/ac_dc/three_phase_diode_bridge_rectifier_capacitor_filter/__init__.py,from,pe_claw_gui.models.waveform,src/pe_claw_gui/models/waveform.py,included_internal
src/pe_claw_gui/topologies/ac_dc/three_phase_diode_bridge_rectifier_capacitor_filter/__init__.py,from,pe_claw_gui.topologies.base.candidate,src/pe_claw_gui/topologies/base/candidate.py,included_internal
src/pe_claw_gui/topologies/ac_dc/three_phase_diode_bridge_rectifier_capacitor_filter/__init__.py,from,pe_claw_gui.topologies.base.interface,src/pe_claw_gui/topologies/base/interface.py,included_internal
src/pe_claw_gui/topologies/ac_dc/three_phase_diode_bridge_rectifier_capacitor_filter/__init__.py,from,pe_claw_gui.topologies.base.result,src/pe_claw_gui/topologies/base/result.py,included_internal
src/pe_claw_gui/topologies/ac_dc/three_phase_diode_bridge_rectifier_capacitor_filter/__init__.py,from,pe_claw_gui.topologies.base.spec,src/pe_claw_gui/topologies/base/spec.py,included_internal
src/pe_claw_gui/topologies/ac_dc/three_phase_diode_bridge_rectifier_capacitor_filter/__init__.py,from,pe_claw_gui.topologies.ac_dc.three_phase_diode_bridge_rectifier_capacitor_filter.evaluator,src/pe_claw_gui/topologies/ac_dc/three_phase_diode_bridge_rectifier_capacitor_filter/evaluator.py,included_internal
src/pe_claw_gui/topologies/ac_dc/three_phase_diode_bridge_rectifier_capacitor_filter/__init__.py,from,pe_claw_gui.topologies.ac_dc.three_phase_diode_bridge_rectifier_capacitor_filter.evaluator,src/pe_claw_gui/topologies/ac_dc/three_phase_diode_bridge_rectifier_capacitor_filter/evaluator.py,included_internal
src/pe_claw_gui/topologies/ac_dc/three_phase_diode_bridge_rectifier_capacitor_filter/__init__.py,from,pe_claw_gui.topologies.ac_dc.three_phase_diode_bridge_rectifier_capacitor_filter.input_schema,src/pe_claw_gui/topologies/ac_dc/three_phase_diode_bridge_rectifier_capacitor_filter/input_schema.py,included_internal
src/pe_claw_gui/topologies/ac_dc/three_phase_diode_bridge_rectifier_capacitor_filter/__init__.py,from,pe_claw_gui.topologies.ac_dc.three_phase_diode_bridge_rectifier_capacitor_filter.input_schema,src/pe_claw_gui/topologies/ac_dc/three_phase_diode_bridge_rectifier_capacitor_filter/input_schema.py,included_internal
src/pe_claw_gui/topologies/ac_dc/three_phase_diode_bridge_rectifier_capacitor_filter/__init__.py,from,pe_claw_gui.topologies.ac_dc.three_phase_diode_bridge_rectifier_capacitor_filter.input_schema,src/pe_claw_gui/topologies/ac_dc/three_phase_diode_bridge_rectifier_capacitor_filter/input_schema.py,included_internal
src/pe_claw_gui/topologies/ac_dc/three_phase_diode_bridge_rectifier_capacitor_filter/__init__.py,from,pe_claw_gui.topologies.ac_dc.three_phase_diode_bridge_rectifier_capacitor_filter.input_schema,src/pe_claw_gui/topologies/ac_dc/three_phase_diode_bridge_rectifier_capacitor_filter/input_schema.py,included_internal
src/pe_claw_gui/topologies/ac_dc/three_phase_diode_bridge_rectifier_capacitor_filter/__init__.py,from,pe_claw_gui.topologies.ac_dc.three_phase_diode_bridge_rectifier_capacitor_filter.input_schema,src/pe_claw_gui/topologies/ac_dc/three_phase_diode_bridge_rectifier_capacitor_filter/input_schema.py,included_internal
src/pe_claw_gui/topologies/ac_dc/three_phase_diode_bridge_rectifier_capacitor_filter/__init__.py,from,pe_claw_gui.topologies.ac_dc.three_phase_diode_bridge_rectifier_capacitor_filter.stress,src/pe_claw_gui/topologies/ac_dc/three_phase_diode_bridge_rectifier_capacitor_filter/stress.py,included_internal
src/pe_claw_gui/topologies/ac_dc/three_phase_diode_bridge_rectifier_capacitor_filter/__init__.py,from,pe_claw_gui.topologies.ac_dc.three_phase_diode_bridge_rectifier_capacitor_filter.synthesizer,src/pe_claw_gui/topologies/ac_dc/three_phase_diode_bridge_rectifier_capacitor_filter/synthesizer.py,included_internal
src/pe_claw_gui/topologies/ac_dc/three_phase_diode_bridge_rectifier_capacitor_filter/__init__.py,from,pe_claw_gui.topologies.ac_dc.three_phase_diode_bridge_rectifier_capacitor_filter.synthesizer,src/pe_claw_gui/topologies/ac_dc/three_phase_diode_bridge_rectifier_capacitor_filter/synthesizer.py,included_internal
src/pe_claw_gui/topologies/ac_dc/three_phase_diode_bridge_rectifier_capacitor_filter/__init__.py,from,pe_claw_gui.topologies.ac_dc.three_phase_diode_bridge_rectifier_capacitor_filter.waveform,src/pe_claw_gui/topologies/ac_dc/three_phase_diode_bridge_rectifier_capacitor_filter/waveform.py,included_internal
src/pe_claw_gui/topologies/ac_dc/three_phase_diode_bridge_rectifier_capacitor_filter/__init__.py,from,pe_claw_gui.topologies.ac_dc.three_phase_diode_bridge_rectifier_capacitor_filter.waveform,src/pe_claw_gui/topologies/ac_dc/three_phase_diode_bridge_rectifier_capacitor_filter/waveform.py,included_internal
src/pe_claw_gui/topologies/ac_dc/three_phase_diode_bridge_rectifier_capacitor_filter/__init__.py,from,pe_claw_gui.topologies.ac_dc.three_phase_diode_bridge_rectifier_capacitor_filter.waveform,src/pe_claw_gui/topologies/ac_dc/three_phase_diode_bridge_rectifier_capacitor_filter/waveform.py,included_internal
src/pe_claw_gui/topologies/ac_dc/three_phase_diode_bridge_rectifier_capacitor_filter/__init__.py,from,pe_claw_gui.topologies.ac_dc.three_phase_diode_bridge_rectifier_capacitor_filter.waveform,src/pe_claw_gui/topologies/ac_dc/three_phase_diode_bridge_rectifier_capacitor_filter/waveform.py,included_internal
src/pe_claw_gui/topologies/ac_dc/three_phase_diode_bridge_rectifier_capacitor_filter/__init__.py,from,pe_claw_gui.topologies.ac_dc.three_phase_diode_bridge_rectifier_capacitor_filter.simulation,src/pe_claw_gui/topologies/ac_dc/three_phase_diode_bridge_rectifier_capacitor_filter/simulation.py,included_internal
src/pe_claw_gui/topologies/ac_dc/three_phase_diode_bridge_rectifier_capacitor_filter/__init__.py,from,pe_claw_gui.topologies.ac_dc.three_phase_diode_bridge_rectifier_capacitor_filter.simulation,src/pe_claw_gui/topologies/ac_dc/three_phase_diode_bridge_rectifier_capacitor_filter/simulation.py,included_internal
src/pe_claw_gui/topologies/ac_dc/three_phase_diode_bridge_rectifier_capacitor_filter/evaluator.py,from,__future__,,external_or_stdlib
src/pe_claw_gui/topologies/ac_dc/three_phase_diode_bridge_rectifier_capacitor_filter/evaluator.py,from,pe_claw_gui.models.capacitor,src/pe_claw_gui/models/capacitor.py,included_internal
src/pe_claw_gui/topologies/ac_dc/three_phase_diode_bridge_rectifier_capacitor_filter/evaluator.py,from,pe_claw_gui.models.design_report,src/pe_claw_gui/models/design_report.py,included_internal
src/pe_claw_gui/topologies/ac_dc/three_phase_diode_bridge_rectifier_capacitor_filter/evaluator.py,from,pe_claw_gui.models.device_result,src/pe_claw_gui/models/device_result.py,included_internal
src/pe_claw_gui/topologies/ac_dc/three_phase_diode_bridge_rectifier_capacitor_filter/evaluator.py,from,pe_claw_gui.models.geometry_result,src/pe_claw_gui/models/geometry_result.py,included_internal
src/pe_claw_gui/topologies/ac_dc/three_phase_diode_bridge_rectifier_capacitor_filter/evaluator.py,from,pe_claw_gui.models.loss_result,src/pe_claw_gui/models/loss_result.py,included_internal
src/pe_claw_gui/topologies/ac_dc/three_phase_diode_bridge_rectifier_capacitor_filter/evaluator.py,from,pe_claw_gui.models.magnetic_result,src/pe_claw_gui/models/magnetic_result.py,included_internal
src/pe_claw_gui/topologies/ac_dc/three_phase_diode_bridge_rectifier_capacitor_filter/evaluator.py,from,pe_claw_gui.models.operating_point,src/pe_claw_gui/models/operating_point.py,included_internal
src/pe_claw_gui/topologies/ac_dc/three_phase_diode_bridge_rectifier_capacitor_filter/evaluator.py,from,pe_claw_gui.models.stress_result,src/pe_claw_gui/models/stress_result.py,included_internal
src/pe_claw_gui/topologies/ac_dc/three_phase_diode_bridge_rectifier_capacitor_filter/evaluator.py,from,pe_claw_gui.models.thermal_result,src/pe_claw_gui/models/thermal_result.py,included_internal
src/pe_claw_gui/topologies/ac_dc/three_phase_diode_bridge_rectifier_capacitor_filter/evaluator.py,from,pe_claw_gui.models.waveform,src/pe_claw_gui/models/waveform.py,included_internal
src/pe_claw_gui/topologies/ac_dc/three_phase_diode_bridge_rectifier_capacitor_filter/evaluator.py,from,pe_claw_gui.topologies.base.candidate,src/pe_claw_gui/topologies/base/candidate.py,included_internal
src/pe_claw_gui/topologies/ac_dc/three_phase_diode_bridge_rectifier_capacitor_filter/evaluator.py,from,pe_claw_gui.topologies.base.result,src/pe_claw_gui/topologies/base/result.py,included_internal
src/pe_claw_gui/topologies/ac_dc/three_phase_diode_bridge_rectifier_capacitor_filter/evaluator.py,from,pe_claw_gui.topologies.base.spec,src/pe_claw_gui/topologies/base/spec.py,included_internal
src/pe_claw_gui/topologies/ac_dc/three_phase_diode_bridge_rectifier_capacitor_filter/input_schema.py,from,__future__,,external_or_stdlib
src/pe_claw_gui/topologies/ac_dc/three_phase_diode_bridge_rectifier_capacitor_filter/input_schema.py,from,collections.abc,,external_or_stdlib
src/pe_claw_gui/topologies/ac_dc/three_phase_diode_bridge_rectifier_capacitor_filter/input_schema.py,from,pe_claw_gui.utils.ambient_temperature,src/pe_claw_gui/utils/ambient_temperature.py,included_internal
src/pe_claw_gui/topologies/ac_dc/three_phase_diode_bridge_rectifier_capacitor_filter/input_schema.py,from,pe_claw_gui.topologies.base.spec,src/pe_claw_gui/topologies/base/spec.py,included_internal
src/pe_claw_gui/topologies/ac_dc/three_phase_diode_bridge_rectifier_capacitor_filter/simulation.py,from,__future__,,external_or_stdlib
src/pe_claw_gui/topologies/ac_dc/three_phase_diode_bridge_rectifier_capacitor_filter/simulation.py,import,math,,external_or_stdlib
src/pe_claw_gui/topologies/ac_dc/three_phase_diode_bridge_rectifier_capacitor_filter/simulation.py,from,dataclasses,,external_or_stdlib
src/pe_claw_gui/topologies/ac_dc/three_phase_diode_bridge_rectifier_capacitor_filter/simulation.py,from,dataclasses,,external_or_stdlib
src/pe_claw_gui/topologies/ac_dc/three_phase_diode_bridge_rectifier_capacitor_filter/stress.py,from,__future__,,external_or_stdlib
src/pe_claw_gui/topologies/ac_dc/three_phase_diode_bridge_rectifier_capacitor_filter/stress.py,from,pe_claw_gui.models.stress_result,src/pe_claw_gui/models/stress_result.py,included_internal
src/pe_claw_gui/topologies/ac_dc/three_phase_diode_bridge_rectifier_capacitor_filter/stress.py,from,pe_claw_gui.models.stress_result,src/pe_claw_gui/models/stress_result.py,included_internal
src/pe_claw_gui/topologies/ac_dc/three_phase_diode_bridge_rectifier_capacitor_filter/stress.py,from,pe_claw_gui.models.waveform,src/pe_claw_gui/models/waveform.py,included_internal
src/pe_claw_gui/topologies/ac_dc/three_phase_diode_bridge_rectifier_capacitor_filter/stress.py,from,pe_claw_gui.topologies.base.candidate,src/pe_claw_gui/topologies/base/candidate.py,included_internal
src/pe_claw_gui/topologies/ac_dc/three_phase_diode_bridge_rectifier_capacitor_filter/synthesizer.py,from,__future__,,external_or_stdlib
src/pe_claw_gui/topologies/ac_dc/three_phase_diode_bridge_rectifier_capacitor_filter/synthesizer.py,from,math,,external_or_stdlib
src/pe_claw_gui/topologies/ac_dc/three_phase_diode_bridge_rectifier_capacitor_filter/synthesizer.py,from,pe_claw_gui.topologies.base.candidate,src/pe_claw_gui/topologies/base/candidate.py,included_internal
src/pe_claw_gui/topologies/ac_dc/three_phase_diode_bridge_rectifier_capacitor_filter/synthesizer.py,from,pe_claw_gui.topologies.base.spec,src/pe_claw_gui/topologies/base/spec.py,included_internal
src/pe_claw_gui/topologies/ac_dc/three_phase_diode_bridge_rectifier_capacitor_filter/synthesizer.py,from,pe_claw_gui.topologies.ac_dc.three_phase_diode_bridge_rectifier_capacitor_filter.simulation,src/pe_claw_gui/topologies/ac_dc/three_phase_diode_bridge_rectifier_capacitor_filter/simulation.py,included_internal
src/pe_claw_gui/topologies/ac_dc/three_phase_diode_bridge_rectifier_capacitor_filter/synthesizer.py,from,pe_claw_gui.topologies.ac_dc.three_phase_diode_bridge_rectifier_capacitor_filter.waveform,src/pe_claw_gui/topologies/ac_dc/three_phase_diode_bridge_rectifier_capacitor_filter/waveform.py,included_internal
src/pe_claw_gui/topologies/ac_dc/three_phase_diode_bridge_rectifier_capacitor_filter/waveform.py,from,__future__,,external_or_stdlib
src/pe_claw_gui/topologies/ac_dc/three_phase_diode_bridge_rectifier_capacitor_filter/waveform.py,import,csv,,external_or_stdlib
src/pe_claw_gui/topologies/ac_dc/three_phase_diode_bridge_rectifier_capacitor_filter/waveform.py,import,math,,external_or_stdlib
src/pe_claw_gui/topologies/ac_dc/three_phase_diode_bridge_rectifier_capacitor_filter/waveform.py,from,dataclasses,,external_or_stdlib
src/pe_claw_gui/topologies/ac_dc/three_phase_diode_bridge_rectifier_capacitor_filter/waveform.py,from,dataclasses,,external_or_stdlib
src/pe_claw_gui/topologies/ac_dc/three_phase_diode_bridge_rectifier_capacitor_filter/waveform.py,from,dataclasses,,external_or_stdlib
src/pe_claw_gui/topologies/ac_dc/three_phase_diode_bridge_rectifier_capacitor_filter/waveform.py,from,pathlib,,external_or_stdlib
src/pe_claw_gui/topologies/ac_dc/three_phase_diode_bridge_rectifier_capacitor_filter/waveform.py,from,matplotlib,,external_or_stdlib
src/pe_claw_gui/topologies/ac_dc/three_phase_diode_bridge_rectifier_capacitor_filter/waveform.py,from,matplotlib.ticker,,external_or_stdlib
src/pe_claw_gui/topologies/ac_dc/three_phase_diode_bridge_rectifier_capacitor_filter/waveform.py,from,matplotlib.ticker,,external_or_stdlib
src/pe_claw_gui/topologies/ac_dc/three_phase_diode_bridge_rectifier_capacitor_filter/waveform.py,from,pe_claw_gui.models.operating_point,src/pe_claw_gui/models/operating_point.py,included_internal
src/pe_claw_gui/topologies/ac_dc/three_phase_diode_bridge_rectifier_capacitor_filter/waveform.py,from,pe_claw_gui.models.waveform,src/pe_claw_gui/models/waveform.py,included_internal
src/pe_claw_gui/topologies/ac_dc/three_phase_diode_bridge_rectifier_capacitor_filter/waveform.py,from,pe_claw_gui.topologies.base.candidate,src/pe_claw_gui/topologies/base/candidate.py,included_internal
src/pe_claw_gui/topologies/ac_dc/three_phase_diode_bridge_rectifier_capacitor_filter/waveform.py,from,pe_claw_gui.topologies.ac_dc.three_phase_diode_bridge_rectifier_capacitor_filter.simulation,src/pe_claw_gui/topologies/ac_dc/three_phase_diode_bridge_rectifier_capacitor_filter/simulation.py,included_internal
src/pe_claw_gui/topologies/ac_dc/three_phase_diode_bridge_rectifier_capacitor_filter/waveform.py,from,pe_claw_gui.topologies.ac_dc.three_phase_diode_bridge_rectifier_capacitor_filter.simulation,src/pe_claw_gui/topologies/ac_dc/three_phase_diode_bridge_rectifier_capacitor_filter/simulation.py,included_internal
src/pe_claw_gui/topologies/ac_dc/three_phase_diode_bridge_rectifier_capacitor_filter/waveform.py,from,pe_claw_gui.topologies.ac_dc.three_phase_diode_bridge_rectifier_capacitor_filter.simulation,src/pe_claw_gui/topologies/ac_dc/three_phase_diode_bridge_rectifier_capacitor_filter/simulation.py,included_internal
src/pe_claw_gui/topologies/base/__init__.py,from,pe_claw_gui.topologies.base.category,src/pe_claw_gui/topologies/base/category.py,included_internal
src/pe_claw_gui/topologies/base/__init__.py,from,pe_claw_gui.topologies.base.candidate,src/pe_claw_gui/topologies/base/candidate.py,included_internal
src/pe_claw_gui/topologies/base/__init__.py,from,pe_claw_gui.topologies.base.interface,src/pe_claw_gui/topologies/base/interface.py,included_internal
src/pe_claw_gui/topologies/base/__init__.py,from,pe_claw_gui.topologies.base.registry,src/pe_claw_gui/topologies/base/registry.py,included_internal
src/pe_claw_gui/topologies/base/__init__.py,from,pe_claw_gui.topologies.base.registry,src/pe_claw_gui/topologies/base/registry.py,included_internal
src/pe_claw_gui/topologies/base/__init__.py,from,pe_claw_gui.topologies.base.registry,src/pe_claw_gui/topologies/base/registry.py,included_internal
src/pe_claw_gui/topologies/base/__init__.py,from,pe_claw_gui.topologies.base.result,src/pe_claw_gui/topologies/base/result.py,included_internal
src/pe_claw_gui/topologies/base/__init__.py,from,pe_claw_gui.topologies.base.spec,src/pe_claw_gui/topologies/base/spec.py,included_internal
src/pe_claw_gui/topologies/base/candidate.py,from,__future__,,external_or_stdlib
src/pe_claw_gui/topologies/base/candidate.py,from,dataclasses,,external_or_stdlib
src/pe_claw_gui/topologies/base/candidate.py,from,dataclasses,,external_or_stdlib
src/pe_claw_gui/topologies/base/candidate.py,from,typing,,external_or_stdlib
src/pe_claw_gui/topologies/base/category.py,from,__future__,,external_or_stdlib
src/pe_claw_gui/topologies/base/category.py,from,dataclasses,,external_or_stdlib
src/pe_claw_gui/topologies/base/interface.py,from,__future__,,external_or_stdlib
src/pe_claw_gui/topologies/base/interface.py,from,collections.abc,,external_or_stdlib
src/pe_claw_gui/topologies/base/interface.py,from,typing,,external_or_stdlib
src/pe_claw_gui/topologies/base/interface.py,from,typing,,external_or_stdlib
src/pe_claw_gui/topologies/base/interface.py,from,pe_claw_gui.models.design_report,src/pe_claw_gui/models/design_report.py,included_internal
src/pe_claw_gui/topologies/base/interface.py,from,pe_claw_gui.models.operating_point,src/pe_claw_gui/models/operating_point.py,included_internal
src/pe_claw_gui/topologies/base/interface.py,from,pe_claw_gui.models.stress_result,src/pe_claw_gui/models/stress_result.py,included_internal
src/pe_claw_gui/topologies/base/interface.py,from,pe_claw_gui.models.waveform,src/pe_claw_gui/models/waveform.py,included_internal
src/pe_claw_gui/topologies/base/interface.py,from,pe_claw_gui.topologies.base.candidate,src/pe_claw_gui/topologies/base/candidate.py,included_internal
src/pe_claw_gui/topologies/base/interface.py,from,pe_claw_gui.topologies.base.result,src/pe_claw_gui/topologies/base/result.py,included_internal
src/pe_claw_gui/topologies/base/interface.py,from,pe_claw_gui.topologies.base.spec,src/pe_claw_gui/topologies/base/spec.py,included_internal
src/pe_claw_gui/topologies/base/metadata.py,from,__future__,,external_or_stdlib
src/pe_claw_gui/topologies/base/metadata.py,from,pe_claw_gui.topologies.base.category,src/pe_claw_gui/topologies/base/category.py,included_internal
src/pe_claw_gui/topologies/base/registry.py,from,__future__,,external_or_stdlib
src/pe_claw_gui/topologies/base/registry.py,from,dataclasses,,external_or_stdlib
src/pe_claw_gui/topologies/base/registry.py,from,importlib,,external_or_stdlib
src/pe_claw_gui/topologies/base/registry.py,from,pe_claw_gui.topologies.base.category,src/pe_claw_gui/topologies/base/category.py,included_internal
src/pe_claw_gui/topologies/base/registry.py,from,pe_claw_gui.topologies.base.interface,src/pe_claw_gui/topologies/base/interface.py,included_internal
src/pe_claw_gui/topologies/base/registry.py,from,pe_claw_gui.topologies.base.metadata,src/pe_claw_gui/topologies/base/metadata.py,included_internal
src/pe_claw_gui/topologies/base/registry.py,from,pe_claw_gui.topologies.base.metadata,src/pe_claw_gui/topologies/base/metadata.py,included_internal
src/pe_claw_gui/topologies/base/result.py,from,__future__,,external_or_stdlib
src/pe_claw_gui/topologies/base/result.py,from,dataclasses,,external_or_stdlib
src/pe_claw_gui/topologies/base/result.py,from,dataclasses,,external_or_stdlib
src/pe_claw_gui/topologies/base/result.py,from,pe_claw_gui.topologies.base.candidate,src/pe_claw_gui/topologies/base/candidate.py,included_internal
src/pe_claw_gui/topologies/base/spec.py,from,__future__,,external_or_stdlib
src/pe_claw_gui/topologies/base/spec.py,from,dataclasses,,external_or_stdlib
src/pe_claw_gui/topologies/base/spec.py,from,pe_claw_gui.models.common_spec,src/pe_claw_gui/models/common_spec.py,included_internal
src/pe_claw_gui/topologies/dc_ac/single_phase_full_bridge_inverter/__init__.py,from,__future__,,external_or_stdlib
src/pe_claw_gui/topologies/dc_ac/single_phase_full_bridge_inverter/__init__.py,from,collections.abc,,external_or_stdlib
src/pe_claw_gui/topologies/dc_ac/single_phase_full_bridge_inverter/__init__.py,from,dataclasses,,external_or_stdlib
src/pe_claw_gui/topologies/dc_ac/single_phase_full_bridge_inverter/__init__.py,from,pe_claw_gui.models.design_report,src/pe_claw_gui/models/design_report.py,included_internal
src/pe_claw_gui/topologies/dc_ac/single_phase_full_bridge_inverter/__init__.py,from,pe_claw_gui.models.operating_point,src/pe_claw_gui/models/operating_point.py,included_internal
src/pe_claw_gui/topologies/dc_ac/single_phase_full_bridge_inverter/__init__.py,from,pe_claw_gui.models.stress_result,src/pe_claw_gui/models/stress_result.py,included_internal
src/pe_claw_gui/topologies/dc_ac/single_phase_full_bridge_inverter/__init__.py,from,pe_claw_gui.models.waveform,src/pe_claw_gui/models/waveform.py,included_internal
src/pe_claw_gui/topologies/dc_ac/single_phase_full_bridge_inverter/__init__.py,from,pe_claw_gui.topologies.base.candidate,src/pe_claw_gui/topologies/base/candidate.py,included_internal
src/pe_claw_gui/topologies/dc_ac/single_phase_full_bridge_inverter/__init__.py,from,pe_claw_gui.topologies.base.interface,src/pe_claw_gui/topologies/base/interface.py,included_internal
src/pe_claw_gui/topologies/dc_ac/single_phase_full_bridge_inverter/__init__.py,from,pe_claw_gui.topologies.base.result,src/pe_claw_gui/topologies/base/result.py,included_internal
src/pe_claw_gui/topologies/dc_ac/single_phase_full_bridge_inverter/__init__.py,from,pe_claw_gui.topologies.base.spec,src/pe_claw_gui/topologies/base/spec.py,included_internal
src/pe_claw_gui/topologies/dc_ac/single_phase_full_bridge_inverter/__init__.py,from,pe_claw_gui.topologies.dc_ac.single_phase_full_bridge_inverter.evaluator,src/pe_claw_gui/topologies/dc_ac/single_phase_full_bridge_inverter/evaluator.py,included_internal
src/pe_claw_gui/topologies/dc_ac/single_phase_full_bridge_inverter/__init__.py,from,pe_claw_gui.topologies.dc_ac.single_phase_full_bridge_inverter.evaluator,src/pe_claw_gui/topologies/dc_ac/single_phase_full_bridge_inverter/evaluator.py,included_internal
src/pe_claw_gui/topologies/dc_ac/single_phase_full_bridge_inverter/__init__.py,from,pe_claw_gui.topologies.dc_ac.single_phase_full_bridge_inverter.input_schema,src/pe_claw_gui/topologies/dc_ac/single_phase_full_bridge_inverter/input_schema.py,included_internal
src/pe_claw_gui/topologies/dc_ac/single_phase_full_bridge_inverter/__init__.py,from,pe_claw_gui.topologies.dc_ac.single_phase_full_bridge_inverter.input_schema,src/pe_claw_gui/topologies/dc_ac/single_phase_full_bridge_inverter/input_schema.py,included_internal
src/pe_claw_gui/topologies/dc_ac/single_phase_full_bridge_inverter/__init__.py,from,pe_claw_gui.topologies.dc_ac.single_phase_full_bridge_inverter.input_schema,src/pe_claw_gui/topologies/dc_ac/single_phase_full_bridge_inverter/input_schema.py,included_internal
src/pe_claw_gui/topologies/dc_ac/single_phase_full_bridge_inverter/__init__.py,from,pe_claw_gui.topologies.dc_ac.single_phase_full_bridge_inverter.input_schema,src/pe_claw_gui/topologies/dc_ac/single_phase_full_bridge_inverter/input_schema.py,included_internal
src/pe_claw_gui/topologies/dc_ac/single_phase_full_bridge_inverter/__init__.py,from,pe_claw_gui.topologies.dc_ac.single_phase_full_bridge_inverter.input_schema,src/pe_claw_gui/topologies/dc_ac/single_phase_full_bridge_inverter/input_schema.py,included_internal
src/pe_claw_gui/topologies/dc_ac/single_phase_full_bridge_inverter/__init__.py,from,pe_claw_gui.topologies.dc_ac.single_phase_full_bridge_inverter.stress,src/pe_claw_gui/topologies/dc_ac/single_phase_full_bridge_inverter/stress.py,included_internal
src/pe_claw_gui/topologies/dc_ac/single_phase_full_bridge_inverter/__init__.py,from,pe_claw_gui.topologies.dc_ac.single_phase_full_bridge_inverter.synthesizer,src/pe_claw_gui/topologies/dc_ac/single_phase_full_bridge_inverter/synthesizer.py,included_internal
src/pe_claw_gui/topologies/dc_ac/single_phase_full_bridge_inverter/__init__.py,from,pe_claw_gui.topologies.dc_ac.single_phase_full_bridge_inverter.synthesizer,src/pe_claw_gui/topologies/dc_ac/single_phase_full_bridge_inverter/synthesizer.py,included_internal
src/pe_claw_gui/topologies/dc_ac/single_phase_full_bridge_inverter/__init__.py,from,pe_claw_gui.topologies.dc_ac.single_phase_full_bridge_inverter.synthesizer,src/pe_claw_gui/topologies/dc_ac/single_phase_full_bridge_inverter/synthesizer.py,included_internal
src/pe_claw_gui/topologies/dc_ac/single_phase_full_bridge_inverter/__init__.py,from,pe_claw_gui.topologies.dc_ac.single_phase_full_bridge_inverter.synthesizer,src/pe_claw_gui/topologies/dc_ac/single_phase_full_bridge_inverter/synthesizer.py,included_internal
src/pe_claw_gui/topologies/dc_ac/single_phase_full_bridge_inverter/__init__.py,from,pe_claw_gui.topologies.dc_ac.single_phase_full_bridge_inverter.waveform,src/pe_claw_gui/topologies/dc_ac/single_phase_full_bridge_inverter/waveform.py,included_internal
src/pe_claw_gui/topologies/dc_ac/single_phase_full_bridge_inverter/evaluator.py,from,__future__,,external_or_stdlib
src/pe_claw_gui/topologies/dc_ac/single_phase_full_bridge_inverter/evaluator.py,from,dataclasses,,external_or_stdlib
src/pe_claw_gui/topologies/dc_ac/single_phase_full_bridge_inverter/evaluator.py,from,pe_claw_gui.models.design_report,src/pe_claw_gui/models/design_report.py,included_internal
src/pe_claw_gui/topologies/dc_ac/single_phase_full_bridge_inverter/evaluator.py,from,pe_claw_gui.models.operating_point,src/pe_claw_gui/models/operating_point.py,included_internal
src/pe_claw_gui/topologies/dc_ac/single_phase_full_bridge_inverter/evaluator.py,from,pe_claw_gui.models.stress_result,src/pe_claw_gui/models/stress_result.py,included_internal
src/pe_claw_gui/topologies/dc_ac/single_phase_full_bridge_inverter/evaluator.py,from,pe_claw_gui.models.waveform,src/pe_claw_gui/models/waveform.py,included_internal
src/pe_claw_gui/topologies/dc_ac/single_phase_full_bridge_inverter/evaluator.py,from,pe_claw_gui.topologies.base.candidate,src/pe_claw_gui/topologies/base/candidate.py,included_internal
src/pe_claw_gui/topologies/dc_ac/single_phase_full_bridge_inverter/evaluator.py,from,pe_claw_gui.topologies.base.result,src/pe_claw_gui/topologies/base/result.py,included_internal
src/pe_claw_gui/topologies/dc_ac/single_phase_full_bridge_inverter/evaluator.py,from,pe_claw_gui.topologies.base.spec,src/pe_claw_gui/topologies/base/spec.py,included_internal
src/pe_claw_gui/topologies/dc_ac/single_phase_full_bridge_inverter/input_schema.py,from,__future__,,external_or_stdlib
src/pe_claw_gui/topologies/dc_ac/single_phase_full_bridge_inverter/input_schema.py,from,collections.abc,,external_or_stdlib
src/pe_claw_gui/topologies/dc_ac/single_phase_full_bridge_inverter/input_schema.py,from,pe_claw_gui.topologies.base.spec,src/pe_claw_gui/topologies/base/spec.py,included_internal
src/pe_claw_gui/topologies/dc_ac/single_phase_full_bridge_inverter/input_schema.py,from,pe_claw_gui.utils.ambient_temperature,src/pe_claw_gui/utils/ambient_temperature.py,included_internal
src/pe_claw_gui/topologies/dc_ac/single_phase_full_bridge_inverter/stress.py,from,__future__,,external_or_stdlib
src/pe_claw_gui/topologies/dc_ac/single_phase_full_bridge_inverter/stress.py,from,pe_claw_gui.models.stress_result,src/pe_claw_gui/models/stress_result.py,included_internal
src/pe_claw_gui/topologies/dc_ac/single_phase_full_bridge_inverter/stress.py,from,pe_claw_gui.models.stress_result,src/pe_claw_gui/models/stress_result.py,included_internal
src/pe_claw_gui/topologies/dc_ac/single_phase_full_bridge_inverter/stress.py,from,pe_claw_gui.models.waveform,src/pe_claw_gui/models/waveform.py,included_internal
src/pe_claw_gui/topologies/dc_ac/single_phase_full_bridge_inverter/stress.py,from,pe_claw_gui.topologies.base.candidate,src/pe_claw_gui/topologies/base/candidate.py,included_internal
src/pe_claw_gui/topologies/dc_ac/single_phase_full_bridge_inverter/synthesizer.py,from,__future__,,external_or_stdlib
src/pe_claw_gui/topologies/dc_ac/single_phase_full_bridge_inverter/synthesizer.py,import,math,,external_or_stdlib
src/pe_claw_gui/topologies/dc_ac/single_phase_full_bridge_inverter/synthesizer.py,from,pe_claw_gui.topologies.base.candidate,src/pe_claw_gui/topologies/base/candidate.py,included_internal
src/pe_claw_gui/topologies/dc_ac/single_phase_full_bridge_inverter/synthesizer.py,from,pe_claw_gui.topologies.base.spec,src/pe_claw_gui/topologies/base/spec.py,included_internal
src/pe_claw_gui/topologies/dc_ac/single_phase_full_bridge_inverter/waveform.py,from,__future__,,external_or_stdlib
src/pe_claw_gui/topologies/dc_ac/single_phase_full_bridge_inverter/waveform.py,import,math,,external_or_stdlib
src/pe_claw_gui/topologies/dc_ac/single_phase_full_bridge_inverter/waveform.py,from,pe_claw_gui.models.operating_point,src/pe_claw_gui/models/operating_point.py,included_internal
src/pe_claw_gui/topologies/dc_ac/single_phase_full_bridge_inverter/waveform.py,from,pe_claw_gui.models.waveform,src/pe_claw_gui/models/waveform.py,included_internal
src/pe_claw_gui/topologies/dc_ac/single_phase_full_bridge_inverter/waveform.py,from,pe_claw_gui.topologies.base.candidate,src/pe_claw_gui/topologies/base/candidate.py,included_internal
src/pe_claw_gui/topologies/dc_ac/single_phase_full_bridge_inverter/waveform.py,from,pe_claw_gui.topologies.dc_ac.single_phase_full_bridge_inverter.synthesizer,src/pe_claw_gui/topologies/dc_ac/single_phase_full_bridge_inverter/synthesizer.py,included_internal
src/pe_claw_gui/topologies/dc_ac/three_phase_three_level_npc_inverter/__init__.py,from,__future__,,external_or_stdlib
src/pe_claw_gui/topologies/dc_ac/three_phase_three_level_npc_inverter/__init__.py,from,collections.abc,,external_or_stdlib
src/pe_claw_gui/topologies/dc_ac/three_phase_three_level_npc_inverter/__init__.py,from,dataclasses,,external_or_stdlib
src/pe_claw_gui/topologies/dc_ac/three_phase_three_level_npc_inverter/__init__.py,from,pe_claw_gui.models.design_report,src/pe_claw_gui/models/design_report.py,included_internal
src/pe_claw_gui/topologies/dc_ac/three_phase_three_level_npc_inverter/__init__.py,from,pe_claw_gui.models.operating_point,src/pe_claw_gui/models/operating_point.py,included_internal
src/pe_claw_gui/topologies/dc_ac/three_phase_three_level_npc_inverter/__init__.py,from,pe_claw_gui.models.stress_result,src/pe_claw_gui/models/stress_result.py,included_internal
src/pe_claw_gui/topologies/dc_ac/three_phase_three_level_npc_inverter/__init__.py,from,pe_claw_gui.models.waveform,src/pe_claw_gui/models/waveform.py,included_internal
src/pe_claw_gui/topologies/dc_ac/three_phase_three_level_npc_inverter/__init__.py,from,pe_claw_gui.topologies.base.candidate,src/pe_claw_gui/topologies/base/candidate.py,included_internal
src/pe_claw_gui/topologies/dc_ac/three_phase_three_level_npc_inverter/__init__.py,from,pe_claw_gui.topologies.base.interface,src/pe_claw_gui/topologies/base/interface.py,included_internal
src/pe_claw_gui/topologies/dc_ac/three_phase_three_level_npc_inverter/__init__.py,from,pe_claw_gui.topologies.base.result,src/pe_claw_gui/topologies/base/result.py,included_internal
src/pe_claw_gui/topologies/dc_ac/three_phase_three_level_npc_inverter/__init__.py,from,pe_claw_gui.topologies.base.spec,src/pe_claw_gui/topologies/base/spec.py,included_internal
src/pe_claw_gui/topologies/dc_ac/three_phase_three_level_npc_inverter/__init__.py,from,pe_claw_gui.topologies.dc_ac.three_phase_three_level_npc_inverter.evaluator,src/pe_claw_gui/topologies/dc_ac/three_phase_three_level_npc_inverter/evaluator.py,included_internal
src/pe_claw_gui/topologies/dc_ac/three_phase_three_level_npc_inverter/__init__.py,from,pe_claw_gui.topologies.dc_ac.three_phase_three_level_npc_inverter.evaluator,src/pe_claw_gui/topologies/dc_ac/three_phase_three_level_npc_inverter/evaluator.py,included_internal
src/pe_claw_gui/topologies/dc_ac/three_phase_three_level_npc_inverter/__init__.py,from,pe_claw_gui.topologies.dc_ac.three_phase_three_level_npc_inverter.input_schema,src/pe_claw_gui/topologies/dc_ac/three_phase_three_level_npc_inverter/input_schema.py,included_internal
src/pe_claw_gui/topologies/dc_ac/three_phase_three_level_npc_inverter/__init__.py,from,pe_claw_gui.topologies.dc_ac.three_phase_three_level_npc_inverter.input_schema,src/pe_claw_gui/topologies/dc_ac/three_phase_three_level_npc_inverter/input_schema.py,included_internal
src/pe_claw_gui/topologies/dc_ac/three_phase_three_level_npc_inverter/__init__.py,from,pe_claw_gui.topologies.dc_ac.three_phase_three_level_npc_inverter.input_schema,src/pe_claw_gui/topologies/dc_ac/three_phase_three_level_npc_inverter/input_schema.py,included_internal
src/pe_claw_gui/topologies/dc_ac/three_phase_three_level_npc_inverter/__init__.py,from,pe_claw_gui.topologies.dc_ac.three_phase_three_level_npc_inverter.input_schema,src/pe_claw_gui/topologies/dc_ac/three_phase_three_level_npc_inverter/input_schema.py,included_internal
src/pe_claw_gui/topologies/dc_ac/three_phase_three_level_npc_inverter/__init__.py,from,pe_claw_gui.topologies.dc_ac.three_phase_three_level_npc_inverter.input_schema,src/pe_claw_gui/topologies/dc_ac/three_phase_three_level_npc_inverter/input_schema.py,included_internal
src/pe_claw_gui/topologies/dc_ac/three_phase_three_level_npc_inverter/__init__.py,from,pe_claw_gui.topologies.dc_ac.three_phase_three_level_npc_inverter.stress,src/pe_claw_gui/topologies/dc_ac/three_phase_three_level_npc_inverter/stress.py,included_internal
src/pe_claw_gui/topologies/dc_ac/three_phase_three_level_npc_inverter/__init__.py,from,pe_claw_gui.topologies.dc_ac.three_phase_three_level_npc_inverter.synthesizer,src/pe_claw_gui/topologies/dc_ac/three_phase_three_level_npc_inverter/synthesizer.py,included_internal
src/pe_claw_gui/topologies/dc_ac/three_phase_three_level_npc_inverter/__init__.py,from,pe_claw_gui.topologies.dc_ac.three_phase_three_level_npc_inverter.synthesizer,src/pe_claw_gui/topologies/dc_ac/three_phase_three_level_npc_inverter/synthesizer.py,included_internal
src/pe_claw_gui/topologies/dc_ac/three_phase_three_level_npc_inverter/__init__.py,from,pe_claw_gui.topologies.dc_ac.three_phase_three_level_npc_inverter.waveform,src/pe_claw_gui/topologies/dc_ac/three_phase_three_level_npc_inverter/waveform.py,included_internal
src/pe_claw_gui/topologies/dc_ac/three_phase_three_level_npc_inverter/evaluator.py,from,__future__,,external_or_stdlib
src/pe_claw_gui/topologies/dc_ac/three_phase_three_level_npc_inverter/evaluator.py,from,pe_claw_gui.models.design_report,src/pe_claw_gui/models/design_report.py,included_internal
src/pe_claw_gui/topologies/dc_ac/three_phase_three_level_npc_inverter/evaluator.py,from,pe_claw_gui.models.operating_point,src/pe_claw_gui/models/operating_point.py,included_internal
src/pe_claw_gui/topologies/dc_ac/three_phase_three_level_npc_inverter/evaluator.py,from,pe_claw_gui.models.stress_result,src/pe_claw_gui/models/stress_result.py,included_internal
src/pe_claw_gui/topologies/dc_ac/three_phase_three_level_npc_inverter/evaluator.py,from,pe_claw_gui.models.waveform,src/pe_claw_gui/models/waveform.py,included_internal
src/pe_claw_gui/topologies/dc_ac/three_phase_three_level_npc_inverter/evaluator.py,from,pe_claw_gui.topologies.base.candidate,src/pe_claw_gui/topologies/base/candidate.py,included_internal
src/pe_claw_gui/topologies/dc_ac/three_phase_three_level_npc_inverter/evaluator.py,from,pe_claw_gui.topologies.base.result,src/pe_claw_gui/topologies/base/result.py,included_internal
src/pe_claw_gui/topologies/dc_ac/three_phase_three_level_npc_inverter/evaluator.py,from,pe_claw_gui.topologies.base.spec,src/pe_claw_gui/topologies/base/spec.py,included_internal
src/pe_claw_gui/topologies/dc_ac/three_phase_three_level_npc_inverter/input_schema.py,from,__future__,,external_or_stdlib
src/pe_claw_gui/topologies/dc_ac/three_phase_three_level_npc_inverter/input_schema.py,from,collections.abc,,external_or_stdlib
src/pe_claw_gui/topologies/dc_ac/three_phase_three_level_npc_inverter/input_schema.py,from,pe_claw_gui.libraries.semiconductors.metadata,src/pe_claw_gui/libraries/semiconductors/metadata.py,included_internal
src/pe_claw_gui/topologies/dc_ac/three_phase_three_level_npc_inverter/input_schema.py,from,pe_claw_gui.utils.ambient_temperature,src/pe_claw_gui/utils/ambient_temperature.py,included_internal
src/pe_claw_gui/topologies/dc_ac/three_phase_three_level_npc_inverter/input_schema.py,from,pe_claw_gui.topologies.base.spec,src/pe_claw_gui/topologies/base/spec.py,included_internal
src/pe_claw_gui/topologies/dc_ac/three_phase_three_level_npc_inverter/stress.py,from,__future__,,external_or_stdlib
src/pe_claw_gui/topologies/dc_ac/three_phase_three_level_npc_inverter/stress.py,import,math,,external_or_stdlib
src/pe_claw_gui/topologies/dc_ac/three_phase_three_level_npc_inverter/stress.py,from,pe_claw_gui.models.stress_result,src/pe_claw_gui/models/stress_result.py,included_internal
src/pe_claw_gui/topologies/dc_ac/three_phase_three_level_npc_inverter/stress.py,from,pe_claw_gui.models.stress_result,src/pe_claw_gui/models/stress_result.py,included_internal
src/pe_claw_gui/topologies/dc_ac/three_phase_three_level_npc_inverter/stress.py,from,pe_claw_gui.models.waveform,src/pe_claw_gui/models/waveform.py,included_internal
src/pe_claw_gui/topologies/dc_ac/three_phase_three_level_npc_inverter/stress.py,from,pe_claw_gui.topologies.base.candidate,src/pe_claw_gui/topologies/base/candidate.py,included_internal
src/pe_claw_gui/topologies/dc_ac/three_phase_three_level_npc_inverter/synthesizer.py,from,__future__,,external_or_stdlib
src/pe_claw_gui/topologies/dc_ac/three_phase_three_level_npc_inverter/synthesizer.py,import,math,,external_or_stdlib
src/pe_claw_gui/topologies/dc_ac/three_phase_three_level_npc_inverter/synthesizer.py,from,pe_claw_gui.topologies.base.candidate,src/pe_claw_gui/topologies/base/candidate.py,included_internal
src/pe_claw_gui/topologies/dc_ac/three_phase_three_level_npc_inverter/synthesizer.py,from,pe_claw_gui.topologies.base.spec,src/pe_claw_gui/topologies/base/spec.py,included_internal
src/pe_claw_gui/topologies/dc_ac/three_phase_three_level_npc_inverter/waveform.py,from,__future__,,external_or_stdlib
src/pe_claw_gui/topologies/dc_ac/three_phase_three_level_npc_inverter/waveform.py,import,math,,external_or_stdlib
src/pe_claw_gui/topologies/dc_ac/three_phase_three_level_npc_inverter/waveform.py,from,pe_claw_gui.models.operating_point,src/pe_claw_gui/models/operating_point.py,included_internal
src/pe_claw_gui/topologies/dc_ac/three_phase_three_level_npc_inverter/waveform.py,from,pe_claw_gui.models.waveform,src/pe_claw_gui/models/waveform.py,included_internal
src/pe_claw_gui/topologies/dc_ac/three_phase_three_level_npc_inverter/waveform.py,from,pe_claw_gui.topologies.base.candidate,src/pe_claw_gui/topologies/base/candidate.py,included_internal
src/pe_claw_gui/topologies/dc_ac/three_phase_two_level_voltage_source_inverter/__init__.py,from,__future__,,external_or_stdlib
src/pe_claw_gui/topologies/dc_ac/three_phase_two_level_voltage_source_inverter/__init__.py,from,collections.abc,,external_or_stdlib
src/pe_claw_gui/topologies/dc_ac/three_phase_two_level_voltage_source_inverter/__init__.py,from,dataclasses,,external_or_stdlib
src/pe_claw_gui/topologies/dc_ac/three_phase_two_level_voltage_source_inverter/__init__.py,from,pe_claw_gui.models.design_report,src/pe_claw_gui/models/design_report.py,included_internal
src/pe_claw_gui/topologies/dc_ac/three_phase_two_level_voltage_source_inverter/__init__.py,from,pe_claw_gui.models.operating_point,src/pe_claw_gui/models/operating_point.py,included_internal
src/pe_claw_gui/topologies/dc_ac/three_phase_two_level_voltage_source_inverter/__init__.py,from,pe_claw_gui.models.stress_result,src/pe_claw_gui/models/stress_result.py,included_internal
src/pe_claw_gui/topologies/dc_ac/three_phase_two_level_voltage_source_inverter/__init__.py,from,pe_claw_gui.models.waveform,src/pe_claw_gui/models/waveform.py,included_internal
src/pe_claw_gui/topologies/dc_ac/three_phase_two_level_voltage_source_inverter/__init__.py,from,pe_claw_gui.topologies.base.candidate,src/pe_claw_gui/topologies/base/candidate.py,included_internal
src/pe_claw_gui/topologies/dc_ac/three_phase_two_level_voltage_source_inverter/__init__.py,from,pe_claw_gui.topologies.base.interface,src/pe_claw_gui/topologies/base/interface.py,included_internal
src/pe_claw_gui/topologies/dc_ac/three_phase_two_level_voltage_source_inverter/__init__.py,from,pe_claw_gui.topologies.base.result,src/pe_claw_gui/topologies/base/result.py,included_internal
src/pe_claw_gui/topologies/dc_ac/three_phase_two_level_voltage_source_inverter/__init__.py,from,pe_claw_gui.topologies.base.spec,src/pe_claw_gui/topologies/base/spec.py,included_internal
src/pe_claw_gui/topologies/dc_ac/three_phase_two_level_voltage_source_inverter/__init__.py,from,pe_claw_gui.topologies.dc_ac.three_phase_two_level_voltage_source_inverter.evaluator,src/pe_claw_gui/topologies/dc_ac/three_phase_two_level_voltage_source_inverter/evaluator.py,included_internal
src/pe_claw_gui/topologies/dc_ac/three_phase_two_level_voltage_source_inverter/__init__.py,from,pe_claw_gui.topologies.dc_ac.three_phase_two_level_voltage_source_inverter.evaluator,src/pe_claw_gui/topologies/dc_ac/three_phase_two_level_voltage_source_inverter/evaluator.py,included_internal
src/pe_claw_gui/topologies/dc_ac/three_phase_two_level_voltage_source_inverter/__init__.py,from,pe_claw_gui.topologies.dc_ac.three_phase_two_level_voltage_source_inverter.input_schema,src/pe_claw_gui/topologies/dc_ac/three_phase_two_level_voltage_source_inverter/input_schema.py,included_internal
src/pe_claw_gui/topologies/dc_ac/three_phase_two_level_voltage_source_inverter/__init__.py,from,pe_claw_gui.topologies.dc_ac.three_phase_two_level_voltage_source_inverter.input_schema,src/pe_claw_gui/topologies/dc_ac/three_phase_two_level_voltage_source_inverter/input_schema.py,included_internal
src/pe_claw_gui/topologies/dc_ac/three_phase_two_level_voltage_source_inverter/__init__.py,from,pe_claw_gui.topologies.dc_ac.three_phase_two_level_voltage_source_inverter.input_schema,src/pe_claw_gui/topologies/dc_ac/three_phase_two_level_voltage_source_inverter/input_schema.py,included_internal
src/pe_claw_gui/topologies/dc_ac/three_phase_two_level_voltage_source_inverter/__init__.py,from,pe_claw_gui.topologies.dc_ac.three_phase_two_level_voltage_source_inverter.input_schema,src/pe_claw_gui/topologies/dc_ac/three_phase_two_level_voltage_source_inverter/input_schema.py,included_internal
src/pe_claw_gui/topologies/dc_ac/three_phase_two_level_voltage_source_inverter/__init__.py,from,pe_claw_gui.topologies.dc_ac.three_phase_two_level_voltage_source_inverter.input_schema,src/pe_claw_gui/topologies/dc_ac/three_phase_two_level_voltage_source_inverter/input_schema.py,included_internal
src/pe_claw_gui/topologies/dc_ac/three_phase_two_level_voltage_source_inverter/__init__.py,from,pe_claw_gui.topologies.dc_ac.three_phase_two_level_voltage_source_inverter.stress,src/pe_claw_gui/topologies/dc_ac/three_phase_two_level_voltage_source_inverter/stress.py,included_internal
src/pe_claw_gui/topologies/dc_ac/three_phase_two_level_voltage_source_inverter/__init__.py,from,pe_claw_gui.topologies.dc_ac.three_phase_two_level_voltage_source_inverter.synthesizer,src/pe_claw_gui/topologies/dc_ac/three_phase_two_level_voltage_source_inverter/synthesizer.py,included_internal
src/pe_claw_gui/topologies/dc_ac/three_phase_two_level_voltage_source_inverter/__init__.py,from,pe_claw_gui.topologies.dc_ac.three_phase_two_level_voltage_source_inverter.synthesizer,src/pe_claw_gui/topologies/dc_ac/three_phase_two_level_voltage_source_inverter/synthesizer.py,included_internal
src/pe_claw_gui/topologies/dc_ac/three_phase_two_level_voltage_source_inverter/__init__.py,from,pe_claw_gui.topologies.dc_ac.three_phase_two_level_voltage_source_inverter.waveform,src/pe_claw_gui/topologies/dc_ac/three_phase_two_level_voltage_source_inverter/waveform.py,included_internal
src/pe_claw_gui/topologies/dc_ac/three_phase_two_level_voltage_source_inverter/evaluator.py,from,__future__,,external_or_stdlib
src/pe_claw_gui/topologies/dc_ac/three_phase_two_level_voltage_source_inverter/evaluator.py,from,pe_claw_gui.models.design_report,src/pe_claw_gui/models/design_report.py,included_internal
src/pe_claw_gui/topologies/dc_ac/three_phase_two_level_voltage_source_inverter/evaluator.py,from,pe_claw_gui.models.operating_point,src/pe_claw_gui/models/operating_point.py,included_internal
src/pe_claw_gui/topologies/dc_ac/three_phase_two_level_voltage_source_inverter/evaluator.py,from,pe_claw_gui.models.stress_result,src/pe_claw_gui/models/stress_result.py,included_internal
src/pe_claw_gui/topologies/dc_ac/three_phase_two_level_voltage_source_inverter/evaluator.py,from,pe_claw_gui.models.waveform,src/pe_claw_gui/models/waveform.py,included_internal
src/pe_claw_gui/topologies/dc_ac/three_phase_two_level_voltage_source_inverter/evaluator.py,from,pe_claw_gui.topologies.base.candidate,src/pe_claw_gui/topologies/base/candidate.py,included_internal
src/pe_claw_gui/topologies/dc_ac/three_phase_two_level_voltage_source_inverter/evaluator.py,from,pe_claw_gui.topologies.base.result,src/pe_claw_gui/topologies/base/result.py,included_internal
src/pe_claw_gui/topologies/dc_ac/three_phase_two_level_voltage_source_inverter/evaluator.py,from,pe_claw_gui.topologies.base.spec,src/pe_claw_gui/topologies/base/spec.py,included_internal
src/pe_claw_gui/topologies/dc_ac/three_phase_two_level_voltage_source_inverter/input_schema.py,from,__future__,,external_or_stdlib
src/pe_claw_gui/topologies/dc_ac/three_phase_two_level_voltage_source_inverter/input_schema.py,from,collections.abc,,external_or_stdlib
src/pe_claw_gui/topologies/dc_ac/three_phase_two_level_voltage_source_inverter/input_schema.py,from,pe_claw_gui.utils.ambient_temperature,src/pe_claw_gui/utils/ambient_temperature.py,included_internal
src/pe_claw_gui/topologies/dc_ac/three_phase_two_level_voltage_source_inverter/input_schema.py,from,pe_claw_gui.libraries.semiconductors.metadata,src/pe_claw_gui/libraries/semiconductors/metadata.py,included_internal
src/pe_claw_gui/topologies/dc_ac/three_phase_two_level_voltage_source_inverter/input_schema.py,from,pe_claw_gui.topologies.base.spec,src/pe_claw_gui/topologies/base/spec.py,included_internal
src/pe_claw_gui/topologies/dc_ac/three_phase_two_level_voltage_source_inverter/stress.py,from,__future__,,external_or_stdlib
src/pe_claw_gui/topologies/dc_ac/three_phase_two_level_voltage_source_inverter/stress.py,import,math,,external_or_stdlib
src/pe_claw_gui/topologies/dc_ac/three_phase_two_level_voltage_source_inverter/stress.py,from,pe_claw_gui.models.stress_result,src/pe_claw_gui/models/stress_result.py,included_internal
src/pe_claw_gui/topologies/dc_ac/three_phase_two_level_voltage_source_inverter/stress.py,from,pe_claw_gui.models.stress_result,src/pe_claw_gui/models/stress_result.py,included_internal
src/pe_claw_gui/topologies/dc_ac/three_phase_two_level_voltage_source_inverter/stress.py,from,pe_claw_gui.models.waveform,src/pe_claw_gui/models/waveform.py,included_internal
src/pe_claw_gui/topologies/dc_ac/three_phase_two_level_voltage_source_inverter/stress.py,from,pe_claw_gui.topologies.base.candidate,src/pe_claw_gui/topologies/base/candidate.py,included_internal
src/pe_claw_gui/topologies/dc_ac/three_phase_two_level_voltage_source_inverter/synthesizer.py,from,__future__,,external_or_stdlib
src/pe_claw_gui/topologies/dc_ac/three_phase_two_level_voltage_source_inverter/synthesizer.py,import,math,,external_or_stdlib
src/pe_claw_gui/topologies/dc_ac/three_phase_two_level_voltage_source_inverter/synthesizer.py,from,pe_claw_gui.topologies.base.candidate,src/pe_claw_gui/topologies/base/candidate.py,included_internal
src/pe_claw_gui/topologies/dc_ac/three_phase_two_level_voltage_source_inverter/synthesizer.py,from,pe_claw_gui.topologies.base.spec,src/pe_claw_gui/topologies/base/spec.py,included_internal
src/pe_claw_gui/topologies/dc_ac/three_phase_two_level_voltage_source_inverter/waveform.py,from,__future__,,external_or_stdlib
src/pe_claw_gui/topologies/dc_ac/three_phase_two_level_voltage_source_inverter/waveform.py,import,math,,external_or_stdlib
src/pe_claw_gui/topologies/dc_ac/three_phase_two_level_voltage_source_inverter/waveform.py,from,pe_claw_gui.models.operating_point,src/pe_claw_gui/models/operating_point.py,included_internal
src/pe_claw_gui/topologies/dc_ac/three_phase_two_level_voltage_source_inverter/waveform.py,from,pe_claw_gui.models.waveform,src/pe_claw_gui/models/waveform.py,included_internal
src/pe_claw_gui/topologies/dc_ac/three_phase_two_level_voltage_source_inverter/waveform.py,from,pe_claw_gui.topologies.base.candidate,src/pe_claw_gui/topologies/base/candidate.py,included_internal
src/pe_claw_gui/topologies/dc_dc/__init__.py,from,pe_claw_gui.topologies.dc_dc.buck_diode_rectified_unidirectional,src/pe_claw_gui/topologies/dc_dc/buck_diode_rectified_unidirectional/__init__.py,included_internal
src/pe_claw_gui/topologies/dc_dc/__init__.py,from,pe_claw_gui.topologies.dc_dc.buck_diode_rectified_unidirectional,src/pe_claw_gui/topologies/dc_dc/buck_diode_rectified_unidirectional/__init__.py,included_internal
src/pe_claw_gui/topologies/dc_dc/__init__.py,from,pe_claw_gui.topologies.dc_dc.buck_synchronous_rectified_unidirectional,src/pe_claw_gui/topologies/dc_dc/buck_synchronous_rectified_unidirectional/__init__.py,included_internal
src/pe_claw_gui/topologies/dc_dc/__init__.py,from,pe_claw_gui.topologies.dc_dc.buck_synchronous_rectified_unidirectional,src/pe_claw_gui/topologies/dc_dc/buck_synchronous_rectified_unidirectional/__init__.py,included_internal
src/pe_claw_gui/topologies/dc_dc/__init__.py,from,pe_claw_gui.topologies.dc_dc.buck_boost_diode_rectified_unidirectional,src/pe_claw_gui/topologies/dc_dc/buck_boost_diode_rectified_unidirectional/__init__.py,included_internal
src/pe_claw_gui/topologies/dc_dc/__init__.py,from,pe_claw_gui.topologies.dc_dc.buck_boost_diode_rectified_unidirectional,src/pe_claw_gui/topologies/dc_dc/buck_boost_diode_rectified_unidirectional/__init__.py,included_internal
src/pe_claw_gui/topologies/dc_dc/__init__.py,from,pe_claw_gui.topologies.dc_dc.boost_diode_rectified_unidirectional,src/pe_claw_gui/topologies/dc_dc/boost_diode_rectified_unidirectional/__init__.py,included_internal
src/pe_claw_gui/topologies/dc_dc/__init__.py,from,pe_claw_gui.topologies.dc_dc.boost_diode_rectified_unidirectional,src/pe_claw_gui/topologies/dc_dc/boost_diode_rectified_unidirectional/__init__.py,included_internal
src/pe_claw_gui/topologies/dc_dc/__init__.py,from,pe_claw_gui.topologies.dc_dc.boost_synchronous_rectified_unidirectional,src/pe_claw_gui/topologies/dc_dc/boost_synchronous_rectified_unidirectional/__init__.py,included_internal
src/pe_claw_gui/topologies/dc_dc/__init__.py,from,pe_claw_gui.topologies.dc_dc.boost_synchronous_rectified_unidirectional,src/pe_claw_gui/topologies/dc_dc/boost_synchronous_rectified_unidirectional/__init__.py,included_internal
src/pe_claw_gui/topologies/dc_dc/__init__.py,from,pe_claw_gui.topologies.dc_dc.four_switch_buck_boost_simplified_four_mode,src/pe_claw_gui/topologies/dc_dc/four_switch_buck_boost_simplified_four_mode/__init__.py,included_internal
src/pe_claw_gui/topologies/dc_dc/__init__.py,from,pe_claw_gui.topologies.dc_dc.four_switch_buck_boost_simplified_four_mode,src/pe_claw_gui/topologies/dc_dc/four_switch_buck_boost_simplified_four_mode/__init__.py,included_internal
src/pe_claw_gui/topologies/dc_dc/__init__.py,from,pe_claw_gui.topologies.dc_dc.three_level_tzcm_fixed_frequency,src/pe_claw_gui/topologies/dc_dc/three_level_tzcm_fixed_frequency/__init__.py,included_internal
src/pe_claw_gui/topologies/dc_dc/__init__.py,from,pe_claw_gui.topologies.dc_dc.three_level_tzcm_fixed_frequency,src/pe_claw_gui/topologies/dc_dc/three_level_tzcm_fixed_frequency/__init__.py,included_internal
src/pe_claw_gui/topologies/dc_dc/boost_diode_rectified_unidirectional/__init__.py,from,__future__,,external_or_stdlib
src/pe_claw_gui/topologies/dc_dc/boost_diode_rectified_unidirectional/__init__.py,from,collections.abc,,external_or_stdlib
src/pe_claw_gui/topologies/dc_dc/boost_diode_rectified_unidirectional/__init__.py,from,dataclasses,,external_or_stdlib
src/pe_claw_gui/topologies/dc_dc/boost_diode_rectified_unidirectional/__init__.py,from,pe_claw_gui.models.design_report,src/pe_claw_gui/models/design_report.py,included_internal
src/pe_claw_gui/topologies/dc_dc/boost_diode_rectified_unidirectional/__init__.py,from,pe_claw_gui.models.operating_point,src/pe_claw_gui/models/operating_point.py,included_internal
src/pe_claw_gui/topologies/dc_dc/boost_diode_rectified_unidirectional/__init__.py,from,pe_claw_gui.models.stress_result,src/pe_claw_gui/models/stress_result.py,included_internal
src/pe_claw_gui/topologies/dc_dc/boost_diode_rectified_unidirectional/__init__.py,from,pe_claw_gui.models.waveform,src/pe_claw_gui/models/waveform.py,included_internal
src/pe_claw_gui/topologies/dc_dc/boost_diode_rectified_unidirectional/__init__.py,from,pe_claw_gui.topologies.base.candidate,src/pe_claw_gui/topologies/base/candidate.py,included_internal
src/pe_claw_gui/topologies/dc_dc/boost_diode_rectified_unidirectional/__init__.py,from,pe_claw_gui.topologies.base.interface,src/pe_claw_gui/topologies/base/interface.py,included_internal
src/pe_claw_gui/topologies/dc_dc/boost_diode_rectified_unidirectional/__init__.py,from,pe_claw_gui.topologies.base.result,src/pe_claw_gui/topologies/base/result.py,included_internal
src/pe_claw_gui/topologies/dc_dc/boost_diode_rectified_unidirectional/__init__.py,from,pe_claw_gui.topologies.base.spec,src/pe_claw_gui/topologies/base/spec.py,included_internal
src/pe_claw_gui/topologies/dc_dc/boost_diode_rectified_unidirectional/__init__.py,from,pe_claw_gui.topologies.dc_dc.boost_diode_rectified_unidirectional.evaluator,src/pe_claw_gui/topologies/dc_dc/boost_diode_rectified_unidirectional/evaluator.py,included_internal
src/pe_claw_gui/topologies/dc_dc/boost_diode_rectified_unidirectional/__init__.py,from,pe_claw_gui.topologies.dc_dc.boost_diode_rectified_unidirectional.evaluator,src/pe_claw_gui/topologies/dc_dc/boost_diode_rectified_unidirectional/evaluator.py,included_internal
src/pe_claw_gui/topologies/dc_dc/boost_diode_rectified_unidirectional/__init__.py,from,pe_claw_gui.topologies.dc_dc.boost_diode_rectified_unidirectional.input_schema,src/pe_claw_gui/topologies/dc_dc/boost_diode_rectified_unidirectional/input_schema.py,included_internal
src/pe_claw_gui/topologies/dc_dc/boost_diode_rectified_unidirectional/__init__.py,from,pe_claw_gui.topologies.dc_dc.boost_diode_rectified_unidirectional.input_schema,src/pe_claw_gui/topologies/dc_dc/boost_diode_rectified_unidirectional/input_schema.py,included_internal
src/pe_claw_gui/topologies/dc_dc/boost_diode_rectified_unidirectional/__init__.py,from,pe_claw_gui.topologies.dc_dc.boost_diode_rectified_unidirectional.input_schema,src/pe_claw_gui/topologies/dc_dc/boost_diode_rectified_unidirectional/input_schema.py,included_internal
src/pe_claw_gui/topologies/dc_dc/boost_diode_rectified_unidirectional/__init__.py,from,pe_claw_gui.topologies.dc_dc.boost_diode_rectified_unidirectional.input_schema,src/pe_claw_gui/topologies/dc_dc/boost_diode_rectified_unidirectional/input_schema.py,included_internal
src/pe_claw_gui/topologies/dc_dc/boost_diode_rectified_unidirectional/__init__.py,from,pe_claw_gui.topologies.dc_dc.boost_diode_rectified_unidirectional.input_schema,src/pe_claw_gui/topologies/dc_dc/boost_diode_rectified_unidirectional/input_schema.py,included_internal
src/pe_claw_gui/topologies/dc_dc/boost_diode_rectified_unidirectional/__init__.py,from,pe_claw_gui.topologies.dc_dc.boost_diode_rectified_unidirectional.stress,src/pe_claw_gui/topologies/dc_dc/boost_diode_rectified_unidirectional/stress.py,included_internal
src/pe_claw_gui/topologies/dc_dc/boost_diode_rectified_unidirectional/__init__.py,from,pe_claw_gui.topologies.dc_dc.boost_diode_rectified_unidirectional.synthesizer,src/pe_claw_gui/topologies/dc_dc/boost_diode_rectified_unidirectional/synthesizer.py,included_internal
src/pe_claw_gui/topologies/dc_dc/boost_diode_rectified_unidirectional/__init__.py,from,pe_claw_gui.topologies.dc_dc.boost_diode_rectified_unidirectional.waveform,src/pe_claw_gui/topologies/dc_dc/boost_diode_rectified_unidirectional/waveform.py,included_internal
src/pe_claw_gui/topologies/dc_dc/boost_diode_rectified_unidirectional/evaluator.py,from,__future__,,external_or_stdlib
src/pe_claw_gui/topologies/dc_dc/boost_diode_rectified_unidirectional/evaluator.py,from,pe_claw_gui.models.design_report,src/pe_claw_gui/models/design_report.py,included_internal
src/pe_claw_gui/topologies/dc_dc/boost_diode_rectified_unidirectional/evaluator.py,from,pe_claw_gui.models.device_result,src/pe_claw_gui/models/device_result.py,included_internal
src/pe_claw_gui/topologies/dc_dc/boost_diode_rectified_unidirectional/evaluator.py,from,pe_claw_gui.models.geometry_result,src/pe_claw_gui/models/geometry_result.py,included_internal
src/pe_claw_gui/topologies/dc_dc/boost_diode_rectified_unidirectional/evaluator.py,from,pe_claw_gui.models.loss_result,src/pe_claw_gui/models/loss_result.py,included_internal
src/pe_claw_gui/topologies/dc_dc/boost_diode_rectified_unidirectional/evaluator.py,from,pe_claw_gui.models.magnetic_result,src/pe_claw_gui/models/magnetic_result.py,included_internal
src/pe_claw_gui/topologies/dc_dc/boost_diode_rectified_unidirectional/evaluator.py,from,pe_claw_gui.models.operating_point,src/pe_claw_gui/models/operating_point.py,included_internal
src/pe_claw_gui/topologies/dc_dc/boost_diode_rectified_unidirectional/evaluator.py,from,pe_claw_gui.models.stress_result,src/pe_claw_gui/models/stress_result.py,included_internal
src/pe_claw_gui/topologies/dc_dc/boost_diode_rectified_unidirectional/evaluator.py,from,pe_claw_gui.models.thermal_result,src/pe_claw_gui/models/thermal_result.py,included_internal
src/pe_claw_gui/topologies/dc_dc/boost_diode_rectified_unidirectional/evaluator.py,from,pe_claw_gui.models.waveform,src/pe_claw_gui/models/waveform.py,included_internal
src/pe_claw_gui/topologies/dc_dc/boost_diode_rectified_unidirectional/evaluator.py,from,pe_claw_gui.topologies.base.candidate,src/pe_claw_gui/topologies/base/candidate.py,included_internal
src/pe_claw_gui/topologies/dc_dc/boost_diode_rectified_unidirectional/evaluator.py,from,pe_claw_gui.topologies.base.result,src/pe_claw_gui/topologies/base/result.py,included_internal
src/pe_claw_gui/topologies/dc_dc/boost_diode_rectified_unidirectional/evaluator.py,from,pe_claw_gui.topologies.base.spec,src/pe_claw_gui/topologies/base/spec.py,included_internal
src/pe_claw_gui/topologies/dc_dc/boost_diode_rectified_unidirectional/input_schema.py,from,__future__,,external_or_stdlib
src/pe_claw_gui/topologies/dc_dc/boost_diode_rectified_unidirectional/input_schema.py,from,collections.abc,,external_or_stdlib
src/pe_claw_gui/topologies/dc_dc/boost_diode_rectified_unidirectional/input_schema.py,from,pe_claw_gui.libraries.semiconductors.metadata,src/pe_claw_gui/libraries/semiconductors/metadata.py,included_internal
src/pe_claw_gui/topologies/dc_dc/boost_diode_rectified_unidirectional/input_schema.py,from,pe_claw_gui.libraries.semiconductors.metadata,src/pe_claw_gui/libraries/semiconductors/metadata.py,included_internal
src/pe_claw_gui/topologies/dc_dc/boost_diode_rectified_unidirectional/input_schema.py,from,pe_claw_gui.topologies.base.spec,src/pe_claw_gui/topologies/base/spec.py,included_internal
src/pe_claw_gui/topologies/dc_dc/boost_diode_rectified_unidirectional/input_schema.py,from,pe_claw_gui.utils.ambient_temperature,src/pe_claw_gui/utils/ambient_temperature.py,included_internal
src/pe_claw_gui/topologies/dc_dc/boost_diode_rectified_unidirectional/input_schema.py,from,pe_claw_gui.utils.ambient_temperature,src/pe_claw_gui/utils/ambient_temperature.py,included_internal
src/pe_claw_gui/topologies/dc_dc/boost_diode_rectified_unidirectional/mode.py,from,__future__,,external_or_stdlib
src/pe_claw_gui/topologies/dc_dc/boost_diode_rectified_unidirectional/mode.py,import,math,,external_or_stdlib
src/pe_claw_gui/topologies/dc_dc/boost_diode_rectified_unidirectional/mode.py,from,dataclasses,,external_or_stdlib
src/pe_claw_gui/topologies/dc_dc/boost_diode_rectified_unidirectional/mode.py,from,pe_claw_gui.models.operating_point,src/pe_claw_gui/models/operating_point.py,included_internal
src/pe_claw_gui/topologies/dc_dc/boost_diode_rectified_unidirectional/mode.py,from,pe_claw_gui.topologies.base.candidate,src/pe_claw_gui/topologies/base/candidate.py,included_internal
src/pe_claw_gui/topologies/dc_dc/boost_diode_rectified_unidirectional/stress.py,from,__future__,,external_or_stdlib
src/pe_claw_gui/topologies/dc_dc/boost_diode_rectified_unidirectional/stress.py,import,math,,external_or_stdlib
src/pe_claw_gui/topologies/dc_dc/boost_diode_rectified_unidirectional/stress.py,from,pe_claw_gui.models.stress_result,src/pe_claw_gui/models/stress_result.py,included_internal
src/pe_claw_gui/topologies/dc_dc/boost_diode_rectified_unidirectional/stress.py,from,pe_claw_gui.models.stress_result,src/pe_claw_gui/models/stress_result.py,included_internal
src/pe_claw_gui/topologies/dc_dc/boost_diode_rectified_unidirectional/stress.py,from,pe_claw_gui.models.waveform,src/pe_claw_gui/models/waveform.py,included_internal
src/pe_claw_gui/topologies/dc_dc/boost_diode_rectified_unidirectional/stress.py,from,pe_claw_gui.topologies.base.candidate,src/pe_claw_gui/topologies/base/candidate.py,included_internal
src/pe_claw_gui/topologies/dc_dc/boost_diode_rectified_unidirectional/stress.py,from,pe_claw_gui.topologies.dc_dc.boost_diode_rectified_unidirectional.waveform,src/pe_claw_gui/topologies/dc_dc/boost_diode_rectified_unidirectional/waveform.py,included_internal
src/pe_claw_gui/topologies/dc_dc/boost_diode_rectified_unidirectional/synthesizer.py,from,__future__,,external_or_stdlib
src/pe_claw_gui/topologies/dc_dc/boost_diode_rectified_unidirectional/synthesizer.py,from,pe_claw_gui.topologies.base.candidate,src/pe_claw_gui/topologies/base/candidate.py,included_internal
src/pe_claw_gui/topologies/dc_dc/boost_diode_rectified_unidirectional/synthesizer.py,from,pe_claw_gui.topologies.base.spec,src/pe_claw_gui/topologies/base/spec.py,included_internal
src/pe_claw_gui/topologies/dc_dc/boost_diode_rectified_unidirectional/waveform.py,from,__future__,,external_or_stdlib
src/pe_claw_gui/topologies/dc_dc/boost_diode_rectified_unidirectional/waveform.py,from,pe_claw_gui.models.operating_point,src/pe_claw_gui/models/operating_point.py,included_internal
src/pe_claw_gui/topologies/dc_dc/boost_diode_rectified_unidirectional/waveform.py,from,pe_claw_gui.models.waveform,src/pe_claw_gui/models/waveform.py,included_internal
src/pe_claw_gui/topologies/dc_dc/boost_diode_rectified_unidirectional/waveform.py,from,pe_claw_gui.topologies.base.candidate,src/pe_claw_gui/topologies/base/candidate.py,included_internal
src/pe_claw_gui/topologies/dc_dc/boost_diode_rectified_unidirectional/waveform.py,from,pe_claw_gui.topologies.dc_dc.boost_diode_rectified_unidirectional.mode,src/pe_claw_gui/topologies/dc_dc/boost_diode_rectified_unidirectional/mode.py,included_internal
src/pe_claw_gui/topologies/dc_dc/boost_diode_rectified_unidirectional/waveform.py,from,pe_claw_gui.topologies.dc_dc.boost_diode_rectified_unidirectional.mode,src/pe_claw_gui/topologies/dc_dc/boost_diode_rectified_unidirectional/mode.py,included_internal
src/pe_claw_gui/topologies/dc_dc/boost_synchronous_rectified_unidirectional/__init__.py,from,__future__,,external_or_stdlib
src/pe_claw_gui/topologies/dc_dc/boost_synchronous_rectified_unidirectional/__init__.py,from,collections.abc,,external_or_stdlib
src/pe_claw_gui/topologies/dc_dc/boost_synchronous_rectified_unidirectional/__init__.py,from,dataclasses,,external_or_stdlib
src/pe_claw_gui/topologies/dc_dc/boost_synchronous_rectified_unidirectional/__init__.py,from,pe_claw_gui.models.design_report,src/pe_claw_gui/models/design_report.py,included_internal
src/pe_claw_gui/topologies/dc_dc/boost_synchronous_rectified_unidirectional/__init__.py,from,pe_claw_gui.models.operating_point,src/pe_claw_gui/models/operating_point.py,included_internal
src/pe_claw_gui/topologies/dc_dc/boost_synchronous_rectified_unidirectional/__init__.py,from,pe_claw_gui.models.stress_result,src/pe_claw_gui/models/stress_result.py,included_internal
src/pe_claw_gui/topologies/dc_dc/boost_synchronous_rectified_unidirectional/__init__.py,from,pe_claw_gui.models.waveform,src/pe_claw_gui/models/waveform.py,included_internal
src/pe_claw_gui/topologies/dc_dc/boost_synchronous_rectified_unidirectional/__init__.py,from,pe_claw_gui.topologies.base.candidate,src/pe_claw_gui/topologies/base/candidate.py,included_internal
src/pe_claw_gui/topologies/dc_dc/boost_synchronous_rectified_unidirectional/__init__.py,from,pe_claw_gui.topologies.base.interface,src/pe_claw_gui/topologies/base/interface.py,included_internal
src/pe_claw_gui/topologies/dc_dc/boost_synchronous_rectified_unidirectional/__init__.py,from,pe_claw_gui.topologies.base.result,src/pe_claw_gui/topologies/base/result.py,included_internal
src/pe_claw_gui/topologies/dc_dc/boost_synchronous_rectified_unidirectional/__init__.py,from,pe_claw_gui.topologies.base.spec,src/pe_claw_gui/topologies/base/spec.py,included_internal
src/pe_claw_gui/topologies/dc_dc/boost_synchronous_rectified_unidirectional/__init__.py,from,pe_claw_gui.topologies.dc_dc.boost_synchronous_rectified_unidirectional.evaluator,src/pe_claw_gui/topologies/dc_dc/boost_synchronous_rectified_unidirectional/evaluator.py,included_internal
src/pe_claw_gui/topologies/dc_dc/boost_synchronous_rectified_unidirectional/__init__.py,from,pe_claw_gui.topologies.dc_dc.boost_synchronous_rectified_unidirectional.evaluator,src/pe_claw_gui/topologies/dc_dc/boost_synchronous_rectified_unidirectional/evaluator.py,included_internal
src/pe_claw_gui/topologies/dc_dc/boost_synchronous_rectified_unidirectional/__init__.py,from,pe_claw_gui.topologies.dc_dc.boost_synchronous_rectified_unidirectional.input_schema,src/pe_claw_gui/topologies/dc_dc/boost_synchronous_rectified_unidirectional/input_schema.py,included_internal
src/pe_claw_gui/topologies/dc_dc/boost_synchronous_rectified_unidirectional/__init__.py,from,pe_claw_gui.topologies.dc_dc.boost_synchronous_rectified_unidirectional.input_schema,src/pe_claw_gui/topologies/dc_dc/boost_synchronous_rectified_unidirectional/input_schema.py,included_internal
src/pe_claw_gui/topologies/dc_dc/boost_synchronous_rectified_unidirectional/__init__.py,from,pe_claw_gui.topologies.dc_dc.boost_synchronous_rectified_unidirectional.input_schema,src/pe_claw_gui/topologies/dc_dc/boost_synchronous_rectified_unidirectional/input_schema.py,included_internal
src/pe_claw_gui/topologies/dc_dc/boost_synchronous_rectified_unidirectional/__init__.py,from,pe_claw_gui.topologies.dc_dc.boost_synchronous_rectified_unidirectional.input_schema,src/pe_claw_gui/topologies/dc_dc/boost_synchronous_rectified_unidirectional/input_schema.py,included_internal
src/pe_claw_gui/topologies/dc_dc/boost_synchronous_rectified_unidirectional/__init__.py,from,pe_claw_gui.topologies.dc_dc.boost_synchronous_rectified_unidirectional.input_schema,src/pe_claw_gui/topologies/dc_dc/boost_synchronous_rectified_unidirectional/input_schema.py,included_internal
src/pe_claw_gui/topologies/dc_dc/boost_synchronous_rectified_unidirectional/__init__.py,from,pe_claw_gui.topologies.dc_dc.boost_synchronous_rectified_unidirectional.stress,src/pe_claw_gui/topologies/dc_dc/boost_synchronous_rectified_unidirectional/stress.py,included_internal
src/pe_claw_gui/topologies/dc_dc/boost_synchronous_rectified_unidirectional/__init__.py,from,pe_claw_gui.topologies.dc_dc.boost_synchronous_rectified_unidirectional.synthesizer,src/pe_claw_gui/topologies/dc_dc/boost_synchronous_rectified_unidirectional/synthesizer.py,included_internal
src/pe_claw_gui/topologies/dc_dc/boost_synchronous_rectified_unidirectional/__init__.py,from,pe_claw_gui.topologies.dc_dc.boost_synchronous_rectified_unidirectional.waveform,src/pe_claw_gui/topologies/dc_dc/boost_synchronous_rectified_unidirectional/waveform.py,included_internal
src/pe_claw_gui/topologies/dc_dc/boost_synchronous_rectified_unidirectional/evaluator.py,from,__future__,,external_or_stdlib
src/pe_claw_gui/topologies/dc_dc/boost_synchronous_rectified_unidirectional/evaluator.py,from,pe_claw_gui.models.design_report,src/pe_claw_gui/models/design_report.py,included_internal
src/pe_claw_gui/topologies/dc_dc/boost_synchronous_rectified_unidirectional/evaluator.py,from,pe_claw_gui.models.device_result,src/pe_claw_gui/models/device_result.py,included_internal
src/pe_claw_gui/topologies/dc_dc/boost_synchronous_rectified_unidirectional/evaluator.py,from,pe_claw_gui.models.geometry_result,src/pe_claw_gui/models/geometry_result.py,included_internal
src/pe_claw_gui/topologies/dc_dc/boost_synchronous_rectified_unidirectional/evaluator.py,from,pe_claw_gui.models.loss_result,src/pe_claw_gui/models/loss_result.py,included_internal
src/pe_claw_gui/topologies/dc_dc/boost_synchronous_rectified_unidirectional/evaluator.py,from,pe_claw_gui.models.magnetic_result,src/pe_claw_gui/models/magnetic_result.py,included_internal
src/pe_claw_gui/topologies/dc_dc/boost_synchronous_rectified_unidirectional/evaluator.py,from,pe_claw_gui.models.operating_point,src/pe_claw_gui/models/operating_point.py,included_internal
src/pe_claw_gui/topologies/dc_dc/boost_synchronous_rectified_unidirectional/evaluator.py,from,pe_claw_gui.models.stress_result,src/pe_claw_gui/models/stress_result.py,included_internal
src/pe_claw_gui/topologies/dc_dc/boost_synchronous_rectified_unidirectional/evaluator.py,from,pe_claw_gui.models.thermal_result,src/pe_claw_gui/models/thermal_result.py,included_internal
src/pe_claw_gui/topologies/dc_dc/boost_synchronous_rectified_unidirectional/evaluator.py,from,pe_claw_gui.models.waveform,src/pe_claw_gui/models/waveform.py,included_internal
src/pe_claw_gui/topologies/dc_dc/boost_synchronous_rectified_unidirectional/evaluator.py,from,pe_claw_gui.topologies.base.candidate,src/pe_claw_gui/topologies/base/candidate.py,included_internal
src/pe_claw_gui/topologies/dc_dc/boost_synchronous_rectified_unidirectional/evaluator.py,from,pe_claw_gui.topologies.base.result,src/pe_claw_gui/topologies/base/result.py,included_internal
src/pe_claw_gui/topologies/dc_dc/boost_synchronous_rectified_unidirectional/evaluator.py,from,pe_claw_gui.topologies.base.spec,src/pe_claw_gui/topologies/base/spec.py,included_internal
src/pe_claw_gui/topologies/dc_dc/boost_synchronous_rectified_unidirectional/input_schema.py,from,__future__,,external_or_stdlib
src/pe_claw_gui/topologies/dc_dc/boost_synchronous_rectified_unidirectional/input_schema.py,from,collections.abc,,external_or_stdlib
src/pe_claw_gui/topologies/dc_dc/boost_synchronous_rectified_unidirectional/input_schema.py,from,pe_claw_gui.libraries.semiconductors.metadata,src/pe_claw_gui/libraries/semiconductors/metadata.py,included_internal
src/pe_claw_gui/topologies/dc_dc/boost_synchronous_rectified_unidirectional/input_schema.py,from,pe_claw_gui.libraries.semiconductors.metadata,src/pe_claw_gui/libraries/semiconductors/metadata.py,included_internal
src/pe_claw_gui/topologies/dc_dc/boost_synchronous_rectified_unidirectional/input_schema.py,from,pe_claw_gui.topologies.base.spec,src/pe_claw_gui/topologies/base/spec.py,included_internal
src/pe_claw_gui/topologies/dc_dc/boost_synchronous_rectified_unidirectional/input_schema.py,from,pe_claw_gui.utils.ambient_temperature,src/pe_claw_gui/utils/ambient_temperature.py,included_internal
src/pe_claw_gui/topologies/dc_dc/boost_synchronous_rectified_unidirectional/input_schema.py,from,pe_claw_gui.utils.ambient_temperature,src/pe_claw_gui/utils/ambient_temperature.py,included_internal
src/pe_claw_gui/topologies/dc_dc/boost_synchronous_rectified_unidirectional/mode.py,from,__future__,,external_or_stdlib
src/pe_claw_gui/topologies/dc_dc/boost_synchronous_rectified_unidirectional/mode.py,from,dataclasses,,external_or_stdlib
src/pe_claw_gui/topologies/dc_dc/boost_synchronous_rectified_unidirectional/mode.py,from,pe_claw_gui.models.operating_point,src/pe_claw_gui/models/operating_point.py,included_internal
src/pe_claw_gui/topologies/dc_dc/boost_synchronous_rectified_unidirectional/mode.py,from,pe_claw_gui.topologies.base.candidate,src/pe_claw_gui/topologies/base/candidate.py,included_internal
src/pe_claw_gui/topologies/dc_dc/boost_synchronous_rectified_unidirectional/stress.py,from,__future__,,external_or_stdlib
src/pe_claw_gui/topologies/dc_dc/boost_synchronous_rectified_unidirectional/stress.py,import,math,,external_or_stdlib
src/pe_claw_gui/topologies/dc_dc/boost_synchronous_rectified_unidirectional/stress.py,from,pe_claw_gui.models.stress_result,src/pe_claw_gui/models/stress_result.py,included_internal
src/pe_claw_gui/topologies/dc_dc/boost_synchronous_rectified_unidirectional/stress.py,from,pe_claw_gui.models.stress_result,src/pe_claw_gui/models/stress_result.py,included_internal
src/pe_claw_gui/topologies/dc_dc/boost_synchronous_rectified_unidirectional/stress.py,from,pe_claw_gui.models.waveform,src/pe_claw_gui/models/waveform.py,included_internal
src/pe_claw_gui/topologies/dc_dc/boost_synchronous_rectified_unidirectional/stress.py,from,pe_claw_gui.topologies.base.candidate,src/pe_claw_gui/topologies/base/candidate.py,included_internal
src/pe_claw_gui/topologies/dc_dc/boost_synchronous_rectified_unidirectional/stress.py,from,pe_claw_gui.topologies.dc_dc.boost_synchronous_rectified_unidirectional.waveform,src/pe_claw_gui/topologies/dc_dc/boost_synchronous_rectified_unidirectional/waveform.py,included_internal
src/pe_claw_gui/topologies/dc_dc/boost_synchronous_rectified_unidirectional/synthesizer.py,from,__future__,,external_or_stdlib
src/pe_claw_gui/topologies/dc_dc/boost_synchronous_rectified_unidirectional/synthesizer.py,from,pe_claw_gui.topologies.base.candidate,src/pe_claw_gui/topologies/base/candidate.py,included_internal
src/pe_claw_gui/topologies/dc_dc/boost_synchronous_rectified_unidirectional/synthesizer.py,from,pe_claw_gui.topologies.base.spec,src/pe_claw_gui/topologies/base/spec.py,included_internal
src/pe_claw_gui/topologies/dc_dc/boost_synchronous_rectified_unidirectional/waveform.py,from,__future__,,external_or_stdlib
src/pe_claw_gui/topologies/dc_dc/boost_synchronous_rectified_unidirectional/waveform.py,from,pe_claw_gui.models.operating_point,src/pe_claw_gui/models/operating_point.py,included_internal
src/pe_claw_gui/topologies/dc_dc/boost_synchronous_rectified_unidirectional/waveform.py,from,pe_claw_gui.models.waveform,src/pe_claw_gui/models/waveform.py,included_internal
src/pe_claw_gui/topologies/dc_dc/boost_synchronous_rectified_unidirectional/waveform.py,from,pe_claw_gui.topologies.base.candidate,src/pe_claw_gui/topologies/base/candidate.py,included_internal
src/pe_claw_gui/topologies/dc_dc/boost_synchronous_rectified_unidirectional/waveform.py,from,pe_claw_gui.topologies.dc_dc.boost_synchronous_rectified_unidirectional.mode,src/pe_claw_gui/topologies/dc_dc/boost_synchronous_rectified_unidirectional/mode.py,included_internal
src/pe_claw_gui/topologies/dc_dc/boost_synchronous_rectified_unidirectional/waveform.py,from,pe_claw_gui.topologies.dc_dc.boost_synchronous_rectified_unidirectional.mode,src/pe_claw_gui/topologies/dc_dc/boost_synchronous_rectified_unidirectional/mode.py,included_internal
src/pe_claw_gui/topologies/dc_dc/buck_boost_diode_rectified_unidirectional/__init__.py,from,__future__,,external_or_stdlib
src/pe_claw_gui/topologies/dc_dc/buck_boost_diode_rectified_unidirectional/__init__.py,from,collections.abc,,external_or_stdlib
src/pe_claw_gui/topologies/dc_dc/buck_boost_diode_rectified_unidirectional/__init__.py,from,dataclasses,,external_or_stdlib
src/pe_claw_gui/topologies/dc_dc/buck_boost_diode_rectified_unidirectional/__init__.py,from,pe_claw_gui.models.design_report,src/pe_claw_gui/models/design_report.py,included_internal
src/pe_claw_gui/topologies/dc_dc/buck_boost_diode_rectified_unidirectional/__init__.py,from,pe_claw_gui.models.operating_point,src/pe_claw_gui/models/operating_point.py,included_internal
src/pe_claw_gui/topologies/dc_dc/buck_boost_diode_rectified_unidirectional/__init__.py,from,pe_claw_gui.models.stress_result,src/pe_claw_gui/models/stress_result.py,included_internal
src/pe_claw_gui/topologies/dc_dc/buck_boost_diode_rectified_unidirectional/__init__.py,from,pe_claw_gui.models.waveform,src/pe_claw_gui/models/waveform.py,included_internal
src/pe_claw_gui/topologies/dc_dc/buck_boost_diode_rectified_unidirectional/__init__.py,from,pe_claw_gui.topologies.base.candidate,src/pe_claw_gui/topologies/base/candidate.py,included_internal
src/pe_claw_gui/topologies/dc_dc/buck_boost_diode_rectified_unidirectional/__init__.py,from,pe_claw_gui.topologies.base.interface,src/pe_claw_gui/topologies/base/interface.py,included_internal
src/pe_claw_gui/topologies/dc_dc/buck_boost_diode_rectified_unidirectional/__init__.py,from,pe_claw_gui.topologies.base.result,src/pe_claw_gui/topologies/base/result.py,included_internal
src/pe_claw_gui/topologies/dc_dc/buck_boost_diode_rectified_unidirectional/__init__.py,from,pe_claw_gui.topologies.base.spec,src/pe_claw_gui/topologies/base/spec.py,included_internal
src/pe_claw_gui/topologies/dc_dc/buck_boost_diode_rectified_unidirectional/__init__.py,from,pe_claw_gui.topologies.dc_dc.buck_boost_diode_rectified_unidirectional.evaluator,src/pe_claw_gui/topologies/dc_dc/buck_boost_diode_rectified_unidirectional/evaluator.py,included_internal
src/pe_claw_gui/topologies/dc_dc/buck_boost_diode_rectified_unidirectional/__init__.py,from,pe_claw_gui.topologies.dc_dc.buck_boost_diode_rectified_unidirectional.evaluator,src/pe_claw_gui/topologies/dc_dc/buck_boost_diode_rectified_unidirectional/evaluator.py,included_internal
src/pe_claw_gui/topologies/dc_dc/buck_boost_diode_rectified_unidirectional/__init__.py,from,pe_claw_gui.topologies.dc_dc.buck_boost_diode_rectified_unidirectional.input_schema,src/pe_claw_gui/topologies/dc_dc/buck_boost_diode_rectified_unidirectional/input_schema.py,included_internal
src/pe_claw_gui/topologies/dc_dc/buck_boost_diode_rectified_unidirectional/__init__.py,from,pe_claw_gui.topologies.dc_dc.buck_boost_diode_rectified_unidirectional.input_schema,src/pe_claw_gui/topologies/dc_dc/buck_boost_diode_rectified_unidirectional/input_schema.py,included_internal
src/pe_claw_gui/topologies/dc_dc/buck_boost_diode_rectified_unidirectional/__init__.py,from,pe_claw_gui.topologies.dc_dc.buck_boost_diode_rectified_unidirectional.input_schema,src/pe_claw_gui/topologies/dc_dc/buck_boost_diode_rectified_unidirectional/input_schema.py,included_internal
src/pe_claw_gui/topologies/dc_dc/buck_boost_diode_rectified_unidirectional/__init__.py,from,pe_claw_gui.topologies.dc_dc.buck_boost_diode_rectified_unidirectional.input_schema,src/pe_claw_gui/topologies/dc_dc/buck_boost_diode_rectified_unidirectional/input_schema.py,included_internal
src/pe_claw_gui/topologies/dc_dc/buck_boost_diode_rectified_unidirectional/__init__.py,from,pe_claw_gui.topologies.dc_dc.buck_boost_diode_rectified_unidirectional.input_schema,src/pe_claw_gui/topologies/dc_dc/buck_boost_diode_rectified_unidirectional/input_schema.py,included_internal
src/pe_claw_gui/topologies/dc_dc/buck_boost_diode_rectified_unidirectional/__init__.py,from,pe_claw_gui.topologies.dc_dc.buck_boost_diode_rectified_unidirectional.stress,src/pe_claw_gui/topologies/dc_dc/buck_boost_diode_rectified_unidirectional/stress.py,included_internal
src/pe_claw_gui/topologies/dc_dc/buck_boost_diode_rectified_unidirectional/__init__.py,from,pe_claw_gui.topologies.dc_dc.buck_boost_diode_rectified_unidirectional.synthesizer,src/pe_claw_gui/topologies/dc_dc/buck_boost_diode_rectified_unidirectional/synthesizer.py,included_internal
src/pe_claw_gui/topologies/dc_dc/buck_boost_diode_rectified_unidirectional/__init__.py,from,pe_claw_gui.topologies.dc_dc.buck_boost_diode_rectified_unidirectional.waveform,src/pe_claw_gui/topologies/dc_dc/buck_boost_diode_rectified_unidirectional/waveform.py,included_internal
src/pe_claw_gui/topologies/dc_dc/buck_boost_diode_rectified_unidirectional/evaluator.py,from,__future__,,external_or_stdlib
src/pe_claw_gui/topologies/dc_dc/buck_boost_diode_rectified_unidirectional/evaluator.py,from,pe_claw_gui.models.design_report,src/pe_claw_gui/models/design_report.py,included_internal
src/pe_claw_gui/topologies/dc_dc/buck_boost_diode_rectified_unidirectional/evaluator.py,from,pe_claw_gui.models.device_result,src/pe_claw_gui/models/device_result.py,included_internal
src/pe_claw_gui/topologies/dc_dc/buck_boost_diode_rectified_unidirectional/evaluator.py,from,pe_claw_gui.models.geometry_result,src/pe_claw_gui/models/geometry_result.py,included_internal
src/pe_claw_gui/topologies/dc_dc/buck_boost_diode_rectified_unidirectional/evaluator.py,from,pe_claw_gui.models.loss_result,src/pe_claw_gui/models/loss_result.py,included_internal
src/pe_claw_gui/topologies/dc_dc/buck_boost_diode_rectified_unidirectional/evaluator.py,from,pe_claw_gui.models.magnetic_result,src/pe_claw_gui/models/magnetic_result.py,included_internal
src/pe_claw_gui/topologies/dc_dc/buck_boost_diode_rectified_unidirectional/evaluator.py,from,pe_claw_gui.models.operating_point,src/pe_claw_gui/models/operating_point.py,included_internal
src/pe_claw_gui/topologies/dc_dc/buck_boost_diode_rectified_unidirectional/evaluator.py,from,pe_claw_gui.models.stress_result,src/pe_claw_gui/models/stress_result.py,included_internal
src/pe_claw_gui/topologies/dc_dc/buck_boost_diode_rectified_unidirectional/evaluator.py,from,pe_claw_gui.models.thermal_result,src/pe_claw_gui/models/thermal_result.py,included_internal
src/pe_claw_gui/topologies/dc_dc/buck_boost_diode_rectified_unidirectional/evaluator.py,from,pe_claw_gui.models.waveform,src/pe_claw_gui/models/waveform.py,included_internal
src/pe_claw_gui/topologies/dc_dc/buck_boost_diode_rectified_unidirectional/evaluator.py,from,pe_claw_gui.topologies.base.candidate,src/pe_claw_gui/topologies/base/candidate.py,included_internal
src/pe_claw_gui/topologies/dc_dc/buck_boost_diode_rectified_unidirectional/evaluator.py,from,pe_claw_gui.topologies.base.result,src/pe_claw_gui/topologies/base/result.py,included_internal
src/pe_claw_gui/topologies/dc_dc/buck_boost_diode_rectified_unidirectional/evaluator.py,from,pe_claw_gui.topologies.base.spec,src/pe_claw_gui/topologies/base/spec.py,included_internal
src/pe_claw_gui/topologies/dc_dc/buck_boost_diode_rectified_unidirectional/input_schema.py,from,__future__,,external_or_stdlib
src/pe_claw_gui/topologies/dc_dc/buck_boost_diode_rectified_unidirectional/input_schema.py,from,collections.abc,,external_or_stdlib
src/pe_claw_gui/topologies/dc_dc/buck_boost_diode_rectified_unidirectional/input_schema.py,from,pe_claw_gui.libraries.semiconductors.metadata,src/pe_claw_gui/libraries/semiconductors/metadata.py,included_internal
src/pe_claw_gui/topologies/dc_dc/buck_boost_diode_rectified_unidirectional/input_schema.py,from,pe_claw_gui.libraries.semiconductors.metadata,src/pe_claw_gui/libraries/semiconductors/metadata.py,included_internal
src/pe_claw_gui/topologies/dc_dc/buck_boost_diode_rectified_unidirectional/input_schema.py,from,pe_claw_gui.topologies.base.spec,src/pe_claw_gui/topologies/base/spec.py,included_internal
src/pe_claw_gui/topologies/dc_dc/buck_boost_diode_rectified_unidirectional/input_schema.py,from,pe_claw_gui.utils.ambient_temperature,src/pe_claw_gui/utils/ambient_temperature.py,included_internal
src/pe_claw_gui/topologies/dc_dc/buck_boost_diode_rectified_unidirectional/input_schema.py,from,pe_claw_gui.utils.ambient_temperature,src/pe_claw_gui/utils/ambient_temperature.py,included_internal
src/pe_claw_gui/topologies/dc_dc/buck_boost_diode_rectified_unidirectional/mode.py,from,__future__,,external_or_stdlib
src/pe_claw_gui/topologies/dc_dc/buck_boost_diode_rectified_unidirectional/mode.py,import,math,,external_or_stdlib
src/pe_claw_gui/topologies/dc_dc/buck_boost_diode_rectified_unidirectional/mode.py,from,dataclasses,,external_or_stdlib
src/pe_claw_gui/topologies/dc_dc/buck_boost_diode_rectified_unidirectional/mode.py,from,pe_claw_gui.models.operating_point,src/pe_claw_gui/models/operating_point.py,included_internal
src/pe_claw_gui/topologies/dc_dc/buck_boost_diode_rectified_unidirectional/mode.py,from,pe_claw_gui.topologies.base.candidate,src/pe_claw_gui/topologies/base/candidate.py,included_internal
src/pe_claw_gui/topologies/dc_dc/buck_boost_diode_rectified_unidirectional/stress.py,from,__future__,,external_or_stdlib
src/pe_claw_gui/topologies/dc_dc/buck_boost_diode_rectified_unidirectional/stress.py,import,math,,external_or_stdlib
src/pe_claw_gui/topologies/dc_dc/buck_boost_diode_rectified_unidirectional/stress.py,from,pe_claw_gui.models.stress_result,src/pe_claw_gui/models/stress_result.py,included_internal
src/pe_claw_gui/topologies/dc_dc/buck_boost_diode_rectified_unidirectional/stress.py,from,pe_claw_gui.models.stress_result,src/pe_claw_gui/models/stress_result.py,included_internal
src/pe_claw_gui/topologies/dc_dc/buck_boost_diode_rectified_unidirectional/stress.py,from,pe_claw_gui.models.waveform,src/pe_claw_gui/models/waveform.py,included_internal
src/pe_claw_gui/topologies/dc_dc/buck_boost_diode_rectified_unidirectional/stress.py,from,pe_claw_gui.topologies.base.candidate,src/pe_claw_gui/topologies/base/candidate.py,included_internal
src/pe_claw_gui/topologies/dc_dc/buck_boost_diode_rectified_unidirectional/stress.py,from,pe_claw_gui.topologies.dc_dc.buck_boost_diode_rectified_unidirectional.waveform,src/pe_claw_gui/topologies/dc_dc/buck_boost_diode_rectified_unidirectional/waveform.py,included_internal
src/pe_claw_gui/topologies/dc_dc/buck_boost_diode_rectified_unidirectional/synthesizer.py,from,__future__,,external_or_stdlib
src/pe_claw_gui/topologies/dc_dc/buck_boost_diode_rectified_unidirectional/synthesizer.py,from,pe_claw_gui.topologies.base.candidate,src/pe_claw_gui/topologies/base/candidate.py,included_internal
src/pe_claw_gui/topologies/dc_dc/buck_boost_diode_rectified_unidirectional/synthesizer.py,from,pe_claw_gui.topologies.base.spec,src/pe_claw_gui/topologies/base/spec.py,included_internal
src/pe_claw_gui/topologies/dc_dc/buck_boost_diode_rectified_unidirectional/waveform.py,from,__future__,,external_or_stdlib
src/pe_claw_gui/topologies/dc_dc/buck_boost_diode_rectified_unidirectional/waveform.py,from,pe_claw_gui.models.operating_point,src/pe_claw_gui/models/operating_point.py,included_internal
src/pe_claw_gui/topologies/dc_dc/buck_boost_diode_rectified_unidirectional/waveform.py,from,pe_claw_gui.models.waveform,src/pe_claw_gui/models/waveform.py,included_internal
src/pe_claw_gui/topologies/dc_dc/buck_boost_diode_rectified_unidirectional/waveform.py,from,pe_claw_gui.topologies.base.candidate,src/pe_claw_gui/topologies/base/candidate.py,included_internal
src/pe_claw_gui/topologies/dc_dc/buck_boost_diode_rectified_unidirectional/waveform.py,from,pe_claw_gui.topologies.dc_dc.buck_boost_diode_rectified_unidirectional.mode,src/pe_claw_gui/topologies/dc_dc/buck_boost_diode_rectified_unidirectional/mode.py,included_internal
src/pe_claw_gui/topologies/dc_dc/buck_boost_diode_rectified_unidirectional/waveform.py,from,pe_claw_gui.topologies.dc_dc.buck_boost_diode_rectified_unidirectional.mode,src/pe_claw_gui/topologies/dc_dc/buck_boost_diode_rectified_unidirectional/mode.py,included_internal
src/pe_claw_gui/topologies/dc_dc/buck_diode_rectified_unidirectional/__init__.py,from,__future__,,external_or_stdlib
src/pe_claw_gui/topologies/dc_dc/buck_diode_rectified_unidirectional/__init__.py,from,collections.abc,,external_or_stdlib
src/pe_claw_gui/topologies/dc_dc/buck_diode_rectified_unidirectional/__init__.py,from,dataclasses,,external_or_stdlib
src/pe_claw_gui/topologies/dc_dc/buck_diode_rectified_unidirectional/__init__.py,from,pe_claw_gui.models.design_report,src/pe_claw_gui/models/design_report.py,included_internal
src/pe_claw_gui/topologies/dc_dc/buck_diode_rectified_unidirectional/__init__.py,from,pe_claw_gui.models.operating_point,src/pe_claw_gui/models/operating_point.py,included_internal
src/pe_claw_gui/topologies/dc_dc/buck_diode_rectified_unidirectional/__init__.py,from,pe_claw_gui.models.stress_result,src/pe_claw_gui/models/stress_result.py,included_internal
src/pe_claw_gui/topologies/dc_dc/buck_diode_rectified_unidirectional/__init__.py,from,pe_claw_gui.models.waveform,src/pe_claw_gui/models/waveform.py,included_internal
src/pe_claw_gui/topologies/dc_dc/buck_diode_rectified_unidirectional/__init__.py,from,pe_claw_gui.topologies.base.candidate,src/pe_claw_gui/topologies/base/candidate.py,included_internal
src/pe_claw_gui/topologies/dc_dc/buck_diode_rectified_unidirectional/__init__.py,from,pe_claw_gui.topologies.base.interface,src/pe_claw_gui/topologies/base/interface.py,included_internal
src/pe_claw_gui/topologies/dc_dc/buck_diode_rectified_unidirectional/__init__.py,from,pe_claw_gui.topologies.base.result,src/pe_claw_gui/topologies/base/result.py,included_internal
src/pe_claw_gui/topologies/dc_dc/buck_diode_rectified_unidirectional/__init__.py,from,pe_claw_gui.topologies.base.spec,src/pe_claw_gui/topologies/base/spec.py,included_internal
src/pe_claw_gui/topologies/dc_dc/buck_diode_rectified_unidirectional/__init__.py,from,pe_claw_gui.topologies.dc_dc.buck_diode_rectified_unidirectional.evaluator,src/pe_claw_gui/topologies/dc_dc/buck_diode_rectified_unidirectional/evaluator.py,included_internal
src/pe_claw_gui/topologies/dc_dc/buck_diode_rectified_unidirectional/__init__.py,from,pe_claw_gui.topologies.dc_dc.buck_diode_rectified_unidirectional.evaluator,src/pe_claw_gui/topologies/dc_dc/buck_diode_rectified_unidirectional/evaluator.py,included_internal
src/pe_claw_gui/topologies/dc_dc/buck_diode_rectified_unidirectional/__init__.py,from,pe_claw_gui.topologies.dc_dc.buck_diode_rectified_unidirectional.input_schema,src/pe_claw_gui/topologies/dc_dc/buck_diode_rectified_unidirectional/input_schema.py,included_internal
src/pe_claw_gui/topologies/dc_dc/buck_diode_rectified_unidirectional/__init__.py,from,pe_claw_gui.topologies.dc_dc.buck_diode_rectified_unidirectional.input_schema,src/pe_claw_gui/topologies/dc_dc/buck_diode_rectified_unidirectional/input_schema.py,included_internal
src/pe_claw_gui/topologies/dc_dc/buck_diode_rectified_unidirectional/__init__.py,from,pe_claw_gui.topologies.dc_dc.buck_diode_rectified_unidirectional.input_schema,src/pe_claw_gui/topologies/dc_dc/buck_diode_rectified_unidirectional/input_schema.py,included_internal
src/pe_claw_gui/topologies/dc_dc/buck_diode_rectified_unidirectional/__init__.py,from,pe_claw_gui.topologies.dc_dc.buck_diode_rectified_unidirectional.input_schema,src/pe_claw_gui/topologies/dc_dc/buck_diode_rectified_unidirectional/input_schema.py,included_internal
src/pe_claw_gui/topologies/dc_dc/buck_diode_rectified_unidirectional/__init__.py,from,pe_claw_gui.topologies.dc_dc.buck_diode_rectified_unidirectional.input_schema,src/pe_claw_gui/topologies/dc_dc/buck_diode_rectified_unidirectional/input_schema.py,included_internal
src/pe_claw_gui/topologies/dc_dc/buck_diode_rectified_unidirectional/__init__.py,from,pe_claw_gui.topologies.dc_dc.buck_diode_rectified_unidirectional.stress,src/pe_claw_gui/topologies/dc_dc/buck_diode_rectified_unidirectional/stress.py,included_internal
src/pe_claw_gui/topologies/dc_dc/buck_diode_rectified_unidirectional/__init__.py,from,pe_claw_gui.topologies.dc_dc.buck_diode_rectified_unidirectional.synthesizer,src/pe_claw_gui/topologies/dc_dc/buck_diode_rectified_unidirectional/synthesizer.py,included_internal
src/pe_claw_gui/topologies/dc_dc/buck_diode_rectified_unidirectional/__init__.py,from,pe_claw_gui.topologies.dc_dc.buck_diode_rectified_unidirectional.waveform,src/pe_claw_gui/topologies/dc_dc/buck_diode_rectified_unidirectional/waveform.py,included_internal
src/pe_claw_gui/topologies/dc_dc/buck_diode_rectified_unidirectional/evaluator.py,from,__future__,,external_or_stdlib
src/pe_claw_gui/topologies/dc_dc/buck_diode_rectified_unidirectional/evaluator.py,from,pe_claw_gui.models.design_report,src/pe_claw_gui/models/design_report.py,included_internal
src/pe_claw_gui/topologies/dc_dc/buck_diode_rectified_unidirectional/evaluator.py,from,pe_claw_gui.models.device_result,src/pe_claw_gui/models/device_result.py,included_internal
src/pe_claw_gui/topologies/dc_dc/buck_diode_rectified_unidirectional/evaluator.py,from,pe_claw_gui.models.geometry_result,src/pe_claw_gui/models/geometry_result.py,included_internal
src/pe_claw_gui/topologies/dc_dc/buck_diode_rectified_unidirectional/evaluator.py,from,pe_claw_gui.models.loss_result,src/pe_claw_gui/models/loss_result.py,included_internal
src/pe_claw_gui/topologies/dc_dc/buck_diode_rectified_unidirectional/evaluator.py,from,pe_claw_gui.models.magnetic_result,src/pe_claw_gui/models/magnetic_result.py,included_internal
src/pe_claw_gui/topologies/dc_dc/buck_diode_rectified_unidirectional/evaluator.py,from,pe_claw_gui.models.operating_point,src/pe_claw_gui/models/operating_point.py,included_internal
src/pe_claw_gui/topologies/dc_dc/buck_diode_rectified_unidirectional/evaluator.py,from,pe_claw_gui.models.stress_result,src/pe_claw_gui/models/stress_result.py,included_internal
src/pe_claw_gui/topologies/dc_dc/buck_diode_rectified_unidirectional/evaluator.py,from,pe_claw_gui.models.thermal_result,src/pe_claw_gui/models/thermal_result.py,included_internal
src/pe_claw_gui/topologies/dc_dc/buck_diode_rectified_unidirectional/evaluator.py,from,pe_claw_gui.models.waveform,src/pe_claw_gui/models/waveform.py,included_internal
src/pe_claw_gui/topologies/dc_dc/buck_diode_rectified_unidirectional/evaluator.py,from,pe_claw_gui.topologies.base.candidate,src/pe_claw_gui/topologies/base/candidate.py,included_internal
src/pe_claw_gui/topologies/dc_dc/buck_diode_rectified_unidirectional/evaluator.py,from,pe_claw_gui.topologies.base.result,src/pe_claw_gui/topologies/base/result.py,included_internal
src/pe_claw_gui/topologies/dc_dc/buck_diode_rectified_unidirectional/evaluator.py,from,pe_claw_gui.topologies.base.spec,src/pe_claw_gui/topologies/base/spec.py,included_internal
src/pe_claw_gui/topologies/dc_dc/buck_diode_rectified_unidirectional/input_schema.py,from,__future__,,external_or_stdlib
src/pe_claw_gui/topologies/dc_dc/buck_diode_rectified_unidirectional/input_schema.py,from,collections.abc,,external_or_stdlib
src/pe_claw_gui/topologies/dc_dc/buck_diode_rectified_unidirectional/input_schema.py,from,pe_claw_gui.libraries.semiconductors.metadata,src/pe_claw_gui/libraries/semiconductors/metadata.py,included_internal
src/pe_claw_gui/topologies/dc_dc/buck_diode_rectified_unidirectional/input_schema.py,from,pe_claw_gui.libraries.semiconductors.metadata,src/pe_claw_gui/libraries/semiconductors/metadata.py,included_internal
src/pe_claw_gui/topologies/dc_dc/buck_diode_rectified_unidirectional/input_schema.py,from,pe_claw_gui.topologies.base.spec,src/pe_claw_gui/topologies/base/spec.py,included_internal
src/pe_claw_gui/topologies/dc_dc/buck_diode_rectified_unidirectional/input_schema.py,from,pe_claw_gui.utils.ambient_temperature,src/pe_claw_gui/utils/ambient_temperature.py,included_internal
src/pe_claw_gui/topologies/dc_dc/buck_diode_rectified_unidirectional/input_schema.py,from,pe_claw_gui.utils.ambient_temperature,src/pe_claw_gui/utils/ambient_temperature.py,included_internal
src/pe_claw_gui/topologies/dc_dc/buck_diode_rectified_unidirectional/mode.py,from,__future__,,external_or_stdlib
src/pe_claw_gui/topologies/dc_dc/buck_diode_rectified_unidirectional/mode.py,import,math,,external_or_stdlib
src/pe_claw_gui/topologies/dc_dc/buck_diode_rectified_unidirectional/mode.py,from,dataclasses,,external_or_stdlib
src/pe_claw_gui/topologies/dc_dc/buck_diode_rectified_unidirectional/mode.py,from,pe_claw_gui.models.operating_point,src/pe_claw_gui/models/operating_point.py,included_internal
src/pe_claw_gui/topologies/dc_dc/buck_diode_rectified_unidirectional/mode.py,from,pe_claw_gui.topologies.base.candidate,src/pe_claw_gui/topologies/base/candidate.py,included_internal
src/pe_claw_gui/topologies/dc_dc/buck_diode_rectified_unidirectional/stress.py,from,__future__,,external_or_stdlib
src/pe_claw_gui/topologies/dc_dc/buck_diode_rectified_unidirectional/stress.py,import,math,,external_or_stdlib
src/pe_claw_gui/topologies/dc_dc/buck_diode_rectified_unidirectional/stress.py,from,pe_claw_gui.models.stress_result,src/pe_claw_gui/models/stress_result.py,included_internal
src/pe_claw_gui/topologies/dc_dc/buck_diode_rectified_unidirectional/stress.py,from,pe_claw_gui.models.stress_result,src/pe_claw_gui/models/stress_result.py,included_internal
src/pe_claw_gui/topologies/dc_dc/buck_diode_rectified_unidirectional/stress.py,from,pe_claw_gui.models.waveform,src/pe_claw_gui/models/waveform.py,included_internal
src/pe_claw_gui/topologies/dc_dc/buck_diode_rectified_unidirectional/stress.py,from,pe_claw_gui.topologies.base.candidate,src/pe_claw_gui/topologies/base/candidate.py,included_internal
src/pe_claw_gui/topologies/dc_dc/buck_diode_rectified_unidirectional/stress.py,from,pe_claw_gui.topologies.dc_dc.buck_diode_rectified_unidirectional.waveform,src/pe_claw_gui/topologies/dc_dc/buck_diode_rectified_unidirectional/waveform.py,included_internal
src/pe_claw_gui/topologies/dc_dc/buck_diode_rectified_unidirectional/synthesizer.py,from,__future__,,external_or_stdlib
src/pe_claw_gui/topologies/dc_dc/buck_diode_rectified_unidirectional/synthesizer.py,from,pe_claw_gui.topologies.base.candidate,src/pe_claw_gui/topologies/base/candidate.py,included_internal
src/pe_claw_gui/topologies/dc_dc/buck_diode_rectified_unidirectional/synthesizer.py,from,pe_claw_gui.topologies.base.spec,src/pe_claw_gui/topologies/base/spec.py,included_internal
src/pe_claw_gui/topologies/dc_dc/buck_diode_rectified_unidirectional/waveform.py,from,__future__,,external_or_stdlib
src/pe_claw_gui/topologies/dc_dc/buck_diode_rectified_unidirectional/waveform.py,from,pe_claw_gui.models.operating_point,src/pe_claw_gui/models/operating_point.py,included_internal
src/pe_claw_gui/topologies/dc_dc/buck_diode_rectified_unidirectional/waveform.py,from,pe_claw_gui.models.waveform,src/pe_claw_gui/models/waveform.py,included_internal
src/pe_claw_gui/topologies/dc_dc/buck_diode_rectified_unidirectional/waveform.py,from,pe_claw_gui.topologies.base.candidate,src/pe_claw_gui/topologies/base/candidate.py,included_internal
src/pe_claw_gui/topologies/dc_dc/buck_diode_rectified_unidirectional/waveform.py,from,pe_claw_gui.topologies.dc_dc.buck_diode_rectified_unidirectional.mode,src/pe_claw_gui/topologies/dc_dc/buck_diode_rectified_unidirectional/mode.py,included_internal
src/pe_claw_gui/topologies/dc_dc/buck_diode_rectified_unidirectional/waveform.py,from,pe_claw_gui.topologies.dc_dc.buck_diode_rectified_unidirectional.mode,src/pe_claw_gui/topologies/dc_dc/buck_diode_rectified_unidirectional/mode.py,included_internal
src/pe_claw_gui/topologies/dc_dc/buck_synchronous_rectified_unidirectional/__init__.py,from,__future__,,external_or_stdlib
src/pe_claw_gui/topologies/dc_dc/buck_synchronous_rectified_unidirectional/__init__.py,from,collections.abc,,external_or_stdlib
src/pe_claw_gui/topologies/dc_dc/buck_synchronous_rectified_unidirectional/__init__.py,from,dataclasses,,external_or_stdlib
src/pe_claw_gui/topologies/dc_dc/buck_synchronous_rectified_unidirectional/__init__.py,from,pe_claw_gui.models.design_report,src/pe_claw_gui/models/design_report.py,included_internal
src/pe_claw_gui/topologies/dc_dc/buck_synchronous_rectified_unidirectional/__init__.py,from,pe_claw_gui.models.operating_point,src/pe_claw_gui/models/operating_point.py,included_internal
src/pe_claw_gui/topologies/dc_dc/buck_synchronous_rectified_unidirectional/__init__.py,from,pe_claw_gui.models.stress_result,src/pe_claw_gui/models/stress_result.py,included_internal
src/pe_claw_gui/topologies/dc_dc/buck_synchronous_rectified_unidirectional/__init__.py,from,pe_claw_gui.models.waveform,src/pe_claw_gui/models/waveform.py,included_internal
src/pe_claw_gui/topologies/dc_dc/buck_synchronous_rectified_unidirectional/__init__.py,from,pe_claw_gui.topologies.base.candidate,src/pe_claw_gui/topologies/base/candidate.py,included_internal
src/pe_claw_gui/topologies/dc_dc/buck_synchronous_rectified_unidirectional/__init__.py,from,pe_claw_gui.topologies.base.interface,src/pe_claw_gui/topologies/base/interface.py,included_internal
src/pe_claw_gui/topologies/dc_dc/buck_synchronous_rectified_unidirectional/__init__.py,from,pe_claw_gui.topologies.base.result,src/pe_claw_gui/topologies/base/result.py,included_internal
src/pe_claw_gui/topologies/dc_dc/buck_synchronous_rectified_unidirectional/__init__.py,from,pe_claw_gui.topologies.base.spec,src/pe_claw_gui/topologies/base/spec.py,included_internal
src/pe_claw_gui/topologies/dc_dc/buck_synchronous_rectified_unidirectional/__init__.py,from,pe_claw_gui.topologies.dc_dc.buck_synchronous_rectified_unidirectional.evaluator,src/pe_claw_gui/topologies/dc_dc/buck_synchronous_rectified_unidirectional/evaluator.py,included_internal
src/pe_claw_gui/topologies/dc_dc/buck_synchronous_rectified_unidirectional/__init__.py,from,pe_claw_gui.topologies.dc_dc.buck_synchronous_rectified_unidirectional.evaluator,src/pe_claw_gui/topologies/dc_dc/buck_synchronous_rectified_unidirectional/evaluator.py,included_internal
src/pe_claw_gui/topologies/dc_dc/buck_synchronous_rectified_unidirectional/__init__.py,from,pe_claw_gui.topologies.dc_dc.buck_synchronous_rectified_unidirectional.input_schema,src/pe_claw_gui/topologies/dc_dc/buck_synchronous_rectified_unidirectional/input_schema.py,included_internal
src/pe_claw_gui/topologies/dc_dc/buck_synchronous_rectified_unidirectional/__init__.py,from,pe_claw_gui.topologies.dc_dc.buck_synchronous_rectified_unidirectional.input_schema,src/pe_claw_gui/topologies/dc_dc/buck_synchronous_rectified_unidirectional/input_schema.py,included_internal
src/pe_claw_gui/topologies/dc_dc/buck_synchronous_rectified_unidirectional/__init__.py,from,pe_claw_gui.topologies.dc_dc.buck_synchronous_rectified_unidirectional.input_schema,src/pe_claw_gui/topologies/dc_dc/buck_synchronous_rectified_unidirectional/input_schema.py,included_internal
src/pe_claw_gui/topologies/dc_dc/buck_synchronous_rectified_unidirectional/__init__.py,from,pe_claw_gui.topologies.dc_dc.buck_synchronous_rectified_unidirectional.input_schema,src/pe_claw_gui/topologies/dc_dc/buck_synchronous_rectified_unidirectional/input_schema.py,included_internal
src/pe_claw_gui/topologies/dc_dc/buck_synchronous_rectified_unidirectional/__init__.py,from,pe_claw_gui.topologies.dc_dc.buck_synchronous_rectified_unidirectional.input_schema,src/pe_claw_gui/topologies/dc_dc/buck_synchronous_rectified_unidirectional/input_schema.py,included_internal
src/pe_claw_gui/topologies/dc_dc/buck_synchronous_rectified_unidirectional/__init__.py,from,pe_claw_gui.topologies.dc_dc.buck_synchronous_rectified_unidirectional.stress,src/pe_claw_gui/topologies/dc_dc/buck_synchronous_rectified_unidirectional/stress.py,included_internal
src/pe_claw_gui/topologies/dc_dc/buck_synchronous_rectified_unidirectional/__init__.py,from,pe_claw_gui.topologies.dc_dc.buck_synchronous_rectified_unidirectional.synthesizer,src/pe_claw_gui/topologies/dc_dc/buck_synchronous_rectified_unidirectional/synthesizer.py,included_internal
src/pe_claw_gui/topologies/dc_dc/buck_synchronous_rectified_unidirectional/__init__.py,from,pe_claw_gui.topologies.dc_dc.buck_synchronous_rectified_unidirectional.waveform,src/pe_claw_gui/topologies/dc_dc/buck_synchronous_rectified_unidirectional/waveform.py,included_internal
src/pe_claw_gui/topologies/dc_dc/buck_synchronous_rectified_unidirectional/evaluator.py,from,__future__,,external_or_stdlib
src/pe_claw_gui/topologies/dc_dc/buck_synchronous_rectified_unidirectional/evaluator.py,from,pe_claw_gui.models.design_report,src/pe_claw_gui/models/design_report.py,included_internal
src/pe_claw_gui/topologies/dc_dc/buck_synchronous_rectified_unidirectional/evaluator.py,from,pe_claw_gui.models.device_result,src/pe_claw_gui/models/device_result.py,included_internal
src/pe_claw_gui/topologies/dc_dc/buck_synchronous_rectified_unidirectional/evaluator.py,from,pe_claw_gui.models.geometry_result,src/pe_claw_gui/models/geometry_result.py,included_internal
src/pe_claw_gui/topologies/dc_dc/buck_synchronous_rectified_unidirectional/evaluator.py,from,pe_claw_gui.models.loss_result,src/pe_claw_gui/models/loss_result.py,included_internal
src/pe_claw_gui/topologies/dc_dc/buck_synchronous_rectified_unidirectional/evaluator.py,from,pe_claw_gui.models.magnetic_result,src/pe_claw_gui/models/magnetic_result.py,included_internal
src/pe_claw_gui/topologies/dc_dc/buck_synchronous_rectified_unidirectional/evaluator.py,from,pe_claw_gui.models.operating_point,src/pe_claw_gui/models/operating_point.py,included_internal
src/pe_claw_gui/topologies/dc_dc/buck_synchronous_rectified_unidirectional/evaluator.py,from,pe_claw_gui.models.stress_result,src/pe_claw_gui/models/stress_result.py,included_internal
src/pe_claw_gui/topologies/dc_dc/buck_synchronous_rectified_unidirectional/evaluator.py,from,pe_claw_gui.models.thermal_result,src/pe_claw_gui/models/thermal_result.py,included_internal
src/pe_claw_gui/topologies/dc_dc/buck_synchronous_rectified_unidirectional/evaluator.py,from,pe_claw_gui.models.waveform,src/pe_claw_gui/models/waveform.py,included_internal
src/pe_claw_gui/topologies/dc_dc/buck_synchronous_rectified_unidirectional/evaluator.py,from,pe_claw_gui.topologies.base.candidate,src/pe_claw_gui/topologies/base/candidate.py,included_internal
src/pe_claw_gui/topologies/dc_dc/buck_synchronous_rectified_unidirectional/evaluator.py,from,pe_claw_gui.topologies.base.result,src/pe_claw_gui/topologies/base/result.py,included_internal
src/pe_claw_gui/topologies/dc_dc/buck_synchronous_rectified_unidirectional/evaluator.py,from,pe_claw_gui.topologies.base.spec,src/pe_claw_gui/topologies/base/spec.py,included_internal
src/pe_claw_gui/topologies/dc_dc/buck_synchronous_rectified_unidirectional/input_schema.py,from,__future__,,external_or_stdlib
src/pe_claw_gui/topologies/dc_dc/buck_synchronous_rectified_unidirectional/input_schema.py,from,collections.abc,,external_or_stdlib
src/pe_claw_gui/topologies/dc_dc/buck_synchronous_rectified_unidirectional/input_schema.py,from,pe_claw_gui.libraries.semiconductors.metadata,src/pe_claw_gui/libraries/semiconductors/metadata.py,included_internal
src/pe_claw_gui/topologies/dc_dc/buck_synchronous_rectified_unidirectional/input_schema.py,from,pe_claw_gui.libraries.semiconductors.metadata,src/pe_claw_gui/libraries/semiconductors/metadata.py,included_internal
src/pe_claw_gui/topologies/dc_dc/buck_synchronous_rectified_unidirectional/input_schema.py,from,pe_claw_gui.topologies.base.spec,src/pe_claw_gui/topologies/base/spec.py,included_internal
src/pe_claw_gui/topologies/dc_dc/buck_synchronous_rectified_unidirectional/input_schema.py,from,pe_claw_gui.utils.ambient_temperature,src/pe_claw_gui/utils/ambient_temperature.py,included_internal
src/pe_claw_gui/topologies/dc_dc/buck_synchronous_rectified_unidirectional/input_schema.py,from,pe_claw_gui.utils.ambient_temperature,src/pe_claw_gui/utils/ambient_temperature.py,included_internal
src/pe_claw_gui/topologies/dc_dc/buck_synchronous_rectified_unidirectional/mode.py,from,__future__,,external_or_stdlib
src/pe_claw_gui/topologies/dc_dc/buck_synchronous_rectified_unidirectional/mode.py,from,dataclasses,,external_or_stdlib
src/pe_claw_gui/topologies/dc_dc/buck_synchronous_rectified_unidirectional/mode.py,from,pe_claw_gui.models.operating_point,src/pe_claw_gui/models/operating_point.py,included_internal
src/pe_claw_gui/topologies/dc_dc/buck_synchronous_rectified_unidirectional/mode.py,from,pe_claw_gui.topologies.base.candidate,src/pe_claw_gui/topologies/base/candidate.py,included_internal
src/pe_claw_gui/topologies/dc_dc/buck_synchronous_rectified_unidirectional/stress.py,from,__future__,,external_or_stdlib
src/pe_claw_gui/topologies/dc_dc/buck_synchronous_rectified_unidirectional/stress.py,import,math,,external_or_stdlib
src/pe_claw_gui/topologies/dc_dc/buck_synchronous_rectified_unidirectional/stress.py,from,pe_claw_gui.models.stress_result,src/pe_claw_gui/models/stress_result.py,included_internal
src/pe_claw_gui/topologies/dc_dc/buck_synchronous_rectified_unidirectional/stress.py,from,pe_claw_gui.models.stress_result,src/pe_claw_gui/models/stress_result.py,included_internal
src/pe_claw_gui/topologies/dc_dc/buck_synchronous_rectified_unidirectional/stress.py,from,pe_claw_gui.models.waveform,src/pe_claw_gui/models/waveform.py,included_internal
src/pe_claw_gui/topologies/dc_dc/buck_synchronous_rectified_unidirectional/stress.py,from,pe_claw_gui.topologies.base.candidate,src/pe_claw_gui/topologies/base/candidate.py,included_internal
src/pe_claw_gui/topologies/dc_dc/buck_synchronous_rectified_unidirectional/stress.py,from,pe_claw_gui.topologies.dc_dc.buck_synchronous_rectified_unidirectional.waveform,src/pe_claw_gui/topologies/dc_dc/buck_synchronous_rectified_unidirectional/waveform.py,included_internal
src/pe_claw_gui/topologies/dc_dc/buck_synchronous_rectified_unidirectional/synthesizer.py,from,__future__,,external_or_stdlib
src/pe_claw_gui/topologies/dc_dc/buck_synchronous_rectified_unidirectional/synthesizer.py,from,pe_claw_gui.topologies.base.candidate,src/pe_claw_gui/topologies/base/candidate.py,included_internal
src/pe_claw_gui/topologies/dc_dc/buck_synchronous_rectified_unidirectional/synthesizer.py,from,pe_claw_gui.topologies.base.spec,src/pe_claw_gui/topologies/base/spec.py,included_internal
src/pe_claw_gui/topologies/dc_dc/buck_synchronous_rectified_unidirectional/waveform.py,from,__future__,,external_or_stdlib
src/pe_claw_gui/topologies/dc_dc/buck_synchronous_rectified_unidirectional/waveform.py,from,pe_claw_gui.models.operating_point,src/pe_claw_gui/models/operating_point.py,included_internal
src/pe_claw_gui/topologies/dc_dc/buck_synchronous_rectified_unidirectional/waveform.py,from,pe_claw_gui.models.waveform,src/pe_claw_gui/models/waveform.py,included_internal
src/pe_claw_gui/topologies/dc_dc/buck_synchronous_rectified_unidirectional/waveform.py,from,pe_claw_gui.topologies.base.candidate,src/pe_claw_gui/topologies/base/candidate.py,included_internal
src/pe_claw_gui/topologies/dc_dc/buck_synchronous_rectified_unidirectional/waveform.py,from,pe_claw_gui.topologies.dc_dc.buck_synchronous_rectified_unidirectional.mode,src/pe_claw_gui/topologies/dc_dc/buck_synchronous_rectified_unidirectional/mode.py,included_internal
src/pe_claw_gui/topologies/dc_dc/buck_synchronous_rectified_unidirectional/waveform.py,from,pe_claw_gui.topologies.dc_dc.buck_synchronous_rectified_unidirectional.mode,src/pe_claw_gui/topologies/dc_dc/buck_synchronous_rectified_unidirectional/mode.py,included_internal
src/pe_claw_gui/topologies/dc_dc/flyback_diode_rectified_isolated/__init__.py,from,__future__,,external_or_stdlib
src/pe_claw_gui/topologies/dc_dc/flyback_diode_rectified_isolated/__init__.py,from,collections.abc,,external_or_stdlib
src/pe_claw_gui/topologies/dc_dc/flyback_diode_rectified_isolated/__init__.py,from,dataclasses,,external_or_stdlib
src/pe_claw_gui/topologies/dc_dc/flyback_diode_rectified_isolated/__init__.py,from,pe_claw_gui.models.design_report,src/pe_claw_gui/models/design_report.py,included_internal
src/pe_claw_gui/topologies/dc_dc/flyback_diode_rectified_isolated/__init__.py,from,pe_claw_gui.models.operating_point,src/pe_claw_gui/models/operating_point.py,included_internal
src/pe_claw_gui/topologies/dc_dc/flyback_diode_rectified_isolated/__init__.py,from,pe_claw_gui.models.stress_result,src/pe_claw_gui/models/stress_result.py,included_internal
src/pe_claw_gui/topologies/dc_dc/flyback_diode_rectified_isolated/__init__.py,from,pe_claw_gui.models.waveform,src/pe_claw_gui/models/waveform.py,included_internal
src/pe_claw_gui/topologies/dc_dc/flyback_diode_rectified_isolated/__init__.py,from,pe_claw_gui.topologies.base.candidate,src/pe_claw_gui/topologies/base/candidate.py,included_internal
src/pe_claw_gui/topologies/dc_dc/flyback_diode_rectified_isolated/__init__.py,from,pe_claw_gui.topologies.base.interface,src/pe_claw_gui/topologies/base/interface.py,included_internal
src/pe_claw_gui/topologies/dc_dc/flyback_diode_rectified_isolated/__init__.py,from,pe_claw_gui.topologies.base.result,src/pe_claw_gui/topologies/base/result.py,included_internal
src/pe_claw_gui/topologies/dc_dc/flyback_diode_rectified_isolated/__init__.py,from,pe_claw_gui.topologies.base.spec,src/pe_claw_gui/topologies/base/spec.py,included_internal
src/pe_claw_gui/topologies/dc_dc/flyback_diode_rectified_isolated/__init__.py,from,pe_claw_gui.topologies.dc_dc.flyback_diode_rectified_isolated.evaluator,src/pe_claw_gui/topologies/dc_dc/flyback_diode_rectified_isolated/evaluator.py,included_internal
src/pe_claw_gui/topologies/dc_dc/flyback_diode_rectified_isolated/__init__.py,from,pe_claw_gui.topologies.dc_dc.flyback_diode_rectified_isolated.evaluator,src/pe_claw_gui/topologies/dc_dc/flyback_diode_rectified_isolated/evaluator.py,included_internal
src/pe_claw_gui/topologies/dc_dc/flyback_diode_rectified_isolated/__init__.py,from,pe_claw_gui.topologies.dc_dc.flyback_diode_rectified_isolated.input_schema,src/pe_claw_gui/topologies/dc_dc/flyback_diode_rectified_isolated/input_schema.py,included_internal
src/pe_claw_gui/topologies/dc_dc/flyback_diode_rectified_isolated/__init__.py,from,pe_claw_gui.topologies.dc_dc.flyback_diode_rectified_isolated.input_schema,src/pe_claw_gui/topologies/dc_dc/flyback_diode_rectified_isolated/input_schema.py,included_internal
src/pe_claw_gui/topologies/dc_dc/flyback_diode_rectified_isolated/__init__.py,from,pe_claw_gui.topologies.dc_dc.flyback_diode_rectified_isolated.input_schema,src/pe_claw_gui/topologies/dc_dc/flyback_diode_rectified_isolated/input_schema.py,included_internal
src/pe_claw_gui/topologies/dc_dc/flyback_diode_rectified_isolated/__init__.py,from,pe_claw_gui.topologies.dc_dc.flyback_diode_rectified_isolated.input_schema,src/pe_claw_gui/topologies/dc_dc/flyback_diode_rectified_isolated/input_schema.py,included_internal
src/pe_claw_gui/topologies/dc_dc/flyback_diode_rectified_isolated/__init__.py,from,pe_claw_gui.topologies.dc_dc.flyback_diode_rectified_isolated.input_schema,src/pe_claw_gui/topologies/dc_dc/flyback_diode_rectified_isolated/input_schema.py,included_internal
src/pe_claw_gui/topologies/dc_dc/flyback_diode_rectified_isolated/__init__.py,from,pe_claw_gui.topologies.dc_dc.flyback_diode_rectified_isolated.stress,src/pe_claw_gui/topologies/dc_dc/flyback_diode_rectified_isolated/stress.py,included_internal
src/pe_claw_gui/topologies/dc_dc/flyback_diode_rectified_isolated/__init__.py,from,pe_claw_gui.topologies.dc_dc.flyback_diode_rectified_isolated.synthesizer,src/pe_claw_gui/topologies/dc_dc/flyback_diode_rectified_isolated/synthesizer.py,included_internal
src/pe_claw_gui/topologies/dc_dc/flyback_diode_rectified_isolated/__init__.py,from,pe_claw_gui.topologies.dc_dc.flyback_diode_rectified_isolated.waveform,src/pe_claw_gui/topologies/dc_dc/flyback_diode_rectified_isolated/waveform.py,included_internal
src/pe_claw_gui/topologies/dc_dc/flyback_diode_rectified_isolated/coupled_inductor_design.py,from,__future__,,external_or_stdlib
src/pe_claw_gui/topologies/dc_dc/flyback_diode_rectified_isolated/coupled_inductor_design.py,import,math,,external_or_stdlib
src/pe_claw_gui/topologies/dc_dc/flyback_diode_rectified_isolated/coupled_inductor_design.py,from,dataclasses,,external_or_stdlib
src/pe_claw_gui/topologies/dc_dc/flyback_diode_rectified_isolated/coupled_inductor_design.py,from,dataclasses,,external_or_stdlib
src/pe_claw_gui/topologies/dc_dc/flyback_diode_rectified_isolated/coupled_inductor_design.py,from,typing,,external_or_stdlib
src/pe_claw_gui/topologies/dc_dc/flyback_diode_rectified_isolated/coupled_inductor_design.py,from,typing,,external_or_stdlib
src/pe_claw_gui/topologies/dc_dc/flyback_diode_rectified_isolated/coupled_inductor_design.py,from,pe_claw_gui.models.inductor,src/pe_claw_gui/models/inductor.py,included_internal
src/pe_claw_gui/topologies/dc_dc/flyback_diode_rectified_isolated/coupled_inductor_design.py,from,pe_claw_gui.engines.magnetics.core_loss_role_adapter,src/pe_claw_gui/engines/magnetics/core_loss_role_adapter.py,included_internal
src/pe_claw_gui/topologies/dc_dc/flyback_diode_rectified_isolated/coupled_inductor_design.py,from,pe_claw_gui.engines.magnetics.winding_evidence,src/pe_claw_gui/engines/magnetics/winding_evidence.py,included_internal
src/pe_claw_gui/topologies/dc_dc/flyback_diode_rectified_isolated/coupled_inductor_design.py,from,pe_claw_gui.topologies.base.candidate,src/pe_claw_gui/topologies/base/candidate.py,included_internal
src/pe_claw_gui/topologies/dc_dc/flyback_diode_rectified_isolated/coupled_inductor_design.py,from,pe_claw_gui.engines.magnetics.data_backend,src/pe_claw_gui/engines/magnetics/data_backend.py,included_internal
src/pe_claw_gui/topologies/dc_dc/flyback_diode_rectified_isolated/evaluator.py,from,__future__,,external_or_stdlib
src/pe_claw_gui/topologies/dc_dc/flyback_diode_rectified_isolated/evaluator.py,from,pe_claw_gui.models.design_report,src/pe_claw_gui/models/design_report.py,included_internal
src/pe_claw_gui/topologies/dc_dc/flyback_diode_rectified_isolated/evaluator.py,from,pe_claw_gui.models.device_result,src/pe_claw_gui/models/device_result.py,included_internal
src/pe_claw_gui/topologies/dc_dc/flyback_diode_rectified_isolated/evaluator.py,from,pe_claw_gui.models.geometry_result,src/pe_claw_gui/models/geometry_result.py,included_internal
src/pe_claw_gui/topologies/dc_dc/flyback_diode_rectified_isolated/evaluator.py,from,pe_claw_gui.models.loss_result,src/pe_claw_gui/models/loss_result.py,included_internal
src/pe_claw_gui/topologies/dc_dc/flyback_diode_rectified_isolated/evaluator.py,from,pe_claw_gui.models.magnetic_result,src/pe_claw_gui/models/magnetic_result.py,included_internal
src/pe_claw_gui/topologies/dc_dc/flyback_diode_rectified_isolated/evaluator.py,from,pe_claw_gui.models.operating_point,src/pe_claw_gui/models/operating_point.py,included_internal
src/pe_claw_gui/topologies/dc_dc/flyback_diode_rectified_isolated/evaluator.py,from,pe_claw_gui.models.stress_result,src/pe_claw_gui/models/stress_result.py,included_internal
src/pe_claw_gui/topologies/dc_dc/flyback_diode_rectified_isolated/evaluator.py,from,pe_claw_gui.models.thermal_result,src/pe_claw_gui/models/thermal_result.py,included_internal
src/pe_claw_gui/topologies/dc_dc/flyback_diode_rectified_isolated/evaluator.py,from,pe_claw_gui.models.waveform,src/pe_claw_gui/models/waveform.py,included_internal
src/pe_claw_gui/topologies/dc_dc/flyback_diode_rectified_isolated/evaluator.py,from,pe_claw_gui.topologies.base.candidate,src/pe_claw_gui/topologies/base/candidate.py,included_internal
src/pe_claw_gui/topologies/dc_dc/flyback_diode_rectified_isolated/evaluator.py,from,pe_claw_gui.topologies.base.result,src/pe_claw_gui/topologies/base/result.py,included_internal
src/pe_claw_gui/topologies/dc_dc/flyback_diode_rectified_isolated/evaluator.py,from,pe_claw_gui.topologies.base.spec,src/pe_claw_gui/topologies/base/spec.py,included_internal
src/pe_claw_gui/topologies/dc_dc/flyback_diode_rectified_isolated/input_schema.py,from,__future__,,external_or_stdlib
src/pe_claw_gui/topologies/dc_dc/flyback_diode_rectified_isolated/input_schema.py,from,collections.abc,,external_or_stdlib
src/pe_claw_gui/topologies/dc_dc/flyback_diode_rectified_isolated/input_schema.py,from,pe_claw_gui.libraries.semiconductors.metadata,src/pe_claw_gui/libraries/semiconductors/metadata.py,included_internal
src/pe_claw_gui/topologies/dc_dc/flyback_diode_rectified_isolated/input_schema.py,from,pe_claw_gui.libraries.semiconductors.metadata,src/pe_claw_gui/libraries/semiconductors/metadata.py,included_internal
src/pe_claw_gui/topologies/dc_dc/flyback_diode_rectified_isolated/input_schema.py,from,pe_claw_gui.libraries.semiconductors.metadata,src/pe_claw_gui/libraries/semiconductors/metadata.py,included_internal
src/pe_claw_gui/topologies/dc_dc/flyback_diode_rectified_isolated/input_schema.py,from,pe_claw_gui.libraries.semiconductors.metadata,src/pe_claw_gui/libraries/semiconductors/metadata.py,included_internal
src/pe_claw_gui/topologies/dc_dc/flyback_diode_rectified_isolated/input_schema.py,from,pe_claw_gui.libraries.semiconductors.metadata,src/pe_claw_gui/libraries/semiconductors/metadata.py,included_internal
src/pe_claw_gui/topologies/dc_dc/flyback_diode_rectified_isolated/input_schema.py,from,pe_claw_gui.libraries.semiconductors.metadata,src/pe_claw_gui/libraries/semiconductors/metadata.py,included_internal
src/pe_claw_gui/topologies/dc_dc/flyback_diode_rectified_isolated/input_schema.py,from,pe_claw_gui.topologies.base.spec,src/pe_claw_gui/topologies/base/spec.py,included_internal
src/pe_claw_gui/topologies/dc_dc/flyback_diode_rectified_isolated/stress.py,from,__future__,,external_or_stdlib
src/pe_claw_gui/topologies/dc_dc/flyback_diode_rectified_isolated/stress.py,import,math,,external_or_stdlib
src/pe_claw_gui/topologies/dc_dc/flyback_diode_rectified_isolated/stress.py,from,pe_claw_gui.models.stress_result,src/pe_claw_gui/models/stress_result.py,included_internal
src/pe_claw_gui/topologies/dc_dc/flyback_diode_rectified_isolated/stress.py,from,pe_claw_gui.models.stress_result,src/pe_claw_gui/models/stress_result.py,included_internal
src/pe_claw_gui/topologies/dc_dc/flyback_diode_rectified_isolated/stress.py,from,pe_claw_gui.models.waveform,src/pe_claw_gui/models/waveform.py,included_internal
src/pe_claw_gui/topologies/dc_dc/flyback_diode_rectified_isolated/stress.py,from,pe_claw_gui.topologies.base.candidate,src/pe_claw_gui/topologies/base/candidate.py,included_internal
src/pe_claw_gui/topologies/dc_dc/flyback_diode_rectified_isolated/synthesizer.py,from,__future__,,external_or_stdlib
src/pe_claw_gui/topologies/dc_dc/flyback_diode_rectified_isolated/synthesizer.py,import,math,,external_or_stdlib
src/pe_claw_gui/topologies/dc_dc/flyback_diode_rectified_isolated/synthesizer.py,from,pe_claw_gui.topologies.base.candidate,src/pe_claw_gui/topologies/base/candidate.py,included_internal
src/pe_claw_gui/topologies/dc_dc/flyback_diode_rectified_isolated/synthesizer.py,from,pe_claw_gui.topologies.base.spec,src/pe_claw_gui/topologies/base/spec.py,included_internal
src/pe_claw_gui/topologies/dc_dc/flyback_diode_rectified_isolated/synthesizer.py,from,pe_claw_gui.topologies.dc_dc.flyback_diode_rectified_isolated.coupled_inductor_design,src/pe_claw_gui/topologies/dc_dc/flyback_diode_rectified_isolated/coupled_inductor_design.py,included_internal
src/pe_claw_gui/topologies/dc_dc/flyback_diode_rectified_isolated/waveform.py,from,__future__,,external_or_stdlib
src/pe_claw_gui/topologies/dc_dc/flyback_diode_rectified_isolated/waveform.py,import,math,,external_or_stdlib
src/pe_claw_gui/topologies/dc_dc/flyback_diode_rectified_isolated/waveform.py,from,pe_claw_gui.models.operating_point,src/pe_claw_gui/models/operating_point.py,included_internal
src/pe_claw_gui/topologies/dc_dc/flyback_diode_rectified_isolated/waveform.py,from,pe_claw_gui.models.waveform,src/pe_claw_gui/models/waveform.py,included_internal
src/pe_claw_gui/topologies/dc_dc/flyback_diode_rectified_isolated/waveform.py,from,pe_claw_gui.topologies.base.candidate,src/pe_claw_gui/topologies/base/candidate.py,included_internal
src/pe_claw_gui/topologies/dc_dc/four_switch_buck_boost_simplified_four_mode/__init__.py,from,__future__,,external_or_stdlib
src/pe_claw_gui/topologies/dc_dc/four_switch_buck_boost_simplified_four_mode/__init__.py,from,collections.abc,,external_or_stdlib
src/pe_claw_gui/topologies/dc_dc/four_switch_buck_boost_simplified_four_mode/__init__.py,from,dataclasses,,external_or_stdlib
src/pe_claw_gui/topologies/dc_dc/four_switch_buck_boost_simplified_four_mode/__init__.py,from,pe_claw_gui.models.design_report,src/pe_claw_gui/models/design_report.py,included_internal
src/pe_claw_gui/topologies/dc_dc/four_switch_buck_boost_simplified_four_mode/__init__.py,from,pe_claw_gui.models.operating_point,src/pe_claw_gui/models/operating_point.py,included_internal
src/pe_claw_gui/topologies/dc_dc/four_switch_buck_boost_simplified_four_mode/__init__.py,from,pe_claw_gui.models.stress_result,src/pe_claw_gui/models/stress_result.py,included_internal
src/pe_claw_gui/topologies/dc_dc/four_switch_buck_boost_simplified_four_mode/__init__.py,from,pe_claw_gui.models.waveform,src/pe_claw_gui/models/waveform.py,included_internal
src/pe_claw_gui/topologies/dc_dc/four_switch_buck_boost_simplified_four_mode/__init__.py,from,pe_claw_gui.topologies.base.candidate,src/pe_claw_gui/topologies/base/candidate.py,included_internal
src/pe_claw_gui/topologies/dc_dc/four_switch_buck_boost_simplified_four_mode/__init__.py,from,pe_claw_gui.topologies.base.interface,src/pe_claw_gui/topologies/base/interface.py,included_internal
src/pe_claw_gui/topologies/dc_dc/four_switch_buck_boost_simplified_four_mode/__init__.py,from,pe_claw_gui.topologies.base.result,src/pe_claw_gui/topologies/base/result.py,included_internal
src/pe_claw_gui/topologies/dc_dc/four_switch_buck_boost_simplified_four_mode/__init__.py,from,pe_claw_gui.topologies.base.spec,src/pe_claw_gui/topologies/base/spec.py,included_internal
src/pe_claw_gui/topologies/dc_dc/four_switch_buck_boost_simplified_four_mode/__init__.py,from,pe_claw_gui.topologies.dc_dc.four_switch_buck_boost_simplified_four_mode.evaluator,src/pe_claw_gui/topologies/dc_dc/four_switch_buck_boost_simplified_four_mode/evaluator.py,included_internal
src/pe_claw_gui/topologies/dc_dc/four_switch_buck_boost_simplified_four_mode/__init__.py,from,pe_claw_gui.topologies.dc_dc.four_switch_buck_boost_simplified_four_mode.evaluator,src/pe_claw_gui/topologies/dc_dc/four_switch_buck_boost_simplified_four_mode/evaluator.py,included_internal
src/pe_claw_gui/topologies/dc_dc/four_switch_buck_boost_simplified_four_mode/__init__.py,from,pe_claw_gui.topologies.dc_dc.four_switch_buck_boost_simplified_four_mode.input_schema,src/pe_claw_gui/topologies/dc_dc/four_switch_buck_boost_simplified_four_mode/input_schema.py,included_internal
src/pe_claw_gui/topologies/dc_dc/four_switch_buck_boost_simplified_four_mode/__init__.py,from,pe_claw_gui.topologies.dc_dc.four_switch_buck_boost_simplified_four_mode.input_schema,src/pe_claw_gui/topologies/dc_dc/four_switch_buck_boost_simplified_four_mode/input_schema.py,included_internal
src/pe_claw_gui/topologies/dc_dc/four_switch_buck_boost_simplified_four_mode/__init__.py,from,pe_claw_gui.topologies.dc_dc.four_switch_buck_boost_simplified_four_mode.input_schema,src/pe_claw_gui/topologies/dc_dc/four_switch_buck_boost_simplified_four_mode/input_schema.py,included_internal
src/pe_claw_gui/topologies/dc_dc/four_switch_buck_boost_simplified_four_mode/__init__.py,from,pe_claw_gui.topologies.dc_dc.four_switch_buck_boost_simplified_four_mode.input_schema,src/pe_claw_gui/topologies/dc_dc/four_switch_buck_boost_simplified_four_mode/input_schema.py,included_internal
src/pe_claw_gui/topologies/dc_dc/four_switch_buck_boost_simplified_four_mode/__init__.py,from,pe_claw_gui.topologies.dc_dc.four_switch_buck_boost_simplified_four_mode.input_schema,src/pe_claw_gui/topologies/dc_dc/four_switch_buck_boost_simplified_four_mode/input_schema.py,included_internal
src/pe_claw_gui/topologies/dc_dc/four_switch_buck_boost_simplified_four_mode/__init__.py,from,pe_claw_gui.topologies.dc_dc.four_switch_buck_boost_simplified_four_mode.stress,src/pe_claw_gui/topologies/dc_dc/four_switch_buck_boost_simplified_four_mode/stress.py,included_internal
src/pe_claw_gui/topologies/dc_dc/four_switch_buck_boost_simplified_four_mode/__init__.py,from,pe_claw_gui.topologies.dc_dc.four_switch_buck_boost_simplified_four_mode.synthesizer,src/pe_claw_gui/topologies/dc_dc/four_switch_buck_boost_simplified_four_mode/synthesizer.py,included_internal
src/pe_claw_gui/topologies/dc_dc/four_switch_buck_boost_simplified_four_mode/__init__.py,from,pe_claw_gui.topologies.dc_dc.four_switch_buck_boost_simplified_four_mode.waveform,src/pe_claw_gui/topologies/dc_dc/four_switch_buck_boost_simplified_four_mode/waveform.py,included_internal
src/pe_claw_gui/topologies/dc_dc/four_switch_buck_boost_simplified_four_mode/evaluator.py,from,__future__,,external_or_stdlib
src/pe_claw_gui/topologies/dc_dc/four_switch_buck_boost_simplified_four_mode/evaluator.py,from,pe_claw_gui.models.design_report,src/pe_claw_gui/models/design_report.py,included_internal
src/pe_claw_gui/topologies/dc_dc/four_switch_buck_boost_simplified_four_mode/evaluator.py,from,pe_claw_gui.models.device_result,src/pe_claw_gui/models/device_result.py,included_internal
src/pe_claw_gui/topologies/dc_dc/four_switch_buck_boost_simplified_four_mode/evaluator.py,from,pe_claw_gui.models.geometry_result,src/pe_claw_gui/models/geometry_result.py,included_internal
src/pe_claw_gui/topologies/dc_dc/four_switch_buck_boost_simplified_four_mode/evaluator.py,from,pe_claw_gui.models.loss_result,src/pe_claw_gui/models/loss_result.py,included_internal
src/pe_claw_gui/topologies/dc_dc/four_switch_buck_boost_simplified_four_mode/evaluator.py,from,pe_claw_gui.models.magnetic_result,src/pe_claw_gui/models/magnetic_result.py,included_internal
src/pe_claw_gui/topologies/dc_dc/four_switch_buck_boost_simplified_four_mode/evaluator.py,from,pe_claw_gui.models.operating_point,src/pe_claw_gui/models/operating_point.py,included_internal
src/pe_claw_gui/topologies/dc_dc/four_switch_buck_boost_simplified_four_mode/evaluator.py,from,pe_claw_gui.models.stress_result,src/pe_claw_gui/models/stress_result.py,included_internal
src/pe_claw_gui/topologies/dc_dc/four_switch_buck_boost_simplified_four_mode/evaluator.py,from,pe_claw_gui.models.thermal_result,src/pe_claw_gui/models/thermal_result.py,included_internal
src/pe_claw_gui/topologies/dc_dc/four_switch_buck_boost_simplified_four_mode/evaluator.py,from,pe_claw_gui.models.waveform,src/pe_claw_gui/models/waveform.py,included_internal
src/pe_claw_gui/topologies/dc_dc/four_switch_buck_boost_simplified_four_mode/evaluator.py,from,pe_claw_gui.topologies.base.candidate,src/pe_claw_gui/topologies/base/candidate.py,included_internal
src/pe_claw_gui/topologies/dc_dc/four_switch_buck_boost_simplified_four_mode/evaluator.py,from,pe_claw_gui.topologies.base.result,src/pe_claw_gui/topologies/base/result.py,included_internal
src/pe_claw_gui/topologies/dc_dc/four_switch_buck_boost_simplified_four_mode/evaluator.py,from,pe_claw_gui.topologies.base.spec,src/pe_claw_gui/topologies/base/spec.py,included_internal
src/pe_claw_gui/topologies/dc_dc/four_switch_buck_boost_simplified_four_mode/evaluator.py,from,pe_claw_gui.topologies.dc_dc.four_switch_buck_boost_simplified_four_mode.mode,src/pe_claw_gui/topologies/dc_dc/four_switch_buck_boost_simplified_four_mode/mode.py,included_internal
src/pe_claw_gui/topologies/dc_dc/four_switch_buck_boost_simplified_four_mode/input_schema.py,from,__future__,,external_or_stdlib
src/pe_claw_gui/topologies/dc_dc/four_switch_buck_boost_simplified_four_mode/input_schema.py,from,collections.abc,,external_or_stdlib
src/pe_claw_gui/topologies/dc_dc/four_switch_buck_boost_simplified_four_mode/input_schema.py,from,pe_claw_gui.libraries.semiconductors.metadata,src/pe_claw_gui/libraries/semiconductors/metadata.py,included_internal
src/pe_claw_gui/topologies/dc_dc/four_switch_buck_boost_simplified_four_mode/input_schema.py,from,pe_claw_gui.libraries.semiconductors.metadata,src/pe_claw_gui/libraries/semiconductors/metadata.py,included_internal
src/pe_claw_gui/topologies/dc_dc/four_switch_buck_boost_simplified_four_mode/input_schema.py,from,pe_claw_gui.topologies.base.spec,src/pe_claw_gui/topologies/base/spec.py,included_internal
src/pe_claw_gui/topologies/dc_dc/four_switch_buck_boost_simplified_four_mode/input_schema.py,from,pe_claw_gui.utils.ambient_temperature,src/pe_claw_gui/utils/ambient_temperature.py,included_internal
src/pe_claw_gui/topologies/dc_dc/four_switch_buck_boost_simplified_four_mode/input_schema.py,from,pe_claw_gui.utils.ambient_temperature,src/pe_claw_gui/utils/ambient_temperature.py,included_internal
src/pe_claw_gui/topologies/dc_dc/four_switch_buck_boost_simplified_four_mode/mode.py,from,__future__,,external_or_stdlib
src/pe_claw_gui/topologies/dc_dc/four_switch_buck_boost_simplified_four_mode/mode.py,from,dataclasses,,external_or_stdlib
src/pe_claw_gui/topologies/dc_dc/four_switch_buck_boost_simplified_four_mode/mode.py,from,pe_claw_gui.models.operating_point,src/pe_claw_gui/models/operating_point.py,included_internal
src/pe_claw_gui/topologies/dc_dc/four_switch_buck_boost_simplified_four_mode/mode.py,from,pe_claw_gui.topologies.base.candidate,src/pe_claw_gui/topologies/base/candidate.py,included_internal
src/pe_claw_gui/topologies/dc_dc/four_switch_buck_boost_simplified_four_mode/stress.py,from,__future__,,external_or_stdlib
src/pe_claw_gui/topologies/dc_dc/four_switch_buck_boost_simplified_four_mode/stress.py,import,math,,external_or_stdlib
src/pe_claw_gui/topologies/dc_dc/four_switch_buck_boost_simplified_four_mode/stress.py,from,pe_claw_gui.models.stress_result,src/pe_claw_gui/models/stress_result.py,included_internal
src/pe_claw_gui/topologies/dc_dc/four_switch_buck_boost_simplified_four_mode/stress.py,from,pe_claw_gui.models.stress_result,src/pe_claw_gui/models/stress_result.py,included_internal
src/pe_claw_gui/topologies/dc_dc/four_switch_buck_boost_simplified_four_mode/stress.py,from,pe_claw_gui.models.waveform,src/pe_claw_gui/models/waveform.py,included_internal
src/pe_claw_gui/topologies/dc_dc/four_switch_buck_boost_simplified_four_mode/stress.py,from,pe_claw_gui.topologies.base.candidate,src/pe_claw_gui/topologies/base/candidate.py,included_internal
src/pe_claw_gui/topologies/dc_dc/four_switch_buck_boost_simplified_four_mode/stress.py,from,pe_claw_gui.topologies.dc_dc.four_switch_buck_boost_simplified_four_mode.waveform,src/pe_claw_gui/topologies/dc_dc/four_switch_buck_boost_simplified_four_mode/waveform.py,included_internal
src/pe_claw_gui/topologies/dc_dc/four_switch_buck_boost_simplified_four_mode/synthesizer.py,from,__future__,,external_or_stdlib
src/pe_claw_gui/topologies/dc_dc/four_switch_buck_boost_simplified_four_mode/synthesizer.py,from,pe_claw_gui.topologies.base.candidate,src/pe_claw_gui/topologies/base/candidate.py,included_internal
src/pe_claw_gui/topologies/dc_dc/four_switch_buck_boost_simplified_four_mode/synthesizer.py,from,pe_claw_gui.topologies.base.spec,src/pe_claw_gui/topologies/base/spec.py,included_internal
src/pe_claw_gui/topologies/dc_dc/four_switch_buck_boost_simplified_four_mode/synthesizer.py,from,pe_claw_gui.topologies.dc_dc.four_switch_buck_boost_simplified_four_mode.mode,src/pe_claw_gui/topologies/dc_dc/four_switch_buck_boost_simplified_four_mode/mode.py,included_internal
src/pe_claw_gui/topologies/dc_dc/four_switch_buck_boost_simplified_four_mode/synthesizer.py,from,pe_claw_gui.topologies.dc_dc.four_switch_buck_boost_simplified_four_mode.mode,src/pe_claw_gui/topologies/dc_dc/four_switch_buck_boost_simplified_four_mode/mode.py,included_internal
src/pe_claw_gui/topologies/dc_dc/four_switch_buck_boost_simplified_four_mode/synthesizer.py,from,pe_claw_gui.topologies.dc_dc.four_switch_buck_boost_simplified_four_mode.mode,src/pe_claw_gui/topologies/dc_dc/four_switch_buck_boost_simplified_four_mode/mode.py,included_internal
src/pe_claw_gui/topologies/dc_dc/four_switch_buck_boost_simplified_four_mode/synthesizer.py,from,pe_claw_gui.topologies.dc_dc.four_switch_buck_boost_simplified_four_mode.mode,src/pe_claw_gui/topologies/dc_dc/four_switch_buck_boost_simplified_four_mode/mode.py,included_internal
src/pe_claw_gui/topologies/dc_dc/four_switch_buck_boost_simplified_four_mode/waveform.py,from,__future__,,external_or_stdlib
src/pe_claw_gui/topologies/dc_dc/four_switch_buck_boost_simplified_four_mode/waveform.py,from,pe_claw_gui.models.operating_point,src/pe_claw_gui/models/operating_point.py,included_internal
src/pe_claw_gui/topologies/dc_dc/four_switch_buck_boost_simplified_four_mode/waveform.py,from,pe_claw_gui.models.waveform,src/pe_claw_gui/models/waveform.py,included_internal
src/pe_claw_gui/topologies/dc_dc/four_switch_buck_boost_simplified_four_mode/waveform.py,from,pe_claw_gui.topologies.base.candidate,src/pe_claw_gui/topologies/base/candidate.py,included_internal
src/pe_claw_gui/topologies/dc_dc/four_switch_buck_boost_simplified_four_mode/waveform.py,from,pe_claw_gui.topologies.dc_dc.four_switch_buck_boost_simplified_four_mode.mode,src/pe_claw_gui/topologies/dc_dc/four_switch_buck_boost_simplified_four_mode/mode.py,included_internal
src/pe_claw_gui/topologies/dc_dc/four_switch_buck_boost_simplified_four_mode/waveform.py,from,pe_claw_gui.topologies.dc_dc.four_switch_buck_boost_simplified_four_mode.mode,src/pe_claw_gui/topologies/dc_dc/four_switch_buck_boost_simplified_four_mode/mode.py,included_internal
src/pe_claw_gui/topologies/dc_dc/four_switch_buck_boost_simplified_four_mode/waveform.py,from,pe_claw_gui.topologies.dc_dc.four_switch_buck_boost_simplified_four_mode.mode,src/pe_claw_gui/topologies/dc_dc/four_switch_buck_boost_simplified_four_mode/mode.py,included_internal
src/pe_claw_gui/topologies/dc_dc/llc_resonant_converter_diode_rectifier/__init__.py,from,__future__,,external_or_stdlib
src/pe_claw_gui/topologies/dc_dc/llc_resonant_converter_diode_rectifier/__init__.py,from,collections.abc,,external_or_stdlib
src/pe_claw_gui/topologies/dc_dc/llc_resonant_converter_diode_rectifier/__init__.py,from,dataclasses,,external_or_stdlib
src/pe_claw_gui/topologies/dc_dc/llc_resonant_converter_diode_rectifier/__init__.py,from,pe_claw_gui.models.design_report,src/pe_claw_gui/models/design_report.py,included_internal
src/pe_claw_gui/topologies/dc_dc/llc_resonant_converter_diode_rectifier/__init__.py,from,pe_claw_gui.models.operating_point,src/pe_claw_gui/models/operating_point.py,included_internal
src/pe_claw_gui/topologies/dc_dc/llc_resonant_converter_diode_rectifier/__init__.py,from,pe_claw_gui.models.stress_result,src/pe_claw_gui/models/stress_result.py,included_internal
src/pe_claw_gui/topologies/dc_dc/llc_resonant_converter_diode_rectifier/__init__.py,from,pe_claw_gui.models.waveform,src/pe_claw_gui/models/waveform.py,included_internal
src/pe_claw_gui/topologies/dc_dc/llc_resonant_converter_diode_rectifier/__init__.py,from,pe_claw_gui.topologies.base.candidate,src/pe_claw_gui/topologies/base/candidate.py,included_internal
src/pe_claw_gui/topologies/dc_dc/llc_resonant_converter_diode_rectifier/__init__.py,from,pe_claw_gui.topologies.base.interface,src/pe_claw_gui/topologies/base/interface.py,included_internal
src/pe_claw_gui/topologies/dc_dc/llc_resonant_converter_diode_rectifier/__init__.py,from,pe_claw_gui.topologies.base.result,src/pe_claw_gui/topologies/base/result.py,included_internal
src/pe_claw_gui/topologies/dc_dc/llc_resonant_converter_diode_rectifier/__init__.py,from,pe_claw_gui.topologies.base.spec,src/pe_claw_gui/topologies/base/spec.py,included_internal
src/pe_claw_gui/topologies/dc_dc/llc_resonant_converter_diode_rectifier/__init__.py,from,pe_claw_gui.topologies.dc_dc.llc_resonant_converter_diode_rectifier.evaluator,src/pe_claw_gui/topologies/dc_dc/llc_resonant_converter_diode_rectifier/evaluator.py,included_internal
src/pe_claw_gui/topologies/dc_dc/llc_resonant_converter_diode_rectifier/__init__.py,from,pe_claw_gui.topologies.dc_dc.llc_resonant_converter_diode_rectifier.evaluator,src/pe_claw_gui/topologies/dc_dc/llc_resonant_converter_diode_rectifier/evaluator.py,included_internal
src/pe_claw_gui/topologies/dc_dc/llc_resonant_converter_diode_rectifier/__init__.py,from,pe_claw_gui.topologies.dc_dc.llc_resonant_converter_diode_rectifier.input_schema,src/pe_claw_gui/topologies/dc_dc/llc_resonant_converter_diode_rectifier/input_schema.py,included_internal
src/pe_claw_gui/topologies/dc_dc/llc_resonant_converter_diode_rectifier/__init__.py,from,pe_claw_gui.topologies.dc_dc.llc_resonant_converter_diode_rectifier.input_schema,src/pe_claw_gui/topologies/dc_dc/llc_resonant_converter_diode_rectifier/input_schema.py,included_internal
src/pe_claw_gui/topologies/dc_dc/llc_resonant_converter_diode_rectifier/__init__.py,from,pe_claw_gui.topologies.dc_dc.llc_resonant_converter_diode_rectifier.input_schema,src/pe_claw_gui/topologies/dc_dc/llc_resonant_converter_diode_rectifier/input_schema.py,included_internal
src/pe_claw_gui/topologies/dc_dc/llc_resonant_converter_diode_rectifier/__init__.py,from,pe_claw_gui.topologies.dc_dc.llc_resonant_converter_diode_rectifier.input_schema,src/pe_claw_gui/topologies/dc_dc/llc_resonant_converter_diode_rectifier/input_schema.py,included_internal
src/pe_claw_gui/topologies/dc_dc/llc_resonant_converter_diode_rectifier/__init__.py,from,pe_claw_gui.topologies.dc_dc.llc_resonant_converter_diode_rectifier.input_schema,src/pe_claw_gui/topologies/dc_dc/llc_resonant_converter_diode_rectifier/input_schema.py,included_internal
src/pe_claw_gui/topologies/dc_dc/llc_resonant_converter_diode_rectifier/__init__.py,from,pe_claw_gui.topologies.dc_dc.llc_resonant_converter_diode_rectifier.input_schema,src/pe_claw_gui/topologies/dc_dc/llc_resonant_converter_diode_rectifier/input_schema.py,included_internal
src/pe_claw_gui/topologies/dc_dc/llc_resonant_converter_diode_rectifier/__init__.py,from,pe_claw_gui.topologies.dc_dc.llc_resonant_converter_diode_rectifier.stress,src/pe_claw_gui/topologies/dc_dc/llc_resonant_converter_diode_rectifier/stress.py,included_internal
src/pe_claw_gui/topologies/dc_dc/llc_resonant_converter_diode_rectifier/__init__.py,from,pe_claw_gui.topologies.dc_dc.llc_resonant_converter_diode_rectifier.synthesizer,src/pe_claw_gui/topologies/dc_dc/llc_resonant_converter_diode_rectifier/synthesizer.py,included_internal
src/pe_claw_gui/topologies/dc_dc/llc_resonant_converter_diode_rectifier/__init__.py,from,pe_claw_gui.topologies.dc_dc.llc_resonant_converter_diode_rectifier.waveform,src/pe_claw_gui/topologies/dc_dc/llc_resonant_converter_diode_rectifier/waveform.py,included_internal
src/pe_claw_gui/topologies/dc_dc/llc_resonant_converter_diode_rectifier/evaluator.py,from,__future__,,external_or_stdlib
src/pe_claw_gui/topologies/dc_dc/llc_resonant_converter_diode_rectifier/evaluator.py,from,pe_claw_gui.models.design_report,src/pe_claw_gui/models/design_report.py,included_internal
src/pe_claw_gui/topologies/dc_dc/llc_resonant_converter_diode_rectifier/evaluator.py,from,pe_claw_gui.models.device_result,src/pe_claw_gui/models/device_result.py,included_internal
src/pe_claw_gui/topologies/dc_dc/llc_resonant_converter_diode_rectifier/evaluator.py,from,pe_claw_gui.models.geometry_result,src/pe_claw_gui/models/geometry_result.py,included_internal
src/pe_claw_gui/topologies/dc_dc/llc_resonant_converter_diode_rectifier/evaluator.py,from,pe_claw_gui.models.loss_result,src/pe_claw_gui/models/loss_result.py,included_internal
src/pe_claw_gui/topologies/dc_dc/llc_resonant_converter_diode_rectifier/evaluator.py,from,pe_claw_gui.models.magnetic_result,src/pe_claw_gui/models/magnetic_result.py,included_internal
src/pe_claw_gui/topologies/dc_dc/llc_resonant_converter_diode_rectifier/evaluator.py,from,pe_claw_gui.models.operating_point,src/pe_claw_gui/models/operating_point.py,included_internal
src/pe_claw_gui/topologies/dc_dc/llc_resonant_converter_diode_rectifier/evaluator.py,from,pe_claw_gui.models.stress_result,src/pe_claw_gui/models/stress_result.py,included_internal
src/pe_claw_gui/topologies/dc_dc/llc_resonant_converter_diode_rectifier/evaluator.py,from,pe_claw_gui.models.thermal_result,src/pe_claw_gui/models/thermal_result.py,included_internal
src/pe_claw_gui/topologies/dc_dc/llc_resonant_converter_diode_rectifier/evaluator.py,from,pe_claw_gui.models.waveform,src/pe_claw_gui/models/waveform.py,included_internal
src/pe_claw_gui/topologies/dc_dc/llc_resonant_converter_diode_rectifier/evaluator.py,from,pe_claw_gui.topologies.base.candidate,src/pe_claw_gui/topologies/base/candidate.py,included_internal
src/pe_claw_gui/topologies/dc_dc/llc_resonant_converter_diode_rectifier/evaluator.py,from,pe_claw_gui.topologies.base.result,src/pe_claw_gui/topologies/base/result.py,included_internal
src/pe_claw_gui/topologies/dc_dc/llc_resonant_converter_diode_rectifier/evaluator.py,from,pe_claw_gui.topologies.base.spec,src/pe_claw_gui/topologies/base/spec.py,included_internal
src/pe_claw_gui/topologies/dc_dc/llc_resonant_converter_diode_rectifier/fha_design.py,from,__future__,,external_or_stdlib
src/pe_claw_gui/topologies/dc_dc/llc_resonant_converter_diode_rectifier/fha_design.py,from,dataclasses,,external_or_stdlib
src/pe_claw_gui/topologies/dc_dc/llc_resonant_converter_diode_rectifier/fha_design.py,from,dataclasses,,external_or_stdlib
src/pe_claw_gui/topologies/dc_dc/llc_resonant_converter_diode_rectifier/fha_design.py,from,dataclasses,,external_or_stdlib
src/pe_claw_gui/topologies/dc_dc/llc_resonant_converter_diode_rectifier/fha_design.py,from,math,,external_or_stdlib
src/pe_claw_gui/topologies/dc_dc/llc_resonant_converter_diode_rectifier/fha_design.py,from,math,,external_or_stdlib
src/pe_claw_gui/topologies/dc_dc/llc_resonant_converter_diode_rectifier/fha_design.py,from,math,,external_or_stdlib
src/pe_claw_gui/topologies/dc_dc/llc_resonant_converter_diode_rectifier/fha_design.py,from,pe_claw_gui.topologies.base.spec,src/pe_claw_gui/topologies/base/spec.py,included_internal
src/pe_claw_gui/topologies/dc_dc/llc_resonant_converter_diode_rectifier/input_schema.py,from,__future__,,external_or_stdlib
src/pe_claw_gui/topologies/dc_dc/llc_resonant_converter_diode_rectifier/input_schema.py,from,collections.abc,,external_or_stdlib
src/pe_claw_gui/topologies/dc_dc/llc_resonant_converter_diode_rectifier/input_schema.py,from,math,,external_or_stdlib
src/pe_claw_gui/topologies/dc_dc/llc_resonant_converter_diode_rectifier/input_schema.py,from,pe_claw_gui.libraries.semiconductors.metadata,src/pe_claw_gui/libraries/semiconductors/metadata.py,included_internal
src/pe_claw_gui/topologies/dc_dc/llc_resonant_converter_diode_rectifier/input_schema.py,from,pe_claw_gui.libraries.semiconductors.metadata,src/pe_claw_gui/libraries/semiconductors/metadata.py,included_internal
src/pe_claw_gui/topologies/dc_dc/llc_resonant_converter_diode_rectifier/input_schema.py,from,pe_claw_gui.libraries.semiconductors.metadata,src/pe_claw_gui/libraries/semiconductors/metadata.py,included_internal
src/pe_claw_gui/topologies/dc_dc/llc_resonant_converter_diode_rectifier/input_schema.py,from,pe_claw_gui.libraries.semiconductors.metadata,src/pe_claw_gui/libraries/semiconductors/metadata.py,included_internal
src/pe_claw_gui/topologies/dc_dc/llc_resonant_converter_diode_rectifier/input_schema.py,from,pe_claw_gui.libraries.semiconductors.metadata,src/pe_claw_gui/libraries/semiconductors/metadata.py,included_internal
src/pe_claw_gui/topologies/dc_dc/llc_resonant_converter_diode_rectifier/input_schema.py,from,pe_claw_gui.libraries.semiconductors.metadata,src/pe_claw_gui/libraries/semiconductors/metadata.py,included_internal
src/pe_claw_gui/topologies/dc_dc/llc_resonant_converter_diode_rectifier/input_schema.py,from,pe_claw_gui.libraries.semiconductors.metadata,src/pe_claw_gui/libraries/semiconductors/metadata.py,included_internal
src/pe_claw_gui/topologies/dc_dc/llc_resonant_converter_diode_rectifier/input_schema.py,from,pe_claw_gui.libraries.semiconductors.metadata,src/pe_claw_gui/libraries/semiconductors/metadata.py,included_internal
src/pe_claw_gui/topologies/dc_dc/llc_resonant_converter_diode_rectifier/input_schema.py,from,pe_claw_gui.libraries.semiconductors.metadata,src/pe_claw_gui/libraries/semiconductors/metadata.py,included_internal
src/pe_claw_gui/topologies/dc_dc/llc_resonant_converter_diode_rectifier/input_schema.py,from,pe_claw_gui.libraries.semiconductors.metadata,src/pe_claw_gui/libraries/semiconductors/metadata.py,included_internal
src/pe_claw_gui/topologies/dc_dc/llc_resonant_converter_diode_rectifier/input_schema.py,from,pe_claw_gui.libraries.semiconductors.metadata,src/pe_claw_gui/libraries/semiconductors/metadata.py,included_internal
src/pe_claw_gui/topologies/dc_dc/llc_resonant_converter_diode_rectifier/input_schema.py,from,pe_claw_gui.libraries.semiconductors.metadata,src/pe_claw_gui/libraries/semiconductors/metadata.py,included_internal
src/pe_claw_gui/topologies/dc_dc/llc_resonant_converter_diode_rectifier/input_schema.py,from,pe_claw_gui.libraries.semiconductors.metadata,src/pe_claw_gui/libraries/semiconductors/metadata.py,included_internal
src/pe_claw_gui/topologies/dc_dc/llc_resonant_converter_diode_rectifier/input_schema.py,from,pe_claw_gui.libraries.semiconductors.metadata,src/pe_claw_gui/libraries/semiconductors/metadata.py,included_internal
src/pe_claw_gui/topologies/dc_dc/llc_resonant_converter_diode_rectifier/input_schema.py,from,pe_claw_gui.libraries.semiconductors.metadata,src/pe_claw_gui/libraries/semiconductors/metadata.py,included_internal
src/pe_claw_gui/topologies/dc_dc/llc_resonant_converter_diode_rectifier/input_schema.py,from,pe_claw_gui.utils.ambient_temperature,src/pe_claw_gui/utils/ambient_temperature.py,included_internal
src/pe_claw_gui/topologies/dc_dc/llc_resonant_converter_diode_rectifier/input_schema.py,from,pe_claw_gui.utils.ambient_temperature,src/pe_claw_gui/utils/ambient_temperature.py,included_internal
src/pe_claw_gui/topologies/dc_dc/llc_resonant_converter_diode_rectifier/input_schema.py,from,pe_claw_gui.topologies.base.spec,src/pe_claw_gui/topologies/base/spec.py,included_internal
src/pe_claw_gui/topologies/dc_dc/llc_resonant_converter_diode_rectifier/stress.py,from,__future__,,external_or_stdlib
src/pe_claw_gui/topologies/dc_dc/llc_resonant_converter_diode_rectifier/stress.py,from,pe_claw_gui.models.stress_result,src/pe_claw_gui/models/stress_result.py,included_internal
src/pe_claw_gui/topologies/dc_dc/llc_resonant_converter_diode_rectifier/stress.py,from,pe_claw_gui.models.stress_result,src/pe_claw_gui/models/stress_result.py,included_internal
src/pe_claw_gui/topologies/dc_dc/llc_resonant_converter_diode_rectifier/stress.py,from,pe_claw_gui.models.waveform,src/pe_claw_gui/models/waveform.py,included_internal
src/pe_claw_gui/topologies/dc_dc/llc_resonant_converter_diode_rectifier/stress.py,from,pe_claw_gui.topologies.base.candidate,src/pe_claw_gui/topologies/base/candidate.py,included_internal
src/pe_claw_gui/topologies/dc_dc/llc_resonant_converter_diode_rectifier/synthesizer.py,from,__future__,,external_or_stdlib
src/pe_claw_gui/topologies/dc_dc/llc_resonant_converter_diode_rectifier/synthesizer.py,from,dataclasses,,external_or_stdlib
src/pe_claw_gui/topologies/dc_dc/llc_resonant_converter_diode_rectifier/synthesizer.py,from,pe_claw_gui.topologies.base.candidate,src/pe_claw_gui/topologies/base/candidate.py,included_internal
src/pe_claw_gui/topologies/dc_dc/llc_resonant_converter_diode_rectifier/synthesizer.py,from,pe_claw_gui.topologies.base.spec,src/pe_claw_gui/topologies/base/spec.py,included_internal
src/pe_claw_gui/topologies/dc_dc/llc_resonant_converter_diode_rectifier/synthesizer.py,from,pe_claw_gui.topologies.dc_dc.llc_resonant_converter_diode_rectifier.fha_design,src/pe_claw_gui/topologies/dc_dc/llc_resonant_converter_diode_rectifier/fha_design.py,included_internal
src/pe_claw_gui/topologies/dc_dc/llc_resonant_converter_diode_rectifier/synthesizer.py,from,pe_claw_gui.topologies.dc_dc.llc_resonant_converter_diode_rectifier.transformer_design,src/pe_claw_gui/topologies/dc_dc/llc_resonant_converter_diode_rectifier/transformer_design.py,included_internal
src/pe_claw_gui/topologies/dc_dc/llc_resonant_converter_diode_rectifier/transformer_design.py,from,__future__,,external_or_stdlib
src/pe_claw_gui/topologies/dc_dc/llc_resonant_converter_diode_rectifier/transformer_design.py,import,csv,,external_or_stdlib
src/pe_claw_gui/topologies/dc_dc/llc_resonant_converter_diode_rectifier/transformer_design.py,import,re,,external_or_stdlib
src/pe_claw_gui/topologies/dc_dc/llc_resonant_converter_diode_rectifier/transformer_design.py,from,collections,,external_or_stdlib
src/pe_claw_gui/topologies/dc_dc/llc_resonant_converter_diode_rectifier/transformer_design.py,from,statistics,,external_or_stdlib
src/pe_claw_gui/topologies/dc_dc/llc_resonant_converter_diode_rectifier/transformer_design.py,from,dataclasses,,external_or_stdlib
src/pe_claw_gui/topologies/dc_dc/llc_resonant_converter_diode_rectifier/transformer_design.py,from,dataclasses,,external_or_stdlib
src/pe_claw_gui/topologies/dc_dc/llc_resonant_converter_diode_rectifier/transformer_design.py,from,pathlib,,external_or_stdlib
src/pe_claw_gui/topologies/dc_dc/llc_resonant_converter_diode_rectifier/transformer_design.py,from,math,,external_or_stdlib
src/pe_claw_gui/topologies/dc_dc/llc_resonant_converter_diode_rectifier/transformer_design.py,from,math,,external_or_stdlib
src/pe_claw_gui/topologies/dc_dc/llc_resonant_converter_diode_rectifier/transformer_design.py,from,math,,external_or_stdlib
src/pe_claw_gui/topologies/dc_dc/llc_resonant_converter_diode_rectifier/transformer_design.py,from,typing,,external_or_stdlib
src/pe_claw_gui/topologies/dc_dc/llc_resonant_converter_diode_rectifier/transformer_design.py,from,typing,,external_or_stdlib
src/pe_claw_gui/topologies/dc_dc/llc_resonant_converter_diode_rectifier/transformer_design.py,from,typing,,external_or_stdlib
src/pe_claw_gui/topologies/dc_dc/llc_resonant_converter_diode_rectifier/transformer_design.py,from,typing,,external_or_stdlib
src/pe_claw_gui/topologies/dc_dc/llc_resonant_converter_diode_rectifier/transformer_design.py,from,pe_claw_gui.engines.magnetics.leakage,src/pe_claw_gui/engines/magnetics/leakage.py,included_internal
src/pe_claw_gui/topologies/dc_dc/llc_resonant_converter_diode_rectifier/transformer_design.py,from,pe_claw_gui.engines.magnetics.leakage,src/pe_claw_gui/engines/magnetics/leakage.py,included_internal
src/pe_claw_gui/topologies/dc_dc/llc_resonant_converter_diode_rectifier/transformer_design.py,from,pe_claw_gui.engines.magnetics.leakage,src/pe_claw_gui/engines/magnetics/leakage.py,included_internal
src/pe_claw_gui/topologies/dc_dc/llc_resonant_converter_diode_rectifier/transformer_design.py,from,pe_claw_gui.models.magnetic_result,src/pe_claw_gui/models/magnetic_result.py,included_internal
src/pe_claw_gui/topologies/dc_dc/llc_resonant_converter_diode_rectifier/transformer_design.py,from,pe_claw_gui.models.magnetic_result,src/pe_claw_gui/models/magnetic_result.py,included_internal
src/pe_claw_gui/topologies/dc_dc/llc_resonant_converter_diode_rectifier/transformer_design.py,from,pe_claw_gui.models.magnetic_result,src/pe_claw_gui/models/magnetic_result.py,included_internal
src/pe_claw_gui/topologies/dc_dc/llc_resonant_converter_diode_rectifier/transformer_design.py,from,pe_claw_gui.models.magnetic_result,src/pe_claw_gui/models/magnetic_result.py,included_internal
src/pe_claw_gui/topologies/dc_dc/llc_resonant_converter_diode_rectifier/transformer_design.py,from,pe_claw_gui.engines.magnetics.core_loss_role_adapter,src/pe_claw_gui/engines/magnetics/core_loss_role_adapter.py,included_internal
src/pe_claw_gui/topologies/dc_dc/llc_resonant_converter_diode_rectifier/transformer_design.py,from,pe_claw_gui.engines.magnetics.winding_evidence,src/pe_claw_gui/engines/magnetics/winding_evidence.py,included_internal
src/pe_claw_gui/topologies/dc_dc/llc_resonant_converter_diode_rectifier/transformer_design.py,from,pe_claw_gui.models.magnetic_winding_contract,src/pe_claw_gui/models/magnetic_winding_contract.py,included_internal
src/pe_claw_gui/topologies/dc_dc/llc_resonant_converter_diode_rectifier/transformer_design.py,from,pe_claw_gui.engines.magnetics.data_backend,src/pe_claw_gui/engines/magnetics/data_backend.py,included_internal
src/pe_claw_gui/topologies/dc_dc/llc_resonant_converter_diode_rectifier/transformer_design.py,from,matplotlib.figure,,external_or_stdlib
src/pe_claw_gui/topologies/dc_dc/llc_resonant_converter_diode_rectifier/transformer_design.py,from,matplotlib.backends.backend_agg,,external_or_stdlib
src/pe_claw_gui/topologies/dc_dc/llc_resonant_converter_diode_rectifier/transformer_design.py,from,pe_claw_gui.topologies.dc_dc.llc_resonant_converter_diode_rectifier.fha_design,src/pe_claw_gui/topologies/dc_dc/llc_resonant_converter_diode_rectifier/fha_design.py,included_internal
src/pe_claw_gui/topologies/dc_dc/llc_resonant_converter_diode_rectifier/transformer_design.py,from,matplotlib.figure,,external_or_stdlib
src/pe_claw_gui/topologies/dc_dc/llc_resonant_converter_diode_rectifier/transformer_design.py,from,matplotlib.backends.backend_agg,,external_or_stdlib
src/pe_claw_gui/topologies/dc_dc/llc_resonant_converter_diode_rectifier/waveform.py,from,__future__,,external_or_stdlib
src/pe_claw_gui/topologies/dc_dc/llc_resonant_converter_diode_rectifier/waveform.py,from,cmath,,external_or_stdlib
src/pe_claw_gui/topologies/dc_dc/llc_resonant_converter_diode_rectifier/waveform.py,from,math,,external_or_stdlib
src/pe_claw_gui/topologies/dc_dc/llc_resonant_converter_diode_rectifier/waveform.py,from,math,,external_or_stdlib
src/pe_claw_gui/topologies/dc_dc/llc_resonant_converter_diode_rectifier/waveform.py,from,math,,external_or_stdlib
src/pe_claw_gui/topologies/dc_dc/llc_resonant_converter_diode_rectifier/waveform.py,from,pe_claw_gui.models.operating_point,src/pe_claw_gui/models/operating_point.py,included_internal
src/pe_claw_gui/topologies/dc_dc/llc_resonant_converter_diode_rectifier/waveform.py,from,pe_claw_gui.models.waveform,src/pe_claw_gui/models/waveform.py,included_internal
src/pe_claw_gui/topologies/dc_dc/llc_resonant_converter_diode_rectifier/waveform.py,from,pe_claw_gui.topologies.base.candidate,src/pe_claw_gui/topologies/base/candidate.py,included_internal
src/pe_claw_gui/topologies/dc_dc/llc_resonant_converter_diode_rectifier/waveform.py,from,pe_claw_gui.topologies.dc_dc.llc_resonant_converter_diode_rectifier.fha_design,src/pe_claw_gui/topologies/dc_dc/llc_resonant_converter_diode_rectifier/fha_design.py,included_internal
src/pe_claw_gui/topologies/dc_dc/llc_resonant_converter_synchronous_rectifier/__init__.py,from,__future__,,external_or_stdlib
src/pe_claw_gui/topologies/dc_dc/llc_resonant_converter_synchronous_rectifier/__init__.py,from,collections.abc,,external_or_stdlib
src/pe_claw_gui/topologies/dc_dc/llc_resonant_converter_synchronous_rectifier/__init__.py,from,dataclasses,,external_or_stdlib
src/pe_claw_gui/topologies/dc_dc/llc_resonant_converter_synchronous_rectifier/__init__.py,from,pe_claw_gui.models.design_report,src/pe_claw_gui/models/design_report.py,included_internal
src/pe_claw_gui/topologies/dc_dc/llc_resonant_converter_synchronous_rectifier/__init__.py,from,pe_claw_gui.models.operating_point,src/pe_claw_gui/models/operating_point.py,included_internal
src/pe_claw_gui/topologies/dc_dc/llc_resonant_converter_synchronous_rectifier/__init__.py,from,pe_claw_gui.models.stress_result,src/pe_claw_gui/models/stress_result.py,included_internal
src/pe_claw_gui/topologies/dc_dc/llc_resonant_converter_synchronous_rectifier/__init__.py,from,pe_claw_gui.models.waveform,src/pe_claw_gui/models/waveform.py,included_internal
src/pe_claw_gui/topologies/dc_dc/llc_resonant_converter_synchronous_rectifier/__init__.py,from,pe_claw_gui.topologies.base.candidate,src/pe_claw_gui/topologies/base/candidate.py,included_internal
src/pe_claw_gui/topologies/dc_dc/llc_resonant_converter_synchronous_rectifier/__init__.py,from,pe_claw_gui.topologies.base.interface,src/pe_claw_gui/topologies/base/interface.py,included_internal
src/pe_claw_gui/topologies/dc_dc/llc_resonant_converter_synchronous_rectifier/__init__.py,from,pe_claw_gui.topologies.base.result,src/pe_claw_gui/topologies/base/result.py,included_internal
src/pe_claw_gui/topologies/dc_dc/llc_resonant_converter_synchronous_rectifier/__init__.py,from,pe_claw_gui.topologies.base.spec,src/pe_claw_gui/topologies/base/spec.py,included_internal
src/pe_claw_gui/topologies/dc_dc/llc_resonant_converter_synchronous_rectifier/__init__.py,from,pe_claw_gui.topologies.dc_dc.llc_resonant_converter_synchronous_rectifier.evaluator,src/pe_claw_gui/topologies/dc_dc/llc_resonant_converter_synchronous_rectifier/evaluator.py,included_internal
src/pe_claw_gui/topologies/dc_dc/llc_resonant_converter_synchronous_rectifier/__init__.py,from,pe_claw_gui.topologies.dc_dc.llc_resonant_converter_synchronous_rectifier.evaluator,src/pe_claw_gui/topologies/dc_dc/llc_resonant_converter_synchronous_rectifier/evaluator.py,included_internal
src/pe_claw_gui/topologies/dc_dc/llc_resonant_converter_synchronous_rectifier/__init__.py,from,pe_claw_gui.topologies.dc_dc.llc_resonant_converter_synchronous_rectifier.input_schema,src/pe_claw_gui/topologies/dc_dc/llc_resonant_converter_synchronous_rectifier/input_schema.py,included_internal
src/pe_claw_gui/topologies/dc_dc/llc_resonant_converter_synchronous_rectifier/__init__.py,from,pe_claw_gui.topologies.dc_dc.llc_resonant_converter_synchronous_rectifier.input_schema,src/pe_claw_gui/topologies/dc_dc/llc_resonant_converter_synchronous_rectifier/input_schema.py,included_internal
src/pe_claw_gui/topologies/dc_dc/llc_resonant_converter_synchronous_rectifier/__init__.py,from,pe_claw_gui.topologies.dc_dc.llc_resonant_converter_synchronous_rectifier.input_schema,src/pe_claw_gui/topologies/dc_dc/llc_resonant_converter_synchronous_rectifier/input_schema.py,included_internal
src/pe_claw_gui/topologies/dc_dc/llc_resonant_converter_synchronous_rectifier/__init__.py,from,pe_claw_gui.topologies.dc_dc.llc_resonant_converter_synchronous_rectifier.input_schema,src/pe_claw_gui/topologies/dc_dc/llc_resonant_converter_synchronous_rectifier/input_schema.py,included_internal
src/pe_claw_gui/topologies/dc_dc/llc_resonant_converter_synchronous_rectifier/__init__.py,from,pe_claw_gui.topologies.dc_dc.llc_resonant_converter_synchronous_rectifier.input_schema,src/pe_claw_gui/topologies/dc_dc/llc_resonant_converter_synchronous_rectifier/input_schema.py,included_internal
src/pe_claw_gui/topologies/dc_dc/llc_resonant_converter_synchronous_rectifier/__init__.py,from,pe_claw_gui.topologies.dc_dc.llc_resonant_converter_synchronous_rectifier.input_schema,src/pe_claw_gui/topologies/dc_dc/llc_resonant_converter_synchronous_rectifier/input_schema.py,included_internal
src/pe_claw_gui/topologies/dc_dc/llc_resonant_converter_synchronous_rectifier/__init__.py,from,pe_claw_gui.topologies.dc_dc.llc_resonant_converter_synchronous_rectifier.first_pass_scope,src/pe_claw_gui/topologies/dc_dc/llc_resonant_converter_synchronous_rectifier/first_pass_scope.py,included_internal
src/pe_claw_gui/topologies/dc_dc/llc_resonant_converter_synchronous_rectifier/__init__.py,from,pe_claw_gui.topologies.dc_dc.llc_resonant_converter_synchronous_rectifier.first_pass_scope,src/pe_claw_gui/topologies/dc_dc/llc_resonant_converter_synchronous_rectifier/first_pass_scope.py,included_internal
src/pe_claw_gui/topologies/dc_dc/llc_resonant_converter_synchronous_rectifier/__init__.py,from,pe_claw_gui.topologies.dc_dc.llc_resonant_converter_synchronous_rectifier.loss_readback,src/pe_claw_gui/topologies/dc_dc/llc_resonant_converter_synchronous_rectifier/loss_readback.py,included_internal
src/pe_claw_gui/topologies/dc_dc/llc_resonant_converter_synchronous_rectifier/__init__.py,from,pe_claw_gui.topologies.dc_dc.llc_resonant_converter_synchronous_rectifier.report_audit_readback,src/pe_claw_gui/topologies/dc_dc/llc_resonant_converter_synchronous_rectifier/report_audit_readback.py,included_internal
src/pe_claw_gui/topologies/dc_dc/llc_resonant_converter_synchronous_rectifier/__init__.py,from,pe_claw_gui.topologies.dc_dc.llc_resonant_converter_synchronous_rectifier.stress_readback,src/pe_claw_gui/topologies/dc_dc/llc_resonant_converter_synchronous_rectifier/stress_readback.py,included_internal
src/pe_claw_gui/topologies/dc_dc/llc_resonant_converter_synchronous_rectifier/__init__.py,from,pe_claw_gui.topologies.dc_dc.llc_resonant_converter_synchronous_rectifier.timing_readback,src/pe_claw_gui/topologies/dc_dc/llc_resonant_converter_synchronous_rectifier/timing_readback.py,included_internal
src/pe_claw_gui/topologies/dc_dc/llc_resonant_converter_synchronous_rectifier/__init__.py,from,pe_claw_gui.topologies.dc_dc.llc_resonant_converter_synchronous_rectifier.stress,src/pe_claw_gui/topologies/dc_dc/llc_resonant_converter_synchronous_rectifier/stress.py,included_internal
src/pe_claw_gui/topologies/dc_dc/llc_resonant_converter_synchronous_rectifier/__init__.py,from,pe_claw_gui.topologies.dc_dc.llc_resonant_converter_synchronous_rectifier.synthesizer,src/pe_claw_gui/topologies/dc_dc/llc_resonant_converter_synchronous_rectifier/synthesizer.py,included_internal
src/pe_claw_gui/topologies/dc_dc/llc_resonant_converter_synchronous_rectifier/__init__.py,from,pe_claw_gui.topologies.dc_dc.llc_resonant_converter_synchronous_rectifier.waveform,src/pe_claw_gui/topologies/dc_dc/llc_resonant_converter_synchronous_rectifier/waveform.py,included_internal
src/pe_claw_gui/topologies/dc_dc/llc_resonant_converter_synchronous_rectifier/evaluator.py,from,__future__,,external_or_stdlib
src/pe_claw_gui/topologies/dc_dc/llc_resonant_converter_synchronous_rectifier/evaluator.py,from,pe_claw_gui.models.design_report,src/pe_claw_gui/models/design_report.py,included_internal
src/pe_claw_gui/topologies/dc_dc/llc_resonant_converter_synchronous_rectifier/evaluator.py,from,pe_claw_gui.models.device_result,src/pe_claw_gui/models/device_result.py,included_internal
src/pe_claw_gui/topologies/dc_dc/llc_resonant_converter_synchronous_rectifier/evaluator.py,from,pe_claw_gui.models.geometry_result,src/pe_claw_gui/models/geometry_result.py,included_internal
src/pe_claw_gui/topologies/dc_dc/llc_resonant_converter_synchronous_rectifier/evaluator.py,from,pe_claw_gui.models.loss_result,src/pe_claw_gui/models/loss_result.py,included_internal
src/pe_claw_gui/topologies/dc_dc/llc_resonant_converter_synchronous_rectifier/evaluator.py,from,pe_claw_gui.models.magnetic_result,src/pe_claw_gui/models/magnetic_result.py,included_internal
src/pe_claw_gui/topologies/dc_dc/llc_resonant_converter_synchronous_rectifier/evaluator.py,from,pe_claw_gui.models.operating_point,src/pe_claw_gui/models/operating_point.py,included_internal
src/pe_claw_gui/topologies/dc_dc/llc_resonant_converter_synchronous_rectifier/evaluator.py,from,pe_claw_gui.models.stress_result,src/pe_claw_gui/models/stress_result.py,included_internal
src/pe_claw_gui/topologies/dc_dc/llc_resonant_converter_synchronous_rectifier/evaluator.py,from,pe_claw_gui.models.thermal_result,src/pe_claw_gui/models/thermal_result.py,included_internal
src/pe_claw_gui/topologies/dc_dc/llc_resonant_converter_synchronous_rectifier/evaluator.py,from,pe_claw_gui.models.waveform,src/pe_claw_gui/models/waveform.py,included_internal
src/pe_claw_gui/topologies/dc_dc/llc_resonant_converter_synchronous_rectifier/evaluator.py,from,pe_claw_gui.topologies.base.candidate,src/pe_claw_gui/topologies/base/candidate.py,included_internal
src/pe_claw_gui/topologies/dc_dc/llc_resonant_converter_synchronous_rectifier/evaluator.py,from,pe_claw_gui.topologies.base.result,src/pe_claw_gui/topologies/base/result.py,included_internal
src/pe_claw_gui/topologies/dc_dc/llc_resonant_converter_synchronous_rectifier/evaluator.py,from,pe_claw_gui.topologies.base.spec,src/pe_claw_gui/topologies/base/spec.py,included_internal
src/pe_claw_gui/topologies/dc_dc/llc_resonant_converter_synchronous_rectifier/first_pass_scope.py,from,__future__,,external_or_stdlib
src/pe_claw_gui/topologies/dc_dc/llc_resonant_converter_synchronous_rectifier/first_pass_scope.py,from,dataclasses,,external_or_stdlib
src/pe_claw_gui/topologies/dc_dc/llc_resonant_converter_synchronous_rectifier/input_schema.py,from,__future__,,external_or_stdlib
src/pe_claw_gui/topologies/dc_dc/llc_resonant_converter_synchronous_rectifier/input_schema.py,from,collections.abc,,external_or_stdlib
src/pe_claw_gui/topologies/dc_dc/llc_resonant_converter_synchronous_rectifier/input_schema.py,from,math,,external_or_stdlib
src/pe_claw_gui/topologies/dc_dc/llc_resonant_converter_synchronous_rectifier/input_schema.py,from,pe_claw_gui.libraries.semiconductors.metadata,src/pe_claw_gui/libraries/semiconductors/metadata.py,included_internal
src/pe_claw_gui/topologies/dc_dc/llc_resonant_converter_synchronous_rectifier/input_schema.py,from,pe_claw_gui.libraries.semiconductors.metadata,src/pe_claw_gui/libraries/semiconductors/metadata.py,included_internal
src/pe_claw_gui/topologies/dc_dc/llc_resonant_converter_synchronous_rectifier/input_schema.py,from,pe_claw_gui.libraries.semiconductors.metadata,src/pe_claw_gui/libraries/semiconductors/metadata.py,included_internal
src/pe_claw_gui/topologies/dc_dc/llc_resonant_converter_synchronous_rectifier/input_schema.py,from,pe_claw_gui.libraries.semiconductors.metadata,src/pe_claw_gui/libraries/semiconductors/metadata.py,included_internal
src/pe_claw_gui/topologies/dc_dc/llc_resonant_converter_synchronous_rectifier/input_schema.py,from,pe_claw_gui.libraries.semiconductors.metadata,src/pe_claw_gui/libraries/semiconductors/metadata.py,included_internal
src/pe_claw_gui/topologies/dc_dc/llc_resonant_converter_synchronous_rectifier/input_schema.py,from,pe_claw_gui.libraries.semiconductors.metadata,src/pe_claw_gui/libraries/semiconductors/metadata.py,included_internal
src/pe_claw_gui/topologies/dc_dc/llc_resonant_converter_synchronous_rectifier/input_schema.py,from,pe_claw_gui.libraries.semiconductors.metadata,src/pe_claw_gui/libraries/semiconductors/metadata.py,included_internal
src/pe_claw_gui/topologies/dc_dc/llc_resonant_converter_synchronous_rectifier/input_schema.py,from,pe_claw_gui.libraries.semiconductors.metadata,src/pe_claw_gui/libraries/semiconductors/metadata.py,included_internal
src/pe_claw_gui/topologies/dc_dc/llc_resonant_converter_synchronous_rectifier/input_schema.py,from,pe_claw_gui.libraries.semiconductors.metadata,src/pe_claw_gui/libraries/semiconductors/metadata.py,included_internal
src/pe_claw_gui/topologies/dc_dc/llc_resonant_converter_synchronous_rectifier/input_schema.py,from,pe_claw_gui.libraries.semiconductors.metadata,src/pe_claw_gui/libraries/semiconductors/metadata.py,included_internal
src/pe_claw_gui/topologies/dc_dc/llc_resonant_converter_synchronous_rectifier/input_schema.py,from,pe_claw_gui.libraries.semiconductors.metadata,src/pe_claw_gui/libraries/semiconductors/metadata.py,included_internal
src/pe_claw_gui/topologies/dc_dc/llc_resonant_converter_synchronous_rectifier/input_schema.py,from,pe_claw_gui.libraries.semiconductors.metadata,src/pe_claw_gui/libraries/semiconductors/metadata.py,included_internal
src/pe_claw_gui/topologies/dc_dc/llc_resonant_converter_synchronous_rectifier/input_schema.py,from,pe_claw_gui.utils.ambient_temperature,src/pe_claw_gui/utils/ambient_temperature.py,included_internal
src/pe_claw_gui/topologies/dc_dc/llc_resonant_converter_synchronous_rectifier/input_schema.py,from,pe_claw_gui.utils.ambient_temperature,src/pe_claw_gui/utils/ambient_temperature.py,included_internal
src/pe_claw_gui/topologies/dc_dc/llc_resonant_converter_synchronous_rectifier/input_schema.py,from,pe_claw_gui.topologies.base.spec,src/pe_claw_gui/topologies/base/spec.py,included_internal
src/pe_claw_gui/topologies/dc_dc/llc_resonant_converter_synchronous_rectifier/loss_readback.py,from,__future__,,external_or_stdlib
src/pe_claw_gui/topologies/dc_dc/llc_resonant_converter_synchronous_rectifier/loss_readback.py,from,collections.abc,,external_or_stdlib
src/pe_claw_gui/topologies/dc_dc/llc_resonant_converter_synchronous_rectifier/loss_readback.py,from,typing,,external_or_stdlib
src/pe_claw_gui/topologies/dc_dc/llc_resonant_converter_synchronous_rectifier/report_audit_readback.py,from,__future__,,external_or_stdlib
src/pe_claw_gui/topologies/dc_dc/llc_resonant_converter_synchronous_rectifier/report_audit_readback.py,from,collections.abc,,external_or_stdlib
src/pe_claw_gui/topologies/dc_dc/llc_resonant_converter_synchronous_rectifier/report_audit_readback.py,from,typing,,external_or_stdlib
src/pe_claw_gui/topologies/dc_dc/llc_resonant_converter_synchronous_rectifier/stress.py,from,__future__,,external_or_stdlib
src/pe_claw_gui/topologies/dc_dc/llc_resonant_converter_synchronous_rectifier/stress.py,from,pe_claw_gui.models.stress_result,src/pe_claw_gui/models/stress_result.py,included_internal
src/pe_claw_gui/topologies/dc_dc/llc_resonant_converter_synchronous_rectifier/stress.py,from,pe_claw_gui.models.stress_result,src/pe_claw_gui/models/stress_result.py,included_internal
src/pe_claw_gui/topologies/dc_dc/llc_resonant_converter_synchronous_rectifier/stress.py,from,pe_claw_gui.models.waveform,src/pe_claw_gui/models/waveform.py,included_internal
src/pe_claw_gui/topologies/dc_dc/llc_resonant_converter_synchronous_rectifier/stress.py,from,pe_claw_gui.topologies.base.candidate,src/pe_claw_gui/topologies/base/candidate.py,included_internal
src/pe_claw_gui/topologies/dc_dc/llc_resonant_converter_synchronous_rectifier/stress.py,from,pe_claw_gui.topologies.dc_dc.llc_resonant_converter_synchronous_rectifier.input_schema,src/pe_claw_gui/topologies/dc_dc/llc_resonant_converter_synchronous_rectifier/input_schema.py,included_internal
src/pe_claw_gui/topologies/dc_dc/llc_resonant_converter_synchronous_rectifier/stress.py,from,pe_claw_gui.topologies.dc_dc.llc_resonant_converter_synchronous_rectifier.stress_readback,src/pe_claw_gui/topologies/dc_dc/llc_resonant_converter_synchronous_rectifier/stress_readback.py,included_internal
src/pe_claw_gui/topologies/dc_dc/llc_resonant_converter_synchronous_rectifier/stress_readback.py,from,__future__,,external_or_stdlib
src/pe_claw_gui/topologies/dc_dc/llc_resonant_converter_synchronous_rectifier/stress_readback.py,from,collections.abc,,external_or_stdlib
src/pe_claw_gui/topologies/dc_dc/llc_resonant_converter_synchronous_rectifier/stress_readback.py,from,typing,,external_or_stdlib
src/pe_claw_gui/topologies/dc_dc/llc_resonant_converter_synchronous_rectifier/synthesizer.py,from,__future__,,external_or_stdlib
src/pe_claw_gui/topologies/dc_dc/llc_resonant_converter_synchronous_rectifier/synthesizer.py,from,dataclasses,,external_or_stdlib
src/pe_claw_gui/topologies/dc_dc/llc_resonant_converter_synchronous_rectifier/synthesizer.py,from,dataclasses,,external_or_stdlib
src/pe_claw_gui/topologies/dc_dc/llc_resonant_converter_synchronous_rectifier/synthesizer.py,from,pe_claw_gui.topologies.base.candidate,src/pe_claw_gui/topologies/base/candidate.py,included_internal
src/pe_claw_gui/topologies/dc_dc/llc_resonant_converter_synchronous_rectifier/synthesizer.py,from,pe_claw_gui.topologies.base.spec,src/pe_claw_gui/topologies/base/spec.py,included_internal
src/pe_claw_gui/topologies/dc_dc/llc_resonant_converter_synchronous_rectifier/synthesizer.py,from,pe_claw_gui.topologies.dc_dc.llc_resonant_converter_diode_rectifier.fha_design,src/pe_claw_gui/topologies/dc_dc/llc_resonant_converter_diode_rectifier/fha_design.py,included_internal
src/pe_claw_gui/topologies/dc_dc/llc_resonant_converter_synchronous_rectifier/synthesizer.py,from,pe_claw_gui.topologies.dc_dc.llc_resonant_converter_diode_rectifier.transformer_design,src/pe_claw_gui/topologies/dc_dc/llc_resonant_converter_diode_rectifier/transformer_design.py,included_internal
src/pe_claw_gui/topologies/dc_dc/llc_resonant_converter_synchronous_rectifier/synthesizer.py,from,pe_claw_gui.topologies.dc_dc.llc_resonant_converter_synchronous_rectifier.input_schema,src/pe_claw_gui/topologies/dc_dc/llc_resonant_converter_synchronous_rectifier/input_schema.py,included_internal
src/pe_claw_gui/topologies/dc_dc/llc_resonant_converter_synchronous_rectifier/synthesizer.py,from,pe_claw_gui.topologies.dc_dc.llc_resonant_converter_synchronous_rectifier.input_schema,src/pe_claw_gui/topologies/dc_dc/llc_resonant_converter_synchronous_rectifier/input_schema.py,included_internal
src/pe_claw_gui/topologies/dc_dc/llc_resonant_converter_synchronous_rectifier/synthesizer.py,from,pe_claw_gui.topologies.dc_dc.llc_resonant_converter_synchronous_rectifier.input_schema,src/pe_claw_gui/topologies/dc_dc/llc_resonant_converter_synchronous_rectifier/input_schema.py,included_internal
src/pe_claw_gui/topologies/dc_dc/llc_resonant_converter_synchronous_rectifier/synthesizer.py,from,pe_claw_gui.topologies.dc_dc.llc_resonant_converter_synchronous_rectifier.input_schema,src/pe_claw_gui/topologies/dc_dc/llc_resonant_converter_synchronous_rectifier/input_schema.py,included_internal
src/pe_claw_gui/topologies/dc_dc/llc_resonant_converter_synchronous_rectifier/synthesizer.py,from,pe_claw_gui.topologies.dc_dc.llc_resonant_converter_synchronous_rectifier.stress_readback,src/pe_claw_gui/topologies/dc_dc/llc_resonant_converter_synchronous_rectifier/stress_readback.py,included_internal
src/pe_claw_gui/topologies/dc_dc/llc_resonant_converter_synchronous_rectifier/synthesizer.py,from,pe_claw_gui.topologies.dc_dc.llc_resonant_converter_synchronous_rectifier.timing_readback,src/pe_claw_gui/topologies/dc_dc/llc_resonant_converter_synchronous_rectifier/timing_readback.py,included_internal
src/pe_claw_gui/topologies/dc_dc/llc_resonant_converter_synchronous_rectifier/timing_readback.py,from,__future__,,external_or_stdlib
src/pe_claw_gui/topologies/dc_dc/llc_resonant_converter_synchronous_rectifier/timing_readback.py,from,collections.abc,,external_or_stdlib
src/pe_claw_gui/topologies/dc_dc/llc_resonant_converter_synchronous_rectifier/timing_readback.py,from,typing,,external_or_stdlib
src/pe_claw_gui/topologies/dc_dc/llc_resonant_converter_synchronous_rectifier/waveform.py,from,__future__,,external_or_stdlib
src/pe_claw_gui/topologies/dc_dc/llc_resonant_converter_synchronous_rectifier/waveform.py,from,dataclasses,,external_or_stdlib
src/pe_claw_gui/topologies/dc_dc/llc_resonant_converter_synchronous_rectifier/waveform.py,from,pe_claw_gui.models.operating_point,src/pe_claw_gui/models/operating_point.py,included_internal
src/pe_claw_gui/topologies/dc_dc/llc_resonant_converter_synchronous_rectifier/waveform.py,from,pe_claw_gui.models.waveform,src/pe_claw_gui/models/waveform.py,included_internal
src/pe_claw_gui/topologies/dc_dc/llc_resonant_converter_synchronous_rectifier/waveform.py,from,pe_claw_gui.topologies.base.candidate,src/pe_claw_gui/topologies/base/candidate.py,included_internal
src/pe_claw_gui/topologies/dc_dc/llc_resonant_converter_synchronous_rectifier/waveform.py,from,pe_claw_gui.topologies.dc_dc.llc_resonant_converter_diode_rectifier.waveform,src/pe_claw_gui/topologies/dc_dc/llc_resonant_converter_diode_rectifier/waveform.py,included_internal
src/pe_claw_gui/topologies/dc_dc/phase_shifted_full_bridge_diode_rectifier_isolated/__init__.py,from,__future__,,external_or_stdlib
src/pe_claw_gui/topologies/dc_dc/phase_shifted_full_bridge_diode_rectifier_isolated/__init__.py,from,collections.abc,,external_or_stdlib
src/pe_claw_gui/topologies/dc_dc/phase_shifted_full_bridge_diode_rectifier_isolated/__init__.py,from,dataclasses,,external_or_stdlib
src/pe_claw_gui/topologies/dc_dc/phase_shifted_full_bridge_diode_rectifier_isolated/__init__.py,from,pe_claw_gui.models.design_report,src/pe_claw_gui/models/design_report.py,included_internal
src/pe_claw_gui/topologies/dc_dc/phase_shifted_full_bridge_diode_rectifier_isolated/__init__.py,from,pe_claw_gui.models.operating_point,src/pe_claw_gui/models/operating_point.py,included_internal
src/pe_claw_gui/topologies/dc_dc/phase_shifted_full_bridge_diode_rectifier_isolated/__init__.py,from,pe_claw_gui.models.stress_result,src/pe_claw_gui/models/stress_result.py,included_internal
src/pe_claw_gui/topologies/dc_dc/phase_shifted_full_bridge_diode_rectifier_isolated/__init__.py,from,pe_claw_gui.models.waveform,src/pe_claw_gui/models/waveform.py,included_internal
src/pe_claw_gui/topologies/dc_dc/phase_shifted_full_bridge_diode_rectifier_isolated/__init__.py,from,pe_claw_gui.topologies.base.candidate,src/pe_claw_gui/topologies/base/candidate.py,included_internal
src/pe_claw_gui/topologies/dc_dc/phase_shifted_full_bridge_diode_rectifier_isolated/__init__.py,from,pe_claw_gui.topologies.base.interface,src/pe_claw_gui/topologies/base/interface.py,included_internal
src/pe_claw_gui/topologies/dc_dc/phase_shifted_full_bridge_diode_rectifier_isolated/__init__.py,from,pe_claw_gui.topologies.base.result,src/pe_claw_gui/topologies/base/result.py,included_internal
src/pe_claw_gui/topologies/dc_dc/phase_shifted_full_bridge_diode_rectifier_isolated/__init__.py,from,pe_claw_gui.topologies.base.spec,src/pe_claw_gui/topologies/base/spec.py,included_internal
src/pe_claw_gui/topologies/dc_dc/phase_shifted_full_bridge_diode_rectifier_isolated/__init__.py,from,pe_claw_gui.topologies.dc_dc.phase_shifted_full_bridge_diode_rectifier_isolated.evaluator,src/pe_claw_gui/topologies/dc_dc/phase_shifted_full_bridge_diode_rectifier_isolated/evaluator.py,included_internal
src/pe_claw_gui/topologies/dc_dc/phase_shifted_full_bridge_diode_rectifier_isolated/__init__.py,from,pe_claw_gui.topologies.dc_dc.phase_shifted_full_bridge_diode_rectifier_isolated.evaluator,src/pe_claw_gui/topologies/dc_dc/phase_shifted_full_bridge_diode_rectifier_isolated/evaluator.py,included_internal
src/pe_claw_gui/topologies/dc_dc/phase_shifted_full_bridge_diode_rectifier_isolated/__init__.py,from,pe_claw_gui.topologies.dc_dc.phase_shifted_full_bridge_diode_rectifier_isolated.input_schema,src/pe_claw_gui/topologies/dc_dc/phase_shifted_full_bridge_diode_rectifier_isolated/input_schema.py,included_internal
src/pe_claw_gui/topologies/dc_dc/phase_shifted_full_bridge_diode_rectifier_isolated/__init__.py,from,pe_claw_gui.topologies.dc_dc.phase_shifted_full_bridge_diode_rectifier_isolated.input_schema,src/pe_claw_gui/topologies/dc_dc/phase_shifted_full_bridge_diode_rectifier_isolated/input_schema.py,included_internal
src/pe_claw_gui/topologies/dc_dc/phase_shifted_full_bridge_diode_rectifier_isolated/__init__.py,from,pe_claw_gui.topologies.dc_dc.phase_shifted_full_bridge_diode_rectifier_isolated.input_schema,src/pe_claw_gui/topologies/dc_dc/phase_shifted_full_bridge_diode_rectifier_isolated/input_schema.py,included_internal
src/pe_claw_gui/topologies/dc_dc/phase_shifted_full_bridge_diode_rectifier_isolated/__init__.py,from,pe_claw_gui.topologies.dc_dc.phase_shifted_full_bridge_diode_rectifier_isolated.input_schema,src/pe_claw_gui/topologies/dc_dc/phase_shifted_full_bridge_diode_rectifier_isolated/input_schema.py,included_internal
src/pe_claw_gui/topologies/dc_dc/phase_shifted_full_bridge_diode_rectifier_isolated/__init__.py,from,pe_claw_gui.topologies.dc_dc.phase_shifted_full_bridge_diode_rectifier_isolated.input_schema,src/pe_claw_gui/topologies/dc_dc/phase_shifted_full_bridge_diode_rectifier_isolated/input_schema.py,included_internal
src/pe_claw_gui/topologies/dc_dc/phase_shifted_full_bridge_diode_rectifier_isolated/__init__.py,from,pe_claw_gui.topologies.dc_dc.phase_shifted_full_bridge_diode_rectifier_isolated.stress,src/pe_claw_gui/topologies/dc_dc/phase_shifted_full_bridge_diode_rectifier_isolated/stress.py,included_internal
src/pe_claw_gui/topologies/dc_dc/phase_shifted_full_bridge_diode_rectifier_isolated/__init__.py,from,pe_claw_gui.topologies.dc_dc.phase_shifted_full_bridge_diode_rectifier_isolated.synthesizer,src/pe_claw_gui/topologies/dc_dc/phase_shifted_full_bridge_diode_rectifier_isolated/synthesizer.py,included_internal
src/pe_claw_gui/topologies/dc_dc/phase_shifted_full_bridge_diode_rectifier_isolated/__init__.py,from,pe_claw_gui.topologies.dc_dc.phase_shifted_full_bridge_diode_rectifier_isolated.waveform,src/pe_claw_gui/topologies/dc_dc/phase_shifted_full_bridge_diode_rectifier_isolated/waveform.py,included_internal
src/pe_claw_gui/topologies/dc_dc/phase_shifted_full_bridge_diode_rectifier_isolated/evaluator.py,from,__future__,,external_or_stdlib
src/pe_claw_gui/topologies/dc_dc/phase_shifted_full_bridge_diode_rectifier_isolated/evaluator.py,from,pe_claw_gui.models.design_report,src/pe_claw_gui/models/design_report.py,included_internal
src/pe_claw_gui/topologies/dc_dc/phase_shifted_full_bridge_diode_rectifier_isolated/evaluator.py,from,pe_claw_gui.models.device_result,src/pe_claw_gui/models/device_result.py,included_internal
src/pe_claw_gui/topologies/dc_dc/phase_shifted_full_bridge_diode_rectifier_isolated/evaluator.py,from,pe_claw_gui.models.geometry_result,src/pe_claw_gui/models/geometry_result.py,included_internal
src/pe_claw_gui/topologies/dc_dc/phase_shifted_full_bridge_diode_rectifier_isolated/evaluator.py,from,pe_claw_gui.models.loss_result,src/pe_claw_gui/models/loss_result.py,included_internal
src/pe_claw_gui/topologies/dc_dc/phase_shifted_full_bridge_diode_rectifier_isolated/evaluator.py,from,pe_claw_gui.models.magnetic_result,src/pe_claw_gui/models/magnetic_result.py,included_internal
src/pe_claw_gui/topologies/dc_dc/phase_shifted_full_bridge_diode_rectifier_isolated/evaluator.py,from,pe_claw_gui.models.operating_point,src/pe_claw_gui/models/operating_point.py,included_internal
src/pe_claw_gui/topologies/dc_dc/phase_shifted_full_bridge_diode_rectifier_isolated/evaluator.py,from,pe_claw_gui.models.stress_result,src/pe_claw_gui/models/stress_result.py,included_internal
src/pe_claw_gui/topologies/dc_dc/phase_shifted_full_bridge_diode_rectifier_isolated/evaluator.py,from,pe_claw_gui.models.thermal_result,src/pe_claw_gui/models/thermal_result.py,included_internal
src/pe_claw_gui/topologies/dc_dc/phase_shifted_full_bridge_diode_rectifier_isolated/evaluator.py,from,pe_claw_gui.models.waveform,src/pe_claw_gui/models/waveform.py,included_internal
src/pe_claw_gui/topologies/dc_dc/phase_shifted_full_bridge_diode_rectifier_isolated/evaluator.py,from,pe_claw_gui.topologies.base.candidate,src/pe_claw_gui/topologies/base/candidate.py,included_internal
src/pe_claw_gui/topologies/dc_dc/phase_shifted_full_bridge_diode_rectifier_isolated/evaluator.py,from,pe_claw_gui.topologies.base.result,src/pe_claw_gui/topologies/base/result.py,included_internal
src/pe_claw_gui/topologies/dc_dc/phase_shifted_full_bridge_diode_rectifier_isolated/evaluator.py,from,pe_claw_gui.topologies.base.spec,src/pe_claw_gui/topologies/base/spec.py,included_internal
src/pe_claw_gui/topologies/dc_dc/phase_shifted_full_bridge_diode_rectifier_isolated/input_schema.py,from,__future__,,external_or_stdlib
src/pe_claw_gui/topologies/dc_dc/phase_shifted_full_bridge_diode_rectifier_isolated/input_schema.py,from,collections.abc,,external_or_stdlib
src/pe_claw_gui/topologies/dc_dc/phase_shifted_full_bridge_diode_rectifier_isolated/input_schema.py,from,pe_claw_gui.libraries.semiconductors.metadata,src/pe_claw_gui/libraries/semiconductors/metadata.py,included_internal
src/pe_claw_gui/topologies/dc_dc/phase_shifted_full_bridge_diode_rectifier_isolated/input_schema.py,from,pe_claw_gui.libraries.semiconductors.metadata,src/pe_claw_gui/libraries/semiconductors/metadata.py,included_internal
src/pe_claw_gui/topologies/dc_dc/phase_shifted_full_bridge_diode_rectifier_isolated/input_schema.py,from,pe_claw_gui.libraries.semiconductors.metadata,src/pe_claw_gui/libraries/semiconductors/metadata.py,included_internal
src/pe_claw_gui/topologies/dc_dc/phase_shifted_full_bridge_diode_rectifier_isolated/input_schema.py,from,pe_claw_gui.libraries.semiconductors.metadata,src/pe_claw_gui/libraries/semiconductors/metadata.py,included_internal
src/pe_claw_gui/topologies/dc_dc/phase_shifted_full_bridge_diode_rectifier_isolated/input_schema.py,from,pe_claw_gui.libraries.semiconductors.metadata,src/pe_claw_gui/libraries/semiconductors/metadata.py,included_internal
src/pe_claw_gui/topologies/dc_dc/phase_shifted_full_bridge_diode_rectifier_isolated/input_schema.py,from,pe_claw_gui.libraries.semiconductors.metadata,src/pe_claw_gui/libraries/semiconductors/metadata.py,included_internal
src/pe_claw_gui/topologies/dc_dc/phase_shifted_full_bridge_diode_rectifier_isolated/input_schema.py,from,pe_claw_gui.topologies.base.spec,src/pe_claw_gui/topologies/base/spec.py,included_internal
src/pe_claw_gui/topologies/dc_dc/phase_shifted_full_bridge_diode_rectifier_isolated/magnetic_design.py,from,__future__,,external_or_stdlib
src/pe_claw_gui/topologies/dc_dc/phase_shifted_full_bridge_diode_rectifier_isolated/magnetic_design.py,import,math,,external_or_stdlib
src/pe_claw_gui/topologies/dc_dc/phase_shifted_full_bridge_diode_rectifier_isolated/magnetic_design.py,from,dataclasses,,external_or_stdlib
src/pe_claw_gui/topologies/dc_dc/phase_shifted_full_bridge_diode_rectifier_isolated/magnetic_design.py,from,dataclasses,,external_or_stdlib
src/pe_claw_gui/topologies/dc_dc/phase_shifted_full_bridge_diode_rectifier_isolated/magnetic_design.py,from,pe_claw_gui.models.inductor,src/pe_claw_gui/models/inductor.py,included_internal
src/pe_claw_gui/topologies/dc_dc/phase_shifted_full_bridge_diode_rectifier_isolated/magnetic_design.py,from,pe_claw_gui.engines.magnetics.core_loss_role_adapter,src/pe_claw_gui/engines/magnetics/core_loss_role_adapter.py,included_internal
src/pe_claw_gui/topologies/dc_dc/phase_shifted_full_bridge_diode_rectifier_isolated/magnetic_design.py,from,pe_claw_gui.topologies.base.candidate,src/pe_claw_gui/topologies/base/candidate.py,included_internal
src/pe_claw_gui/topologies/dc_dc/phase_shifted_full_bridge_diode_rectifier_isolated/primary_current_model.py,from,__future__,,external_or_stdlib
src/pe_claw_gui/topologies/dc_dc/phase_shifted_full_bridge_diode_rectifier_isolated/primary_current_model.py,import,math,,external_or_stdlib
src/pe_claw_gui/topologies/dc_dc/phase_shifted_full_bridge_diode_rectifier_isolated/primary_current_model.py,from,dataclasses,,external_or_stdlib
src/pe_claw_gui/topologies/dc_dc/phase_shifted_full_bridge_diode_rectifier_isolated/stress.py,from,__future__,,external_or_stdlib
src/pe_claw_gui/topologies/dc_dc/phase_shifted_full_bridge_diode_rectifier_isolated/stress.py,from,pe_claw_gui.models.stress_result,src/pe_claw_gui/models/stress_result.py,included_internal
src/pe_claw_gui/topologies/dc_dc/phase_shifted_full_bridge_diode_rectifier_isolated/stress.py,from,pe_claw_gui.models.stress_result,src/pe_claw_gui/models/stress_result.py,included_internal
src/pe_claw_gui/topologies/dc_dc/phase_shifted_full_bridge_diode_rectifier_isolated/stress.py,from,pe_claw_gui.models.waveform,src/pe_claw_gui/models/waveform.py,included_internal
src/pe_claw_gui/topologies/dc_dc/phase_shifted_full_bridge_diode_rectifier_isolated/stress.py,from,pe_claw_gui.topologies.base.candidate,src/pe_claw_gui/topologies/base/candidate.py,included_internal
src/pe_claw_gui/topologies/dc_dc/phase_shifted_full_bridge_diode_rectifier_isolated/synthesizer.py,from,__future__,,external_or_stdlib
src/pe_claw_gui/topologies/dc_dc/phase_shifted_full_bridge_diode_rectifier_isolated/synthesizer.py,import,math,,external_or_stdlib
src/pe_claw_gui/topologies/dc_dc/phase_shifted_full_bridge_diode_rectifier_isolated/synthesizer.py,from,pe_claw_gui.topologies.base.candidate,src/pe_claw_gui/topologies/base/candidate.py,included_internal
src/pe_claw_gui/topologies/dc_dc/phase_shifted_full_bridge_diode_rectifier_isolated/synthesizer.py,from,pe_claw_gui.topologies.base.spec,src/pe_claw_gui/topologies/base/spec.py,included_internal
src/pe_claw_gui/topologies/dc_dc/phase_shifted_full_bridge_diode_rectifier_isolated/synthesizer.py,from,pe_claw_gui.topologies.dc_dc.phase_shifted_full_bridge_diode_rectifier_isolated.primary_current_model,src/pe_claw_gui/topologies/dc_dc/phase_shifted_full_bridge_diode_rectifier_isolated/primary_current_model.py,included_internal
src/pe_claw_gui/topologies/dc_dc/phase_shifted_full_bridge_diode_rectifier_isolated/waveform.py,from,__future__,,external_or_stdlib
src/pe_claw_gui/topologies/dc_dc/phase_shifted_full_bridge_diode_rectifier_isolated/waveform.py,from,pe_claw_gui.models.operating_point,src/pe_claw_gui/models/operating_point.py,included_internal
src/pe_claw_gui/topologies/dc_dc/phase_shifted_full_bridge_diode_rectifier_isolated/waveform.py,from,pe_claw_gui.models.waveform,src/pe_claw_gui/models/waveform.py,included_internal
src/pe_claw_gui/topologies/dc_dc/phase_shifted_full_bridge_diode_rectifier_isolated/waveform.py,from,pe_claw_gui.topologies.base.candidate,src/pe_claw_gui/topologies/base/candidate.py,included_internal
src/pe_claw_gui/topologies/dc_dc/phase_shifted_full_bridge_diode_rectifier_isolated/waveform.py,from,pe_claw_gui.topologies.dc_dc.phase_shifted_full_bridge_diode_rectifier_isolated.primary_current_model,src/pe_claw_gui/topologies/dc_dc/phase_shifted_full_bridge_diode_rectifier_isolated/primary_current_model.py,included_internal
src/pe_claw_gui/topologies/dc_dc/phase_shifted_full_bridge_diode_rectifier_isolated/waveform.py,from,pe_claw_gui.topologies.dc_dc.phase_shifted_full_bridge_diode_rectifier_isolated.primary_current_model,src/pe_claw_gui/topologies/dc_dc/phase_shifted_full_bridge_diode_rectifier_isolated/primary_current_model.py,included_internal
src/pe_claw_gui/topologies/dc_dc/three_level_tzcm_fixed_frequency/__init__.py,from,__future__,,external_or_stdlib
src/pe_claw_gui/topologies/dc_dc/three_level_tzcm_fixed_frequency/__init__.py,from,collections.abc,,external_or_stdlib
src/pe_claw_gui/topologies/dc_dc/three_level_tzcm_fixed_frequency/__init__.py,from,dataclasses,,external_or_stdlib
src/pe_claw_gui/topologies/dc_dc/three_level_tzcm_fixed_frequency/__init__.py,from,pe_claw_gui.models.design_report,src/pe_claw_gui/models/design_report.py,included_internal
src/pe_claw_gui/topologies/dc_dc/three_level_tzcm_fixed_frequency/__init__.py,from,pe_claw_gui.models.operating_point,src/pe_claw_gui/models/operating_point.py,included_internal
src/pe_claw_gui/topologies/dc_dc/three_level_tzcm_fixed_frequency/__init__.py,from,pe_claw_gui.models.stress_result,src/pe_claw_gui/models/stress_result.py,included_internal
src/pe_claw_gui/topologies/dc_dc/three_level_tzcm_fixed_frequency/__init__.py,from,pe_claw_gui.models.waveform,src/pe_claw_gui/models/waveform.py,included_internal
src/pe_claw_gui/topologies/dc_dc/three_level_tzcm_fixed_frequency/__init__.py,from,pe_claw_gui.topologies.base.candidate,src/pe_claw_gui/topologies/base/candidate.py,included_internal
src/pe_claw_gui/topologies/dc_dc/three_level_tzcm_fixed_frequency/__init__.py,from,pe_claw_gui.topologies.base.interface,src/pe_claw_gui/topologies/base/interface.py,included_internal
src/pe_claw_gui/topologies/dc_dc/three_level_tzcm_fixed_frequency/__init__.py,from,pe_claw_gui.topologies.base.result,src/pe_claw_gui/topologies/base/result.py,included_internal
src/pe_claw_gui/topologies/dc_dc/three_level_tzcm_fixed_frequency/__init__.py,from,pe_claw_gui.topologies.base.spec,src/pe_claw_gui/topologies/base/spec.py,included_internal
src/pe_claw_gui/topologies/dc_dc/three_level_tzcm_fixed_frequency/__init__.py,from,pe_claw_gui.topologies.dc_dc.three_level_tzcm_fixed_frequency.evaluator,src/pe_claw_gui/topologies/dc_dc/three_level_tzcm_fixed_frequency/evaluator.py,included_internal
src/pe_claw_gui/topologies/dc_dc/three_level_tzcm_fixed_frequency/__init__.py,from,pe_claw_gui.topologies.dc_dc.three_level_tzcm_fixed_frequency.evaluator,src/pe_claw_gui/topologies/dc_dc/three_level_tzcm_fixed_frequency/evaluator.py,included_internal
src/pe_claw_gui/topologies/dc_dc/three_level_tzcm_fixed_frequency/__init__.py,from,pe_claw_gui.topologies.dc_dc.three_level_tzcm_fixed_frequency.input_schema,src/pe_claw_gui/topologies/dc_dc/three_level_tzcm_fixed_frequency/input_schema.py,included_internal
src/pe_claw_gui/topologies/dc_dc/three_level_tzcm_fixed_frequency/__init__.py,from,pe_claw_gui.topologies.dc_dc.three_level_tzcm_fixed_frequency.input_schema,src/pe_claw_gui/topologies/dc_dc/three_level_tzcm_fixed_frequency/input_schema.py,included_internal
src/pe_claw_gui/topologies/dc_dc/three_level_tzcm_fixed_frequency/__init__.py,from,pe_claw_gui.topologies.dc_dc.three_level_tzcm_fixed_frequency.input_schema,src/pe_claw_gui/topologies/dc_dc/three_level_tzcm_fixed_frequency/input_schema.py,included_internal
src/pe_claw_gui/topologies/dc_dc/three_level_tzcm_fixed_frequency/__init__.py,from,pe_claw_gui.topologies.dc_dc.three_level_tzcm_fixed_frequency.input_schema,src/pe_claw_gui/topologies/dc_dc/three_level_tzcm_fixed_frequency/input_schema.py,included_internal
src/pe_claw_gui/topologies/dc_dc/three_level_tzcm_fixed_frequency/__init__.py,from,pe_claw_gui.topologies.dc_dc.three_level_tzcm_fixed_frequency.input_schema,src/pe_claw_gui/topologies/dc_dc/three_level_tzcm_fixed_frequency/input_schema.py,included_internal
src/pe_claw_gui/topologies/dc_dc/three_level_tzcm_fixed_frequency/__init__.py,from,pe_claw_gui.topologies.dc_dc.three_level_tzcm_fixed_frequency.stress,src/pe_claw_gui/topologies/dc_dc/three_level_tzcm_fixed_frequency/stress.py,included_internal
src/pe_claw_gui/topologies/dc_dc/three_level_tzcm_fixed_frequency/__init__.py,from,pe_claw_gui.topologies.dc_dc.three_level_tzcm_fixed_frequency.synthesizer,src/pe_claw_gui/topologies/dc_dc/three_level_tzcm_fixed_frequency/synthesizer.py,included_internal
src/pe_claw_gui/topologies/dc_dc/three_level_tzcm_fixed_frequency/__init__.py,from,pe_claw_gui.topologies.dc_dc.three_level_tzcm_fixed_frequency.waveform,src/pe_claw_gui/topologies/dc_dc/three_level_tzcm_fixed_frequency/waveform.py,included_internal
src/pe_claw_gui/topologies/dc_dc/three_level_tzcm_fixed_frequency/evaluator.py,from,__future__,,external_or_stdlib
src/pe_claw_gui/topologies/dc_dc/three_level_tzcm_fixed_frequency/evaluator.py,from,pe_claw_gui.models.design_report,src/pe_claw_gui/models/design_report.py,included_internal
src/pe_claw_gui/topologies/dc_dc/three_level_tzcm_fixed_frequency/evaluator.py,from,pe_claw_gui.models.device_result,src/pe_claw_gui/models/device_result.py,included_internal
src/pe_claw_gui/topologies/dc_dc/three_level_tzcm_fixed_frequency/evaluator.py,from,pe_claw_gui.models.geometry_result,src/pe_claw_gui/models/geometry_result.py,included_internal
src/pe_claw_gui/topologies/dc_dc/three_level_tzcm_fixed_frequency/evaluator.py,from,pe_claw_gui.models.loss_result,src/pe_claw_gui/models/loss_result.py,included_internal
src/pe_claw_gui/topologies/dc_dc/three_level_tzcm_fixed_frequency/evaluator.py,from,pe_claw_gui.models.magnetic_result,src/pe_claw_gui/models/magnetic_result.py,included_internal
src/pe_claw_gui/topologies/dc_dc/three_level_tzcm_fixed_frequency/evaluator.py,from,pe_claw_gui.models.operating_point,src/pe_claw_gui/models/operating_point.py,included_internal
src/pe_claw_gui/topologies/dc_dc/three_level_tzcm_fixed_frequency/evaluator.py,from,pe_claw_gui.models.stress_result,src/pe_claw_gui/models/stress_result.py,included_internal
src/pe_claw_gui/topologies/dc_dc/three_level_tzcm_fixed_frequency/evaluator.py,from,pe_claw_gui.models.thermal_result,src/pe_claw_gui/models/thermal_result.py,included_internal
src/pe_claw_gui/topologies/dc_dc/three_level_tzcm_fixed_frequency/evaluator.py,from,pe_claw_gui.models.waveform,src/pe_claw_gui/models/waveform.py,included_internal
src/pe_claw_gui/topologies/dc_dc/three_level_tzcm_fixed_frequency/evaluator.py,from,pe_claw_gui.topologies.base.candidate,src/pe_claw_gui/topologies/base/candidate.py,included_internal
src/pe_claw_gui/topologies/dc_dc/three_level_tzcm_fixed_frequency/evaluator.py,from,pe_claw_gui.topologies.base.result,src/pe_claw_gui/topologies/base/result.py,included_internal
src/pe_claw_gui/topologies/dc_dc/three_level_tzcm_fixed_frequency/evaluator.py,from,pe_claw_gui.topologies.base.spec,src/pe_claw_gui/topologies/base/spec.py,included_internal
src/pe_claw_gui/topologies/dc_dc/three_level_tzcm_fixed_frequency/evaluator.py,from,pe_claw_gui.topologies.dc_dc.three_level_tzcm_fixed_frequency.mode,src/pe_claw_gui/topologies/dc_dc/three_level_tzcm_fixed_frequency/mode.py,included_internal
src/pe_claw_gui/topologies/dc_dc/three_level_tzcm_fixed_frequency/input_schema.py,from,__future__,,external_or_stdlib
src/pe_claw_gui/topologies/dc_dc/three_level_tzcm_fixed_frequency/input_schema.py,from,collections.abc,,external_or_stdlib
src/pe_claw_gui/topologies/dc_dc/three_level_tzcm_fixed_frequency/input_schema.py,from,pe_claw_gui.libraries.semiconductors.metadata,src/pe_claw_gui/libraries/semiconductors/metadata.py,included_internal
src/pe_claw_gui/topologies/dc_dc/three_level_tzcm_fixed_frequency/input_schema.py,from,pe_claw_gui.libraries.semiconductors.metadata,src/pe_claw_gui/libraries/semiconductors/metadata.py,included_internal
src/pe_claw_gui/topologies/dc_dc/three_level_tzcm_fixed_frequency/input_schema.py,from,pe_claw_gui.topologies.base.spec,src/pe_claw_gui/topologies/base/spec.py,included_internal
src/pe_claw_gui/topologies/dc_dc/three_level_tzcm_fixed_frequency/input_schema.py,from,pe_claw_gui.utils.ambient_temperature,src/pe_claw_gui/utils/ambient_temperature.py,included_internal
src/pe_claw_gui/topologies/dc_dc/three_level_tzcm_fixed_frequency/input_schema.py,from,pe_claw_gui.utils.ambient_temperature,src/pe_claw_gui/utils/ambient_temperature.py,included_internal
src/pe_claw_gui/topologies/dc_dc/three_level_tzcm_fixed_frequency/mode.py,from,__future__,,external_or_stdlib
src/pe_claw_gui/topologies/dc_dc/three_level_tzcm_fixed_frequency/mode.py,import,math,,external_or_stdlib
src/pe_claw_gui/topologies/dc_dc/three_level_tzcm_fixed_frequency/mode.py,from,dataclasses,,external_or_stdlib
src/pe_claw_gui/topologies/dc_dc/three_level_tzcm_fixed_frequency/mode.py,from,pe_claw_gui.models.operating_point,src/pe_claw_gui/models/operating_point.py,included_internal
src/pe_claw_gui/topologies/dc_dc/three_level_tzcm_fixed_frequency/mode.py,from,pe_claw_gui.topologies.base.candidate,src/pe_claw_gui/topologies/base/candidate.py,included_internal
src/pe_claw_gui/topologies/dc_dc/three_level_tzcm_fixed_frequency/stress.py,from,__future__,,external_or_stdlib
src/pe_claw_gui/topologies/dc_dc/three_level_tzcm_fixed_frequency/stress.py,import,math,,external_or_stdlib
src/pe_claw_gui/topologies/dc_dc/three_level_tzcm_fixed_frequency/stress.py,from,pe_claw_gui.models.stress_result,src/pe_claw_gui/models/stress_result.py,included_internal
src/pe_claw_gui/topologies/dc_dc/three_level_tzcm_fixed_frequency/stress.py,from,pe_claw_gui.models.stress_result,src/pe_claw_gui/models/stress_result.py,included_internal
src/pe_claw_gui/topologies/dc_dc/three_level_tzcm_fixed_frequency/stress.py,from,pe_claw_gui.models.waveform,src/pe_claw_gui/models/waveform.py,included_internal
src/pe_claw_gui/topologies/dc_dc/three_level_tzcm_fixed_frequency/stress.py,from,pe_claw_gui.topologies.base.candidate,src/pe_claw_gui/topologies/base/candidate.py,included_internal
src/pe_claw_gui/topologies/dc_dc/three_level_tzcm_fixed_frequency/stress.py,from,pe_claw_gui.topologies.dc_dc.three_level_tzcm_fixed_frequency.waveform,src/pe_claw_gui/topologies/dc_dc/three_level_tzcm_fixed_frequency/waveform.py,included_internal
src/pe_claw_gui/topologies/dc_dc/three_level_tzcm_fixed_frequency/synthesizer.py,from,__future__,,external_or_stdlib
src/pe_claw_gui/topologies/dc_dc/three_level_tzcm_fixed_frequency/synthesizer.py,from,pe_claw_gui.topologies.base.candidate,src/pe_claw_gui/topologies/base/candidate.py,included_internal
src/pe_claw_gui/topologies/dc_dc/three_level_tzcm_fixed_frequency/synthesizer.py,from,pe_claw_gui.topologies.base.spec,src/pe_claw_gui/topologies/base/spec.py,included_internal
src/pe_claw_gui/topologies/dc_dc/three_level_tzcm_fixed_frequency/synthesizer.py,from,pe_claw_gui.topologies.dc_dc.three_level_tzcm_fixed_frequency.mode,src/pe_claw_gui/topologies/dc_dc/three_level_tzcm_fixed_frequency/mode.py,included_internal
src/pe_claw_gui/topologies/dc_dc/three_level_tzcm_fixed_frequency/synthesizer.py,from,pe_claw_gui.topologies.dc_dc.three_level_tzcm_fixed_frequency.mode,src/pe_claw_gui/topologies/dc_dc/three_level_tzcm_fixed_frequency/mode.py,included_internal
src/pe_claw_gui/topologies/dc_dc/three_level_tzcm_fixed_frequency/synthesizer.py,from,pe_claw_gui.topologies.dc_dc.three_level_tzcm_fixed_frequency.mode,src/pe_claw_gui/topologies/dc_dc/three_level_tzcm_fixed_frequency/mode.py,included_internal
src/pe_claw_gui/topologies/dc_dc/three_level_tzcm_fixed_frequency/synthesizer.py,from,pe_claw_gui.topologies.dc_dc.three_level_tzcm_fixed_frequency.mode,src/pe_claw_gui/topologies/dc_dc/three_level_tzcm_fixed_frequency/mode.py,included_internal
src/pe_claw_gui/topologies/dc_dc/three_level_tzcm_fixed_frequency/synthesizer.py,from,pe_claw_gui.topologies.dc_dc.three_level_tzcm_fixed_frequency.mode,src/pe_claw_gui/topologies/dc_dc/three_level_tzcm_fixed_frequency/mode.py,included_internal
src/pe_claw_gui/topologies/dc_dc/three_level_tzcm_fixed_frequency/synthesizer.py,from,pe_claw_gui.topologies.dc_dc.three_level_tzcm_fixed_frequency.mode,src/pe_claw_gui/topologies/dc_dc/three_level_tzcm_fixed_frequency/mode.py,included_internal
src/pe_claw_gui/topologies/dc_dc/three_level_tzcm_fixed_frequency/waveform.py,from,__future__,,external_or_stdlib
src/pe_claw_gui/topologies/dc_dc/three_level_tzcm_fixed_frequency/waveform.py,from,pe_claw_gui.models.operating_point,src/pe_claw_gui/models/operating_point.py,included_internal
src/pe_claw_gui/topologies/dc_dc/three_level_tzcm_fixed_frequency/waveform.py,from,pe_claw_gui.models.waveform,src/pe_claw_gui/models/waveform.py,included_internal
src/pe_claw_gui/topologies/dc_dc/three_level_tzcm_fixed_frequency/waveform.py,from,pe_claw_gui.topologies.base.candidate,src/pe_claw_gui/topologies/base/candidate.py,included_internal
src/pe_claw_gui/topologies/dc_dc/three_level_tzcm_fixed_frequency/waveform.py,from,pe_claw_gui.topologies.dc_dc.three_level_tzcm_fixed_frequency.mode,src/pe_claw_gui/topologies/dc_dc/three_level_tzcm_fixed_frequency/mode.py,included_internal
src/pe_claw_gui/topologies/dc_dc/three_level_tzcm_fixed_frequency/waveform.py,from,pe_claw_gui.topologies.dc_dc.three_level_tzcm_fixed_frequency.mode,src/pe_claw_gui/topologies/dc_dc/three_level_tzcm_fixed_frequency/mode.py,included_internal
src/pe_claw_gui/topologies/registered_placeholders.py,from,__future__,,external_or_stdlib
src/pe_claw_gui/topologies/registered_placeholders.py,from,collections.abc,,external_or_stdlib
src/pe_claw_gui/topologies/registered_placeholders.py,from,dataclasses,,external_or_stdlib
src/pe_claw_gui/topologies/registered_placeholders.py,from,pe_claw_gui.models.design_report,src/pe_claw_gui/models/design_report.py,included_internal
src/pe_claw_gui/topologies/registered_placeholders.py,from,pe_claw_gui.models.device_result,src/pe_claw_gui/models/device_result.py,included_internal
src/pe_claw_gui/topologies/registered_placeholders.py,from,pe_claw_gui.models.loss_result,src/pe_claw_gui/models/loss_result.py,included_internal
src/pe_claw_gui/topologies/registered_placeholders.py,from,pe_claw_gui.models.operating_point,src/pe_claw_gui/models/operating_point.py,included_internal
src/pe_claw_gui/topologies/registered_placeholders.py,from,pe_claw_gui.models.stress_result,src/pe_claw_gui/models/stress_result.py,included_internal
src/pe_claw_gui/topologies/registered_placeholders.py,from,pe_claw_gui.models.waveform,src/pe_claw_gui/models/waveform.py,included_internal
src/pe_claw_gui/topologies/registered_placeholders.py,from,pe_claw_gui.topologies.base.candidate,src/pe_claw_gui/topologies/base/candidate.py,included_internal
src/pe_claw_gui/topologies/registered_placeholders.py,from,pe_claw_gui.topologies.base.interface,src/pe_claw_gui/topologies/base/interface.py,included_internal
src/pe_claw_gui/topologies/registered_placeholders.py,from,pe_claw_gui.topologies.base.result,src/pe_claw_gui/topologies/base/result.py,included_internal
src/pe_claw_gui/topologies/registered_placeholders.py,from,pe_claw_gui.topologies.base.spec,src/pe_claw_gui/topologies/base/spec.py,included_internal
src/pe_claw_gui/topology_capabilities.py,from,__future__,,external_or_stdlib
src/pe_claw_gui/ui.py,from,pe_claw_gui.app.main,src/pe_claw_gui/app/main.py,included_internal
src/pe_claw_gui/ui.py,from,pe_claw_gui.app.shell.main_window,src/pe_claw_gui/app/shell/main_window.py,included_internal
src/pe_claw_gui/utils/ambient_temperature.py,from,__future__,,external_or_stdlib
src/pe_claw_gui/utils/ambient_temperature.py,from,collections.abc,,external_or_stdlib
src/pe_claw_gui/utils/ambient_temperature.py,from,typing,,external_or_stdlib
src/pe_claw_gui/utils/core_family_semantics.py,from,__future__,,external_or_stdlib
src/pe_claw_gui/utils/core_family_semantics.py,from,dataclasses,,external_or_stdlib
src/pe_claw_gui/utils/core_family_semantics.py,from,dataclasses,,external_or_stdlib
src/pe_claw_gui/visualization/capacitors/__init__.py,from,pe_claw_gui.visualization.capacitors.layout,src/pe_claw_gui/visualization/capacitors/layout.py,included_internal
src/pe_claw_gui/visualization/capacitors/__init__.py,from,pe_claw_gui.visualization.capacitors.renderer,src/pe_claw_gui/visualization/capacitors/renderer.py,included_internal
src/pe_claw_gui/visualization/capacitors/__init__.py,from,pe_claw_gui.visualization.capacitors.renderer,src/pe_claw_gui/visualization/capacitors/renderer.py,included_internal
src/pe_claw_gui/visualization/capacitors/__init__.py,from,pe_claw_gui.visualization.capacitors.renderer,src/pe_claw_gui/visualization/capacitors/renderer.py,included_internal
src/pe_claw_gui/visualization/capacitors/__init__.py,from,pe_claw_gui.visualization.capacitors.renderer,src/pe_claw_gui/visualization/capacitors/renderer.py,included_internal
src/pe_claw_gui/visualization/capacitors/__init__.py,from,pe_claw_gui.visualization.capacitors.renderer,src/pe_claw_gui/visualization/capacitors/renderer.py,included_internal
src/pe_claw_gui/visualization/capacitors/__init__.py,from,pe_claw_gui.visualization.capacitors.renderer,src/pe_claw_gui/visualization/capacitors/renderer.py,included_internal
src/pe_claw_gui/visualization/capacitors/layout.py,from,__future__,,external_or_stdlib
src/pe_claw_gui/visualization/capacitors/layout.py,import,math,,external_or_stdlib
src/pe_claw_gui/visualization/capacitors/layout.py,from,pe_claw_gui.models.capacitor,src/pe_claw_gui/models/capacitor.py,included_internal
src/pe_claw_gui/visualization/capacitors/layout.py,from,pe_claw_gui.models.capacitor,src/pe_claw_gui/models/capacitor.py,included_internal
src/pe_claw_gui/visualization/capacitors/renderer.py,from,__future__,,external_or_stdlib
src/pe_claw_gui/visualization/capacitors/renderer.py,import,math,,external_or_stdlib
src/pe_claw_gui/visualization/capacitors/renderer.py,from,pathlib,,external_or_stdlib
src/pe_claw_gui/visualization/capacitors/renderer.py,import,numpy,,external_or_stdlib
src/pe_claw_gui/visualization/capacitors/renderer.py,from,matplotlib.figure,,external_or_stdlib
src/pe_claw_gui/visualization/capacitors/renderer.py,from,matplotlib.patches,,external_or_stdlib
src/pe_claw_gui/visualization/capacitors/renderer.py,from,matplotlib.patches,,external_or_stdlib
src/pe_claw_gui/visualization/capacitors/renderer.py,from,pe_claw_gui.models.capacitor,src/pe_claw_gui/models/capacitor.py,included_internal
src/pe_claw_gui/visualization/geometry/__init__.py,from,pe_claw_gui.visualization.geometry.geometry_3d,src/pe_claw_gui/visualization/geometry/geometry_3d.py,included_internal
src/pe_claw_gui/visualization/geometry/__init__.py,from,pe_claw_gui.visualization.geometry.geometry_3d,src/pe_claw_gui/visualization/geometry/geometry_3d.py,included_internal
src/pe_claw_gui/visualization/geometry/__init__.py,from,pe_claw_gui.visualization.geometry.geometry_3d,src/pe_claw_gui/visualization/geometry/geometry_3d.py,included_internal
src/pe_claw_gui/visualization/geometry/__init__.py,from,pe_claw_gui.visualization.geometry.geometry_renderer,src/pe_claw_gui/visualization/geometry/geometry_renderer.py,included_internal
src/pe_claw_gui/visualization/geometry/__init__.py,from,pe_claw_gui.visualization.geometry.geometry_renderer,src/pe_claw_gui/visualization/geometry/geometry_renderer.py,included_internal
src/pe_claw_gui/visualization/geometry/__init__.py,from,pe_claw_gui.visualization.geometry.geometry_renderer,src/pe_claw_gui/visualization/geometry/geometry_renderer.py,included_internal
src/pe_claw_gui/visualization/geometry/__init__.py,from,pe_claw_gui.visualization.geometry.geometry_renderer,src/pe_claw_gui/visualization/geometry/geometry_renderer.py,included_internal
src/pe_claw_gui/visualization/geometry/__init__.py,from,pe_claw_gui.visualization.geometry.layout_builder,src/pe_claw_gui/visualization/geometry/layout_builder.py,included_internal
src/pe_claw_gui/visualization/geometry/core_templates.py,from,__future__,,external_or_stdlib
src/pe_claw_gui/visualization/geometry/core_templates.py,import,math,,external_or_stdlib
src/pe_claw_gui/visualization/geometry/core_templates.py,from,dataclasses,,external_or_stdlib
src/pe_claw_gui/visualization/geometry/core_templates.py,from,dataclasses,,external_or_stdlib
src/pe_claw_gui/visualization/geometry/core_templates.py,from,pe_claw_gui.utils.core_family_semantics,src/pe_claw_gui/utils/core_family_semantics.py,included_internal
src/pe_claw_gui/visualization/geometry/geometry_3d.py,from,__future__,,external_or_stdlib
src/pe_claw_gui/visualization/geometry/geometry_3d.py,import,math,,external_or_stdlib
src/pe_claw_gui/visualization/geometry/geometry_3d.py,from,pathlib,,external_or_stdlib
src/pe_claw_gui/visualization/geometry/geometry_3d.py,import,numpy,,external_or_stdlib
src/pe_claw_gui/visualization/geometry/geometry_3d.py,from,matplotlib.figure,,external_or_stdlib
src/pe_claw_gui/visualization/geometry/geometry_3d.py,from,pe_claw_gui.models.geometry_result,src/pe_claw_gui/models/geometry_result.py,included_internal
src/pe_claw_gui/visualization/geometry/geometry_3d.py,from,pe_claw_gui.visualization.geometry.primitives_3d,src/pe_claw_gui/visualization/geometry/primitives_3d.py,included_internal
src/pe_claw_gui/visualization/geometry/geometry_3d.py,from,pe_claw_gui.visualization.geometry.primitives_3d,src/pe_claw_gui/visualization/geometry/primitives_3d.py,included_internal
src/pe_claw_gui/visualization/geometry/geometry_3d.py,from,pe_claw_gui.visualization.geometry.primitives_3d,src/pe_claw_gui/visualization/geometry/primitives_3d.py,included_internal
src/pe_claw_gui/visualization/geometry/geometry_3d.py,from,pe_claw_gui.visualization.geometry.primitives_3d,src/pe_claw_gui/visualization/geometry/primitives_3d.py,included_internal
src/pe_claw_gui/visualization/geometry/geometry_renderer.py,from,__future__,,external_or_stdlib
src/pe_claw_gui/visualization/geometry/geometry_renderer.py,from,dataclasses,,external_or_stdlib
src/pe_claw_gui/visualization/geometry/geometry_renderer.py,import,math,,external_or_stdlib
src/pe_claw_gui/visualization/geometry/geometry_renderer.py,from,pathlib,,external_or_stdlib
src/pe_claw_gui/visualization/geometry/geometry_renderer.py,from,matplotlib.figure,,external_or_stdlib
src/pe_claw_gui/visualization/geometry/geometry_renderer.py,from,matplotlib.patches,,external_or_stdlib
src/pe_claw_gui/visualization/geometry/geometry_renderer.py,from,matplotlib.patches,,external_or_stdlib
src/pe_claw_gui/visualization/geometry/geometry_renderer.py,from,matplotlib.patches,,external_or_stdlib
src/pe_claw_gui/visualization/geometry/geometry_renderer.py,from,pe_claw_gui.models.geometry_result,src/pe_claw_gui/models/geometry_result.py,included_internal
src/pe_claw_gui/visualization/geometry/layout_builder.py,from,__future__,,external_or_stdlib
src/pe_claw_gui/visualization/geometry/layout_builder.py,import,math,,external_or_stdlib
src/pe_claw_gui/visualization/geometry/layout_builder.py,import,re,,external_or_stdlib
src/pe_claw_gui/visualization/geometry/layout_builder.py,from,pe_claw_gui.models.geometry_result,src/pe_claw_gui/models/geometry_result.py,included_internal
src/pe_claw_gui/visualization/geometry/layout_builder.py,from,pe_claw_gui.models.inductor,src/pe_claw_gui/models/inductor.py,included_internal
src/pe_claw_gui/visualization/geometry/layout_builder.py,from,pe_claw_gui.utils.core_family_semantics,src/pe_claw_gui/utils/core_family_semantics.py,included_internal
src/pe_claw_gui/visualization/geometry/layout_builder.py,from,pe_claw_gui.utils.core_family_semantics,src/pe_claw_gui/utils/core_family_semantics.py,included_internal
src/pe_claw_gui/visualization/geometry/layout_builder.py,from,pe_claw_gui.visualization.geometry.core_templates,src/pe_claw_gui/visualization/geometry/core_templates.py,included_internal
src/pe_claw_gui/visualization/geometry/layout_builder.py,from,pe_claw_gui.visualization.geometry.winding_layout,src/pe_claw_gui/visualization/geometry/winding_layout.py,included_internal
src/pe_claw_gui/visualization/geometry/layout_builder.py,from,pe_claw_gui.visualization.geometry.winding_size_estimator,src/pe_claw_gui/visualization/geometry/winding_size_estimator.py,included_internal
src/pe_claw_gui/visualization/geometry/layout_builder.py,from,pe_claw_gui.visualization.geometry.winding_size_estimator,src/pe_claw_gui/visualization/geometry/winding_size_estimator.py,included_internal
src/pe_claw_gui/visualization/geometry/primitives_3d.py,from,__future__,,external_or_stdlib
src/pe_claw_gui/visualization/geometry/primitives_3d.py,from,mpl_toolkits.mplot3d.art3d,,external_or_stdlib
src/pe_claw_gui/visualization/geometry/winding_layout.py,from,__future__,,external_or_stdlib
src/pe_claw_gui/visualization/geometry/winding_layout.py,import,math,,external_or_stdlib
src/pe_claw_gui/visualization/geometry/winding_layout.py,from,dataclasses,,external_or_stdlib
src/pe_claw_gui/visualization/geometry/winding_layout.py,from,dataclasses,,external_or_stdlib
src/pe_claw_gui/visualization/geometry/winding_size_estimator.py,from,__future__,,external_or_stdlib
src/pe_claw_gui/visualization/geometry/winding_size_estimator.py,import,math,,external_or_stdlib
src/pe_claw_gui/visualization/geometry/winding_size_estimator.py,import,re,,external_or_stdlib
src/pe_claw_gui/visualization/geometry/winding_size_estimator.py,from,dataclasses,,external_or_stdlib
src/pe_claw_gui/visualization/geometry/winding_size_estimator.py,from,dataclasses,,external_or_stdlib
src/pe_claw_gui/visualization/hardware_overview/__init__.py,from,pe_claw_gui.visualization.hardware_overview.renderer,src/pe_claw_gui/visualization/hardware_overview/renderer.py,included_internal
src/pe_claw_gui/visualization/hardware_overview/pie.py,from,__future__,,external_or_stdlib
src/pe_claw_gui/visualization/hardware_overview/pie.py,from,pathlib,,external_or_stdlib
src/pe_claw_gui/visualization/hardware_overview/pie.py,from,matplotlib.figure,,external_or_stdlib
src/pe_claw_gui/visualization/hardware_overview/pie.py,from,pe_claw_gui.engines.hardware_overview,src/pe_claw_gui/engines/hardware_overview.py,included_internal
src/pe_claw_gui/visualization/hardware_overview/renderer.py,from,__future__,,external_or_stdlib
src/pe_claw_gui/visualization/hardware_overview/renderer.py,import,csv,,external_or_stdlib
src/pe_claw_gui/visualization/hardware_overview/renderer.py,import,json,,external_or_stdlib
src/pe_claw_gui/visualization/hardware_overview/renderer.py,from,dataclasses,,external_or_stdlib
src/pe_claw_gui/visualization/hardware_overview/renderer.py,from,pathlib,,external_or_stdlib
src/pe_claw_gui/visualization/hardware_overview/renderer.py,import,numpy,,external_or_stdlib
src/pe_claw_gui/visualization/hardware_overview/renderer.py,from,matplotlib.figure,,external_or_stdlib
src/pe_claw_gui/visualization/hardware_overview/renderer.py,from,matplotlib.patches,,external_or_stdlib
src/pe_claw_gui/visualization/hardware_overview/renderer.py,from,matplotlib.patches,,external_or_stdlib
src/pe_claw_gui/visualization/hardware_overview/renderer.py,from,pe_claw_gui.engines.hardware_overview,src/pe_claw_gui/engines/hardware_overview.py,included_internal
src/pe_claw_gui/visualization/hardware_overview/renderer.py,from,pe_claw_gui.engines.hardware_overview,src/pe_claw_gui/engines/hardware_overview.py,included_internal
src/pe_claw_gui/visualization/hardware_overview/renderer.py,from,pe_claw_gui.engines.hardware_overview,src/pe_claw_gui/engines/hardware_overview.py,included_internal
src/pe_claw_gui/visualization/hardware_overview/renderer.py,from,pe_claw_gui.engines.hardware_overview,src/pe_claw_gui/engines/hardware_overview.py,included_internal
src/pe_claw_gui/visualization/hardware_overview/renderer.py,from,pe_claw_gui.engines.hardware_overview,src/pe_claw_gui/engines/hardware_overview.py,included_internal
src/pe_claw_gui/visualization/hardware_overview/renderer.py,from,pe_claw_gui.engines.hardware_overview,src/pe_claw_gui/engines/hardware_overview.py,included_internal
src/pe_claw_gui/visualization/hardware_overview/renderer.py,from,pe_claw_gui.engines.hardware_overview,src/pe_claw_gui/engines/hardware_overview.py,included_internal
src/pe_claw_gui/visualization/hardware_overview/renderer.py,from,pe_claw_gui.engines.hardware_overview,src/pe_claw_gui/engines/hardware_overview.py,included_internal
src/pe_claw_gui/visualization/hardware_overview/renderer.py,from,pe_claw_gui.engines.hardware_overview,src/pe_claw_gui/engines/hardware_overview.py,included_internal
src/pe_claw_gui/visualization/hardware_overview/renderer.py,from,pe_claw_gui.visualization.hardware_overview.pie,src/pe_claw_gui/visualization/hardware_overview/pie.py,included_internal
src/pe_claw_gui/visualization/magnetics/__init__.py,from,pe_claw_gui.visualization.magnetics.transformer_geometry_renderer,src/pe_claw_gui/visualization/magnetics/transformer_geometry_renderer.py,included_internal
src/pe_claw_gui/visualization/magnetics/__init__.py,from,pe_claw_gui.visualization.magnetics.transformer_geometry_renderer,src/pe_claw_gui/visualization/magnetics/transformer_geometry_renderer.py,included_internal
src/pe_claw_gui/visualization/magnetics/transformer_geometry_renderer.py,from,__future__,,external_or_stdlib
src/pe_claw_gui/visualization/magnetics/transformer_geometry_renderer.py,import,re,,external_or_stdlib
src/pe_claw_gui/visualization/magnetics/transformer_geometry_renderer.py,import,shutil,,external_or_stdlib
src/pe_claw_gui/visualization/magnetics/transformer_geometry_renderer.py,from,pathlib,,external_or_stdlib
src/pe_claw_gui/visualization/magnetics/transformer_geometry_renderer.py,from,types,,external_or_stdlib
src/pe_claw_gui/visualization/magnetics/transformer_geometry_renderer.py,from,matplotlib.backends.backend_agg,,external_or_stdlib
src/pe_claw_gui/visualization/magnetics/transformer_geometry_renderer.py,from,matplotlib.figure,,external_or_stdlib
src/pe_claw_gui/visualization/magnetics/transformer_geometry_renderer.py,from,matplotlib.patches,,external_or_stdlib
src/pe_claw_gui/visualization/magnetics/transformer_geometry_renderer.py,from,matplotlib.patches,,external_or_stdlib
src/pe_claw_gui/visualization/magnetics/transformer_geometry_renderer.py,from,pe_claw_gui.models.magnetic_result,src/pe_claw_gui/models/magnetic_result.py,included_internal
src/pe_claw_gui/visualization/magnetics/transformer_geometry_renderer.py,from,pe_claw_gui.visualization.geometry.primitives_3d,src/pe_claw_gui/visualization/geometry/primitives_3d.py,included_internal
src/pe_claw_gui/visualization/magnetics/transformer_geometry_renderer.py,from,pe_claw_gui.visualization.geometry.primitives_3d,src/pe_claw_gui/visualization/geometry/primitives_3d.py,included_internal
src/pe_claw_gui/visualization/magnetics/transformer_geometry_renderer.py,from,pe_claw_gui.visualization.geometry.primitives_3d,src/pe_claw_gui/visualization/geometry/primitives_3d.py,included_internal
src/pe_claw_gui/visualization/magnetics/transformer_geometry_renderer.py,from,pe_claw_gui.visualization.geometry.primitives_3d,src/pe_claw_gui/visualization/geometry/primitives_3d.py,included_internal
src/pe_claw_gui/visualization/magnetics/transformer_geometry_renderer.py,from,pe_claw_gui.visualization.geometry.primitives_3d,src/pe_claw_gui/visualization/geometry/primitives_3d.py,included_internal
src/pe_claw_gui/visualization/magnetics/transformer_geometry_renderer.py,from,pe_claw_gui.visualization.geometry.primitives_3d,src/pe_claw_gui/visualization/geometry/primitives_3d.py,included_internal
src/pe_claw_gui/visualization/magnetics/transformer_geometry_renderer.py,from,pe_claw_gui.visualization.geometry.primitives_3d,src/pe_claw_gui/visualization/geometry/primitives_3d.py,included_internal
src/pe_claw_gui/visualization/magnetics/transformer_geometry_renderer.py,from,pe_claw_gui.visualization.geometry.primitives_3d,src/pe_claw_gui/visualization/geometry/primitives_3d.py,included_internal
src/pe_claw_gui/visualization/semiconductors/__init__.py,from,pe_claw_gui.visualization.semiconductors.geometry_renderer,src/pe_claw_gui/visualization/semiconductors/geometry_renderer.py,included_internal
src/pe_claw_gui/visualization/semiconductors/__init__.py,from,pe_claw_gui.visualization.semiconductors.layout_builder,src/pe_claw_gui/visualization/semiconductors/layout_builder.py,included_internal
src/pe_claw_gui/visualization/semiconductors/geometry_3d.py,from,__future__,,external_or_stdlib
src/pe_claw_gui/visualization/semiconductors/geometry_3d.py,from,dataclasses,,external_or_stdlib
src/pe_claw_gui/visualization/semiconductors/geometry_3d.py,from,matplotlib.figure,,external_or_stdlib
src/pe_claw_gui/visualization/semiconductors/geometry_3d.py,from,pe_claw_gui.models.semiconductor_geometry_result,src/pe_claw_gui/models/semiconductor_geometry_result.py,included_internal
src/pe_claw_gui/visualization/semiconductors/geometry_3d.py,from,pe_claw_gui.models.semiconductor_geometry_result,src/pe_claw_gui/models/semiconductor_geometry_result.py,included_internal
src/pe_claw_gui/visualization/semiconductors/geometry_3d.py,from,pe_claw_gui.models.semiconductor_geometry_result,src/pe_claw_gui/models/semiconductor_geometry_result.py,included_internal
src/pe_claw_gui/visualization/semiconductors/geometry_3d.py,from,pe_claw_gui.visualization.geometry.primitives_3d,src/pe_claw_gui/visualization/geometry/primitives_3d.py,included_internal
src/pe_claw_gui/visualization/semiconductors/geometry_3d.py,from,pe_claw_gui.visualization.geometry.primitives_3d,src/pe_claw_gui/visualization/geometry/primitives_3d.py,included_internal
src/pe_claw_gui/visualization/semiconductors/geometry_3d.py,from,pe_claw_gui.visualization.geometry.primitives_3d,src/pe_claw_gui/visualization/geometry/primitives_3d.py,included_internal
src/pe_claw_gui/visualization/semiconductors/geometry_3d.py,from,pe_claw_gui.visualization.geometry.primitives_3d,src/pe_claw_gui/visualization/geometry/primitives_3d.py,included_internal
src/pe_claw_gui/visualization/semiconductors/geometry_3d.py,from,pe_claw_gui.visualization.geometry.primitives_3d,src/pe_claw_gui/visualization/geometry/primitives_3d.py,included_internal
src/pe_claw_gui/visualization/semiconductors/geometry_3d.py,from,pe_claw_gui.visualization.geometry.primitives_3d,src/pe_claw_gui/visualization/geometry/primitives_3d.py,included_internal
src/pe_claw_gui/visualization/semiconductors/geometry_3d.py,from,pe_claw_gui.visualization.geometry.primitives_3d,src/pe_claw_gui/visualization/geometry/primitives_3d.py,included_internal
src/pe_claw_gui/visualization/semiconductors/geometry_3d.py,from,pe_claw_gui.visualization.geometry.primitives_3d,src/pe_claw_gui/visualization/geometry/primitives_3d.py,included_internal
src/pe_claw_gui/visualization/semiconductors/geometry_3d.py,from,pe_claw_gui.visualization.geometry.primitives_3d,src/pe_claw_gui/visualization/geometry/primitives_3d.py,included_internal
src/pe_claw_gui/visualization/semiconductors/geometry_3d.py,from,pe_claw_gui.visualization.geometry.primitives_3d,src/pe_claw_gui/visualization/geometry/primitives_3d.py,included_internal
src/pe_claw_gui/visualization/semiconductors/geometry_3d.py,from,pe_claw_gui.visualization.semiconductors.physical_package_instances,src/pe_claw_gui/visualization/semiconductors/physical_package_instances.py,included_internal
src/pe_claw_gui/visualization/semiconductors/geometry_3d.py,from,pe_claw_gui.visualization.semiconductors.physical_package_instances,src/pe_claw_gui/visualization/semiconductors/physical_package_instances.py,included_internal
src/pe_claw_gui/visualization/semiconductors/geometry_3d_audit.py,from,__future__,,external_or_stdlib
src/pe_claw_gui/visualization/semiconductors/geometry_3d_audit.py,from,dataclasses,,external_or_stdlib
src/pe_claw_gui/visualization/semiconductors/geometry_3d_audit.py,from,dataclasses,,external_or_stdlib
src/pe_claw_gui/visualization/semiconductors/geometry_3d_audit.py,from,pe_claw_gui.libraries.semiconductors.packages,src/pe_claw_gui/libraries/semiconductors/packages.py,included_internal
src/pe_claw_gui/visualization/semiconductors/geometry_3d_audit.py,from,pe_claw_gui.libraries.semiconductors.registry,src/pe_claw_gui/libraries/semiconductors/registry.py,included_internal
src/pe_claw_gui/visualization/semiconductors/geometry_3d_audit.py,from,pe_claw_gui.models.semiconductor_geometry_result,src/pe_claw_gui/models/semiconductor_geometry_result.py,included_internal
src/pe_claw_gui/visualization/semiconductors/geometry_3d_audit.py,from,pe_claw_gui.visualization.semiconductors.geometry_3d,src/pe_claw_gui/visualization/semiconductors/geometry_3d.py,included_internal
src/pe_claw_gui/visualization/semiconductors/geometry_renderer.py,from,__future__,,external_or_stdlib
src/pe_claw_gui/visualization/semiconductors/geometry_renderer.py,from,dataclasses,,external_or_stdlib
src/pe_claw_gui/visualization/semiconductors/geometry_renderer.py,from,matplotlib.figure,,external_or_stdlib
src/pe_claw_gui/visualization/semiconductors/geometry_renderer.py,from,matplotlib.patches,,external_or_stdlib
src/pe_claw_gui/visualization/semiconductors/geometry_renderer.py,from,matplotlib.patches,,external_or_stdlib
src/pe_claw_gui/visualization/semiconductors/geometry_renderer.py,from,pe_claw_gui.models.semiconductor_geometry_result,src/pe_claw_gui/models/semiconductor_geometry_result.py,included_internal
src/pe_claw_gui/visualization/semiconductors/geometry_renderer.py,from,pe_claw_gui.models.semiconductor_geometry_result,src/pe_claw_gui/models/semiconductor_geometry_result.py,included_internal
src/pe_claw_gui/visualization/semiconductors/geometry_renderer.py,from,pe_claw_gui.models.semiconductor_geometry_result,src/pe_claw_gui/models/semiconductor_geometry_result.py,included_internal
src/pe_claw_gui/visualization/semiconductors/geometry_renderer.py,from,pe_claw_gui.visualization.semiconductors.physical_package_instances,src/pe_claw_gui/visualization/semiconductors/physical_package_instances.py,included_internal
src/pe_claw_gui/visualization/semiconductors/geometry_renderer.py,from,pe_claw_gui.visualization.semiconductors.physical_package_instances,src/pe_claw_gui/visualization/semiconductors/physical_package_instances.py,included_internal
src/pe_claw_gui/visualization/semiconductors/layout_builder.py,from,__future__,,external_or_stdlib
src/pe_claw_gui/visualization/semiconductors/layout_builder.py,import,math,,external_or_stdlib
src/pe_claw_gui/visualization/semiconductors/layout_builder.py,from,pe_claw_gui.libraries.semiconductors.packages,src/pe_claw_gui/libraries/semiconductors/packages.py,included_internal
src/pe_claw_gui/visualization/semiconductors/layout_builder.py,from,pe_claw_gui.libraries.semiconductors.power_device,src/pe_claw_gui/libraries/semiconductors/power_device.py,included_internal
src/pe_claw_gui/visualization/semiconductors/layout_builder.py,from,pe_claw_gui.models.device_loss,src/pe_claw_gui/models/device_loss.py,included_internal
src/pe_claw_gui/visualization/semiconductors/layout_builder.py,from,pe_claw_gui.models.semiconductor_geometry_result,src/pe_claw_gui/models/semiconductor_geometry_result.py,included_internal
src/pe_claw_gui/visualization/semiconductors/physical_package_instances.py,from,__future__,,external_or_stdlib
src/pe_claw_gui/visualization/semiconductors/physical_package_instances.py,from,dataclasses,,external_or_stdlib
src/pe_claw_gui/visualization/semiconductors/physical_package_instances.py,from,pe_claw_gui.models.semiconductor_geometry_result,src/pe_claw_gui/models/semiconductor_geometry_result.py,included_internal
src/pe_claw_gui/visualization/semiconductors/physical_package_instances.py,from,pe_claw_gui.models.semiconductor_geometry_result,src/pe_claw_gui/models/semiconductor_geometry_result.py,included_internal
