path,size_bytes,sha256,suffix
.gitattributes,233,21e3d1a8661c8674ea0192519c8278ed530e7a717edbe2f98499573b31bda612,
.gitignore,558,a7fb3a80e576b5b1a95642acd956e07b1a0b5fc5d4564007a4e3efb0b25f1922,
AGENTS.md,18913,fdb1daf5fe5bdca31747b01aba23d5cdfef212e0a17d82005f2791f61d23dac7,.md
DEVELOPMENT.md,7068,cca0dd76356800dcb6c2078d913a6cb84efff13bff4c21207e1de9410041773f,.md
LICENSE,721,4ca4d7bc9c8dc11ebc35613514154c0d91e58b0cf82b4ce144e1732d6119deb4,
PE_CLAW_AGENTIC_TRANSFORMATION_GUIDE.md,70780,6d8b9ede2169018e6056e2c7bf9cb318a94f8a7e110499293db76744f65ab907,.md
PROJECT_ARCHITECTURE.md,13090,493c8f8b49dfc399b97e997a24d1fc87beeff64861eb227fc70f424eea58abf6,.md
Plan/README.md,4645,d7b9b43b2251564dc0a355b973ae8ff831838dac229b4d31df637eebbd4f80f4,.md
Plan/archive/topology_depth_improvement_queue.md,4586,42c2353d9f28e07061d86a2f6b08e58b2cee0eb54bf3d7908b25de0604a75498,.md
Plan/completed/magnetic_report_and_loss_input_consistency_plan.md,20404,be368b2aa821fef64e2f7252740ea35b897e106b8b1b6a864c8f9636f05239ab,.md
Plan/completed/openmagnetics/openmagnetics_magnetic_loss_modernization_plan.md,195040,c0f067d8e7308c062dfebdf9a1b4b02ed3dc9da2184806adf11d20ddabed8b76,.md
Plan/completed/openmagnetics/openmagnetics_step23_production_validation_plan.md,18223,418bce12fec21c656d051c0c1002c06c4a62484b0d45b9ae445252890bf03d44,.md
Plan/completed/openmagnetics/openmagnetics_step24_production_regression_and_observability_plan.md,25200,e49ef7a8477f2e593d602724de2595aacad858c366f72a1c54d9b0eda4d5bf2d,.md
Plan/completed/openmagnetics/openmagnetics_step25_project_portability_and_packaging_plan.md,13557,964370359f9b740eb2a792a9c4793f6955ba4a56881c0ac923734cb0e15fb714,.md
Plan/completed/phase17/phase17_research_package_implementation_plan.md,24571,14233c62415b851d79bffe5cb4151ee68dcc87d699d44751bbadd90201ad9913,.md
Plan/completed/phase17/phase17_research_package_kickoff.md,4358,eb7bd28d81aa20b006029bf3391e465f4a522cc3d288fac9ed9921c3781cf83e,.md
Project_Description.md,92174,84760727c66dc6fd9d64cc7f4367a3bbe1a41ac4d090fa494dc30265064a6f4f,.md
README.md,15322,3d85325d91dce8b39fd57c2f30febe0ad8b2f146828df9730e7e859fce7d6a96,.md
README_Test.md,2320,fde18002defedd452739ebc17d51dff32f571216b8a645ce670ed1113f27f210,.md
SOUL.md,5626,82343b58fce179ca2fd0b6492f5e45cae61404908769b326aa8466f3940d1577,.md
USER.md,4390,992ea6fb18ed2e810752e9a2eafa209994853d025bec4e653e714f517c9b3bd9,.md
configs/.gitkeep,1,01ba4719c80b6fe911b091a7c05124b64eeece964e09c058ef8f9805daca546b,
design_requests/.gitkeep,1,01ba4719c80b6fe911b091a7c05124b64eeece964e09c058ef8f9805daca546b,
design_requests/01_buck_diode/c01_nominal_full_load/design_request.md,4698,ad539e0783fd068df8b4cbda7d2dba7bbb13867ee96d7cafd2e2e195c9858f5d,.md
design_requests/01_buck_diode/c01_nominal_full_load/design_result.md,27731,b832aaf61fc92ac7838c1ff7a4db1babfdf270354df54d7d6be039b2d1acfe73,.md
design_requests/01_buck_diode/c01_nominal_full_load/pe_claw_backend_readback.json,694639,3708fd528c421d9aeb4c059e49cbfce0af6e8cfe37eff80a6c6ab0d918f14fe3,.json
design_requests/01_buck_diode/c01_nominal_full_load/runner_readback.json,57999,9e31a9b028a5d78949155a4a3a1629756529b0c545a4dbac7964f8b250d23b98,.json
design_requests/01_buck_diode/c02_low_input_full_load/design_request.md,4702,bd27a7aa0738ea962bfb74723997cec34abb063bee51df76915975ae3ab111c1,.md
design_requests/01_buck_diode/c02_low_input_full_load/design_result.md,27725,1fde960d5e9355b0a89dd29a9eb07d54c3f577b50c4fc587642e896642b314db,.md
design_requests/01_buck_diode/c02_low_input_full_load/pe_claw_backend_readback.json,772133,70cd0c0e85528e7a9dca6291b641ed3295df5fef5a5aae7fa2e2d2be96e85b54,.json
design_requests/01_buck_diode/c02_low_input_full_load/runner_readback.json,210243,7ccb8aa8cfb46de47b6fd98c53b1cf4fefd26062f8b4a706dbc8fae1248efd8b,.json
design_requests/01_buck_diode/c03_high_input_full_load/design_request.md,4704,f362d942c7006168898e2a7794ab8f128cc56a20c98b530fe465cc615ddb76b5,.md
design_requests/01_buck_diode/c03_high_input_full_load/design_result.md,27740,859432d9d8b89dda39f60c70d791c9a8da132e878ec22e899d7b671c5478d2d1,.md
design_requests/01_buck_diode/c03_high_input_full_load/pe_claw_backend_readback.json,772231,ddfeb5843277b20b36cbbb471a15e0e461d3ba39cdcf09f990a55a02dc0f1e26,.json
design_requests/01_buck_diode/c03_high_input_full_load/runner_readback.json,210250,da3161df7929dcca87a50ac0de076bb1bb5429c3aebc41846883d8c902a6acb1,.json
design_requests/01_buck_diode/c04_nominal_light_load_20pct/design_request.md,4711,5dae4b5c4a3c8a1905d03a02d29ebded6f825ecc5d3ea40ef276567367eb2976,.md
design_requests/01_buck_diode/c04_nominal_light_load_20pct/design_result.md,27888,cb3999b816e35a605be35102fd45e3c32f61643e34dd94b675e261e18addda02,.md
design_requests/01_buck_diode/c04_nominal_light_load_20pct/pe_claw_backend_readback.json,695107,2b498290034339540bdd04f3d4c8f315ec0cce869c415b97907b908d5324e459,.json
design_requests/01_buck_diode/c04_nominal_light_load_20pct/runner_readback.json,59529,c4c96c18297bdd3e3f8662287462c05cc3fde64560eb6822d765380ce1212e88,.json
design_requests/01_buck_diode/c05_nominal_high_ripple/design_request.md,4704,3b25ce7cadfdc5fda83cac5c46e6ce04d3db924c617c9236448b523122c57036,.md
design_requests/01_buck_diode/c05_nominal_high_ripple/design_result.md,27814,b9ce5c5557d627865fa5c817fbe4197e9015ff0e0eece08a5af4d1a518436535,.md
design_requests/01_buck_diode/c05_nominal_high_ripple/pe_claw_backend_readback.json,693797,302347cd9cd27be1d0146a53668aa605b003572b30df83f9e0d87ce90351de21,.json
design_requests/01_buck_diode/c05_nominal_high_ripple/runner_readback.json,60944,a11351a11b72b0f211d986edbfa677d62b1044df876fcb46f9d8e7630fb612dd,.json
design_requests/02_buck_synchronous/c01_nominal_full_load/design_request.md,4779,e31975152ddd5a0e19a7961337a6a8e7a9bcca8aebb56e0e66588e1bbd6e99a0,.md
design_requests/02_buck_synchronous/c01_nominal_full_load/design_result.md,28902,9b2bc92653bcd04eb7e95a40a250ae058dde2f4ecf22c0fca90765f4b8d115eb,.md
design_requests/02_buck_synchronous/c01_nominal_full_load/pe_claw_backend_readback.json,709065,09f54bcdf6b74265b258b275182aa22236669813f0995b6c8c2591dfcecff3ac,.json
design_requests/02_buck_synchronous/c01_nominal_full_load/runner_readback.json,62446,85069ee819fdf678fa5de58c3f81aaa066bc68e7802f09206492d269bdbe20a0,.json
design_requests/02_buck_synchronous/c02_low_input_full_load/design_request.md,4783,6dd0d46172d76d3cdd4cf0993c22f581802eae79e8ba9047c2e2fc68d03e0b9a,.md
design_requests/02_buck_synchronous/c02_low_input_full_load/design_result.md,28913,ea0a7c2f17c511b5d37b92458db2abb80f09b63ae1452a7ce11d70acb689d160,.md
design_requests/02_buck_synchronous/c02_low_input_full_load/pe_claw_backend_readback.json,784337,45ef6dd27b49d37eb5976ad709bda58858d78643b6cdec537575c1442c22ac2a,.json
design_requests/02_buck_synchronous/c02_low_input_full_load/runner_readback.json,210306,59b96d04587fc1992dae41713b75e84580e2c0596b82f587a7e6672c4c9808c9,.json
design_requests/02_buck_synchronous/c03_high_input_full_load/design_request.md,4785,ea8be45dd1773e7276e50e6ce190aaeb671f3cff72e881f5fa78fb6904c865bb,.md
design_requests/02_buck_synchronous/c03_high_input_full_load/design_result.md,28903,81c5b903b16d91b74eaaf093196d74bd5f94a7e6f26ea9f0a817453a16da8f72,.md
design_requests/02_buck_synchronous/c03_high_input_full_load/pe_claw_backend_readback.json,784430,1452740202802d38a5d90f4214816513f6b26da0b58828e06ab3eb1111a29861,.json
design_requests/02_buck_synchronous/c03_high_input_full_load/runner_readback.json,210311,23ea606efe2c0e6cc3716b419d654a8e466f3154abc7f610a35d33c75a9a919d,.json
design_requests/02_buck_synchronous/c04_nominal_light_load_20pct/design_request.md,4793,e1131617dc57eb9969e9415bc68e1c50a80a117b245e87b17c5fb2c853d5bae3,.md
design_requests/02_buck_synchronous/c04_nominal_light_load_20pct/design_result.md,29145,1de60d661538a8663444fbcc5b2e46bc812db1b31d9eccea7a122bc686a65705,.md
design_requests/02_buck_synchronous/c04_nominal_light_load_20pct/pe_claw_backend_readback.json,710010,48c34e3fb5594cbe1305c17823878858df5aa282e9455b231b5a003a8fd33d59,.json
design_requests/02_buck_synchronous/c04_nominal_light_load_20pct/runner_readback.json,63969,7fff072aef512d9e4ed4031f8d9fdadaef27f9a5d5917b3059e5604e1d91ddf1,.json
design_requests/02_buck_synchronous/c05_nominal_high_ripple/design_request.md,4785,10dcfe7fe395aca050e05f6d5b9988f6f6555cecc070999bfa82df9aefa75f44,.md
design_requests/02_buck_synchronous/c05_nominal_high_ripple/design_result.md,28958,3cabe45924a93d2f5a5498d0d9b866c783afbb716f3632a58ac2039b018acd68,.md
design_requests/02_buck_synchronous/c05_nominal_high_ripple/pe_claw_backend_readback.json,708615,fe1455692035eb456acb8eae55de2a4aa5b87fd6f92c9be9135c614395ec1bcd,.json
design_requests/02_buck_synchronous/c05_nominal_high_ripple/runner_readback.json,65398,241fdd3af4748f8c05ee57d2bbfd52bad48c7e8c7783e1008f0d31ec34225b13,.json
design_requests/03_boost_diode/c01_nominal_full_load/design_request.md,4812,b5e965bb5f137c4683164a736d26f7c89e2754a720b73436ee8cdbcdb2ee66fb,.md
design_requests/03_boost_diode/c01_nominal_full_load/design_result.md,27748,11f41fdf8a2dda46ec735575c7dbc85d66f48e3dc38eac4ac8eee925be9ecd18,.md
design_requests/03_boost_diode/c01_nominal_full_load/pe_claw_backend_readback.json,721346,1c0746b9a255140e3e784f6f0bb5b1ed006ec0049378207dfff40b60b4750858,.json
design_requests/03_boost_diode/c01_nominal_full_load/runner_readback.json,66765,c3bb67f82ef298ef1d582a6948d125d5706aa13dbe53fd0281a8b40a0412283c,.json
design_requests/03_boost_diode/c02_low_input_full_load/design_request.md,4816,c21527a8ff0afdb5cf09f8299e133ebfc8b2b3d6beeb7135c7df348241ad7ef4,.md
design_requests/03_boost_diode/c02_low_input_full_load/design_result.md,27720,398475e51047d1e29681ca7c91a9f3db8119ff3903dc1b5276d182b022bf2576,.md
design_requests/03_boost_diode/c02_low_input_full_load/pe_claw_backend_readback.json,794373,63184a4411cfa5bde09de43f321fb898b1ee32959a2064ad5a4906bbbe5e060a,.json
design_requests/03_boost_diode/c02_low_input_full_load/runner_readback.json,210237,fe951159623b0b4b4f632f9350d4fc0433a5339b425281da5f2bc8430697dfa4,.json
design_requests/03_boost_diode/c03_high_input_full_load/design_request.md,4818,a541944fec2db86da91cb76d035494a00563e9fe88ba6b8c5292cbcac71ec296,.md
design_requests/03_boost_diode/c03_high_input_full_load/design_result.md,27764,67bb11e3101fa352a522dea1f441e0102b68248ebd99429f92410f5b51132ed5,.md
design_requests/03_boost_diode/c03_high_input_full_load/pe_claw_backend_readback.json,794511,4eb235d67c7a6d1542ee7712321495f705d43c922c1b250e3406aca772b1e743,.json
design_requests/03_boost_diode/c03_high_input_full_load/runner_readback.json,210248,fbcd7a2733564d6a2009de6a2649ee642a6d8f99b6b1da6aaee2207702c83060,.json
design_requests/03_boost_diode/c04_nominal_light_load_20pct/design_request.md,4825,80e8a19cff2ddf63bc13a8abb413a315861b593c73f38a995b90e6f619617f18,.md
design_requests/03_boost_diode/c04_nominal_light_load_20pct/design_result.md,27848,727edf3f32e3d2ab7dc54de776597e4104b750dae585820e6802028cfc4fe11e,.md
design_requests/03_boost_diode/c04_nominal_light_load_20pct/pe_claw_backend_readback.json,722208,84e1f684bcac05146793fd102b502b1b5b31e14a8e807088aafaa8c6bcc26d21,.json
design_requests/03_boost_diode/c04_nominal_light_load_20pct/runner_readback.json,68279,31f9f75e4acc9fece42c90724b3c1dc48f2b6e52dab0aa54456ca86040f9c96a,.json
design_requests/03_boost_diode/c05_nominal_high_ripple/design_request.md,4818,23b82213d9b15ee8285f9c3ed89a2a56d47843508cb71d4b3df1820ab0f13c8d,.md
design_requests/03_boost_diode/c05_nominal_high_ripple/design_result.md,27762,45c36cd228ae23063b64bbb641cdb6953c4986b7c691896f23ee6349a41e8deb,.md
design_requests/03_boost_diode/c05_nominal_high_ripple/pe_claw_backend_readback.json,721097,f470c07ef6cdcc406ae4f947b5601c6d9d7ce00c3b1c47bf0e1756ee6a5465c4,.json
design_requests/03_boost_diode/c05_nominal_high_ripple/runner_readback.json,69699,f04648f8c8f7153da122b0e596fc1f9e94873ce52d775d5c7a4f085d9534c6b4,.json
design_requests/04_boost_synchronous/c01_nominal_full_load/design_request.md,4872,85e52ceb01dd1bc014163db540386f372726c30fa5046b1e023fd9aceca2815b,.md
design_requests/04_boost_synchronous/c01_nominal_full_load/design_result.md,27786,45783790db0944ad385a3dc47f15fdee3ed63a3dbd80dd33bfde7f5e88aa2fa6,.md
design_requests/04_boost_synchronous/c01_nominal_full_load/pe_claw_backend_readback.json,707561,e3bc51adb4e8e8567dce9a324c671cacef1c2a4f565070daa89fd75336c7b828,.json
design_requests/04_boost_synchronous/c01_nominal_full_load/runner_readback.json,71195,e7877ea37b7c96c78163eb9e95eed1532263201a79ffb87168f84a7a47e59e1a,.json
design_requests/04_boost_synchronous/c02_low_input_full_load/design_request.md,4876,4ac7ba87e2e01aa7348a0642211ffe4fce0d1302d1a679067bb951b39e8aa5fb,.md
design_requests/04_boost_synchronous/c02_low_input_full_load/design_result.md,27738,3656f5cc16cfc8c28bcb90203ce60a05e3fe96657787de43be0fb986415e8a68,.md
design_requests/04_boost_synchronous/c02_low_input_full_load/pe_claw_backend_readback.json,778365,d86ab8c9b21086db0ffea591ddcf419e0699e4634bced57507245d8909918b04,.json
design_requests/04_boost_synchronous/c02_low_input_full_load/runner_readback.json,210281,27f1b45366980685accd9877d8bcc8f28c84e2c94e0090f16912212560e4a4df,.json
design_requests/04_boost_synchronous/c03_high_input_full_load/design_request.md,4878,a98cf44fc0e6ea6f8c33d41b7a9decd13cb0915e051d1e009dcd09f0395503dc,.md
design_requests/04_boost_synchronous/c03_high_input_full_load/design_result.md,27797,cf8eb9fed3586f235c2899c06df6e7559a50271a96a5e02825ae7b27e26bf05a,.md
design_requests/04_boost_synchronous/c03_high_input_full_load/pe_claw_backend_readback.json,778496,ff230bde0684a9439534baf84d8b3d75e676a53cedaee6e8e8d1ea13eaa7429c,.json
design_requests/04_boost_synchronous/c03_high_input_full_load/runner_readback.json,210290,40da76b4c0e2de0ac96ffec16fb771419cd96a391c0d71f3474d93bb3f64e306,.json
design_requests/04_boost_synchronous/c04_nominal_light_load_20pct/design_request.md,4885,6c37bcc6c1e323fc03b5561b493373bac15581c2539e4e9edad86ac6338999d2,.md
design_requests/04_boost_synchronous/c04_nominal_light_load_20pct/design_result.md,27861,cea74000029cf4d339634135651a6d438d5fe583f55c39b916068a5de6197122,.md
design_requests/04_boost_synchronous/c04_nominal_light_load_20pct/pe_claw_backend_readback.json,708701,7466a2de34777d5ebbb7e3f8f92c8a7407be6fbf2f81ae62a61b4fe308c9b9fa,.json
design_requests/04_boost_synchronous/c04_nominal_light_load_20pct/runner_readback.json,72711,27a77feeffd8b7612af4a7c626704704bdab1752c6c21e5953a7979600de97c5,.json
design_requests/04_boost_synchronous/c05_nominal_high_ripple/design_request.md,4878,b0b5419995effdeddc4ae6e3d8840390fad1eb20431ff14a1b36cd032df118ed,.md
design_requests/04_boost_synchronous/c05_nominal_high_ripple/design_result.md,27798,e69d0b02efdfb75da5decbad60efeb5f0a26b34d1c11589e7bc271e3f90cd66a,.md
design_requests/04_boost_synchronous/c05_nominal_high_ripple/pe_claw_backend_readback.json,707309,511a213a9a6f5b55626c6666b2cee61d31a1f02a2f0ffde10c6e5a033ed651a3,.json
design_requests/04_boost_synchronous/c05_nominal_high_ripple/runner_readback.json,74129,fec0f0007e578e6c31639e8a2a7a86bb39f57912c1a5b767e7b966c0e148d3d0,.json
design_requests/05_buck_boost_diode/c01_nominal_full_load/design_request.md,5093,c139dad1c91ed29735a16f52be0e3e4ca4178b4ddcf8cdfc114e5f9dd0215150,.md
design_requests/05_buck_boost_diode/c01_nominal_full_load/design_result.md,27869,82ec78174236cbf37be0a5f6bddc3ff0f3d1e524a50c0f556e4e2f8ac7cff7b1,.md
design_requests/05_buck_boost_diode/c01_nominal_full_load/pe_claw_backend_readback.json,708434,1ca52e6aa61b0f38d35d91ea994a163acd0e7525ac8ff00f281003c2fc03181f,.json
design_requests/05_buck_boost_diode/c01_nominal_full_load/runner_readback.json,75646,49d46334b93ebe990b38c0afeb0a159e1bc25de10df2070b634f11310ca6e642,.json
design_requests/05_buck_boost_diode/c02_low_input_full_load/design_request.md,5097,8d0fd825410a99348961020a4dd87ea1763c6b479f10fe0142244cc97087e5a1,.md
design_requests/05_buck_boost_diode/c02_low_input_full_load/design_result.md,27868,023dc67f4445e1ebe31292c0adb28d7e6b367927d07fcce47301915d35bdca33,.md
design_requests/05_buck_boost_diode/c02_low_input_full_load/pe_claw_backend_readback.json,777075,d699d27f81ece6299d37fb2f76f68a40b79a78fb5d92c4df610eb071183d2f11,.json
design_requests/05_buck_boost_diode/c02_low_input_full_load/runner_readback.json,210350,6b2bad866b39f1a1fabb36af73bedd0fc91330d8230602f7e8d5b98c56acd1d8,.json
design_requests/05_buck_boost_diode/c03_high_input_full_load/design_request.md,5099,205ba37fded1cfd900a23e1cab2e6fc9fa0fdbfc703e5b91ef1c0aea9e5a7586,.md
design_requests/05_buck_boost_diode/c03_high_input_full_load/design_result.md,27872,dfb74a1cd63a5cdc0d03e62a1e30b8f7893733517006ad8b0da2ec32af09c73c,.md
design_requests/05_buck_boost_diode/c03_high_input_full_load/pe_claw_backend_readback.json,777165,8c76045e240c6a0782aa485c8a5667cebe16885bfb8a917670e36c318525d0dc,.json
design_requests/05_buck_boost_diode/c03_high_input_full_load/runner_readback.json,210353,e04566d45d8679a1924b30d65a2a24609502dce434ac098248fce2c65d120512,.json
design_requests/05_buck_boost_diode/c04_nominal_light_load_20pct/design_request.md,5106,d9969a1109c82e971c75a3be9b22b1de5947a0f3383e3449c61a26dedaebeea2,.md
design_requests/05_buck_boost_diode/c04_nominal_light_load_20pct/design_result.md,27857,5cabbaa47183b7ae3ad7ed771f91ba2986208fdab771db238732e0545ea1b32d,.md
design_requests/05_buck_boost_diode/c04_nominal_light_load_20pct/pe_claw_backend_readback.json,709454,f81c7af4f5d8a38604b806868050cda30d746941ac21a7113b589ecb1a03b7eb,.json
design_requests/05_buck_boost_diode/c04_nominal_light_load_20pct/runner_readback.json,77148,071e7046bb5fb1d9cbf6e6af88e59f7fb3f4699dbb62a3b1d007f5f6f91d1b94,.json
design_requests/05_buck_boost_diode/c05_nominal_high_ripple/design_request.md,5099,3632bf9a80983b41c96b087c3347fa2cd7195ed64c936eee4e6a1b4199325135,.md
design_requests/05_buck_boost_diode/c05_nominal_high_ripple/design_result.md,27854,aae4afcfdbb94f4acd6d5481b0c05ffb9d7031458a51cca7c3fdf6e3f42d19a2,.md
design_requests/05_buck_boost_diode/c05_nominal_high_ripple/pe_claw_backend_readback.json,708233,8b597e9087deffcf4494f7c4f5066c92f7f5149561f3913cf9dd21ed6de51e95,.json
design_requests/05_buck_boost_diode/c05_nominal_high_ripple/runner_readback.json,78561,a89a6ae5b1e18cc5feb4cd1440a65e5c63de5a935c3c9f14fb07032603fe9048,.json
design_requests/06_flyback_ccm/c01_nominal_full_load/design_request.md,5491,c22dab4701538fb868b9dde4ef3194939bf4fb546ddf3627acb005c900a4ac1c,.md
design_requests/06_flyback_ccm/c01_nominal_full_load/design_result.md,28665,353d7ea063ffc7b1162ce8fa8df954fda625797dc1754f9a756124dd66f00dc3,.md
design_requests/06_flyback_ccm/c01_nominal_full_load/pe_claw_backend_readback.json,773222,b656121a0fefb84490c98c12cc6298946a3b6e51b1aad1b4e32bb8478288f17a,.json
design_requests/06_flyback_ccm/c01_nominal_full_load/runner_readback.json,206555,5845a2ce6ad56b6d8d1c4aa5f76b63c8d08190a8f00035a2f10c81b731186c01,.json
design_requests/06_flyback_ccm/c02_low_input_full_load/design_request.md,5495,932aeaa4ffe024c8ff1b7c5f560ca9f84be657a314f3f025ab040248fb7d1fb9,.md
design_requests/06_flyback_ccm/c02_low_input_full_load/design_result.md,28682,a261eb90787f5900ca880d3c5ce8809a38bc7f44b544fb7f287d816baae0cd3a,.md
design_requests/06_flyback_ccm/c02_low_input_full_load/pe_claw_backend_readback.json,773579,cc6ac2f1cc5ddfc7d50ba15418e6dbbc9175d078cfc2552ec1e2a38f20ed4295,.json
design_requests/06_flyback_ccm/c02_low_input_full_load/runner_readback.json,206579,9cd93c198af0e01f417c0099123074e4bc7e05061e06a278d9e91b23d60ce489,.json
design_requests/06_flyback_ccm/c03_high_input_full_load/design_request.md,5497,f59a4042169427ac322bbedc40933124225b832ea78d060bd3d88cea0f99b5b0,.md
design_requests/06_flyback_ccm/c03_high_input_full_load/design_result.md,28680,36a6b24767fb90496e1fa10f761ba518c721db61cb0f4b8169ce757cb5eb6b48,.md
design_requests/06_flyback_ccm/c03_high_input_full_load/pe_claw_backend_readback.json,773674,7b2ff20d00419085e8824d1f2ff4276b9628b4145127037de750cb8e594bf96f,.json
design_requests/06_flyback_ccm/c03_high_input_full_load/runner_readback.json,206582,3244eec023bef7cec00272288953274426dab933463f7a0718f1359b7f895faf,.json
design_requests/06_flyback_ccm/c04_nominal_light_load_20pct/design_request.md,5505,7c4ec6e90b9dadb3915409c1703b9b3541dabc5c1a7b5d659c4243c711fcf35d,.md
design_requests/06_flyback_ccm/c04_nominal_light_load_20pct/design_result.md,28883,f9490fdd95338c5b9d30d54ba8250777066680b5d82fa7660ce26336d6930e64,.md
design_requests/06_flyback_ccm/c04_nominal_light_load_20pct/pe_claw_backend_readback.json,773683,99e7c3f73c56249e6ecdc8ca888ab31a5ead2a6d07b998f28ded353cb2cef6b5,.json
design_requests/06_flyback_ccm/c04_nominal_light_load_20pct/runner_readback.json,206652,3d78a72baecc6807ef264acdcf1775fb2af698f254299246ce84d0eceb95af02,.json
design_requests/06_flyback_ccm/c05_nominal_high_ripple/design_request.md,5501,0f6996203f7c9051169a54a5dd18bcad15699e4243fb41bd9fe7845cb1890908,.md
design_requests/06_flyback_ccm/c05_nominal_high_ripple/design_result.md,22270,1d05efe76bcfd951a9a559829780a593cf2c7e92e2268aa16a9d43750c7670b5,.md
design_requests/06_flyback_ccm/c05_nominal_high_ripple/pe_claw_backend_readback.json,699203,aaa44955b123af01df6f0737de7a553c46f6b4bf70f27a993cfcf340133e3829,.json
design_requests/06_flyback_ccm/c05_nominal_high_ripple/runner_readback.json,196907,1ed08e9fdf3a16c0caa6e10e798cccfedb1ff1d0d5c6928f559ededb1911e465,.json
design_requests/07_psfb_diode/c01_nominal_full_load/design_request.md,6293,d36eb1c5ddd4df9f20f42013aa889a5b7eb632045a99f5896235e256aabb1363,.md
design_requests/07_psfb_diode/c01_nominal_full_load/design_result.md,29191,b86690a600bb57af6e436ad53b1c7e7cffb2056388be8f6ec39e2bee07250368,.md
design_requests/07_psfb_diode/c01_nominal_full_load/pe_claw_backend_readback.json,744745,0a01eba295811778a87e1387a90bd8722a57582db45887e0d989df464475dd09,.json
design_requests/07_psfb_diode/c01_nominal_full_load/runner_readback.json,82038,78e7850ae4b03f2d718cc931ec410b99f2fd645c1a590457a7473b6c7b7c8039,.json
design_requests/07_psfb_diode/c02_low_input_full_load/design_request.md,6297,1c28e2c44d9df5f31dc4d82c9c434c4894e75cc2cce89054ad4d2643abd7166e,.md
design_requests/07_psfb_diode/c02_low_input_full_load/design_result.md,29176,e18c5a053a9169a3708e4476a2244b33cfc7b4d06d92440643c334c27e1faeac,.md
design_requests/07_psfb_diode/c02_low_input_full_load/pe_claw_backend_readback.json,808780,99f9c10a1c9febd024222bd3fa0a844ba1bfa8dee105e0be02f37d828b07ee58,.json
design_requests/07_psfb_diode/c02_low_input_full_load/runner_readback.json,207976,6ada527c329d349ce26fbf7d3ba3f497221a726912079107a352ab5dbba92ee3,.json
design_requests/07_psfb_diode/c03_high_input_full_load/design_request.md,6299,446cc695cbb1560f90e05639f392ce2f23f876a002242be65bbd658b86643164,.md
design_requests/07_psfb_diode/c03_high_input_full_load/design_result.md,29210,e7f1934163ed6d3665f5331b27728203faeef0f6db6a1a73cd391c022f9d8d20,.md
design_requests/07_psfb_diode/c03_high_input_full_load/pe_claw_backend_readback.json,808843,f2a6a9aca3344b77ef3aa20e0f7e5a7fe80de1f3bbf3137a1dccc11493e28f96,.json
design_requests/07_psfb_diode/c03_high_input_full_load/runner_readback.json,207981,0a975d45c8cea4e25872f0bda9fe6ff4fe21b1e5b03c12793008951136213c6d,.json
design_requests/07_psfb_diode/c04_nominal_light_load_20pct/design_request.md,6307,65391445aae59a899c18afbac677a369ae0216ea0bd026f77a8d77c4aae70b49,.md
design_requests/07_psfb_diode/c04_nominal_light_load_20pct/design_result.md,29178,618b1de3b70d1eed12dfabc5757863cfe7bedb9e54466a00e1651e6d3caf9eb8,.md
design_requests/07_psfb_diode/c04_nominal_light_load_20pct/pe_claw_backend_readback.json,746394,53b73d79ab74e4461724613d5c71f8eaf3ffa294086416cf067d4bd7236adace,.json
design_requests/07_psfb_diode/c04_nominal_light_load_20pct/runner_readback.json,83595,b5585a869ea7e6cc5ac5dc032afe862e1a490dd23ecaba6ddee677d642b43809,.json
design_requests/07_psfb_diode/c05_nominal_very_light_load_10pct/design_request.md,6316,dfd30388f818ebe5a48f11e469d5dd903adaee05920e429441b14c84482212e9,.md
design_requests/07_psfb_diode/c05_nominal_very_light_load_10pct/design_result.md,29162,440abbcedc48b83d423586bba6c9853c532c0d4c39c0940aba339bf7c1d6db69,.md
design_requests/07_psfb_diode/c05_nominal_very_light_load_10pct/pe_claw_backend_readback.json,746433,497f008306683e620b442582ac4bc4e678af4c555fafeb71f67f503e37d9690e,.json
design_requests/07_psfb_diode/c05_nominal_very_light_load_10pct/runner_readback.json,85080,0e02f3072764ffbfe3173759d4399887040218eb074176cc010df272ccb72e13,.json
design_requests/07_psfb_diode/c06_nominal_high_frequency/design_request.md,6303,716cc5e11643c27c73ec2f6e14f4a67b53ba28935fa2ec188241668c22e3fa6f,.md
design_requests/07_psfb_diode/c06_nominal_high_frequency/design_result.md,29208,b56ea9df03db1e80cf33b5d49d7b29e73b993d33e6e439ede5c054e1e64c2cce,.md
design_requests/07_psfb_diode/c06_nominal_high_frequency/pe_claw_backend_readback.json,747645,dbd76c2b1324affb74f502008e3f43fc18053ed2381440fbb68efc60564a170c,.json
design_requests/07_psfb_diode/c06_nominal_high_frequency/runner_readback.json,86447,dd7c4024c5f6ff34449c649377d6082a56fb471ec37c5fec7a16c1255a1bf2c1,.json
design_requests/07_psfb_diode/c07_nominal_high_ripple/design_request.md,6335,2ad54aeb72e8e0dd6927397ff40b1d37600fe4498b923306dfe853deaf52f058,.md
design_requests/07_psfb_diode/c07_nominal_high_ripple/design_result.md,29167,c8c8f54eea8e310bf86ae0bbd212ac3cc9df4103d453fbbd2c2b4a22237c3c9e,.md
design_requests/07_psfb_diode/c07_nominal_high_ripple/pe_claw_backend_readback.json,749304,d62e3be9f402ed3bf286a79c3541796a13eac57b42d4c81b94393bc564710908,.json
design_requests/07_psfb_diode/c07_nominal_high_ripple/runner_readback.json,87894,f6e3cbf70e6d1b34d8f90fc643670d372666fad07835dde3088af51537d114e9,.json
design_requests/08_llc_full_bridge_diode/c01_nominal_full_load/design_request.md,5571,acdac7f109bf698c29a12873b0b29d2067133cb898ead87c228a83d1273ac6fa,.md
design_requests/08_llc_full_bridge_diode/c01_nominal_full_load/design_result.md,48507,19416c4595c30cbe71e34e46d12b07628945c8bcf67d9a5b4dad22ba547025aa,.md
design_requests/08_llc_full_bridge_diode/c01_nominal_full_load/pe_claw_backend_readback.json,1549676,04a886fc1472963ae053cad10890367892dd68ec42709d08cae57badf0bcc613,.json
design_requests/08_llc_full_bridge_diode/c01_nominal_full_load/runner_readback.json,230392,5226a715a5a2c86056667945f9d07aa17a9f75338f38d9ee8d53b3487845d872,.json
design_requests/08_llc_full_bridge_diode/c02_low_input_full_load/design_request.md,5894,28fbd0ce38d24d566afa6ffc73b9bf61b536f467571acf3bf3254cb7948895a9,.md
design_requests/08_llc_full_bridge_diode/c02_low_input_full_load/design_result.md,48883,af43049f27b9eeb6a76184243be8bb942810f45258fa9d3cb0d7a6e90a32365c,.md
design_requests/08_llc_full_bridge_diode/c02_low_input_full_load/pe_claw_backend_readback.json,1585720,31444b3eb89ff14b556d53dd33dc887cb8162217b581676bfbcbd494b793f09d,.json
design_requests/08_llc_full_bridge_diode/c02_low_input_full_load/runner_readback.json,230432,fb97a9067cf64efce1dc2452e1ab15c8f0852a5982690ea6f850b2b74419e62e,.json
design_requests/08_llc_full_bridge_diode/c03_high_input_full_load/design_request.md,5896,b8aec4ac0c12ca4a73ccfeb1533e4f2b22dc8230d2136c1673d08346876e3e16,.md
design_requests/08_llc_full_bridge_diode/c03_high_input_full_load/design_result.md,48830,5bf56c487f24adf9e158a1ffa877765cf939a67440d3d9bd26f3df0eb6004385,.md
design_requests/08_llc_full_bridge_diode/c03_high_input_full_load/pe_claw_backend_readback.json,1586025,5e026846a4a9bee601f8dab49eabbc3c6848cb7c649c38edc19edafed2c6e81c,.json
design_requests/08_llc_full_bridge_diode/c03_high_input_full_load/runner_readback.json,230442,0f7771a00f5cf01ff8656a424d9e9ac059c13e8049cab01dbe03a94d4616131f,.json
design_requests/08_llc_full_bridge_diode/c04_nominal_light_load_20pct/design_request.md,5921,cfe778dcf98f505f1b1e6770d62c3894d54659614db9e82affef8e591e83cfcd,.md
design_requests/08_llc_full_bridge_diode/c04_nominal_light_load_20pct/design_result.md,48842,a07a65af262cdaba1b1e556e351616353285ef0e0581a42629cacaa827bfa8cb,.md
design_requests/08_llc_full_bridge_diode/c04_nominal_light_load_20pct/pe_claw_backend_readback.json,1588121,341e7725754a81f73c91e20bb8d02bfc16046a5765ad1c9f75518201e3eed048,.json
design_requests/08_llc_full_bridge_diode/c04_nominal_light_load_20pct/runner_readback.json,230476,1bbc8106e2f2660c367fe2e2e7e32ae67b33c56d0389132f99ae8090091a37ac,.json
design_requests/08_llc_full_bridge_diode/c05_nominal_very_light_load_10pct/design_request.md,5931,7bfde433ceef71ed6fe3c37548edd1efd9b6270e21496c2bfee91191cdddb08c,.md
design_requests/08_llc_full_bridge_diode/c05_nominal_very_light_load_10pct/design_result.md,48844,62530444ca0964a4bad2db33d127efe974a4ae9ce07d9f5b434069b862d1b823,.md
design_requests/08_llc_full_bridge_diode/c05_nominal_very_light_load_10pct/pe_claw_backend_readback.json,1589645,367dfca21a4b103008305c4e4deda87da290864e808c03b6ddaeac8ccc0b1003,.json
design_requests/08_llc_full_bridge_diode/c05_nominal_very_light_load_10pct/runner_readback.json,230516,9af9e4bf31531687a956077474e167a0486a70a123fbf2d595d84906333cca02,.json
design_requests/08_llc_full_bridge_diode/c06_nominal_high_frequency/design_request.md,5900,32a46c25b15bd1d8eb9a4e780c327deca574fa09d0faab14c87afe8064ef3085,.md
design_requests/08_llc_full_bridge_diode/c06_nominal_high_frequency/design_result.md,48961,d3f6c6386d58e4052697117a4a14c95da3a5f6e6ab13fcb18f9dd058e7290aba,.md
design_requests/08_llc_full_bridge_diode/c06_nominal_high_frequency/pe_claw_backend_readback.json,1586586,7be9a21e458565efb75bd9230b5168b90b3f1e2e250d3a6fab339dd953a6b0f8,.json
design_requests/08_llc_full_bridge_diode/c06_nominal_high_frequency/runner_readback.json,230462,61decf182dd012b9e71a0979ce5bac6094b7ba7091e22b0cdecd1297a37c58f4,.json
design_requests/08_llc_full_bridge_diode/c07_nominal_relaxed_ripple/design_request.md,5587,fe0c3811e06f05e22850cdd3340073b1ceee92c4a9df68b0890f7fddd4ff4383,.md
design_requests/08_llc_full_bridge_diode/c07_nominal_relaxed_ripple/design_result.md,48507,2ccdb2f1b470e29f77cdb4f615fb59bd8201629fd13a42a9c8fd82790bd7c029,.md
design_requests/08_llc_full_bridge_diode/c07_nominal_relaxed_ripple/pe_claw_backend_readback.json,1558491,6cdb1a47f089e3e45deab059c294abf06aebc77b1fde92385800f33c07ac31b2,.json
design_requests/08_llc_full_bridge_diode/c07_nominal_relaxed_ripple/runner_readback.json,230432,09d659ed24ae2b7df7e8af5e3e83706241a6a1b6b72c25c13be6d182f3bf976b,.json
design_requests/09_llc_half_bridge_diode/c01_nominal_full_load/design_request.md,5583,0be73e6c6ec19b03456a83f2997fb54fc7998733998812b840d388d9406498ba,.md
design_requests/09_llc_half_bridge_diode/c01_nominal_full_load/design_result.md,48087,e06e6191e7fbaffee1a637ef755503ce6c0561cac6b9d33b621ea12f7bba715c,.md
design_requests/09_llc_half_bridge_diode/c01_nominal_full_load/pe_claw_backend_readback.json,1551293,dee819b9a0f5ce442bb914a448707da80aa4757ed15f73c03f07f1e40b794392,.json
design_requests/09_llc_half_bridge_diode/c01_nominal_full_load/runner_readback.json,230404,5e1e0ebc55428cfbfa816907e49fa54ccf088c633de56fb6e83470304961b7b0,.json
design_requests/09_llc_half_bridge_diode/c02_low_input_full_load/design_request.md,5904,4ec7a84c9325bf4c1ff0501396ab1fce1fa88835bbe3257bf45faa31282b30a6,.md
design_requests/09_llc_half_bridge_diode/c02_low_input_full_load/design_result.md,48406,3870c3a63e3dc23ff386f78459c5c653b1fc69f303d22a504dc0121a6385dc0b,.md
design_requests/09_llc_half_bridge_diode/c02_low_input_full_load/pe_claw_backend_readback.json,1586516,00676868e5c2a4b50f07086f13b5021a44e4168f25b40280e5e3dfb70aa82f6c,.json
design_requests/09_llc_half_bridge_diode/c02_low_input_full_load/runner_readback.json,230444,b264eaad76bfb4966eac79d9c8d16d9388aa53778b0f076e1dbf3854e6e5f775,.json
design_requests/09_llc_half_bridge_diode/c03_high_input_full_load/design_request.md,5906,6fff9998d4764673a8cd09d7384838a5a16fc45f2d2de3e58efed6e097b4d572,.md
design_requests/09_llc_half_bridge_diode/c03_high_input_full_load/design_result.md,48375,83cc3a54a779fbb059faa550bd6f57bafafe98d03107bb275e4b26877881b2ab,.md
design_requests/09_llc_half_bridge_diode/c03_high_input_full_load/pe_claw_backend_readback.json,1586846,0c115f5bd931bcff8a31e55eb68e172f538dbe8b9b939cfc9835afaf253db445,.json
design_requests/09_llc_half_bridge_diode/c03_high_input_full_load/runner_readback.json,230458,16a9891c4a2aab35b23ce4ffd0d2d2f72feb98966679b38429586055c586550d,.json
design_requests/09_llc_half_bridge_diode/c04_nominal_light_load_20pct/design_request.md,5931,793f7a793cd30f26635349b13d7fd024ea8613a2f5ea6d8cf448c73e38bddcc0,.md
design_requests/09_llc_half_bridge_diode/c04_nominal_light_load_20pct/design_result.md,48536,8a7626e7bf4d61825a810ba3d095072b78b6a134f3a72d15605cf332edeb0d47,.md
design_requests/09_llc_half_bridge_diode/c04_nominal_light_load_20pct/pe_claw_backend_readback.json,1589295,29571e908ecacfb8e139227e4429990798b454b19878ceba3c2f62b94ac35218,.json
design_requests/09_llc_half_bridge_diode/c04_nominal_light_load_20pct/runner_readback.json,230478,c710e9c4a0bfd273b6066347f9e4b9220b8db508f99b1cb1949414cd464dbe8b,.json
design_requests/09_llc_half_bridge_diode/c05_nominal_very_light_load_10pct/design_request.md,5941,5b5843b3dd59f30469bd8bbecb979fde0121366bd077dd87d0e0f5b9bad5dc95,.md
design_requests/09_llc_half_bridge_diode/c05_nominal_very_light_load_10pct/design_result.md,48618,aee4490f54e2ff9ecf04816bc4715d447b1e62c6835aa3ba623155bf91ea61c6,.md
design_requests/09_llc_half_bridge_diode/c05_nominal_very_light_load_10pct/pe_claw_backend_readback.json,1591071,154161a80a4510aa373608de0a0584a203df732e64067eace4506454dcbdbc68,.json
design_requests/09_llc_half_bridge_diode/c05_nominal_very_light_load_10pct/runner_readback.json,230526,773ff95e136bc83d2835b6dd5c5baac157446fb1843b3d240a6b6582947ae78f,.json
design_requests/09_llc_half_bridge_diode/c06_nominal_high_frequency/design_request.md,5910,847439a489e1fbedcb21c7c796ca97222232a5e7e862ee4a2e8e61dcc02ec121,.md
design_requests/09_llc_half_bridge_diode/c06_nominal_high_frequency/design_result.md,48491,22cfda72001449febf6037c73710b3db86460d6b285b625d9898fa60d23b1906,.md
design_requests/09_llc_half_bridge_diode/c06_nominal_high_frequency/pe_claw_backend_readback.json,1587393,f015afdbf583c112e4447ce45df021d4e9af30e651d9280a3f7835995a5d2270,.json
design_requests/09_llc_half_bridge_diode/c06_nominal_high_frequency/runner_readback.json,230470,c382bb3c97711206d29f8d3d8df374db3285f8a6805e90778a3c7d2369e6a41b,.json
design_requests/09_llc_half_bridge_diode/c07_nominal_relaxed_ripple/design_request.md,5599,8d96b0acba2d4a139362d9b2b437b1b10d36484106f10a4b52bacc02e9ee9df2,.md
design_requests/09_llc_half_bridge_diode/c07_nominal_relaxed_ripple/design_result.md,48087,454178fc80072cf5cdeaa6b354291e275082f77fd9907df684b1a8f40b645b0c,.md
design_requests/09_llc_half_bridge_diode/c07_nominal_relaxed_ripple/pe_claw_backend_readback.json,1560108,7c2d493b4903ab4cb27ef87e1ae942258079d406827aab9a51978651c9527a85,.json
design_requests/09_llc_half_bridge_diode/c07_nominal_relaxed_ripple/runner_readback.json,230444,fbaba8612fe8f44207b179aa1693fd19cfc2390068e6e9b162e46a33ff289372,.json
design_requests/10_single_phase_capacitor_rectifier/c01_nominal_full_load/design_request.md,5191,23e207e9fd4b1fb8f62be1c02d07a5ebcf98227c32b8abc7e26429b510a48bd9,.md
design_requests/10_single_phase_capacitor_rectifier/c01_nominal_full_load/design_result.md,19876,18aaa945c8496433060161b5fb1ad01ecec4818e23e245f615fdb1a2001c0354,.md
design_requests/10_single_phase_capacitor_rectifier/c01_nominal_full_load/pe_claw_backend_readback.json,614769,c72fa397de77ef2489d48abded59e07df50393a6601badf9ea9d755b8cdba93a,.json
design_requests/10_single_phase_capacitor_rectifier/c01_nominal_full_load/runner_readback.json,191503,b22baad2f9254eb09ecfddb21146cbe6356cda7675e870556fd7b694f571da8a,.json
design_requests/10_single_phase_capacitor_rectifier/c02_low_input_full_load/design_request.md,5199,e489d28eeff98bc8dfa186e6abcbda507fbd1fbdea41891988d9032677c3b03e,.md
design_requests/10_single_phase_capacitor_rectifier/c02_low_input_full_load/design_result.md,19764,81d21a632f1f24181fde092a8100b3baf1d8297d49af94c7fe5069bb206e2b28,.md
design_requests/10_single_phase_capacitor_rectifier/c02_low_input_full_load/pe_claw_backend_readback.json,614608,cf21e1e2235ad2eda5f25ca027c18c258b9b716e7494f9658cd02d425de98dad,.json
design_requests/10_single_phase_capacitor_rectifier/c02_low_input_full_load/runner_readback.json,191101,52c5894fb3ac99bebbfb5c4c0b77262a4844b918d0c406823a243c331a29d538,.json
design_requests/10_single_phase_capacitor_rectifier/c03_high_input_full_load/design_request.md,5201,d4fedf1e0e8bd1109465136457ac900bebf9605bacee4f46d0e2a27c4bf897af,.md
design_requests/10_single_phase_capacitor_rectifier/c03_high_input_full_load/design_result.md,19812,ef5a6def61c3552668ddbb0e68b11ba206701ea9b59eb02b6cbd429f4f14377c,.md
design_requests/10_single_phase_capacitor_rectifier/c03_high_input_full_load/pe_claw_backend_readback.json,614787,259b117ade2d49490cb18d61995c8c1b3809beb0763fc3a3320ab61b790d56b3,.json
design_requests/10_single_phase_capacitor_rectifier/c03_high_input_full_load/runner_readback.json,191520,5ee24832fc62d1880b5a762834f99f05546e1410231c04a13b9384a7f4df542a,.json
design_requests/10_single_phase_capacitor_rectifier/c04_nominal_light_load_20pct/design_request.md,5222,35a9eaf30e8f7e8ca2e7ba98f1651a5f9755e2691065bda6e9ff69491aca275e,.md
design_requests/10_single_phase_capacitor_rectifier/c04_nominal_light_load_20pct/design_result.md,19939,00280927f03f35dbf7ba78ce16fd72e5eecec9d31c2c4481f1dcf24545f2af57,.md
design_requests/10_single_phase_capacitor_rectifier/c04_nominal_light_load_20pct/pe_claw_backend_readback.json,616585,d1faff59a1f2ef9ee9440c9801a3cf8323e877e88e744ccf65236e71abd716ae,.json
design_requests/10_single_phase_capacitor_rectifier/c04_nominal_light_load_20pct/runner_readback.json,191163,29483ca2ef9c70458d41503da9b6efe70fcd80500f50b0e5ec1c1f3f6a639a02,.json
design_requests/10_single_phase_capacitor_rectifier/c05_nominal_high_ripple/design_request.md,5202,26e94e6712af5862c8add93861b1a91b39922a17ad68fe674b5b723c7771b9e1,.md
design_requests/10_single_phase_capacitor_rectifier/c05_nominal_high_ripple/design_result.md,19874,531ecb6e5cb6844e98677bab01bdd333acbe84ab21f18b5aa0103c38bd3fa6e0,.md
design_requests/10_single_phase_capacitor_rectifier/c05_nominal_high_ripple/pe_claw_backend_readback.json,615076,33cc0f492443777498502adc4032def112a338b61da68e1a732c930ad32190f2,.json
design_requests/10_single_phase_capacitor_rectifier/c05_nominal_high_ripple/runner_readback.json,191542,9e51588a31a16a0671b3521603e5d158adeeb4dee8ecfcfbc8fcfadc45888be0,.json
design_requests/11_single_phase_dc_inductor_rectifier/c01_nominal_full_load/design_request.md,5584,d0fc07ad8dbd06f4770042e788decf1694613454b939aa5827529e83fd711032,.md
design_requests/11_single_phase_dc_inductor_rectifier/c01_nominal_full_load/design_result.md,25706,fcf6ed03e6a9a699b586a13b318c0d5170dde81b865a7854cd80d5683601472f,.md
design_requests/11_single_phase_dc_inductor_rectifier/c01_nominal_full_load/pe_claw_backend_readback.json,691885,f4fb32f7c37f8ab16bd6539f80d6847fb4a0901af20abc857c8f1b50e2934916,.json
design_requests/11_single_phase_dc_inductor_rectifier/c01_nominal_full_load/runner_readback.json,201167,f9a60d7bac884b6428d772a807ef4302e314ff245714a45e062f4d63849ae1e5,.json
design_requests/11_single_phase_dc_inductor_rectifier/c02_low_input_full_load/design_request.md,5592,a1bc8167f7f8cd72012e0bc1ef0c2bbe7b5c35fbeb3bd1c2189065b489dbcc9a,.md
design_requests/11_single_phase_dc_inductor_rectifier/c02_low_input_full_load/design_result.md,25690,3de7a6a86d4457ac34c41e686c0710126c25588c87b339d13142b7ef7e6840ad,.md
design_requests/11_single_phase_dc_inductor_rectifier/c02_low_input_full_load/pe_claw_backend_readback.json,691812,367032d30e58363bb903901aa1d686036463cf7c1fd2fd8a13ba1e353327769a,.json
design_requests/11_single_phase_dc_inductor_rectifier/c02_low_input_full_load/runner_readback.json,201462,15ef578fe0ba747c6dcba793a3c748d3b7e9e2ce3193e3a2ca7e43ced963b207,.json
design_requests/11_single_phase_dc_inductor_rectifier/c03_high_input_full_load/design_request.md,5594,6c8df6c26c33e602cbd56eebf0002ec27d388bbbd0e8162a716878ba2ccd5b5e,.md
design_requests/11_single_phase_dc_inductor_rectifier/c03_high_input_full_load/design_result.md,25788,55d57f97b1213d073134ed3e760c31161948892d83288fe764889128ddc3f992,.md
design_requests/11_single_phase_dc_inductor_rectifier/c03_high_input_full_load/pe_claw_backend_readback.json,692015,bc188b55e5901d4bae9260d5706d8a6d3c3f0a8fd5a08fbf10c80de1eec81930,.json
design_requests/11_single_phase_dc_inductor_rectifier/c03_high_input_full_load/runner_readback.json,201503,3fe978c58f03401430a264a7b18c5cdc6703c3423834a11c2a01ce4ed11e66b2,.json
design_requests/11_single_phase_dc_inductor_rectifier/c04_nominal_light_load_20pct/design_request.md,5615,b084c3f606a0bf5275f5f49ca99831d08f9d640784bb30d9c84b95c906766766,.md
design_requests/11_single_phase_dc_inductor_rectifier/c04_nominal_light_load_20pct/design_result.md,25728,37cb4c7d54815f7f93d9c7fbcad4019831262c2b5b5fbff912f9d8783e755d10,.md
design_requests/11_single_phase_dc_inductor_rectifier/c04_nominal_light_load_20pct/pe_claw_backend_readback.json,693820,f64d24f5f409e88d4f363e1166b4f88f2f53128de4fb06728558620b34fa158e,.json
design_requests/11_single_phase_dc_inductor_rectifier/c04_nominal_light_load_20pct/runner_readback.json,201199,20d9950210b673a5c1ec44c913bbc9b96ee9ec6344db5738ec0bcc21717d1c2a,.json
design_requests/11_single_phase_dc_inductor_rectifier/c05_nominal_high_ripple/design_request.md,5593,32f76b48b0bbe554f5d44fe50ae31be5b917895b7950829df6d7bf2f545b4154,.md
design_requests/11_single_phase_dc_inductor_rectifier/c05_nominal_high_ripple/design_result.md,25709,6d82ff51bd749bf62ca8be4bb5260b18f43fdce6df91c206875637d6a6fd96d7,.md
design_requests/11_single_phase_dc_inductor_rectifier/c05_nominal_high_ripple/pe_claw_backend_readback.json,692178,a0302006d8af59fa5a070ad3867eb10f3d5caa93407680514174a1d244b16705,.json
design_requests/11_single_phase_dc_inductor_rectifier/c05_nominal_high_ripple/runner_readback.json,201462,a52f2910989b8280ebc0bf2b3a21a217644c805edb1c5d62f724e8e75a30b174,.json
design_requests/12_three_phase_capacitor_rectifier/c01_nominal_full_load/design_request.md,5255,904f4a10ecdc69ae161017a6b341a4e0bafed3d7832635769f84904279bb45a8,.md
design_requests/12_three_phase_capacitor_rectifier/c01_nominal_full_load/design_result.md,20125,be2e5dbc5e16f9bf9bcee3e1d881e4fa42d582b9d6cb4b9996428bf5f03c3dfc,.md
design_requests/12_three_phase_capacitor_rectifier/c01_nominal_full_load/pe_claw_backend_readback.json,615905,a74374a664456ea513ac6913522e6727b0f601bcff89ec68c62584bc6276f33c,.json
design_requests/12_three_phase_capacitor_rectifier/c01_nominal_full_load/runner_readback.json,191078,8913bfc3f09a949b9506e33dee0927d848e69998291a968003c43203bd4030fc,.json
design_requests/12_three_phase_capacitor_rectifier/c02_low_input_full_load/design_request.md,5263,92dc7e965c0c05597277d02f0e4dd77f5fbe4910e5a97cc816b49d471c2a5f21,.md
design_requests/12_three_phase_capacitor_rectifier/c02_low_input_full_load/design_result.md,20149,1487a21bc679efc8a4063ded5ffd1bac99f0776704aaf7ef901cfbbdba86e2d5,.md
design_requests/12_three_phase_capacitor_rectifier/c02_low_input_full_load/pe_claw_backend_readback.json,615865,f610d8922cbfa15808a00f85fe0b41fd932b975580b8fea47bfff5ca28e7cf4f,.json
design_requests/12_three_phase_capacitor_rectifier/c02_low_input_full_load/runner_readback.json,191118,7b7c833f70aa9ac0ce73fb0e47404aae29eb0e6edff51370f0c50edb257cf00c,.json
design_requests/12_three_phase_capacitor_rectifier/c03_high_input_full_load/design_request.md,5265,c3bbe8416a7761fba7ae3f9e5b731dd993be535f6408586117a0df24f5f2c925,.md
design_requests/12_three_phase_capacitor_rectifier/c03_high_input_full_load/design_result.md,20127,925114d130aacd1fb183a734a3c5783c3af60e9b79f91ba52b612c0f08859582,.md
design_requests/12_three_phase_capacitor_rectifier/c03_high_input_full_load/pe_claw_backend_readback.json,615905,cfd38c1eb4803c92037bb6d47189d0110dfa508b0c7923d937052f8abc31456e,.json
design_requests/12_three_phase_capacitor_rectifier/c03_high_input_full_load/runner_readback.json,191093,81a50f9b2547841e3d4c7eae75c2899c31d97dc87dac6e8cfa9f08154965ef11,.json
design_requests/12_three_phase_capacitor_rectifier/c04_nominal_light_load_20pct/design_request.md,5286,cbf80c1548623ede39473a3cbb72e933463ceecba78c3c0dee56c4eb711963f0,.md
design_requests/12_three_phase_capacitor_rectifier/c04_nominal_light_load_20pct/design_result.md,20168,f65f1861ff2797b68638d84a2d26e411dbe8331e6926bf9515d0c11bb49d543d,.md
design_requests/12_three_phase_capacitor_rectifier/c04_nominal_light_load_20pct/pe_claw_backend_readback.json,617738,cce59ee6382ac32882be0d893f2795f62318c7bfdf8582ee7ca8c3ac543ed03e,.json
design_requests/12_three_phase_capacitor_rectifier/c04_nominal_light_load_20pct/runner_readback.json,191114,825c78052e11bf58785dd5358af38d44e950f05125e787018ae34d23bdcbcd80,.json
design_requests/12_three_phase_capacitor_rectifier/c05_nominal_high_ripple/design_request.md,5266,a2248ec4653d9f8951083d1fdafe108ff8fb7978bcf899862b467b8a94388ea3,.md
design_requests/12_three_phase_capacitor_rectifier/c05_nominal_high_ripple/design_result.md,20110,e5f9d4395055a3a356847f3fb6966fa37eabf8819529ac69f9e795c3dddeab35,.md
design_requests/12_three_phase_capacitor_rectifier/c05_nominal_high_ripple/pe_claw_backend_readback.json,616190,0c5c74f10d28420234f5c7fe8684f6fb4118ce7a0778a27bb663f0d0bab37e44,.json
design_requests/12_three_phase_capacitor_rectifier/c05_nominal_high_ripple/runner_readback.json,191086,4b58be01c9bb0ff1a40cebc12728eff331b50ebd9e470094a45fe8d665806711,.json
design_requests/13_diode_bridge_boost_pfc/c01_nominal_full_load_50hz/design_request.md,5932,3eb3d21628afcffd8569d0957c16063918072e51cae088138a869f5ba550b524,.md
design_requests/13_diode_bridge_boost_pfc/c01_nominal_full_load_50hz/design_result.md,28330,acb50363bb7e9dedb057416c236d8030b19f737181d6321f284d76a9e1edf9a3,.md
design_requests/13_diode_bridge_boost_pfc/c01_nominal_full_load_50hz/pe_claw_backend_readback.json,688758,57f8208c98ec0c0b2eb35b3894c4ae99c0f3e7523dd5ebb5205dbd7723f2db0d,.json
design_requests/13_diode_bridge_boost_pfc/c01_nominal_full_load_50hz/runner_readback.json,113562,cdd344d7edcc0544c4135e4e2a1ed2dbf0c5ee36625ddfc1dcad54b418f17063,.json
design_requests/13_diode_bridge_boost_pfc/c02_low_input_full_load_50hz/design_request.md,5936,0236d5c86351fd369193cff49caeb60f2227b87f5842c10c5bafac8fc575d84a,.md
design_requests/13_diode_bridge_boost_pfc/c02_low_input_full_load_50hz/design_result.md,28445,b31c5ec6793e6962e184012edab4a791b26bfd8fc044cc2792cdbcd01ee1cbe8,.md
design_requests/13_diode_bridge_boost_pfc/c02_low_input_full_load_50hz/pe_claw_backend_readback.json,705207,895d911e509d7db63945a80c82e7dd315b89fc834da45029fb5aa96f454b3bf3,.json
design_requests/13_diode_bridge_boost_pfc/c02_low_input_full_load_50hz/runner_readback.json,145916,a40188faadbe2da20b4fc85d11d7f34c1de5c9e0e63a6faa0f738d1812b01ecb,.json
design_requests/13_diode_bridge_boost_pfc/c03_high_input_full_load_50hz/design_request.md,5938,37d6d4ba9a6e52bdcbc3d1182f3134cbf6a6bee06787174e9f36af8a6cf0d837,.md
design_requests/13_diode_bridge_boost_pfc/c03_high_input_full_load_50hz/design_result.md,28465,2247b092651e039b880337c2d51c7d17b72add6fc14d00da4807b9075ac92b11,.md
design_requests/13_diode_bridge_boost_pfc/c03_high_input_full_load_50hz/pe_claw_backend_readback.json,706071,bc335001c9f9529554ea208b56c6bab4d066045838119e23270075bf0232372b,.json
design_requests/13_diode_bridge_boost_pfc/c03_high_input_full_load_50hz/runner_readback.json,147231,612750099f4d8984e6aeb1050def7c90e7dfc090d9059d0ad0b1d3c0960fef2c,.json
design_requests/13_diode_bridge_boost_pfc/c04_nominal_light_load_20pct_50hz/design_request.md,5945,0b6090155d49046318a5a8a962443903591f3cc5a372904ef84c36b9784554b6,.md
design_requests/13_diode_bridge_boost_pfc/c04_nominal_light_load_20pct_50hz/design_result.md,28396,42f4ce2cf2f70f0af990d05f5c607259a2915a6f712073857298502ec7e5387a,.md
design_requests/13_diode_bridge_boost_pfc/c04_nominal_light_load_20pct_50hz/pe_claw_backend_readback.json,689174,75de6573015d3c0fadc092550870ece268f1bd5713279ccc4829a9833262a8cb,.json
design_requests/13_diode_bridge_boost_pfc/c04_nominal_light_load_20pct_50hz/runner_readback.json,115241,7a967ab40575fd1d255640b3036ae07afa817fa025b6a6726c3da4e7e5ea5f45,.json
design_requests/13_diode_bridge_boost_pfc/c05_nominal_very_light_load_10pct_50hz/design_request.md,5955,b0fced60a0fe6c30534e8173b26dffc103a93438020adf79010f589eb638b98f,.md
design_requests/13_diode_bridge_boost_pfc/c05_nominal_very_light_load_10pct_50hz/design_result.md,28474,a8ce904a1985520382a3a9b8e1ba72f08e513c0e2dc71b17722e0234990fd929,.md
design_requests/13_diode_bridge_boost_pfc/c05_nominal_very_light_load_10pct_50hz/pe_claw_backend_readback.json,690456,21f7e76ab8ed28bb14a6ec7243f6d657067f3b7ec30d7ffb5a8ad4286525a0e8,.json
design_requests/13_diode_bridge_boost_pfc/c05_nominal_very_light_load_10pct_50hz/runner_readback.json,116740,f8fd3adcbd253dcd88509482a19a947b6a5405f7a7d010dc1ddb2285fc600c70,.json
design_requests/13_diode_bridge_boost_pfc/c06_nominal_high_frequency_50hz/design_request.md,5942,693016d596690ca006f997a085bdc8ba489ed8039ca35fdefdeae0fc65919223,.md
design_requests/13_diode_bridge_boost_pfc/c06_nominal_high_frequency_50hz/design_result.md,28281,ac08aefd14d40ef01e60fa53222d4642ce1767870b87a019cf79b916fcf1b7f6,.md
design_requests/13_diode_bridge_boost_pfc/c06_nominal_high_frequency_50hz/pe_claw_backend_readback.json,691412,1330d294b555fc7b16b6482e85e83fc1883a19ead64a2c98a2e6d617245e4b4d,.json
design_requests/13_diode_bridge_boost_pfc/c06_nominal_high_frequency_50hz/runner_readback.json,118148,bc876934cdd84b79e129ec40b56886328eea62f563de9c5633f5d5d1c83105dc,.json
design_requests/13_diode_bridge_boost_pfc/c07_nominal_high_ripple/design_request.md,5928,7167713cb7ad4e27436dd98c60400cd2cab1887623a08eac9328fc47496a0397,.md
design_requests/13_diode_bridge_boost_pfc/c07_nominal_high_ripple/design_result.md,28297,68709d268bc20ce1a094963f7d417ef2c89c4e5961b43bc8dfde0d14fa47e6ea,.md
design_requests/13_diode_bridge_boost_pfc/c07_nominal_high_ripple/pe_claw_backend_readback.json,699792,4a3e0a2d967aa0e75a9fa0b91e13f9acb4d394a864dd8089478ac1ec91d517ac,.json
design_requests/13_diode_bridge_boost_pfc/c07_nominal_high_ripple/runner_readback.json,148642,ce23b3ab1f8d94b852c1bdb2146dc7acd354c29977a695470f64ba6efc8f7f03,.json
design_requests/14_totem_pole_pfc/c01_nominal_full_load_50hz/design_request.md,6572,924a97b5576a67f71c095a8e64e4512007b8140b89f0c8764d659c41864b0831,.md
design_requests/14_totem_pole_pfc/c01_nominal_full_load_50hz/design_result.md,29146,856f6e2c608739dc59871fd22fae64b984f10efd52c607faf557ef88349eebb4,.md
design_requests/14_totem_pole_pfc/c01_nominal_full_load_50hz/pe_claw_backend_readback.json,714968,db4e1911893ad1fa3d34bc2bf2c42e7ad3a99b7af44a642113daa92aae6f9c0c,.json
design_requests/14_totem_pole_pfc/c01_nominal_full_load_50hz/runner_readback.json,151102,54050fb8c571633a23de1aa3dd7d72cc620ab5661d30631285c2fdbedb2c4662,.json
design_requests/14_totem_pole_pfc/c02_low_input_full_load_50hz/design_request.md,6576,998f6a1b6ac94ee2031e773aa0bc9e083a8f31e54c23326326df5e4cd9145d43,.md
design_requests/14_totem_pole_pfc/c02_low_input_full_load_50hz/design_result.md,29147,22d9302d9c2d2a077aaeb834c60e9e770d10a4d79990eb9296deb89ef9534e77,.md
design_requests/14_totem_pole_pfc/c02_low_input_full_load_50hz/pe_claw_backend_readback.json,715921,3684df21a20c503a36eac6d6a37e7e5e3e8c1e4469b27c1973c2d4636cb716a8,.json
design_requests/14_totem_pole_pfc/c02_low_input_full_load_50hz/runner_readback.json,152736,c6628b0e96864991c82b3a90ca41731d46be0713b6c9d98cebccaf462c31e0ae,.json
design_requests/14_totem_pole_pfc/c03_high_input_full_load_50hz/design_request.md,6578,74384bfbdea73b790112d51d2121f166cee7539456fbaa70d5709b0d3cfd67dd,.md
design_requests/14_totem_pole_pfc/c03_high_input_full_load_50hz/design_result.md,29150,cb46896a1748fb58db562170d7c54d8a12d562c35fb48d565359637e1394b658,.md
design_requests/14_totem_pole_pfc/c03_high_input_full_load_50hz/pe_claw_backend_readback.json,716732,d8c5f157cd69ea71415a3230563aff089a7eb7b3cf42815a40629e6da577ff0f,.json
design_requests/14_totem_pole_pfc/c03_high_input_full_load_50hz/runner_readback.json,154045,4a1c8c0236f1074165085999fa4e2dc0b7b704811bdcafe6121bbe9ed16c9cb4,.json
design_requests/14_totem_pole_pfc/c04_nominal_light_load_20pct_50hz/design_request.md,6585,0b30d529465a6430d4fece0ac0c34757f8346c681addb076f27c8574cfc06641,.md
design_requests/14_totem_pole_pfc/c04_nominal_light_load_20pct_50hz/design_result.md,29206,2152b77e0ff044c826b3b70e3a84b5cf8b67b339c904c7d450aa5eed36cf6c8a,.md
design_requests/14_totem_pole_pfc/c04_nominal_light_load_20pct_50hz/pe_claw_backend_readback.json,717761,dcc8b7b192c42b08e0cdcca9affbcb6a2d31960eaa8fc0698ce975bf530fb050,.json
design_requests/14_totem_pole_pfc/c04_nominal_light_load_20pct_50hz/runner_readback.json,155703,e961ea84327b74436805f87523a6bf331b6f77fa0b0cf24c8b099eccc6da46b5,.json
design_requests/14_totem_pole_pfc/c05_nominal_very_light_load_10pct_50hz/design_request.md,6595,4daea0ebc8ddab88d6e2e461dac7c1adc6fdf6d736a8f20f4bfbe3b5fb77247b,.md
design_requests/14_totem_pole_pfc/c05_nominal_very_light_load_10pct_50hz/design_result.md,29200,451c6f6a950c79cbbc76c6682db5e3b8ffa8aa5b22b542cdc4ad7906e5f0a2ad,.md
design_requests/14_totem_pole_pfc/c05_nominal_very_light_load_10pct_50hz/pe_claw_backend_readback.json,718960,0f1d8e0ba8d3d7a63c61ffc8787e0ef99c168e5b9aab203bd99645fd14fcaf06,.json
design_requests/14_totem_pole_pfc/c05_nominal_very_light_load_10pct_50hz/runner_readback.json,157182,e7c37f5c57401031cc84f0a5a4069a1f220031b38fa5a6f0f449f55eac662a7b,.json
design_requests/14_totem_pole_pfc/c06_nominal_high_frequency_50hz/design_request.md,6582,02398da0657ddb99421edb65a22e4c7f4403a77eebdce935fa9cca73cb2d3ec9,.md
design_requests/14_totem_pole_pfc/c06_nominal_high_frequency_50hz/design_result.md,29124,60d52a98c58826eddcafcdb59ab97437c8e8c9aa2dad1634758175c3d773513d,.md
design_requests/14_totem_pole_pfc/c06_nominal_high_frequency_50hz/pe_claw_backend_readback.json,719152,7500dd8a28ed70ba635cc031ed3963373a0e75cf3dd551c3b1e0d5dd4c7a0595,.json
design_requests/14_totem_pole_pfc/c06_nominal_high_frequency_50hz/runner_readback.json,158608,98af76e529151b8c3cd471d2f39431016a3481c3e80b1d2c1113c24ecd7b4185,.json
design_requests/14_totem_pole_pfc/c07_nominal_full_load_60hz/design_request.md,6572,ebc6d30e2d2353433b8266530b90fafd35cfb690a0e6aa790b8fbcd4b0f07a64,.md
design_requests/14_totem_pole_pfc/c07_nominal_full_load_60hz/design_result.md,29182,c2493b0ba3fb16fd2c852292cf34eda54917195b90cc452f4baeaebde94a2d0a,.md
design_requests/14_totem_pole_pfc/c07_nominal_full_load_60hz/pe_claw_backend_readback.json,719480,de130f09ea8b127e97b203c6c6d4083e27c499326f9cb4f43d393e2354874912,.json
design_requests/14_totem_pole_pfc/c07_nominal_full_load_60hz/runner_readback.json,159894,63264d452b09986ed19e66bcdecddf1b4643e7145435528af1078a593d5e2330,.json
design_requests/14_totem_pole_pfc/c08_nominal_high_frequency_60hz/design_request.md,6582,b280da88eecf5e2dfddbe086a8c27095bb1c5526cfe66a4a332bf77e27e26755,.md
design_requests/14_totem_pole_pfc/c08_nominal_high_frequency_60hz/design_result.md,29160,7ee61454041454880590787f14c735816b10ecce0debd9d0b199ddae9df0c9af,.md
design_requests/14_totem_pole_pfc/c08_nominal_high_frequency_60hz/pe_claw_backend_readback.json,720696,852838a7707e10db81301bd028032e814c4c7852b311e3c192b1b6e0f2572ff9,.json
design_requests/14_totem_pole_pfc/c08_nominal_high_frequency_60hz/runner_readback.json,161550,d6463b51787db5f0bb20976ed007a9752e3aeb7e5f82064a490da9c2005d9eec,.json
design_requests/14_totem_pole_pfc/c09_nominal_high_ripple/design_request.md,6568,7cd1bb2170c19fd3933d1782e6ed56f765271e6e5e8fa3c87faa028c719569c7,.md
design_requests/14_totem_pole_pfc/c09_nominal_high_ripple/design_result.md,29126,a7457c573b8a3c1b56830cd120a8b16b7661b2308bbf42762c74db1a7923144a,.md
design_requests/14_totem_pole_pfc/c09_nominal_high_ripple/pe_claw_backend_readback.json,713864,b3e97b30e40fbe0893eb2ffa46437a8d355b3bfc248a4d7096e1385deacb2c44,.json
design_requests/14_totem_pole_pfc/c09_nominal_high_ripple/runner_readback.json,162785,4591ee8a00ce8b888c96e7e7a940184426d389e78ba8a5efa943176c999a9326,.json
design_requests/15_single_phase_full_bridge_inverter/c01_nominal_dc_full_load_50hz/design_request.md,4722,532c9cecb17e44f940917490b0db20860f9dc4b5f53b4b1703498fd041bccc4d,.md
design_requests/15_single_phase_full_bridge_inverter/c01_nominal_dc_full_load_50hz/design_result.md,29540,5bc2d1ee4a24f5c8da5cbacd2c171875d4e67ab37dc27a7698b91f8ad6780614,.md
design_requests/15_single_phase_full_bridge_inverter/c01_nominal_dc_full_load_50hz/pe_claw_backend_readback.json,704168,9e8c3b727ec2dc916f3c10f4670d6fd3fe602ba3862b6e6e0bba559e88e490e7,.json
design_requests/15_single_phase_full_bridge_inverter/c01_nominal_dc_full_load_50hz/runner_readback.json,163912,89e5a23885a6b4b741687d707a86c785abd5c6df483ed88d6f0958b5953c2012,.json
design_requests/15_single_phase_full_bridge_inverter/c02_low_dc_full_load_50hz/design_request.md,4714,f36f6bbbccb6802bec48f5a510528ce448b6c7c8d5be9a3de325d870140a4a6b,.md
design_requests/15_single_phase_full_bridge_inverter/c02_low_dc_full_load_50hz/design_result.md,29508,e1770f1848fd1573f863dd4df75c1773ab7712fcb15e121fc6aae1568628abff,.md
design_requests/15_single_phase_full_bridge_inverter/c02_low_dc_full_load_50hz/pe_claw_backend_readback.json,704558,257016360cf649e583992238614bb5c2307d823d784c53236a8b127ef140ebb3,.json
design_requests/15_single_phase_full_bridge_inverter/c02_low_dc_full_load_50hz/runner_readback.json,165357,6980f469c0bdde0e2504c0351848f4ee22d4d43c1cee4d4bfcc0561670cacab2,.json
design_requests/15_single_phase_full_bridge_inverter/c03_high_dc_full_load_50hz/design_request.md,4716,deb07029be653c06401902a1630b474fb5fed6f6b216ac121fb2446663fdbc7a,.md
design_requests/15_single_phase_full_bridge_inverter/c03_high_dc_full_load_50hz/design_result.md,29541,4c11cb68be3740719e49c0d8ed9828dbbd9c80324a47c060be3bfc299043054d,.md
design_requests/15_single_phase_full_bridge_inverter/c03_high_dc_full_load_50hz/pe_claw_backend_readback.json,705381,0a77871f8bb2b2355a375913ed437f6ebd5493018a6413f54520d426a601675f,.json
design_requests/15_single_phase_full_bridge_inverter/c03_high_dc_full_load_50hz/runner_readback.json,166819,13819ba4c3f9b2096e55c7e66f8be2e68938a9be2d4d4719c2e220ad1869fae9,.json
design_requests/15_single_phase_full_bridge_inverter/c04_nominal_dc_light_load_20pct/design_request.md,4725,66d109a6005e1d5985646cd432a57a7b115df5e91a0c10f27b04475b0c63bb11,.md
design_requests/15_single_phase_full_bridge_inverter/c04_nominal_dc_light_load_20pct/design_result.md,29634,10f72b93009824f3afe7d86bace8d2e98404d1f7a0cf7783c1b7f95eb41fdd6c,.md
design_requests/15_single_phase_full_bridge_inverter/c04_nominal_dc_light_load_20pct/pe_claw_backend_readback.json,706469,2135927c2b87c16e30c049cfca6bed416e3d3e195043f641d933fab9354d19a4,.json
design_requests/15_single_phase_full_bridge_inverter/c04_nominal_dc_light_load_20pct/runner_readback.json,168323,a54bc034b3545cf70cdcd61a95e4a9de4ebc0a5e1661fa25bb90eac2b5ce510a,.json
design_requests/15_single_phase_full_bridge_inverter/c05_nominal_dc_full_load_60hz/design_request.md,4722,bc8b86c683a25939d1c0d83275a4034f8cfff7f62d0a47ceb437ecef64f82887,.md
design_requests/15_single_phase_full_bridge_inverter/c05_nominal_dc_full_load_60hz/design_result.md,29536,7cb851f1c22e5b633985e8805cc937500149677f458b364c1f1209c702c340df,.md
design_requests/15_single_phase_full_bridge_inverter/c05_nominal_dc_full_load_60hz/pe_claw_backend_readback.json,707140,132463e4673f019d84f8a854670b2e82cbc883f61bd65eb6f30b9cab98dcaed7,.json
design_requests/15_single_phase_full_bridge_inverter/c05_nominal_dc_full_load_60hz/runner_readback.json,169760,f1adc7f0627492b2c6fcd6a7b732725ea34837ab21206f9fc93a5b7c96798644,.json
design_requests/15_single_phase_full_bridge_inverter/c06_nominal_high_carrier_frequency/design_request.md,4732,6b0fef343a56aeb1a122ba6f4ee3a0ae567665e0a92ca15f34a95c5d594ccc4d,.md
design_requests/15_single_phase_full_bridge_inverter/c06_nominal_high_carrier_frequency/design_result.md,29507,7821dfc188a24d04776ce8c60baa20f7974407531d416cf9e2194c3e79fde1d7,.md
design_requests/15_single_phase_full_bridge_inverter/c06_nominal_high_carrier_frequency/pe_claw_backend_readback.json,708355,62dd11954a5591b8605e751e0f1d08f2f34ac64e56a02a753636ff3b907738a4,.json
design_requests/15_single_phase_full_bridge_inverter/c06_nominal_high_carrier_frequency/runner_readback.json,171244,78e05c22c47408c5ee54daa899ec8adf65958c38aa156ace4598dc14538b9cab,.json
design_requests/15_single_phase_full_bridge_inverter/c07_nominal_pf_0p8/design_request.md,4700,c4bc681557332e64310ed0978d912d611421f4630523b8087bdd6ac410a8cd6d,.md
design_requests/15_single_phase_full_bridge_inverter/c07_nominal_pf_0p8/design_result.md,29546,830a012f4d29c1806b94a21da091e809451fb8fecc29ca03d1e3e4fdaa46de57,.md
design_requests/15_single_phase_full_bridge_inverter/c07_nominal_pf_0p8/pe_claw_backend_readback.json,707594,894fe200077080b038171254ac2e9ae5f08d1a0a8c469cd4d7fd3cf7cedecf85,.json
design_requests/15_single_phase_full_bridge_inverter/c07_nominal_pf_0p8/runner_readback.json,172629,f4cd82ba587d9b236726cebb570435fe29e873e67cd3328a5b2b9f8f764e8697,.json
design_requests/16_three_phase_two_level_vsi/c01_nominal_dc_full_load_50hz/design_request.md,4774,3436a6833985d7875d416250986e4665c5befd236a26ac8d919fa5c238038e4c,.md
design_requests/16_three_phase_two_level_vsi/c01_nominal_dc_full_load_50hz/design_result.md,28494,f91412cff2d01e91c57afbc7845c2c9930ed1174d76cb70a788423a4226bd663,.md
design_requests/16_three_phase_two_level_vsi/c01_nominal_dc_full_load_50hz/pe_claw_backend_readback.json,702540,57f4bf5a9f7c1f0ba775fe1ee8037852939bcde092115cfd81233479db63b597,.json
design_requests/16_three_phase_two_level_vsi/c01_nominal_dc_full_load_50hz/runner_readback.json,174200,6f425275cc3859630e0264bcdc78c12c597dc46236b5cd76a4ac979613b82722,.json
design_requests/16_three_phase_two_level_vsi/c02_low_dc_full_load_50hz/design_request.md,4766,b7d0702047a483822531bde31b744c75ca973656c0013de4af4f300bfd4bcfd1,.md
design_requests/16_three_phase_two_level_vsi/c02_low_dc_full_load_50hz/design_result.md,28549,6778bd1b053cef3e6a8cc4cde4bc62709b0a6cafb7ee413d7dc5f872328e9aed,.md
design_requests/16_three_phase_two_level_vsi/c02_low_dc_full_load_50hz/pe_claw_backend_readback.json,703022,b357a8c3e8199af4ad349e064ae550944b6046751422d039856f7fedc94269e0,.json
design_requests/16_three_phase_two_level_vsi/c02_low_dc_full_load_50hz/runner_readback.json,175646,c79c734d0d0cd4759d052ca63f87faf5ae7fdb804b7b4392897b89351ae7d68a,.json
design_requests/16_three_phase_two_level_vsi/c03_high_dc_full_load_50hz/design_request.md,4768,c727bed3e9247ea8d9715e2afad48f28ad2d093878781cdb75b229e9fee11552,.md
design_requests/16_three_phase_two_level_vsi/c03_high_dc_full_load_50hz/design_result.md,28545,ac07df199f6d68b29aa9bd7ec45a0e507ff929b08a0402663e430f38461066e2,.md
design_requests/16_three_phase_two_level_vsi/c03_high_dc_full_load_50hz/pe_claw_backend_readback.json,703895,bd5a2cd294b570645bca372da27c27a0884efb2fb32db3c67e20407b24f4e44d,.json
design_requests/16_three_phase_two_level_vsi/c03_high_dc_full_load_50hz/runner_readback.json,177111,45115648bae8f81970dcc39e1320ec21c233f82ddc1a5d569167f082c721cd19,.json
design_requests/16_three_phase_two_level_vsi/c04_nominal_dc_light_load_20pct/design_request.md,4777,2da04d40f13fcca1c13a9b53714aa85139e55960f8c8bf0bfabd844c5995e745,.md
design_requests/16_three_phase_two_level_vsi/c04_nominal_dc_light_load_20pct/design_result.md,28550,79e7d73dbb7d463d22b01de867f15863a5de8bd583609ec93d95924bc91a53dd,.md
design_requests/16_three_phase_two_level_vsi/c04_nominal_dc_light_load_20pct/pe_claw_backend_readback.json,704919,aeefeae7e72fe7aeb5b05b8ba121a3f479b5dc18ffb191330bdc25d524521394,.json
design_requests/16_three_phase_two_level_vsi/c04_nominal_dc_light_load_20pct/runner_readback.json,178589,1c73bde2d08da4b853dcd6ff86dfff1aa8b49cd7477a0df50c94e3c05e830e81,.json
design_requests/16_three_phase_two_level_vsi/c05_nominal_dc_full_load_60hz/design_request.md,4774,66c573f0f24b58c35d2a9a186c04a77e204823c1af5632e2dc182788cf05af82,.md
design_requests/16_three_phase_two_level_vsi/c05_nominal_dc_full_load_60hz/design_result.md,28499,059b5eda41d0a24c837a9dd58e147c352fa6ce123dcab61630dddb9388123d05,.md
design_requests/16_three_phase_two_level_vsi/c05_nominal_dc_full_load_60hz/pe_claw_backend_readback.json,705508,6b7b0c77620b0c08bfc95890e77e258a77b23b129e74b80119653ed1ac8f23a0,.json
design_requests/16_three_phase_two_level_vsi/c05_nominal_dc_full_load_60hz/runner_readback.json,180050,393721e86414ba3c931094e89e0e41dc2b38875f1fc0f65c9e13270b43d94e0a,.json
design_requests/16_three_phase_two_level_vsi/c06_nominal_high_carrier_frequency/design_request.md,4784,347594a05ea1d4268a4b54c6f6154aa88d0a623ba907a63b20bf235653f99c6b,.md
design_requests/16_three_phase_two_level_vsi/c06_nominal_high_carrier_frequency/design_result.md,28557,70f9ccc4850a176199ff66f99c0b0356f9d49d027e6410a494e7a01543f79354,.md
design_requests/16_three_phase_two_level_vsi/c06_nominal_high_carrier_frequency/pe_claw_backend_readback.json,706866,601e0886b8bf9a550f611da4a18a4f97f3ab2988143e5593666009011d5fee09,.json
design_requests/16_three_phase_two_level_vsi/c06_nominal_high_carrier_frequency/runner_readback.json,181544,1ce3f41190866ed8d70abc2092ae1d0fbefd8c08f8628a08b83f9dbe2bf65b24,.json
design_requests/16_three_phase_two_level_vsi/c07_nominal_pf_0p8/design_request.md,4752,81584f067aa58821db04dc5ff24160b5c4537610961c10648c6af39823fbf65b,.md
design_requests/16_three_phase_two_level_vsi/c07_nominal_pf_0p8/design_result.md,28521,2fe369b35c968d32df904abf12e62a219f1476367813c5d2ce57edb4853cd72e,.md
design_requests/16_three_phase_two_level_vsi/c07_nominal_pf_0p8/pe_claw_backend_readback.json,706042,fed5526c6a797ba36c77acba7542af8eeab8b4c1185d8f67cee66f3bcc2f2fa1,.json
design_requests/16_three_phase_two_level_vsi/c07_nominal_pf_0p8/runner_readback.json,182920,334af5fce6bb0ed1ed836ac6c7066ec68284598d6f45902421b1a86bd6c75467,.json
design_requests/17_three_phase_three_level_npc/c01_nominal_dc_full_load_50hz/design_request.md,4980,93b87813b74f342ce1c0baf35f3498b4baf40818c3657b87170f3763d1cebb1d,.md
design_requests/17_three_phase_three_level_npc/c01_nominal_dc_full_load_50hz/design_result.md,37849,b02d17a581f1b2b4949be0cc173d140721003724adb17f9c517f21669e6aa5e0,.md
design_requests/17_three_phase_three_level_npc/c01_nominal_dc_full_load_50hz/pe_claw_backend_readback.json,762945,a9298ad43900c99c0956005df98cb6225560fa27afe41d3b28cff48c960feb7f,.json
design_requests/17_three_phase_three_level_npc/c01_nominal_dc_full_load_50hz/runner_readback.json,210433,c5dc336ed0bf42bbb96c6379685700861d81ae0224f3765157186e4336d35382,.json
design_requests/17_three_phase_three_level_npc/c02_low_dc_full_load_50hz/design_request.md,4972,2f59d89e151b92600e152b28b2702eedd5e4a31a5c346dcab417d32c0d74981b,.md
design_requests/17_three_phase_three_level_npc/c02_low_dc_full_load_50hz/design_result.md,37854,edb4f795ec73767951171058133c964635e8b045ab00e8e92fda9136baf9f004,.md
design_requests/17_three_phase_three_level_npc/c02_low_dc_full_load_50hz/pe_claw_backend_readback.json,762690,49e7bf68ec97e82834a656fbe8478a1e73696b759cc054035a43ba7a23ea7aa3,.json
design_requests/17_three_phase_three_level_npc/c02_low_dc_full_load_50hz/runner_readback.json,210402,6593d84f8450e1ebe49539f52a2f1cbba7fd36080cf1a0ec62e87e2ca11a7ccc,.json
design_requests/17_three_phase_three_level_npc/c03_high_dc_full_load_50hz/design_request.md,4974,107d3c6382bf674b5f2f2f7a9206a461992fa62f1967c900064bb8fa2ff91cf5,.md
design_requests/17_three_phase_three_level_npc/c03_high_dc_full_load_50hz/design_result.md,37815,97a7a2a228c67e1417e0e3d7c60eb0c1240dc6eb38e5b1997c21c9665bdf5706,.md
design_requests/17_three_phase_three_level_npc/c03_high_dc_full_load_50hz/pe_claw_backend_readback.json,762738,96624bbef154e3f7ec3643ac8b1e96f332e261c48c8d2f85b7349542a2222377,.json
design_requests/17_three_phase_three_level_npc/c03_high_dc_full_load_50hz/runner_readback.json,210412,4d1f948245cf96232149accd5be6f96722572071a4b598628e52e3f3d12eca9d,.json
design_requests/17_three_phase_three_level_npc/c04_nominal_dc_light_load_20pct/design_request.md,5001,8b6f5689e697d6322bffcbcfcaaac9283e346ef519f5bd3f8725f021febb98c3,.md
design_requests/17_three_phase_three_level_npc/c04_nominal_dc_light_load_20pct/design_result.md,37803,3da6a973073a01072f0351b7e28d23c3a67143efda8a0a495023b536f380b93f,.md
design_requests/17_three_phase_three_level_npc/c04_nominal_dc_light_load_20pct/pe_claw_backend_readback.json,764859,770cf76faf5deb18f631f09ab3f0d4665d73a04814514ad8e4710cc3d1e912eb,.json
design_requests/17_three_phase_three_level_npc/c04_nominal_dc_light_load_20pct/runner_readback.json,210434,c0166cd6130ec401dcc03970a04f7d2e42007791b5e60d1baf5f7bde439851c8,.json
design_requests/17_three_phase_three_level_npc/c05_nominal_dc_full_load_60hz/design_request.md,4980,ccd8c5560963b2a3006c2c1708b4c797fd9836ba7709c3358833b83495957c56,.md
design_requests/17_three_phase_three_level_npc/c05_nominal_dc_full_load_60hz/design_result.md,37861,72e528fd60a50b2122def939c9b471308bf777d809f9ebb0322823911b32e573,.md
design_requests/17_three_phase_three_level_npc/c05_nominal_dc_full_load_60hz/pe_claw_backend_readback.json,762928,1e8a0e762f9277398758c084455d167259b413e62b270a3891e534e4aa8bab96,.json
design_requests/17_three_phase_three_level_npc/c05_nominal_dc_full_load_60hz/runner_readback.json,210431,2cac396f2ad2330309d9efa1e448157cbe8745f5c1db0d48f17736a930784d20,.json
design_requests/17_three_phase_three_level_npc/c06_nominal_high_carrier_frequency/design_request.md,4990,12354bb0e481c1006d137931867456063e4cbc9b15d32ad71d1b68373c96d908,.md
design_requests/17_three_phase_three_level_npc/c06_nominal_high_carrier_frequency/design_result.md,37814,a6406a6b6ca60de502cc439796bc0c2763bf1c8b2a1cbcf233a7ffc3b1372d15,.md
design_requests/17_three_phase_three_level_npc/c06_nominal_high_carrier_frequency/pe_claw_backend_readback.json,763556,8a1dd672edec631501605fe62b45844294baf4fb5cc2e0e5a1f13877fa9a3240,.json
design_requests/17_three_phase_three_level_npc/c06_nominal_high_carrier_frequency/runner_readback.json,210462,b577a6cd054e429099fec5594cb0c14396e7d5b75f90096625fb11ed44eaaf7a,.json
design_requests/17_three_phase_three_level_npc/c07_nominal_pf_0p8/design_request.md,4958,ab9e3fe4f196108d3baa94bf071284c8d46417ff1e9ca1535e75c86fcf262a5d,.md
design_requests/17_three_phase_three_level_npc/c07_nominal_pf_0p8/design_result.md,37891,7828766be3eae43fda6be4b7a6a6c55b3d7b85555d14d01e276408afe9318749,.md
design_requests/17_three_phase_three_level_npc/c07_nominal_pf_0p8/pe_claw_backend_readback.json,761948,0a35dc22ae75d319a4712a01d2c10ea8056a2845c5bc344d27a60bdbf03735c0,.json
design_requests/17_three_phase_three_level_npc/c07_nominal_pf_0p8/runner_readback.json,210378,7e05a2a1153b1881008df67717ffd89bcbfa867dcbca8e185b272cb15711982a,.json
design_requests/crd_06600dd065n_auto_selection/design_request.md,4571,926e015edd5c32a6133b7f60c5cc4cf70895e639050f8b2684f8f4d50db7b75b,.md
design_requests/crd_06600dd065n_wolfspeed_sic/design_request.md,4438,27025b8f73895b22aaa3444b8fa6f085e7862ac06c0f96c0841daaef01116a44,.md
design_requests/crd_07500aa12n_fmc_three_phase_vsi_100khz/design_request.md,7073,20331f5377d29fa57d59f9eba8a32808e3f3b95feb8aa38bc9fc644d41b45047,.md
design_requests/crd_07500aa12n_fmc_three_phase_vsi_50khz/design_request.md,7137,2f60fc6d514f6c1a1849393d30e02967edb906bdd0a8d78bb576672b7e9f1de3,.md
design_requests/crd_07500aa12n_fmc_three_phase_vsi_75khz/design_request.md,7066,d9d92d7c1cf9e4e373e1708687b6e0c88022f2d674b53fc121a5a27e39d18be9,.md
design_requests/crd_11da12n_k_three_phase_vsi_11kw/design_request.md,5843,41b0b4f26a26be879abecee481dade804ebb885cc705b688a0f5a65b429506e0,.md
design_requests/crd_11da12n_k_three_phase_vsi_11kw_32khz/design_request.md,5843,9e6c1aecc572f76d94958a6775421317fb39bf34fe5b28e883554cf2ab78fe51,.md
design_requests/crd_11da12n_k_three_phase_vsi_11kw_48khz/design_request.md,5843,19bd481b9e66544d33739e8f57a099a38d7e240c1643d58db150a5e39d205b1b,.md
design_requests/crd_11da12n_k_three_phase_vsi_11kw_64khz/design_request.md,5843,1279d85d3c4bc2f2ec4733d466783b5298945d3cce743b441c3a1322ffc84c1a,.md
design_requests/crd_11da12n_k_three_phase_vsi_11kw_80khz/design_request.md,5843,2178ed7bb6cd1d345160321f469ab2f72413ff5a154070e2e87645c2ea5326bf,.md
design_requests/crd_13da12n_j2_three_phase_vsi_16khz/design_request.md,6750,e5d0c8fa2b3345c3b64799a549223b64ee24bde7a4eba789615efd34eefe00b8,.md
design_requests/crd_13da12n_j2_three_phase_vsi_24khz/design_request.md,6750,895ee42df5d8ec40760cd378c7c44e9b7d8c36079bbbd9789555e5c895dd348e,.md
design_requests/crd_13da12n_j2_three_phase_vsi_32khz/design_request.md,6750,7c513d5b2eed2c5804491e0e320cef2a926080aa722d1df9ee50446daa41820e,.md
design_requests/crd_22ad12n_single_phase_inverter_230v_6p6kw/design_request.md,7309,9c92730afc0051097302a7ad3334e128512ad3fabf8fb406ae14026f74148332,.md
design_requests/crd_25bda6512n_k_three_phase_npc_family_match/design_request.md,5777,1f45cdbd78ea84334a14f0acaa9ef9d6a8da14d66cab7f78bb502c24fb172718,.md
design_requests/crd_60dd12n_single_channel/design_request.md,5918,4ea1b0f2881364e834cc8822a3850dfdc8e6beb85b2f6f246b54a91d366f91ae,.md
design_requests/plecs_validation_20260724_manifest.json,54796,7016feb42dc17b8a5adabe61027b668d76032d095e5dd9f54ea0b7eeb4c88dcc,.json
design_requests/pmp30446_buck_585w_100khz/design_request.md,5014,b5e74d404cb8876cbacc6136f7a57dd3a1795da42ae3fb0b8e36efeb520a6262,.md
design_requests/pmp30446_buck_585w_20khz/design_request.md,6022,3183b8afa61099f5e50982ce5838609ffa4c9b27257caa377136e1035d29be68,.md
design_requests/pmp30446_buck_585w_40khz/design_request.md,5008,c69b1b9eef2544e19e373285ccdf9bdf94cbde3afe55af25608838cd8256ce5e,.md
design_requests/pmp30446_buck_585w_60khz/design_request.md,5008,17691bbdc9fd35f2080ae26c922feb52c3e11559db994cc69ed3c8177f3a147f,.md
design_requests/pmp30446_buck_585w_80khz/design_request.md,5008,61078d1012008306198ea74ba90bd8ff9a1b76525314c73e64a61349b4b95192,.md
design_requests/pmp41114_llc_sr_3p6kw/design_request.md,5403,2c347973e4e8514f512d376aed10c7bcdccc989d9cd28e79563f695048dbcbe3,.md
design_requests/pmp41114_llc_sr_3p6kw_v2/design_request.md,5871,8b01d07ded2de298496df5f325028ad544b094fc224b1ae97ba570b805881d75,.md
design_requests/pmp41114_llc_sr_3p6kw_v3/design_request.md,6037,68051bae6f71ff870ca9b9a48eeda6ea15b07541b57c4c3899893b7c202b427f,.md
design_requests/pmp41114_llc_sr_3p6kw_v4/design_request.md,6559,71055f54b3b37ef64c9ed8e89333080cfe0f2c5be350efada474e6fdcd8403f6,.md
design_requests/pmp41114_llc_sr_3p6kw_v5/design_request.md,6624,5aab1f10e8d9d2f29a7003686b3112c54ab28b8bded720418ceef4c058cd5c2e,.md
design_requests/registered_topology_only/four_switch_buck_boost/design_request.md,2816,ac0ff8cdd3da21b6136af2e8a2270d75c13c1a3e0b832f42a9ee6b087459c842,.md
design_requests/registered_topology_only/llc_synchronous_rectifier/design_request.md,3159,c7cca63179302e5f452198b72ca1729c14789947a1452dcd710207f5c0da790a,.md
design_requests/registered_topology_only/three_level_tzcm/design_request.md,2716,666775f6182017c073d7866ff51d7c1df58fa5be6ce16978e8180450e109593a,.md
design_requests/ti_tidm_hv_1ph_dcac_vsi_600va/design_request.md,6315,b0f3d8b03742e678d4def4567d27eb0e7838984894e5c907b05f46f4cc08a3e5,.md
design_requests/tida_00443_boost_pfc_900w/design_request.md,6539,68c32b5a396d4664ac53625b67eaa3a688d34705ffe46736b8bd97354864c6f1,.md
design_requests/tida_00915_vsi_1250w_400v_200vac_16khz/design_request.md,6444,614f1e76b3712e98b9cac8dff13a54ec0b886ba6dfbf1510782a7bdf708aa208,.md
design_requests/tida_00915_vsi_1250w_400v_200vac_16khz_gan/design_request.md,4617,f59e0bacd605f1b6a2b1da04ba20d15bffbbb5f67b3a15d124dac23a5fc186d9,.md
design_requests/tida_00915_vsi_1250w_400v_200vac_32khz/design_request.md,6444,af9479132eabf6e95699fe39655cd84a00324393c559a269030cfaa0ec5d3c16,.md
design_requests/tida_00915_vsi_1250w_400v_200vac_32khz_gan/design_request.md,3912,ed0fafb72c4e03f1a14af761cbf1d477f71c3289764b30b0e781978daa7182b3,.md
design_requests/tida_010938_boost_5kw/design_request.md,6061,f0ffae4e9149ce2a3b4f02ab293fe7f5e64f0710b062ba3199b3c39a37f1933f,.md
design_requests/tida_010938_boost_5kw_v2/design_request.md,6422,7e48910e3226630cd4a4ff387bf10d1f516bf08466f1c5f356a679997d585f9a,.md
design_requests/tida_01606_three_phase_t_type_family_match/design_request.md,7567,859ab36bd8aefe611d25b83fb8505cac04889195ee0cf52d0bb24d817cda42ea,.md
design_requests/tidm_02008_totem_pole_pfc_3300w/design_request.md,6672,09f2f70d66cbde16ecc46591ef6333a70541ea7a1e8d831d0c2f3ea6dbc14805,.md
design_requests/tidm_02008_totem_pole_pfc_3300w_gan_forced/design_request.md,7475,96617c75223048c104320b2ca5156163c5bea773f9cc030d2f1129c1f9465cb2,.md
design_requests/tidm_02008_totem_pole_pfc_3p3kw/design_request.md,5686,b1398cf9f86e40e78a3b8a7612e3406a894425ddbf1b6535d62a416c64366b97,.md
design_requests/tidm_02014_three_phase_vsi_300kw_10khz/design_request.md,5840,1599dfb6afd61d3142844b61d4e2d73e8cbb27ca6be28547787049ed06a2d25c,.md
design_requests/tidm_02014_three_phase_vsi_300kw_20khz/design_request.md,5840,0411f2bff64bd8cea6b17bad4708aff95876a9a39d739e66b7ba424981cbb706,.md
docs/ac_dc_topology_input_matrix.md,7822,b40ca76cb1763940ebbc4e26470801d2974c8c98c271551ba299bc71bb04d8c1,.md
docs/agentic_boost_pilot.md,11532,19d97926b131c7cedd874a1f5aecfb0408666d46f6307bc442b8b04d03438c3f,.md
docs/agentic_cli_command_spec.md,3906,b94fafd7cdb6472c8f187973728bd6e6089587d6cc4a7ec10c5f125878a4e5cf,.md
docs/agentic_cli_entrypoint_decision.md,3915,36688131a27b61e2d4f01ad116f77a21851a2e7d519d136ef6e64e8f51544c47,.md
docs/agentic_design_wrapper_contract.md,153059,4de1389d00f9a7fb85d7d061cf1368bcfb0dd2cd85216eeca4a24353a4c37375,.md
docs/agentic_phase2_7_transformer_field_map.md,8410,25c59ec926f68d5f17ccf0ba61c511877b27abc9e03a19e92766de6501f9347b,.md
docs/agentic_phase2_9_llc_transformer_benchmark.md,11595,e77497c2279046f6f21236eaa688832f8d443264d48d29f13cecfc2e6d0e4268,.md
docs/agentic_phase2_transformer_magnetics_wrapper.md,10961,328ff9e13b1aea830607639c63c408e4d15f21c4a655ec0bef1c0a513b5d77fc,.md
docs/agentic_phase3_typed_handoff_checkpoint_resume.md,10347,2afa5b11870f6e8d60a2a84899d67579ec53d979082fc9ce9c4538c2d1c51644,.md
docs/agentic_sync_buck_pilot.md,14125,6425078597d9f7c740306ba7e04ba372638f5045898f509afca1282127abdc4a,.md
docs/agentic_task_executor_persistence_adapter.md,6189,a3221064d21b500dbe2922158353cb9060f400341e5d25fcde8e44e8b414c551,.md
docs/archive/agentic_modules/historical_boost_magnetic_execution/README.md,1351,62fa4602c9bea459f0cf71201465546bef88d6a712e6ae557be919931ab95404,.md
docs/archive/agentic_modules/historical_boost_magnetic_execution/boost_magnetic_acceptance.py,6254,04f86d9efdff466918b5e560058e6f778b6c8c21a261d32de86df83137839ecf,.py
docs/archive/agentic_modules/historical_boost_magnetic_execution/boost_magnetic_execution.py,14117,0110b5b7eef8bd7f480cf23e15ba05077cd16302e00de9af5fc6ea1fba99f44b,.py
docs/archive/agentic_modules/historical_boost_magnetic_execution/boost_magnetic_execution_dry_run.py,5084,f3c4430506f514361a5b09e826f1525d1b3bc521ec033667b8de376213708c43,.py
docs/archive/agentic_modules/historical_boost_magnetic_execution/boost_magnetic_execution_persistence.py,15638,dfe90dd8455da8a4cf02b66256c43b2ca830d698992fd3ad1e354573b481a911,.py
docs/archive/agentic_modules/historical_boost_magnetic_execution/boost_magnetic_execution_preview.py,3830,083a035e17ec3c714ade549285fa71a83416cda53781a6509bfdcbd08c821c26,.py
docs/archive/agentic_modules/historical_boost_magnetic_execution/boost_magnetic_execution_report_audit.py,7641,cb46482bf3721ff0e2d049b0c54dfd69a1fc368f2721bfe73461c1103652216d,.py
docs/archive/agentic_modules/historical_boost_magnetic_execution/boost_magnetic_execution_report_dry_run.py,6698,aae8d634a9db8b3afb882524b116d3da5e4fa58249907f2b5f4dfc6755789999,.py
docs/archive/agentic_modules/historical_boost_magnetic_execution/boost_magnetic_execution_report_preview.py,6595,048a6d238f7a5d84a788b4ca7843781a62a59eb3bb252d8558157d393821a13a,.py
docs/archive/agentic_modules/historical_boost_magnetic_execution/boost_magnetic_execution_report_sections.py,12234,39799a9d0d270268ae6d7c283aa560c9a7f2dc3f5023fa42f6e5c54e6a25aa86,.py
docs/archive/agentic_modules/historical_boost_magnetic_execution/boost_magnetic_execution_report_write.py,8157,7b5334f1097291c413d1d60803939bd62b71f3f8181aca279d4fc2adee7e4bc3,.py
docs/archive/agentic_modules/historical_boost_magnetic_execution/boost_magnetic_report_sections.py,6480,ae4d670e5d533e48edb69c13400621a4a3efaf4c93ab1bc973de7ee645d4ba1e,.py
docs/archive/agentic_modules/historical_pilot_wrappers/README.md,730,ee91b85fdd5886f7f71185252b625149419015b9c2b31b59e4744d97222d7338,.md
docs/archive/agentic_modules/historical_pilot_wrappers/boost_pilot_design.py,46205,080068c83d0720c141238419e7acc35289484cf069e9af0deb58d37a1c7f71a4,.py
docs/archive/agentic_modules/historical_pilot_wrappers/boost_pilot_persistence.py,35263,67ce9fecf55f1f101aee8c39dc9047b6679fe3ff350c548f08c6d4425016823d,.py
docs/archive/agentic_modules/historical_pilot_wrappers/sync_buck_pilot_design.py,30004,e4deca1999251d9921f039ba35cb93c0a8ff207a002baedba355b21a04db8e8a,.py
docs/archive/benchmarks/peclawbench_historical/README.md,927,5f0fed86759841d24b49a678616861d75f286dec6abfac0e42a24e26adf6a765,.md
docs/archive/benchmarks/peclawbench_historical/baselines/llc_transformer_backend_signature.json,4071,7b2c70bed3f41cee4c4622b42d33945fb89236ea2edd54be8c802dc06c40c9d1,.json
docs/archive/benchmarks/peclawbench_historical/boost_pilot_backend_benchmark.py,13017,eb35caca3a132eb23acf3acfcdf5116bd673bac8a45ba8773eaece632d21368b,.py
docs/archive/benchmarks/peclawbench_historical/llc_transformer_backend_benchmark.py,45696,27ac6bda4f77ae4d8ec0cd5a0c80ffd8cabfbc8a9f182608ebf1ed55788306c1,.py
docs/archive/benchmarks/peclawbench_historical/peclawbench.py,62814,93e6c1a9088e76a204f3934a310a3fe7913343de4551f7e8847ab82451d3aa28,.py
docs/archive/benchmarks/peclawbench_historical/peclawbench_artifact_mutations.py,40933,a032a2431c6935794f729e78b338ed5424c6f9491753d5441d66d94d5c27b538,.py
docs/archive/benchmarks/peclawbench_historical/peclawbench_failure_fixtures.py,15192,c44cdabfb9aa98ad58d292b3a26dac9d898c25310420caf33b6cb1cc8ac70ce2,.py
docs/archive/benchmarks/peclawbench_historical/peclawbench_operator_summary.py,21884,69a682291afa153c0e0eaa28b4722b8bbf77a5170b51352fd674456be0201789,.py
docs/archive/benchmarks/peclawbench_historical/peclawbench_scenarios.py,9725,1e468f338188f0145d9362b27f8c257abac775d6948066d1b87d4bff05423b3a,.py
docs/archive/benchmarks/peclawbench_historical/sync_buck_backend_benchmark.py,11295,9ece32cae568ab6be8d6e130a242527e167ad1e2b2029a290efa91dbf3667353,.py
docs/archive/cleanup/CODE_CLEANUP_AUDIT.md,28343,7b89fae335c2846bc5ed8ea26eafaa1f331afb136c62805ad48c0019b912530d,.md
docs/archive/cleanup/CODE_CLEANUP_AUDIT_TABLE.md,103010,d4693b9bc4f3506c7fea29d54d594e56922c1f38f8e92c17f12d6dfd17de937d,.md
docs/archive/cleanup/CODE_CLEANUP_DELETION_READINESS.md,18134,95cf604b999e2489a3c46332351866b044500042da2b515c71035b5c55407a53,.md
docs/archive/cleanup/CODE_CLEANUP_DEVICES_PACKAGE_DATA_AUDIT.md,4709,0eb085be93b1090d8b31f6363adb37d2a69c3ec8fc60553d91733ca4b225dc01,.md
docs/archive/cleanup/CODE_CLEANUP_NEXT_CANDIDATES.md,4507,b348f84632b5bb151988895711060c83af8fce4e1f5065ac7b700cb58f50f155,.md
docs/archive/cleanup/historical_tools/README.md,467,8c53a3f2ac2bf67dac8401b4b2f60013fa70e4110ce780ca85222eecc38e65a1,.md
docs/archive/cleanup/historical_tools/audit_runtime_usage.py,15678,9e3e2c9ce55c9e9807dad4945ddb025017c98fb199ef8fe875328822232748bc,.py
docs/archive/examples/historical_agentic_backend_examples/README.md,801,d3392e7d68979c8b7ca2690d8af4e8843d26fb9eef29efec58357169b8d053d8,.md
docs/archive/examples/historical_agentic_backend_examples/boost_magnetic_execution_standalone_fake_e2e_example.py,6523,bb3ba2b709a316213af2a45d99db13f1717bc62cd4f9ec719f9b52e62c1b9bbe,.py
docs/archive/examples/historical_agentic_backend_examples/boost_pilot_backend_session_example.py,3001,b8dc5658a19fda884c1b937acb5534f2489f12029338b706395b55133c4179be,.py
docs/archive/examples/historical_agentic_backend_examples/dc_dc_agentic_backend_session_example.py,2787,c83ce2dfc678b0df56f077dfbc5749409db3c3f870bd21e728e11889111037c7,.py
docs/archive/examples/historical_agentic_backend_examples/sync_buck_backend_session_example.py,2539,bd951f7f5a359075d72354c46d0df9c32640a715549a03053e0b4078f005fb26,.py
docs/archive/examples/historical_blocked_llc_sr/design_request_blocked_llc_synchronous_rectifier_1kw.md,4148,eb98a31717edf43e4f64caf032be81ff348677601d325929801b99c7060571c8,.md
docs/archive/scripts/historical_phase16_phase17_helpers/README.md,988,8415f1159eedcdea2628a482c68b7204ae779592f7d99b3eac7c97cb3ab59f9b,.md
docs/archive/scripts/historical_phase16_phase17_helpers/archive_report1_sections.py,7308,de32db60d5ccb1748b04452641b9f0d5bb73d983b6cf662acc754fe312f4e64c,.py
docs/archive/scripts/historical_phase16_phase17_helpers/run_specified_hv_14_designs.py,47532,82e6b0d0aa2a769f095e121ea318ddc652a297173261fbef89c20544f93764a8,.py
docs/archive/scripts/historical_phase16_phase17_helpers/smoke_select_bridge_rectifiers.py,4008,62dba5a1b24787e9d37af1403124dc345d5cecf0a074a23a77f527b2c70046b8,.py
docs/archive/scripts/historical_phase16_phase17_helpers/verify_phase16_mvp_acceptance.py,16035,62d84807d7252e43619bea4b228f5b20082a927ecd37de09c8508b659e9857c8,.py
docs/archive/scripts/historical_phase16_phase17_helpers/verify_phase16_mvp_handoff.py,7139,5b364dea65efca9eef3e8bb8f987b6b3d89800a47bd9a7a010b38c5e6693cf4e,.py
docs/archive/scripts/historical_phase16_phase17_helpers/verify_phase17_research_diagrams.py,7683,40abab707500db6caa19e437bb7c1df6ea38abc10ab324456b336d2ae4a99696,.py
docs/archive/scripts/historical_phase16_phase17_helpers/verify_phase17_research_kickoff.py,7638,7c07578ef19c8a9452b66f379ca2fa8a9fa7c25a627c1c23a0a7aded16eac83c,.py
docs/archive/skills/historical_pilot_skills/README.md,808,f783cc234ee201d4af166e36244ee6de7f1150212fcc3acb212ea685713d1997,.md
docs/archive/skills/historical_pilot_skills/boost-backend-session/SKILL.md,2480,c9667e131d163822de1f3a293a2f7baa6d17e63001b2813d88a9ddc4f4c8d444,.md
docs/archive/skills/historical_pilot_skills/boost-pilot-design/SKILL.md,2170,00770967a791f85141d90f483266fcc1435f213efb547f8b4c99b6e0b6b5035d,.md
docs/archive/skills/historical_pilot_skills/sync-buck-pilot-design/SKILL.md,1793,8e593015ff3c7066c5cf31f0fe6c75be60d77fddd1c0c19ef8dfd18ed2e9b3d9,.md
docs/archive/tests/historical_boost_magnetic_execution_tests/README.md,1272,6f0a2673e0691883bb7abfabbc97a0f6b3f84f53713d46b9dfac0d87bc49cd00,.md
docs/archive/tests/historical_boost_magnetic_execution_tests/test_agentic_boost_magnetic_acceptance.py,4037,0ef5e33a884eae8a8659c78ad697ae538538df16579a5755ac9ca3301e033cbf,.py
docs/archive/tests/historical_boost_magnetic_execution_tests/test_agentic_boost_magnetic_execution.py,6617,a2adedfe717b4c9ff4a350c4737a8645e20dafe2bd217cceb0e28d8c883d2d86,.py
docs/archive/tests/historical_boost_magnetic_execution_tests/test_agentic_boost_magnetic_execution_persistence.py,8210,c77a0ed00ec2981b3c25aae4abbc8d21a43faa6fea33e7157ad86196ab171c83,.py
docs/archive/tests/historical_boost_magnetic_execution_tests/test_agentic_boost_magnetic_execution_preview.py,3652,6e776abe1b4735e81aca94e89f65efe5de3ccd07464fbdd3e03d73305d42b36e,.py
docs/archive/tests/historical_boost_magnetic_execution_tests/test_agentic_boost_magnetic_execution_real_report_chain.py,3989,5406490920cc7ec046b07fb5ef971489dea0e6c82824a1f7d5c3bdb132ec08b6,.py
docs/archive/tests/historical_boost_magnetic_execution_tests/test_agentic_boost_magnetic_execution_real_smoke.py,3812,6a1bc02efbb96b5b5e7b876a241659ec36523df778d42503276cc861ff410f6b,.py
docs/archive/tests/historical_boost_magnetic_execution_tests/test_agentic_boost_magnetic_execution_report_audit.py,7359,5f3741ea6de4030af5819b1d9296031b38d32f34f5c5968928554823bf1d651c,.py
docs/archive/tests/historical_boost_magnetic_execution_tests/test_agentic_boost_magnetic_execution_report_dry_run.py,7393,b5b462eeefcd59b5c21939da48f7c8bdd5d23362d186c311a9f3bbb223df9d53,.py
docs/archive/tests/historical_boost_magnetic_execution_tests/test_agentic_boost_magnetic_execution_report_preview.py,6965,cf145d79bc7347e0bf633cd7475145ed2bac52cb43743287c37a6011c7d07495,.py
docs/archive/tests/historical_boost_magnetic_execution_tests/test_agentic_boost_magnetic_execution_report_sections.py,8372,ca1fc8b1f0182073be4fbe97ec1d2bf31e6e4577792f3b831368440a21956701,.py
docs/archive/tests/historical_boost_magnetic_execution_tests/test_agentic_boost_magnetic_execution_report_write.py,8197,d25ca4ac17b2843ca71df18b575233dd14905881f7ffa9a78a9e884f2ab32e90,.py
docs/archive/tests/historical_boost_magnetic_execution_tests/test_agentic_boost_magnetic_report_sections.py,3717,5af2d8517a259c658d688b8ff25ef792ac6bdfe15becbf6d3c00a57c3ef7acea,.py
docs/archive/tests/historical_phase16_phase17_and_benchmark_tests/README.md,1321,541427c9bd0caf529def4df524755036589621ed0bb2afc8da99048a4c19cd0a,.md
docs/archive/tests/historical_phase16_phase17_and_benchmark_tests/test_agentic_boost_backend_e2e_example.py,8198,f38aa90d338ea72a5ca28b6b0a8b918839a1ecf3ed5251f5f4be047e246fddfe,.py
docs/archive/tests/historical_phase16_phase17_and_benchmark_tests/test_agentic_boost_benchmark.py,3888,20c333e86a89ed13b26fdc088e195476a2331720293c101c799feadf9744c5c7,.py
docs/archive/tests/historical_phase16_phase17_and_benchmark_tests/test_agentic_boost_magnetic_execution_standalone_example.py,4610,bdaabd2035ee75192e17ba049cb9adee99358eaff302f4d211fb1e5f0f92446b,.py
docs/archive/tests/historical_phase16_phase17_and_benchmark_tests/test_agentic_llc_transformer_backend_benchmark.py,52286,7edd4e50d92f9a27c6948ad6e0da490a90e3fd88782c6a172188fd3966d0e831,.py
docs/archive/tests/historical_phase16_phase17_and_benchmark_tests/test_agentic_sync_buck_backend_e2e_example.py,8136,da280f78cfd0c5bd5c45f091df519c0f5ed75e241b0e32a49f2dccfeebca07b2,.py
docs/archive/tests/historical_phase16_phase17_and_benchmark_tests/test_agentic_sync_buck_benchmark.py,3632,efc42cdbeb1322cad94b81b463efea57e856e00e8dada335219e8d9fc422af99,.py
docs/archive/tests/historical_phase16_phase17_and_benchmark_tests/test_peclawbench_foundation.py,64666,0c53ddfd83215a387783d888cdfb6468e11f67fe1b7fae007b62a8a319fa83f1,.py
docs/archive/tests/historical_phase16_phase17_and_benchmark_tests/test_peclawbench_operator_summary.py,19883,f7f71161fc8d6d9a977067193d6b322bd87e8a953037c6a81377241354168f39,.py
docs/archive/tests/historical_phase16_phase17_and_benchmark_tests/test_phase16_mvp_acceptance.py,8304,e38bd2635608b711b1dbea7dbc2be803d18ae343462142aa023b137c7adc306d,.py
docs/archive/tests/historical_phase16_phase17_and_benchmark_tests/test_phase16_mvp_handoff.py,3587,bf763062009cd4e705d3b37b528b6b55dc73031cf0e59f9e131d30d1c9fbf3ae,.py
docs/archive/tests/historical_phase16_phase17_and_benchmark_tests/test_phase17_research_diagrams.py,4636,884d31846412f2209b2aa4ff6a5c0fae8d42acb662a18a7f8077343153f4dedc,.py
docs/archive/tests/historical_phase16_phase17_and_benchmark_tests/test_phase17_research_kickoff.py,3925,4f5fed86b3d2cb2e5382ac3f023e6a0b48d12a5d1870ad68950e1fd505606004,.py
docs/archive/tests/historical_pilot_skill_tests/README.md,586,e3e668d92a56acd6bb46e33d5a27702343d20bb0c1e4e42fef789b00889ac4b6,.md
docs/archive/tests/historical_pilot_skill_tests/test_agentic_boost_magnetic_execution_dry_run.py,6012,d0510aa87553a0e089181a8a3e8c1fe4f1294ac64497a7e6482352e1e9f31a02,.py
docs/archive/tests/historical_pilot_skill_tests/test_agentic_boost_pilot_design.py,16025,1b4283c4c17cdb3116672510fe96d5c0672c01f6da2df94dc19183a10c8fbe00,.py
docs/archive/tests/historical_pilot_skill_tests/test_agentic_boost_readiness.py,7300,2ef5186c63260059d5b23778c7934ef033edae83eed57b53fe46c05076bc5e7f,.py
docs/archive/tests/historical_pilot_skill_tests/test_agentic_sync_buck_pilot.py,4701,ae35f60a3afcaadc0be547259c7a320d4eea768d1dab0d75de6221f931d0c308,.py
docs/archive/tests/historical_pilot_skill_tests/test_agentic_sync_buck_pilot_design.py,7931,3eaaab3c601b41965552599a38d019166b9dc8a69dd5e40c3f7ceef93dd7766c,.py
docs/assets/images/case_buck_sync_01_design_summary.png,104710,3327c77a5b303a95376ad4509ed365e95c2e00c1305ad48b76a73fb08ddd7c29,.png
docs/assets/images/case_buck_sync_02_waveforms.png,98797,d1216c9631d1ac9925bbfcaa760f2784ea3dd8d74c71cc40d70e816a8ae3d791,.png
docs/assets/images/case_buck_sync_03_semiconductor_selection.png,165927,96ee5dde8e5b5524e069317b0111a656833d39615145c69a032378aea22b45b3,.png
docs/assets/images/case_buck_sync_04_input_capacitor_pareto.png,85570,2cc443c1ede03fd714c84b41ab4b1289ddeed8a969eb0a6e8ef99955962e8860,.png
docs/assets/images/case_buck_sync_05_input_capacitor_design2D.png,53058,2f3a7615f3d182a858f2b5b259bdc0a4ea2663c09297c28b6a974ac3462ba5ba,.png
docs/assets/images/case_buck_sync_05_input_capacitor_design3D.png,132462,0ee0c38546196122897abe1345e0cc0be8f4ff995b438556d0d7d32353ec7fd8,.png
docs/assets/images/case_buck_sync_06_output_capacitor_pareto.png,68904,e4156b894086e4664ab3dcb4e6fad54aada9de643977726f0296f9e346ed79f4,.png
docs/assets/images/case_buck_sync_07_output_capacitor_design2D.png,50413,fc059bde33bece5a00706bc09cb282dddc140dc88c24b59f5f6b73fdff44b9d4,.png
docs/assets/images/case_buck_sync_07_output_capacitor_design3D.png,130962,6e37b0e2b1c1499d8473d5a0b22dd001d6832de72d79a2f7b6ac6aa87a613cd3,.png
docs/assets/images/case_buck_sync_08_inductor_pareto.png,566719,35fa8cc20ee63fa337636e5486d6391340f439d508c91ce7996577b40d441b53,.png
docs/assets/images/efficiency_curve.png,24890,35e31b0f3c34be1ed79c0c8f85f48fa17903cdcf2b82f253d88992e3a4cd618a,.png
docs/assets/images/geometry_min_loss.png,85980,eb6cdc3c1f27798c7ccb9bad48d60fa9fdd9f2a3e416f88a9bf8f623312f34c2,.png
docs/assets/images/geometry_min_loss_3d.png,94946,08f8648e19be0b35f385c2fbea958b0cd9e18f656813f5b0048ea04b99f4c42d,.png
docs/assets/images/geometry_min_volume.png,94699,707941477511a2f67a5911cc057b3b371ac0b1765fe8e0b9c70803f50db1a077,.png
docs/assets/images/geometry_min_volume_3d.png,93464,7341c5798ba8f9eb9722e2e8e28714bc47ee3205c671b039905515927e57f5fa,.png
docs/assets/images/geometry_recommended.png,95171,ee586c7283959b77a71f8e131e8bed37fcc18c898edb7874ae3c682c97f72e04,.png
docs/assets/images/geometry_recommended_3d.png,93502,a6dd469b7e8f7361d193fffceec9d55b43dbb49ba9c95279c726ba5952d65068,.png
docs/assets/images/geometry_selected.png,95171,ee586c7283959b77a71f8e131e8bed37fcc18c898edb7874ae3c682c97f72e04,.png
docs/assets/images/geometry_selected_3d.png,93502,a6dd469b7e8f7361d193fffceec9d55b43dbb49ba9c95279c726ba5952d65068,.png
docs/assets/images/loss_breakdown_stacked.png,20908,6c9ebb5bf8582bab857573e8b7bdff8734f04530528dd7e3c402d8c0287be850,.png
docs/assets/images/overview_hardware_2d.png,49995,c945059dc9045e1a80dadecbfbaad01a175d68c635fa8ae5335801b0d7597321,.png
docs/assets/images/overview_hardware_3d.png,127343,29a0d019968f800c6b66d780c658285f146844af0961265cb2a2e895f57a7257,.png
docs/assets/images/pe_claw1.0_logo.png,1704370,951689867651594353c1273ead07a9052fd459a57cc38dd66ed952b50da70249,.png
docs/assets/images/pe_claw2.0_logo.png,399271,a0a7f698777b98211d412ca088053776a89993a449d3d3c20308ed8b6601d17a,.png
docs/assets/images/pe_claw3.0_logo.png,1917107,235bf1345fe0b1c186ed7c59827d681c4171e450f2343a5fff26692c88f6d09e,.png
docs/dc_ac_topology_input_matrix.md,5693,ad38e7cc25a89310694950d8e99a97e67415aaea0f632f4f25a5c315d46da862,.md
docs/dc_dc_topology_input_matrix.md,13641,a299234ded596ea9fd26380101c839ae28001d4747e0d8f32b07a762cdd0efaa,.md
docs/device_selection_process_map.md,22256,0edbe03ea58480da3293c122fb745982840142428aebeec5af1fd410311ee817,.md
docs/examples/design_request_blocked_psfb_excessive_leakage.md,3072,1e75a2b10318c2eb2efa30126ff729c65a3d7db820ba7cdcb0287c6a87d953d3,.md
docs/examples/design_request_boost_2kw.md,3583,977bd5c5ce8e3d95c3385ff372a59004edda0f427847f814edf3fada524811f5,.md
docs/examples/design_request_single_phase_diode_bridge_rectifier_1kw.md,3973,2b923e0e9f617a22b5a6e585509d45aa0f248eed85c070d7ee83ff4a132ae08e,.md
docs/examples/design_request_sync_buck_5kw.md,3440,b5e696689066f8b67918ae9366745ddf971d2a7f23346592122aae48e47e2e15,.md
docs/examples/design_request_three_phase_two_level_vsi_20kw.md,4119,030ceea1218c292910e9b48f12129e6f0586288a6ec820d3acb27a04f2c0028f,.md
docs/examples/design_request_unsupported_three_phase_inverter_20kw.md,3658,3c58647e04f4765a29833aab799de46957e96fae762ae1181e949d473b92bde1,.md
docs/flyback_design_process_map.md,21774,98c76ec39669790d9b758239a080976cde876abfc51ca7591c5bc19e361df13f,.md
docs/loss_calculation_process_map.md,24939,c8f9c294691f329f80cd83eda9cc0480985d3a059718d988d2990055af2769b7,.md
docs/md_first_design_intake_protocol.md,15720,bcf3e656f73688d3e396c736d522a126918fc7b1b0a9c5972e5ad52b24070f58,.md
docs/pe_claw_design_intake_plugin_boundary.md,4992,1e851a6eb905642fdb68085d71ec9f73be98e7c502bf41c0e58c0c90b5f134ad,.md
docs/pe_claw_design_intake_plugin_resources.md,3041,101da663485c585a7a7a5f006493fd332c6a809cf90ed7dc12b95b7753c790a7,.md
docs/pe_claw_design_intake_plugin_runner_handoff.md,5501,d0d6c07cc80436ddd4c652439319724119842213456d92bd9e5cf72566efc078,.md
docs/pe_claw_design_intake_plugin_scaffold.md,2604,6d22279112150952e0376be3920c0509f2255c997b7f1acb48fe7f14d7714ae4,.md
docs/pe_claw_design_intake_plugin_skill.md,4369,c86b6ce53c43c61771dc00670dff26a907703b05d89ed2be583839a953e625a2,.md
docs/pe_claw_design_intake_plugin_validation.md,8447,a593e9485058cb5241583d21cafcfe35f4df5a5ad1a7de5851091a47e04dbf52,.md
docs/pe_claw_design_intake_plugin_visibility.md,3119,5f9870169fb0ee716d8bcc59608e7468804d22cd65648c216e4c8cdc9a6005c3,.md
docs/pe_claw_design_intake_plugin_writer.md,4720,aaa4a5f724e9681fc31f93c465010dbfe3658f96e4f4948accb4a7667751126c,.md
docs/peclawbench_phase5_foundation.md,13914,10e76c8ec4bf9c6f9ad453cb37e20bbcec066cb3c9e5fd45a4fd060d3fb1aa55,.md
docs/phase16_current_baseline.md,6555,f7b1ed13b2733fc57e5755db539cd31276acc4735102f7b8a34d8fcd73a44bc5,.md
docs/phase16_mvp_handoff.md,4331,7d4e2c49de2eeea6e231114688c5f3dd319d4ca73af73171c3f116d8152bb653,.md
docs/phase17_research_architecture_and_workflow.md,5150,13bea2b5291edd7e3e34d086b4f9a4bab315e703b1b6d6f69f5220cd988ea322,.md
docs/registered_topology_design_process_map.md,33534,3fc5d82a03b384d6b2c6ff213b03a9274a89eb86340d9710762a9bf89c0e8e38,.md
docs/registered_topology_final_execution_matrix.md,39637,93ef40cc47b64863f90e58e09c25e20c31238bc3e0471b3b805a2e2c8eb93b78,.md
docs/registered_topology_runner_matrix.md,9108,92a0a25ec3d053ac3200346d2177e5f50921cd9a6133e343fd8374043e1530ad,.md
docs/research/phase17/README.md,756,8c8c6b8a588402b36bb3198d91d7f40cb9004e4ac2122d8eb00038c9fff16242,.md
docs/research/phase17/artifact_reproducibility_map.md,11095,f8f61f4b34cd51ef9ae463bbefbc36e8bd121966733141d0d729d33c4a107672,.md
docs/research/phase17/baseline_evidence_tables.md,18324,ac3293ba6f80947894924529dea649bad8f3302dacb7983d029f550f8591c1d2,.md
docs/research/phase17/claims_and_limitations.md,6490,117f2daaac7c0558286c1bb3808c653ae6cfe3dd0663750b827b119954b05b03,.md
docs/research/phase17/execution_case_studies.md,34369,ddd3a581184224944d6b4c06c9ea6f2cac2b8e149fad21d662a76f6b33b2fbaa,.md
docs/research/phase17/research_package.md,3579,36813e562e32d9b24d7dea4eeb419c6c8f7be9cf1887e91fc2d2bac5d29edab9,.md
docs/superpowers/specs/2026-06-28-ac-dc-phase-1-boundary-design.md,3512,091803aa6c1dfd52c87ce4757246430ab18303dd1ab4afd5a9fbcd2ca256b492,.md
docs/templates/design_request_template.md,5473,3029be06c7cbfd65e050fd5743ff18870bfae5c7b3805d934d41de59c57567e6,.md
docs/testing/active_test_index.md,10654,7c6fcc6b6b159959873d271384ce6b1320456919914dc3e1f23c730d87163513,.md
docs/topologies/README.md,6450,d39aca7c6e0878373819d332a15f143b26e5bfee2c1b81a2d7228cb33638ae23,.md
docs/topologies/ac_dc_single_phase_boost_pfc_diode_bridge_design_process_map.md,19994,5a26fba709e93a7c6d636da65cab3e2cf26912586798a70b8d9fb942da2e8096,.md
docs/topologies/ac_dc_single_phase_diode_bridge_rectifier_capacitor_filter_design_process_map.md,2038,e70c8d015343da744802a2de52977ae531ed82fbbcb1d49ede9ff64042868a91,.md
docs/topologies/ac_dc_single_phase_diode_bridge_rectifier_dc_inductor_filter_design_process_map.md,1980,de37283d32c9d3646bc1b24a3f1e71e3df7d9c497b679706bbc9b8340cc0f872,.md
docs/topologies/ac_dc_single_phase_totem_pole_bridgeless_pfc_design_process_map.md,20810,be3f801d53ae9721b7ffda0d32c860cdb4136c794a6706fa7d0140fd3fd0453d,.md
docs/topologies/ac_dc_three_phase_diode_bridge_rectifier_capacitor_filter_design_process_map.md,1949,01a9247cf4c781c5cd1314a1684da9ea33916ccd8065f336d0b7de13454b51ea,.md
docs/topologies/dc_ac_single_phase_full_bridge_inverter_design_process_map.md,2024,766765fde3fa13fbd8121da6eed5814ccac8d31e8689d949288cec43b5acab3c,.md
docs/topologies/dc_ac_three_phase_three_level_npc_inverter_design_process_map.md,1969,d343a5124d3938dc8db898c52df8d23bdf0ef27a375da454768c205f47f6fca3,.md
docs/topologies/dc_ac_three_phase_two_level_voltage_source_inverter_design_process_map.md,2019,00c068d450ad2c6a77c2ca458297449aa38840638e47cfec4fd5188e1b94dc9d,.md
docs/topologies/dc_dc_boost_diode_rectified_unidirectional_design_process_map.md,2099,c89d35a8e3a295a48324fb0fac3d3135a824477b814148a66b6c559d8ff43b2b,.md
docs/topologies/dc_dc_boost_synchronous_rectified_unidirectional_design_process_map.md,1788,bd191c7fa553284c7ae2db72f7dd84611ff28ea1ac4407d6d0e9ecc2755ca452,.md
docs/topologies/dc_dc_buck_boost_diode_rectified_unidirectional_design_process_map.md,1977,5b9ee9f48a9ce9db036534aefbd7e919035e9ee2eda7958e711e1875694558b5,.md
docs/topologies/dc_dc_buck_diode_rectified_unidirectional_design_process_map.md,2332,2d623e1325929c0e9484dc160e452f2654a20524b7578a3a01fd985b4ec6461b,.md
docs/topologies/dc_dc_buck_synchronous_rectified_unidirectional_design_process_map.md,1987,b9a8f063345440fadc7ab13afa05ca68610e0cfb645d585e4fa118c87c3668ae,.md
docs/topologies/dc_dc_flyback_diode_rectified_isolated_design_process_map.md,2361,f37feb86d0ef4586911f7579fb812d8e39986979fd9c0355745d77f9805f7c19,.md
docs/topologies/dc_dc_four_switch_buck_boost_simplified_four_mode_design_process_map.md,1897,e65c72910e113ee226200e77d703018f9960895106bdbbb9eb20e6713d557f52,.md
docs/topologies/dc_dc_llc_resonant_converter_diode_rectifier_design_process_map.md,3550,80a96938a3cbd3d4af95b7d960f631ce972dd993a460e447fed50a5d388a4ef8,.md
docs/topologies/dc_dc_llc_resonant_converter_synchronous_rectifier_design_process_map.md,23956,1300e687f3dd5f309a30f78e6a5b34b1c28fbd8dd04b81c8cd9e68854c17545c,.md
docs/topologies/dc_dc_phase_shifted_full_bridge_diode_rectifier_isolated_design_process_map.md,20437,8f457c44b7ddffca4fc15de87f7c670422c6b66900e40439f9478a5d96751d02,.md
docs/topologies/dc_dc_three_level_tzcm_fixed_frequency_design_process_map.md,1832,422465c0e9148d8e66157246de518dcdd5398cf37e9d0b866a79b2f077194332,.md
docs/topology_depth_parity_v1.md,13309,b7203fe718a1e10790c25f291d81a5bb4b609748f2a8613238d637611cbb8066,.md
docs/topology_execution_coverage_matrix.md,6321,fec3a0033ad5d2c526ceb3c266449fccf7db5401a0f15a8a488eac32f3944ec2,.md
output/pdf/vendor_pe_claw_cross_topology_benchmark.pdf,61640,d39b15c45647bedd039a568023039acfa476128658574e72d9816b2e5029b111,.pdf
output/pptx/vendor_pe_claw_cross_topology_benchmark_16x9.pptx,63736,a042cc3eaa5033cfff4b639055278488cb73a2babe856428b34b134bae9bfb7f,.pptx
pyproject.toml,1812,53464890a7a867a9d35bb7565745f97039923a0354de1234b69c9d453d7b8bef,.toml
report.md,2268,5752ab11e78f254f22c95e3714146e014dfc3cadddb65fab9d8d761f93eb6c3d,.md
report1.md,668,de3a33b350d340cc8fd21ac5725d5e41e83793e65001ea37ab967ca949b18883,.md
reports/JSON_INDEX.md,28237,a92f019a422568eebd7303a51ed74e9be800e2011e302ec397a751579d576be9,.md
reports/README.md,12173,e5160ca44901d8245f2e953e17544d1244f080b2a064e316b39eb6954496e7c3,.md
reports/checkpoints/openmagnetics/openmagnetics_step17_v2_ab_summary_20260726.md,4354,0f8d4c69bd187f10b66b7e7b7ceecd81bf9216e5d6284a3f603804b383b69a8e,.md
reports/checkpoints/openmagnetics/openmagnetics_step18_ab_classification_20260726.md,19343,466a84d27ff2a6a0f2584b26e3bde814bbd6fa55fc7197cf0bae5aa8385583fc,.md
reports/checkpoints/openmagnetics/openmagnetics_step19_ab_classification_20260727.md,17140,ebb401449e471c130cc1c7eb20bbb8d4b970c8e8b6b40b2a2135ada7efa9582e,.md
reports/checkpoints/project/report1_legacy_through_20260810.md,297711,df964d25c5eee6f2998f12a0efc2c40445f2d2c0be9327c342c334cecf526b8a,.md
reports/evidence/README.md,3324,8be5bb4cded576eb306b9b39531d3c3b71aa2111aceef36fd246f402b3a7d1b8,.md
reports/evidence/agentic/phase17/README.md,13102,bac69352c3e85edc1120214bae14c6fb583949c49af4a24ee28addaef1b08990,.md
reports/evidence/agentic/phase17/audits/artifact_reproducibility.json,246089,d36719c7a0c01ba902aaca8e48ea11763638781d9755bd62c1ae3b2a44e02b73,.json
reports/evidence/agentic/phase17/audits/baseline_tables.json,125664,4166199f2cc0f79ae45f30b2209f8e2086c74380b6c074d0ad3a1c3b687cf42d,.json
reports/evidence/agentic/phase17/audits/claims_registry.json,24273,fcc3cd446c53ca5c5295300d4c3dfd926dcbaa78de58945093b80f46c2434d96,.json
reports/evidence/agentic/phase17/audits/execution_traces.json,145555,c58f59aa109883e7b022677e5a72d77968def0f285685d92debbc6b2481cc68d,.json
reports/evidence/agentic/phase17/audits/source_inventory.json,244084,5a2e12e7db16aa7b2a44b3c412711db5148a428c3b813696068fbb5a184ba5e7,.json
reports/evidence/agentic/phase17/authority/phase17_final_authority.json,12423,e11579f4b5c96b0ef148beb42ba9097407c6528b5a07dc514ac774dc9aa98ffa,.json
reports/evidence/agentic/phase17/runs/auto_topology/auto_topology_recommendation.json,14512,40d4c423822362747fe50bc1ed9d95d65eae01b6bbb25aaf8c4185049a14d64f,.json
reports/evidence/agentic/phase17/runs/auto_topology/auto_topology_recommendation.md,3352,2b92e5d73633ae867ec0391ceeaa3f26edb051f55e72ee7315cae02bf7642d02,.md
reports/evidence/agentic/phase17/runs/deterministic_run_a/package_snapshot.json,4862,0a45a60b4c9965d6605e1ef913759076bd2c67f9b30f0299f3cfef6d12db9edc,.json
reports/evidence/agentic/phase17/runs/deterministic_run_b/package_snapshot.json,4862,0a45a60b4c9965d6605e1ef913759076bd2c67f9b30f0299f3cfef6d12db9edc,.json
reports/evidence/agentic/phase17/runs/registered_19/registered_topology_run.json,18985,63cd8cfd235475fdb7927bd75efd13dc5229a46f50defc42c085b764c2555ffd,.json
reports/evidence/agentic/phase17/runs/registered_19/registered_topology_run.md,4300,aaab5f6d84c9c36f6d38508b73e330da39cd33c64726535084eb5ce4fc3dde45,.md
reports/evidence/openmagnetics/step25/INDEX.md,2577,2e50f2d766833bea5f669e08c75431851fc42ada4bd7b5f33b613c3a4d6312c9,.md
reports/evidence/openmagnetics/step25/README.md,20530,7ff6855fb54e010b67302b571723011c0db21e36ed12baa8018a012a10ad6d8e,.md
reports/evidence/openmagnetics/step25/audits/external_reference_audit.json,4776,eee9b9e9f3acc6a9aab44fd9b7f9cb2fd0b5bdb1a6f38249de3dedc74d41deaf,.json
reports/evidence/openmagnetics/step25/audits/lfs_audit.json,1507,22859ffcb7f876d093df809231bab7ede30a5e5b0a2036f6618fc66a84b629d4,.json
reports/evidence/openmagnetics/step25/audits/package_data_audit.json,719001,0832f95ff6f4735499213f13aeb910498f6ab93be6ab0e6f904a045b421d56ed,.json
reports/evidence/openmagnetics/step25/authority/dependency_audit.json,1289,a59c478a045cbd731aec72117559cf42e6a650694edcf8c45682ebbb7b6853c0,.json
reports/evidence/openmagnetics/step25/authority/dependency_baseline.json,4563,ad5e2a8f19dd7bb8277f57b88b610340affc5d416414d1850ad88d4f24b6dda8,.json
reports/evidence/openmagnetics/step25/authority/external_reference_inventory.json,12961,8cb8d8984a0302071d076172c68188eddbde6af32c9f2e22cfd0dbfa9a06d64e,.json
reports/evidence/openmagnetics/step25/authority/package_data_audit.json,1117,4ebc85dc73320077c649b5955127e130fa7a0df36beb38faa7281d5ac2fbce93,.json
reports/evidence/openmagnetics/step25/authority/portability_baseline.json,329763,7ad1e0b0ecb067acde857b4f5bd04a5b0677c538c4d84f882619b6e9d6369db4,.json
reports/evidence/openmagnetics/step25/authority/step25_final_authority.json,4176,02a026e8208793096b212e8d28e40459fb6613abe33d7797868aefb91e4ffe57,.json
reports/evidence/openmagnetics/step25/runs/run_a/relocation_smoke.json,5964,23cb473dde8421eb1752d3691265cab0c6e483b6e6eb6d3239e95035e250abd0,.json
reports/evidence/openmagnetics/step25/runs/run_b/relocation_smoke.json,5874,e7c40388d99ff005d0aaef618718b921bcefce65e841bfc95b86e5f2dfa29605,.json
reports/evidence/reporting/report1-migration-20260810/README.md,2052,369ecf0ddb00600faf38f9fe0d5df9c2ac72ebb548a6d466ab9cefc6597b5239,.md
reports/openmagnetics_magnetic_loss_baseline_20260725.json,15535,d3151b19376d5aa2f44bf5f505ec0f74437c92f3a0774a615582b1b7aa45a6e7,.json
reports/openmagnetics_step10_catalog_binding_audit_20260726.json,1025,90cbb01c23e13a12189e884b18b011896832180bf80e8e3a346ad33910c99282,.json
reports/openmagnetics_step11_results_audit_20260726.json,186,0fc651339f5ebc22e9aa76280d1c491d8d35deda0fc025944359d829c8b7213d,.json
reports/openmagnetics_step12_local_v2_cache_20260726/cache_audit.json,39557,0a3c0f8afa4c28456cde4a9c0b0d53124b4b7aec1445835243360fd30e69ae5a,.json
reports/openmagnetics_step12_local_v2_cache_20260726/components_normalized_v2.json,29896602,bf821c1cd6b58ebd81bb6fedb63682e16dfee571512ef2ac4edfdc173fea26f0,.json
reports/openmagnetics_step12_local_v2_cache_20260726/materials_normalized_v2.json,13881702,7d56a8e97f3d76a75a5bf5b80a4f92f31fbdbfdb34beff75d6198c57b3428eaf,.json
reports/openmagnetics_step12_v2_cache_audit_20260726.json,1648,01cc2b49d337a8758b0d6236902744cbce126b71207087434c9e5f8ef327b0d4,.json
reports/openmagnetics_step13_golden_validation_audit_20260726.json,6286,913988740581ef23da12ba52e8bcf7b2fe3ce0ca8c1dad50d345621c21e55bed,.json
reports/openmagnetics_step14_rollout_audit_20260726.json,12809,f51afdc267571a4eff78a702c5cb0180fc50dd3a8dae77ca267d61b228eaf595,.json
reports/openmagnetics_step16_ab_rerun_manifest_20260726.json,3394,b82dbc8fa4790a4a65f600c7a9edd867f8f85cb27a6f6ce1bb135e7b1c1a2610,.json
reports/openmagnetics_step17_v2_ab_current_records_20260726.json,4132,c66261c533cf345e1b4b66c14269c643df948a2a013914b11fd98ee3df8fe26e,.json
reports/openmagnetics_step18_candidate_ranking_audit_20260726.json,132619,50cea0c64111638dd8a858af61736978f31d9272e469a13e564825c9c467c591,.json
reports/openmagnetics_step18_comparison_contract_20260726.json,68510,0b0fa62f33acaa66ee29497e83b48b3e0344a39265785571ea515e2c23db4828,.json
reports/openmagnetics_step18_evidence_manifest_20260726.json,11165,5ef1009aae547d11992457b04c8f5e9c72fdcd7c16a404ef8e61109202fa6a01,.json
reports/openmagnetics_step18_field_provenance_audit_20260726.json,622658,3b2bff14a7e42480391523eff68f6d255fccbf79ef8e532226af5d788ca1caed,.json
reports/openmagnetics_step18_fixed_hardware_ab_20260726.json,470836,acb5e8ba486d99efd6c6822335c7928a400a4a1e0844569621cc9cbda4d7e550,.json
reports/openmagnetics_step18_model_equation_audit_20260726.json,27004,0b5c70477e94d76cf5f12f3f1a25be3fe330f8f43ecb681dc973bcf77e0f8fc0,.json
reports/openmagnetics_step18_physical_consistency_audit_20260726.json,39049,48748ec3509025a7dddb14a4cea30a10775e08a84dff089301a372ed3d33c4eb,.json
reports/openmagnetics_step18_rollout_gate_20260727.json,76623,d5bd72718602423bacc1cdb28c8841fa9883876384b9a0ea7e29c22b06ccb1af,.json
reports/openmagnetics_step19_buck_boost_frontier_audit_20260727.json,39684,3df4fe9fbc6a728ca451414219ba5af7bde8eec099a63ecefb4c9710d98f2237,.json
reports/openmagnetics_step19_candidate_ranking_audit_20260727.json,79932,ddb1d71bec3c73f3abeefc2af085f949dddd1c6c97ba854d4698cfef0da83f5b,.json
reports/openmagnetics_step19_flyback_thermal_remediation_20260727.json,65288,8961dd22985ffc446f34e6125b0934034828e6f333aa53f081131328e4621f6d,.json
reports/openmagnetics_step19_flyback_winding_audit_20260727.json,9980,19b916e86c728001565f1cf881493459f146b402d4eafc16b1ba0826bfd8eb4c,.json
reports/openmagnetics_step19_llc_lr_an_validation_20260727.json,80438,5287725df6c02058be21a1ffbed3643deec9bb91deed6ca6adb31db191632492,.json
reports/openmagnetics_step19_llc_transformer_winding_audit_20260727.json,10032,16cc985b3095a2b563b3d0c93008eaf3ad37ee34797ceacf7f8c30d4d5295ddd,.json
reports/openmagnetics_step19_physical_consistency_audit_20260727.json,19705,9b7bfc64a24f51f21a547a81b616a565c1d21a5c06b6c08de05772761220fb34,.json
reports/openmagnetics_step19_regression_performance_audit_20260727.json,82514,1e65447983681a0aa6045ee6d9161a99c28325fb844d780b0060e86ba43fd71a,.json
reports/openmagnetics_step19_rollout_gate_20260727.json,82071,a9a799033274f56db9bef173496b8a15af59c104e2648a6a24901191423d4e26,.json
reports/openmagnetics_step19_stacked_candidate_audit_20260727.json,99823,1b4868fc7b7824aa6c68e0b748df8e9d5317b482181bd427278a783eef36e36e,.json
reports/openmagnetics_step19r_cache_rebuild_audit_20260727.json,1639,ca873f6f621ab5ec29f23a1f9a2f52ad8d72b1e636da97c3a8409bd743ef21bc,.json
reports/openmagnetics_step19r_corrected_v2_cache_20260727/cache_audit.json,45674,b910025bca02d250b7db49142eb6f20e23803571f762607d6bfbe4c3d5b37b9d,.json
reports/openmagnetics_step19r_corrected_v2_cache_20260727/components_normalized_v2.json,29896602,bf821c1cd6b58ebd81bb6fedb63682e16dfee571512ef2ac4edfdc173fea26f0,.json
reports/openmagnetics_step19r_corrected_v2_cache_20260727/material_loss_corrections_applied.json,4863,5da1a8e113e46891f4aed423317ab7bed254ae4ea001e91604736485a3be43ff,.json
reports/openmagnetics_step19r_corrected_v2_cache_20260727/materials_normalized_v2.json,13881688,df25e17bd9fcb004fe6c127ac5194eb7c9fde42b323a9fc864a0afe3111d042b,.json
reports/openmagnetics_step19r_fixed_hardware_revalidation_20260727.json,981,36dc7f7bb2fb2d81bd9dba88ed0ebe1e471a0f0f1af91265c915f62dc53e174d,.json
reports/openmagnetics_step19r_llc_lr_an_revalidation_20260727.json,80428,41cc7ca87ad2accdc2ddca0d47ca524712074acdb96ae45adfbc662e26af2de8,.json
reports/openmagnetics_step19r_material_unit_correction_audit_20260727.json,7734,41223d9174c6a2186a1033c571987d5f6ff827fdf8c70bb04f706684ffa332f2,.json
reports/openmagnetics_step19r_physical_consistency_audit_20260727.json,4948,1fbec64486317b849cf93754ba089fc3659ecb01abe3dd43839ea5e931a8d8a1,.json
reports/openmagnetics_step19r_role_reranking_audit_20260727.json,134502,cd97fcb0c6a777850f230a543cb4bf0ef099484b4305dee842367824c71a89c3,.json
reports/openmagnetics_step19r_rollout_gate_20260727.json,1730,2032b0d9d2cf51320ccb5554fc3298ee64abd0df408b50f95668f0879aeae918,.json
reports/openmagnetics_step20_mas_881cceaf_cache_audit_20260729.json,19573,476b514179b907a6d4cda6f75dde81be4fc108ca2d00f845551fc2e6089233de,.json
reports/openmagnetics_step20_mas_881cceaf_component_audit_20260729.json,17179,b7c1dd7295f4ea985668bb00c743cc043ddcb7f415e5d02241cf5034ba65bb63,.json
reports/openmagnetics_step20_mas_881cceaf_component_link_audit_20260729.json,9905,828788bddba330f9f2f3cfd8562b76048a0275f10c0689a637767a265fbb2e9c,.json
reports/openmagnetics_step20_mas_881cceaf_difference_audit_20260729.json,13789,43ef86a2cca7647148e32484cf4b903d780a53ed29338eb9760d72050903b618,.json
reports/openmagnetics_step20_mas_881cceaf_golden_audit_20260729.json,5653,4142a0a0e85cd031aab3b64f859ad1cc9100e9c2aa6e5f85c265e284fd1aeddb,.json
reports/openmagnetics_step20_mas_881cceaf_model_coverage_audit_20260729.json,461,961f9477df1414f6f2052d3f3f1ab6278f60852241c84ca59f4ba43464b43dfb,.json
reports/openmagnetics_step20_mas_881cceaf_normalization_audit_20260729.json,3034,fab03fd87c1d0811bbe627572251c6d0fb50313d1cd9b9d117f2209ba52c6b5f,.json
reports/openmagnetics_step20_mas_881cceaf_source_audit_20260729.json,23555,f9b526a2c3ab71bcf3d9770c9bcb8321fddc3d1a4109bbe6ef106e523a276b87,.json
reports/openmagnetics_step20_mas_881cceaf_source_audit_20260729_build_b.json,23555,f9b526a2c3ab71bcf3d9770c9bcb8321fddc3d1a4109bbe6ef106e523a276b87,.json
reports/openmagnetics_step20_mas_881cceaf_source_manifest_20260729.json,3928,d053e7b5d332ff25e3187c5a9a36837cd52f9e62d72ccae808a09f7f5e1f18cf,.json
reports/openmagnetics_step20_mas_881cceaf_source_manifest_20260729_build_b.json,3928,d053e7b5d332ff25e3187c5a9a36837cd52f9e62d72ccae808a09f7f5e1f18cf,.json
reports/openmagnetics_step20_mas_881cceaf_v2_cache_a_20260729/cache_audit.json,19573,476b514179b907a6d4cda6f75dde81be4fc108ca2d00f845551fc2e6089233de,.json
reports/openmagnetics_step20_mas_881cceaf_v2_cache_a_20260729/component_link_audit.json,9905,828788bddba330f9f2f3cfd8562b76048a0275f10c0689a637767a265fbb2e9c,.json
reports/openmagnetics_step20_mas_881cceaf_v2_cache_a_20260729/components_normalized_v2.json,29573125,fdb4b2b6076a0135b4708e2223bb685f5e43a72b801483537f4aa740a95e274c,.json
reports/openmagnetics_step20_mas_881cceaf_v2_cache_a_20260729/material_loss_corrections_applied.json,113,ebf370e6721f2ed28a2e3485049f15194ac6e2b14f83ba18251e3e6e38d1f071,.json
reports/openmagnetics_step20_mas_881cceaf_v2_cache_a_20260729/materials_normalized_v2.json,13654948,15835e6ff94ad3c473362a8d3b0fc738caded43fc33ffbae992f3755c119146a,.json
reports/openmagnetics_step20_mas_881cceaf_v2_cache_a_20260729/model_coverage_audit.json,461,961f9477df1414f6f2052d3f3f1ab6278f60852241c84ca59f4ba43464b43dfb,.json
reports/openmagnetics_step20_mas_881cceaf_v2_cache_a_20260729/normalization_audit.json,3034,fab03fd87c1d0811bbe627572251c6d0fb50313d1cd9b9d117f2209ba52c6b5f,.json
reports/openmagnetics_step20_mas_881cceaf_v2_cache_a_20260729/source_manifest.json,3928,d053e7b5d332ff25e3187c5a9a36837cd52f9e62d72ccae808a09f7f5e1f18cf,.json
reports/openmagnetics_step20_mas_881cceaf_v2_cache_b_20260729/cache_audit.json,19573,476b514179b907a6d4cda6f75dde81be4fc108ca2d00f845551fc2e6089233de,.json
reports/openmagnetics_step20_mas_881cceaf_v2_cache_b_20260729/component_link_audit.json,9905,828788bddba330f9f2f3cfd8562b76048a0275f10c0689a637767a265fbb2e9c,.json
reports/openmagnetics_step20_mas_881cceaf_v2_cache_b_20260729/components_normalized_v2.json,29573125,fdb4b2b6076a0135b4708e2223bb685f5e43a72b801483537f4aa740a95e274c,.json
reports/openmagnetics_step20_mas_881cceaf_v2_cache_b_20260729/material_loss_corrections_applied.json,113,ebf370e6721f2ed28a2e3485049f15194ac6e2b14f83ba18251e3e6e38d1f071,.json
reports/openmagnetics_step20_mas_881cceaf_v2_cache_b_20260729/materials_normalized_v2.json,13654948,15835e6ff94ad3c473362a8d3b0fc738caded43fc33ffbae992f3755c119146a,.json
reports/openmagnetics_step20_mas_881cceaf_v2_cache_b_20260729/model_coverage_audit.json,461,961f9477df1414f6f2052d3f3f1ab6278f60852241c84ca59f4ba43464b43dfb,.json
reports/openmagnetics_step20_mas_881cceaf_v2_cache_b_20260729/normalization_audit.json,3034,fab03fd87c1d0811bbe627572251c6d0fb50313d1cd9b9d117f2209ba52c6b5f,.json
reports/openmagnetics_step20_mas_881cceaf_v2_cache_b_20260729/source_manifest.json,3928,d053e7b5d332ff25e3187c5a9a36837cd52f9e62d72ccae808a09f7f5e1f18cf,.json
reports/openmagnetics_step21_canary_roles_20260729.json,6194,c07a1a22be89effac85a896f8fe97c6afdb8b984b82795aef0fdcbcba2067551,.json
reports/openmagnetics_step21_canary_summary_20260729.json,488636,8d272c421189aa2c94fd723d8b851afc0a57644e5967f71a029a15edd5b32c24,.json
reports/openmagnetics_step21_plecs_baseline_authority.json,288,f8f228f0e5fc8754267d882c3e91e94f295532ee0cb484a54a67c1946f94bbcb,.json
reports/openmagnetics_step21_projection_audit_20260729.json,464232,55708668252c45cb067d53a43d1349c7496f3f80aa1467865002fab437a1269e,.json
reports/openmagnetics_step21_promotion_gate_20260729.json,17215,b4f4c3549c4a36f4c5a4468fd65264ca4a2c50d16bdab213c3395db20de48641,.json
reports/openmagnetics_step21_rollback_audit_20260729.json,392,a611773e2acb72b79390f74497eea9c56e243b0500ab0ab689ba0449f4ce2ba3,.json
reports/openmagnetics_step21_shadow_roles_20260729.json,4754,c96244f3b8ebad4bc9f08bcdb6300322e0f05c2a10682ad25b6947f88f6c48fa,.json
reports/openmagnetics_step21_shadow_summary_20260729.json,480745,3206a8e965694edc9af95861036379d5844b1a1088747a75e0500a0ada604dad,.json
reports/openmagnetics_step21_topology_baseline_authority.json,249,e8550d4ec54432be5ddb0a70f038ce8d567ae9f222f009da0b4d82e0d3447339,.json
reports/openmagnetics_step22_final_authority_20260730.json,3831,ba7414415e0eede876e28f0f67661302e6549e8553e2657a174b1aa9ce1a7b14,.json
reports/openmagnetics_step22_fixed_v2_cache_audit_20260729.json,1901,dc0224b2eef7035371357fbcbe0db78cdcfc969e74af8577118c74292518d3a8,.json
reports/openmagnetics_step22_production_roles_20260729.json,28293,5dc8833dd53ef6ffe1efd1d3814fb38584193f00aca054cbcd1b5c9f00211da1,.json
reports/openmagnetics_step22_production_summary_20260729.json,510041,188072a778cb2e9d907a9988664a342cbd7f49eebeb7124755468173bfee35c5,.json
reports/openmagnetics_step22_projection_audit_20260729.json,464232,55708668252c45cb067d53a43d1349c7496f3f80aa1467865002fab437a1269e,.json
reports/openmagnetics_step22_rollback_audit_20260729.json,396,3759676e1e285a4cb2bb669476fd9f0b21e401b8dfabb4f8da029ba133ae410d,.json
reports/openmagnetics_step22_v2_change_classification_20260730.json,1966,94ed60b376e31f457e8b3e8100ab647d81a01bb38b17ad376bca7c88bee7433b,.json
reports/openmagnetics_step22_v2_only_promotion_gate_20260729.json,16510,03cded8be9c142f5e9d32ce12493e2c7017c03bb4e2f4db1fd18dda492686067,.json
reports/openmagnetics_step22_v2_production_activation_20260730.json,19409,7815f7f9c3278f79d14364c4fc3327d779c2045ea649ed6ea65db282846a40c3,.json
reports/openmagnetics_step22_v2_rollback_audit_20260730.json,823,24edd014d8e35beb099276b17e849a747f00b17f575812c5a720ff783f00425c,.json
reports/openmagnetics_step22e_promotion_gate_20260730.json,17102,b6f56797720d05102a69addf2c0ccd10a5d2c0a5ca2e7adf20ba1157dceb3a1a,.json
reports/openmagnetics_step22e_regression_audit_20260730.json,7600,bda5d5b71967151f07f185448d30642f1b379f822a096e9cb3c907b939092e3e,.json
reports/openmagnetics_step23_production_validation_20260730.json,5390,40af85e743799344fc011bd19ef88ecd23ec9ec4c04af36518905b73e8f959d5,.json
reports/openmagnetics_step23a_authority_audit_20260730.json,7337,32c36ab6795682924177ed58b008ca68314622ed0b5a5ff9ae86f5f6a4496a55,.json
reports/openmagnetics_step23b_smoke_matrix_20260730.json,17204,ec30d8b45585e3a0a030dc8887e5941fa29f84d783e04e005d295ad02581be37,.json
reports/openmagnetics_step23b_smoke_matrix_second_20260730.json,17204,764a48f587eba034e58818325f5cbf05bb329b5f5cd07e01a3ceca49377d69df,.json
reports/openmagnetics_step23c_seven_role_recheck_20260730.json,292189,7a321ea2f3fc53d4572563483169646c431e8be96d972cb133ffd995541af18d,.json
reports/openmagnetics_step23c_seven_role_recheck_second_20260730.json,292189,7a321ea2f3fc53d4572563483169646c431e8be96d972cb133ffd995541af18d,.json
reports/openmagnetics_step23d_result_provenance_audit_20260730.json,5861,17b2b5783b014ddd14e3c73f2361ac6e44eb225bd25e54aefb7d02ee28ef7b21,.json
reports/openmagnetics_step23d_result_provenance_audit_second_20260730.json,5861,17b2b5783b014ddd14e3c73f2361ac6e44eb225bd25e54aefb7d02ee28ef7b21,.json
reports/openmagnetics_step23e_physics_units_thermal_audit_20260730.json,17226,342894bb8ded236d8ea182c3b94a97971fa46515cc76f47fce3c1be4244c4292,.json
reports/openmagnetics_step23e_physics_units_thermal_audit_second_20260730.json,17226,342894bb8ded236d8ea182c3b94a97971fa46515cc76f47fce3c1be4244c4292,.json
reports/openmagnetics_step23f_runtime_monitoring_20260730.json,889,2581f82759cd7b53b45f774df48844d315955f2af1e5975593e322934a9dfafc,.json
reports/openmagnetics_step23f_runtime_monitoring_second_20260730.json,889,2581f82759cd7b53b45f774df48844d315955f2af1e5975593e322934a9dfafc,.json
reports/openmagnetics_step23g_determinism_20260730.json,1879,fa9fac20af9f4bc0917a26a090ce82d99bc95af11ed3ed60cc309a24c8ba9855,.json
reports/openmagnetics_step23h_rollback_drill_20260730.json,14001,040ab64405059f9d3bba720c4246acdeec817fcea18904fcf06a91cf5b4597f8,.json
reports/openmagnetics_step24a_production_baseline_20260731.json,16551,1cbb00f1bec752f3f99158707832c71bf6c0bdee745128fcb7eea311b3b22cee,.json
reports/openmagnetics_step24a_regression_observations_20260731.json,5225,30d2d64e8aef8355ee808ffc4aba4441b247e9025be11566b8aa7aaf12f90027,.json
reports/openmagnetics_step24b_buck_boost_frontier_20260731.json,20470,a58b2c1faaa57407a6eca9bbc7043010e9f2bbf5970a5c50d8478ee799b31214,.json
reports/openmagnetics_step24b_buck_boost_frontier_second_20260731.json,20470,a58b2c1faaa57407a6eca9bbc7043010e9f2bbf5970a5c50d8478ee799b31214,.json
reports/openmagnetics_step24c_llc_runtime_20260731.json,3728,6b5923fca475ae072f303098e76050984389e599f2aea79752f211b6783d3147,.json
reports/openmagnetics_step24d_provenance_thermal_20260731.json,8255,a1eb65055d64d756468003c1f3a74e1d20d783a57f28a6abc7330c2bf6e21cf7,.json
reports/openmagnetics_step24d_provenance_thermal_final_20260731.json,8128,e488ed64116027deeb458b6131a87e692f663521a6a49f7747b2a1fbff13ed6e,.json
reports/openmagnetics_step24d_step23c_roles_20260731.json,293469,1c88a7acad3864e813506f36032231b557eb284e9169c68a44a79a0321c3e7aa,.json
reports/openmagnetics_step24d_step23c_roles_final_20260731.json,293480,a1f1e2fb9c7f155ea55171dd250ea439c65c2a5335862ba6f9056801149aee21,.json
reports/openmagnetics_step24d_step23d_20260731.json,4696,595753aae0257652226f5a8fbe0987d61552dff2d9cf468047cc38744b5c7efd,.json
reports/openmagnetics_step24d_step23d_final_20260731.json,4696,c1e8b83c679fd17cec4cc77c15878f9761d78edf245a23c2014bd3fd67b5d3fc,.json
reports/openmagnetics_step24d_step23e_20260731.json,21504,3c954aa23fc08aa9598f11e6d11c2478ebe09324dd45ff8f607525a10571f02d,.json
reports/openmagnetics_step24d_step23e_final_20260731.json,21537,57c905301365c493dbbc19749a2b64467a766cd0f5fef1c1c955b92958426da9,.json
reports/openmagnetics_step24d_step23f_20260731.json,895,b104862e56231eb15d01630f3882095e08ca3955d05ac91909986063ca2f0ffe,.json
reports/openmagnetics_step24d_step23f_final_20260731.json,895,b104862e56231eb15d01630f3882095e08ca3955d05ac91909986063ca2f0ffe,.json
reports/openmagnetics_step24e_production_health_20260731.json,3889,cd31f061de41a766c6d18eeb2cbda3ece605540593b1290aac7d00bb3f6b1cde,.json
reports/openmagnetics_step24f_production_health_20260731.json,3889,cd31f061de41a766c6d18eeb2cbda3ece605540593b1290aac7d00bb3f6b1cde,.json
reports/openmagnetics_step24f_step23d_20260731.json,4696,c1e8b83c679fd17cec4cc77c15878f9761d78edf245a23c2014bd3fd67b5d3fc,.json
reports/openmagnetics_step24f_step23e_20260731.json,21537,57c905301365c493dbbc19749a2b64467a766cd0f5fef1c1c955b92958426da9,.json
reports/openmagnetics_step24f_step23f_first_20260731.json,895,b104862e56231eb15d01630f3882095e08ca3955d05ac91909986063ca2f0ffe,.json
reports/openmagnetics_step24f_step23f_second_20260731.json,895,b104862e56231eb15d01630f3882095e08ca3955d05ac91909986063ca2f0ffe,.json
reports/openmagnetics_step24f_step23g_20260731.json,1879,cac738718a206c35028bbde3363bec594295358c9607340b155d7e85ed39d191,.json
reports/openmagnetics_step24f_step23h_20260731.json,14279,f0c26c5def04e23143d2a795558125f07ac2cf6b0c405a8b23c2d3aed38032a1,.json
reports/openmagnetics_step24f_step23i_final_20260731.json,5390,ee396ee2904ff470c872c8214d37b73268a376895f346d29b2032debb1198a76,.json
reports/openmagnetics_step3_local_411_audit_20260725.json,27813,abbd6aebd0aaf721559682a50faeeaa7dfe8570450c32dc097ab210ce79ee6ed,.json
reports/openmagnetics_step3_mas_e3_457_audit_20260725.json,27992,3bb9cac906ef1d2560dd98ad4770cde35865ce5b18a5cbc34efc56dc8d59f964,.json
reports/openmagnetics_step3_measured_fixture_audit_20260725.json,1059,175f15a7ea0a0907a9c27f00e5aa9a4b2f61f827fb51f8f5e754077567d0f852,.json
reports/openmagnetics_step4_local_components_audit_20260725.json,23386,5a1249a8e4b6531eb5ab304aabf6f60428df5d7d9af4b4897429ac4821f56c15,.json
reports/openmagnetics_step4_mas_e3_components_audit_20260725.json,23361,0f11ad947176414bde1d96e60a53df0a250d7f39acfa05ed3206ad94aedaebbd,.json
reports/openmagnetics_step5_excitation_audit_20260725.json,16667,2d3d56145e9bab1a8ca12696132fe35ddba649524dde08e7f173bae74821d153,.json
reports/openmagnetics_step6_core_loss_kernel_audit_20260725.json,1505,5fcf6cb85742d4bf79dad49dd57ed42d3ba628b92d888dd5aa32d5215b807835,.json
reports/openmagnetics_step7_loss_factor_audit_20260726.json,446997,3c3897e09c158639d0a93fab4bf65ff37b9c54d171b1aeda76e9871d907df569,.json
reports/openmagnetics_step7_magnetec_audit_20260726.json,55668,fd85fc6948723a89ae725702ea591a8217474594edfd2363010faa93ba0822a9,.json
reports/openmagnetics_step7_mkf_comparison_audit_20260726.json,1726,cae26d51588576515ffc991a361e090215928c75572927dca13802946c1e50fe,.json
reports/openmagnetics_step7_model_coverage_audit_20260726.json,200219,4dcab94dcd5e1d12d3e9adf7387bc3f3716fc507ed23389b34ff2ce5b61980b6,.json
reports/openmagnetics_step7_non_steinmetz_kernel_audit_20260726.json,2258647,53669e6e22dc2e5a1d2e0379dca8e8adc31df669f6318a2ded24a47d52fdbe46,.json
reports/openmagnetics_step7_poco_tdg_comparison_audit_20260726.json,1669,f9cb562e0ab02603ee728e1b13c33d7046264fa144f98661482e2e9dfa1f4a92,.json
reports/openmagnetics_step7_poco_tdg_kernel_audit_20260726.json,650773,3e89fbbcc5b11358b4957076e70b4e9c328d15dca292c893cd41044b28b2c421,.json
reports/openmagnetics_step7_roshen_audit_20260726.json,160842,808e920464e1eea6d0c12ee34866cb180eaec220ba0a293630e55529baf020a0,.json
reports/openmagnetics_step7g_measured_router_audit_20260726.json,3271,f843b18d271dbe70fda06e1773199a6940d5c62d8e633ba152407b0d656a97db,.json
reports/openmagnetics_step8_generic_inductor_audit_20260726.json,555,2e2b04486010fbf18e3b00330fd652e005ef3d3c5ec31f37ff821190c7e3d231,.json
reports/openmagnetics_step9_core_loss_paths_audit_20260726.json,4386,520d80199c74a79b1a800f2b604556feb698268fc1142a53d30318f3e72402ea,.json
reports/report_agentic_transformation.md,966576,6afdb818f5076092cace49a0a39abb802a2e5787e6d28cc85e02b28073032a2e,.md
reports/report_components_libraries.md,353599,6feb49855baef58dba5ad7dd4d65a2c0381e3ece7a379cf5ba8c219b4c57cf4d,.md
reports/report_converter_topologies.md,531763,c385d73eb806296ae67fd5c33f466c58adebf36d229e854686b3ff1b15a05dbf,.md
reports/report_core_runtime_validation.md,275504,cfe29a08a3549e6697d4da56bf8d45c3a58136f9e0d759e2543bd5cbd616c02a,.md
reports/report_gui_reports_artifacts.md,150145,202d0a602f87cc18331d76794a3e50f1f3f2d9a27b87e0cd4657bf3b9a2c0bfd,.md
reports/report_magnetics_transformer.md,329312,a58d22e497da4e07a48aff5f1c7e58c0fe9289e62e5e2d5081bef065adfd5468,.md
reports/report_project_maintenance.md,156426,65c4210cf05dfb34f2654fb93983b1fec718a8ef4c349fede686ecfc090488e3,.md
requirements.txt,52,44e23bc53dcc7bcbbb991b434f1177191cab222ee6244a7796663309e303c9f4,.txt
run_pe_claw_gui.bat,1292,964e9e2fdef9962b8cc090d50359bc71d2127bf3ab49940a288c5768e714e172,.bat
scripts/.gitkeep,1,01ba4719c80b6fe911b091a7c05124b64eeece964e09c058ef8f9805daca546b,
scripts/activate_openmagnetics_v2_production.py,4092,7b442aa239d493ec3e613d0a043b7a0c400aac04512bef59488cd8a4571bf09b,.py
scripts/audit_core_loss_excitations.py,17905,0c5ba69c6f11c8076120d0ea1ff07c8271e6ef8c77cebc473d4d845d8e49f772,.py
scripts/audit_core_loss_kernel.py,5251,8bd0a22275bd2ea423a2188e01fce700eb0fd17770746f1325454b791645b45d,.py
scripts/audit_design_session_quality.py,48227,d9ccbc312d1ecbd787aadda46671ce9bd6583aa7c3471caa53acd7e51a8016f0,.py
scripts/audit_external_references_step25e.py,10178,70c3356d6ff1a71716a1bd9e74cf4df58118b5c4c6fcb1d14a016ab9c060a76c,.py
scripts/audit_openmagnetics_components_v2.py,9353,4313db7fc9f0724ee0dbf909746892f8df52828714488a25f1f204e3899d15c0,.py
scripts/audit_openmagnetics_materials_v2.py,5100,0825f25e7b2133a1192e65f997ef3a849823199978e2e70dfbdcf71842628d9d,.py
scripts/audit_openmagnetics_non_steinmetz_models.py,13216,79c08e06cb5918d933e4ee7e08f5e8497f27ae7308b500ff66c9b1df2dc0d007,.py
scripts/audit_openmagnetics_step10_catalog_binding.py,1425,f78a2ca5558fe64143cdf062fb9c8462be9b0226af266528cab410a68326fc67,.py
scripts/audit_openmagnetics_step11_results.py,2718,ecd4ad619106bb4ec4de80750163a0d00afaf89faa4caf8a63ade66564d67e57,.py
scripts/audit_openmagnetics_step13_golden_references.py,13888,5705b641247072a790a12512370b0e7fd3fb8c01d28b980335f00454cc254c80,.py
scripts/audit_openmagnetics_step14_rollout.py,3827,342a098cea60ea0b570d9c64a69b0d8f75dc2fade71a44ee1b0640accdeb8f5c,.py
scripts/audit_openmagnetics_step16_ab_reruns.py,1666,7d74136f168d94b303c73c935b254c9615dbee0dda29fa6e06882854671e4657,.py
scripts/audit_openmagnetics_step18_ab_attribution.py,7350,37dd78ce3940e1857d1408f04d9cbf888c7d1132c5d5835b49ee700e8941678f,.py
scripts/audit_openmagnetics_step18_candidate_ranking.py,16677,12854bcaf8e61d8bd75f6de50d8790302c0d791640d5e0cf6d6a2a85b7d54f82,.py
scripts/audit_openmagnetics_step18_classification.py,6622,4a48b0cbcfbbc0f75c89d16836f4adf94bace72c69cd97dae9d348f6af738e53,.py
scripts/audit_openmagnetics_step18_model_equations.py,1451,a831bf131a99747b60e50130709b42e4f3f0ee030ee8fd6656f3afb96627f256,.py
scripts/audit_openmagnetics_step18_physical_consistency.py,4998,fc8406a962ed88de3a8411e88dbb52cb4d36358794d1fd051ed7b0eec2406ae8,.py
scripts/audit_openmagnetics_step19_llc_lr_an.py,7086,48051e5895c974b4d0110cf18379e73d376152b5ceb684ffdcde3109dac55dd2,.py
scripts/audit_openmagnetics_step19b_flyback_thermal.py,5983,387dd4ce0ba9719720fe9e13664a58f0a64daad822625a310519069afb2bdb36,.py
scripts/audit_openmagnetics_step19b_windings.py,8668,695064cfbfa8669aa824dee5b983c63bf5885db965a959b9c0f1879badf415a6,.py
scripts/audit_openmagnetics_step19c_buck_boost_frontier.py,15483,e51f604caf0b1fc494857e34128fb026be542ecf5772deacaef6065fa4e212be,.py
scripts/audit_openmagnetics_step19d_stacked_candidates.py,19680,9fdc410b9544bba6319f8e05cd7fcd185f94bd1235796d5780589d8f8443c366,.py
scripts/audit_openmagnetics_step19e_post_remediation.py,7159,792e74bae2c3503513e05128602a9c519cf5e864ea53cbbc1eb9ce264ae8b122,.py
scripts/audit_openmagnetics_step19f_regression.py,19612,62e669dd8243f54e1be07b0070b887dde854f2f431e991f0b1f7ed81812ef215,.py
scripts/audit_openmagnetics_step19r_material_corrections.py,11467,e9c7a69078a6a3e857c8571e3fed56006bab4a9738365f749697197107f2373e,.py
scripts/audit_openmagnetics_step19r_rollout.py,9203,a88e9ec9f3a360adb110b79e54519d9fd940a92d01c8eb85c089ca15afa5b500,.py
scripts/audit_openmagnetics_step20_difference.py,8064,46bde6d3e1625c7a09389a5a95175ec8d14d7036406aed21ba1588c2f97d7efe,.py
scripts/audit_openmagnetics_step20_source.py,2933,dd7e193e86b8acfbd231079a0428a1ae22d3c3c39fbe5cacfcd2be3d0b24c248,.py
scripts/audit_openmagnetics_step22e_regression.py,4723,e36ccacf1be3d0be82cfb43b082d0acd138550af97a64e4c3e27b7a3db477368,.py
scripts/audit_openmagnetics_step22g_final_authority.py,3414,c304b0bbbccacaddeb6cb83bf4c241249ef285809cf9dc7b2c910cd880779bd2,.py
scripts/audit_openmagnetics_step23a_authority.py,1687,8a131818e51ed558370172298f4e6b5e2f6680485219fdf21d8b3fa37c0da8d5,.py
scripts/audit_openmagnetics_step23c_roles.py,1775,745ad90f2131e86d2343fa4e7adf3c7f898fc172afc85bdbc7f2d4f210ac1f3e,.py
scripts/audit_openmagnetics_step23d_contract.py,1587,279dbdbf4c10e1b20f305d4df6edb70fd0294a86e42b91ea4ab3f9149f75c932,.py
scripts/audit_openmagnetics_step23e_physics.py,1473,0d3a7ad5487a40e9a87f7177728c5637b0756c29926ad1a01e81da2d5e92b6e2,.py
scripts/audit_openmagnetics_step23f_monitoring.py,2024,dd4aaecc53a88e00758aec3950f0954c7184b2411af27a4441cbca82d9f24ba7,.py
scripts/audit_openmagnetics_step23g_determinism.py,2787,f456ea14ffa81f3a5bb02f7be4eb5da81b30f3df38a4dd211a6777407c4ee03a,.py
scripts/audit_openmagnetics_step23h_rollback.py,1234,854350e63b462d863340ec3198b120a557a0ef9fe6c869767a4762bba56fa00f,.py
scripts/audit_openmagnetics_step23i_final.py,1363,2bd0437f9d17e3e03d2ed41728f0df6623e1b33560966d4867080dddcb87fec1,.py
scripts/audit_openmagnetics_step24a_baseline.py,3065,15776bbcdc0bd7179e7d64cca911b8a8627bad7a337e81de87604b5b5449fa1b,.py
scripts/audit_openmagnetics_step24b_buck_boost_frontier.py,9433,4654000be874ac55ac7c07ecbc1d2edce1ab7b26666dd4dbc65c7b43a545ab31,.py
scripts/audit_openmagnetics_step24c_llc_runtime.py,15356,5d76ac78f36226fe348049f280c5364f73ee8e45fba9362924c6a62b79e37bc7,.py
scripts/audit_openmagnetics_step24d_provenance_thermal.py,1296,37caf6fd84e5642f3decda27b78514902e359aad772033b195a749709ce4c4da,.py
scripts/audit_openmagnetics_step25f_lfs.py,5547,13b98d1a21a735a1cfd2c594bbf2bffd005b1697a8f14774843c6075f8f4124e,.py
scripts/audit_openmagnetics_step25g_relocation.py,17477,3871fef498c2c517b4157b00bd69b5c7b593b4180c6f3267fb4d3f0457ce7d8b,.py
scripts/audit_openmagnetics_step25h_final.py,22343,78c83980ba4b11bd8716918ede57293b9dae91511d2a7e3fb96d270ad602a4fa,.py
scripts/audit_openmagnetics_step7b_models.py,13630,8a40b3b291bce725a4d48b6c7ba969fc4027ed384f5f3b804e10ba50b8efbd20,.py
scripts/audit_openmagnetics_step7d_loss_factor.py,7254,737547af264cf3b7c67ec3909539690e6d2c974bf82fa15b2819c8e09e1b0e5f,.py
scripts/audit_openmagnetics_step7e_roshen.py,6682,fd02f0600c06fb0dbf015b0b916193a8c85018eeea5893c42c9abeaddaf97345,.py
scripts/audit_openmagnetics_step7f_magnetec.py,5481,93af8117387932ef5b1bfac1df91a637dd6fbfd2ce0d6831c3d57ef27d5a5386,.py
scripts/audit_openmagnetics_step7g_measured_router.py,5569,8bc1305672144b253b4e95e45dbbb5b2475c7d5631d3beae1e1bb5422bd88b0a,.py
scripts/audit_openmagnetics_step8_generic_inductor.py,2860,e446e46d692caf93b7f274cf3b5512e73ebc4124303726d3e824adf78b16fd2c,.py
scripts/audit_openmagnetics_step9_core_loss_paths.py,2706,a44d842648fc09fcaa601cbd934928f6bce754d62e4f9d850cb8e4fb2a54b77e,.py
scripts/audit_openmagnetics_v2_production_cache.py,1516,7779b265e797d075b134077e9a24511d8b3784a5950240211aba7bb5b011da64,.py
scripts/audit_openmagnetics_v2_promotion.py,13103,47553132721989c20d9393a10df3d5e3721027eba926a1d73b361b9f9d8eb960,.py
scripts/audit_package_data_completeness.py,14370,53fdee624b68d1401ac04122983a1242715759b8f691b7ef43cd3a0e05084e90,.py
scripts/audit_project_portability.py,27272,7c2e47c28f4e1084fa3ec832bdfa6564922a03edc7586d98f74eccb9b7cc8f05,.py
scripts/audit_three_phase_bridge_data_quality.py,16321,3c5aea773d663eda7e322333b2f7fc07ff951551c5a40d047649ab668415f642,.py
scripts/audit_three_phase_bridge_voltage_coverage.py,9340,31273571a1c7cf367699b450c2c5e05bc743eb382934b1bd415cdc44bfc22988,.py
scripts/build_openmagnetics_v2_cache.py,1555,4143337f7fa5d6502d954a1894885676d4a198eb0396b2c59c1cd46647c0a67f,.py
scripts/build_phase17_artifact_reproducibility.py,32471,9bc49a882a937865c4a08e789756a9812064e7463eff8f9854c41a310acc37e3,.py
scripts/build_phase17_baseline_tables.py,33093,29c5d57e43dc6c8c119c5e8e0f5f6f76deb17812b91ce283ba4284df0d595958,.py
scripts/build_phase17_claims_registry.py,34535,a80842f3a9057c705b154f8aca8a019d67826a7a17d50fff4de43d76d1efa29b,.py
scripts/build_phase17_execution_case_studies.py,42953,98e13fd00b6afe7d1560de5400ef984f507dd2867fffb4a96e74b06d9c00afda,.py
scripts/build_phase17_research_evidence.py,37232,7c632dcda97128c9152c9a41d9de5e3be5b05eae09150051dde84a17aa65b856,.py
scripts/check_openmagnetics_production_health.py,1184,a7b891af69d47d2bdd553b12a398d7e0187188d370a723973e0f2227602f3908,.py
scripts/check_runtime_dependencies.py,6880,da69b837d3888d890b3ddce5d167ed3648abd9e0ecb1e689685f8b93b62ad5e5,.py
scripts/check_three_phase_bridge_import_readiness.py,9594,55eed4e9cc69222a4e87136271ba585fc6e8370374f24aaf378a4318becd8ff0,.py
scripts/export_semiconductor_parts_to_price.py,24779,042ed0933cb5cf93db14a6ea505b7a743874399075ae207cd385309abc0cd29f,.py
scripts/fill_semiconductor_prices_digikey.py,25178,b3ece0dccc2bab8a979dde0266e2ebfae9133511085ed3f9e2b918a28d8973e7,.py
scripts/generate_plecs_validation_request_matrix.py,36479,1272cf211ed8ad559ed90ca26a9d41a2bb45b5ddce623485ec792da590aba0b1,.py
scripts/normalize_digikey_bridge_rectifiers.py,20171,d2818a0c2aed726d5010b741b0bfb27cbdb8a3e69823784e7e31927225460ec0,.py
scripts/normalize_digikey_three_phase_bridge_rectifiers.py,18638,d1b894d6783dbe08da23e2c943699a9777c5f4f3892e4dfeda23d6d391a39bf5,.py
scripts/review_design_session_acceptance.py,34647,4f2dd6ede98ce1d6a053effd150d3eb7408f566ac60b322c431b436043836541,.py
scripts/rollback_openmagnetics_backend.py,1656,875ce3d9df756ddc0d268039b968db6afa01bea7bfb74078451c09d4036af2b6,.py
scripts/run_openmagnetics_step17_v2_ab_reruns.py,18962,1a5644f64cb75f44f981f82a0cdde1b3be15826cda22bac57c077570f1db5238,.py
scripts/run_openmagnetics_step23b_smoke_matrix.py,1888,31960679e040dcb34729d3b361327acc048124ef45299cca3eb5f6ca845570f0,.py
scripts/smoke_single_phase_small_reactor_gui_views.py,9103,eae2f29781b84899772fdece15344bbf34b6c37bdd1839afccb018fd276c51c6,.py
scripts/smoke_three_phase_bridge_gui_views.py,7402,145c32f3cf18ad68e8f2075b465815420a5674512145198ca6664dd0d5c23955,.py
scripts/verify_auto_topology_recommendation_baseline.py,18186,adef648bb6558f0f54fe88f42372656c4b0de82578f7fbf066ea8caac0178c81,.py
scripts/verify_md_first_automation_maintenance.py,15887,3ca85f55ad1cb3c500f9c4f8b304d46accd775b544b7b4af2322f27081257245,.py
scripts/verify_openmagnetics_source_manifest.py,2306,9871e7b701574c9c343c4fd8a78feed764e9fb291f4d022536e442adf8571458,.py
scripts/verify_phase17_research_package.py,32400,07ca17892cd31fcc1cfb796493aaec32b3b9d11ba144a413dc4ba694b2d3c228,.py
scripts/verify_registered_topology_final_execution_matrix.py,19852,ab992eee59532c8b6b530f305a61af88df61d836f6589e6973ed9d0ebefc50b4,.py
scripts/verify_registered_topology_runner_matrix.py,11537,c363b9772d02679ce5ae6795b6c8937a62afbbefcc98467bae4409874b0e0544,.py
scripts/verify_report_ledgers.py,8762,ba93e6bb54de410d9e42a1a3d6c1cc6e18fe6c0dd4427752578f8b56899655b1,.py
scripts/verify_topology_assessment_baseline_determinism.py,13934,b630a519119374ea32189339fce9bef8bf812f8fefc9e3bb2a9f3ed1defa10d1,.py
scripts/verify_topology_assessment_perturbation_stability.py,4978,f01ce282c8b316dc31198b734aee1bea439450f5d2f097998653812fefb09dd0,.py
scripts/verify_topology_depth_parity.py,33583,bf6a5e2f55e40061262e6ca565759dc0fb7aec27d42cab1bd7951a1ea5ddf680,.py
skills/SKILL_TEMPLATE.md,1165,cd608edb694d2bdee79ea06ebd744305a229a0b3bba2280e0d070c7390ffdec4,.md
skills/ac-dc-backend-design/SKILL.md,2154,360b71d190933a3a6e4ef7519ea93f2eeaac34776cc968c980c72574aa39c6d6,.md
skills/capacitor-bank-design/SKILL.md,1361,6d2837a668841eb280102143338632d7b2040c6bbc25237c4f99455d5e73327e,.md
skills/dc-ac-backend-design/SKILL.md,2186,9fbc86ba92b2ec9e2fb6473b70f5b4daabf8ce3d094319bfad621e8d16f0528a,.md
skills/dc-dc-backend-design/SKILL.md,1684,8fae39c07966a121a5e3a2312148bbe10722cfd296e28efcf3b8a8b80c4a450d,.md
skills/efficiency-sweep/SKILL.md,1628,c3bd10d30af9275a5333cd0f1ce0940c71cc61da5e9febf87906266759189fa0,.md
skills/electrical-design/SKILL.md,1237,d78803779a7fb6311b3d0bd34675d7b2cf14b5a6f8082cbee4292db1bdbb98fa,.md
skills/geometry-visualization/SKILL.md,1324,297e4a3b2b0f2026e52e1728f94f92c556586dc0b17a21cbec82c85cfa27e46e,.md
skills/loss-estimation/SKILL.md,1318,874a3205233fca1965022706a55344b9a609b6e9e11446cd3c89e57fecbe6cdb,.md
skills/magnetic-design/SKILL.md,1348,ccc91ad81317758e9f85fcc71e0878d8045766a9c730f082f2db65195e397b72,.md
skills/pe-claw-design-intake/SKILL.md,3778,4df83a14bfcdfacd43065db91c1e5e62a08b1827b1afa5baef16ed119125981d,.md
skills/report-artifact-writer/SKILL.md,1456,89863ea83f237e1e70437b0ec4543b4d38e0d500f7de8d03191f81ad9f333a1d,.md
skills/report-generation/SKILL.md,1252,4eee89cccc63b358a7d2b52efd991cd63fd18c19c93ec42fc02d13f1396dd58e,.md
skills/semiconductor-selection/SKILL.md,1307,3b8710caaae75af14c7629d7db5b7dbac47cd633216b0c1d817bbef54a6b9c9b,.md
skills/thermal-estimation/SKILL.md,1279,028a1b456ecc9a0e28774a54571418dfc15b6f68c062e7b2247aa490093cccbd,.md
skills/topology-selection/SKILL.md,1210,04759aec931b0d1ea243f6e66759c3de4811a0b01787a3dcd0e782fd8402cf45,.md
skills/transformer-magnetics-design/SKILL.md,1881,bcd3bab74756d56825db07b1be2fb4e8c34233510aa64f4f5e0ec3f9477b5495,.md
skills/validation-audit/SKILL.md,1312,7b99e2259c9a0addd7175248288443dc6343bdfdb34148d30ab70d918201a8ea,.md
src/pe_claw_gui/__init__.py,124,2cf1ac6476394afdde348598d5b79b9700ce9c6186a579bd7a2956db06b8d863,.py
src/pe_claw_gui/__main__.py,31,bc143cdb7df8917d3a2260db1653c582205188b2229f0364df3f0a86cea177be,.py
src/pe_claw_gui/agentic/__init__.py,33846,cfe85dd4bbe6a6e13ff520bfd380c73d6d255fafd396fe7941a1accedeb00eb9,.py
src/pe_claw_gui/agentic/ac_dc_backend_design.py,34345,4f00955fe0d2c719c96938a145b3129f08d131dfe4a3aebdb0070f4650aac708,.py
src/pe_claw_gui/agentic/ac_dc_backend_session.py,8065,785f160b9ce4e0c8a0106907589c6f46b38928d5b82b290036b39f39b505caac,.py
src/pe_claw_gui/agentic/agent_runner.py,7974,aa587a1b433dde2c50e1ec2f43396e63487f303f06a0d04198962debe22ada9e,.py
src/pe_claw_gui/agentic/audit_log.py,6593,f801a8271bc7dd1e3201206a6883fa5363cb3e6abcdeed178e64268b8a26e722,.py
src/pe_claw_gui/agentic/autonomous_candidate_assessment.py,10413,6b0e78c731b935ccf59a9b815dca14b03befb6af280f07ed60481487292e670a,.py
src/pe_claw_gui/agentic/autonomous_candidate_evaluation.py,174939,3aca3563bba86c3039a4f13b70ee308eb2816f0e7136234bd428517fd53a20f3,.py
src/pe_claw_gui/agentic/autonomous_design_session.py,82282,acaa1420187ed53e355cb5872a83d68c045596feafa79c23d283e22cc8ab545d,.py
src/pe_claw_gui/agentic/backend_session_contract.py,2745,1493145969fd484900fe6cd1fdabeafd4c0e99cecf68cdc4f968d09e3fe413a2,.py
src/pe_claw_gui/agentic/backend_session_runtime.py,2673,8e8766e4359d878509b9e90a5b9a4119dc24c10e15cdcf15bdeea68e4f48c5c7,.py
src/pe_claw_gui/agentic/boost_backend_session.py,26360,fa2085ce621c227ce339989ab8bc3ec3e5ff57b3ad43c4e14e381093c3eb9c62,.py
src/pe_claw_gui/agentic/boost_capacitor_execution.py,13792,ce851ecbbb9e98badba118bb67b5a414679ffe45b82bd55f40060bfb442c3b7e,.py
src/pe_claw_gui/agentic/boost_readiness.py,13780,482d96ebbfaf8e1e051807d743db8c865ea15e21ee1416dfe8b240d07877b7b0,.py
src/pe_claw_gui/agentic/capabilities/__init__.py,1830,9f0638ede103b946bd459c466d08f4abc38d120c1a7be937b61d7ebe6f12dc95,.py
src/pe_claw_gui/agentic/capabilities/ac_dc.py,19043,8192381e90c79863f29d17de7d4736c1578df3f6d1df9f95320efeac697b169e,.py
src/pe_claw_gui/agentic/capabilities/boost.py,12922,1a763123e6f7f8dc02a30b7b2ed96a874355649c6f6e6a5bd8a52ef5235f23a7,.py
src/pe_claw_gui/agentic/capabilities/dc_ac.py,9294,752f975bbdb80c1caec29f6474c4b7fd06b6b97061050859e97d0ee8f15a5cde,.py
src/pe_claw_gui/agentic/capabilities/generic_dc_dc.py,22274,8f9cd7723662ccb9d6d051f9ac5f9ff433ecc1c049edd4375238d58efe97a72e,.py
src/pe_claw_gui/agentic/capabilities/sync_buck.py,17103,370d2b5ad509e7be4a053d660d4536b02e1a24f9a182c7dbc74d6e419cc8b905,.py
src/pe_claw_gui/agentic/capacitor_bank_design.py,22510,f28971b59e89d2388b301aa27371b23b98a26b4d1ae17c619654343562c73ddc,.py
src/pe_claw_gui/agentic/chat_session.py,4470,518379a99b0e5c6d288fb4a3ef7978be16b664a4744ce50880e6ec88bfe961f9,.py
src/pe_claw_gui/agentic/dc_ac_backend_design.py,23872,1987708c80fc3c53ed0d5a3e8afed14d074884783244516852785d4fdf97cfff,.py
src/pe_claw_gui/agentic/dc_ac_backend_session.py,8174,06daaf35c87aeed1ef53311b33e627047df373f1f8a558c8a22334e4c0336bfb,.py
src/pe_claw_gui/agentic/dc_dc_backend_design.py,62073,2608ccfd9436484ad28597495507e908535f4f109bcc7217cd7a43903901e127,.py
src/pe_claw_gui/agentic/dc_dc_backend_session.py,14549,52054c8db3d8d7897c30b491e2b3f3da47e6d0a3778d247539ad07bae9c96ee6,.py
src/pe_claw_gui/agentic/design_intent.py,14730,52ed47375d6f5da6e14825cde8fd2ec8aa2aa72d5876d7329569401c23fc678e,.py
src/pe_claw_gui/agentic/design_report_summary.py,11462,9f0a967096990d54dcfc2220f0e3b3ab84934aeaef07ce90df8bc6c745a36dae,.py
src/pe_claw_gui/agentic/design_request_import.py,30284,a07f992d888a5ee8580b096e851bec9969b4383ce9a232a37966edb52c38e621,.py
src/pe_claw_gui/agentic/design_request_parser_bridge.py,38961,6ad02c2e20dc93cca463b7be3525ae62e1ded25292738595465b0290bc7408dd,.py
src/pe_claw_gui/agentic/design_request_runner.py,56112,36b8b5427d84e77d269f6ce52e8ea16d4a650f0c045d95b250fb95c886542a41,.py
src/pe_claw_gui/agentic/dry_run_preview.py,2342,6181291d65dd00639a4127830d09f56b9abd6997425e8349e27139788bd18d5c,.py
src/pe_claw_gui/agentic/dry_run_preview_cli.py,4268,70b685995bb944734d9ca841c70cda977332118ccf504b83badf30ce06d60f35,.py
src/pe_claw_gui/agentic/efficiency_sweep.py,24761,3ba470943ec4d05e54a21b90378043622d1e0e6b58b840e6b9dc48d2be8b484b,.py
src/pe_claw_gui/agentic/electrical_design.py,22282,82d6f2eb273811cee12e0a7906901b62fc08b723bfdb2fdc9049aa9043250229,.py
src/pe_claw_gui/agentic/execution_contract.py,18014,8333200986bbb40573a9c7f346866d4c9e4f0a80d47231eb8860fd23f1f7f17c,.py
src/pe_claw_gui/agentic/geometry_visualization.py,22881,dc96cd6a106b021a742ad6f88b57bb0d4638e39933a61698fe28ae285ca7f288,.py
src/pe_claw_gui/agentic/loss_estimation.py,15499,046ace3f57f92b34f800654ac3ce55f2d20b9dea28493284bca18bf14710d3b2,.py
src/pe_claw_gui/agentic/magnetic_design.py,26781,75015652d6cd4fadc58502cd867a59b843ea64babcde8c167933b70fd530f1b0,.py
src/pe_claw_gui/agentic/report_artifact_writer.py,30507,408e7d78fbd9b3429f3706dd88c34a6de7756a76044ba2f5872b8b79739d52bb,.py
src/pe_claw_gui/agentic/report_generation.py,232538,f9b449fc743d508f1c9cae8be1ef347e663eda59dd2bf2fd867cea53f12a6b0f,.py
src/pe_claw_gui/agentic/requirement_parser.py,66156,9b2286775c4ab761ed58d48b4b2b5233327c37d1172a743f7e7bac056e2cc99e,.py
src/pe_claw_gui/agentic/requirement_topology_router.py,102178,c09e937f7374822ca2a508dc3e445acb851059a84d160977152d48b1056ea404,.py
src/pe_claw_gui/agentic/semiconductor_selection.py,23216,8d5c64f5d847195a89dfb438e5a710132685b5fafe367ba0aa4030a433312970,.py
src/pe_claw_gui/agentic/session_bundle.py,15649,6fe50456a1c0d022f173c8a4df4c499cf8e0a2baa5c4aeb57dddb39ea8683ce7,.py
src/pe_claw_gui/agentic/session_follow_up.py,28510,2cd7725dfadbbb05062a975038ba7e59030b8c523f836f153b5200453e44c354,.py
src/pe_claw_gui/agentic/session_manifest.py,18156,150d580b8b8d2b3c81463b61f6687212f72d8a74c6331bf7a21dc1a219545d07,.py
src/pe_claw_gui/agentic/session_output.py,6283,2d11b295c77f83ec8da3e1f5abba183ea559a758219b4603f37f17ae693cf62d,.py
src/pe_claw_gui/agentic/session_output_layout.py,24301,ccdf06fd70b65e5546ad0a59ed0b3f288214086fabcaab88cda2c1e2791c79b4,.py
src/pe_claw_gui/agentic/session_resume.py,29307,f1ca5dc57290f306cfed3d68bac044b0d88a99bbb2644bb2e3ab117f5f3e852f,.py
src/pe_claw_gui/agentic/session_resume_cli.py,7348,ce331ba923d4a08abe5ff1287b3c7bf8331075983c5e544ca7a2021471f43c3b,.py
src/pe_claw_gui/agentic/skill_handler_adapter.py,14622,155e1f039ae25d3aa1664918f80ea27aecce4724ee4744e34eb30391acd131b6,.py
src/pe_claw_gui/agentic/skill_loader.py,22955,919abb3db7ee2bae75433ce601a538e0e0ede0d0682edd48763b505dd4f41cf7,.py
src/pe_claw_gui/agentic/sync_buck_backend_session.py,9755,51634a03b33c81dacea495020db364b5eaa49a692dd3d3232039ad50b0dac105,.py
src/pe_claw_gui/agentic/task_checkpoint.py,33993,337cc58de52e8972fbca1c73590474809ae0f304f0fd9d4d4e64b93ff3b53fcc,.py
src/pe_claw_gui/agentic/task_executor.py,12312,e78eee61361609202bd0f31adb980c6622bffcd3f79d94f1fe9deaa6d109eaf8,.py
src/pe_claw_gui/agentic/task_executor_persistence.py,64610,db9c192a191fec514d60ba68e98243798f74d70b799fa9d7c53ac485d4ea3d65,.py
src/pe_claw_gui/agentic/task_executor_persistence_cli.py,5317,97c7d4b1e2605150cb1fbf1f1a3bd5c7e747c22c4accab113885ff54527920bc,.py
src/pe_claw_gui/agentic/task_executor_session.py,14196,df45a1e55dff83ae09c68fa6e965c855a58d104c3ad31a49cfbcb0556f56841b,.py
src/pe_claw_gui/agentic/task_graph.py,5268,f9eac624adb0ff339a183e1ad2c907a9d8b31e8ad55a0d1ceae2ab21bba54d4a,.py
src/pe_claw_gui/agentic/task_handoff.py,18817,e9258c9f78618d7c1b8452bd9a64368ced98d57f8504c38f6a37a4b60af7ad35,.py
src/pe_claw_gui/agentic/task_planner.py,11751,d5f8f84c4c25eba221b5ba08d3487f73d91022020b80f1b7b99891d41d88df4d,.py
src/pe_claw_gui/agentic/thermal_estimation.py,18696,76aa54d2db1791bdc4641b80fb7fa3bb7708e0832486460265865cd977d2288b,.py
src/pe_claw_gui/agentic/tool_runtime.py,35384,39ddce4eb7ded41e9f3371f13700205cd4c5ee797e5d72f2f48c86d463fb9e8b,.py
src/pe_claw_gui/agentic/topology_router.py,31941,6ef8e77dd03469ca50ae4e7702d9731cc87b55bd3477ece3512563aa237738b9,.py
src/pe_claw_gui/agentic/topology_selection.py,12038,98d9c2daa0e8fa33fa1303b56a648ea69e0c69cc5629eb430d743c11255db4c7,.py
src/pe_claw_gui/agentic/transformer_backend_session.py,19355,a4e2183e26dc6869f68da77dbfe058929285bc17e15c43ad827137ffcd2d115c,.py
src/pe_claw_gui/agentic/transformer_design_session.py,18823,c23f2dfe980f03b92148afb319a02d2336d227098dca67a22018ebc0f797a66b,.py
src/pe_claw_gui/agentic/transformer_magnetics_design.py,70694,fb138aaa666bf3f86639bf80e961e81c3996855e8fd7cdedccb1d278c800f700,.py
src/pe_claw_gui/agentic/validation_audit.py,219215,f6d3ca3eb7378fc31cbdfc336ff6cd54d71b3d54dd613e62c7eaafe842b976a1,.py
src/pe_claw_gui/agentic/validation_critic.py,104293,be72cfb3c3f816996bdb11d4c429c02591f0cc072a28bded185c772735ebedf2,.py
src/pe_claw_gui/agentic/validation_critic_policy.py,19504,95c14acbcd1058488b7a2df767a560181148a20d081f429afe612dc84f06bf32,.py
src/pe_claw_gui/agents/__init__.py,68,d467e7a3d183c5b3500254fb7bce8a38f3a2a74a4b4687394371f7eb057ddc94,.py
src/pe_claw_gui/agents/report_agent.py,2591,c201b2a82561190328f9e4c985ad28156984f1eca1d45fccd8d43601ce69efb4,.py
src/pe_claw_gui/app/__init__.py,78,6277369c78653f30b463d4a20d038d0440e1d2a6388df37173003269ec320426,.py
src/pe_claw_gui/app/assets/topologies/ac_dc/single_phase_boost_pfc_diode_bridge.png,10258,42cd8103e7516a6766eaced2c8767711655d9c50707a3f344a93eda1e37aa22e,.png
src/pe_claw_gui/app/assets/topologies/ac_dc/single_phase_diode_bridge_rectifier_capacitor_filter.png,6570,99650c42c2d58df7c492619d1e03133ce5bc9907744c539eeb56d116c5f1b70a,.png
src/pe_claw_gui/app/assets/topologies/ac_dc/single_phase_diode_bridge_rectifier_dc_inductor_filter.png,7142,5ebe819ed31e2199f14f6231fa8c395c67204857c93aeeb229f397600d449380,.png
src/pe_claw_gui/app/assets/topologies/ac_dc/single_phase_totem_pole_bridgeless_pfc.png,8996,8a90911d4be6cc8a5d53f970c25ce1969f24e0947e7bf39f487c01acef75a6a5,.png
src/pe_claw_gui/app/assets/topologies/ac_dc/three_phase_diode_bridge_rectifier_capacitor_filter.png,9492,693044b5322162980b63f0b1fb332e8c6a27139102e5de07a2c560239acc31e0,.png
src/pe_claw_gui/app/assets/topologies/dc_ac/single_phase_full_bridge_inverter.png,9193,f87bcfd5071da9607568525e4fceb783552f9ce6ae01f61c76162f7dcfee0fa5,.png
src/pe_claw_gui/app/assets/topologies/dc_ac/three_phase_three_level_npc_inverter.png,22685,b12a1fc1b0968fad4f1e4f07439221b7d799b7585fdb3cc731f53251af35a9ad,.png
src/pe_claw_gui/app/assets/topologies/dc_ac/three_phase_two_level_voltage_source_inverter.png,12759,e7dea6bb753c1ae6e5d6d26568ee94db87c2546de6ab6e01ca2d1bbf41e1b94f,.png
src/pe_claw_gui/app/assets/topologies/dc_dc/New Microsoft Visio Drawing (2).vsdx,98778,c0f7ac37cde8f6c5e60532b5364ece2f374178db5d26aac2080367c4a55f4dc8,.vsdx
src/pe_claw_gui/app/assets/topologies/dc_dc/boost_diode_rectified_unidirectional.png,9013,f50d2f5214e32d8899c06d7f7ae7a1036a30d4c650045ec5be39f7227a0a18cd,.png
src/pe_claw_gui/app/assets/topologies/dc_dc/boost_synchronous_rectified_unidirectional.png,9629,1e8d4d565ef6b0566b4a6d390066e0d21c9702ea4504928e481b59d3c5e46d4b,.png
src/pe_claw_gui/app/assets/topologies/dc_dc/buck_boost_diode_rectified_unidirectional.png,7305,998bbd7330dc79405dc6639892094e11a6693ae367328e39111d08316a2bf3dc,.png
src/pe_claw_gui/app/assets/topologies/dc_dc/buck_diode_rectified_unidirectional.png,9146,3b91c643c0a03c1e18f27321876e16a787b88baf48271f528917d045f70e1063,.png
src/pe_claw_gui/app/assets/topologies/dc_dc/buck_synchronous_rectified_unidirectional.png,9644,c2315aeb5733f327e104961d88ddde3db0a99de36bd1c1d15de828a07af7457d,.png
src/pe_claw_gui/app/assets/topologies/dc_dc/flyback_diode_rectified_isolated.png,9821,d5c1cc63c0080e85634594b4255b6a194292a48af8fd9a99ff91cf9d0a454b53,.png
src/pe_claw_gui/app/assets/topologies/dc_dc/four_switch_buck_boost_simplified_four_mode.png,12098,c8123715f95189e5b73fc015033abe4c898b58cd075aa9d8b99f664d2cf04483,.png
src/pe_claw_gui/app/assets/topologies/dc_dc/llc_resonant_converter_diode_rectifier.png,18399,ab54f178a0ff05bf6b76eb569721b7420345012453c9e68d4948e1763f805553,.png
src/pe_claw_gui/app/assets/topologies/dc_dc/llc_resonant_converter_synchronous_rectifier.png,19092,1fc4f645c7eebfed0df15c6c233f32292d53d33dcdcb5bd26548f5625880920e,.png
src/pe_claw_gui/app/assets/topologies/dc_dc/phase_shifted_full_bridge_diode_rectifier_isolated.png,17785,b8a34453d0579a75c1566ec2fe3bf94ed677196ed1fee5f671ad63c18f0af719,.png
src/pe_claw_gui/app/assets/topologies/dc_dc/three_level_tzcm_fixed_frequency.png,11865,09beecb495566b29ae19f35a5447c374d38200db722773c7ce379b75c423bc4b,.png
src/pe_claw_gui/app/category_views/__init__.py,427,7563146b021033b2f23b22604eaa17410bf9b3841028a898225e05387ea0d18e,.py
src/pe_claw_gui/app/category_views/ac_ac_page.py,857,1bce27a1ae084944e906138ea025b168cd5b8195d2746fc626658ce341556aa1,.py
src/pe_claw_gui/app/category_views/ac_dc_page.py,7044,ce8c6e5dd638c33d17da8f9f60b4909dc5dba25964cdc0b7c1f17e10a9a834e1,.py
src/pe_claw_gui/app/category_views/converter_category_page.py,1666,ee95b8fac47cec015e08c2d4f2e9594f765332806d861a2ce38de1cabf5e0393,.py
src/pe_claw_gui/app/category_views/dc_ac_page.py,6423,1daf4b2d0976a116a03f8e0c75bb30171d1a6619155683496215eb8337f210ad,.py
src/pe_claw_gui/app/category_views/dc_dc_page.py,7758,b7ad13bfa219488c367c9ef2d5748f47596fa6e66a3953b597ed6e5c877d2a59,.py
src/pe_claw_gui/app/controllers/__init__.py,487,85a0281dca00d196a4a7626b8fbe90b73baaf3da30bf991369f846f633dd36f3,.py
src/pe_claw_gui/app/controllers/device_controller.py,1295,efef53cba3072961efa17dbe45569c2bac42bf85ab1a2f24a005ac107653c154,.py
src/pe_claw_gui/app/controllers/efficiency_sweep_controller.py,2178,1a4fcc680e5f1cc30b00aa5f28cbcda047c9e570a6eadffb8e6e55d6c8d41ccd,.py
src/pe_claw_gui/app/controllers/export_controller.py,766,56d9c5f4aa95b6c4869bf5cb9e91ea409a25b4a75edb5ee5480f21279fe0b43b,.py
src/pe_claw_gui/app/controllers/run_design_controller.py,5601,0eecd80b81b2d94b963eb1ac85b851e3c6ad4322ff3a7a86634e139ab2b67c41,.py
src/pe_claw_gui/app/controllers/waveform_controller.py,3234,d9fa440ec1e3c9cd8dc65e20e0222ff9b1470761afcf4ab0ea62532d2d21c86d,.py
src/pe_claw_gui/app/main.py,152,3f4d00585ba3d5200acea25244fe4e3018b47e6c8d90a9d99c2ba9c83705b093,.py
src/pe_claw_gui/app/result_views/__init__.py,1337,3abee01ca4abb1f170b36590b20602e5a58d736720da784411735a753dcc6e91,.py
src/pe_claw_gui/app/result_views/bridge_rectifier_view_helpers.py,694,057fa485f131358dcdb0a7d486c2e5647aaa2e9b7e64874a7f4811d4ff360ea6,.py
src/pe_claw_gui/app/result_views/capacitor_pf_view.py,17142,2b467ca8e8927c8fb4579d5631c05ae2e927597c5e82619dad2132f52f79b55c,.py
src/pe_claw_gui/app/result_views/capacitor_view.py,25798,f999f500df1a2f86722bbc986fe514dfa239f4416ef27ec7cb40c10c97be23cf,.py
src/pe_claw_gui/app/result_views/device_view.py,35557,3ff3feba71baa319dd680a78e36af10a9428e78c11887c347cc203c7758583f9,.py
src/pe_claw_gui/app/result_views/efficiency_view.py,18523,c412f68058c1c14e9f3d45b0d10ac26e9073b5af3c43f0aef435fb8fb1e3810f,.py
src/pe_claw_gui/app/result_views/geometry_view.py,11084,dbd8fc871593eedff4e27c881885b8d92cd181334b101b7d52bd9eb1db3e912a,.py
src/pe_claw_gui/app/result_views/hardware_overview_view.py,28823,af6ee90eed536afedbe5a1bf859f8a41a28d2b5a82156d8c5c6c9aa183def0a3,.py
src/pe_claw_gui/app/result_views/inductor_pf_view.py,15135,e062d758462af61fd9087a8fa255d15bcd668918c37da9e8d7dbb60050b330e4,.py
src/pe_claw_gui/app/result_views/inductor_view.py,37047,8973301315a7c76ec719be876f2b7886259448613f0d20b7e8bd342483017153,.py
src/pe_claw_gui/app/result_views/loss_view.py,37068,a15d9d5b2f9d157e7285faa218c655eb8756af1a1c8cd088ad1da5fa5a5c6bb4,.py
src/pe_claw_gui/app/result_views/magnetic_view.py,18220,a7995a60f96c1f1da6dc332d8ff026f995747e42ff3425cd27d2572f122e056d,.py
src/pe_claw_gui/app/result_views/resonant_caps_pf_view.py,7756,77aa2b905f6ef91dcf0f36124cf57fcc3aa50ab18a35f8f33fd73a4d9aa19e94,.py
src/pe_claw_gui/app/result_views/resonant_caps_view.py,14073,52aed0ffd215379546ebb5ede4a7b1cf1df81d26ff3deec230c9e415602270cd,.py
src/pe_claw_gui/app/result_views/stress_view.py,6647,a3e13f8f869d80d3b3aa2cc30e85551e0db957f6b7d68456e695b57626b7d4d6,.py
src/pe_claw_gui/app/result_views/summary_view.py,57937,8008a3f8ef99697377ec660be2fd516e898bc845b34e27157555d6227b478c41,.py
src/pe_claw_gui/app/result_views/thermal_view.py,5287,fb0683e9cf38b4e5bbb87a80aa563c57c72a88c837964ff23425dc4f25f12b28,.py
src/pe_claw_gui/app/result_views/topology_comparison_view.py,3137,74acba36db0ce1e424d2e7a8c45e158ef8479baed2b2515abe748de36b65e99a,.py
src/pe_claw_gui/app/result_views/transformer_pf_view.py,13165,9282c37c37546014f9062ceb5ab56117ddfa4b934c99859f52401e9d0977161f,.py
src/pe_claw_gui/app/result_views/transformer_view.py,40389,505d3016b96710f429f42814e6eea8d7de93f042405dae2e13d108e484a7d364,.py
src/pe_claw_gui/app/result_views/waveform_view.py,39280,5b44e5260fdbb0a2b4317e123e10d7ff79d5d665d1ab12ee8c15bf0db8a0961c,.py
src/pe_claw_gui/app/shell/__init__.py,56,70a520023930cb90f67143d37d1bb6483e9f7b0db722acd40b75bab75510f963,.py
src/pe_claw_gui/app/shell/main_window.py,8276,63e2421262449eb35cad500edbe1259b6117f49d485675ae5525721f8704ac7a,.py
src/pe_claw_gui/app/shell/navigation.py,2197,5b9e9b5f6e6c92a6de409bdf9df9e3c26c9082c5814dfbbffc76e03923d705f0,.py
src/pe_claw_gui/app/shell/state_store.py,2006,3bf2e49bf5540c0ea334843c917e728ba082678cc86063c171413daaa07143a6,.py
src/pe_claw_gui/app/shell/workspace.py,11194,d6ab6f7fb9c0b6f7b214653e6a16dbf75403d8ec93f0d180131f9d522b2f364c,.py
src/pe_claw_gui/app/topology_card_assets.py,5265,6048efc9ddf76ea3362053c78e7da4e078274bc755c7b38a21f80b01a62f552a,.py
src/pe_claw_gui/app/topology_forms/__init__.py,3098,efe4422b6f60ff5c1ba3b0b67f2fa3e367f6a55570c6f40fed1511682b3b1a35,.py
src/pe_claw_gui/app/topology_forms/base_form.py,14914,635c535caaf16b924d3533d0f4b913a95d32bd8d6f87feb8afcf8a082b2bbd1d,.py
src/pe_claw_gui/app/topology_forms/boost_diode_rectified_unidirectional_form.py,3952,dcfa3c76aeb2f29ca93765d3db4e023c43e55563cc5647b5cacc35b90327c69a,.py
src/pe_claw_gui/app/topology_forms/boost_form.py,295,c978bcde3e2c2397ea907e33ca992ea856b58eb00be037d758e8a8928542a4b5,.py
src/pe_claw_gui/app/topology_forms/boost_synchronous_rectified_unidirectional_form.py,4067,b0f63a1e6f5b4c0776e6b6715b3479e4cc2fa80c741ba512ac2f38871b3ed56e,.py
src/pe_claw_gui/app/topology_forms/buck_boost_diode_rectified_unidirectional_form.py,4140,8ba21e513ca08c3c63a252be2865fa4b9449d93a89ee4aaa9c94d25fbffb0097,.py
src/pe_claw_gui/app/topology_forms/buck_diode_rectified_unidirectional_form.py,4038,869bbba36850023a6a1723caec70ec56bf9caf5980c004cf4ef0314b9c56ca1f,.py
src/pe_claw_gui/app/topology_forms/buck_form.py,298,6dcf3db4ca3fec9e976ae88ce6ebbf2bfa876249fd7917f12de616c36859d9ef,.py
src/pe_claw_gui/app/topology_forms/buck_synchronous_rectified_unidirectional_form.py,4017,00d8f3e09342c1bf871d2b41448441ddd1b00590ade0d92309170c873dccd9e9,.py
src/pe_claw_gui/app/topology_forms/cllc_form.py,290,1a7fc27457dd0f558c58b14810ed48a707c6188387c0b3c2297d6315bab5426f,.py
src/pe_claw_gui/app/topology_forms/dab_form.py,285,639f445682d1766a09f519f109fc6cc7cb9daa0c01b6c1d1b3e2dbe769784429,.py
src/pe_claw_gui/app/topology_forms/flyback_diode_rectified_isolated_form.py,6552,ad65af476af739cc99b7b8a4d65f25208e74db4cbcc09b82d37fccad1c54d8d0,.py
src/pe_claw_gui/app/topology_forms/four_switch_buck_boost_simplified_four_mode_form.py,4373,e9edd1705090fda353c51a7b427b2c92a1b38e88d981107a70bd26b88cc2fc2c,.py
src/pe_claw_gui/app/topology_forms/llc_form.py,285,672407946f0e966b9535e7070adfa0fb2f5109e31fdf7a288a5a6f7fa8fddde0,.py
src/pe_claw_gui/app/topology_forms/llc_placeholder_form.py,3573,857ba170cd49c38fe9df897746c15a3d900cee01d8d1deee7084f85bc42095d4,.py
src/pe_claw_gui/app/topology_forms/llc_resonant_converter_diode_rectifier_form.py,6510,f304134b0bf82124bb4c55c3101ae803eaede9e4a4bb736d3c53ae290dc9fa00,.py
src/pe_claw_gui/app/topology_forms/llc_resonant_converter_synchronous_rectifier_form.py,3392,14ae1bb9f87e8e3493082f34a1f638db4fd32f8e5d2c6606a0dd7a1e9aa67193,.py
src/pe_claw_gui/app/topology_forms/psfb_form.py,6832,deaf6d84f54abc01a06f3687ab38301398b224be50d3fcde7eabc570716c05a6,.py
src/pe_claw_gui/app/topology_forms/registered_placeholder_form.py,3568,3540b008c15ea890550a1c6c401cfa2107f2ab90f097394e704fdb604c4a7fcf,.py
src/pe_claw_gui/app/topology_forms/single_phase_boost_pfc_diode_bridge_form.py,7222,0eab2ab69ad7254764c15da84cc3556e58981f4dd34bb6a8652519feaf3066cd,.py
src/pe_claw_gui/app/topology_forms/single_phase_diode_bridge_rectifier_capacitor_filter_form.py,6093,9cc670a55f5438a46e20c654ad978d56dc208b5884b11d1715a00d5e4a9a1f68,.py
src/pe_claw_gui/app/topology_forms/single_phase_diode_bridge_rectifier_dc_inductor_filter_form.py,6492,9b6c2c321bc8b29a0c15059284ad979829e44d3ea4ac43bc698465825bbcb183,.py
src/pe_claw_gui/app/topology_forms/single_phase_full_bridge_inverter_form.py,9497,37a217d4a408d488ef4f22329034d2049105bf8efc5dcc6d34e52f885de58ccc,.py
src/pe_claw_gui/app/topology_forms/single_phase_totem_pole_bridgeless_pfc_form.py,7114,b956ee93486333c82f469a7329c3ed1756616ff92f7626989d26f71fdde1b411,.py
src/pe_claw_gui/app/topology_forms/three_level_tzcm_fixed_frequency_form.py,6361,6d98daf3464f6a05394355cefbbb5df0335f3bb70eb7dcda54c51a7bc55e888e,.py
src/pe_claw_gui/app/topology_forms/three_phase_diode_bridge_rectifier_capacitor_filter_form.py,6219,1bb46eb1433f89b5e1e6a0a8f0d79a7234942929d13acdc687e83b733be40fce,.py
src/pe_claw_gui/app/topology_forms/three_phase_three_level_npc_inverter_form.py,5567,f6a2980b235e24ecfd532db2b2c3f9029f5b37b6e2ee10093421c0478523d3f0,.py
src/pe_claw_gui/app/topology_forms/three_phase_two_level_voltage_source_inverter_form.py,6312,3afea268709eacc07085b581647d7d6e63b6b4cbaccaf9c4dcd30fad94108593,.py
src/pe_claw_gui/engines/__init__.py,46,a9c712267ae7eca8197442a512b9aef41fbc5059fc2cdca6bcc5848da8e3cd76,.py
src/pe_claw_gui/engines/assessment/__init__.py,421,8ea6a8502907d2d500990cc4b451342ce5194acc45657cf95c9945cda3db3adc,.py
src/pe_claw_gui/engines/assessment/common_dimensions.py,18652,15f039c524c9c3655e8df353aed2bd42c381c0d881c2a81d448620e18f8f3c99,.py
src/pe_claw_gui/engines/assessment/evidence_confidence.py,1930,84e5bf9892b06949fcd81978d31b785a43605a1e92b901ca2f46765d4e9d7679,.py
src/pe_claw_gui/engines/assessment/normalization.py,1323,0501f9729108becf8021d67e331d183816d557a9c6cbd995c765d7beccef8987,.py
src/pe_claw_gui/engines/assessment/profiles.py,4720,7a019edc3b9b2249dfeedcaf3274e969764a2780555546be896c6ecb3141d125,.py
src/pe_claw_gui/engines/assessment/scoring.py,5043,66a63a9356f24bf153ed83ce4e7f7367394968b60292c0dd8f65435cd1d4f7be,.py
src/pe_claw_gui/engines/assessment/stability/__init__.py,3989,22b18f8d1e15fe7936000bb810b611b4c9a5d70373358ce05b2896dfe6fef2f9,.py
src/pe_claw_gui/engines/assessment/stability/baseline_determinism.py,11770,db07ae713a4a715f314ba7893d243c5f3eced811e2afaf65df590d2796759cba,.py
src/pe_claw_gui/engines/assessment/stability/classifier.py,10348,ef1a9fb3deacd80b771669ad63190ec62ed10d537f874573992336042d34bbe8,.py
src/pe_claw_gui/engines/assessment/stability/direction_rules.py,5642,22911371202f4e569b6c8c1db4fe8538d19a1bd29d7b8e8ea4ce4af31bb33acb,.py
src/pe_claw_gui/engines/assessment/stability/fingerprint.py,26526,939f69dd443537900bee900d5809a55a747bf403dbb49e1dbca554ef7aa78ba1,.py
src/pe_claw_gui/engines/assessment/stability/fingerprint_compare.py,7920,19851176c9364c6e787dd46813135165db07ca9f1153aebaec5d58c6922edb76,.py
src/pe_claw_gui/engines/assessment/stability/models.py,17472,582cd975d1873c24876bf242c22ae39151ed18cd46262aa6c580a1be94fa2b2a,.py
src/pe_claw_gui/engines/assessment/stability/parameter_mapping.py,8568,f7cab014a2cbf787e0fc7d7ce0dc9b3e462080b1277d799272e76a9213da4539,.py
src/pe_claw_gui/engines/assessment/stability/perturbation_builder.py,8433,9190757e5da3ce759004eeca13240b642d137291bcd5bf5118dc23723eb83c15,.py
src/pe_claw_gui/engines/assessment/stability/plot_builder.py,5561,784539ba695797e7502e4c1b101016c1c2830a99271707f81a821806a342d642,.py
src/pe_claw_gui/engines/assessment/stability/policies.py,4056,732144b771e788a6320e483edb85f18dcfe27f54bc83160ee6d7ad9106c1544b,.py
src/pe_claw_gui/engines/assessment/stability/report_builder.py,14331,8f5732e6ce216513d16f278f37d97d861dd93b34be5a9ed394c8cda0946fe8ea,.py
src/pe_claw_gui/engines/assessment/stability/runner.py,29007,38891f51505c6525909b33ad453cebd4f4fb8bc18d06b1fb3163e935cc45d6b4,.py
src/pe_claw_gui/engines/assessment/stability/thresholds.py,4201,db87fe7794da64ec6eaddf4b67ad30d2ff05b80b4fed90b5c46e638700aa16f9,.py
src/pe_claw_gui/engines/assessment/topologies/__init__.py,722,b03bb72e65673ce5892c4cc2dc633a2707e10b02c22e21dbcc60c119dba18b56,.py
src/pe_claw_gui/engines/assessment/topologies/boost_pfc.py,2400,f3ca5e8c54b33f304b4cdbc48e731d57b2f5230121988668f0ce32c9182bc898,.py
src/pe_claw_gui/engines/assessment/topologies/flyback.py,2435,4e38bc635e89cb6a2a7d956557bf3424965951d42d015cc890a924d67e9c87b5,.py
src/pe_claw_gui/engines/assessment/topologies/inverter.py,2955,25c9a4318a0aadf9667f4c844a9c111d004a196f8d3c4c4b3a5e6eae1cb25f4d,.py
src/pe_claw_gui/engines/assessment/topologies/llc.py,3510,588b9cb7dd2fdac754ce25ea243c5a0b241d7c402e98e5be86d47b399b8fa0d9,.py
src/pe_claw_gui/engines/assessment/topologies/non_isolated_dc_dc.py,2608,6f50b5db62e47dc7b7a3b20a342934ddf6474a5333cf2e538dc92a2b34587c9d,.py
src/pe_claw_gui/engines/assessment/topologies/passive_ac_dc.py,3472,ec2923b59007ab4862ad24303a648492fe471ff2fc314c22315c6400e508ed20,.py
src/pe_claw_gui/engines/assessment/topologies/psfb.py,3177,42dea2a790931d10a572c0a53c3a0b5247fa7d2f0187f6bd22e7582145883e9d,.py
src/pe_claw_gui/engines/assessment/topologies/totem_pole_pfc.py,2585,eb83a79526cb2402c6bfdf5e8ddc9e7c40680b4f58a13d9ce98dec259344e916,.py
src/pe_claw_gui/engines/assessment/topology_comparison.py,6411,9ddc3aa9d19d578e2dd7819034736a1d494c840526125c6333410a6666e83431,.py
src/pe_claw_gui/engines/assessment/topology_rules.py,3306,a89358b2e5e76783f250e271d71f8da3ed81219cf5b4c4cc87b471ece276e71d,.py
src/pe_claw_gui/engines/capacitors/__init__.py,371,ee779805c8d0776f2258c088acd4f00eb197091695e9e0e7c530888bb15cbc78,.py
src/pe_claw_gui/engines/capacitors/artifacts.py,13154,5e430e6983f3775f090d920aff85786f6b76272df401cee57f84832193964bb3,.py
src/pe_claw_gui/engines/capacitors/llc_resonant.py,30401,3562dfdda9e7bf521e0c645311bbd7807c69fdb2e5c8e18f33c2217d06b48a5b,.py
src/pe_claw_gui/engines/capacitors/pareto.py,12039,1bf4a9db60ffd83092a4292712330a41d5558574f2e3c863ad0524c9a2631264,.py
src/pe_claw_gui/engines/capacitors/selection.py,51105,9225e34a7f1093bb3594a263e3fd062bf7954323d179f884e15a0995a92db4a9,.py
src/pe_claw_gui/engines/decision/__init__.py,62,aea99fd8f60846aec8f76572476a20c7a571db529cc9ab96497495881b45e28d,.py
src/pe_claw_gui/engines/decision/topology_recommender.py,9927,2087dec8a5ac0bdb89b48b098d159a10e680fd2975542b7bf069e4c49beccd34,.py
src/pe_claw_gui/engines/devices/__init__.py,29,f82ee5bc9ad62d18fcb9d57ef03986bec1f33de0bd7af9176d5dd536160c3aa1,.py
src/pe_claw_gui/engines/devices/bridge_rectifier_selector.py,27711,48f56d0b930805dd7938ca515a8fdf5793683b07c4eb3d8f159d9f1c656bc1d2,.py
src/pe_claw_gui/engines/devices/database.py,453,e4d458a3515f37edcb5e91d41fbb90e8f8a13cfee0b419ddc8b0404cf51d6bb1,.py
src/pe_claw_gui/engines/devices/filters.py,20761,2719dd08fa4f8e57904a720803f3d100140f75478ed3bda2ed80ce3b4c934a1a,.py
src/pe_claw_gui/engines/devices/inverter_segmented_loss.py,14005,d88be4901dbba9601cd9a1fbcc6c31098a0c96fd5ca01dfd12d4de2db10d549f,.py
src/pe_claw_gui/engines/devices/loss_evaluator.py,43266,b817d2e9eb48f0d5999cc69a562d030e298adc47c2f6b62741cf98d5c5bece86,.py
src/pe_claw_gui/engines/devices/ranking.py,2340,21714aa5d72b6152cfa6d530b7473260ad66c1fa7e683ba2a4ca9831cab6db0d,.py
src/pe_claw_gui/engines/devices/selector.py,9606,264ca6770a85e7c741db5b3e6e3160a2774819b67480b63036783de71f723b47,.py
src/pe_claw_gui/engines/devices/stress_adapter.py,43880,7f6b250c170a919296a5cb13b542e0a727b278cd42694bcb22f753d07a39288b,.py
src/pe_claw_gui/engines/devices/thermal_backsolve.py,12473,a8fa5ab14803c3b411bab541cafb6c893732acf3041e4220b25cb71d89771750,.py
src/pe_claw_gui/engines/devices/thermal_interface.py,7173,f8ab6dc30fc8f29b8a89b5851422a7d2a63ff4c968b6896fc1a333884e3118a3,.py
src/pe_claw_gui/engines/geometry/__init__.py,31,ac789549b94373f16770c52a92d4a546035206773630e3ab4971e318e7f0d4a3,.py
src/pe_claw_gui/engines/geometry/layout_estimator.py,36,04c30b7a5332b9796d517b9e37fe2fe5cb52e10c366fc79ad1375652b376aba7,.py
src/pe_claw_gui/engines/geometry/magnetic_volume.py,35,1132b5d85f2f2b43af47928488b957e14a4e12cfeef5ea9a036102ea879026fa,.py
src/pe_claw_gui/engines/geometry/package_volume.py,34,48634bc64ed09a4b3b01eaf3d9ea272448a3f1d710779f739431a800e12acb0a,.py
src/pe_claw_gui/engines/geometry/simple_3d_builder.py,37,bfbe382257fdbe84e4037a36bfdfb8b2d48e76772b5a73a88e4c7f7671d1c230,.py
src/pe_claw_gui/engines/hardware_overview.py,86843,ff2601fe194f33663c0186842a2fc050dc196e1ce4634329cc0b86f679ba38ec,.py
src/pe_claw_gui/engines/losses/__init__.py,27,a96985420d6ecc6a06e8ef0b56eed43e0161de72c91891d1280afd426663b77d,.py
src/pe_claw_gui/engines/losses/aggregator.py,227,b0aad23f76445d8bcda9b5d543ee4c0fd40bdc3874b7c7765aed90ef9ca1402b,.py
src/pe_claw_gui/engines/losses/capacitor_loss.py,247,4c144d105a99ec64528ae923720485cc92a2d2a06d59b443093389815b2a78ba,.py
src/pe_claw_gui/engines/losses/conduction.py,250,0f69673d12313cfe326353e7f0102d8b15711e5f839654d9f06502ad6d0b18a8,.py
src/pe_claw_gui/engines/losses/copper_loss.py,238,803d92e9dd5b40008901146bfe22c41ef2737c9fe8aac891213a642113aff6ad,.py
src/pe_claw_gui/engines/losses/core_loss.py,232,694f9d53a66ed0e815fa2fa4dabca55e4120e67d09ec3eae62dbce5fde07ab77,.py
src/pe_claw_gui/engines/losses/reverse_recovery.py,268,6e6db3172f85b1df1658861b979c74c986903fd0074fbdea79c4c4f9169ae18d,.py
src/pe_claw_gui/engines/losses/switching.py,247,118715dcbec4299685e7e42449f8bb9ac701a15eee26043b0b941657c5c941d8,.py
src/pe_claw_gui/engines/magnetics/__init__.py,3973,d228c178e57e4f6d3ee74ecc368c2e7258e127005126670b32f37a269436c351,.py
src/pe_claw_gui/engines/magnetics/ac_dc_reactor_selector.py,20831,33cd6e299e16e3953718de5381ba7e168f803214cbe060a7a2d5a178464fb9bd,.py
src/pe_claw_gui/engines/magnetics/allow_profiles.py,2246,1ba5368fcb736c386d7f5f2f6d76cb31fce2dcd67232ae0c50da02b6956ed0f2,.py
src/pe_claw_gui/engines/magnetics/candidate_compression.py,10977,6656ea2aa29022659436f734e8d2a3d043053bc988ec91c6a6705c26e1666dca,.py
src/pe_claw_gui/engines/magnetics/candidate_metrics.py,8407,a0ed9a35dd6d1729d5bae4d0915d943d183f9380dade6def849092396514c23b,.py
src/pe_claw_gui/engines/magnetics/candidate_selection.py,1975,360e5b439c37998084adb886d2717b2d7efbec493e9882f7171dc68c860cdded,.py
src/pe_claw_gui/engines/magnetics/catalog_core_binding.py,7641,beb6d71d41a9d613ad6dbe4f6659226dd326ba55293c06d73d414e0ced768a70,.py
src/pe_claw_gui/engines/magnetics/checks.py,35,9006235c4a874aade8ab684b0b78bef3082ee6ead2ec73d5043c0f6a9d8bf7fe,.py
src/pe_claw_gui/engines/magnetics/core_assembly.py,5533,ab5a93fed170c3b5539a98385185406ae41e8df2e55a76a13229e8c5cad75c97,.py
src/pe_claw_gui/engines/magnetics/core_loss_ab_attribution.py,26880,dc197f5647f7253b98c4b00a447182e608af58108ccacfd78aeb421780c4d454,.py
src/pe_claw_gui/engines/magnetics/core_loss_ab_classification.py,27327,47d9896f592ddd7a5ae17d1608f9664eef5f8c7552da48ee51b9b3c87e39b9f8,.py
src/pe_claw_gui/engines/magnetics/core_loss_ab_rerun_manifest.py,3294,e0b05e4015308422442fe403db435cf1520afcf769f2bbc9837548d4eb7e1d5a,.py
src/pe_claw_gui/engines/magnetics/core_loss_audit.py,4367,f0c01d3fda62134b98c554be608f2594ed69b502f32ae03228014004e76eff9e,.py
src/pe_claw_gui/engines/magnetics/core_loss_candidate_ranking_audit.py,16317,f76f4436f3d5e3d3602c80a0fc5664f7b4e4f2a2fcbd1c7824236db10f2ffa20,.py
src/pe_claw_gui/engines/magnetics/core_loss_evaluation_context.py,2814,70cc7974dcb6d80948b862c3dfb370df1f945282c70b5fa6e3c2b839e862095b,.py
src/pe_claw_gui/engines/magnetics/core_loss_excitation_builder.py,16775,782b3dff849b695b92d5c42395c9770d05d1fde4ffd5e07d6c23298097fbfd98,.py
src/pe_claw_gui/engines/magnetics/core_loss_excitation_integration.py,35681,b2d2496d297832e21d837d22c6a2ab667e8535798a6e575d9b01f12f0efd8079,.py
src/pe_claw_gui/engines/magnetics/core_loss_field_provenance.py,41941,145960ffb5380ab1915721a1c0472b353677a6f31dcf35ac2790a7d3d54b4289,.py
src/pe_claw_gui/engines/magnetics/core_loss_fixed_hardware.py,43309,ff1284c4117381a49e2bfdc0f0b5ae76fa47f71fc3f0d71541d1789ebc892c5a,.py
src/pe_claw_gui/engines/magnetics/core_loss_golden_reference.py,14317,f5f4f8c018d1ab44540db148739daa3ce0ce2a9ab157c887ce20d02fbe94483d,.py
src/pe_claw_gui/engines/magnetics/core_loss_kernel.py,23935,7421f30abd140f2bc1efd05f22fc880332a3fb9e5cdeae2a09cec5b064e47d25,.py
src/pe_claw_gui/engines/magnetics/core_loss_loss_factor.py,22330,38a1c93d6bba9c43bf259540e6901f105921a189be6e06426492e1b4556aaf23,.py
src/pe_claw_gui/engines/magnetics/core_loss_magnetec.py,9985,47ec38a3ebc9ec7b2a61ee17c6a286148276835c21e4dda1a679d5b5cda71f32,.py
src/pe_claw_gui/engines/magnetics/core_loss_measured.py,15557,381370720f147eb7473d18e872df9dc6f3f6e0c7e5787ce342f9ba3bcbc329f3,.py
src/pe_claw_gui/engines/magnetics/core_loss_model_coverage.py,19724,3e8586f6d228cec3bf9cabca946626e7253720be50d8d4e0a696aaabf265bb45,.py
src/pe_claw_gui/engines/magnetics/core_loss_model_equation_audit.py,30329,d7f548a1c772b1305ccbc86e33b3c8ef59900431b221cc711edc89745ee2d666,.py
src/pe_claw_gui/engines/magnetics/core_loss_physical_consistency.py,30881,afc99daa1279d85d971913ffec3ffc47fdb070da976373f94a829a14a96ea8a7,.py
src/pe_claw_gui/engines/magnetics/core_loss_proprietary_models.py,29250,f0a184f0498ee8cdfdabce2a18dd43f1e09c52046b90b32a62175f51fde55aaf,.py
src/pe_claw_gui/engines/magnetics/core_loss_role_adapter.py,4310,3b224004280a2af20e7526086674d8b95c3a825fadf31250d6060a4c45f4812e,.py
src/pe_claw_gui/engines/magnetics/core_loss_rollout.py,13073,65b9b5ba8d42aabffb932b67112c2319ae4b296b32e0b23a3c5d1c242942e554,.py
src/pe_claw_gui/engines/magnetics/core_loss_roshen.py,23349,a236792a44a58b19e0400fcf212d4ec07a69a349d9f373fc9bbef26528662595,.py
src/pe_claw_gui/engines/magnetics/core_loss_router.py,23640,96316797175c26457af8d6f633692bc335a140e38b79015aa7734b1b7494ea41,.py
src/pe_claw_gui/engines/magnetics/core_selector.py,42,9f4ace9b227dcb5009501faba7bee9741465bb48330bc402fd553ce580960403,.py
src/pe_claw_gui/engines/magnetics/data_backend.py,13575,c7349ca1b5bd644a95463d562ae757602f0f38212491717c39552da9bbea1be5,.py
src/pe_claw_gui/engines/magnetics/flyback_thermal_remediation.py,12143,b52bb49773a3113039d292a4e1dff00b7bff88d196580751120cd328820515ed,.py
src/pe_claw_gui/engines/magnetics/inductor_adapter.py,65798,fdfbee9e1ccb2f6a16dfec5a9e83e3b958b28b3a5f11b1c8aae2561c51845234,.py
src/pe_claw_gui/engines/magnetics/inductor_design.py,58126,4617bd7b1027885e6266cada2e9404ce1d8d09f61f6015947af5afdf25378fa2,.py
src/pe_claw_gui/engines/magnetics/inductor_frontier_search.py,13185,859200811cf5e5558f2f91a64287b89055f244fb2fd7ad1c07a5643e63bbd804,.py
src/pe_claw_gui/engines/magnetics/leakage.py,3802,7daddaff61eb4a88e7bfbb570dcdf9467ab5461987145c218df0d19b60abe657,.py
src/pe_claw_gui/engines/magnetics/legacy_external_openmagnetics.py,14328,74b326b93ee6e7357ff08e88e70c217749cb67a99a662d024e5dd2b4d72a2036,.py
src/pe_claw_gui/engines/magnetics/llc_external_lr_step19_validation.py,21646,7ec719629a09a4d5c6a58caad5d68010696893bb32f8117d45191c3c5309c06b,.py
src/pe_claw_gui/engines/magnetics/openmagnetics_production_health.py,9123,49520740ff1c29e8764a3d7a07957892dcd24114a811615387704c63219b2139,.py
src/pe_claw_gui/engines/magnetics/openmagnetics_step23_authority.py,12753,2c022d4d888a755bac8a91aa8a600b2bde8b6cf5a559c62d44669d6e02593728,.py
src/pe_claw_gui/engines/magnetics/openmagnetics_step23b_smoke.py,13085,49c94f39dcc6d53459b3ec49326cf2ed6bf39138db5638a3119791ef21758584,.py
src/pe_claw_gui/engines/magnetics/openmagnetics_step23c_roles.py,10064,3a34bb3381b8df8c4c611dbbb5ae58f0865284fd7830d91c8c1541aef480116d,.py
src/pe_claw_gui/engines/magnetics/openmagnetics_step23d_contract.py,10816,b9ff080a4cb0920aad9ac5636b550a756f2093dd31df3d8b4719c11385c26015,.py
src/pe_claw_gui/engines/magnetics/openmagnetics_step23e_physics.py,15982,4b9f6d767799c1a0e16ad7270c5e7909a9eb99751bed36db173aa1a07b821698,.py
src/pe_claw_gui/engines/magnetics/openmagnetics_step23f_monitoring.py,7970,322e9dc2f7066d358d158b18a2a800a3da146ae2157e1e0604ca8157ec4a5b8d,.py
src/pe_claw_gui/engines/magnetics/openmagnetics_step23g_determinism.py,5156,7b3048c9bbba91c41dfee28c64210e191b298a3c833d6fb5917a55c29847505e,.py
src/pe_claw_gui/engines/magnetics/openmagnetics_step23h_rollback.py,11820,2749a3d4d5d12352d80313b1df46d36d3d564809dd96840b10bf6e25ff635025,.py
src/pe_claw_gui/engines/magnetics/openmagnetics_step23i_evidence.py,11477,7ffd00c1275348e2c7c12fbdc114cdfc371f7b3ff5cad2fcf6ee0aafae9c1c3e,.py
src/pe_claw_gui/engines/magnetics/openmagnetics_step24a_baseline.py,25964,ce26e3b98bb75423124a02dfda1cee1d02b270f1e0c65a288583794b3720be53,.py
src/pe_claw_gui/engines/magnetics/openmagnetics_step24d_provenance_thermal.py,7557,1fe50eae58f07b424ebe923f6819f56a7b5b63ad3e47cc2c882ae7d1a1894921,.py
src/pe_claw_gui/engines/magnetics/openmagnetics_v2_activation.py,9332,422c721900c8c697d84f44a198374bbea64aa1bc9ce8c37b49171655073de909,.py
src/pe_claw_gui/engines/magnetics/openmagnetics_v2_final_authority.py,11952,a0c6dceff51b62dac1defac12bc39cf78479d70aa074aa4add02b9c212d55846,.py
src/pe_claw_gui/engines/magnetics/openmagnetics_v2_promotion_gate.py,26440,b9968e56242b9fd77463929ded0d656c68a1c05eee23886330cf2969b2fd7650,.py
src/pe_claw_gui/engines/magnetics/openmagnetics_v2_regression_audit.py,12762,743150f62e6744022498ef7cb3f5c006b066b8d529c36880dd87999237085a68,.py
src/pe_claw_gui/engines/magnetics/openmagnetics_v2_role_runner.py,54418,e3f6b1a9e4a5ae509d59dbc5deae5fc1e426e2326e6abe805316722482a3099f,.py
src/pe_claw_gui/engines/magnetics/packaged_normalized_comparison.py,22922,5d0b415eac1acf7f51d2e41343b7be15c88ba5f58a3cd0eaf21ce0750ed5c92b,.py
src/pe_claw_gui/engines/magnetics/stacked_expansion.py,21736,8e1fc327762eac381b70c792ed2bafca0753c6c5e5f31ef3078640595bc86b28,.py
src/pe_claw_gui/engines/magnetics/step19b_winding_audit.py,10952,ac02f0bdb8313cf33330943dae90f39f96f76af91f0c2e79caa891ca305ad5ab,.py
src/pe_claw_gui/engines/magnetics/step19e_evidence.py,33339,bc4f164e0d72d1d4f274786a169d8bb72acc360472739d004d6d245a67351d5b,.py
src/pe_claw_gui/engines/magnetics/transformer_design.py,38,22fd6263c446c9262df6d5f6e972509ade087e8bb72598e1bc4409751051bab8,.py
src/pe_claw_gui/engines/magnetics/winding_evidence.py,2278,e6fce8dc9a877aeb18ef3a495b63911873001f12c2b1e3511546422fe2d863ad,.py
src/pe_claw_gui/engines/magnetics/wire_selector.py,33,37d3bcf90f0088ced184de77c993d1d6c412e2343f164ff601fd598ff98202ec,.py
src/pe_claw_gui/engines/optimization/__init__.py,35,e29d9da08c826ce4ecfbfa337378625993d93cd6e01922aa6d72b4912d7dc5e6,.py
src/pe_claw_gui/engines/optimization/candidate_generator.py,39,50c4f69b229feb08c622051987cc20626415e588da8321b945140aa8dfc0ede2,.py
src/pe_claw_gui/engines/optimization/feasibility_filter.py,38,a40005d0a74bd27ad95b017fa2724c711e0b48460acf1d1beb2e87948ef7863e,.py
src/pe_claw_gui/engines/optimization/pareto.py,26,e933387b28af12c3604e99fc7e6616f108a1f4a465d3f60156b5364ad843ec13,.py
src/pe_claw_gui/engines/optimization/surrogate_acceleration.py,42,47d49e93bfad7ebf5e3b52372fa1e623fdcd4aa870e961d8a438bbaa19e910b9,.py
src/pe_claw_gui/engines/thermal/__init__.py,859,1cc8a7e2bb3ca0be7a6b868e836caf44ef460657d9c7654919614cc3bfd1411c,.py
src/pe_claw_gui/engines/thermal/heatsink_estimator.py,38,586c3e0fb3b48d64a8b3ea2b2b5e03e7c75c725748ac22f6ead6fc1e443995c5,.py
src/pe_claw_gui/engines/thermal/resistance_chain.py,3768,68a5f61df35f48e478077aa570e96f4dd129f31fca31eda0b88f70ba38f30c05,.py
src/pe_claw_gui/engines/thermal/temperature_solver.py,3119,6bf87be334b604c130aa723c3f3a5ba46f13eb35b39ac54eb20193be496e13d2,.py
src/pe_claw_gui/engines/thermal/thermal_estimator.py,8725,98bbf4857210b524691339503fbd652b5e031ea8e0f9277ca07c33e83d3bc60d,.py
src/pe_claw_gui/engines/thermal/thermal_proxies.py,7160,5958b363b2bae2e93199ca1bf03593d23ef9a7ad21fcd1afe3a4aa54c627a41d,.py
src/pe_claw_gui/engines/verification/__init__.py,52,b12f3423c672f3926c68bf5945f5d65a75754cd1adc3d033e549e37497b77623,.py
src/pe_claw_gui/engines/verification/design_checker.py,6346,7cf921ae4b3540c94ffd548cc044b5804ec90e73c74a55986820d5e543a42bcc,.py
src/pe_claw_gui/engines/waveforms/__init__.py,31,d328863bee6b1496f054ab970325b5793373e983f78fde55556ad0dcc5abfa65,.py
src/pe_claw_gui/engines/waveforms/feature_extract.py,47,d8a90242d634f602b57d0227ba74b169652e1da39e2f56c85402da2389bb1c5b,.py
src/pe_claw_gui/engines/waveforms/normalization.py,42,b1164cf1b6430468f12653b4c201969b68d71783c4d080be2b44139321feadfb,.py
src/pe_claw_gui/engines/waveforms/sampling.py,37,f21ff7385456312cc5290b8a75970b3e9cc6466797fbcda79dd44671dc807ea7,.py
src/pe_claw_gui/libraries/__init__.py,52,8056e0531fd37246bc0193360bdf67ef6201da022e3ed18d760a87d1ddd58614,.py
src/pe_claw_gui/libraries/capacitors/__init__.py,5881,11a5ce78e32628734ef946f62c1f71087c5a289657b5fbf98ebca6a86268c315,.py
src/pe_claw_gui/libraries/capacitors/jianghai/__init__.py,330,36a6e8e7f335bf786bec76fa9d551881790a23cfb56d572e8103a73559ca0f8c,.py
src/pe_claw_gui/libraries/capacitors/jianghai/_common.py,11901,9591c6cd70f1a1e570608bade0f4255eedf6b2b9c0444e119fd7b74eab8f4c97,.py
src/pe_claw_gui/libraries/capacitors/jianghai/_records.py,186357,97edaffe64e523bd9bb716bb84e45d3fea4aed055284c0cc382067021734a23a,.py
src/pe_claw_gui/libraries/capacitors/jianghai/jianghai_cbb131_dl.py,341,e91820df5a2c109452885fa4e4ed0425f8d181d27fbbbed95c8dc915659a476b,.py
src/pe_claw_gui/libraries/capacitors/jianghai/jianghai_cbb131s_dy.py,346,7c31cf12a2477734870526f7b6d19d1580ebb901c339123b1521c8ca9cba2259,.py
src/pe_claw_gui/libraries/capacitors/jianghai/jianghai_cbb132_dh.py,341,6f18606475652e4e493ef716dc3bf794f4df10c8db4a2dcf937d63abde191fe4,.py
src/pe_claw_gui/libraries/capacitors/jianghai/jianghai_cbb136_dp.py,341,7e0bbbab007b5c5f15f90ddfc010f6b7ed02792ad3d27cad23f31178e4464329,.py
src/pe_claw_gui/libraries/capacitors/jianghai/jianghai_cbb138_ds.py,341,0dc3449e73e179af1aa78485549f5438ce379d980236d4d313412f6f4d138f6d,.py
src/pe_claw_gui/libraries/capacitors/lelon/__init__.py,694,cb489abb85567701263ef7b61c9cf30364615d0e955f12ddd54eb4ecd01a8dea,.py
src/pe_claw_gui/libraries/capacitors/lelon/_common.py,12129,ce706bc32c5b1e547bfec52c071a017d832bfdc9c2ad64e4909f3ba20e3d38f1,.py
src/pe_claw_gui/libraries/capacitors/lelon/data/lelon_electrolytics.csv,537277,9f2e308ea0cf3cda3f38dceaadcb86894bbf098073c50edc898fe2a0cbc957db,.csv
src/pe_claw_gui/libraries/capacitors/nippon_chemi_con/__init__.py,1723,5a13cda3ef3e0946e892003c8fe0d83176c411e0af5da63629d57d34a5b90e13,.py
src/pe_claw_gui/libraries/capacitors/nippon_chemi_con/_common.py,22609,526350c909195d2dfc21eb8eae799fd79f58804c20e3fc78c716bcab4a7c9c2e,.py
src/pe_claw_gui/libraries/capacitors/nippon_chemi_con/data/nippon_chemi_con_formal_blocked_series.csv,1159,4a3ed64c9f0c33f4defa7762da6caf7c1de209bb52ed286de9fdc8f9b7f6df52,.csv
src/pe_claw_gui/libraries/capacitors/nippon_chemi_con/data/nippon_chemi_con_formal_electrolytics.csv,4439602,1faf9eb8a8483c44fd368a38a8cb084664ee3a379810c517255905a00e22822c,.csv
src/pe_claw_gui/libraries/capacitors/nippon_chemi_con/data/nippon_chemi_con_normalized_audit_rows.csv,2744,2d9d4469fbbb37e8c20444f3811554df4b2f85dbaa84d373c484f39d122e0870,.csv
src/pe_claw_gui/libraries/capacitors/nippon_chemi_con/data/nippon_chemi_con_series_audit.csv,20982,cc0a2f81bb7321bd6b9c21e79cd6481986a5e911e8eca78162b25d48589a39b5,.csv
src/pe_claw_gui/libraries/capacitors/nippon_chemi_con/full_row_parser.py,27883,ceca3bb64cd9d5cce3138ce02074e88868f2583c31d4c7695d22786f6f90bc00,.py
src/pe_claw_gui/libraries/capacitors/panasonic/__init__.py,320,40e539649cdb556441b49558a9bdce47c7343e4e655ebe7b095821120e6c32e4,.py
src/pe_claw_gui/libraries/capacitors/panasonic/_common.py,10365,df1084cf19c717ce73aeb929a6353d6e2b5ea13b40410f5eb779a531b2606bb5,.py
src/pe_claw_gui/libraries/capacitors/panasonic/_records.py,70555,3fba7eb837a3afd382ff9c3d7f47eb2e96dc08be46d700246ac7f08dacfbea08,.py
src/pe_claw_gui/libraries/capacitors/panasonic/panasonic_ezpe.py,289,8c5216395866f5c6b1484ed42a30927a71496a5f89a55f1c64f70062f6809544,.py
src/pe_claw_gui/libraries/capacitors/panasonic/panasonic_ezpr.py,296,406b0a3acb474abc2bf28f09993b93067320e95b034219e2d4e752319acb0d66,.py
src/pe_claw_gui/libraries/capacitors/panasonic/panasonic_ezpv.py,289,98b3b931032ba4b57a46659fa9e1148aa7168558f2f09b122c0f7251be1ac758,.py
src/pe_claw_gui/libraries/capacitors/panasonic/panasonic_ezpv_d.py,309,4fd9004638542952001825f520f3fa2e7d40da019701385707250cdd215c3551,.py
src/pe_claw_gui/libraries/capacitors/panasonic/panasonic_type1.py,296,8b03ed510ce7c4d6517b3dda3af60666e97c853a3ec0a7e243ad4eaf006ff3f5,.py
src/pe_claw_gui/libraries/capacitors/registry.py,3964,df427666348525fea3ebae062a1dbbeb13fce9e55bcd512acdc53b8479cd437f,.py
src/pe_claw_gui/libraries/capacitors/rubycon/__init__.py,308,670c5f92730e52064f8b8788e58e2f934aed971695cb3b3839ce1e8d520e9be1,.py
src/pe_claw_gui/libraries/capacitors/rubycon/_common.py,6462,215a570a6080ee3ff4a006af46f0241c1f51df38be1dbdb06d4fdf7de1faec83,.py
src/pe_claw_gui/libraries/capacitors/rubycon/_records.py,35668,98626ecf3de014ea40c40b7104c9497a6bb14db7daac87cc53f4812fe1cdd415,.py
src/pe_claw_gui/libraries/capacitors/rubycon/rubycon_mpb.py,281,4c41570424c87bda6fe8ef69d0595de209cfcd8c9b4de9079d75c76a9ac9b43c,.py
src/pe_claw_gui/libraries/capacitors/rubycon/rubycon_mph.py,288,6775271cb83802e0b4a09e95e1cf99f3ef3ab4d2889e6773bf8383de98501966,.py
src/pe_claw_gui/libraries/capacitors/rubycon/rubycon_mpk.py,281,eef41bd2192e03df85f15cded0ed97d7a4fbe44d5e92c6c8384e2a8d318ef5ba,.py
src/pe_claw_gui/libraries/capacitors/rubycon/rubycon_mpn.py,281,1288471d5117406429dee86c74ca1ffa8e4f991cb85b50ce63fcf89b08d0eb57,.py
src/pe_claw_gui/libraries/capacitors/rubycon/rubycon_mpt.py,286,5b2e4c808eace376fbb7d6cb692644b8b6aa9a2ede7bee3e6cfb15819a9867c7,.py
src/pe_claw_gui/libraries/capacitors/rubycon/rubycon_mpy.py,293,a507556089b4f2e97f02d3a4d96801f85991107e44fa6e05c09926fcce67f1fe,.py
src/pe_claw_gui/libraries/capacitors/rubycon/rubycon_pck.py,280,de96a36e936ba41a5128cf6dde705c015aeb395867b6193307793f7a8a03c7ef,.py
src/pe_claw_gui/libraries/capacitors/rubycon_electrolytic/__init__.py,2044,df2f227f94ea74226751f394c6de3fdf805dd249fc532cec0aaae131052ca920,.py
src/pe_claw_gui/libraries/capacitors/rubycon_electrolytic/_common.py,28959,254a183851feed6918eee53ea1c9f537fe2ecb89ca222930cec97aeb66816870,.py
src/pe_claw_gui/libraries/capacitors/rubycon_electrolytic/data/rubycon_electrolytic_formal_blocked_series.csv,157,099a46ca96055bc23c22a6d66f01ceb445ab23dcf4d9dd207039abb92258b969,.csv
src/pe_claw_gui/libraries/capacitors/rubycon_electrolytic/data/rubycon_electrolytic_formal_rows.csv,3489414,d9bbd4f98222bf9b6ac922924770628263e4a079aaacac28393ac1e990ac8673,.csv
src/pe_claw_gui/libraries/capacitors/rubycon_electrolytic/data/rubycon_electrolytic_series_audit.csv,12549,1ef69cacd3397ccb17a30c2959b238420c6e2225bc1a16141f854738b5bd52f3,.csv
src/pe_claw_gui/libraries/capacitors/rubycon_electrolytic/full_row_parser.py,23253,b256627db0edf0df67806508d66dfa3e4c523c5710f98e72fdfe8c7b986e6e20,.py
src/pe_claw_gui/libraries/capacitors/tdk/__init__.py,2813,1e8e9b87ee74b76afec9bc87b79e679f68cee5437dcd0391bb1e22a0eb60b73d,.py
src/pe_claw_gui/libraries/capacitors/tdk/_b3277_common.py,12194,6e1ad9997dbb37c5fdf697c5e7e337cfb8395e2ad12cf7765ae6941cb79f3805,.py
src/pe_claw_gui/libraries/capacitors/tdk/_epcos_electrolytic_common.py,31468,8152bfaaadf1f9e0e56dc0a1008e4a20fa9e42b731f836666d6ff1d1605bc89d,.py
src/pe_claw_gui/libraries/capacitors/tdk/b25654a_001.py,5792,6ac0ca6b055e6d4b7fde8a8f183b27e44e7fcc1d12302bc3cfe5b534df1b5e7d,.py
src/pe_claw_gui/libraries/capacitors/tdk/b3267_d_g_j_t.py,18557,5bdc4acff62afd84720d3a1ff73b3d9d633e0522da094a24e6e2eb1bdd260f55,.py
src/pe_claw_gui/libraries/capacitors/tdk/b32714h_718h.py,32817,1843528cd0a1847f96a303d7e9614262881d60f933405a4077d68042c24de168,.py
src/pe_claw_gui/libraries/capacitors/tdk/b3271xp.py,28220,2b64ead36e7eee7c53e3e0b1a1c4ac640d0848fbad975896677f5653d65286c4,.py
src/pe_claw_gui/libraries/capacitors/tdk/b3272agt.py,17370,c797ba77d8446b66cb1effa3eb3d38407ccd1a6888c6e3f2d1e2ee2fdc70887c,.py
src/pe_claw_gui/libraries/capacitors/tdk/b3277_d_e_g_j_t.py,16282,05194e27bad955901a5bdf0e436d82109baa6dfaca3e5e069f244304ba1fd893,.py
src/pe_claw_gui/libraries/capacitors/tdk/b3277h.py,24135,5d5819371c4fe9818082993f4f3841fce298205f2ef83efd861791f30c5601cf,.py
src/pe_claw_gui/libraries/capacitors/tdk/b3277m.py,24113,f1d283a63358a67029ae07608bd58a2f1a30dcf6eb68b93f4097173209a42c46,.py
src/pe_claw_gui/libraries/capacitors/tdk/b3277p.py,14593,6b7a0d1cc882e7f69b13a3d89a0499408e6cb66be7f73b1962798c9a025d3f45,.py
src/pe_claw_gui/libraries/capacitors/tdk/b3277xyz.py,23116,19073d0328cde510623977933d2fe441ea4b1244532712eee1544da0ae930fe6,.py
src/pe_claw_gui/libraries/capacitors/tdk/b41456_b41458.py,8730,9e58b870288f1ec9a275ef41eafaf0c79dacda12e2e42dc2a2c1a1a57acb3590,.py
src/pe_claw_gui/libraries/capacitors/tdk/b41560_b41580.py,603,9b8d2fafcb6c63ccc5ae0b82b995c70201f4795e6ec52ec96c1be6c086000080,.py
src/pe_claw_gui/libraries/capacitors/tdk/b43700_b43720.py,603,522ad94dd75be3997e5fdf50657354b6fed34183cbac917460bfaf1b9e7f7a2b,.py
src/pe_claw_gui/libraries/capacitors/tdk/b43701_b43721.py,603,f203f4b5ed79a6cf1d17a27a3a08205cb5a5f41c137a48f10e185e56fb848e88,.py
src/pe_claw_gui/libraries/capacitors/tdk/b43703_b43723.py,603,ec1e0edfc98a4cdff9e3e5e2c4ad2b96bc16d7e42fd212d1c25b373e47297479,.py
src/pe_claw_gui/libraries/capacitors/tdk/b43704_b43724.py,603,fae583222dd4b6e21eb58519e4e57da11d3aeb7dd6df3947763a0c5540ba3864,.py
src/pe_claw_gui/libraries/capacitors/tdk/b43705_b43725.py,603,c5e52ee38d080ba4bbcfc924a7430291890d0993456b2eec15dcf6ecb13cb0a4,.py
src/pe_claw_gui/libraries/capacitors/tdk/b43706_b43726.py,603,36bd550de3567de9e1465e606b8d0f37f8f38ed3cd7a20b855930f58bcbf5df0,.py
src/pe_claw_gui/libraries/capacitors/tdk/b43707_b43727.py,603,d2db69d334a52f9eb3a8cb0853865cc6e791f60ceda2a86cdeae783dbc28ef43,.py
src/pe_claw_gui/libraries/capacitors/tdk/b43712_b43732.py,603,51ef349a9a8669af195d9dd716264b92bfeb34bf9e7969712cd63b0eaf0dcf27,.py
src/pe_claw_gui/libraries/capacitors/tdk/b43713_b43733.py,603,5983de39d70cac39dbf0d69830eea79ec0dec4f941a476bb881a2a23609aa04a,.py
src/pe_claw_gui/libraries/capacitors/tdk/b43742_b43762.py,603,46ba31aea7bf0209c5808534a9cc4fe298a38664697d8f2c86e6a249f53923ca,.py
src/pe_claw_gui/libraries/capacitors/tdk/b43743_b43763.py,603,40b6351751801277865caa9f34e74d7f3b02be19338c38c319e9d6713e84e40a,.py
src/pe_claw_gui/libraries/capacitors/tdk/b43745_b43765.py,603,553f9323a582a0dc4d9a584477696d6fca707dc6cf2e7f01aa5c92ef67f793ba,.py
src/pe_claw_gui/libraries/capacitors/tdk/data/epcos_screw_terminal_electrolytics.csv,631710,5443e5c6a9a7c31179f76143c3b22e4ab8e767a5847dd4fc8f1cba10dabf5188,.csv
src/pe_claw_gui/libraries/capacitors/wima/__init__.py,305,92b0cdd9a9ea802fd052ccd0a23336de68dd6012f291f48ed76844c2f720faf4,.py
src/pe_claw_gui/libraries/capacitors/wima/_common.py,6752,54d29e5ea8f610dc04234c652797efbde0aac5aceb326063f94d7196dd43582e,.py
src/pe_claw_gui/libraries/capacitors/wima/_records.py,1711656,db1f65892cba942323e4075d3e20430ecd1a35f0410d3645f809e28668b9062d,.py
src/pe_claw_gui/libraries/capacitors/wima/wima_dc_link_hc.py,281,59763aa0e3d5cb253b1dac1d1dad91f4a5c3b8efa9610dd19a294416b4f6c69a,.py
src/pe_claw_gui/libraries/capacitors/wima/wima_dc_link_mkp4.py,291,f1924eeed181ca016ec6f109df52c259ff50ace28e5cabbdc5e2b75bb7ddca3a,.py
src/pe_claw_gui/libraries/capacitors/wima/wima_dc_link_mkp6.py,291,b21d023662d58c0eade8104c4d42cfc3eb69bfea555494cef8c55b1a18ff377d,.py
src/pe_claw_gui/libraries/capacitors/wima/wima_fkp1.py,259,63f3674ac866bab578a9c50659a73f2870a719d63583615e3cdcb0a98e5ea2b3,.py
src/pe_claw_gui/libraries/capacitors/wima/wima_fkp2.py,259,b68d0f303798866e16d37a667b501cd71bfaee03201f01bc433083156b7fe5a0,.py
src/pe_claw_gui/libraries/capacitors/wima/wima_fks2.py,259,6986d2eaa9acadf32ade2f1765db6acd97bf586140a520512ea23dfaa0cb1f46,.py
src/pe_claw_gui/libraries/capacitors/wima/wima_gto_mkp.py,269,f1557a8bb9732030e437db91be00853d9ade3d223109d6d2b47452153383d36f,.py
src/pe_claw_gui/libraries/capacitors/wima/wima_mkp10.py,263,d2514197d92f5a6fdbb6cbb2b8e5c74e359e7f5ee6cdb700b48fc17353d4b22b,.py
src/pe_claw_gui/libraries/capacitors/wima/wima_mkp2.py,259,92dc219227f12c980038c4977cd1d7b1ae3ab58d7aaedf6c6c43d9777f50b2cf,.py
src/pe_claw_gui/libraries/capacitors/wima/wima_mkp4.py,259,67b1177b35936b54f10ae729fadead892dceb213f0a46c34234204be35fcc4cc,.py
src/pe_claw_gui/libraries/capacitors/wima/wima_mkp_x1r.py,271,353ac10a7467d7280ddbcc3f017ba16524ec8d3f51143e2cf46f56998e2de47c,.py
src/pe_claw_gui/libraries/capacitors/wima/wima_mkp_x2.py,265,cdd3dc30698322d5998c9eae29bdbf8bf7c4ab6d934bc987181499ac1ceee663,.py
src/pe_claw_gui/libraries/capacitors/wima/wima_mkp_y2.py,265,265ab8a3fed0dc5076ca744f965105b82adbce7f9a5852004a52ac029adab0ed,.py
src/pe_claw_gui/libraries/capacitors/wima/wima_mks02.py,263,3801c8cf5e30659f92b6d7b869be0b367a5b48a91e91600648853ecd4881fade,.py
src/pe_claw_gui/libraries/capacitors/wima/wima_mks2.py,259,893a4de88844cc17afae38e7a85df304cdaa1df01c9fb8ab038924d612402414,.py
src/pe_claw_gui/libraries/capacitors/wima/wima_mks4.py,259,e991b18d1541e816478011a38f92563934abe57341f7dcc90345f5eb4ca98377,.py
src/pe_claw_gui/libraries/capacitors/wima/wima_smd_pet.py,269,64e1973347c4407e27068638ae3b63bb45a5ff4dd5488698bec5748908fdba07,.py
src/pe_claw_gui/libraries/capacitors/wima/wima_smd_pps.py,269,0d0dc49ffd45f766d4913f83cb3c51d05b0b20cb187463e592beca3f9fa2baa6,.py
src/pe_claw_gui/libraries/capacitors/wima/wima_snubber_fkp.py,285,77a5af45e399c0da835b38b9623a5712fe1f2681ebbae25e7c961c7ad514e0bf,.py
src/pe_claw_gui/libraries/capacitors/wima/wima_snubber_mkp.py,285,804d353c2db26834b640d828fb338c4666f7a296565eb28d243d861d5ca298dd,.py
src/pe_claw_gui/libraries/capacitors/yageo/__init__.py,5039,fb18679f20a5f657f038fe64a88bf8355a10908409cd9af9e9f78b4d8fb8cfc4,.py
src/pe_claw_gui/libraries/capacitors/yageo/_final_round.py,22087,95f1317d6d851d61bf1836472180f77a418fcab75102f4f7a9f6206c5b196d67,.py
src/pe_claw_gui/libraries/capacitors/yageo/_radial_box.py,34268,22309d381c7afbf5764c4d72c3213dcad2f4f3a193aeb18511a73616ed780811,.py
src/pe_claw_gui/libraries/capacitors/yageo/a50_axial.py,8203,5c859798d0f320409d8e406680c58ef589e7b9d2a632553ed7ecbfdee21b6101,.py
src/pe_claw_gui/libraries/capacitors/yageo/c28.py,2083,b7b51ab8e3aa9ec84ee0b272af0c3b7507671aca228463b15f696d8124ba074b,.py
src/pe_claw_gui/libraries/capacitors/yageo/c44a.py,7090,c915a05ced8d2a4f11fc769e2a81d2c175562a100492dcfce5f1a7989138dcff,.py
src/pe_claw_gui/libraries/capacitors/yageo/c44p_r.py,4712,5f01b1b50e8ac3f974c30141abe59db7bc840099af25af4febbafd4afacd8861,.py
src/pe_claw_gui/libraries/capacitors/yageo/c44p_t.py,7577,bb039967c61754a7eb19b1c8ed094f3d62a945af5c47b482000a7681186a1d53,.py
src/pe_claw_gui/libraries/capacitors/yageo/c44u.py,4192,4c62038e01a4d4b31ed7e08ad82342cc3546f93a1fcad750404da99d68b799c4,.py
src/pe_claw_gui/libraries/capacitors/yageo/c44u_m.py,7209,01bfe7387a0fc385de71337638694bd3095036b960542740b71a0d5295487ac6,.py
src/pe_claw_gui/libraries/capacitors/yageo/c44u_t.py,6549,36ead44b3fb39a3f4ee5a185470da791a53f9da5ee8345ad8a3d661200c76036,.py
src/pe_claw_gui/libraries/capacitors/yageo/c4ak.py,13647,3ece53a1b699ae7cb7c5fdb31e635dd84599d528565ce670151b20ae7454a60e,.py
src/pe_claw_gui/libraries/capacitors/yageo/c4aq.py,9534,a13b68d75469f4dc9e93a17095756234631958d7cf40e7f085e85e7a2848feb3,.py
src/pe_claw_gui/libraries/capacitors/yageo/c4aq_m.py,13066,b912701a87801f3a18750c8529f5665097cf86dda010908e680bd52750aadb6d,.py
src/pe_claw_gui/libraries/capacitors/yageo/c4aq_p.py,12212,157e809a911ccbf749470c9ef0e042d8cfc572ffebe4c9cd7277c41084b3a600,.py
src/pe_claw_gui/libraries/capacitors/yageo/c4as.py,13470,ebeecf610b841e963b7b8b79ecc6a648e21ef8648988eff53bbbb0567851f70e,.py
src/pe_claw_gui/libraries/capacitors/yageo/c4at.py,6557,92214a81742d6ebdabe8ecd5614b6b97aa9197ea05b1ae90405f65d8e89f7048,.py
src/pe_claw_gui/libraries/capacitors/yageo/c4au.py,16244,6fb19c745ad52f8bac5faaa851b48fce4795e2fc640bbf5ec4732f4344ccfe9e,.py
src/pe_claw_gui/libraries/capacitors/yageo/c4bs.py,7471,1b044c3a4e64ac8d1a71c299563a0b52b1a0bf8fc80b449c22b94a90e1b1b57b,.py
src/pe_claw_gui/libraries/capacitors/yageo/c4bt.py,7102,96de5c8231914edc9ca824d41670d06189711c2d3615ff05cf00935431c1e0a4,.py
src/pe_claw_gui/libraries/capacitors/yageo/c4de.py,2161,3dfbc2d0e0e9f6d2f56b297a6f17fe6f817279c4e5228ccccfba4e8814e7e8fd,.py
src/pe_claw_gui/libraries/capacitors/yageo/f863h_x2_310_125c.py,2944,99327329b8e963ab3c995cd82b07f07c9f6ed28d91028c85a5a6397f14796572,.py
src/pe_claw_gui/libraries/capacitors/yageo/mdc.py,18784,a368a6162fc38f604fc286bd0bfadbf62d3e88cc0fd9d908e21b5d5560012ad4,.py
src/pe_claw_gui/libraries/capacitors/yageo/r60.py,27824,8ee2daed4f29c661f7b7d58d431576d943f350a4116329a8f1c3c8b08dd0d8cb,.py
src/pe_claw_gui/libraries/capacitors/yageo/r66.py,4840,ceb6a0b5c6546ad38f821026c29031dbd2101f7ffd2ff06274c2d94391c64464,.py
src/pe_claw_gui/libraries/capacitors/yageo/r71.py,21003,d9a08eb166f70a1297faba1f7107ab597718127ea8bdc7a397a04fadd9997402,.py
src/pe_claw_gui/libraries/capacitors/yageo/r71h.py,7971,57409c9d08479a47f0823c0f9766ab82d9f5b7f6b91c5bfc3e244ce3341cc472,.py
src/pe_claw_gui/libraries/capacitors/yageo/r73.py,27253,1828334028ffdd3b010277eb3b4b61f51025751b205342ed9f833b60b07eaf9c,.py
src/pe_claw_gui/libraries/capacitors/yageo/r75.py,81693,f6baa2fed306a375033a811fa1762ae54e23e9d9d86fb82b2d15194b6e7f8b7f,.py
src/pe_claw_gui/libraries/capacitors/yageo/r75h.py,49721,8f374bd0fa8d82b8778e16818b0bc71b1f5dc10cb6a9aa1e8ea79484076c9d4c,.py
src/pe_claw_gui/libraries/capacitors/yageo/r76.py,63272,63524ed08fdc55ddc9d26d6ef7146cac41573a232d8ba6c72e7a78f0904e62bd,.py
src/pe_claw_gui/libraries/capacitors/yageo/r76h.py,47570,564d3e216000e28ec89c509036d08125296391e77c0eb67b43237c31b2280961,.py
src/pe_claw_gui/libraries/capacitors/yageo/r862_x2_310.py,3233,2f35db5fd25d4d07ae8cf336a930858dd0b5b3d73631b0e8002da4c8f1966004,.py
src/pe_claw_gui/libraries/capacitors/yageo/r863_x2_310.py,2841,0d934afe43eb2c8ff8700335571f6c6e235a2df6de60e6b39089c15ef350e785,.py
src/pe_claw_gui/libraries/capacitors/yageo/rsb.py,6197,33e754763b4c778adba334e99203108b9067954f999abe4c9cc8f41c00303165,.py
src/pe_claw_gui/libraries/capacitors/yageo/smr.py,42912,be4bdf1524db4b5a354b8a17754622e3d54fa0e96c971d989c166edf0aa6b63d,.py
src/pe_claw_gui/libraries/heatsinks/__init__.py,37,5a22646c43feeae7b4520b61610263f4be1b26ba6c618850b751d6fe8bc6c38a,.py
src/pe_claw_gui/libraries/magnetics/__init__.py,3327,e3418791ce91b4ca189afb9c6522facb5da6f4e46ec23f5d0a9a055e36a9a585,.py
src/pe_claw_gui/libraries/magnetics/data/micrometals_ms_sendust_toroid_cores.csv,116826,74027821ab5203b409a2befb4a60c69c49cb23d6b7c2f7b6a487a442f4278c79,.csv
src/pe_claw_gui/libraries/magnetics/data/micrometals_ms_sendust_toroid_unique_sizes.csv,8069,03276d11bb6ddb2e2ea958a8fdee8ed12c09c2260a024bd3c75786b0b97e746e,.csv
src/pe_claw_gui/libraries/magnetics/gap_rules/.gitkeep,1,01ba4719c80b6fe911b091a7c05124b64eeece964e09c058ef8f9805daca546b,
src/pe_claw_gui/libraries/magnetics/normalized_backend_loader.py,23469,e59073a683c5d7624559f13de1ee8389e4de84ada960a972c68f71f4b138bca6,.py
src/pe_claw_gui/libraries/magnetics/normalized_data_locator.py,2241,ce3d6f05e5dbcff42a757ef64098f0ad6a639ecdb39d3637670ebb86c63404c6,.py
src/pe_claw_gui/libraries/magnetics/normalized_inventory.py,7493,85a7039b1dafb8f092a8eb459643714c640168830f707fda6653daeb954987b4,.py
src/pe_claw_gui/libraries/magnetics/normalized_openmagnetics/commercial_cores_normalized.json,9078434,ecd1cacdb61b45917cbb8ce090a4be2653df7e492cbf988aca4076d8d8910e18,.json
src/pe_claw_gui/libraries/magnetics/normalized_openmagnetics/core_materials_normalized.json,349673,45513c525407e95bb4b97f9768fa94a61114e1f78e45ed850e41927d48f09b2f,.json
src/pe_claw_gui/libraries/magnetics/normalized_openmagnetics/core_shapes_normalized.json,893831,be6fd8dec6f6df4ec81bcc58117909b0c04b89d3a4eaca22c0fbfee77fcc1126,.json
src/pe_claw_gui/libraries/magnetics/normalized_openmagnetics/normalized_index.json,767,63ec5997eb4fb21c331d5ca10f4b529e4c21a8dc9840341ece92bbc3926705d5,.json
src/pe_claw_gui/libraries/magnetics/normalized_openmagnetics/stock_cores_normalized.json,1376145,4b8614f95db53eb0c2348d33a19691fd280511d46c6c6d171dae0ff6068f7a67,.json
src/pe_claw_gui/libraries/magnetics/normalized_openmagnetics/wires_normalized.json,3070255,d08363ae5b75122918116eec2da9f4efb30abbd03dd185ded1107d65debc42ff,.json
src/pe_claw_gui/libraries/magnetics/openmagnetics_component_v2_normalizer.py,48942,8543f33cdaef289ed340ed942219c4f39594b2126e0bde6c1676bded8c6c700b,.py
src/pe_claw_gui/libraries/magnetics/openmagnetics_data/advanced_core_materials.ndjson,134,be988544e96788125ccb542bcd942b7b85577c7828b89b35fa15885b63bbc79c,.ndjson
src/pe_claw_gui/libraries/magnetics/openmagnetics_data/bobbins.ndjson,262892,cd658c968ec1cd44e1b030ff63b289d5d347ba7fd76a742994ba6bf4079e6dc2,.ndjson
src/pe_claw_gui/libraries/magnetics/openmagnetics_data/core_materials.ndjson,6502698,689e4cdea943c32a047602b8dd836f6f2bd436eae6a0ccb47e88741511db5a3a,.ndjson
src/pe_claw_gui/libraries/magnetics/openmagnetics_data/core_shapes.ndjson,242986,1579d171689d0243a20655ea59af2c95a8af19cd691971e28d7cee99c0e6ea68,.ndjson
src/pe_claw_gui/libraries/magnetics/openmagnetics_data/cores.ndjson,4927173,c216a6d7bdea3433a29dab065ca595129831edce5fcbb95572e05d253eacfc3e,.ndjson
src/pe_claw_gui/libraries/magnetics/openmagnetics_data/cores_stock.ndjson,1222951,0e889a389941a8702749b002cdb62dac10c74c997648cfc0fb6316588c834076,.ndjson
src/pe_claw_gui/libraries/magnetics/openmagnetics_data/insulation_materials.ndjson,8682,05b97afe8aaff8de072eb9d46f9c0519b34890cb4483354dbe645d2d14e9b120,.ndjson
src/pe_claw_gui/libraries/magnetics/openmagnetics_data/material_loss_corrections.json,4131,95585720c5a071a4769405c5880efe9be51eb2393e90613f93321863915cf848,.json
src/pe_claw_gui/libraries/magnetics/openmagnetics_data/source_manifest.json,5133,3492c7c9a3595f813e9d1cbf806c85a4226395fb8293e21aabb2e2ac91151b78,.json
src/pe_claw_gui/libraries/magnetics/openmagnetics_data/wire_materials.ndjson,796,0f58e3efb9477d3c2a06524a294312d5080e68d1d4d444606223f9fc4ae76a98,.ndjson
src/pe_claw_gui/libraries/magnetics/openmagnetics_data/wires.ndjson,1785356,be3b75d68038297e46fb4307f362f4e2c6ca309d98aa5c4720c7013957bd8c7c,.ndjson
src/pe_claw_gui/libraries/magnetics/openmagnetics_data_locator.py,2531,53b8f9428a03ab02e8f92d17b2d89440298ddb0f9fc2922997bfb3c8d46b69c9,.py
src/pe_claw_gui/libraries/magnetics/openmagnetics_data_v2/cache_audit.json,19573,476b514179b907a6d4cda6f75dde81be4fc108ca2d00f845551fc2e6089233de,.json
src/pe_claw_gui/libraries/magnetics/openmagnetics_data_v2/component_link_audit.json,9905,828788bddba330f9f2f3cfd8562b76048a0275f10c0689a637767a265fbb2e9c,.json
src/pe_claw_gui/libraries/magnetics/openmagnetics_data_v2/components_normalized_v2.json,29573125,fdb4b2b6076a0135b4708e2223bb685f5e43a72b801483537f4aa740a95e274c,.json
src/pe_claw_gui/libraries/magnetics/openmagnetics_data_v2/material_loss_corrections_applied.json,113,ebf370e6721f2ed28a2e3485049f15194ac6e2b14f83ba18251e3e6e38d1f071,.json
src/pe_claw_gui/libraries/magnetics/openmagnetics_data_v2/materials_normalized_v2.json,13654948,15835e6ff94ad3c473362a8d3b0fc738caded43fc33ffbae992f3755c119146a,.json
src/pe_claw_gui/libraries/magnetics/openmagnetics_data_v2/model_coverage_audit.json,461,961f9477df1414f6f2052d3f3f1ab6278f60852241c84ca59f4ba43464b43dfb,.json
src/pe_claw_gui/libraries/magnetics/openmagnetics_data_v2/normalization_audit.json,3034,fab03fd87c1d0811bbe627572251c6d0fb50313d1cd9b9d117f2209ba52c6b5f,.json
src/pe_claw_gui/libraries/magnetics/openmagnetics_data_v2/source_manifest.json,3928,d053e7b5d332ff25e3187c5a9a36837cd52f9e62d72ccae808a09f7f5e1f18cf,.json
src/pe_claw_gui/libraries/magnetics/openmagnetics_inventory.py,10587,e1a8fee8beaac6deb909cd4ca9b91128ad9a16cf56ac647da13dd50fd6fe7b9d,.py
src/pe_claw_gui/libraries/magnetics/openmagnetics_material_corrections.py,18594,a126028a0ab8a8f04118f0de9d85d871bb12748692a0567fe93f4c36826fcef0,.py
src/pe_claw_gui/libraries/magnetics/openmagnetics_normalizer.py,28398,d829937fb21ecd691c2168045d91e5270b0cd52e5636964bafec34b9b444f22e,.py
src/pe_claw_gui/libraries/magnetics/openmagnetics_source_manifest.py,16089,ac0e306cbcd9304972e92fc9da0a0d288989ef94f2efadd12b1bc7105206850a,.py
src/pe_claw_gui/libraries/magnetics/openmagnetics_source_refresh.py,15141,f09ed4bf4a1584f290706602636ce142a189b069c5955681b211e777b65200d6,.py
src/pe_claw_gui/libraries/magnetics/openmagnetics_v2_cache_builder.py,9848,16662c98bd752477e09eda0a869b4a4fc10281bbf4db4f69418e08186b26eed0,.py
src/pe_claw_gui/libraries/magnetics/openmagnetics_v2_normalizer.py,49810,75a86a6b2a446b428acb092ed7758aac52568160a34d906ed632cffdbd392ce8,.py
src/pe_claw_gui/libraries/magnetics/openmagnetics_v2_production_locator.py,8520,ec9886040bed4a7ff1105854d563932e81adfa0602b3ca27bafb23ab4f8425e3,.py
src/pe_claw_gui/libraries/magnetics/sendust_steinmetz.py,2968,cae95be027fc3148a91d7e440bc95ccb6ad8ed8e1eeab5fd8d4996c1a59794c5,.py
src/pe_claw_gui/libraries/magnetics/sendust_toroids.py,6465,a39df2be290234048929321ea02780d1f2e0c608e532f5bbf99c4f384c060e6a,.py
src/pe_claw_gui/libraries/mechanical/__init__.py,39,9450a689ca2cc7278d839524bbe2eb00f969ac5fa6aba61f0a42e4cd35e44ff4,.py
src/pe_claw_gui/libraries/semiconductors/README.md,3755,05982af233c566522366c12bcc2e41afe7cf07a4be558c580161165309d75a3c,.md
src/pe_claw_gui/libraries/semiconductors/__init__.py,791,e942fdf27b079dc3aaffe0aba5d2dce3741f71b2a6bd660e191853946f9c4260,.py
src/pe_claw_gui/libraries/semiconductors/bridge_rectifier_candidates.py,7799,3246e3de01a55127a635f8c741c895663e041c8cdecb864b37599d376ce277a7,.py
src/pe_claw_gui/libraries/semiconductors/data/ac_dc_bridge_rectifier_candidates.csv,2537,1ebb25cdcbc8bbd4be2ecbf286809717716b40f4379b71375445a746ee3b819a,.csv
src/pe_claw_gui/libraries/semiconductors/data/ac_dc_three_phase_bridge_rectifier_candidates.csv,2506,ea92c903b8667e662f44a11f861bae9b215de0e2b07c6455bb17c186151bad27,.csv
src/pe_claw_gui/libraries/semiconductors/device_builders.py,1544,9ad86c2db53ae06179d0c92f517485a00cb98fe331646b0d8b40cff6a7dcbb3e,.py
src/pe_claw_gui/libraries/semiconductors/fitted_models/.gitkeep,1,01ba4719c80b6fe911b091a7c05124b64eeece964e09c058ef8f9805daca546b,
src/pe_claw_gui/libraries/semiconductors/igbt_discrete_models.py,6998,cb7efb2d40f04115ee329303592e5a7dc598b51d529f2b5a39bee14870682ea1,.py
src/pe_claw_gui/libraries/semiconductors/igbt_models.py,18476,0a85e80f5a2ff557d531b9b93411d328ecad7c7e42a827c96139dff9b654de5a,.py
src/pe_claw_gui/libraries/semiconductors/infineon/__init__.py,1564,68df44e677175a90164500821ab65f0fda0e72dc9d9084387762e5ab733912f7,.py
src/pe_claw_gui/libraries/semiconductors/infineon/coolgan_650v.py,15602,e76609071f31429267ef7c9b99ee6e154775e10ce48ac2d04087bfe7c5e134a6,.py
src/pe_claw_gui/libraries/semiconductors/infineon/coolmos8_600v.py,16423,47b8848105b025c09e5dfad4ad33bb1b797b34796e126c00338a01f1ee10b5ec,.py
src/pe_claw_gui/libraries/semiconductors/infineon/coolmos8_650v.py,13670,de511f54dff11fbaf13387285000cee5f29259c07e80c8965c3461165a67aaf0,.py
src/pe_claw_gui/libraries/semiconductors/infineon/coolmos_cfd7_650v.py,22063,b0ddb3cb6ed8f6f88918342cd8034971ebff534d801e631b13c0e0aa526d598d,.py
src/pe_claw_gui/libraries/semiconductors/infineon/coolmos_s7a_600v.py,13768,67fa15f14cba0e8b2033de314494033e5cfaf72da84bb14fb58e25af617cd554,.py
src/pe_claw_gui/libraries/semiconductors/infineon/coolsic_mosfet_g2_650v.py,24214,57a991c2172b7b5405e58676f300a5a870af7058f833e717e8d65ba875e80ae6,.py
src/pe_claw_gui/libraries/semiconductors/infineon/coolsic_mosfet_g2_750v.py,22387,c56f48ac80435631c1fafe996ae4370e7d416b34007ba9c1ab557e868d2711b7,.py
src/pe_claw_gui/libraries/semiconductors/infineon/data/coolgan_650v/IGL65R055D2-plecs.xml,20839,648e3d3b35df4373a3907a03b3dde71bc7a280f1640be8c8e37634a22eab3988,.xml
src/pe_claw_gui/libraries/semiconductors/infineon/data/coolgan_650v/IGL65R080D2-plecs.xml,20758,52fb3070545fdeefea7aad9af44ea18cc56672b4fb2431bfd7e21a15a31dd5de,.xml
src/pe_claw_gui/libraries/semiconductors/infineon/data/coolgan_650v/IGL65R110D2-plecs.xml,20653,c95eee0f65e6dd69f66b750a46d91d54b7dc0e9126fef9743f7c82328cbbe6a8,.xml
src/pe_claw_gui/libraries/semiconductors/infineon/data/coolgan_650v/IGL65R140D2-plecs.xml,20786,1626ef3b9d18ebed74d12db53cad53894695d5d2be905232247bd89a354ad8de,.xml
src/pe_claw_gui/libraries/semiconductors/infineon/data/coolgan_650v/IGLD65R055D2-plecs.xml,20817,14f7fb81d5db50200f6aa47cb9592f60a31cb993b44c02bc9f6cef1bca1063df,.xml
src/pe_claw_gui/libraries/semiconductors/infineon/data/coolgan_650v/IGLD65R080D2-plecs.xml,20842,6cdd31129e07a8484da52d9f38f0f2b630ffb6cdefc0cd4d1a626b019e6302f6,.xml
src/pe_claw_gui/libraries/semiconductors/infineon/data/coolgan_650v/IGLD65R110D2-plecs.xml,20806,38624ba96e549efa388b18621852e21cb608d0aebf4daacfc03b2b7bbef6adf0,.xml
src/pe_claw_gui/libraries/semiconductors/infineon/data/coolgan_650v/IGLD65R140D2-plecs.xml,20756,f827c6d92c58de4ddf87af536371b5ae9dc898b41d4d9a1e2561e82575ee3d9c,.xml
src/pe_claw_gui/libraries/semiconductors/infineon/data/coolgan_650v/IGLR65R140D2-plecs.xml,20812,6b3a467bd22e7576b6b01b74ff7b8d425fe43c45a9f2286a53bd71d2e547e8d3,.xml
src/pe_claw_gui/libraries/semiconductors/infineon/data/coolgan_650v/IGLR65R200D2-plecs.xml,20809,8442ff84e18cda27e88a8451055d53e36d239a50c9acf2c45ef31efdf9b3ecd1,.xml
src/pe_claw_gui/libraries/semiconductors/infineon/data/coolgan_650v/IGLR65R270D2-plecs.xml,20746,176b9708c303d79af518cead70fe3306b00bb7271c7e53770cc1a064e7154d14,.xml
src/pe_claw_gui/libraries/semiconductors/infineon/data/coolgan_650v/IGLT65R025D2-plecs.xml,20854,6bd14eebcae154668d0016ccbe5d37d717c7fad7734385abfa3ef7f559e57d02,.xml
src/pe_claw_gui/libraries/semiconductors/infineon/data/coolgan_650v/IGLT65R035D2-plecs.xml,20847,e9df739f4ddb2a5547247ed0f232abee382a177ed42bbbecbbf4b9b0ce7f62db,.xml
src/pe_claw_gui/libraries/semiconductors/infineon/data/coolgan_650v/IGLT65R045D2-plecs.xml,20837,ef8dbebd615ee70ac020913db3c58f8f54866b84f749b323d661968ecf969d63,.xml
src/pe_claw_gui/libraries/semiconductors/infineon/data/coolgan_650v/IGLT65R055D2-plecs.xml,20839,af8d777b1b58e496678460c7bccba651ff4488be28e2004670d047314dd78169,.xml
src/pe_claw_gui/libraries/semiconductors/infineon/data/coolgan_650v/IGLT65R110D2-plecs.xml,20829,15a38bd12ac5f57833ffbb86d8d565170db176af628b1f47a320e2924dec14df,.xml
src/pe_claw_gui/libraries/semiconductors/infineon/data/coolgan_650v/IGOT65R025D2-plecs.xml,20841,4a33d95349a74fe260228e636d3753747b267adab2a595f56aa166d9b536d59b,.xml
src/pe_claw_gui/libraries/semiconductors/infineon/data/coolgan_650v/IGOT65R035D2-plecs.xml,20824,5e3c48b82e93363eb196ce496662d2351e0ed4cedac0f96e9369ac799566992e,.xml
src/pe_claw_gui/libraries/semiconductors/infineon/data/coolgan_650v/IGOT65R045D2-plecs.xml,20834,8324121bbf2610aafb3d8b9505d8507384a48001ba3252982ad10ced59f75da9,.xml
src/pe_claw_gui/libraries/semiconductors/infineon/data/coolgan_650v/IGOT65R055D2-plecs.xml,20800,a26bd3dcfadd809a3d0f13bcad33574464e1b4680902a02c3407c404ea8d27bf,.xml
src/pe_claw_gui/libraries/semiconductors/infineon/data/coolgan_650v/IGT65R025D2-plecs.xml,23010,bc68717201a87601cd554885cd6d986c8b82621014f0c6462e7e166c3198e303,.xml
src/pe_claw_gui/libraries/semiconductors/infineon/data/coolgan_650v/IGT65R035D2-plecs.xml,20893,adb95e1386e6544728e2da82a19f152da679039701563d7c7eae70f1bc597284,.xml
src/pe_claw_gui/libraries/semiconductors/infineon/data/coolgan_650v/IGT65R045D2-plecs.xml,19589,a15ed1548bd88baf13371ec77d432aedcceb4824d1d053b3cd97fd0de62f3370,.xml
src/pe_claw_gui/libraries/semiconductors/infineon/data/coolgan_650v/IGT65R055D2-plecs.xml,20880,c28fb1811c5f16c9d721dc239179fc21af078fbda6dea39afa8769f4de193626,.xml
src/pe_claw_gui/libraries/semiconductors/infineon/data/coolgan_650v/IGT65R140D2-plecs.xml,19562,6444a479ad2838b15df540f516e4a111b2137577944fd96dafb0f8a96fd770fe,.xml
src/pe_claw_gui/libraries/semiconductors/infineon/data/coolmos8_600v/IPAN60R180CM8-plecs.xml,26587,9f99377d67428a2f921e750b99520ec789bc5f81b0e31a554e139c168ddd62c0,.xml
src/pe_claw_gui/libraries/semiconductors/infineon/data/coolmos8_600v/IPD60R180CM8-plecs.xml,26599,69f546321ef391370c92550e02c17f082dcd1e0d6ba2558cd2cfc96aa090d768,.xml
src/pe_claw_gui/libraries/semiconductors/infineon/data/coolmos8_600v/IPD60R600CM8-plecs.xml,26572,0d91ee7ce37470e9821ed608df11a6f353050c20fc6a4359b797f54dc8a4c787,.xml
src/pe_claw_gui/libraries/semiconductors/infineon/data/coolmos8_600v/IPDD60R037CM8-plecs.xml,26582,f45317591b0fe3549ca931338cbd7c56beeb4e4b45f9de8210e82acba5017cbf,.xml
src/pe_claw_gui/libraries/semiconductors/infineon/data/coolmos8_600v/IPDD60R180CM8-plecs.xml,26625,99dcdc2d6aa5bef25f6121805a0a519bd148207257e9abc77e0cd117a659849f,.xml
src/pe_claw_gui/libraries/semiconductors/infineon/data/coolmos8_600v/IPDQ60R007CM8-plecs.xml,26668,7894da273879702c525d9fecb2725698d6f922369f2c3fc1b2aaed53a690f024,.xml
src/pe_claw_gui/libraries/semiconductors/infineon/data/coolmos8_600v/IPDQ60R016CM8-plecs.xml,26691,241493ebfb6dda7abb4c3d58efdf03b6e825ec98ae6939bbe1d9ee2c0ceecefc,.xml
src/pe_claw_gui/libraries/semiconductors/infineon/data/coolmos8_600v/IPDQ60R024CM8-plecs.xml,26616,e70737b8c85d7055467d89e039e4a2feb5295439f1dba12a5e8ca8554718d0a7,.xml
src/pe_claw_gui/libraries/semiconductors/infineon/data/coolmos8_600v/IPDQ60R037CM8-plecs.xml,26602,1edb52f8adbcd927f13a81f439a59387d4001058fdd7eff4f8d7bdfea25e6a3c,.xml
src/pe_claw_gui/libraries/semiconductors/infineon/data/coolmos8_600v/IPP60R016CM8-plecs.xml,26674,ca0f8dc924e60d3869d63ef5b3068a6e390d47fe587a8d1e99d4196e61405889,.xml
src/pe_claw_gui/libraries/semiconductors/infineon/data/coolmos8_600v/IPP60R037CM8-plecs.xml,26584,4b18e46db25e18704617868e9b9bddb0d68436fe9382e1fa23360bb8d37be3c8,.xml
src/pe_claw_gui/libraries/semiconductors/infineon/data/coolmos8_600v/IPP60R180CM8-plecs.xml,26605,0760435300c71829114374574472c5c6961b156bef2d0419d19fc8b074ac3d84,.xml
src/pe_claw_gui/libraries/semiconductors/infineon/data/coolmos8_600v/IPT60R016CM8-plecs.xml,26664,49cc082f67e9b140bf856e5b471e4f2da7ddb46f419d2c3d5b92fdd333ab797e,.xml
src/pe_claw_gui/libraries/semiconductors/infineon/data/coolmos8_600v/IPT60R024CM8-plecs.xml,26659,9a3c2025159ec8664ead66224cd25152fe1ded07fd65c024b132e91fcf55fcf2,.xml
src/pe_claw_gui/libraries/semiconductors/infineon/data/coolmos8_600v/IPT60R037CM8-plecs.xml,26579,2032163cb7bdc83f9ec92fc4b4a1bf252cd85fc0467489a517936d98d599108d,.xml
src/pe_claw_gui/libraries/semiconductors/infineon/data/coolmos8_600v/IPT60R099CM8-plecs.xml,26547,b1bfdf9c23569c972c18115a0e6a33bad36d31d0a1cc3c30002fbab3ae0df9d3,.xml
src/pe_claw_gui/libraries/semiconductors/infineon/data/coolmos8_600v/IPT60R180CM8-plecs.xml,26587,ab3d5bb17ef6f90f636f951d923370327e0ac55c943bc3bef759817c08dbe689,.xml
src/pe_claw_gui/libraries/semiconductors/infineon/data/coolmos8_600v/IPTA60R180CM8-plecs.xml,26602,32aa4aecf28d46737e387cac6345014fc3c47ed2600ed9ba209f8eef59ec4413,.xml
src/pe_claw_gui/libraries/semiconductors/infineon/data/coolmos8_600v/IPW60R016CM8-plecs.xml,26672,2ea8804b3cff0845dc9de5fc2878fa1677cdb7d00ae942a300a1be53bc8cd65f,.xml
src/pe_claw_gui/libraries/semiconductors/infineon/data/coolmos8_600v/IPW60R024CM8-plecs.xml,26589,180d796d14dacf4398a9cb7f067c4c8cd312509654778efe8947d14bdbc34577,.xml
src/pe_claw_gui/libraries/semiconductors/infineon/data/coolmos8_600v/IPW60R037CM8-plecs.xml,26545,7461ce156919c299c9a21964e5dfc3efe85f9e48a2c6998a4f20e87f97407cc1,.xml
src/pe_claw_gui/libraries/semiconductors/infineon/data/coolmos8_600v/IPW60R099CM8-plecs.xml,26636,7ff7f0fee2010519234d9f7da0f4478b79e89f9d0662d6de81eef45aae6f9a7a,.xml
src/pe_claw_gui/libraries/semiconductors/infineon/data/coolmos8_600v/IPZA60R016CM8-plecs.xml,26657,d63755353c8a0ef98082921e62b6b752fb34504d5173bf6f67738f18b80fd078,.xml
src/pe_claw_gui/libraries/semiconductors/infineon/data/coolmos8_600v/IPZA60R024CM8-plecs.xml,26606,b2a6a423dbeb1662ae096a3a1c4fe1abce3591c610e4b5cf385271299f20b227,.xml
src/pe_claw_gui/libraries/semiconductors/infineon/data/coolmos8_600v/IPZA60R037CM8-plecs.xml,26553,128e89ce1d732569d675c956a2dc0bbce2dfcf4d209adb3e89e5de4706fa6904,.xml
src/pe_claw_gui/libraries/semiconductors/infineon/data/coolmos8_600v/IPZA60R099CM8-plecs.xml,26632,12ad4a8ebf26891946d3265b2e09a22e43abbe50babedbe36618ea5bdc32ef45,.xml
src/pe_claw_gui/libraries/semiconductors/infineon/data/coolmos8_650v/IPDQ65R008CM8-plecs.xml,29581,2f47dc08b37f39b38f83380b49f154f3ec55f27166b52ea993e1bf3b6608f4bd,.xml
src/pe_claw_gui/libraries/semiconductors/infineon/data/coolmos8_650v/IPDQ65R018CM8-plecs.xml,29538,315ee529d697343304a5db1451d762c45b87d3fd7af132aee65e253c42db735b,.xml
src/pe_claw_gui/libraries/semiconductors/infineon/data/coolmos8_650v/IPT65R018CM8-plecs.xml,26651,0925f5a5d5553d8d5b8d67609460808e3dd8d89d130f7b40b60e80cd84d11937,.xml
src/pe_claw_gui/libraries/semiconductors/infineon/data/coolmos8_650v/IPT65R025CM8-plecs.xml,20825,269e86fb5be1ce8adbc75a7852b0279511108ca0a6f285380fd0ba9edd4d504e,.xml
src/pe_claw_gui/libraries/semiconductors/infineon/data/coolmos8_650v/IPT65R040CM8-plecs.xml,20817,926f8896ca3998e5993e5c9d88097ad3af6d1791e9d1b9ea084fce69c1a74dfa,.xml
src/pe_claw_gui/libraries/semiconductors/infineon/data/coolmos8_650v/IPW65R018CM8-plecs.xml,26625,99380c099bb6027e6d3a178bc66f5edd21a513548d5940312e086a05268707f9,.xml
src/pe_claw_gui/libraries/semiconductors/infineon/data/coolmos8_650v/IPW65R025CM8-plecs.xml,29456,5d68f9aca082fc85cfb4fbf6c3cc615c8bc7c87f23a98d0f15fd555f965b2b0b,.xml
src/pe_claw_gui/libraries/semiconductors/infineon/data/coolmos8_650v/IPW65R040CM8-plecs.xml,20774,b8e8782648262a362d98fba497bd8ec8163bd5f4c06737ea516cdc6818e11155,.xml
src/pe_claw_gui/libraries/semiconductors/infineon/data/coolmos8_650v/IPW65R060CM8-plecs.xml,29536,ebe0bca2f1dcb0214ff9a82dd6420c6efe9ac37030d9bdf3753fcc0a60ec8271,.xml
src/pe_claw_gui/libraries/semiconductors/infineon/data/coolmos8_650v/IPZA65R018CM8-plecs.xml,29508,a364d2ee1f60c81f59eb01ff5d2a02b55836aa12e07bfac9927eeb91c608d773,.xml
src/pe_claw_gui/libraries/semiconductors/infineon/data/coolmos8_650v/IPZA65R025CM8-plecs.xml,20777,caf199ef02e9f4cd45f32d0c7eb2851de172ac52a3a329fa0d69535c8d60e465,.xml
src/pe_claw_gui/libraries/semiconductors/infineon/data/coolmos8_650v/IPZA65R040CM8-plecs.xml,29468,ff1560ead37ad9febbb548ba18539511af26312e3a6307598fa1c39023ab3b13,.xml
src/pe_claw_gui/libraries/semiconductors/infineon/data/coolmos_cfd7_650v/IPDQ65R017CFD7-plecs.xml,26669,b890837a1d6d91eea1e7f185fe0bfa65fc66ecd1dd65228d2cc1093ad801be26,.xml
src/pe_claw_gui/libraries/semiconductors/infineon/data/coolmos_cfd7_650v/IPDQ65R029CFD7-plecs.xml,26680,8e72c8f4b011f02096dd793331017564d0c1e3bde4912a97268a700c8787ee28,.xml
src/pe_claw_gui/libraries/semiconductors/infineon/data/coolmos_cfd7_650v/IPDQ65R040CFD7-plecs.xml,26576,70bf3f7b9c064bc6e3e36fceabc3221de167c6da532736d87194849e42f70ddc,.xml
src/pe_claw_gui/libraries/semiconductors/infineon/data/coolmos_cfd7_650v/IPDQ65R060CFD7-plecs.xml,26683,6b4b029961b473fc520adab04e036acf3977a0caf1a43f933978e91e002cd35c,.xml
src/pe_claw_gui/libraries/semiconductors/infineon/data/coolmos_cfd7_650v/IPDQ65R080CFD7-plecs.xml,26594,9a026010e38c436798e583310f22a33ac8cdf1ce9f968543d1b5ce78ac9febb6,.xml
src/pe_claw_gui/libraries/semiconductors/infineon/data/coolmos_cfd7_650v/IPDQ65R099CFD7-plecs.xml,26670,bd6a52be3be27f9958d883c5703dd725f120f234d322a514e465759aabe47085,.xml
src/pe_claw_gui/libraries/semiconductors/infineon/data/coolmos_cfd7_650v/IPDQ65R125CFD7-plecs.xml,26599,0e338ca82dadd7ef8d7aafab5e9a0ee3d85a641ea99d6f70b658d9901958c2c6,.xml
src/pe_claw_gui/libraries/semiconductors/infineon/data/coolmos_cfd7_650v/IPT65R040CFD7-plecs.xml,26645,caad2c59ec9447d3fc66e5f414b9e4dda7098f5eedd5795c8dcab44f6b2b4bcb,.xml
src/pe_claw_gui/libraries/semiconductors/infineon/data/coolmos_cfd7_650v/IPT65R060CFD7-plecs.xml,26674,2d30f6c17ae6c9950a4ce6fe73c956e7c1fdac226e022ccc7a44e4075324992a,.xml
src/pe_claw_gui/libraries/semiconductors/infineon/data/coolmos_cfd7_650v/IPT65R080CFD7-plecs.xml,26627,cfab1445dac03e6fdef79050fad3397bc90b8e1438dd61b7ce2187ef0567e478,.xml
src/pe_claw_gui/libraries/semiconductors/infineon/data/coolmos_cfd7_650v/IPT65R099CFD7-plecs.xml,26613,c6d4667071ec3c19e7d4841a0ec217a97002bd9beb328853506a9ea96bb0f940,.xml
src/pe_claw_gui/libraries/semiconductors/infineon/data/coolmos_cfd7_650v/IPT65R125CFD7-plecs.xml,26639,ba2b941329a732ccf132ce8e54912738a206109969d0e4ab89c41aec79867b46,.xml
src/pe_claw_gui/libraries/semiconductors/infineon/data/coolmos_cfd7_650v/IPT65R155CFD7-plecs.xml,26659,7ee007f05fde6efb0763fcf02b2dba8a91471157d11faf5277133ffdd4cf8232,.xml
src/pe_claw_gui/libraries/semiconductors/infineon/data/coolmos_cfd7_650v/IPT65R190CFD7-plecs.xml,26618,f6d879eb845763c7c1055464506a877304683c550c60928dffda477f02decb7b,.xml
src/pe_claw_gui/libraries/semiconductors/infineon/data/coolmos_cfd7_650v/IPW65R018CFD7-plecs.xml,19564,7111eff4b0c9512b3ced91da016f107d493e800c839dcf5a30f2d66751b4e74a,.xml
src/pe_claw_gui/libraries/semiconductors/infineon/data/coolmos_cfd7_650v/IPW65R029CFD7-plecs.xml,19549,1b4231c1f190de62e2c7d0d1277bbe9d156693d8634f7c2aecc26ba8476ef296,.xml
src/pe_claw_gui/libraries/semiconductors/infineon/data/coolmos_cfd7_650v/IPW65R041CFD7-plecs.xml,19497,ca6d3e83eb0e532a42c9a3d9f4594639f80414d661049cc9530378e4b30ce022,.xml
src/pe_claw_gui/libraries/semiconductors/infineon/data/coolmos_cfd7_650v/IPW65R060CFD7-plecs.xml,19494,c05bb167104224f97c79dc2bc9e6c168debf385220f8104a06867b6d499908a3,.xml
src/pe_claw_gui/libraries/semiconductors/infineon/data/coolmos_cfd7_650v/IPW65R090CFD7-plecs.xml,29554,c873e4a0423d6bbec19e257ecea1eb0a9b6bf40cc0d0be60467bc06571f4606c,.xml
src/pe_claw_gui/libraries/semiconductors/infineon/data/coolmos_cfd7_650v/IPW65R110CFD7-plecs.xml,19468,5d9de91759c51444c5aa890b80ccf07789cda9045643f05f9c81fdc53d49d149,.xml
src/pe_claw_gui/libraries/semiconductors/infineon/data/coolmos_cfd7_650v/IPW65R125CFD7-plecs.xml,19537,1952f4e793df57d87d20ef7dbe6f72e62eb38448f7b8c6870f1cf36890b87572,.xml
src/pe_claw_gui/libraries/semiconductors/infineon/data/coolmos_cfd7_650v/IPW65R155CFD7-plecs.xml,19502,454c1d731d211cc6d553ff4e6c3be263f5240ccf044d715a4d31a2895e37e096,.xml
src/pe_claw_gui/libraries/semiconductors/infineon/data/coolmos_cfd7_650v/IPZA65R029CFD7-plecs.xml,19561,c519651d7a3468d7cf8d047e22c80d64e8ca144d87109c9829396e675d327469,.xml
src/pe_claw_gui/libraries/semiconductors/infineon/data/coolmos_s7a_600v/IPDQ60R010S7A-plecs.xml,20837,975ac6111f4421783dac24dd922adeaf8590c5124a4561ddf9a7dc32bbb75255,.xml
src/pe_claw_gui/libraries/semiconductors/infineon/data/coolmos_s7a_600v/IPDQ60R017S7A-plecs.xml,20855,2f9cf875ed3894d247444d9e609589a691ad794c9e801a811c3de35bc83c774a,.xml
src/pe_claw_gui/libraries/semiconductors/infineon/data/coolmos_s7a_600v/IPDQ60R022S7A-plecs.xml,20806,aed197aef60867d971db339a0c87bf7b747a38d68cd32432647ad5771a68d567,.xml
src/pe_claw_gui/libraries/semiconductors/infineon/data/coolmos_s7a_600v/IPDQ60R040S7A-plecs.xml,20858,acb90286e03826dd88593736b4e91a24e1b1ce7ea10ad63fb527fde26073ed9b,.xml
src/pe_claw_gui/libraries/semiconductors/infineon/data/coolmos_s7a_600v/IPQC60R010S7A-plecs.xml,20832,b498775f051b08dcf5ee92618214c372e744e741101f2d6c2154c647e6da69a6,.xml
src/pe_claw_gui/libraries/semiconductors/infineon/data/coolmos_s7a_600v/IPQC60R017S7A-plecs.xml,20858,d6f5b87d930f54f2b8b39fc28f5561697def1e42379ddde8b432293cdf59a5f7,.xml
src/pe_claw_gui/libraries/semiconductors/infineon/data/coolmos_s7a_600v/IPQC60R022S7A-plecs.xml,20806,248f335b2d231bac8fa29d6fa14d6e93d19a81ad76bed45cdee1450cf2525d4e,.xml
src/pe_claw_gui/libraries/semiconductors/infineon/data/coolmos_s7a_600v/IPQC60R040S7A-plecs.xml,20858,b871480177caf8d9cc0fdd4c09e79f1a0b1f6cababf349c867abc608bf5b0187,.xml
src/pe_claw_gui/libraries/semiconductors/infineon/data/coolsic_mosfet_g2_650v/IMBG65R007M2H-plecs.xml,20864,77a3d3e5e52d27b20aca727151c259675d94f43b2cd44c515f01ee9f0c55647b,.xml
src/pe_claw_gui/libraries/semiconductors/infineon/data/coolsic_mosfet_g2_650v/IMBG65R010M2H-plecs.xml,20832,980e1a170ee7056aa3ac4ae5bc64b075a896dc80823d6ee16b20089a44c11db8,.xml
src/pe_claw_gui/libraries/semiconductors/infineon/data/coolsic_mosfet_g2_650v/IMBG65R015M2H-plecs.xml,20871,ca79aab94dce00a10dec821cbd4f3d74390cdf7e82aeebd0956873e55900da62,.xml
src/pe_claw_gui/libraries/semiconductors/infineon/data/coolsic_mosfet_g2_650v/IMBG65R020M2H-plecs.xml,20839,25cbcc1528985b25baa7eaf28404e8d2638ded430bc2d9fc77ad33fb22098d50,.xml
src/pe_claw_gui/libraries/semiconductors/infineon/data/coolsic_mosfet_g2_650v/IMBG65R026M2H-plecs.xml,20778,8979a1e28226d66b426fd0bd69808cd7084ec4a644402c05c7707bd632c693f5,.xml
src/pe_claw_gui/libraries/semiconductors/infineon/data/coolsic_mosfet_g2_650v/IMBG65R033M2H-plecs.xml,20804,94ec3f87f8958d1b4469a2d8ce8218d4fb9a1d4c6d7bc3f226564d859545d5ca,.xml
src/pe_claw_gui/libraries/semiconductors/infineon/data/coolsic_mosfet_g2_650v/IMBG65R040M2H-plecs.xml,20867,f4e0c65f2a555c306a9ae4d8ff9fb1bf7584618a961f7c38cef8dbf29a695d30,.xml
src/pe_claw_gui/libraries/semiconductors/infineon/data/coolsic_mosfet_g2_650v/IMBG65R050M2H-plecs.xml,20845,3c83b235becf320dc65735b8f0df4c64a7a762227be06d65029bac187c31928a,.xml
src/pe_claw_gui/libraries/semiconductors/infineon/data/coolsic_mosfet_g2_650v/IMBG65R060M2H-plecs.xml,20879,84635a7ac07fc80b24344573307c39b9ef9d0aeca0653f1fb333b972b0284154,.xml
src/pe_claw_gui/libraries/semiconductors/infineon/data/coolsic_mosfet_g2_650v/IMBG65R075M2H-plecs.xml,20815,9214e578536c973c71d83c82f61eca2b2c80aa838ee207c19e4f1e2a8cdf3f26,.xml
src/pe_claw_gui/libraries/semiconductors/infineon/data/coolsic_mosfet_g2_650v/IMDQ65R007M2H-plecs.xml,20852,bdd8eb892f1a0e32b44467970c174ad2bdc27c54bd29c65f0fdc36e9540f9edb,.xml
src/pe_claw_gui/libraries/semiconductors/infineon/data/coolsic_mosfet_g2_650v/IMDQ65R010M2H-plecs.xml,20893,6870542b206aad2d90222e793c7971cc82ba2ea504db40a0642387bb2fce992d,.xml
src/pe_claw_gui/libraries/semiconductors/infineon/data/coolsic_mosfet_g2_650v/IMDQ65R015M2H-plecs.xml,20833,dc4adca5a0f5c0a4a9ad81ea676a1a67457c349f8f0df462b9ebcc6f3e8fc586,.xml
src/pe_claw_gui/libraries/semiconductors/infineon/data/coolsic_mosfet_g2_650v/IMDQ65R020M2H-plecs.xml,20848,9c070a9875f5f7de4497e24aadfdf0e12b83059fa45c241cdb7ed96f84723499,.xml
src/pe_claw_gui/libraries/semiconductors/infineon/data/coolsic_mosfet_g2_650v/IMLT65R015M2H-plecs.xml,20866,9b3018e5414bc56bab2bdd0cacf50bb5a8c6e6df244fa3f19eb595c02910017e,.xml
src/pe_claw_gui/libraries/semiconductors/infineon/data/coolsic_mosfet_g2_650v/IMLT65R020M2H-plecs.xml,20853,1101790526faa75490fca407b629f4d80ac7b3659ded6b37a3a5115142a47555,.xml
src/pe_claw_gui/libraries/semiconductors/infineon/data/coolsic_mosfet_g2_650v/IMLT65R026M2H-plecs.xml,20832,8be28311937cbade851be69702bbd575463f5fa5917b187c603e9e0c51331c48,.xml
src/pe_claw_gui/libraries/semiconductors/infineon/data/coolsic_mosfet_g2_650v/IMLT65R033M2H-plecs.xml,20822,d0174c06cbb2b3e2cf693657e20a805ba9975cfcea1f4a5b3ebd2f1b3293b0d1,.xml
src/pe_claw_gui/libraries/semiconductors/infineon/data/coolsic_mosfet_g2_650v/IMLT65R040M2H-plecs.xml,20852,7fdd31ed8f9d21d196f03436532b9c297166372c50a8c629e8c8c31889038524,.xml
src/pe_claw_gui/libraries/semiconductors/infineon/data/coolsic_mosfet_g2_650v/IMLT65R050M2H-plecs.xml,20866,9643b5f2727b8e2d89fdb6ab77a6c181fc72528ab8c0b635fb785adbc0653c6c,.xml
src/pe_claw_gui/libraries/semiconductors/infineon/data/coolsic_mosfet_g2_650v/IMLT65R060M2H-plecs.xml,20773,9bb75ab4f1135dcf84bb9c1f1d9a53562df7c5f74c48641c69c1f8698d6e3c27,.xml
src/pe_claw_gui/libraries/semiconductors/infineon/data/coolsic_mosfet_g2_650v/IMLT65R075M2H-plecs.xml,20846,dc129c30efdb283664b1150d0821df28865d111c56b7b930e0ef2ede9f61a3bd,.xml
src/pe_claw_gui/libraries/semiconductors/infineon/data/coolsic_mosfet_g2_650v/IMT65R010M2H-plecs.xml,20840,7bec0eeae665f9ce34ee783be6a96a341e48d3916bf77d5ee47bab7b73dedcd9,.xml
src/pe_claw_gui/libraries/semiconductors/infineon/data/coolsic_mosfet_g2_650v/IMT65R015M2H-plecs.xml,20874,20ac80b24440f288e040f7353a13cfbd98b33f615abc948a5560a82ba72aa4fa,.xml
src/pe_claw_gui/libraries/semiconductors/infineon/data/coolsic_mosfet_g2_650v/IMT65R020M2H-plecs.xml,20847,e14a8dec75566ec81a57f5673504052abc6acb266a51f7ab8425c10241b952a0,.xml
src/pe_claw_gui/libraries/semiconductors/infineon/data/coolsic_mosfet_g2_650v/IMT65R026M2H-plecs.xml,20854,9315cca559f160d547bffa9b4d026203963c31e60c811ac511ef6845094d3b16,.xml
src/pe_claw_gui/libraries/semiconductors/infineon/data/coolsic_mosfet_g2_650v/IMT65R033M2H-plecs.xml,20781,7a4b7614216dc5fd6262a33fe778d926bac14e0503fb9d0c8734c5bd2bc79c36,.xml
src/pe_claw_gui/libraries/semiconductors/infineon/data/coolsic_mosfet_g2_650v/IMT65R040M2H-plecs.xml,20832,005c4d5b25d73db3ff177a3f908b75622bba6f0bdbfe9934b2162c6a9d30761c,.xml
src/pe_claw_gui/libraries/semiconductors/infineon/data/coolsic_mosfet_g2_650v/IMT65R050M2H-plecs.xml,20864,8a87617f78b238e4887861ab0159e0ff6ce1da2c2b600783d6d739c048e7c855,.xml
src/pe_claw_gui/libraries/semiconductors/infineon/data/coolsic_mosfet_g2_650v/IMT65R060M2H-plecs.xml,20884,8e6e57732fe7026aa2b72ac6a8f1303e6036918305aed591fd3757f1fe4cbfde,.xml
src/pe_claw_gui/libraries/semiconductors/infineon/data/coolsic_mosfet_g2_650v/IMT65R075M2H-plecs.xml,20844,9d66478db218b0c00e351044ab8fc87d725fab40ccb86ff94630e1568ede284d,.xml
src/pe_claw_gui/libraries/semiconductors/infineon/data/coolsic_mosfet_g2_650v/IMTA65R020M2H-plecs.xml,20864,a501eb589b005d4bc3c92c1d792c16af43786a2397a4505eb186e3169c973fcd,.xml
src/pe_claw_gui/libraries/semiconductors/infineon/data/coolsic_mosfet_g2_650v/IMTA65R026M2H-plecs.xml,20862,c1faf8f0afcf181b3db6ca5a865e2d85204c453642ab0bfa164d959775eb057b,.xml
src/pe_claw_gui/libraries/semiconductors/infineon/data/coolsic_mosfet_g2_650v/IMTA65R033M2H-plecs.xml,20796,b4a4642c3cb272c3d1d824633a493ebc9d057e8138ff09b8c0266adb3a0aa723,.xml
src/pe_claw_gui/libraries/semiconductors/infineon/data/coolsic_mosfet_g2_650v/IMTA65R040M2H-plecs.xml,20831,9428d755677475845ea952a1cc22cc15661266db9a7cfb8938398328d2f884a1,.xml
src/pe_claw_gui/libraries/semiconductors/infineon/data/coolsic_mosfet_g2_650v/IMTA65R050M2H-plecs.xml,20874,a86f2a72b308e1ca3b8e57cfbf97647b3f93ca050a426dc7d7540a9bb85dec33,.xml
src/pe_claw_gui/libraries/semiconductors/infineon/data/coolsic_mosfet_g2_650v/IMTA65R060M2H-plecs.xml,20804,b08e920c916974cbcfc5a9af0f3080451b7c477c2d40c75208000211e75b6570,.xml
src/pe_claw_gui/libraries/semiconductors/infineon/data/coolsic_mosfet_g2_650v/IMTA65R075M2H-plecs.xml,20827,240e1cdfcbd1ecea911e72f6000279f1703245451633f2d1ee75a9d1bf802f5e,.xml
src/pe_claw_gui/libraries/semiconductors/infineon/data/coolsic_mosfet_g2_650v/IMW65R007M2H-plecs.xml,20887,ecdbeeb1cc49570c0db5318c73b525c69ff6a1a7aaf3864b2214f44885ed41ce,.xml
src/pe_claw_gui/libraries/semiconductors/infineon/data/coolsic_mosfet_g2_650v/IMW65R010M2H-plecs.xml,20831,ba34a586e1b92f35ddad3a97f529b109fcfafa40963cc72cb520b01a88dee181,.xml
src/pe_claw_gui/libraries/semiconductors/infineon/data/coolsic_mosfet_g2_650v/IMW65R015M2H-plecs.xml,20838,2be6b942b85345bd1d6257b6dd48b35ef76ebb097acba27e8c13d4de4d78c623,.xml
src/pe_claw_gui/libraries/semiconductors/infineon/data/coolsic_mosfet_g2_650v/IMW65R020M2H-plecs.xml,20870,159066bc54991c9ad1546ec00f7c4913a2f1573c05130737707323ab96722a23,.xml
src/pe_claw_gui/libraries/semiconductors/infineon/data/coolsic_mosfet_g2_650v/IMW65R026M2H-plecs.xml,20817,a2dd5fbc6b74621abdce34165694a39cf652428fe3626d399158a43306fd3863,.xml
src/pe_claw_gui/libraries/semiconductors/infineon/data/coolsic_mosfet_g2_650v/IMW65R033M2H-plecs.xml,20882,8665611a7229d3e951d702812f4af019ab8c7b56661774c5b22700972ca3fe2b,.xml
src/pe_claw_gui/libraries/semiconductors/infineon/data/coolsic_mosfet_g2_650v/IMW65R040M2H-plecs.xml,20807,7cabfa17f280f3b63eff25b70fcf1983141f2ad227cf7cc4342e12492920ecbc,.xml
src/pe_claw_gui/libraries/semiconductors/infineon/data/coolsic_mosfet_g2_650v/IMW65R050M2H-plecs.xml,20797,af16f86146d5ddea70452eff41df424cd8e5a300318134ef0b938f53c25f5617,.xml
src/pe_claw_gui/libraries/semiconductors/infineon/data/coolsic_mosfet_g2_650v/IMW65R060M2H-plecs.xml,20789,092577cdaf70c94ebc187b81d26498063711d4e5b67dd428598c0d5c9b69af46,.xml
src/pe_claw_gui/libraries/semiconductors/infineon/data/coolsic_mosfet_g2_650v/IMW65R075M2H-plecs.xml,20854,b901a8f677e320a84917f973e19e2579aec8ec9548259ac53177723439982ceb,.xml
src/pe_claw_gui/libraries/semiconductors/infineon/data/coolsic_mosfet_g2_650v/IMZA65R007M2H-plecs.xml,20891,41a83da3632d71e97c173f2f21b8bf3611022293fe6d4f20f1ceaa1967756e4c,.xml
src/pe_claw_gui/libraries/semiconductors/infineon/data/coolsic_mosfet_g2_650v/IMZA65R010M2H-plecs.xml,20819,26048c4140000e29f806f49454f796b12b545d98c131642f5b75951d15c3f514,.xml
src/pe_claw_gui/libraries/semiconductors/infineon/data/coolsic_mosfet_g2_650v/IMZA65R015M2H-plecs.xml,20854,e39a112be5a44bb5af0e1f81da7c849a8b5cc3dc5dc9486431b204aac6da1e54,.xml
src/pe_claw_gui/libraries/semiconductors/infineon/data/coolsic_mosfet_g2_650v/IMZA65R020M2H-plecs.xml,20876,2f6b0208a4f888c1c2487fd4f2c7f3dd17dc6041d05617b2472343a1fddaab0b,.xml
src/pe_claw_gui/libraries/semiconductors/infineon/data/coolsic_mosfet_g2_650v/IMZA65R026M2H-plecs.xml,20804,4d349811eff00de22f830eaf2f16f52cfbdea55aa72a9be33a9eeb281f22f47c,.xml
src/pe_claw_gui/libraries/semiconductors/infineon/data/coolsic_mosfet_g2_650v/IMZA65R033M2H-plecs.xml,20845,b0ce1b1e63abe436bd1fb01d17a38d13fc236388e239765805e2e65912c66e44,.xml
src/pe_claw_gui/libraries/semiconductors/infineon/data/coolsic_mosfet_g2_650v/IMZA65R040M2H-plecs.xml,20814,e005e0293a78428d27d3cbaba4406a2cdc67e399daa5cec5bb1a040a8d850ce9,.xml
src/pe_claw_gui/libraries/semiconductors/infineon/data/coolsic_mosfet_g2_650v/IMZA65R050M2H-plecs.xml,20791,eb70a82ff2322b3dc24ee69e6b42acdd29b96f8ac382cfa2569e106839709835,.xml
src/pe_claw_gui/libraries/semiconductors/infineon/data/coolsic_mosfet_g2_650v/IMZA65R060M2H-plecs.xml,20775,1a6f3a45bfabb8a826940d986506e4cfd146171ffdace31c6f6736a21e0535e0,.xml
src/pe_claw_gui/libraries/semiconductors/infineon/data/coolsic_mosfet_g2_650v/IMZA65R075M2H-plecs.xml,20854,76bec29aa1cc24c0318cb8b2288a73272fb3674aa772249080281ce22fef268b,.xml
src/pe_claw_gui/libraries/semiconductors/infineon/data/coolsic_mosfet_g2_750v/IMBG75R007M2H-plecs.xml,20777,fe394c8150e485668829fd651e1a9cb508a7ba16afeb4c947630c35301a23aa9,.xml
src/pe_claw_gui/libraries/semiconductors/infineon/data/coolsic_mosfet_g2_750v/IMBG75R011M2H-plecs.xml,20840,2a3c47f13c7e6aa40d0b81a6e04f8c5608e220f0b17c5f28d9496ea29eb3d9f2,.xml
src/pe_claw_gui/libraries/semiconductors/infineon/data/coolsic_mosfet_g2_750v/IMBG75R016M2H-plecs.xml,20827,1d7c82fb74c64b82661f584106feab39f8e68e429919d46bd4b299e678bc8d77,.xml
src/pe_claw_gui/libraries/semiconductors/infineon/data/coolsic_mosfet_g2_750v/IMBG75R020M2H-plecs.xml,20774,5b3ccfdbe57602a8778ea8a1d69de4e6e8511fe1a24df3849de459524caaee89,.xml
src/pe_claw_gui/libraries/semiconductors/infineon/data/coolsic_mosfet_g2_750v/IMBG75R025M2H-plecs.xml,20758,15d686d081258a8becd021393cfde2c561a7baecbb2cc8a3392a749e2d215ba7,.xml
src/pe_claw_gui/libraries/semiconductors/infineon/data/coolsic_mosfet_g2_750v/IMBG75R033M2H-plecs.xml,20820,eacbf2459f0ef9ec2e498991355b6b90a7d9644e54092835f456d1abc04cd979,.xml
src/pe_claw_gui/libraries/semiconductors/infineon/data/coolsic_mosfet_g2_750v/IMBG75R040M2H-plecs.xml,20767,6123a65c46879cc4f9f60d2611565b1467a95ac14e2213e43499a679ae898768,.xml
src/pe_claw_gui/libraries/semiconductors/infineon/data/coolsic_mosfet_g2_750v/IMBG75R050M2H-plecs.xml,20779,24f7ff8011d4cfb082d1cf4b68555dc0abdebea6e6dc4b6f39a7caebdc96c8b4,.xml
src/pe_claw_gui/libraries/semiconductors/infineon/data/coolsic_mosfet_g2_750v/IMBG75R060M2H-plecs.xml,20817,2b7bb0332363688a3b5748fa45620069fe0dd404ecae2066874caea662592f0b,.xml
src/pe_claw_gui/libraries/semiconductors/infineon/data/coolsic_mosfet_g2_750v/IMDQ75R004M2H-plecs.xml,20816,01214d6a94284dbd85613b5680321fdfcabd05e0a08e5e8c76c7fc2ab5f147f1,.xml
src/pe_claw_gui/libraries/semiconductors/infineon/data/coolsic_mosfet_g2_750v/IMDQ75R007M2H-plecs.xml,20892,16fd73a872e4f5f59bc82693d993b42df4e8aa380cba9f2ef7133f978f0aac96,.xml
src/pe_claw_gui/libraries/semiconductors/infineon/data/coolsic_mosfet_g2_750v/IMDQ75R011M2H-plecs.xml,20851,a5616f4687e93fba2ae5b26ee0046a106f11c5d8d54c5ca4f917fb074f78484f,.xml
src/pe_claw_gui/libraries/semiconductors/infineon/data/coolsic_mosfet_g2_750v/IMDQ75R016M2H-plecs.xml,20922,2b8288fa5553230a1e1cd94563be69c50a8f7949ef47f43638adeaa844e7727f,.xml
src/pe_claw_gui/libraries/semiconductors/infineon/data/coolsic_mosfet_g2_750v/IMDQ75R020M2H-plecs.xml,20828,92690749e67f3632c8c736cb5b5317f3b547a2400ed1670cd07d27fb6768483f,.xml
src/pe_claw_gui/libraries/semiconductors/infineon/data/coolsic_mosfet_g2_750v/IMDQ75R025M2H-plecs.xml,20846,51264c472487eb60d605c10bab90b1f23006d24222a03c9905633041b6ce74b9,.xml
src/pe_claw_gui/libraries/semiconductors/infineon/data/coolsic_mosfet_g2_750v/IMDQ75R033M2H-plecs.xml,20871,bb409db750abfb12ce617482528ac49fce62edc93eaf2e7c210ac01b16ae1180,.xml
src/pe_claw_gui/libraries/semiconductors/infineon/data/coolsic_mosfet_g2_750v/IMDQ75R040M2H-plecs.xml,20820,bc5f5a3705972e23b00f58eccbacb9a7d9e423a7cf2b4d5fbd79038ee0ade260,.xml
src/pe_claw_gui/libraries/semiconductors/infineon/data/coolsic_mosfet_g2_750v/IMDQ75R050M2H-plecs.xml,20735,891d474e106e886de632b763a4d1dd26f3892f7a5237f05a361ca5224d9211ce,.xml
src/pe_claw_gui/libraries/semiconductors/infineon/data/coolsic_mosfet_g2_750v/IMDQ75R060M2H-plecs.xml,20824,4d0a5436675906de60e15c069d2f343d5eb040bf7740639818f854de6ffca329,.xml
src/pe_claw_gui/libraries/semiconductors/infineon/data/coolsic_mosfet_g2_750v/IMZA75R007M2H-plecs.xml,20832,03070e7d0e8e06e6d03eaf80ba40135e81275473256ca7013204dffec6d7d927,.xml
src/pe_claw_gui/libraries/semiconductors/infineon/data/coolsic_mosfet_g2_750v/IMZA75R011M2H-plecs.xml,20821,be041e32374534aa9122397d152736891bb362ac77f6702bc7e89f76dfcaebb4,.xml
src/pe_claw_gui/libraries/semiconductors/infineon/data/coolsic_mosfet_g2_750v/IMZA75R016M2H-plecs.xml,20747,5cb24bc721ae5bda4b6ce28f14c0f190f1957701a097f1d11aa19bbff1dafaaf,.xml
src/pe_claw_gui/libraries/semiconductors/infineon/data/coolsic_mosfet_g2_750v/IMZA75R020M2H-plecs.xml,20790,80ca1d538fb4aba633381f36c7748d21e3cab7f817ffb46541e793e6e509f1e1,.xml
src/pe_claw_gui/libraries/semiconductors/infineon/data/coolsic_mosfet_g2_750v/IMZA75R025M2H-plecs.xml,20784,00a292398be50a81ae66d4cd654afc41e340e0eecb353c252ffa272234052738,.xml
src/pe_claw_gui/libraries/semiconductors/infineon/data/coolsic_mosfet_g2_750v/IMZA75R033M2H-plecs.xml,20780,1046feaa7621f265a3cf0bcb3ac61e0db93c1dbcc7679c19c7e34ebfeb159054,.xml
src/pe_claw_gui/libraries/semiconductors/infineon/data/coolsic_mosfet_g2_750v/IMZA75R040M2H-plecs.xml,20790,c2ee9f71cd6752276f60fd7d856aa6b1343b9833a45b69f22d13fe7e4e1e0db8,.xml
src/pe_claw_gui/libraries/semiconductors/infineon/data/coolsic_mosfet_g2_750v/IMZA75R050M2H-plecs.xml,20720,8be6d92ab5e646a788f1c15561e9f05d0493dea9d62bb2d12ba290d8143dd861,.xml
src/pe_claw_gui/libraries/semiconductors/infineon/data/coolsic_mosfet_g2_750v/IMZA75R060M2H-plecs.xml,20798,154427c96c6e9c3a28512e33bdd07eb81f6a5c359a86eceabd0f5ab0a40df3f1,.xml
src/pe_claw_gui/libraries/semiconductors/lookup_table.py,3445,55c359c324ce97833565a814efdbd947c8fe0504d463e48290dbb3eba133df16,.py
src/pe_claw_gui/libraries/semiconductors/metadata.py,25434,dfcd2d2630e458cf76560e866744a9c52b0138c4de237ff11b9511d54755d8b4,.py
src/pe_claw_gui/libraries/semiconductors/mitsubishi/__init__.py,561,ead5fd43fbc8d1990ace1f3425abe85a0572208526409c296b853ebb90f8e073,.py
src/pe_claw_gui/libraries/semiconductors/mitsubishi/data/cm1200da_34x/CM1200DA-34X_Diode.xml,12083,9670bb45af479674fdd01a70f6a188b13bc22427bfa57af46cf322375418c58d,.xml
src/pe_claw_gui/libraries/semiconductors/mitsubishi/data/cm1200da_34x/CM1200DA-34X_IGBT.xml,12325,0ce425d92ae022579b088276b190ccaa7eceb5f88a70bfe21911fb2db5bcd954,.xml
src/pe_claw_gui/libraries/semiconductors/mitsubishi/data/cm1200dc_34s1/CM1200DC-34S1_Diode.xml,11689,15004ae616bc9aad10091f2f421420ce79f254fe8a0cce52a682234d23970441,.xml
src/pe_claw_gui/libraries/semiconductors/mitsubishi/data/cm1200dc_34s1/CM1200DC-34S1_IGBT.xml,13688,db3002b75c720f97b56c77fb284aa3e356cd7f4f02a349ce22c519ab0ec62792,.xml
src/pe_claw_gui/libraries/semiconductors/mitsubishi/data/cm1200dw_24t/CM1200DW-24T_Diode.xml,12154,4ddf2fb548e7a5ba62188a2b39a6bace0e654ade89c2049b35604fd57d21219b,.xml
src/pe_claw_gui/libraries/semiconductors/mitsubishi/data/cm1200dw_24t/CM1200DW-24T_IGBT.xml,13881,4724b60d36b7631e576a9e6e3dfa02e9daa815d7e15a8f098eb6cd153fed8634,.xml
src/pe_claw_gui/libraries/semiconductors/mitsubishi/data/cm1500hg_90x/CM1500HG-90X_Diode.xml,13482,9125de5a66caeaa29140f3824373b53856dbe78c2a6f5ca4cc43dfa77cc31d9c,.xml
src/pe_claw_gui/libraries/semiconductors/mitsubishi/data/cm1500hg_90x/CM1500HG-90X_IGBT.xml,15280,e48f617ea3a78c3e912aaf5323db83478ad31979d8a98a30106cf3b7665001f0,.xml
src/pe_claw_gui/libraries/semiconductors/mitsubishi/data/cm1800hc_66x/CM1800HC-66X_Diode.xml,13290,c019535d9d16df47dffd4152cc694ce30dc019cdb61dd31e1449ea6f870dae14,.xml
src/pe_claw_gui/libraries/semiconductors/mitsubishi/data/cm1800hc_66x/CM1800HC-66X_IGBT.xml,14720,1997aec7bc25613a1e1dc2d4cb297a4d0e238540872812f98eedbd68c7631de8,.xml
src/pe_claw_gui/libraries/semiconductors/mitsubishi/data/cm450dy_24t/CM450DY-24T_Diode.xml,11612,cd8c18c7bb794e03898c016145792fea41e450295e6dcb28288acbdfc931e6de,.xml
src/pe_claw_gui/libraries/semiconductors/mitsubishi/data/cm450dy_24t/CM450DY-24T_IGBT.xml,13219,fdd613c997b39225c1904b179a0b0b67a7985a04c4fdf7070d7414e75e093b4d,.xml
src/pe_claw_gui/libraries/semiconductors/mitsubishi/data/cm600dy_24t/CM600DY-24T_Diode.xml,11604,d16f0c0d828bbb3e865bfadc565434661977fedc444565477dea9f4a0fc88099,.xml
src/pe_claw_gui/libraries/semiconductors/mitsubishi/data/cm600dy_24t/CM600DY-24T_IGBT.xml,13249,5668fd718f147080ebab25b2ca424708eea4620d53c1365bbc723d2503ac35ce,.xml
src/pe_claw_gui/libraries/semiconductors/mitsubishi/data/cmh1200dc_34s/CMH1200DC-34S_Diode.xml,10687,ad29ef4fdb276bac127aa86b6560beed75ed959d005761c9c2b3e8bff5bd538c,.xml
src/pe_claw_gui/libraries/semiconductors/mitsubishi/data/cmh1200dc_34s/CMH1200DC-34S_IGBT.xml,12967,7808006248811dbda7bbc06999cc322fd245f1b53fb200446c8d4e872ca6fd94,.xml
src/pe_claw_gui/libraries/semiconductors/mitsubishi/data/ct600cj1a060_a/CT600CJ1A060-A_Diode.xml,10676,ff8ab29e68597e799f14a52f0c2becf3841423cc0bbe70836497671c8642a84c,.xml
src/pe_claw_gui/libraries/semiconductors/mitsubishi/data/ct600cj1a060_a/CT600CJ1A060-A_IGBT.xml,12438,ce2f60c2f6ba3a9cbac2f31d7b2f40d07d7d0d635ec8973350c92b5b47475217,.xml
src/pe_claw_gui/libraries/semiconductors/mitsubishi/data/ct700cj1a060_a/CT700CJ1A060-A_Diode.xml,10738,de724a0fb0991eb1fcd0869e36caf466c3c2f4a41882872e7ce274706d97fd60,.xml
src/pe_claw_gui/libraries/semiconductors/mitsubishi/data/ct700cj1a060_a/CT700CJ1A060-A_IGBT.xml,12447,b16c7d792f5e25a2eb436124a39cc715f3852f04ea083a5a3134d68865519787,.xml
src/pe_claw_gui/libraries/semiconductors/mitsubishi/data/fmf375dc_66a/FMF375DC-66A_Diode.xml,11511,adef2a4e5f6f24dc47ef550a85b8ac7b7057b0cdbdea1719341a1042de54c440,.xml
src/pe_claw_gui/libraries/semiconductors/mitsubishi/data/fmf375dc_66a/FMF375DC-66A_MOSFET.xml,14114,3f8dff249c731b4fc6a0e6ec191d27d8bc9d31be90c0811a52813163ffc6ce15,.xml
src/pe_claw_gui/libraries/semiconductors/mitsubishi/data/fmf600dxe_24bn/FMF600DXE-24BN.xml,13857,862bdd77d904f892f952fa9e39c72b03040068a8fd5619d336e0cd098a1e5dfc,.xml
src/pe_claw_gui/libraries/semiconductors/mitsubishi/data/fmf600dxe_34bn/FMF600DXE-34BN.xml,15575,6892e490e6cf4ba99b57f37c18f3c4cb003b67201775558165d4217d7678925f,.xml
src/pe_claw_gui/libraries/semiconductors/mitsubishi/data/fmf600dxza_24b/FMF600DXZA-24B.xml,13876,b3434b0fb7049657257e190b4648464c7ddf4fb0df4ea73b358762397607d609,.xml
src/pe_claw_gui/libraries/semiconductors/mitsubishi/data/fmf750dc_66a/FMF750DC-66A_Diode.xml,12497,a9df3bff6db2faee7b4e84e40aa82fb0a0530739e39150997ad24f2480d5e9b5,.xml
src/pe_claw_gui/libraries/semiconductors/mitsubishi/data/fmf750dc_66a/FMF750DC-66A_MOSFET.xml,14901,7cc3953eac032dba85583a18728fd62756a4a2f39c0121f7296efde6c8137dff,.xml
src/pe_claw_gui/libraries/semiconductors/mitsubishi/data/fmf800dxza_24b/FMF800DXZA-24B.xml,13875,baa68a50a426cb31de2d56d4edf784f40345ac2cc38b54daebb5bff826925d83,.xml
src/pe_claw_gui/libraries/semiconductors/mitsubishi/igbt_modules.py,22580,df3b5756f9a94119a2a22538ff9951f56c04bdafcff48ceae76e5d8746c087bc,.py
src/pe_claw_gui/libraries/semiconductors/models.py,6208,7dcaa07be2e9491aac18c303118da03c1ba758941890781ccf13c895538d45be,.py
src/pe_claw_gui/libraries/semiconductors/navitas/__init__.py,522,6600dfedda816d6c6dba8c9ffa9e9ab18b18381300079e9680746e4572d3ae45,.py
src/pe_claw_gui/libraries/semiconductors/navitas/data/gen3f_sic_mosfet/G3F135MT12J.xml,15596,40c7565cba70f7d08eab0d480a24fe9b6d2bda81dccd4fa77dae93fe4aee698c,.xml
src/pe_claw_gui/libraries/semiconductors/navitas/data/gen3f_sic_mosfet/G3F18MT12J.xml,15676,2923d7d6479e1f8d7fe9dac9d00ea3a0aa57b25b1a577c22dab4472e296e31b7,.xml
src/pe_claw_gui/libraries/semiconductors/navitas/data/gen3f_sic_mosfet/G3F18MT12K.xml,15677,c8bf56ff2959e37123531b22fe6e27643fb67782fb738e34bc4da342bd5e245a,.xml
src/pe_claw_gui/libraries/semiconductors/navitas/data/gen3f_sic_mosfet/G3F20MT12K.xml,15647,a19f38f65fc2f3527f95bf9357446b95258d14e811c01d034d704299562bd428,.xml
src/pe_claw_gui/libraries/semiconductors/navitas/data/gen3f_sic_mosfet/G3F25MT06J.xml,15629,765e29545626d4959e4d0af499d186deceb4a5259ef1587779f83d3fdf8795de,.xml
src/pe_claw_gui/libraries/semiconductors/navitas/data/gen3f_sic_mosfet/G3F25MT06K.xml,15622,e0538ec93b28674b6f53b24172822a26745574f7800e4e48b34e284043cb7bd9,.xml
src/pe_claw_gui/libraries/semiconductors/navitas/data/gen3f_sic_mosfet/G3F25MT06L.xml,15632,ab3a63e55f391bc7bba8264129d2b936c95a8e1afb6a2ab032f689ab5ffa8276,.xml
src/pe_claw_gui/libraries/semiconductors/navitas/data/gen3f_sic_mosfet/G3F25MT12J.xml,15665,be73856d6dcea694f4611637f5a630029eef8725be33b6126b3f85e338474f6f,.xml
src/pe_claw_gui/libraries/semiconductors/navitas/data/gen3f_sic_mosfet/G3F25MT12K.xml,15666,6cba1cb97902e223dee47b04bd3d9d44897634d63c5251c4ef13a788679168d7,.xml
src/pe_claw_gui/libraries/semiconductors/navitas/data/gen3f_sic_mosfet/G3F33MT06J.xml,15669,5579cd62d9d765932f88e565b14258aa3166086e2572e5a7dd3d30e07319e57e,.xml
src/pe_claw_gui/libraries/semiconductors/navitas/data/gen3f_sic_mosfet/G3F33MT06K.xml,15675,703fa4e048aed3d969aa94113391da78c8942100a209f6e8ef7fb28807f137d2,.xml
src/pe_claw_gui/libraries/semiconductors/navitas/data/gen3f_sic_mosfet/G3F33MT06L.xml,15669,82a6230c31ea6ebf942f80dd405e2911361280556760070db20d3631dc6e3edb,.xml
src/pe_claw_gui/libraries/semiconductors/navitas/data/gen3f_sic_mosfet/G3F34MT12J.xml,15596,42a35f1e19bcfec7543db4c0227dd72bfe6a8410d6f5fe0bb20880a6d4f0906b,.xml
src/pe_claw_gui/libraries/semiconductors/navitas/data/gen3f_sic_mosfet/G3F34MT12K.xml,15600,ccb0207205d57ce62bab0e65a9da2e513a4334e9f09a349e09eee4ef2f68fa91,.xml
src/pe_claw_gui/libraries/semiconductors/navitas/data/gen3f_sic_mosfet/G3F40MT12J.xml,15620,0e24f80e87bee90e21577b8ac2459b9f6dea7a32fa705e1915c29b71168b05a7,.xml
src/pe_claw_gui/libraries/semiconductors/navitas/data/gen3f_sic_mosfet/G3F40MT12K.xml,15619,88cbd455e48f10e5a569fa8526bfb171d9edf2f01b170ab815b14241b5c1b60f,.xml
src/pe_claw_gui/libraries/semiconductors/navitas/data/gen3f_sic_mosfet/G3F45MT06J.xml,15596,cea6d780dd4e0e4b459154f4e901850f6c81120b8e3f753b674b478a971b8014,.xml
src/pe_claw_gui/libraries/semiconductors/navitas/data/gen3f_sic_mosfet/G3F45MT06K.xml,15592,ab895945fce26de388a7d4ecaaca6e1a4f870de6e4f157818b8c20b167a2e5b1,.xml
src/pe_claw_gui/libraries/semiconductors/navitas/data/gen3f_sic_mosfet/G3F45MT06L.xml,15595,4e1f6bfa9ac423235c656a99ad93c0f17a508ebdf0b6f785fbd7851063ecec01,.xml
src/pe_claw_gui/libraries/semiconductors/navitas/data/gen3f_sic_mosfet/G3F60MT06J.xml,15607,6bc532a0e28ea0fdfc2c652c82f6c93d768c13cf7b4528e20fc90048a7802ff5,.xml
src/pe_claw_gui/libraries/semiconductors/navitas/data/gen3f_sic_mosfet/G3F60MT06K.xml,15611,dc539b6dbc9826d89c241773abfa869b0112c333e92fb33dff7fbf54bf9663c9,.xml
src/pe_claw_gui/libraries/semiconductors/navitas/data/gen3f_sic_mosfet/G3F60MT06L.xml,15608,3dcf1d901a4bdf0c5e3e4cfd3943111f1868a10fc773f741375fb05f8c280e54,.xml
src/pe_claw_gui/libraries/semiconductors/navitas/data/gen3f_sic_mosfet/G3F65MT12J.xml,15599,c08eba0dc2ecd980d861b2127c1a1f755b141bbc5bcea2f70ea0f56052c05020,.xml
src/pe_claw_gui/libraries/semiconductors/navitas/data/gen3f_sic_mosfet/G3F65MT12K.xml,15597,10af70616b7b8b38306e1c29f931fe71357a49ece861819d96f211a57cc5dd68,.xml
src/pe_claw_gui/libraries/semiconductors/navitas/data/gen3f_sic_mosfet/G3F75MT12J.xml,15582,5af3450bcf37530fa8320098f0346a4a12f303bc6ac0e82d707273afdec5c94a,.xml
src/pe_claw_gui/libraries/semiconductors/navitas/data/gen3f_sic_mosfet/G3F75MT12K.xml,15587,b5377ef4761cec93e27f7bac7656824596bc6cdfc63dab7cad7d6c05c51e24d8,.xml
src/pe_claw_gui/libraries/semiconductors/navitas/gen3f_sic_mosfet.py,27455,77f3e97f8ac8d30b96d932f6b6cf7ef56e760fd67679e1dcc32ec1f9c5b92faf,.py
src/pe_claw_gui/libraries/semiconductors/normalized/.gitkeep,1,01ba4719c80b6fe911b091a7c05124b64eeece964e09c058ef8f9805daca546b,
src/pe_claw_gui/libraries/semiconductors/packages.py,27213,25cb06ec6c8122482fd17770ce587e406b83870c2751e8ae3a545532cd9ec3bc,.py
src/pe_claw_gui/libraries/semiconductors/power_device.py,2674,3d1360fd7c5c3b2288dcefd08b1830827d8b79497631543200a14738e81a8709,.py
src/pe_claw_gui/libraries/semiconductors/pricing.py,10416,82beb9aaf01eceb9eebb02a04e62eff06c08e9d619d73fa0f8795357b35a93bc,.py
src/pe_claw_gui/libraries/semiconductors/raw/.gitkeep,1,01ba4719c80b6fe911b091a7c05124b64eeece964e09c058ef8f9805daca546b,
src/pe_claw_gui/libraries/semiconductors/registry.py,7661,8e8180e285c5a717bdf0b73f68305515b3c006fd2f0537ac9f7c5bb68811d955,.py
src/pe_claw_gui/libraries/semiconductors/rohm/__init__.py,12997,e181a6b89d2a042b4992bed54d55badf6abe00e35dcaa8e0d48cca88eb323a21,.py
src/pe_claw_gui/libraries/semiconductors/rohm/data/bsm080d12p2c008/BSM080D12P2C008_DMOS.xml,18083,d29a04b8f396a0c900c1211c6d063123d07c477e9f9b28b63cabdf6f05129f0e,.xml
src/pe_claw_gui/libraries/semiconductors/rohm/data/bsm080d12p2c008/BSM080D12P2C008_SBD.xml,2886,c11aa8244d74c1524bbb724249a9fd20f3cdafff874b04fb3ddd576183e95822,.xml
src/pe_claw_gui/libraries/semiconductors/rohm/data/bsm120c12p2c201/BSM120C12P2C201_DMOS.xml,19605,96101e7e8796123d1fdf3ddba2d45d69ece619e7658d0fa22abdd8edb254cb0a,.xml
src/pe_claw_gui/libraries/semiconductors/rohm/data/bsm120c12p2c201/BSM120C12P2C201_SBD.xml,3069,b328a128eb3636a65e882dd6d105d34548600e3a9f4d665916a30b98cc12b015,.xml
src/pe_claw_gui/libraries/semiconductors/rohm/data/bsm120d12p2c005/BSM120D12P2C005_DMOS.xml,15701,c260787444c239dde63c2cff300ababeaf5cae051551a4f689b900268a04e12e,.xml
src/pe_claw_gui/libraries/semiconductors/rohm/data/bsm120d12p2c005/BSM120D12P2C005_SBD.xml,2968,7a304085348aa6b3f735c56cc1c3409b0f6f47f3618ea9b6f97b77ee72a40501,.xml
src/pe_claw_gui/libraries/semiconductors/rohm/data/bsm180c12p2e202/BSM180C12P2E202_DMOS.xml,22900,519559d71d9c761b6a53de1b6d1bf8a8073e7caf41ce10d7207b3d52171c495c,.xml
src/pe_claw_gui/libraries/semiconductors/rohm/data/bsm180c12p2e202/BSM180C12P2E202_SBD.xml,3071,4d7b14b358138e268c366b33e1c42ec005dc2dc8a7eeadde6e6c1204b1e3cb32,.xml
src/pe_claw_gui/libraries/semiconductors/rohm/data/bsm180c12p3c202/BSM180C12P3C202_SBD.xml,2991,b355309d0bce5220ef2410aa0915ab1a6cf2c81607a2555b2dee08e233644f19,.xml
src/pe_claw_gui/libraries/semiconductors/rohm/data/bsm180c12p3c202/BSM180C12P3C202_UMOS.xml,18154,31747c91f31ba12865e9f37a3f6d8e085438ace1c3f0aae08260e529e08735c5,.xml
src/pe_claw_gui/libraries/semiconductors/rohm/data/bsm180d12p2c101/BSM180D12P2C101_DMOS.xml,18664,f23cd56382f6abd3c4f7ef514978cd8c2da2357b7a46a69f7fc39afc39695945,.xml
src/pe_claw_gui/libraries/semiconductors/rohm/data/bsm180d12p2e002/BSM180D12P2E002_DMOS.xml,20859,3424c1785e30b2e576356838aacc8db8f7d7185be4e800268e2a14fe34839d26,.xml
src/pe_claw_gui/libraries/semiconductors/rohm/data/bsm180d12p2e002/BSM180D12P2E002_SBD.xml,3071,3e7b92883af85217c842d173bf0990db8888a81295379e31ad9b6555c86d0c29,.xml
src/pe_claw_gui/libraries/semiconductors/rohm/data/bsm180d12p3c007/BSM180D12P3C007_SBD.xml,2827,51fffd3775480f3bb882d79b982c66bf268357e12e0157d9feefa97bdd43c548,.xml
src/pe_claw_gui/libraries/semiconductors/rohm/data/bsm180d12p3c007/BSM180D12P3C007_UMOS.xml,16771,235c522cc05936045e44ef7e46ce08be5f11aca58753983e26d1fcb5eba5fa07,.xml
src/pe_claw_gui/libraries/semiconductors/rohm/data/bsm250d17p2e004/BSM250D17P2E004_DMOS.xml,19348,4d03200d46983876e6718bb1114e91fe336d0db2d94a3afb38ae03a5c67cfa24,.xml
src/pe_claw_gui/libraries/semiconductors/rohm/data/bsm250d17p2e004/BSM250D17P2E004_SBD.xml,2934,bfaa8e11ccb1f57b246e7211ef0b3445005d6379c63327515a09509ab8610835,.xml
src/pe_claw_gui/libraries/semiconductors/rohm/data/bsm300c12p3e201/BSM300C12P3E201_SBD.xml,2964,5bba5e28f5e30a7597030d1e59883c2f5a0f05aeb8b3132b494d8461ca0360c0,.xml
src/pe_claw_gui/libraries/semiconductors/rohm/data/bsm300c12p3e201/BSM300C12P3E201_UMOS.xml,20861,2cc52c63550bd9951a8387cd2b901dbbf049b2b14b76740cb5f85d6023c6076b,.xml
src/pe_claw_gui/libraries/semiconductors/rohm/data/bsm300c12p3e301/BSM300C12P3E301_SBD.xml,2964,0cf9c833053772101df6988739950a2cfdae61ac17d0ce153be43676ad2326a7,.xml
src/pe_claw_gui/libraries/semiconductors/rohm/data/bsm300c12p3e301/BSM300C12P3E301_UMOS.xml,19835,dc1d4f0f4320ad5c537b435fda3c3346653498a0f4c372b81dbd760e826c0354,.xml
src/pe_claw_gui/libraries/semiconductors/rohm/data/bsm300d12p2e001/BSM300D12P2E001_DMOS.xml,20840,2100d335bf44cc0517b782c2ea23ff8f51056e96e8b06250c9558e405029713d,.xml
src/pe_claw_gui/libraries/semiconductors/rohm/data/bsm300d12p2e001/BSM300D12P2E001_SBD.xml,2894,49924be5125a97bf8ebdf9eca88feafaaa2137281523902b75196b59bc8f297b,.xml
src/pe_claw_gui/libraries/semiconductors/rohm/data/bsm300d12p3e005/BSM300D12P3E005_SBD.xml,2871,b15b423ec07656056d9e360e7842cfde65b7cea13b9b15570e053279c1b9ab18,.xml
src/pe_claw_gui/libraries/semiconductors/rohm/data/bsm300d12p3e005/BSM300D12P3E005_UMOS.xml,18378,3bd517b58033a48cee198a9291d0f994fa54b8e75c51dac9bc96edc992a7bb72,.xml
src/pe_claw_gui/libraries/semiconductors/rohm/data/bsm300d12p4g101/BSM300D12P4G101_UMOS.xml,16351,9e67232cd6e99fe75fa67133fdd9a3155c196ef9e76122e51fc8fd21e7f8460c,.xml
src/pe_claw_gui/libraries/semiconductors/rohm/data/bsm400c12p3g202/BSM400C12P3G202_DMOS.xml,18312,1e8e7e1e94e6fa62a49c6b26fc8a495793526cba40d3326ede875aa3f43f614f,.xml
src/pe_claw_gui/libraries/semiconductors/rohm/data/bsm400c12p3g202/BSM400C12P3G202_SBD.xml,3032,9668e22ecd8acf55baa9a888f9198b99857beafcbcf5eca032f88eb8b6450a55,.xml
src/pe_claw_gui/libraries/semiconductors/rohm/data/bsm400d12p2g003/BSM400D12P2G003_DMOS.xml,18463,3ae80116080d87997d6ece17b7dd1b58db2d2b8a8384eefbc2e21e7d5c84689d,.xml
src/pe_claw_gui/libraries/semiconductors/rohm/data/bsm400d12p2g003/BSM400D12P2G003_SBD.xml,2870,aebcd35a33ccc4655db33b8bc6e617525c324003cc42d8d43a3670f1edc7caab,.xml
src/pe_claw_gui/libraries/semiconductors/rohm/data/bsm400d12p3g002/BSM400D12P3G002_SBD.xml,2813,940729a4bc2fa685bb19eaef95d76e4ab2140b139a5c0427debf8cafdb0c1d2a,.xml
src/pe_claw_gui/libraries/semiconductors/rohm/data/bsm400d12p3g002/BSM400D12P3G002_UMOS.xml,16400,6873682fcf0c026405d8aa4f8a75ac5207b2c88f9bb9081cd468f0586bc3e7c3,.xml
src/pe_claw_gui/libraries/semiconductors/rohm/data/bsm450d12p4g102/BSM450D12P4G102_UMOS.xml,16915,97ec8f5aaa8e9b71ab62c6cf0f0ad2f86f740951d3827410b7fc5eaf76b4f056,.xml
src/pe_claw_gui/libraries/semiconductors/rohm/data/bsm600c12p3g201/BSM600C12P3G201_DMOS.xml,18646,0fb76431f7a84b27d77915fc692351b01cfb0f5b35a36557918ef3ac61128c31,.xml
src/pe_claw_gui/libraries/semiconductors/rohm/data/bsm600c12p3g201/BSM600C12P3G201_SBD.xml,3122,ce33ad0c2b6040b5ad47a497e3bb4ff717388582220f4b19d783acaf947a157e,.xml
src/pe_claw_gui/libraries/semiconductors/rohm/data/bsm600d12p3g001/BSM600D12P3G001_SBD.xml,2866,a5d51facb32f04fe0937b9baf8ce696aaba0b106c9f686e4cd255ab0dd1344be,.xml
src/pe_claw_gui/libraries/semiconductors/rohm/data/bsm600d12p3g001/BSM600D12P3G001_UMOS.xml,17897,5aad84603dc1fae22987dffac521764eb35947297e4c52a7174b6350ff4f758f,.xml
src/pe_claw_gui/libraries/semiconductors/rohm/data/bsm600d12p4g103/BSM600D12P4G103_UMOS.xml,18256,e07972089caa59df68395d17d0d494da32d94b7dea4653488f821e89295e2b51,.xml
src/pe_claw_gui/libraries/semiconductors/rohm/data_rg/rga80tsx2ehr/RGA80TSX2EHR_FRD.xml,5673,3a83c3c95d86d3ee6884b6983beecadcfcbc84ce8e570b394a75163405d5d99b,.xml
src/pe_claw_gui/libraries/semiconductors/rohm/data_rg/rga80tsx2ehr/RGA80TSX2EHR_IGBT.xml,12535,0e78ee4ecf270766512391a425d06cc0c52724b87ac926775d99a08477d84555,.xml
src/pe_claw_gui/libraries/semiconductors/rohm/data_rg/rga80tsx2hr/RGA80TSX2HR_IGBT.xml,9005,5cfe9a5992282a1b8fd445c63ab34075dbe62658260ff5f29281933c88e90908,.xml
src/pe_claw_gui/libraries/semiconductors/rohm/data_rg/rgh00trx2/RGH00TRX2_IGBT.xml,13526,5fcdb20a13ae6df40564c99380de24073e4b6da2092d3d4694205e5cb58a052c,.xml
src/pe_claw_gui/libraries/semiconductors/rohm/data_rg/rgh00trx2ef/RGH00TRX2EF_FRD.xml,8707,3a7b751deebf45c92eba2250636d0d68b5103e63c5659787a7df957430a25939,.xml
src/pe_claw_gui/libraries/semiconductors/rohm/data_rg/rgh00trx2ef/RGH00TRX2EF_IGBT.xml,13528,fc429fc215c777eaface4938919b1b21b8d34e3c6e6220da693d3c77e4c9c527,.xml
src/pe_claw_gui/libraries/semiconductors/rohm/data_rg/rgh00tsx2/RGH00TSX2_IGBT.xml,13513,a5403bce70f8add3e4f93798fca04c6e668917300c1acccee4c44f47dffe3ad3,.xml
src/pe_claw_gui/libraries/semiconductors/rohm/data_rg/rgh00tsx2ef/RGH00TSX2EF_FRD.xml,8707,bc3dce2759e04ecb6d2d9876f15c1358a03b87c60aface92af154f22072757e8,.xml
src/pe_claw_gui/libraries/semiconductors/rohm/data_rg/rgh00tsx2ef/RGH00TSX2EF_IGBT.xml,13515,9f807374cd1818fe51f77a12c4c4c59c2d568abd57546a1736abe7089ee10ca6,.xml
src/pe_claw_gui/libraries/semiconductors/rohm/data_rg/rgh00tsx2efhr/RGH00TSX2EFHR_FRD.xml,8712,e43247f6808db2d835af9ff30f3ab224583cc1fd5b94bac366520aa1c4b46b60,.xml
src/pe_claw_gui/libraries/semiconductors/rohm/data_rg/rgh00tsx2efhr/RGH00TSX2EFHR_IGBT.xml,13520,3425319efabda1258965097a1ca9cdc0cc356c796469c84cc378a407b17cffbd,.xml
src/pe_claw_gui/libraries/semiconductors/rohm/data_rg/rgh00tsx2hr/RGH00TSX2HR_IGBT.xml,13518,90c6bd800712906c9bdfd8c617a52f8db53902d037d80541eec773361510b1bb,.xml
src/pe_claw_gui/libraries/semiconductors/rohm/data_rg/rgh80trx2/RGH80TRX2_IGBT.xml,11611,bfa0bd5c856a8192ea00c2eec93ac4752d64317707eb6a09653719f921bde69f,.xml
src/pe_claw_gui/libraries/semiconductors/rohm/data_rg/rgh80trx2ef/RGH80TRX2EF_FRD.xml,7822,45dbb5a652837d485c8f872ff92fe3a6af62ebf80b41f05758f7f53da0d4df1f,.xml
src/pe_claw_gui/libraries/semiconductors/rohm/data_rg/rgh80trx2ef/RGH80TRX2EF_IGBT.xml,11613,dcb0f9688b0ca405995e7ae564ea9353db77a39286219eb72d6b7f4c83cd5938,.xml
src/pe_claw_gui/libraries/semiconductors/rohm/data_rg/rgh80tsx2/RGH80TSX2_IGBT.xml,11562,ea8817e50ed486122c3e6142e47999445b8a28c78e79d9590f3d96662f20b200,.xml
src/pe_claw_gui/libraries/semiconductors/rohm/data_rg/rgh80tsx2ef/RGH80TSX2EF_FRD.xml,7832,5f90c38662e05bc851a0d64f1d125cebc26cfcecbcb3ffe0fafa77c567d09966,.xml
src/pe_claw_gui/libraries/semiconductors/rohm/data_rg/rgh80tsx2ef/RGH80TSX2EF_IGBT.xml,11564,521e61c89466d29773c459db3b7818c4e768191792fdc0c7e720286394d554e9,.xml
src/pe_claw_gui/libraries/semiconductors/rohm/data_rg/rgh80tsx2efhr/RGH80TSX2EFHR_FRD.xml,7837,dbe8fb552f67a92feb15ce056e21b57ddde0a280db8183279fdd56e63c651b32,.xml
src/pe_claw_gui/libraries/semiconductors/rohm/data_rg/rgh80tsx2efhr/RGH80TSX2EFHR_IGBT.xml,11569,34e6d3bbd0f35024fb32766c76d5d4a29e6745cb728a6e6602e56de6d57db4e7,.xml
src/pe_claw_gui/libraries/semiconductors/rohm/data_rg/rgh80tsx2hr/RGH80TSX2HR_IGBT.xml,11567,57a37a695a9dd53c9c8a61391e50796ba785fbba83c24fc175804e91c4a91a95,.xml
src/pe_claw_gui/libraries/semiconductors/rohm/data_rg/rghx5trx2/RGHX5TRX2_IGBT.xml,13250,02fe2c750edc49c244531b1d5913fa752a318090766cf57da88af09da8558e59,.xml
src/pe_claw_gui/libraries/semiconductors/rohm/data_rg/rghx5trx2df/RGHX5TRX2DF_FRD.xml,8690,032571137dfedf21745436b18e5b7df892700648238f99dea56593365e2851af,.xml
src/pe_claw_gui/libraries/semiconductors/rohm/data_rg/rghx5trx2df/RGHX5TRX2DF_IGBT.xml,13252,f9bea9b4de62b6c9528276a4354190909aa133fc47ce94eb8d1efce569d61678,.xml
src/pe_claw_gui/libraries/semiconductors/rohm/data_rg/rghx5tsx2/RGHX5TSX2_IGBT.xml,13255,76f9f5a6f9a022fd73911a686191ed245ea4ad1eff4121cfce4f383b3123374d,.xml
src/pe_claw_gui/libraries/semiconductors/rohm/data_rg/rghx5tsx2df/RGHX5TSX2DF_FRD.xml,8690,f61939c86d77fee3fc20deea51bd1381b063cc7c1b5c68b83b8b27a744eade8b,.xml
src/pe_claw_gui/libraries/semiconductors/rohm/data_rg/rghx5tsx2df/RGHX5TSX2DF_IGBT.xml,13257,a19da04e43910dc86a583310d899b67cacf12b57e4be04a763ecf94bd8509713,.xml
src/pe_claw_gui/libraries/semiconductors/rohm/data_rg/rghx5tsx2dfhr/RGHX5TSX2DFHR_FRD.xml,8695,e11f005c8f4f9f0251df5996b47ae417a29a6290e201124200281f5b317976ab,.xml
src/pe_claw_gui/libraries/semiconductors/rohm/data_rg/rghx5tsx2dfhr/RGHX5TSX2DFHR_IGBT.xml,13262,990a1fd89da328be40ed27442e0518a6a7b8c04ce2ae2298584117646516391b,.xml
src/pe_claw_gui/libraries/semiconductors/rohm/data_rg/rghx5tsx2hr/RGHX5TSX2HR_IGBT.xml,13260,a594d3811f557db14e27526fc831159b53c2278b696de78928c0831a7f4a0b25,.xml
src/pe_claw_gui/libraries/semiconductors/rohm/data_rg/rgs50tsx2dhr/RGS50TSX2DHR_FRD.xml,4927,1edf14216fd4668c740ef0bdb003e40b70c03638a727379494e847d2fe725273,.xml
src/pe_claw_gui/libraries/semiconductors/rohm/data_rg/rgs50tsx2dhr/RGS50TSX2DHR_IGBT.xml,7574,f204d80a5ee75a1f2826e98a8defea25dce9c60cf81790f3e5b224f690f840a8,.xml
src/pe_claw_gui/libraries/semiconductors/rohm/data_rg/rgw00ts65ehr/RGW00TS65EHR_FRD.xml,5961,437490a3093dddecb72ad1e26903e00efc43b2404625f1b0f22b26be356213ee,.xml
src/pe_claw_gui/libraries/semiconductors/rohm/data_rg/rgw00ts65ehr/RGW00TS65EHR_IGBT.xml,9293,e95ed29290bdc81c8c0268922b4c6464cdc3e5d60649222d55571e38c810b81b,.xml
src/pe_claw_gui/libraries/semiconductors/rohm/data_rg/rgw80ts65ehr/RGW80TS65EHR_FRD.xml,7916,eec88301cccb58f3eadf8c29da5cf0c7e76de4c8f03f60670941d4af1d6deb69,.xml
src/pe_claw_gui/libraries/semiconductors/rohm/data_rg/rgw80ts65ehr/RGW80TS65EHR_IGBT.xml,9247,08a37343b839454a447cfe2cd5d7231bf77e639330c665c0ea166c445cf494bc,.xml
src/pe_claw_gui/libraries/semiconductors/rohm/data_rg/rgwx5ts65ehr/RGWX5TS65EHR_FRD.xml,8452,57568b5f67167b3f1138482f7bdf055db4a5c7ecf8ca1f9cda2a23ca7502fdd1,.xml
src/pe_claw_gui/libraries/semiconductors/rohm/data_rg/rgwx5ts65ehr/RGWX5TS65EHR_IGBT.xml,13226,13aae34239b7aee60883a06ef85fb1738840c0ee5561d502992edfa9310dac9a,.xml
src/pe_claw_gui/libraries/semiconductors/rohm/data_sc/SCS304AG.xml,4145,ff5b170879477e7858722b9dbf824326127f60cb5196ef83b6c4e0570d5d8f65,.xml
src/pe_claw_gui/libraries/semiconductors/rohm/data_sc/SCS304AGHR.xml,4147,77d848ef41cc794edc9c385dba4aee216364281285df67b4c5fe704fe03fc9f7,.xml
src/pe_claw_gui/libraries/semiconductors/rohm/data_sc/SCS304AJ.xml,4160,8b531c906e38feed9faa34107c33869798a1ccc3bb0185ef7bb6f3b068eb5676,.xml
src/pe_claw_gui/libraries/semiconductors/rohm/data_sc/SCS304AM.xml,4139,b011aebf9e8ecd28941a9674fa4fd2985907a260de92364a00df9dd7f8fff035,.xml
src/pe_claw_gui/libraries/semiconductors/rohm/data_sc/SCS305KE.xml,3723,72e3c03bc6c5102c30a0503cf5560cdbd08b7c6b9565625fbb3927fa84c046a0,.xml
src/pe_claw_gui/libraries/semiconductors/rohm/data_sc/SCS305KEHR.xml,3728,ade868619aa38c3da3f14f79322bc953b2e8e2285bd90cb74ad8f8b340863ad3,.xml
src/pe_claw_gui/libraries/semiconductors/rohm/data_sc/SCS305KG.xml,3723,dee057e51a18a2b87f635d4c06f6faed900346d2c5db849abd5c02bef3458bda,.xml
src/pe_claw_gui/libraries/semiconductors/rohm/data_sc/SCS305KGHR.xml,3728,19ab1c4907795dffc2a54828a47f65713ae2f2672a83233b3245723bc0b58522,.xml
src/pe_claw_gui/libraries/semiconductors/rohm/data_sc/SCS305KN.xml,3721,930aa51eedfb454f03fad1dcb96d7133d9274b6f2a3cb1ddb03a901b1ebf203e,.xml
src/pe_claw_gui/libraries/semiconductors/rohm/data_sc/SCS305KNHR.xml,3723,2827d69ab350274ef017504d151aff495ade1ae88c2fa7c9e014af7e1d52715b,.xml
src/pe_claw_gui/libraries/semiconductors/rohm/data_sc/SCS306AG.xml,4154,93b104549e556388d8b26c6cb932b2f77da16c430a0842f124a2ffced4b8daaa,.xml
src/pe_claw_gui/libraries/semiconductors/rohm/data_sc/SCS306AGHR.xml,4156,1c467c60bb37925d9da8f1eb5bab0f39fcf1bc749f1d5b2f12cb0166f34599a0,.xml
src/pe_claw_gui/libraries/semiconductors/rohm/data_sc/SCS306AJ.xml,4170,1a5a57eb1376f9cc285b0649139f9fca631e52d475e1b7f5f4ca97bbe72329ef,.xml
src/pe_claw_gui/libraries/semiconductors/rohm/data_sc/SCS306AM.xml,4149,83e65c148bcf1f6cbc0737b74b60f1f2ccffdf81aa51ad36938b9d7571d14721,.xml
src/pe_claw_gui/libraries/semiconductors/rohm/data_sc/SCS308AG.xml,4156,a35ee8db0a07a7fdb17905f7e01a7f3f556122a9081271c4e9a3d2c3a8c5226f,.xml
src/pe_claw_gui/libraries/semiconductors/rohm/data_sc/SCS308AGHR.xml,4158,4dd7c219e873c9dab2746ac13e96319a49f46eff97d84592e120e64bd50477de,.xml
src/pe_claw_gui/libraries/semiconductors/rohm/data_sc/SCS308AJ.xml,4171,163b4b062bff3e03cd95d143a80b166cfcc99357e727770770f78d6aa9241cb5,.xml
src/pe_claw_gui/libraries/semiconductors/rohm/data_sc/SCS308AM.xml,4150,248e7ae31ce262685c49d3254bf57da1e5462bec954dde2c6d6dc8093c06d1fd,.xml
src/pe_claw_gui/libraries/semiconductors/rohm/data_sc/SCS310AG.xml,4093,9cab1fff487e5109d1f5a2aa0aefdc0874af5fcc75fde4642dca8eabddef89c9,.xml
src/pe_claw_gui/libraries/semiconductors/rohm/data_sc/SCS310AGHR.xml,4095,27a580ab955ee6af5ed13713a13244fd6721febb1b827865cee576c25ccda169,.xml
src/pe_claw_gui/libraries/semiconductors/rohm/data_sc/SCS310AJ.xml,4111,60a2f3c364cc5729108e0084afbee3f58043af9d7df3a08835d59f7664263e4d,.xml
src/pe_claw_gui/libraries/semiconductors/rohm/data_sc/SCS310AM.xml,4092,cd5a1bf6fabeb90b0378fdbe87fa3af064fd9edda248d16ba6231fc6ec5662f0,.xml
src/pe_claw_gui/libraries/semiconductors/rohm/data_sc/SCS310KE2.xml,3724,1a49c9877ce0b3d9893a86104150f9aaf462f462661af844ee47aff0ee2556fd,.xml
src/pe_claw_gui/libraries/semiconductors/rohm/data_sc/SCS310KE2HR.xml,3729,a6a253797ac9f332de4d75e9de73db3f83df966ec6a517161819019c2adde25a,.xml
src/pe_claw_gui/libraries/semiconductors/rohm/data_sc/SCS310KG.xml,4583,f32724d37fce0d4d807242f94569fd8676750ab071954b7f4800661388bd2db6,.xml
src/pe_claw_gui/libraries/semiconductors/rohm/data_sc/SCS310KGHR.xml,4588,7ae8a01637b55f9472019e0405300ffbc82653a9eb76940d06716d43146b7853,.xml
src/pe_claw_gui/libraries/semiconductors/rohm/data_sc/SCS310KN.xml,3689,c3a9e4130b9646d9659bd6284d42563732d7a06e8b68b3a29dff0f061255d396,.xml
src/pe_claw_gui/libraries/semiconductors/rohm/data_sc/SCS310KNHR.xml,3691,ae5e0720fe9083101673eef150612097e1407a0bae6ecba594e8ff9df7f2b665,.xml
src/pe_claw_gui/libraries/semiconductors/rohm/data_sc/SCS312AG.xml,4173,cf9ca878991e816c4b2ab5da5adfcf26e09f6adb9f7df2db71108325119bc8b7,.xml
src/pe_claw_gui/libraries/semiconductors/rohm/data_sc/SCS312AGHR.xml,4175,2ea27f8f40069937a8276eb873956c4464c86a96aa4bb08734b724597f2ee3aa,.xml
src/pe_claw_gui/libraries/semiconductors/rohm/data_sc/SCS312AJ.xml,4186,e0de0e7324b9c23fe3dad97d1e0b8149625e0b87ca5afcd5f598368796df0481,.xml
src/pe_claw_gui/libraries/semiconductors/rohm/data_sc/SCS312AM.xml,4166,11c88f64f23592b1b9e17cbba853e915ede939f564cbae7dccf5d3e4b3d63038,.xml
src/pe_claw_gui/libraries/semiconductors/rohm/data_sc/SCS315AG.xml,4159,5e775e4752a304fe09c31e68ff6f98d82e2aa90bde62c52a562283564e47b7ee,.xml
src/pe_claw_gui/libraries/semiconductors/rohm/data_sc/SCS315AGHR.xml,4161,a174ec726401e41bc15935e577dd0e956e5ee2d04532710e5d3a0366ecde899e,.xml
src/pe_claw_gui/libraries/semiconductors/rohm/data_sc/SCS315AJ.xml,4173,970f236cf278e7da3d7016d2c9e42adc26826bd8f9760440a8c64a04273f9b35,.xml
src/pe_claw_gui/libraries/semiconductors/rohm/data_sc/SCS315AM.xml,4153,2325c629c1ee60cbac4c93948f3fc275bd4836a346a8b22752ca4ba11b52bd7c,.xml
src/pe_claw_gui/libraries/semiconductors/rohm/data_sc/SCS315KE.xml,4631,ae2b84be863ee4df5d2df534be38880d2d5a88ff18a9b24e305fef4f95f43785,.xml
src/pe_claw_gui/libraries/semiconductors/rohm/data_sc/SCS315KEHR.xml,4636,81460ebec29e0f8c4596a4e60c0cd1cedc274c52d8d85e309ff45a76997ce700,.xml
src/pe_claw_gui/libraries/semiconductors/rohm/data_sc/SCS315KG.xml,3740,486965b53e347c9ad220e292ae887f27494c8a03ce05e2f4f88d4e44f3f3cad5,.xml
src/pe_claw_gui/libraries/semiconductors/rohm/data_sc/SCS315KGHR.xml,3745,09ea0bc7e9c82bfc0f05f9b5e6f8dacc0b54cf46dfea18449b4a7056caae09bf,.xml
src/pe_claw_gui/libraries/semiconductors/rohm/data_sc/SCS315KN.xml,3740,90181471452a45b7f1d52db391cc98496cd06ebc262f269acd9ef6a8aa80e212,.xml
src/pe_claw_gui/libraries/semiconductors/rohm/data_sc/SCS315KNHR.xml,3742,010bc8702c0d432680bd0b5577f1616357b55844a6e02769b36dfa0edf7ddaa4,.xml
src/pe_claw_gui/libraries/semiconductors/rohm/data_sc/SCS320AG.xml,4097,2a79a6b022f6861aa9dba596d74fb7e37ce1b09025c43027b45971dfcde35fda,.xml
src/pe_claw_gui/libraries/semiconductors/rohm/data_sc/SCS320AGHR.xml,4099,9a3f678c05409ccd2dce4e0a01ba3ae8c3455b68340c04b54e09f1127e523218,.xml
src/pe_claw_gui/libraries/semiconductors/rohm/data_sc/SCS320AJ.xml,4110,c55c1721b3e97a550d81f433ea75a8aff4ac7fe8752d58ae63ed7a99befd2c6a,.xml
src/pe_claw_gui/libraries/semiconductors/rohm/data_sc/SCS320AM.xml,4088,79f48d6fa74d10e6cd7d66949094c68a84dbbc3d939885e9c4a97fadf819ef1a,.xml
src/pe_claw_gui/libraries/semiconductors/rohm/data_sc/SCS320KE2.xml,3692,25e2ab4b68b323acb1f7b613ef47757e4ced92dc7b3475c2a7a9168984e4d892,.xml
src/pe_claw_gui/libraries/semiconductors/rohm/data_sc/SCS320KE2HR.xml,3697,b353e5627586d33f73dfe486330b03897f8b8a70fc7cbced56197580221af4b6,.xml
src/pe_claw_gui/libraries/semiconductors/rohm/data_sc/SCS320KG.xml,3694,287bb9b47bb35d8034b02b8996141b3f12c635ae42508d30f5cc68b20ab9d3e8,.xml
src/pe_claw_gui/libraries/semiconductors/rohm/data_sc/SCS320KGHR.xml,3699,5d9287d369dcbcd2de719a8abff5bc9d77c5c3b095245d1194212650a8feae21,.xml
src/pe_claw_gui/libraries/semiconductors/rohm/data_sc/SCS320KN.xml,3693,d925fe97310d5523d09d33602501706cad8ccfb1a6ce8399c0dca8144ae42dbf,.xml
src/pe_claw_gui/libraries/semiconductors/rohm/data_sc/SCS320KNHR.xml,3695,f736354ef3955577e54a8a4446f18152ae2ac2aedaec2eb488ccbecff461719c,.xml
src/pe_claw_gui/libraries/semiconductors/rohm/data_sc/SCS330KE2.xml,3739,937b643cb66764e1746e6b5d3892f37d699ee24ba5091734bba628510e1f8e7e,.xml
src/pe_claw_gui/libraries/semiconductors/rohm/data_sc/SCS330KE2HR.xml,3744,02605f6804f8135ce36c7463401404c1d2443a38fc400421cb575dbe556740b8,.xml
src/pe_claw_gui/libraries/semiconductors/rohm/data_sc/SCS340KE2.xml,3693,212094ec44a0b1cf614a31c935fb034780ccd80951af36a903a07b54513e8b5d,.xml
src/pe_claw_gui/libraries/semiconductors/rohm/data_sc/SCS340KE2HR.xml,3698,aee4c7421271c4103911143c36721f30909f86562cbca83292a97d1823e02548,.xml
src/pe_claw_gui/libraries/semiconductors/rohm/data_sc/SCT2750NWC.xml,7742,6bce9da2252c67af40432b124b0f1fecac580e1c1b0a7871d6b0fea08700e892,.xml
src/pe_claw_gui/libraries/semiconductors/rohm/data_sc/SCT2H12NWB.xml,7408,827ed8683c80cdca2d41878172a42b828b91e97581723a40f7b6c0653dbac564,.xml
src/pe_claw_gui/libraries/semiconductors/rohm/data_sc/SCT2H12NZ.xml,7394,b6b074655e94f8cf5054670e09ff639c6b450cc0abc50030accf45708abedf25,.xml
src/pe_claw_gui/libraries/semiconductors/rohm/data_sc/SCT3022KLHR.xml,6749,5ad95ab4e877f4c70ca4a61ecb5412448d1e37578dfaffce22050278d48ede9d,.xml
src/pe_claw_gui/libraries/semiconductors/rohm/data_sc/SCT3030AR.xml,9134,d7c5c02f25e9b5a26bbaf9311b994603ce1c7dc96f9504d0108158c8b67cf53b,.xml
src/pe_claw_gui/libraries/semiconductors/rohm/data_sc/SCT3030AW7.xml,10423,2a45e7117c818d00e53e8eb180cabf0829bb4322ac0d46cb0c1f66795660b486,.xml
src/pe_claw_gui/libraries/semiconductors/rohm/data_sc/SCT3040KR.xml,8437,854242127bce29cc3b33ad464a8a0a4e8e8214cd39016381922aabb1899ccd70,.xml
src/pe_claw_gui/libraries/semiconductors/rohm/data_sc/SCT3040KW7.xml,9566,ddce445c123d2b339ff8e2b98634428ea18acc9e6681ebbf35fb20c6c766600d,.xml
src/pe_claw_gui/libraries/semiconductors/rohm/data_sc/SCT3060AR.xml,7936,7f621afa3eab0cdd7eb840eadef53827bfe42b6582e1ad48a4b16e9a4dbef45b,.xml
src/pe_claw_gui/libraries/semiconductors/rohm/data_sc/SCT3060AW7.xml,8100,5e9c9ffa90f75207439b69eb357fdf645509c5552d881bef87c1b839668413ab,.xml
src/pe_claw_gui/libraries/semiconductors/rohm/data_sc/SCT3080AR.xml,7512,e3419916c5657037009b188264d518b5947780757263e4749eb800b4f503403f,.xml
src/pe_claw_gui/libraries/semiconductors/rohm/data_sc/SCT3080AW7.xml,7628,4543d7ed593525c23c06d7b50ee04c160a7af28cc559f06f8f6440034c340cd4,.xml
src/pe_claw_gui/libraries/semiconductors/rohm/data_sc/SCT3080KL.xml,8817,c4bd97319d878ea6bf052851bc8c11f3aa9595b9953bee42cf84e5a34ef9916f,.xml
src/pe_claw_gui/libraries/semiconductors/rohm/data_sc/SCT3080KR.xml,7756,b975c2ab6f9b410a4dee5dfadf36d15f5f4c03038de9a20718036678b0e4f1fe,.xml
src/pe_claw_gui/libraries/semiconductors/rohm/data_sc/SCT3080KW7.xml,8793,7c648afb9d154ea7bfe5d43f2de30e65d7ec3615bc4d43dd8741753a2f28551d,.xml
src/pe_claw_gui/libraries/semiconductors/rohm/data_sc/SCT3105KR.xml,7423,da6eaaadb5eb8db0c62c58f2e80704d7e40ea560e3a241a77ac75a20b8bf7d16,.xml
src/pe_claw_gui/libraries/semiconductors/rohm/data_sc/SCT3105KW7.xml,8360,f79af689b85f0704eef5856b796a5dc459a0439a42c009968c0487139a8bdaf5,.xml
src/pe_claw_gui/libraries/semiconductors/rohm/data_sc/SCT3120AW7.xml,8268,20ac239b62ed13c18dec8091863d73789380643e380b3e8442f8a080ce0420a3,.xml
src/pe_claw_gui/libraries/semiconductors/rohm/data_sc/SCT3160KL.xml,10633,c4bbc9773f1e67e24038c1cae64cfecea1adb656d50abed179a1f6e782ebd651,.xml
src/pe_claw_gui/libraries/semiconductors/rohm/data_sc/SCT3160KW7.xml,10673,6e7e9ea08ed2d2a76ffc56d5e2b73500716d34d626934d91b3808a9eaa1c9b9f,.xml
src/pe_claw_gui/libraries/semiconductors/rohm/data_sc/SCT4013DE.xml,9924,98f7adcf9f9e187e6d3f1a97ba196e41b30e3d99e0a4d712fc6736621a6f26d3,.xml
src/pe_claw_gui/libraries/semiconductors/rohm/data_sc/SCT4013DEHR.xml,9926,b520e9dcae5d41e416b9304f89626dff22ab2c676bc8bdff05cabd85d7d1c3b8,.xml
src/pe_claw_gui/libraries/semiconductors/rohm/data_sc/SCT4013DLL.xml,9934,15fc42dff04ba630aba08e55a4cccda74e2f5b67318a280d6e815b256f1a2f51,.xml
src/pe_claw_gui/libraries/semiconductors/rohm/data_sc/SCT4013DR.xml,9919,5efadd6d7c13b0ae807e1c4ec84993ade28307f4e27055f94647173f4ee8cd51,.xml
src/pe_claw_gui/libraries/semiconductors/rohm/data_sc/SCT4013DRHR.xml,9921,ae3533eeff8d0e29629ff7e25d2eaa051e5e6a8cd3f356633398c64426fbf3f0,.xml
src/pe_claw_gui/libraries/semiconductors/rohm/data_sc/SCT4013DW7.xml,9912,86dae18686dceb4baf81bc1bb1067d502a0cfa6235f6b3c2ffa2b0c0bb6d70fe,.xml
src/pe_claw_gui/libraries/semiconductors/rohm/data_sc/SCT4018KE.xml,9701,1d2f9f6cd551ce1af38fcf380dcabbdb8b0785941ca02786a6dcf28f6fadfbc9,.xml
src/pe_claw_gui/libraries/semiconductors/rohm/data_sc/SCT4018KR.xml,9823,99a459ba57fd25cb78ce64fd4bc2f2d1783fda3e11c79e80a6dfbe47fba466c8,.xml
src/pe_claw_gui/libraries/semiconductors/rohm/data_sc/SCT4018KW7.xml,9825,16dedde202e3bf08a56bea16e78bad26817066997aec25d02a97771f7a618c64,.xml
src/pe_claw_gui/libraries/semiconductors/rohm/data_sc/SCT4018KWA.xml,9825,63898a1b24a27da05037b0fc4d375aa3d6f4817c2de755203c96491ae3ea97bf,.xml
src/pe_claw_gui/libraries/semiconductors/rohm/data_sc/SCT4020DLL.xml,10731,8ddbfdb11538685b7652902192f4432b9472c3f03dc1a2cf2873fd26b15a7e52,.xml
src/pe_claw_gui/libraries/semiconductors/rohm/data_sc/SCT4026DE.xml,7183,6f200bba65c80ce4b7697b8234c2b47cc72e0d1fde8daafe444980e93ca981d4,.xml
src/pe_claw_gui/libraries/semiconductors/rohm/data_sc/SCT4026DLL.xml,10645,00c9053f3aaebfb989b28c5864a477ef3a434ea321883da334bbf0b0f4edd25d,.xml
src/pe_claw_gui/libraries/semiconductors/rohm/data_sc/SCT4026DR.xml,7938,d34a3efc192b5f4e40da81eee629d9b52ac961eb7cce81d4fd0db64d5725c50d,.xml
src/pe_claw_gui/libraries/semiconductors/rohm/data_sc/SCT4026DW7.xml,10631,c40d3f6a3522a029f6ff24e2045a5dbe1417411230d73d480f0f2f6fdcb57e11,.xml
src/pe_claw_gui/libraries/semiconductors/rohm/data_sc/SCT4026DW7HR.xml,10633,8c81b74455956d0a7607155a24652041d081045b42b36e2979ea8a8abf304c1e,.xml
src/pe_claw_gui/libraries/semiconductors/rohm/data_sc/SCT4026DWA.xml,10631,192443f10aab4cb5997475d4a620705f308c11777d745ad1d6b433a9e7c9116d,.xml
src/pe_claw_gui/libraries/semiconductors/rohm/data_sc/SCT4026DWAHR.xml,10633,9eba251e8f2ec025ceccd45df01742a89e82d91ab4ecd621f19b9d1774d553f3,.xml
src/pe_claw_gui/libraries/semiconductors/rohm/data_sc/SCT4036DE.xml,10387,854d0a2b63794fd68a8cfc88cc65cb7e8070475f0959fbd41a1db1f5c69c1a0e,.xml
src/pe_claw_gui/libraries/semiconductors/rohm/data_sc/SCT4036DEHR.xml,10389,8932a391f5cfb5bb0db833d5b4332f02abd9bbbd962ad0c3145d1fd47c8f9c2d,.xml
src/pe_claw_gui/libraries/semiconductors/rohm/data_sc/SCT4036DLL.xml,10617,a011bdad7b6674a2da531d1c0a07a6d4f38d45e482905d66cb41dd52f4f11607,.xml
src/pe_claw_gui/libraries/semiconductors/rohm/data_sc/SCT4036DR.xml,10615,2ec8a8a0d464855e37c0566b7e3229caa33626866e3de247efca676565d8edca,.xml
src/pe_claw_gui/libraries/semiconductors/rohm/data_sc/SCT4036DRHR.xml,10617,7092951e46c435d78e37b19df410ee027eced6ec8dd0630174d2a3c6928a1a5f,.xml
src/pe_claw_gui/libraries/semiconductors/rohm/data_sc/SCT4036DWA.xml,10603,5c872275daa6d434b7697f3d55935a14baf7b0b3bd028ef05b900a04892115f5,.xml
src/pe_claw_gui/libraries/semiconductors/rohm/data_sc/SCT4036DWAHR.xml,10605,60d56a83dbee10ec4cbd9b83f413ad0942f2c710751f0e8f793d8aa8718c0457,.xml
src/pe_claw_gui/libraries/semiconductors/rohm/data_sc/SCT4036KE.xml,7290,d7926077573e88d43f5d08f638c7c81f90eb9dadd583deba01ba542e3c8404fc,.xml
src/pe_claw_gui/libraries/semiconductors/rohm/data_sc/SCT4036KR.xml,11676,723fe20e6e0425b419f0a482f0a4b77b8648ea4fc37e61fb054d411fc4d0889b,.xml
src/pe_claw_gui/libraries/semiconductors/rohm/data_sc/SCT4036KRHR.xml,11678,f51fb6616defcde983403b5a346455e4460d32d972b4e185d51578d4ace87773,.xml
src/pe_claw_gui/libraries/semiconductors/rohm/data_sc/SCT4036KW7.xml,11680,f8295174b5b2be6b721e8c04a935bcf52b2043f539b0925a036c943f8d011522,.xml
src/pe_claw_gui/libraries/semiconductors/rohm/data_sc/SCT4036KWA.xml,11680,3a038113ced1a7ae193c05ae88e3b41106916bbd0fa8d99f25783dcf045e00a0,.xml
src/pe_claw_gui/libraries/semiconductors/rohm/data_sc/SCT4045DE.xml,7269,56cae13d131e97b2e161cbeddd7bf610ace1c269895516eee871e53461623b0a,.xml
src/pe_claw_gui/libraries/semiconductors/rohm/data_sc/SCT4045DLL.xml,9916,347a6b3870318819200ca94abd065f5c14ec3316c133eae74ea84c1cf658f39e,.xml
src/pe_claw_gui/libraries/semiconductors/rohm/data_sc/SCT4045DR.xml,9902,de12fbb64d457b8cfdab27a0e8eb6d6c996bd73459c76908690379e90abb84f3,.xml
src/pe_claw_gui/libraries/semiconductors/rohm/data_sc/SCT4045DRHR.xml,9904,8ce51f94bd390de176419420edac1bc3698da39f9bda365546404cc0032cbaeb,.xml
src/pe_claw_gui/libraries/semiconductors/rohm/data_sc/SCT4045DW7.xml,9901,9cdfef62b3c38817446748524e7e15cbd3dd97fff0c6b34b7aa0131f46408801,.xml
src/pe_claw_gui/libraries/semiconductors/rohm/data_sc/SCT4045DW7HR.xml,9903,7c0c88bb5d79a07d99d0d1797f3f3dcf0c26b2f971f372f37132e1df10c21ded,.xml
src/pe_claw_gui/libraries/semiconductors/rohm/data_sc/SCT4045DWA.xml,9901,ea050081519943857e4893105551caa57057a46c4ec6c650b2cd908278b6abe8,.xml
src/pe_claw_gui/libraries/semiconductors/rohm/data_sc/SCT4045DWAHR.xml,9903,8c3a1bc451511685ededd63cbd9ee6da9b8cd3f3c67e0a10938d733856477e42,.xml
src/pe_claw_gui/libraries/semiconductors/rohm/data_sc/SCT4050KE.xml,10556,733f2e3297ad5bdd02920115eb3649883af5627c011aa3ad601feebe42fcd264,.xml
src/pe_claw_gui/libraries/semiconductors/rohm/data_sc/SCT4050KEHR.xml,10558,05ae68ad6b54122e0b2009542f6ea6d53fe931a650f3333a0779acb3ce10b5b3,.xml
src/pe_claw_gui/libraries/semiconductors/rohm/data_sc/SCT4050KR.xml,10624,f0aceda0bf7e81d10d10903473e0f84c93ca5c4c64b246a8ce80dee6f0672925,.xml
src/pe_claw_gui/libraries/semiconductors/rohm/data_sc/SCT4050KRHR.xml,10626,fc64edbb57ae3575a19330ba872c17980f8f53d07d1081278ae77e24e9c56c53,.xml
src/pe_claw_gui/libraries/semiconductors/rohm/data_sc/SCT4050KWA.xml,10612,6103a8a513ea2c3be6fb3ba0f65656abeb7b35104a286139098763d9c093df98,.xml
src/pe_claw_gui/libraries/semiconductors/rohm/data_sc/SCT4062KE.xml,9788,8069c361f8120658636a7faac714fa26e66926ef9f55aa061622c7dd28bbc0a6,.xml
src/pe_claw_gui/libraries/semiconductors/rohm/data_sc/SCT4062KEHR.xml,9790,ba5d8a343172fa7de511e9b81af485c24b48c0faa35a4eb62144e6d63130cd17,.xml
src/pe_claw_gui/libraries/semiconductors/rohm/data_sc/SCT4062KR.xml,9735,3e68302a7c84935f21135839a16f314c59959ba08d1baf568d72ba91a76cfba6,.xml
src/pe_claw_gui/libraries/semiconductors/rohm/data_sc/SCT4062KRHR.xml,9737,4cd635139f308e1ca933c05409d54523ec388cafd00c4435b85d37ebe3cf0af4,.xml
src/pe_claw_gui/libraries/semiconductors/rohm/data_sc/SCT4062KW7.xml,9734,b12e9d06d28d2e01e365535bbf45e8a6c715f396a73016d567a29a19cab5960a,.xml
src/pe_claw_gui/libraries/semiconductors/rohm/data_sc/SCT4062KW7HR.xml,9736,8e988dd016247430c82c7aa815c3c9c71b3dcf263bbe4f96fefcb5a727a47517,.xml
src/pe_claw_gui/libraries/semiconductors/rohm/data_sc/SCT4062KWA.xml,9734,36d02836f0296fdb141c8470e2dd573fc63d2ece187c528a28f4ac04006cbffb,.xml
src/pe_claw_gui/libraries/semiconductors/rohm/data_sc/SCT4062KWAHR.xml,9736,1df9a76c5c9c312a26f353f394210601aee392200cfee853bdfbd1ea01c562b7,.xml
src/pe_claw_gui/libraries/semiconductors/rohm/data_sc/SCT4065DE.xml,9870,addf1694c23f54dbb3272e045362e8091f036235d31e1510f9550fb0f6e16639,.xml
src/pe_claw_gui/libraries/semiconductors/rohm/data_sc/SCT4065DEHR.xml,9872,e876486441252a2d0e23b002109fecf0c4ec516f240e3ab5b4e6792cf45cd166,.xml
src/pe_claw_gui/libraries/semiconductors/rohm/data_sc/SCT4065DLL.xml,10064,ef7ff2db9112b265c785ee54cf7d088601b49a08fec5eed5f3f385cc263caf07,.xml
src/pe_claw_gui/libraries/semiconductors/rohm/data_sc/SCT4065DR.xml,10058,eb473953c171fce9a5cbb8123ce94071621a944f2890f9c90a2502aa9a6185e0,.xml
src/pe_claw_gui/libraries/semiconductors/rohm/data_sc/SCT4065DRHR.xml,10060,484fab0e51547ced53d8931956ea19e677ef241dbf3f9d10c5e950585c528b91,.xml
src/pe_claw_gui/libraries/semiconductors/rohm/data_sc/SCT4065DWA.xml,10051,f6710922da43ae250bc0766d8281985d723d65563efc0ac4c657aa61b28b29ed,.xml
src/pe_claw_gui/libraries/semiconductors/rohm/data_sc/SCT4065DWAHR.xml,10053,9362844cd5333c266f4b4098cc8b49eeff4c4480b6900e20d08bb0cc4fe033bf,.xml
src/pe_claw_gui/libraries/semiconductors/rohm/data_sc/SCT4090KE.xml,9237,456d96a34cb2ef3dc157d2d8ed7c20219ff6e02b7f914ec1b0cfa27424f6d424,.xml
src/pe_claw_gui/libraries/semiconductors/rohm/data_sc/SCT4090KEHR.xml,9239,db2c5a43f619444fd6132ac95a85383e3c4f4704dacfb5c0862712031f3008c1,.xml
src/pe_claw_gui/libraries/semiconductors/rohm/data_sc/SCT4090KR.xml,9264,73cd5e012ca8ba13154fc7d430dc55908a2391fcb7c363dc59e09729a29c5d6b,.xml
src/pe_claw_gui/libraries/semiconductors/rohm/data_sc/SCT4090KRHR.xml,9266,15f50e26e0ca59eb3a42e1c8fd4c4face36767962f928e45d72d48c9cd03dd14,.xml
src/pe_claw_gui/libraries/semiconductors/rohm/data_sc/SCT4090KWA.xml,9257,b41fdff909d1f7f41546b59abf8491e6a842d1cf9fec0e4c41ec62d8419e3fc5,.xml
src/pe_claw_gui/libraries/semiconductors/rohm/data_sc/SCT4090KWAHR.xml,9259,4a75f7c37cc45cadaa404336219000d4e0782a6cf4d92e9dcf876ca0d0b39b46,.xml
src/pe_claw_gui/libraries/semiconductors/rohm/data_sc/SCZ4004DTx_MOS.xml,9269,24590d18664aeaaac58bfc3f82d403d24b4bfef7d8256e232646eb1b30e150ad,.xml
src/pe_claw_gui/libraries/semiconductors/rohm/data_sc/SCZ4006KTx_MOS.xml,9145,1b032dd1ad3e6540cfdcfa8ff4881e262e7075453a7712e42753f5cc4624377a,.xml
src/pe_claw_gui/libraries/semiconductors/rohm/data_sc/SCZ4008DTx_MOS.xml,8801,9ac66f93c85062fb0ee6a5062c4e9a80035cf93501c12edb1685edc47ea8fec4,.xml
src/pe_claw_gui/libraries/semiconductors/rohm/data_sc/SCZ4011KTx_MOS.xml,9152,333be5a8c3c562b87f14bd4f13cdcd249a87005cc5f460c7246a9bed2488fa2c,.xml
src/pe_claw_gui/libraries/semiconductors/rohm/rg_igbt_series.py,10296,0208d7696cb438372db9209f33abe28d4607d7bf22c968725c712cf38ed3cb56,.py
src/pe_claw_gui/libraries/semiconductors/rohm/sc_series.py,10570,a87ff957d0107fa99da434b3da6625b6564a854bf7e31767839da5715476fccd,.py
src/pe_claw_gui/libraries/semiconductors/rohm/sic_modules.py,16196,fd0f8d852e4cd9d2d450567a39acc7d2f53a444e5e6ed7ab515546d9f836886e,.py
src/pe_claw_gui/libraries/semiconductors/sic_module_models.py,21850,c769a54fa9741328c579f919ed1282f0d51c07d4673047d068d183b3e95089eb,.py
src/pe_claw_gui/libraries/semiconductors/templates/__init__.py,65,c2c519d6d6b6d924fa4763ba898c71e0035c680cf9b8024f7b1518eae587ee1b,.py
src/pe_claw_gui/libraries/semiconductors/templates/example_mosfet_device_template.py,2700,a7410ab9e363e16cd62718eee99a1e5bc085e67848c084efcd673f6aa265ff68,.py
src/pe_claw_gui/libraries/semiconductors/topology_roles.py,19142,d668b393b688059ea5ab28c74b14b68f988a3a80dc524023a284f26bcff9f46a,.py
src/pe_claw_gui/libraries/semiconductors/wolfspeed/__init__.py,969,65bbe6ca8dc23fc34c85d37bfc715303f0d352ba554ec8fe598d4c43e9dbb778,.py
src/pe_claw_gui/libraries/semiconductors/wolfspeed/coverage.py,5721,4cea80e8bf50ba2a730da8ae5e4631dcb78dee62dd4dac4a0c41de2233bec7ce,.py
src/pe_claw_gui/libraries/semiconductors/wolfspeed/data/diodes/C3D02060A.xml,2484,74e942e83db79e4c14ddcc3df60a24c3971c57bc9bb1cf90eb515231e40e3ce1,.xml
src/pe_claw_gui/libraries/semiconductors/wolfspeed/data/diodes/C3D02060E.xml,2483,edada332486dc1dafa4b938b672d87b4fe9b376750357a3f65af42c105ef85f7,.xml
src/pe_claw_gui/libraries/semiconductors/wolfspeed/data/diodes/C3D02060F.xml,2483,6ef6dd0ca9434b19ab78c5b27a525f24bb3113be4d9666c3935c3529bc0d1d27,.xml
src/pe_claw_gui/libraries/semiconductors/wolfspeed/data/diodes/C3D02065E.xml,2483,e326962a5ca8dc5945c0849c69022fd7fd8a5e1d95305d77a5055b25a18eeb4e,.xml
src/pe_claw_gui/libraries/semiconductors/wolfspeed/data/diodes/C3D03060A.xml,2487,93347e581fe9917b83370a57316437830d33cbac7b1299aa94a5f72f526316cd,.xml
src/pe_claw_gui/libraries/semiconductors/wolfspeed/data/diodes/C3D03060E.xml,2488,ee56ba3971605ba9b9daa21b79f6d4b91fac0e1bf53d7450762491387f5e4202,.xml
src/pe_claw_gui/libraries/semiconductors/wolfspeed/data/diodes/C3D03060F.xml,2484,49ac39e52e3ae5262b706f005b843d079be9b3b9d23465603f2aa6cc4177587b,.xml
src/pe_claw_gui/libraries/semiconductors/wolfspeed/data/diodes/C3D03065E.xml,2488,1c6c9b30fd075da9b4cdc0b1b00c61a783e1c6160bec0b6bc9a41b730cad16d3,.xml
src/pe_claw_gui/libraries/semiconductors/wolfspeed/data/diodes/C3D04060A.xml,2492,124b2200936e8f07474b250d74a077024191a987d7d846b09a4476024c006608,.xml
src/pe_claw_gui/libraries/semiconductors/wolfspeed/data/diodes/C3D04060E.xml,2495,37eb6a12f72cd0c7f884958d3f995b4414b04d03208879773323c9e2918fb54e,.xml
src/pe_claw_gui/libraries/semiconductors/wolfspeed/data/diodes/C3D04060F.xml,2490,d72e3c92ad394214c5fb828ae8f2caf12b9f0a9a04a1eb081b0cf454ec5624e5,.xml
src/pe_claw_gui/libraries/semiconductors/wolfspeed/data/diodes/C3D04065A.xml,2492,14c0b3c13dee7e0adf15ed0047d97915701afebe4d7a75873c4f055837fa5c4b,.xml
src/pe_claw_gui/libraries/semiconductors/wolfspeed/data/diodes/C3D04065E.xml,2495,bbf138aa377ac30883e38e20d065886118e2e5c5ea13fc7aa10cba1d7ffce8e6,.xml
src/pe_claw_gui/libraries/semiconductors/wolfspeed/data/diodes/C3D06060A.xml,2487,39c82c46e684c493c9b75a52c7f0a7622274b0b884a1e5f28892bb22d787bdaf,.xml
src/pe_claw_gui/libraries/semiconductors/wolfspeed/data/diodes/C3D06060F.xml,2480,37edf45aab08cf57d065bdaf4fac39e68af222e4491cc33114c6ab954f692b4c,.xml
src/pe_claw_gui/libraries/semiconductors/wolfspeed/data/diodes/C3D06060G.xml,2487,eff196d692d13f9ad5e1fcdbe588ada705c0c03d23600a963bde111ead9505fe,.xml
src/pe_claw_gui/libraries/semiconductors/wolfspeed/data/diodes/C3D06065A.xml,2487,67caac3fc1c669c0e97fc8abd224dd265a674c4a3a3d165a323b85eea41db394,.xml
src/pe_claw_gui/libraries/semiconductors/wolfspeed/data/diodes/C3D06065E.xml,2485,d8728a5fd69f34e86fbbfb84a3b0f4b54a13c9b3c0036a1dd6e02eda8b901fd5,.xml
src/pe_claw_gui/libraries/semiconductors/wolfspeed/data/diodes/C3D06065I.xml,2483,9d1501f9d00ed4556b19f066634843094aa9166ff45d3cc07e6e2875c16e8c0d,.xml
src/pe_claw_gui/libraries/semiconductors/wolfspeed/data/diodes/C3D08060A.xml,2493,df33dd0ba8c3579f5aa810d6818c03009d7aeed015580c0f0a34ce904bb36505,.xml
src/pe_claw_gui/libraries/semiconductors/wolfspeed/data/diodes/C3D08060G.xml,2495,dcb95aa1bc7b9e9d60cb0bd47f7b8f0b0a162e01ad01623a003916fce5f895db,.xml
src/pe_claw_gui/libraries/semiconductors/wolfspeed/data/diodes/C3D08065A.xml,2493,43f7d4b6639dc38afd2b970224ceb4ad01e76fc1f14f11c0a2c279685dc3096f,.xml
src/pe_claw_gui/libraries/semiconductors/wolfspeed/data/diodes/C3D08065E.xml,2495,2e76befc03958d1e8cbd92d44443ed856818eeaacefb2185b022ad83289b8b96,.xml
src/pe_claw_gui/libraries/semiconductors/wolfspeed/data/diodes/C3D08065I.xml,2490,7119ba02d1a2f69b3855d7f6b2ce51054fb045b25a4f5664be33f6db5a995d54,.xml
src/pe_claw_gui/libraries/semiconductors/wolfspeed/data/diodes/C3D10060A.xml,2499,39937038e3f1cbb1bd28fd56bbf89ecdb133cd67f1e9f10a32bf11db9917a091,.xml
src/pe_claw_gui/libraries/semiconductors/wolfspeed/data/diodes/C3D10060G.xml,2506,ef927a33bba785c7fe9f1d26cb33939ab64bfbe05b0fae68bb248e9caed8125c,.xml
src/pe_claw_gui/libraries/semiconductors/wolfspeed/data/diodes/C3D10065A.xml,2506,715795ffa577de30dfe9a4c68d6c6a4adc4985369bd3c99dcfd1951e691ba709,.xml
src/pe_claw_gui/libraries/semiconductors/wolfspeed/data/diodes/C3D10065E.xml,2505,82624bbcddbc691a7009c74f7a43d1e61737d17aeb247e7f6580caba259b71eb,.xml
src/pe_claw_gui/libraries/semiconductors/wolfspeed/data/diodes/C3D10065I.xml,2504,27150052faddce28ed91147b513c227b61bac8a620cc6fdb700c0e9224369489,.xml
src/pe_claw_gui/libraries/semiconductors/wolfspeed/data/diodes/C3D10170H.xml,2496,e808a9ac4907778a20d85566928df4e4c003ff9dfa2d9a060166da38943e0aac,.xml
src/pe_claw_gui/libraries/semiconductors/wolfspeed/data/diodes/C3D12065A.xml,2524,51208e58939fa7893e5732787f7f4af2fb2de32c017da28a1a101743401ffe5e,.xml
src/pe_claw_gui/libraries/semiconductors/wolfspeed/data/diodes/C3D16060D.xml,2497,b9e7df8e201add4e4a2290bbe1bc9d4fc59b2f3de41fb396e45f52111be581d1,.xml
src/pe_claw_gui/libraries/semiconductors/wolfspeed/data/diodes/C3D16065D.xml,2497,ed3811c40e14ded40afd12ed855aeb77daf546153ed064e22ef41108689dc8e0,.xml
src/pe_claw_gui/libraries/semiconductors/wolfspeed/data/diodes/C3D16065D1.xml,2594,68ae9a15a178e71f1e85ca381894cd7b3e094b54bfebd0d6174c846b0b598d68,.xml
src/pe_claw_gui/libraries/semiconductors/wolfspeed/data/diodes/C3D20060D.xml,2503,0d13b0ea2ca1d78ca1fd0fb82c8d04c39af8d842edb76d0b595c17dac9a93964,.xml
src/pe_claw_gui/libraries/semiconductors/wolfspeed/data/diodes/C3D20065D.xml,2503,0d13b0ea2ca1d78ca1fd0fb82c8d04c39af8d842edb76d0b595c17dac9a93964,.xml
src/pe_claw_gui/libraries/semiconductors/wolfspeed/data/diodes/C3D25170H.xml,2451,9eabac7757c5166558dbad6be2c1addf590b4693e611f05e900d1824ddd9c72b,.xml
src/pe_claw_gui/libraries/semiconductors/wolfspeed/data/diodes/C4D02120A.xml,2521,b617ac78875f1c91f125473ab9eaebbc5a384fb1e05e20b17dbf934e19f37b14,.xml
src/pe_claw_gui/libraries/semiconductors/wolfspeed/data/diodes/C4D02120E.xml,2533,d5e3566c22a5079e6763c70879eb0a76b8fb9c4493aa17678e166f065dd8546c,.xml
src/pe_claw_gui/libraries/semiconductors/wolfspeed/data/diodes/C4D05120A.xml,2474,5bab6493e8331d445716f924c6c493f98d1afaab184626ae2a35b72fd0b7822e,.xml
src/pe_claw_gui/libraries/semiconductors/wolfspeed/data/diodes/C4D05120E.xml,2561,b128cbc367bde566132cf3e1ae8267a17fb9f5312b12a68908a7606b5aee820d,.xml
src/pe_claw_gui/libraries/semiconductors/wolfspeed/data/diodes/C4D08120A.xml,2554,deb2b7fc6799e1769cfad006136f171ac3e9fbf3103d47a016084054b2272cdf,.xml
src/pe_claw_gui/libraries/semiconductors/wolfspeed/data/diodes/C4D08120E.xml,2555,e982e1a710a651a38aa5f73d1b520849b1661c0fd3242f1c1888b09490ec1ea5,.xml
src/pe_claw_gui/libraries/semiconductors/wolfspeed/data/diodes/C4D10120A.xml,2490,a0071da0653a7ffb010eee726d07d7c540c2fa51ef76162bbfe9f5bda03aecb4,.xml
src/pe_claw_gui/libraries/semiconductors/wolfspeed/data/diodes/C4D10120D.xml,2498,9f8f0c60d2a20358dbd5f50675886167e9d64e0f95319d054aaf2f6ef6f74118,.xml
src/pe_claw_gui/libraries/semiconductors/wolfspeed/data/diodes/C4D10120E.xml,2485,f785fe36ca0dd916b1a432197041ee5066ba615e6ff6f63e053d26569acbb0ab,.xml
src/pe_claw_gui/libraries/semiconductors/wolfspeed/data/diodes/C4D10120H.xml,2483,e36638bd0868b00da06493bda0582b33e101e0f41d2f23b74a448fba7fe1a028,.xml
src/pe_claw_gui/libraries/semiconductors/wolfspeed/data/diodes/C4D15120A.xml,2476,102bbcf7671f65b61372f5b38c4d26d23e5c51d507f8ea20a372e5e188cb94fa,.xml
src/pe_claw_gui/libraries/semiconductors/wolfspeed/data/diodes/C4D15120H.xml,2470,898cc66995dbaf1e2e2ad1d2ccf325625a6c6ad93aa0af5a0c6b9cbdae1b54b3,.xml
src/pe_claw_gui/libraries/semiconductors/wolfspeed/data/diodes/C4D20120A.xml,2503,53ba33f17d7072ec781b6d6ae947287c2c2834fd1f84811d0bb5931a7cbbf81d,.xml
src/pe_claw_gui/libraries/semiconductors/wolfspeed/data/diodes/C4D20120D.xml,2498,baaa095e03045887cd7f3abd28d72e28ecb37f7aea2d3f1f14b129d240a5e086,.xml
src/pe_claw_gui/libraries/semiconductors/wolfspeed/data/diodes/C4D20120H.xml,2498,d3529e722ab02ff48f269195560c1c4b1c2fe9104c331dada42fe3254446971e,.xml
src/pe_claw_gui/libraries/semiconductors/wolfspeed/data/diodes/C4D30120D.xml,2550,d099bcdf4772905eb4e058f7d40a3cd835809d795abf06ba93ca493b8f3de11a,.xml
src/pe_claw_gui/libraries/semiconductors/wolfspeed/data/diodes/C4D30120H.xml,2668,0f5c0e4c65753150c19a17d9d804f309be766533e3566a6a2c139d251aaedcb0,.xml
src/pe_claw_gui/libraries/semiconductors/wolfspeed/data/diodes/C4D40120D.xml,2504,68b03c350c74e1cd8f308a318565d507d13f4848054cf71382a9b87dbdd9c9af,.xml
src/pe_claw_gui/libraries/semiconductors/wolfspeed/data/diodes/C4D40120H.xml,2673,3af96dec673420c76775a64e37a71a67ddd1b07d2877d1f4097beaeb1097c40c,.xml
src/pe_claw_gui/libraries/semiconductors/wolfspeed/data/diodes/C5D05170H.xml,2474,ee662c084a8a3c03be720a67ad78d2940569bd19275594ff3e2efac00fbb35ee,.xml
src/pe_claw_gui/libraries/semiconductors/wolfspeed/data/diodes/C5D10170H.xml,2446,6d3db68dd313c5b6fbc37cf40ef8e1653abb07adff5f37312aaf5953ab3df4c0,.xml
src/pe_claw_gui/libraries/semiconductors/wolfspeed/data/diodes/C5D25170H.xml,2522,91d194914ed966d27d665f34c50fcaa9984217bb107580c1cb8ab9fa96e45edd,.xml
src/pe_claw_gui/libraries/semiconductors/wolfspeed/data/diodes/C5D50065D.xml,3135,bf7ac1fbc2aba6468ba3b86028a45442b38495b4ab8dc0c824219220f01eea81,.xml
src/pe_claw_gui/libraries/semiconductors/wolfspeed/data/diodes/C6D04065A.xml,2608,835738fca06eb43265afa562ac28d1a7c5427a7bb100cae209a0640148a90b25,.xml
src/pe_claw_gui/libraries/semiconductors/wolfspeed/data/diodes/C6D04065E.xml,2617,51d93e7c8bbe0c379bf5b2834e89d602d33e964e6c0d0a016c67961c9399eb89,.xml
src/pe_claw_gui/libraries/semiconductors/wolfspeed/data/diodes/C6D06065A.xml,2545,220e451e6740ac52b7ae0fc86b7b08706e86d439f0ece365de038c283aa8067b,.xml
src/pe_claw_gui/libraries/semiconductors/wolfspeed/data/diodes/C6D06065E.xml,2613,610bee9d379d9a46058106640351a6cefaba67afe03ba7cb5b07a859c2a21f5b,.xml
src/pe_claw_gui/libraries/semiconductors/wolfspeed/data/diodes/C6D06065G.xml,2765,2b6b4d7f431ec3a8039ceeec4eb4b748cba1b56385e5f3feff95645529da58ef,.xml
src/pe_claw_gui/libraries/semiconductors/wolfspeed/data/diodes/C6D06065Q.xml,2758,7cf1afb87fa6f2779e33a193dc3e247d3a9366e22faa896502a9fcf77e996118,.xml
src/pe_claw_gui/libraries/semiconductors/wolfspeed/data/diodes/C6D08065A.xml,2557,cbff47d150746c8cfd18b12d7714f8ac157de06352b90377b3ec3da580006a93,.xml
src/pe_claw_gui/libraries/semiconductors/wolfspeed/data/diodes/C6D08065E.xml,2607,a7b7d84683ccef0cf0519df69fa13c20a5486bd6724db9dc65ca3da7c4b33d1c,.xml
src/pe_claw_gui/libraries/semiconductors/wolfspeed/data/diodes/C6D08065G.xml,2751,a8ff7ecc93a6cdaddd0f108abfa2c93897bf82ec893c61d7566bd7cf590095a8,.xml
src/pe_claw_gui/libraries/semiconductors/wolfspeed/data/diodes/C6D08065Q.xml,2751,d38c13d801bb0a455e82d0e321418026b2b1e6848648ec69d4aff2d63f7c2c3d,.xml
src/pe_claw_gui/libraries/semiconductors/wolfspeed/data/diodes/C6D10065A.xml,2549,67ad5282d38f009a55077927cc3f38bd8c44ab1c5d5d1d6df2987ca29171aa76,.xml
src/pe_claw_gui/libraries/semiconductors/wolfspeed/data/diodes/C6D10065E.xml,2608,9e13d97c594019ad7a6306a4292e6881405822313ab006234acd095a87b6b29c,.xml
src/pe_claw_gui/libraries/semiconductors/wolfspeed/data/diodes/C6D10065G.xml,2731,a8a9c33ca5d364e1264662c931afd9aeaa205dbf447c0f6da49ae07614ca91d6,.xml
src/pe_claw_gui/libraries/semiconductors/wolfspeed/data/diodes/C6D10065Q.xml,2751,9e0906d08a17443d3872cef68d96a7569088265b21315f7c0d8ce32c014447ac,.xml
src/pe_claw_gui/libraries/semiconductors/wolfspeed/data/diodes/C6D16065D.xml,2631,43a32aee98b19ed19bf94cbbdd2ddea3b578c3f59cc4fc22c656b7e824e6923b,.xml
src/pe_claw_gui/libraries/semiconductors/wolfspeed/data/diodes/C6D16065H.xml,3057,9dacf175d9ce179e311d3ac6a7cea9dc79d6af98cae24a9a0c4e217a1278d869,.xml
src/pe_claw_gui/libraries/semiconductors/wolfspeed/data/diodes/C6D20065D.xml,2637,6ef8a1d6df24462b01728dc52b0771040a460a9cfed03af0b87488da97ba6a52,.xml
src/pe_claw_gui/libraries/semiconductors/wolfspeed/data/diodes/C6D30065H.xml,3120,566e34510928e5099b29f0a7d0166312e723dc87f9741577b1d50b41194c51cb,.xml
src/pe_claw_gui/libraries/semiconductors/wolfspeed/data/diodes/CAR600M12HN6.xml,5279,8f2fa9d7bcc401b5a1240778cffabfd61e5e7f67f381dee8276eaff87aa18962,.xml
src/pe_claw_gui/libraries/semiconductors/wolfspeed/data/diodes/CAR600M17HN6.xml,5279,cf3df58bdf0635c92a291a09fa70677c6385ed34626cf1ec70b688cb4e4f8f4d,.xml
src/pe_claw_gui/libraries/semiconductors/wolfspeed/data/diodes/CSD01060A.xml,2426,d05c888c2b362f77074dd9e72546ddb50bb6ff127a6377a80578c4a95549ad0c,.xml
src/pe_claw_gui/libraries/semiconductors/wolfspeed/data/diodes/CSD01060E.xml,2426,30baffdaaf40294560a5a82522718ecb8d407b05370107ebca1d84390b09b29e,.xml
src/pe_claw_gui/libraries/semiconductors/wolfspeed/data/diodes/CVFD20065A.xml,2541,381b7189d64f99dcc7c700a2b3c35938eb83aaead85cfe0d64aef8614d6910fe,.xml
src/pe_claw_gui/libraries/semiconductors/wolfspeed/data/diodes/E3D08065G.xml,2577,1591c2250d06eb5cd805e60414cd311e74dee3c1053c62796d06308fd07b49fa,.xml
src/pe_claw_gui/libraries/semiconductors/wolfspeed/data/diodes/E3D20065D.xml,2595,435602a63a00961a34fc09734961881d6919688b4a254f460c14bab327b614eb,.xml
src/pe_claw_gui/libraries/semiconductors/wolfspeed/data/diodes/E3D30065D.xml,2645,8a4f6eb4d468695d9e2dae8cd7cbbe8b7b7d459a54afd617d8b3ecd82c63f10f,.xml
src/pe_claw_gui/libraries/semiconductors/wolfspeed/data/diodes/E4D02120E.xml,2602,7b97d9d6ec5ea0a6147b5393d0e7d02b967f993851f29cbe12ff2fcef550c023,.xml
src/pe_claw_gui/libraries/semiconductors/wolfspeed/data/diodes/E4D10120A.xml,2450,31e3f0e38541439896f8e43619160f925f7d168d5c197b136518a2850895f85f,.xml
src/pe_claw_gui/libraries/semiconductors/wolfspeed/data/diodes/E4D20120A.xml,2544,d7b5f9967cde0e2f3e145e1acda2c71205cbb231dd5a7d003c310b26fcb39d77,.xml
src/pe_claw_gui/libraries/semiconductors/wolfspeed/data/diodes/E4D20120D.xml,2451,b63e3630c32cc5b3193654d769ca5fd65d793c6515d9f228b6116b28b859f91b,.xml
src/pe_claw_gui/libraries/semiconductors/wolfspeed/data/diodes/E4D20120G.xml,2545,7eb2dac5a36044c39f46aa97955b6d5629c8a7e00f8f3142efcc8f44f25e75b9,.xml
src/pe_claw_gui/libraries/semiconductors/wolfspeed/data/diodes/E6D10065A.xml,2882,999ef83e2f94b65e7a6cf3e2e89fb422fc443c94e79e45c70799ccbdd236a030,.xml
src/pe_claw_gui/libraries/semiconductors/wolfspeed/data/diodes/E6D10065G.xml,2881,f76a49d3d17e2e8e88b3c7de6cfd356ef9ae8f9a34d79a8414e9e67c342b5ddc,.xml
src/pe_claw_gui/libraries/semiconductors/wolfspeed/data/diodes/E6D16065A.xml,2932,d26fc91b34773a62bab92661cc338ee0edf95fb6463e2bcc06aebf3f973d54ff,.xml
src/pe_claw_gui/libraries/semiconductors/wolfspeed/data/diodes/E6D16065D1.xml,3028,5733008cbd27f7b901743b13d641551580a9175b6d2cc52658fa5219bba96676,.xml
src/pe_claw_gui/libraries/semiconductors/wolfspeed/data/diodes/E6D16065G.xml,3030,36f9bb9efb007269a85b9c5ed85223538b79dbdd341602bc35586fecf084e12a,.xml
src/pe_claw_gui/libraries/semiconductors/wolfspeed/data/diodes/E6D16065H.xml,3027,7c39da5a24f4cb4e63a8b688dec8311b2ad06f7117b789a705568f9d7fc93726,.xml
src/pe_claw_gui/libraries/semiconductors/wolfspeed/data/diodes/E6D20065A.xml,3106,4c08a8fbb782f9567392569a86b1d0ab83ab1559aa7b5584de82013060d9ad61,.xml
src/pe_claw_gui/libraries/semiconductors/wolfspeed/data/diodes/E6D20065D.xml,2880,fc9e936f0dc2a0efeba4a655cfc4dcff43ac85c43445c2cfa7025e4d2da8c50a,.xml
src/pe_claw_gui/libraries/semiconductors/wolfspeed/data/diodes/E6D20065G.xml,3108,d031958c11b43e18bf080605086ab91ff09c9b9d794ab13208cfd7fa848bc6fd,.xml
src/pe_claw_gui/libraries/semiconductors/wolfspeed/data/diodes/E6D20065H.xml,3101,f3f28a0f344f07e7c63aa825ab408506dc6fd42ff397ba5160b31f723c53b67b,.xml
src/pe_claw_gui/libraries/semiconductors/wolfspeed/data/diodes/E6D30065A.xml,3060,ee6b6d79261eba3c320250927108e14821b6396bf0075e7fd5397f566cd761db,.xml
src/pe_claw_gui/libraries/semiconductors/wolfspeed/data/diodes/E6D30065D.xml,3027,587174a8f5a62b145a2e6c48896bd0b6a52d53dddce0a694c59dba9fa5d5b63c,.xml
src/pe_claw_gui/libraries/semiconductors/wolfspeed/data/diodes/E6D30065G.xml,3067,370099864769d7f263ce2e8267062756c149333d0015d2980d9f52e5ee2bb873,.xml
src/pe_claw_gui/libraries/semiconductors/wolfspeed/data/diodes/E6D30065H.xml,3063,7a5b9fee244c27612db5c149059cac59adbf877d64e3d688cf46f1967843bd4b,.xml
src/pe_claw_gui/libraries/semiconductors/wolfspeed/data/diodes/E6D40065A.xml,3159,1f28199eeaf93a2c95076313ad878617faff08387a85c27ef432da8888aa3cb0,.xml
src/pe_claw_gui/libraries/semiconductors/wolfspeed/data/diodes/E6D40065D.xml,3101,d11b49a3069492f0a0caecaf7b725dbcbb2f00d2bbe80ae0d17567a88fc1dbc9,.xml
src/pe_claw_gui/libraries/semiconductors/wolfspeed/data/diodes/E6D40065G.xml,3175,c9132a508272c9fcfb3861c50caba3c336c50f8f73990df3a5afc2197c3d2248,.xml
src/pe_claw_gui/libraries/semiconductors/wolfspeed/data/diodes/E6D40065H.xml,3160,4c2334b00d34f8ce6926d938d64b289ce440ab7219e4a40aebce4d4bae4b7d68,.xml
src/pe_claw_gui/libraries/semiconductors/wolfspeed/data/legacy_mosfets/C2M0025120D.xml,6335,d194f87ab383003de1b2dd137952ffcdda51bb9f8815fc299d27508c705c4529,.xml
src/pe_claw_gui/libraries/semiconductors/wolfspeed/data/legacy_mosfets/C2M0025120D_bodydiode.xml,2354,931ea77466d61193853343a13936485f4ccfae735a9d4512174999f6d76dc574,.xml
src/pe_claw_gui/libraries/semiconductors/wolfspeed/data/legacy_mosfets/C2M0040120D.xml,5597,de8bcb642bb9e79885479516d92ba6ad4fe09bb81326e56b2de6342983ed4072,.xml
src/pe_claw_gui/libraries/semiconductors/wolfspeed/data/legacy_mosfets/C2M0040120D_bodydiode.xml,2829,76f3031985cce7f44e4a823e57ab0caa76ae49738bbbdcaf262facd6523701d7,.xml
src/pe_claw_gui/libraries/semiconductors/wolfspeed/data/legacy_mosfets/C2M0045170D.xml,5740,e449726aab2e8bd7117bf7d64bb89175ffebbb549012e243110a9c803d17a62a,.xml
src/pe_claw_gui/libraries/semiconductors/wolfspeed/data/legacy_mosfets/C2M0045170D_bodydiode.xml,2407,93fd6da652888ec04ad0b99bd51e9556f252f7055cc4c978a8ff78364909c664,.xml
src/pe_claw_gui/libraries/semiconductors/wolfspeed/data/legacy_mosfets/C2M0045170P.xml,5729,6fcfd1bc2f697940938f96f5757af7bee066c0602e226b6e20b1aaaeedddbaa2,.xml
src/pe_claw_gui/libraries/semiconductors/wolfspeed/data/legacy_mosfets/C2M0045170P_bodydiode.xml,2396,db69d237078e09ee45ef49599ac81979b1abd60848bea73c8f90b45aedfc06fe,.xml
src/pe_claw_gui/libraries/semiconductors/wolfspeed/data/legacy_mosfets/C2M0080120D.xml,9942,77a706388c472043584c5f77b32430e05294042830e8361e784b2292380bbf04,.xml
src/pe_claw_gui/libraries/semiconductors/wolfspeed/data/legacy_mosfets/C2M0080120D_bodydiode.xml,4371,60c0d27a2241ebede2e03f9068674e9f16314988870c7b253065908c8a6849d6,.xml
src/pe_claw_gui/libraries/semiconductors/wolfspeed/data/legacy_mosfets/C2M0080170P.xml,5522,9a46cdd75774034bff02b9df9110941b3984f29b1c603305720d31e63bed9681,.xml
src/pe_claw_gui/libraries/semiconductors/wolfspeed/data/legacy_mosfets/C2M0080170P_bodydiode.xml,2364,46cb8c15850a2d0dd124f8421936432b081bf7543096d74313a2a2ce93491c7e,.xml
src/pe_claw_gui/libraries/semiconductors/wolfspeed/data/legacy_mosfets/C2M0160120D.xml,9764,1528918b74483e40dca59dd5eb595a0b3807edb44535f03077f79fd1f361d81e,.xml
src/pe_claw_gui/libraries/semiconductors/wolfspeed/data/legacy_mosfets/C2M0160120D_bodydiode.xml,4587,1d410ccd65a318b32ada35674584a26004c6e4a2fb1cbd5f0ee544623b20e516,.xml
src/pe_claw_gui/libraries/semiconductors/wolfspeed/data/legacy_mosfets/C2M0280120D.xml,5852,bdf88fe796541962d0ff5b98d20b8ad40953fe0a2cd587002a715adaff688e3a,.xml
src/pe_claw_gui/libraries/semiconductors/wolfspeed/data/legacy_mosfets/C2M0280120D_bodydiode.xml,2368,062b524b7411eb9715faa49854a51bb2a39afdc72f454433b613d1c0ce41315a,.xml
src/pe_claw_gui/libraries/semiconductors/wolfspeed/data/legacy_mosfets/C2M1000170D.xml,5280,21f1703ba93c6592954a701b8da5aab831e13175736320721eda16b0c1457660,.xml
src/pe_claw_gui/libraries/semiconductors/wolfspeed/data/legacy_mosfets/C2M1000170D_bodydiode.xml,2350,e4f10f1ab79668b04b8f82f73463aee16c2ccdb1eb1687b1b6b9b27b5d982f00,.xml
src/pe_claw_gui/libraries/semiconductors/wolfspeed/data/legacy_mosfets/C2M1000170J.xml,5923,22b0d841e066ed40d374d1da75967c4d7210aa402f22c13f6b76c0805bbf0d3c,.xml
src/pe_claw_gui/libraries/semiconductors/wolfspeed/data/legacy_mosfets/C2M1000170J_bodydiode.xml,2353,467a728649a22eef53fb635573f63a122437aed31b226b919364420307cc13be,.xml
src/pe_claw_gui/libraries/semiconductors/wolfspeed/data/legacy_mosfets/C3M0010090K.xml,6352,5843d4bebecee680f4f06184121756cd5655ee52223f4a8e93099399d228d769,.xml
src/pe_claw_gui/libraries/semiconductors/wolfspeed/data/legacy_mosfets/C3M0010090K_bodydiode.xml,2728,c7abcef1b4f542d976caf4677230d6d5e8ab05e8622d07b9ad956923fe51482a,.xml
src/pe_claw_gui/libraries/semiconductors/wolfspeed/data/legacy_mosfets/C3M0015065D.xml,6484,a2f9ded7a28d5d0d0e9228b46ea438fb371b4c56b97ccbbcdb859a497f07fc51,.xml
src/pe_claw_gui/libraries/semiconductors/wolfspeed/data/legacy_mosfets/C3M0015065D_bodydiode.xml,2313,fe6e89de699b1bcc26359d6fb88d865dbdb78ef0c566094ec5cffe45478e0a97,.xml
src/pe_claw_gui/libraries/semiconductors/wolfspeed/data/legacy_mosfets/C3M0015065K.xml,6175,8ccadb4ce161ba9307dc91c7414cf5d72cdf18924cec370f16749d83c19e7b6c,.xml
src/pe_claw_gui/libraries/semiconductors/wolfspeed/data/legacy_mosfets/C3M0015065K_bodydiode.xml,2313,63c65b2cb1ccbe8432ff2948503db188db62c608c253e786c5893ac5affbfda9,.xml
src/pe_claw_gui/libraries/semiconductors/wolfspeed/data/legacy_mosfets/C3M0016120D.xml,7049,77906e5f8322b112d688d94ae326d41e0b63effd80c963becd6764370101aa35,.xml
src/pe_claw_gui/libraries/semiconductors/wolfspeed/data/legacy_mosfets/C3M0016120D_bodydiode.xml,2803,02b17b5fd77f83c68234c1384e0663d7d7e320b0e4c923baf00c301aa89aa490,.xml
src/pe_claw_gui/libraries/semiconductors/wolfspeed/data/legacy_mosfets/C3M0016120K.xml,8345,dfe0ceed2d40cf9e116da63be5150d2f6722db3907d7c0bd9f5c4bb72a4816b4,.xml
src/pe_claw_gui/libraries/semiconductors/wolfspeed/data/legacy_mosfets/C3M0016120K1.xml,7955,4e1f436ddc779e95806fdde360da6347913d9c7ac25abca29f35187f87a3871f,.xml
src/pe_claw_gui/libraries/semiconductors/wolfspeed/data/legacy_mosfets/C3M0016120K1_bodydiode.xml,2759,c3b58234d70c7ce778d7abbab90d8f25a35086b068705284e1b9b58f6de49cfd,.xml
src/pe_claw_gui/libraries/semiconductors/wolfspeed/data/legacy_mosfets/C3M0016120K_bodydiode.xml,2791,ed1a3f6cc7a9ae560f7047ac3e577090607c50fd548bc5da472072328b4c2c3b,.xml
src/pe_claw_gui/libraries/semiconductors/wolfspeed/data/legacy_mosfets/C3M0021120D.xml,6632,6e202a295bc59e735adb101d11acf7d4704dd77e7ff0e9d2ec687ab5eb19ef28,.xml
src/pe_claw_gui/libraries/semiconductors/wolfspeed/data/legacy_mosfets/C3M0021120D_bodydiode.xml,2670,2062e8c4d570bdc2aa1928e843ce66696398fa0d43d50d36a6b59df69f22160e,.xml
src/pe_claw_gui/libraries/semiconductors/wolfspeed/data/legacy_mosfets/C3M0021120J2.xml,8106,84b39927cbb2e68ac2cd51332336a90a57ff9860629c6dab0f3e9d5dee177481,.xml
src/pe_claw_gui/libraries/semiconductors/wolfspeed/data/legacy_mosfets/C3M0021120J2_bodydiode.xml,2799,6ed4b702bab1d88a2ef82d52f1dc0071bfb12642d976479f81d0e7f3e4dc040a,.xml
src/pe_claw_gui/libraries/semiconductors/wolfspeed/data/legacy_mosfets/C3M0021120K.xml,8212,265979b274744a17d226565c1d569726b0756ebf942fc32301170079371752ce,.xml
src/pe_claw_gui/libraries/semiconductors/wolfspeed/data/legacy_mosfets/C3M0021120K1.xml,8076,58baa17d807adf7145de05c67cbd5e288b29e44aafa020a74968489d9511687a,.xml
src/pe_claw_gui/libraries/semiconductors/wolfspeed/data/legacy_mosfets/C3M0021120K1_bodydiode.xml,2795,5dcf2f83ba9c0857e2c4a373250c1940af2ab9578d7440e9269421b5888bb381,.xml
src/pe_claw_gui/libraries/semiconductors/wolfspeed/data/legacy_mosfets/C3M0021120K_bodydiode.xml,2670,944f6f3aea5d8111bbaadf258948d9b83435952ab1494cb6fe532f90eb96ff3e,.xml
src/pe_claw_gui/libraries/semiconductors/wolfspeed/data/legacy_mosfets/C3M0025065D.xml,6556,7e72dee4b2929dc7647e04a266a98874d55acb82ced56ad35f1cfa52a38bafdd,.xml
src/pe_claw_gui/libraries/semiconductors/wolfspeed/data/legacy_mosfets/C3M0025065D_bodydiode.xml,2497,ee37d59985617f034ad29846d6f75cfabe2b3e80a0e217b1d71927145c167c53,.xml
src/pe_claw_gui/libraries/semiconductors/wolfspeed/data/legacy_mosfets/C3M0025065J1.xml,6583,ce2f0f3b6066662dd56268ae5ae9abb2d910633e9bc4718dacbb0b5a2d5316b9,.xml
src/pe_claw_gui/libraries/semiconductors/wolfspeed/data/legacy_mosfets/C3M0025065J1_bodydiode.xml,2449,d4dec1ba96a77030b27e99e46093f971d459ab09fdaf855a15f55ea9032a0d09,.xml
src/pe_claw_gui/libraries/semiconductors/wolfspeed/data/legacy_mosfets/C3M0025065K.xml,6599,bcb91a9d31fce3988c9331018c52a2fbc68ea68aa17553827380d042644296cc,.xml
src/pe_claw_gui/libraries/semiconductors/wolfspeed/data/legacy_mosfets/C3M0025065K_bodydiode.xml,2497,9011703c01b9b90567f96d24eacec267624c75ae33825e5260ac23cd37a9aa9f,.xml
src/pe_claw_gui/libraries/semiconductors/wolfspeed/data/legacy_mosfets/C3M0025065L.xml,6747,7f755f4580e5cc2bcb4b19f8e6ee2f193c51d44cf108b3de5f8cf547917ca9bf,.xml
src/pe_claw_gui/libraries/semiconductors/wolfspeed/data/legacy_mosfets/C3M0025065L_bodydiode.xml,2754,499755ded6dbceafce419b7fea9330466f934386f76520ffbd3b1d2819bce500,.xml
src/pe_claw_gui/libraries/semiconductors/wolfspeed/data/legacy_mosfets/C3M0025075K1.xml,6830,8ad3a9cad25419663ed419e12772710e5126bb8d4e5f9d6139eca1afc87d9db9,.xml
src/pe_claw_gui/libraries/semiconductors/wolfspeed/data/legacy_mosfets/C3M0025075K1_bodydiode.xml,2824,fd1a180cd07b309fc9fa1ca11b7b52fe1e71e8ae90942577810ac90f12570348,.xml
src/pe_claw_gui/libraries/semiconductors/wolfspeed/data/legacy_mosfets/C3M0030090K.xml,8240,e90a2984f0d1b8b9e5bcaa41790e08db66da4694ec48ec4b5413c43ef8808c3a,.xml
src/pe_claw_gui/libraries/semiconductors/wolfspeed/data/legacy_mosfets/C3M0030090K_bodydiode.xml,2454,32af24af20f87eccbe84b608007d73c2034b247b8a90a0e7f73437c05283a29c,.xml
src/pe_claw_gui/libraries/semiconductors/wolfspeed/data/legacy_mosfets/C3M0032120D.xml,6645,e4f4cc68c572a520041fce44265d08af6007b14e2ff54b9a0e666f2cdb3c54a7,.xml
src/pe_claw_gui/libraries/semiconductors/wolfspeed/data/legacy_mosfets/C3M0032120D_bodydiode.xml,2635,106c24ac2d268deaff69fdf9f44a3ef76076f90331c6deff3b87b8c959bcc241,.xml
src/pe_claw_gui/libraries/semiconductors/wolfspeed/data/legacy_mosfets/C3M0032120J1.xml,8124,03dee13f6c4e4daa5faed2504c8f0c0beefd717435aa35665078b936103e5a0f,.xml
src/pe_claw_gui/libraries/semiconductors/wolfspeed/data/legacy_mosfets/C3M0032120J1_bodydiode.xml,2487,c9b9c1cab92cc5b8a167b81445fa95534bcc0596d9ceb6fbfe9d121513aeebe0,.xml
src/pe_claw_gui/libraries/semiconductors/wolfspeed/data/legacy_mosfets/C3M0032120J2.xml,7971,79fa3b04483d0f9c41510178c0cda3974a4591b47e83d375b07b5c9541677786,.xml
src/pe_claw_gui/libraries/semiconductors/wolfspeed/data/legacy_mosfets/C3M0032120J2_bodydiode.xml,2634,5923b944c53578f034f2e25c1d7a062656c05565f803d805a5c529446f90d9e2,.xml
src/pe_claw_gui/libraries/semiconductors/wolfspeed/data/legacy_mosfets/C3M0032120K.xml,7817,555bb7a0f23dc5f7f013fae6d02d488291f754bde0967955e272ac6b88e62f87,.xml
src/pe_claw_gui/libraries/semiconductors/wolfspeed/data/legacy_mosfets/C3M0032120K1.xml,7464,a53e8b30c443b4ca7e7f7622645fc5b7f15156e4bf9dad3054458f6294bb3a01,.xml
src/pe_claw_gui/libraries/semiconductors/wolfspeed/data/legacy_mosfets/C3M0032120K1_bodydiode.xml,2531,acc8ee0d8c268d11b4fdf3683639e4974da32d2317ae04842bb544589bc12d2b,.xml
src/pe_claw_gui/libraries/semiconductors/wolfspeed/data/legacy_mosfets/C3M0032120K_bodydiode.xml,2623,0ea8f8f871b2403b363cf7d2ccef280ea9117d4e0dbf825998c16829aa1c5d93,.xml
src/pe_claw_gui/libraries/semiconductors/wolfspeed/data/legacy_mosfets/C3M0040120D.xml,8122,86c276078860c936c8e711d7c29159011fe06aec7c6ed9a2151bb1bfe29796cb,.xml
src/pe_claw_gui/libraries/semiconductors/wolfspeed/data/legacy_mosfets/C3M0040120D_bodydiode.xml,2514,ce3729fe221114c03794b482d9260966208d17c148c978a1ec4604eba78ed059,.xml
src/pe_claw_gui/libraries/semiconductors/wolfspeed/data/legacy_mosfets/C3M0040120J1.xml,6723,e1118e93958dc0d095aba49cea3b5149f1b0ebba1139abe42f1b26c3dd9bdafe,.xml
src/pe_claw_gui/libraries/semiconductors/wolfspeed/data/legacy_mosfets/C3M0040120J1_bodydiode.xml,2523,764bb14fd75ddf6841840bba7cde38f5fab0cb7df00d5cd666c075de98a428a6,.xml
src/pe_claw_gui/libraries/semiconductors/wolfspeed/data/legacy_mosfets/C3M0040120J2.xml,6620,e67ecd680a29f1ec9cd700c29aa1a5688196af55429f037346780b003602ccdb,.xml
src/pe_claw_gui/libraries/semiconductors/wolfspeed/data/legacy_mosfets/C3M0040120J2_bodydiode.xml,2597,2ab8a7f13bb9438610be33762bfb8e36b17c0d1f819415bbb2e9f9afdfee6724,.xml
src/pe_claw_gui/libraries/semiconductors/wolfspeed/data/legacy_mosfets/C3M0040120K.xml,7989,8d7b17d54b765e623d2f142ccef4758e6a26807eb7ff935581c46e06c9c4ea73,.xml
src/pe_claw_gui/libraries/semiconductors/wolfspeed/data/legacy_mosfets/C3M0040120K1.xml,7765,7326fe8fbeab92289a0a1dc0a045ec3b245d203c5220f6269830d9e1ed98dc67,.xml
src/pe_claw_gui/libraries/semiconductors/wolfspeed/data/legacy_mosfets/C3M0040120K1_bodydiode.xml,2594,fb42927e4b9ee64d88d6ec2103ec4d6c13da91677b8ac4f67c9fce5a1397f1af,.xml
src/pe_claw_gui/libraries/semiconductors/wolfspeed/data/legacy_mosfets/C3M0040120K_bodydiode.xml,2514,771a3987b7b022f2b0e35142d04345eeb1a36d8273552eb489a845a7b82cb437,.xml
src/pe_claw_gui/libraries/semiconductors/wolfspeed/data/legacy_mosfets/C3M0045065D.xml,6440,754fb8a5267e56968faea13cceee8a94fd2a431ff7cbb1629d128c38ff809358,.xml
src/pe_claw_gui/libraries/semiconductors/wolfspeed/data/legacy_mosfets/C3M0045065D_bodydiode.xml,2430,6ca8a98ee614901192ba3ecfa6c5be862c13354c474bf6604d66357df4e32abd,.xml
src/pe_claw_gui/libraries/semiconductors/wolfspeed/data/legacy_mosfets/C3M0045065J1.xml,6266,d47b7ef45e2c121a8217fa288f3115fadece48374492f8f9561fed395f6b8e62,.xml
src/pe_claw_gui/libraries/semiconductors/wolfspeed/data/legacy_mosfets/C3M0045065J1_bodydiode.xml,2409,e3bda876f91e41e2a3b698520c9ad476e09b1bdc86394da564b7a87fa268f24e,.xml
src/pe_claw_gui/libraries/semiconductors/wolfspeed/data/legacy_mosfets/C3M0045065K.xml,6440,383f6e60d9c49bd87fdb2e9943696bdfbea4eb33a737cf842ae82a64c0acd076,.xml
src/pe_claw_gui/libraries/semiconductors/wolfspeed/data/legacy_mosfets/C3M0045065K_bodydiode.xml,2430,fc508fbb0007515c96a0543b9ac22809db4b2b7c9b0ce1ea5e0d50bf73d57adf,.xml
src/pe_claw_gui/libraries/semiconductors/wolfspeed/data/legacy_mosfets/C3M0045065L.xml,6450,e8950c0ecc24f8ddd9ddbbffbae8f4e2987a56d9068ac32982c84195479401ee,.xml
src/pe_claw_gui/libraries/semiconductors/wolfspeed/data/legacy_mosfets/C3M0045065L_bodydiode.xml,2388,500a7c882e7e9c1905d6389a2ad4d2fcba1425c6570ae76698c808dfe82d0e24,.xml
src/pe_claw_gui/libraries/semiconductors/wolfspeed/data/legacy_mosfets/C3M0045075K1.xml,6377,5c25bcdc3c8fa20456b57d5db7ed7323afdae24299bc4c444fcbb92fcedb6cf2,.xml
src/pe_claw_gui/libraries/semiconductors/wolfspeed/data/legacy_mosfets/C3M0045075K1_bodydiode.xml,2615,c889b4f7e042d628aee8a81d85eab3c9d508ea7a6030c186daeae3d2f7a80eba,.xml
src/pe_claw_gui/libraries/semiconductors/wolfspeed/data/legacy_mosfets/C3M0060065D.xml,6541,9b365a6d7fd687809a0cc7bdeaa376babfcc7a2345f90597ddd7fbad4a290a45,.xml
src/pe_claw_gui/libraries/semiconductors/wolfspeed/data/legacy_mosfets/C3M0060065D_bodydiode.xml,2401,5ee84115a8b8e09eec4da894c015612477316014119cd5cdfb25cfa9caba51b4,.xml
src/pe_claw_gui/libraries/semiconductors/wolfspeed/data/legacy_mosfets/C3M0060065J.xml,7926,5530f4c432da92b19e33c5bba0f28e5ed4d0d51ff4e84bf37f3cb375aba697bc,.xml
src/pe_claw_gui/libraries/semiconductors/wolfspeed/data/legacy_mosfets/C3M0060065J_bodydiode.xml,2326,fdc9906379c3a9f65519357318fd0ebe21d448ab31df25ae7463df9f0d68f658,.xml
src/pe_claw_gui/libraries/semiconductors/wolfspeed/data/legacy_mosfets/C3M0060065K.xml,6444,9d5109a9232b3bd56f2a35f75a4c74e3bf4cd53d6b47ae73771fb90d0c75cb1b,.xml
src/pe_claw_gui/libraries/semiconductors/wolfspeed/data/legacy_mosfets/C3M0060065K_bodydiode.xml,2403,70b626bc9f8abdd9606d26375f08cea2f6b8239eac37677c3b384d1375c6565f,.xml
src/pe_claw_gui/libraries/semiconductors/wolfspeed/data/legacy_mosfets/C3M0060065L.xml,6530,fd755e34f9ff0fa92870fdf619cd33bb839483c299e30ca80789cdb3d95a9f5d,.xml
src/pe_claw_gui/libraries/semiconductors/wolfspeed/data/legacy_mosfets/C3M0060065L_bodydiode.xml,2437,2984b8c72e9adb1e1d2ba547809f50c64ca37bc900a0f0bb7d11de96329df64f,.xml
src/pe_claw_gui/libraries/semiconductors/wolfspeed/data/legacy_mosfets/C3M0060075K1.xml,6373,23c20ef0cc561c891344ef8e71cbff230ea2166b6c9c21df594e510922a88e8b,.xml
src/pe_claw_gui/libraries/semiconductors/wolfspeed/data/legacy_mosfets/C3M0060075K1_bodydiode.xml,2506,61df14d23429070185163db3263c1bdc78ee3ba4cf47ec3dd8a7ea30e9b16364,.xml
src/pe_claw_gui/libraries/semiconductors/wolfspeed/data/legacy_mosfets/C3M0065090D.xml,7965,e104bcd9613e454ed15a7f6eff66ae124622549e6fe6515893f245d5cdcf4e31,.xml
src/pe_claw_gui/libraries/semiconductors/wolfspeed/data/legacy_mosfets/C3M0065090D_bodydiode.xml,2358,a2aead5429c98a75bdf662543914df8cd53a40a596249953aaec59d09fbfc20d,.xml
src/pe_claw_gui/libraries/semiconductors/wolfspeed/data/legacy_mosfets/C3M0065090J.xml,8969,7b3dec573956ce85636cf5f2bc2f6ad7e830840cee219c3517e411897d6a4e66,.xml
src/pe_claw_gui/libraries/semiconductors/wolfspeed/data/legacy_mosfets/C3M0065090J_bodydiode.xml,5053,b64140553fade64d8c2f24144db4f9deb37f1cd4d1e104952a08927fe30b9b3e,.xml
src/pe_claw_gui/libraries/semiconductors/wolfspeed/data/legacy_mosfets/C3M0065100J.xml,10247,70f7efd44f5389a53553a9cbb2650747bbe5ff1af284ad7549ed25e4767582ed,.xml
src/pe_claw_gui/libraries/semiconductors/wolfspeed/data/legacy_mosfets/C3M0065100J_bodydiode.xml,5211,4021b4830e380a4983fa647508175e31fd4f1fd35709dee94833071b6c91c9bc,.xml
src/pe_claw_gui/libraries/semiconductors/wolfspeed/data/legacy_mosfets/C3M0065100K.xml,7257,c61ea1ab71055fab74a655acb393a9d9f7118717b03a2b459ec80520bf3b3f5a,.xml
src/pe_claw_gui/libraries/semiconductors/wolfspeed/data/legacy_mosfets/C3M0065100K_bodydiode.xml,2495,235aa4722386ae7fbf07ee072ebb2741d1215ae8cbe498ad246d2464717a6794,.xml
src/pe_claw_gui/libraries/semiconductors/wolfspeed/data/legacy_mosfets/C3M0075120D.xml,6184,cb20e79dc9c8dfc25bc26cea657db043220cf29547cee4cf6121450dff216186,.xml
src/pe_claw_gui/libraries/semiconductors/wolfspeed/data/legacy_mosfets/C3M0075120D_bodydiode.xml,2380,176e131cf66db7f73734111e47ee45558560edcdb5d63f457d1d7a53c3947caa,.xml
src/pe_claw_gui/libraries/semiconductors/wolfspeed/data/legacy_mosfets/C3M0075120J.xml,7816,9ced5e3243115e03c3de9e084e36f722f7428dabec52ef971c258b406202d1d0,.xml
src/pe_claw_gui/libraries/semiconductors/wolfspeed/data/legacy_mosfets/C3M0075120J2.xml,7428,76adb1acb0d3504e647c1ffe378fc659851f11bc4c9a737fd7e4250dfe89e368,.xml
src/pe_claw_gui/libraries/semiconductors/wolfspeed/data/legacy_mosfets/C3M0075120J2_bodydiode.xml,2541,6300edeb377344c29906c196a25279fa58d6d1a8f2cb4c0497c5361def95715e,.xml
src/pe_claw_gui/libraries/semiconductors/wolfspeed/data/legacy_mosfets/C3M0075120J_bodydiode.xml,2365,113703d79d7e8fba6a37e1b2946c3a6667cfccc1e0c8067d76a9ad4bd851b6fc,.xml
src/pe_claw_gui/libraries/semiconductors/wolfspeed/data/legacy_mosfets/C3M0075120K.xml,7611,5b7f4f8cc869e815af40479715a2a79c2871f7b4db76147dab7f5873b322dc21,.xml
src/pe_claw_gui/libraries/semiconductors/wolfspeed/data/legacy_mosfets/C3M0075120K1.xml,7484,96642a03a58a22775ac7dc2f0498419f39eeda9cb719e1beb757c67364db7830,.xml
src/pe_claw_gui/libraries/semiconductors/wolfspeed/data/legacy_mosfets/C3M0075120K1_bodydiode.xml,2612,40368662ca3b8a1033bc822462ec3fd9748fe8afd115499311b97b9e7686e031,.xml
src/pe_claw_gui/libraries/semiconductors/wolfspeed/data/legacy_mosfets/C3M0075120K_bodydiode.xml,2363,492b0d627b2b3eccba7fa2f88522bfe171a05ff31a160743feffa7b93a2efdcf,.xml
src/pe_claw_gui/libraries/semiconductors/wolfspeed/data/legacy_mosfets/C3M0120065D.xml,8376,af86e5526b67c0563a90bab6130f71fd36a94cb80f0460ce847e5846007599f0,.xml
src/pe_claw_gui/libraries/semiconductors/wolfspeed/data/legacy_mosfets/C3M0120065D_bodydiode.xml,2681,94ca8ec673759e7c33bbf9174783e7bdfbb8d20d5e383bd66d2c34ed43cba12d,.xml
src/pe_claw_gui/libraries/semiconductors/wolfspeed/data/legacy_mosfets/C3M0120065J.xml,8334,2ea401316b66eefd740231abaa3be667bb7bedaf0d0e5be802c51756cf71c99d,.xml
src/pe_claw_gui/libraries/semiconductors/wolfspeed/data/legacy_mosfets/C3M0120065J_bodydiode.xml,2681,39df58cfe53a1b456a42fb9312e86cffaef8e519dab378f55369763003f53070,.xml
src/pe_claw_gui/libraries/semiconductors/wolfspeed/data/legacy_mosfets/C3M0120065K.xml,8333,e6167090edd2286e9383ce5f9eade131ff54e23b2c8bbe349b5eec5de1657ca0,.xml
src/pe_claw_gui/libraries/semiconductors/wolfspeed/data/legacy_mosfets/C3M0120065K_bodydiode.xml,2681,03c173a3d6e449a61acf3530271ef9ae56251bc3251793e8e32722c0351b3556,.xml
src/pe_claw_gui/libraries/semiconductors/wolfspeed/data/legacy_mosfets/C3M0120065L.xml,6994,3f56e54f2542f929a3752844c8697b82c963b733d7468d1dd50ad68b2690f775,.xml
src/pe_claw_gui/libraries/semiconductors/wolfspeed/data/legacy_mosfets/C3M0120065L_bodydiode.xml,2659,1c6202053635009087d0842ae02389edfd02c247f0e451bed0a438ce5fd91651,.xml
src/pe_claw_gui/libraries/semiconductors/wolfspeed/data/legacy_mosfets/C3M0120090D.xml,5925,384a593562861e6e7972c0acc8cebda48bdd6af1203fbacb52cbe53187303ab1,.xml
src/pe_claw_gui/libraries/semiconductors/wolfspeed/data/legacy_mosfets/C3M0120090D_bodydiode.xml,2498,72ea16f6367ce831d3ccd4b3be97907587dfb613164eb5f35ffd13de9a75b8f8,.xml
src/pe_claw_gui/libraries/semiconductors/wolfspeed/data/legacy_mosfets/C3M0120090J.xml,7769,2a143060e388df1ba697872ab38cb555f046111b442ab86608479ed28f0e5105,.xml
src/pe_claw_gui/libraries/semiconductors/wolfspeed/data/legacy_mosfets/C3M0120090J_bodydiode.xml,2481,c93c372b2282d1a16cb305bc39e132043391c8c47f83e707b05bcd429c183c90,.xml
src/pe_claw_gui/libraries/semiconductors/wolfspeed/data/legacy_mosfets/C3M0120100J.xml,5905,d59c87d1a47f76224fbb4249f98ecb132a7e69134c2b365331b81e7729ef2f2c,.xml
src/pe_claw_gui/libraries/semiconductors/wolfspeed/data/legacy_mosfets/C3M0120100J_bodydiode.xml,2498,829aa81c1dca2ebfdada9239378087ac104115e5a375b72073c63bc8bcf30a48,.xml
src/pe_claw_gui/libraries/semiconductors/wolfspeed/data/legacy_mosfets/C3M0120100K.xml,5866,04e4e04589f8083c689ec4aee0bf6884886a50b2fafe12783bfc1753e4279138,.xml
src/pe_claw_gui/libraries/semiconductors/wolfspeed/data/legacy_mosfets/C3M0120100K_bodydiode.xml,2486,6661928f6e8f294d452b1c669ad741ff5e393e5af87bc2a6d53781f01d3ec2f6,.xml
src/pe_claw_gui/libraries/semiconductors/wolfspeed/data/legacy_mosfets/C3M0160120D.xml,7787,6d960e75b0de7215898ec1645dd294463805b635608313f5411c7fb178324cc0,.xml
src/pe_claw_gui/libraries/semiconductors/wolfspeed/data/legacy_mosfets/C3M0160120D_bodydiode.xml,2288,c359b10f132b0bc4dab77982c21a74d6d05703f56dcf333119f73ab7c327afd1,.xml
src/pe_claw_gui/libraries/semiconductors/wolfspeed/data/legacy_mosfets/C3M0160120J.xml,7754,a6cd26c4a67c3122657dc7b39f0af059a1d9c8a86ed7897f521c9a0367d523b9,.xml
src/pe_claw_gui/libraries/semiconductors/wolfspeed/data/legacy_mosfets/C3M0160120J_bodydiode.xml,2285,ec0dcbc344df94f4a4d057d357f72c8bc7c747ff263628409066dd05ce526677,.xml
src/pe_claw_gui/libraries/semiconductors/wolfspeed/data/legacy_mosfets/C3M0160120K1.xml,7388,5112089645f4869b27bc1dc7e7a276165e6d6dc2cc16f2333898686b4d799848,.xml
src/pe_claw_gui/libraries/semiconductors/wolfspeed/data/legacy_mosfets/C3M0160120K1_bodydiode.xml,2412,5d35b63bd6eafc60e740162367b9080cab58b086637f44a98db1677ea5f0ea3e,.xml
src/pe_claw_gui/libraries/semiconductors/wolfspeed/data/legacy_mosfets/C3M0280090D.xml,5916,3833b3169215ebbfee73ae5def4977bb2b7ca02e02e54f793ce4be82e7f6551e,.xml
src/pe_claw_gui/libraries/semiconductors/wolfspeed/data/legacy_mosfets/C3M0280090D_bodydiode.xml,2416,62febded035fec362883bbd4af292e28d07f709b4e3237a135e4be65de51a0d4,.xml
src/pe_claw_gui/libraries/semiconductors/wolfspeed/data/legacy_mosfets/C3M0280090J.xml,5936,a965b49977592aa55ed5795e28fdb2c6412fed785919d60d7bf276cb0405a282,.xml
src/pe_claw_gui/libraries/semiconductors/wolfspeed/data/legacy_mosfets/C3M0280090J_bodydiode.xml,2418,7480359258c029539ca498e51f8edb1d9549a4fc79eb3668db1bf049abeb9813,.xml
src/pe_claw_gui/libraries/semiconductors/wolfspeed/data/legacy_mosfets/C3M0350120D.xml,7562,1d3a672d4f04d8a76086fbea492f5c92d1ba1c8db86143f52d89616e2f44a177,.xml
src/pe_claw_gui/libraries/semiconductors/wolfspeed/data/legacy_mosfets/C3M0350120D_bodydiode.xml,2219,4d32414a6dde0d70ffc1296a991f0e7891a1380969cb75139822b55b58f98e73,.xml
src/pe_claw_gui/libraries/semiconductors/wolfspeed/data/legacy_mosfets/C3M0350120J.xml,7596,b1200e5e898a8449ec57e0b12ae072738fe7fbed208f471f96257ebd962e3c75,.xml
src/pe_claw_gui/libraries/semiconductors/wolfspeed/data/legacy_mosfets/C3M0350120J_bodydiode.xml,2243,486f9009d77e9fceab67e69aff80aaf4ed50d3b74ea06d60e24ce8dd6dc31931,.xml
src/pe_claw_gui/libraries/semiconductors/wolfspeed/data/legacy_mosfets/C3M0900170D.xml,10346,fad9f67eb3cd39428d50b26ddeba9940ee480f44e409eb2eabd5f8e8cc5be70c,.xml
src/pe_claw_gui/libraries/semiconductors/wolfspeed/data/legacy_mosfets/C3M0900170D_bodydiode.xml,4668,71409e65a9a861fb8993adb679e13b973fce00dcd3d8af5acbd18b1eac7ae6ff,.xml
src/pe_claw_gui/libraries/semiconductors/wolfspeed/data/legacy_mosfets/C3M0900170J.xml,10346,a2affcf4b7cfb1f0ef625fc17913313655ab8275c895c07d8bc2dcf23de0830a,.xml
src/pe_claw_gui/libraries/semiconductors/wolfspeed/data/legacy_mosfets/C3M0900170J_bodydiode.xml,4669,d114b80c1c3397ae449ebd8b0573b22ece62c2673bbf958f607cb03f0e6fbdbf,.xml
src/pe_claw_gui/libraries/semiconductors/wolfspeed/data/legacy_mosfets/C3M0900170M.xml,10376,471d13c72fda6f7293ac8a7f434784d830107afc42838c9543c45b8a1bd859c8,.xml
src/pe_claw_gui/libraries/semiconductors/wolfspeed/data/legacy_mosfets/C3M0900170M_bodydiode.xml,4668,7b9801a79346b006ddbb20f63db044b0b64bfaac41ce381b29c99eb74876b6e4,.xml
src/pe_claw_gui/libraries/semiconductors/wolfspeed/data/legacy_mosfets/C4MS025120J2.xml,45487,d002e7fa30c5a6ddc9e555ce7baeb814eb51e853b0fe701a8c94c3fdba5163a4,.xml
src/pe_claw_gui/libraries/semiconductors/wolfspeed/data/legacy_mosfets/C4MS025120J2_bodydiode.xml,24470,b9cd1906787fe3ae451fe644f46adfde9807660de5c9863782e52910c87be69d,.xml
src/pe_claw_gui/libraries/semiconductors/wolfspeed/data/legacy_mosfets/C4MS025120K.xml,45485,4fc0872e877438b2c1baa3c92d0987580c468e7a1674414fd2a1c5e561a2e4b4,.xml
src/pe_claw_gui/libraries/semiconductors/wolfspeed/data/legacy_mosfets/C4MS025120K1.xml,45487,05f6189bc7eef626cb7435f20f3ddac9e2e234d514d16a59ca1dd4fc1d78683b,.xml
src/pe_claw_gui/libraries/semiconductors/wolfspeed/data/legacy_mosfets/C4MS025120K1_bodydiode.xml,24470,0098a61e847f4e01923ebe7819f0fa937f91df53b8879230e7493ba71feeea4c,.xml
src/pe_claw_gui/libraries/semiconductors/wolfspeed/data/legacy_mosfets/C4MS025120K_bodydiode.xml,24468,cc047cdf616be9ad42e8ea1e561af4598e2e231e0d7ec109a91e0674f74f8fa0,.xml
src/pe_claw_gui/libraries/semiconductors/wolfspeed/data/legacy_mosfets/C4MS025120U2.xml,45487,bf732904c86ab335902119169c85b07add975e8d084d1e8039abcee21d6bd9a9,.xml
src/pe_claw_gui/libraries/semiconductors/wolfspeed/data/legacy_mosfets/C4MS025120U2_bodydiode.xml,24470,0aedd38af64c9cbeb5dfc0791b7cbf2a8695ec32e29fa5e2e8acd7db56e1abbb,.xml
src/pe_claw_gui/libraries/semiconductors/wolfspeed/data/legacy_mosfets/C4MS036120J2.xml,66381,0f8f2b526eda5f2ad14fd5b65f0dcddf3237647f9edfc340798269f2e9769ad8,.xml
src/pe_claw_gui/libraries/semiconductors/wolfspeed/data/legacy_mosfets/C4MS036120J2_bodydiode.xml,34779,83a08e8d79074dd8d838ffb89d7f3979a5b8041bed9574fd107c4c145692d70f,.xml
src/pe_claw_gui/libraries/semiconductors/wolfspeed/data/legacy_mosfets/C4MS036120K.xml,66379,cc4209fede5373dcffe8d2f67f57281b076aff752242f3b26c483b3375d4e9df,.xml
src/pe_claw_gui/libraries/semiconductors/wolfspeed/data/legacy_mosfets/C4MS036120K1.xml,66381,d9ceb1151391bf9bd1654de8ebd3d2fa1f41b152b841b38f6f2e65ad37a013b0,.xml
src/pe_claw_gui/libraries/semiconductors/wolfspeed/data/legacy_mosfets/C4MS036120K1_bodydiode.xml,34779,bea78ddc183bd1099b12d71e333517b32a6d70d93c05e97d3dac623dbbd1a2a6,.xml
src/pe_claw_gui/libraries/semiconductors/wolfspeed/data/legacy_mosfets/C4MS036120K_bodydiode.xml,34777,d8b7e87b669e2ebc50d533a159700dd0d89697ec9e57b1b208abc08c9ed5482b,.xml
src/pe_claw_gui/libraries/semiconductors/wolfspeed/data/legacy_mosfets/C4MS036120U2.xml,66381,e3c28b2cdc8062ff2204dfb95029861ee30acbe595e10de2a70bf8ef494a8574,.xml
src/pe_claw_gui/libraries/semiconductors/wolfspeed/data/legacy_mosfets/C4MS036120U2_bodydiode.xml,34779,9a48687c4716e9f79fcc63ae9cf0398a998c419aa3ef2f5fe876e5e89f268c82,.xml
src/pe_claw_gui/libraries/semiconductors/wolfspeed/data/legacy_mosfets/C4MS047120J2.xml,45492,931524f8c509176c115475caf3fab807e06166bd08195c394ab9e83880eb7e21,.xml
src/pe_claw_gui/libraries/semiconductors/wolfspeed/data/legacy_mosfets/C4MS047120J2_bodydiode.xml,24264,0ba734e2b36f8b7070d1b02243c59f08921a2a460e0c213220b7af9ac566d8b6,.xml
src/pe_claw_gui/libraries/semiconductors/wolfspeed/data/legacy_mosfets/C4MS047120K.xml,45490,f51cf4d8819900596ec5bc3b0a3021657d0db3f0f1a9daaf3eddaf29f565e0b6,.xml
src/pe_claw_gui/libraries/semiconductors/wolfspeed/data/legacy_mosfets/C4MS047120K1.xml,45492,8bfa580009e1ff2e026bbe9cf59242e5d97ac96af9ecf99889959f641f749724,.xml
src/pe_claw_gui/libraries/semiconductors/wolfspeed/data/legacy_mosfets/C4MS047120K1_bodydiode.xml,24264,4951f9405e06208a3a69bacdc063a805deab197689b21023f30dbe262f61b949,.xml
src/pe_claw_gui/libraries/semiconductors/wolfspeed/data/legacy_mosfets/C4MS047120K_bodydiode.xml,24262,2aacbbb6fca2a5c1eb49b813e4e3e3f70c63c6f6443642d9e9afcffe160aa09f,.xml
src/pe_claw_gui/libraries/semiconductors/wolfspeed/data/legacy_mosfets/C4MS047120U2.xml,45492,c35b10cd5f9c0a700daadef7ecdfb9a46308f2c324a2de57b2f95922346c82a2,.xml
src/pe_claw_gui/libraries/semiconductors/wolfspeed/data/legacy_mosfets/C4MS047120U2_bodydiode.xml,24264,fa1f82403cc57b9f6b8bf01eed9d12cef92d3aba953cc289ec961caa4f9a636a,.xml
src/pe_claw_gui/libraries/semiconductors/wolfspeed/data/legacy_mosfets/C4MS065120J2.xml,45510,1b1047fa9e1df530fefda22f58826c0deb6c6e54fc06675f71fef85a23f22f5b,.xml
src/pe_claw_gui/libraries/semiconductors/wolfspeed/data/legacy_mosfets/C4MS065120J2_bodydiode.xml,24195,6ca91f1d8c33b1d08fb05d01350ced25b944db1dc68b20a67439a8aba368d0d9,.xml
src/pe_claw_gui/libraries/semiconductors/wolfspeed/data/legacy_mosfets/C4MS065120K.xml,45508,32902ac14b85dcee605f2a3d524af925881152c6607fb6a14fc29af8b93a56cc,.xml
src/pe_claw_gui/libraries/semiconductors/wolfspeed/data/legacy_mosfets/C4MS065120K1.xml,45510,508cafc9e9b5de9fd181f1ff656cf19b029ed98df3f092e8d0f140842be270f3,.xml
src/pe_claw_gui/libraries/semiconductors/wolfspeed/data/legacy_mosfets/C4MS065120K1_bodydiode.xml,24195,5be14dfb3d5b14faf666ac88e8c0fecb35ef6aad28b3db0dc83dfaee0927b77e,.xml
src/pe_claw_gui/libraries/semiconductors/wolfspeed/data/legacy_mosfets/C4MS065120K_bodydiode.xml,24193,21cf239386abb82555dc919d23d461bf028790268efa9985aaed210438a37c46,.xml
src/pe_claw_gui/libraries/semiconductors/wolfspeed/data/legacy_mosfets/C4MS065120U2.xml,45512,7c7c89ebac602a5f9b764e43a7faffb748b767497f80d9c43777df59adaa9a9e,.xml
src/pe_claw_gui/libraries/semiconductors/wolfspeed/data/legacy_mosfets/C4MS065120U2_bodydiode.xml,24196,45599e00e1927f7ce5a39f416f243adf6df8780cb8ae2e4bff5917b40068fe39,.xml
src/pe_claw_gui/libraries/semiconductors/wolfspeed/data/legacy_mosfets/E3M0016120K.xml,8144,9f27a07c384bedf0711a76b0738957376c0dff27c930ba774af3f6b2dd38a1af,.xml
src/pe_claw_gui/libraries/semiconductors/wolfspeed/data/legacy_mosfets/E3M0016120K_bodydiode.xml,2823,556da223e79b2c8346ff675f5a781006fc5f4efc92afbb3985ef09580a685ede,.xml
src/pe_claw_gui/libraries/semiconductors/wolfspeed/data/legacy_mosfets/E3M0021120J2.xml,8948,3fa02d6e7f5128c21092590458b886c5f3e7acd12159500edc5aa430b64df111,.xml
src/pe_claw_gui/libraries/semiconductors/wolfspeed/data/legacy_mosfets/E3M0021120J2_bodydiode.xml,3051,9597d0896129bb2efb86a5b55c04c88be55ffc13fc0f4368bf99042b3c59c04e,.xml
src/pe_claw_gui/libraries/semiconductors/wolfspeed/data/legacy_mosfets/E3M0021120K.xml,8106,63da0bc56b9335d09f4e1c3abbc72ad2af49689a5b73473f2c8aa904fe6b214b,.xml
src/pe_claw_gui/libraries/semiconductors/wolfspeed/data/legacy_mosfets/E3M0021120K_bodydiode.xml,2564,5ceb9edb52e59cb03f267e6160ae240a4631223b1d47bf28d5426e8b59f59b5a,.xml
src/pe_claw_gui/libraries/semiconductors/wolfspeed/data/legacy_mosfets/E3M0032120J2.xml,8636,9e12836c1077b6d2f69350c30f343622bc6c40b2efb2c51b8dd21133281b4661,.xml
src/pe_claw_gui/libraries/semiconductors/wolfspeed/data/legacy_mosfets/E3M0032120J2_bodydiode.xml,2813,1e3c677ba84bef9116168e1512c7b646f63ebc782a6e3ac9174e483f8ae4b7ec,.xml
src/pe_claw_gui/libraries/semiconductors/wolfspeed/data/legacy_mosfets/E3M0032120K.xml,7712,62fe2ab86d3dd52a53c2858c5ce31cd92846ce5dfc817e3e6213f1a99cc4bf90,.xml
src/pe_claw_gui/libraries/semiconductors/wolfspeed/data/legacy_mosfets/E3M0032120K_bodydiode.xml,2530,7ad1012809ec10c044d52f4c7cbc490a71315b7deba5fdf4b4a900955de7e89d,.xml
src/pe_claw_gui/libraries/semiconductors/wolfspeed/data/legacy_mosfets/E3M0032120U2.xml,9775,19a6ab6a10831b6d1b6d7db59b64265f6ef3cccd70ba2b5b75e61c50d97d05a0,.xml
src/pe_claw_gui/libraries/semiconductors/wolfspeed/data/legacy_mosfets/E3M0032120U2_bodydiode.xml,4571,36990d2d71ba6ef57fd3a4d1997da56e762bd5aa9b42fe9f213783368aa1514b,.xml
src/pe_claw_gui/libraries/semiconductors/wolfspeed/data/legacy_mosfets/E3M0040120J2.xml,9582,242966bcc2d67563843becf81ea438612861fd6ee44af3a7151d5e7be38e1b07,.xml
src/pe_claw_gui/libraries/semiconductors/wolfspeed/data/legacy_mosfets/E3M0040120J2_bodydiode.xml,4315,cbe84c832a5e234fd6b4ef413787c232ba35d3fbc7a8a12b17fae19d11ee86a2,.xml
src/pe_claw_gui/libraries/semiconductors/wolfspeed/data/legacy_mosfets/E3M0040120K.xml,7764,1a742705c26afbd0d16a550bbd5307515b81aed21b4f2ed604a0447528f88f6b,.xml
src/pe_claw_gui/libraries/semiconductors/wolfspeed/data/legacy_mosfets/E3M0040120K_bodydiode.xml,2593,ba3777d5784df6474c7fbc1a384d9c0b9afb0eaa096a05525898f3fe5194a301,.xml
src/pe_claw_gui/libraries/semiconductors/wolfspeed/data/legacy_mosfets/E3M0040120U2.xml,9568,cc48984a15ec9decbf7efafcee5f8d6afecc717c839ef629f1daa0c67896350f,.xml
src/pe_claw_gui/libraries/semiconductors/wolfspeed/data/legacy_mosfets/E3M0040120U2_bodydiode.xml,4275,07e67ea7253261117b90b0fd79bca6ac4b36f8283ea23fa85413aa2c817f5c80,.xml
src/pe_claw_gui/libraries/semiconductors/wolfspeed/data/legacy_mosfets/E3M0060065D.xml,6541,435b63ed67acc8d4d39e66eeee91f0abd770cb43f98b4df3c92185cfb1150ec9,.xml
src/pe_claw_gui/libraries/semiconductors/wolfspeed/data/legacy_mosfets/E3M0060065D_bodydiode.xml,2401,312eb712217ede6e52f509be809bccf88f878770b6d604c2685db42d4e984c61,.xml
src/pe_claw_gui/libraries/semiconductors/wolfspeed/data/legacy_mosfets/E3M0060065K.xml,6444,9dd25b931ad65e031d414aec1f41b56ff9d92116301a5155f5ec2ea4b5f2f4fb,.xml
src/pe_claw_gui/libraries/semiconductors/wolfspeed/data/legacy_mosfets/E3M0060065K_bodydiode.xml,2402,f95a3643ad572c93df324b9c1f2348abf38100b251f6cedbeec60d0c4e5fec4c,.xml
src/pe_claw_gui/libraries/semiconductors/wolfspeed/data/legacy_mosfets/E3M0065090D.xml,6533,e79e1972a97d2dfd4422336d99bcc76cb207d87bf87e288c7247c37594099b3b,.xml
src/pe_claw_gui/libraries/semiconductors/wolfspeed/data/legacy_mosfets/E3M0065090D_bodydiode.xml,2553,db192d17497f51da9f8f5ee9c12eb59429d6ed437d5fbc9851c2dbac9879a745,.xml
src/pe_claw_gui/libraries/semiconductors/wolfspeed/data/legacy_mosfets/E3M0075120D.xml,7347,5f60e205c2f1aa893226ab8573fad4feb233a1091667965210a107922ebaeb4f,.xml
src/pe_claw_gui/libraries/semiconductors/wolfspeed/data/legacy_mosfets/E3M0075120D_bodydiode.xml,2740,a7b025a985d8f7f8498b43c9bce05e6e24b6480666e386ed08ea48e89c727166,.xml
src/pe_claw_gui/libraries/semiconductors/wolfspeed/data/legacy_mosfets/E3M0075120J2.xml,9233,915f6f63d72c59436fdfe6f0dc7c591e4c691e399c24efd40c7ef3bfea062d77,.xml
src/pe_claw_gui/libraries/semiconductors/wolfspeed/data/legacy_mosfets/E3M0075120J2_bodydiode.xml,4144,51a21708d04437617109ce8efec8e30093f7a02b316d150346de00ebc121ffd1,.xml
src/pe_claw_gui/libraries/semiconductors/wolfspeed/data/legacy_mosfets/E3M0075120K.xml,7278,f3b9578de2664cf2717d7439843eb789e45c9964181c9196dbd30aa9b3ba8e83,.xml
src/pe_claw_gui/libraries/semiconductors/wolfspeed/data/legacy_mosfets/E3M0075120K_bodydiode.xml,2740,71a1ee0f8ca7eba52272f28bd8fb04b29fd53b52425b0f492e37861aeba29b4e,.xml
src/pe_claw_gui/libraries/semiconductors/wolfspeed/data/legacy_mosfets/E3M0075120U2.xml,9235,19f88b8982d4e97a34ccc804efcfa7f660a6f81b4f477219e7b1bc9ff3bc2491,.xml
src/pe_claw_gui/libraries/semiconductors/wolfspeed/data/legacy_mosfets/E3M0075120U2_bodydiode.xml,4172,36252dfab3906510c6c489e232a7302065362f8f5216f8c7804130e9e633ab3b,.xml
src/pe_claw_gui/libraries/semiconductors/wolfspeed/data/legacy_mosfets/E3M0120090D.xml,5925,9e5cde651b2e09990624f2b2fbe8690846992bdf62f8519ebfb7e31b0f476d12,.xml
src/pe_claw_gui/libraries/semiconductors/wolfspeed/data/legacy_mosfets/E3M0120090D_bodydiode.xml,2496,92a75acf85abed6429ec03d97b590b3aeaa5a75865897057e050f7434a38d36d,.xml
src/pe_claw_gui/libraries/semiconductors/wolfspeed/data/legacy_mosfets/E3M0120090J.xml,7321,98b90e200b26ca3a9f9f66ebb5f4b7ddb3e65dd39183cbe1270c046c21820258,.xml
src/pe_claw_gui/libraries/semiconductors/wolfspeed/data/legacy_mosfets/E3M0120090J_bodydiode.xml,2412,0c62a45230a704ead2365555d5a002cba2441e4c149cdef77d1ee30c39d68ce0,.xml
src/pe_claw_gui/libraries/semiconductors/wolfspeed/data/legacy_mosfets/E3M0160120D.xml,7342,d882e8aa4e30df6657ce4bc199ed0b151ccc524d642a5421622e9fa976b0fccd,.xml
src/pe_claw_gui/libraries/semiconductors/wolfspeed/data/legacy_mosfets/E3M0160120D_bodydiode.xml,2411,c9250c0bd7805ca4bf253113b3f72f30599ded792a8cf76845c9285f7ccf1430,.xml
src/pe_claw_gui/libraries/semiconductors/wolfspeed/data/legacy_mosfets/E3M0160120J2.xml,8302,93ca26c87362a0c2d073792759d3d3bdad546720c1927db5c313606374bd5a8a,.xml
src/pe_claw_gui/libraries/semiconductors/wolfspeed/data/legacy_mosfets/E3M0160120J2_bodydiode.xml,2613,ddf1d31ea7127f210e7448c0a057068983b544ae555ea77387b4413da049fc46,.xml
src/pe_claw_gui/libraries/semiconductors/wolfspeed/data/legacy_mosfets/E3M0160120K.xml,7387,3a427ec631b16c92297db75e42d43a265b09e255e6ce1ff002423f679daee847,.xml
src/pe_claw_gui/libraries/semiconductors/wolfspeed/data/legacy_mosfets/E3M0160120K_bodydiode.xml,2411,3ea98e6beedea15ac4cecce439d09a36d9527678721215b01e03d750e76df9cb,.xml
src/pe_claw_gui/libraries/semiconductors/wolfspeed/data/legacy_mosfets/E3M0280090D.xml,5911,cc451e55fefad998e6e5bd4fe5c434230a9656a42446a8bed43a88bbe2df73e1,.xml
src/pe_claw_gui/libraries/semiconductors/wolfspeed/data/legacy_mosfets/E3M0280090D_bodydiode.xml,2383,4dad0cfb155ea5cfcf9c29777b1dbf9825facdf32eb4bf33ef2d390120ab6c5d,.xml
src/pe_claw_gui/libraries/semiconductors/wolfspeed/data/legacy_mosfets/E3M0900170D.xml,10347,2fd2ac4d4f1392a61a984422ffe998ecd8d9c8b6525ab2c28feeedc2f45643b6,.xml
src/pe_claw_gui/libraries/semiconductors/wolfspeed/data/legacy_mosfets/E3M0900170D_bodydiode.xml,4668,ea923629519b9aba80817ccb333b590d2612b729ea5934baa5e3dc3ab7036d6e,.xml
src/pe_claw_gui/libraries/semiconductors/wolfspeed/data/legacy_mosfets/E3M0900170J.xml,10345,a50851281285a2510ac2c46823f26dd8fef4f01e569a7b4792380170093c6053,.xml
src/pe_claw_gui/libraries/semiconductors/wolfspeed/data/legacy_mosfets/E3M0900170J_bodydiode.xml,4668,df71878323da028716c5ac16bebec16977b343ab0a417d335cbf51e0d8445c79,.xml
src/pe_claw_gui/libraries/semiconductors/wolfspeed/data/legacy_mosfets/E4M0013120K.xml,7964,867762cbbca3c3827cdc0eb75ba8086d8aa11db9b18ebfd064efb84ab3fabc63,.xml
src/pe_claw_gui/libraries/semiconductors/wolfspeed/data/legacy_mosfets/E4M0013120K_bodydiode.xml,2823,84f24424698dc6adef4ef5220f12576b26973ebddbd3f216d92121a30f4fe7c2,.xml
src/pe_claw_gui/libraries/semiconductors/wolfspeed/data/legacy_mosfets/E4M0015075J2.xml,6724,7c61f54d54fb8220b8ec94cdaca07a61e926bda7b168c63a00a78de2245b16f8,.xml
src/pe_claw_gui/libraries/semiconductors/wolfspeed/data/legacy_mosfets/E4M0015075J2_bodydiode.xml,2691,663aefe8351f30ca0e6a1209bc98e3f73295b59fa0d666c4f7b75c046b1dc0e2,.xml
src/pe_claw_gui/libraries/semiconductors/wolfspeed/data/legacy_mosfets/E4M0015075K1.xml,6722,b6f0455736e0625bdecf75151003878a64e324e7dde254ad853323ea1d022236,.xml
src/pe_claw_gui/libraries/semiconductors/wolfspeed/data/legacy_mosfets/E4M0015075K1_bodydiode.xml,2693,bc4f217ce79a77455dc23cf0350a6cce3708744da89d76e6799e23f21bb0d36b,.xml
src/pe_claw_gui/libraries/semiconductors/wolfspeed/data/legacy_mosfets/E4M0025075J2.xml,6829,bad8969ec084afe54d7025028a89f823859a17befebf57d3fdeea5954d364d2a,.xml
src/pe_claw_gui/libraries/semiconductors/wolfspeed/data/legacy_mosfets/E4M0025075J2_bodydiode.xml,2828,3cb0bf0f2399304f151941c3faf1be53fe5b99cdb4627fa397e12f46ae29e8a1,.xml
src/pe_claw_gui/libraries/semiconductors/wolfspeed/data/legacy_mosfets/E4M0025075K1.xml,6830,918a066a8d0fdb0fe84572cd04c4bcc7edc7ba6ff978253623aed3b1adcd3bc5,.xml
src/pe_claw_gui/libraries/semiconductors/wolfspeed/data/legacy_mosfets/E4M0025075K1_bodydiode.xml,2824,63aeafe915869817a4cdfcb69ce8998d9be94f80274ce10403750e56425abaf2,.xml
src/pe_claw_gui/libraries/semiconductors/wolfspeed/data/legacy_mosfets/E4M0045075J2.xml,6404,bfa5552d9e72b5133e1b72963d798baf5ca3371552d245cc2c6ce91570203d28,.xml
src/pe_claw_gui/libraries/semiconductors/wolfspeed/data/legacy_mosfets/E4M0045075J2_bodydiode.xml,2616,9125bc87ac28f3b17fb1aff2f52e24313de479949d92e8bed50a4a5ea5324ebe,.xml
src/pe_claw_gui/libraries/semiconductors/wolfspeed/data/legacy_mosfets/E4M0045075K1.xml,6377,fe923aa212a2806751266ebfe57b0d134aab6e0d7cd85c88ffe60217b8c3b53c,.xml
src/pe_claw_gui/libraries/semiconductors/wolfspeed/data/legacy_mosfets/E4M0045075K1_bodydiode.xml,2615,842aa04d6cb27810312f12a611af4b7b6f5328b9174060e2471b98025049406d,.xml
src/pe_claw_gui/libraries/semiconductors/wolfspeed/data/legacy_mosfets/E4M0060075J2.xml,6371,5d89dd51bffec919b25fb03ba057324d9b5d39564acf14b9478cf05da863f685,.xml
src/pe_claw_gui/libraries/semiconductors/wolfspeed/data/legacy_mosfets/E4M0060075J2_bodydiode.xml,2504,0e43f8a5e11cdc32f9c823800220145b319cab2ebf4ad2c151f070b87157894b,.xml
src/pe_claw_gui/libraries/semiconductors/wolfspeed/data/legacy_mosfets/E4M0060075K1.xml,6373,b0a96943d48751da6e1b52d2c46a4d1472613137d1ec6f73ae5c767f0539f0b3,.xml
src/pe_claw_gui/libraries/semiconductors/wolfspeed/data/legacy_mosfets/E4M0060075K1_bodydiode.xml,2506,c7a3a04710a12d1a4bb3a0ed2902063ef4d2e374e8c5e63570fb94834fc3fb64,.xml
src/pe_claw_gui/libraries/semiconductors/wolfspeed/data/legacy_mosfets/E4MS025120J2.xml,45487,eacf32c1775702b13ea3bfed78475b8057631029e086c3ffd3d173f1e5f1cba4,.xml
src/pe_claw_gui/libraries/semiconductors/wolfspeed/data/legacy_mosfets/E4MS025120J2_bodydiode.xml,24470,dac467fc1f8db901d8315ead358a60c782d96f23404315c5039c47b8d3ab649d,.xml
src/pe_claw_gui/libraries/semiconductors/wolfspeed/data/legacy_mosfets/E4MS025120K.xml,45485,7524d8d73fd5fc3ccdf99c7ec1d37812f9b10ccf370c5cfbe0956577dbba48ef,.xml
src/pe_claw_gui/libraries/semiconductors/wolfspeed/data/legacy_mosfets/E4MS025120K_bodydiode.xml,24468,08e6fce52af844e7c940a27a4eae317b087b9bc25725ca65d6b9a75a5eac6c48,.xml
src/pe_claw_gui/libraries/semiconductors/wolfspeed/data/legacy_mosfets/E4MS025120U2.xml,45487,d8830089972be565e4242a54296df15eefde6a866b34a950297e3932242c910f,.xml
src/pe_claw_gui/libraries/semiconductors/wolfspeed/data/legacy_mosfets/E4MS025120U2_bodydiode.xml,24470,8ee22ade36128821c713f48995b5217353a9d6d576d493de8fa8a485c971e5cc,.xml
src/pe_claw_gui/libraries/semiconductors/wolfspeed/data/legacy_mosfets/E4MS036120J2.xml,66381,12a9a3c5b4a7ca93c6a787caea4e52e0e244091c593d14514c0cad4e16a201c9,.xml
src/pe_claw_gui/libraries/semiconductors/wolfspeed/data/legacy_mosfets/E4MS036120J2_bodydiode.xml,34779,a46c58da228379f9161a30e742705d9138ee51f06d97a88e57ae003c6999fda3,.xml
src/pe_claw_gui/libraries/semiconductors/wolfspeed/data/legacy_mosfets/E4MS036120K.xml,66379,95f5c1fd831402ce810f1ac07464c369bbe5f68db60bc872c43d4c8f09c21a32,.xml
src/pe_claw_gui/libraries/semiconductors/wolfspeed/data/legacy_mosfets/E4MS036120K_bodydiode.xml,34777,21621de412bfbb4d6fcd5f9b8911ea479e6d8cf0d15f70d528a9e3ae7496060d,.xml
src/pe_claw_gui/libraries/semiconductors/wolfspeed/data/legacy_mosfets/E4MS036120U2.xml,66381,36bdae0f3bd18bb848da25b6f9d09876e688100bbd17a18d7521fbd98c5c8a49,.xml
src/pe_claw_gui/libraries/semiconductors/wolfspeed/data/legacy_mosfets/E4MS036120U2_bodydiode.xml,34779,a54f415b2f52bf3a75bcbb9ecb1db1dee8e5d2680c50f2caa7b15d56cd4b3b5d,.xml
src/pe_claw_gui/libraries/semiconductors/wolfspeed/data/legacy_mosfets/E4MS047120J2.xml,45492,a53d70eaaae978e9aaea8de7753dc38cd6bba02d8c7938a38ffb182a38bcfeaf,.xml
src/pe_claw_gui/libraries/semiconductors/wolfspeed/data/legacy_mosfets/E4MS047120J2_bodydiode.xml,24264,b6802b88d73dbc152322629017e68bafcb134b1dc9c2f6fd4d4419b2424c163c,.xml
src/pe_claw_gui/libraries/semiconductors/wolfspeed/data/legacy_mosfets/E4MS047120K.xml,45490,8b935a7d4f9a91d80e7f07381f16f13063feefd3d4405bf2e6e9dd6b89836c08,.xml
src/pe_claw_gui/libraries/semiconductors/wolfspeed/data/legacy_mosfets/E4MS047120K_bodydiode.xml,24262,2134c78a6874e1d7f5c4a1fd3ee8d09893eeca6ebaf64e66c35f32a649df6379,.xml
src/pe_claw_gui/libraries/semiconductors/wolfspeed/data/legacy_mosfets/E4MS047120U2.xml,45492,4e978ee14d6d32b0c73d54e210563813becd3ba4d745ec3fdfc2019191374ab2,.xml
src/pe_claw_gui/libraries/semiconductors/wolfspeed/data/legacy_mosfets/E4MS047120U2_bodydiode.xml,24264,bd46e34c1ce37939345611c0ef606e8613f0f4d0a9bf66d7c9adbd8560403d95,.xml
src/pe_claw_gui/libraries/semiconductors/wolfspeed/data/legacy_mosfets/E4MS065120J2.xml,45510,81f8298fb92eb5d29e9b43dd604d001fb19b724427353d10f69ffc5018a08d8c,.xml
src/pe_claw_gui/libraries/semiconductors/wolfspeed/data/legacy_mosfets/E4MS065120J2_bodydiode.xml,24195,4506eb0b79684d3587d08c9c567ea7a21a4655d543500c9c6d0f6604554c3442,.xml
src/pe_claw_gui/libraries/semiconductors/wolfspeed/data/legacy_mosfets/E4MS065120K.xml,45508,16ca18b1de0bf0bbdf688e8b9788c5c22334e2d415ca190ce4175bdebb2396de,.xml
src/pe_claw_gui/libraries/semiconductors/wolfspeed/data/legacy_mosfets/E4MS065120K_bodydiode.xml,24193,581bfd2c604d18f538e5a667d37f7e02708ad3d8b5ed68c7fb97e0793d1ff67c,.xml
src/pe_claw_gui/libraries/semiconductors/wolfspeed/data/legacy_mosfets/E4MS065120U2.xml,45511,0f5ee197ef657f0ce82e5378c0434005991104efda7f0262b6f59608a4a0bf64,.xml
src/pe_claw_gui/libraries/semiconductors/wolfspeed/data/legacy_mosfets/E4MS065120U2_bodydiode.xml,24195,d03456196a12c0ee10ca881a929749184056395f3e394905121eb2e44dff01a4,.xml
src/pe_claw_gui/libraries/semiconductors/wolfspeed/data/modules/CAB003M09DM3.xml,15464,a744f74a6cd703761f0d86f2a433a1c2feaaf4fd36f4a1096b27b7fca67f412b,.xml
src/pe_claw_gui/libraries/semiconductors/wolfspeed/data/modules/CAB003M09DM3_bodydiode.xml,9847,c2a6ed0df2358db38145385926b71e4790d0b7ae7bcb81cd2b4eb98fe38f4cb4,.xml
src/pe_claw_gui/libraries/semiconductors/wolfspeed/data/modules/CAB004A12GM4.xml,78254,1123a93755c4182ae80c9ca08ec56be57f822f8bf669c8295aa458ea8318eea0,.xml
src/pe_claw_gui/libraries/semiconductors/wolfspeed/data/modules/CAB004A12GM4_bodydiode.xml,40981,1fbe977248d4138c2a8300c1adf9b723a7a4f5f522c82dc08d777f2efb324f25,.xml
src/pe_claw_gui/libraries/semiconductors/wolfspeed/data/modules/CAB004M12GM4.xml,78254,68c7205500cd5d582e351ea7837537fe619d99eac469ec4a75b191599d9e707f,.xml
src/pe_claw_gui/libraries/semiconductors/wolfspeed/data/modules/CAB004M12GM4_bodydiode.xml,40981,77e82db82fe5dfb2fce0a85dded3273bf5726b8224ee064073b852ea582d3206,.xml
src/pe_claw_gui/libraries/semiconductors/wolfspeed/data/modules/CAB006A12GM3.xml,14789,6f78ded37805269d8d44f062203bad7c5e769c63381ff832ad894d423942dc93,.xml
src/pe_claw_gui/libraries/semiconductors/wolfspeed/data/modules/CAB006A12GM3_bodydiode.xml,9784,914b0ef6ac9728949a4e54335a19d628aaac8251f09ce0bda6d230ae08bd0620,.xml
src/pe_claw_gui/libraries/semiconductors/wolfspeed/data/modules/CAB006A12GM4.xml,81142,9fcece29918d55f3cd2181ff02a6bb7ddeba58dce50d7115909060186e53162f,.xml
src/pe_claw_gui/libraries/semiconductors/wolfspeed/data/modules/CAB006A12GM4_bodydiode.xml,41976,88c4ddd948fd80a1313f16a65c7c31b20e75d226091c260adacd110a0a7a5cbb,.xml
src/pe_claw_gui/libraries/semiconductors/wolfspeed/data/modules/CAB006M12GM3.xml,14789,93bb56170dfd1e8360cbd384b67423524961d0cf4e628adcf3146c23055cc702,.xml
src/pe_claw_gui/libraries/semiconductors/wolfspeed/data/modules/CAB006M12GM3_bodydiode.xml,9784,6c0a6246aec58d34eff93894687bf02c0bf0ba3ee1f4b7097f5e6ce4200d60f8,.xml
src/pe_claw_gui/libraries/semiconductors/wolfspeed/data/modules/CAB008A12GM3.xml,13220,0fad2be628b3523afa0890097f52d143787fb9f39b1e7774d4a446860102a9c4,.xml
src/pe_claw_gui/libraries/semiconductors/wolfspeed/data/modules/CAB008A12GM3_bodydiode.xml,9024,36676d53b29001cd7282d16fb347ce357ca511a03ef8fe2c2bd6f305b9ea42d0,.xml
src/pe_claw_gui/libraries/semiconductors/wolfspeed/data/modules/CAB008M12GM3.xml,13220,027b003c08303652ab4a73cafb632c479e9d5fa76ccbc817998d68997c199af4,.xml
src/pe_claw_gui/libraries/semiconductors/wolfspeed/data/modules/CAB008M12GM3_bodydiode.xml,9024,d6bd6d054aa60e35d2b11fb67dd1bcf6c38ed72ea75e9d8541a105e8702e3d13,.xml
src/pe_claw_gui/libraries/semiconductors/wolfspeed/data/modules/CAB011A12GM3.xml,13205,96a7cd120e1120604ca2bd94ff4d86f61ad2a830dea891391b7e2ac992c64df2,.xml
src/pe_claw_gui/libraries/semiconductors/wolfspeed/data/modules/CAB011A12GM3_bodydiode.xml,9014,4f4f4dc8c133de07ca4bbadb25900a21bdc6cf4e66f81fabea6996ed1173e1fa,.xml
src/pe_claw_gui/libraries/semiconductors/wolfspeed/data/modules/CAB011M12FM3.xml,11669,643f730ce8db217571bd02c49fc3c77b3b9216fb701d2430c2c0565b664c1dce,.xml
src/pe_claw_gui/libraries/semiconductors/wolfspeed/data/modules/CAB011M12FM3_bodydiode.xml,8267,851929c1e7d8af1d1a11a7f706507041fe3c85f8259cd80de2c5bff3ea51e22d,.xml
src/pe_claw_gui/libraries/semiconductors/wolfspeed/data/modules/CAB016M12FM3.xml,11672,1c3d5cfbf8a1446e5bf5dccb6e993fd4ed74f46820aa2c005686940dcc3143ce,.xml
src/pe_claw_gui/libraries/semiconductors/wolfspeed/data/modules/CAB016M12FM3_bodydiode.xml,8771,ffc6e5624357737374161061336825bc8d7d6f0123470f3acc1cbb4e1aad44ac,.xml
src/pe_claw_gui/libraries/semiconductors/wolfspeed/data/modules/CAB320M17XM3.xml,14155,6ec4e6284b1c67cd08ca56e4f020ea548e0cf3a3ce5ea22a0122c815615a3381,.xml
src/pe_claw_gui/libraries/semiconductors/wolfspeed/data/modules/CAB320M17XM3_bodydiode.xml,9400,9a2bf987b9a479c6828d95788a2ae7ea6213f0f55abb1cf399148a091481c1f1,.xml
src/pe_claw_gui/libraries/semiconductors/wolfspeed/data/modules/CAB3R5M12DM4.xml,73624,69520897fd62ec78fbcbd64432645b77d1687cb61c7fe6b4729092efaa43394a,.xml
src/pe_claw_gui/libraries/semiconductors/wolfspeed/data/modules/CAB3R5M12DM4_bodydiode.xml,38677,a3ee877b226ad992a15da6b1536e63f4bc641b134f855289b876ff07f1beba9e,.xml
src/pe_claw_gui/libraries/semiconductors/wolfspeed/data/modules/CAB400M12XM3.xml,15557,7c453e30ee003b7feb621374c83f734438e4365ff50a06b6b3ba545bb5dee358,.xml
src/pe_claw_gui/libraries/semiconductors/wolfspeed/data/modules/CAB400M12XM3_bodydiode.xml,10152,467064ec102ff8461584198242f5a85156ae6d5068608c7455e356baeba4905e,.xml
src/pe_claw_gui/libraries/semiconductors/wolfspeed/data/modules/CAB425M12XM3.xml,15946,ff46ede6d5bd280a2e9652c1e03ab3a5cd9f39e070281a3b1f097ed405c90bdc,.xml
src/pe_claw_gui/libraries/semiconductors/wolfspeed/data/modules/CAB425M12XM3_bodydiode.xml,10344,ca6226825eabccaa7fe68c9ff269a532d375c9047727c889672ed20a122b3eeb,.xml
src/pe_claw_gui/libraries/semiconductors/wolfspeed/data/modules/CAB450M12XM3.xml,16334,4b8cfabc3ffae5561360a97cfc1949824aee6032024950c3290a5767f78636f3,.xml
src/pe_claw_gui/libraries/semiconductors/wolfspeed/data/modules/CAB450M12XM3_bodydiode.xml,9892,f86ecbc0765989e8fa6a15587dded4a6145068a33c9793ee0225ba87b16c2a62,.xml
src/pe_claw_gui/libraries/semiconductors/wolfspeed/data/modules/CAB500M17HM3.xml,13617,76fd2428f5fee331d72c9176fd76e6fbfc636ac40b24f6435bedfce6fd2565bb,.xml
src/pe_claw_gui/libraries/semiconductors/wolfspeed/data/modules/CAB500M17HM3_bodydiode.xml,9207,ebe2601fcb80cfd4bf525a91e84d3b525ec242a20ed9aaf2ed04e143ef4ac13a,.xml
src/pe_claw_gui/libraries/semiconductors/wolfspeed/data/modules/CAB525F12XM3.xml,13770,3235cb15c81d5e51811b5d250789c4e3a82c62f52cbdf0b265d15212c0fb2445,.xml
src/pe_claw_gui/libraries/semiconductors/wolfspeed/data/modules/CAB525F12XM3_bodydiode.xml,8833,6236d0126d9c06f2842dac88000c4957b33458d5964db380e431a81f7fd892ff,.xml
src/pe_claw_gui/libraries/semiconductors/wolfspeed/data/modules/CAB530M12BM3.xml,13733,239e385b6e90d7906fcd2cf77417eb71235ebfeb3a52debc485a09dcbaeb5bd9,.xml
src/pe_claw_gui/libraries/semiconductors/wolfspeed/data/modules/CAB530M12BM3_bodydiode.xml,9031,3f3392846bcad3706ba378de9d607dfce71ad4b9d2f43c64abe8faab8ff15fa5,.xml
src/pe_claw_gui/libraries/semiconductors/wolfspeed/data/modules/CAB5R0A23GM4.xml,68989,5545ff396c7f0543c6b47560d8bfb3910aaa61c3cc6ba33c16a1f3097c3fe6fa,.xml
src/pe_claw_gui/libraries/semiconductors/wolfspeed/data/modules/CAB5R0A23GM4_bodydiode.xml,36377,c3f7fbbfe5b4efd2e2befbcc1f6e38309e4002bf96cfbfd56fe19fa58ff4c1b5,.xml
src/pe_claw_gui/libraries/semiconductors/wolfspeed/data/modules/CAB600M33LM3.xml,59547,609287cf5b6e990d4dacbeb4b73be2eb52f714fe25bf0b7760a6d1b555aed1ad,.xml
src/pe_claw_gui/libraries/semiconductors/wolfspeed/data/modules/CAB600M33LM3_bodydiode.xml,32080,bc3ac21d3ecd73bd260a5b39ec501052010c220bd3623db24ed2f333d9d7ca01,.xml
src/pe_claw_gui/libraries/semiconductors/wolfspeed/data/modules/CAB650M17HM3.xml,14788,498c979436380b0f607057d92ba8c665ebabcd8c8ca88f187f58d8a416460502,.xml
src/pe_claw_gui/libraries/semiconductors/wolfspeed/data/modules/CAB650M17HM3_bodydiode.xml,9771,7bf3f07973ff791f3e16d4fe045dec260755ba6f8a841fdfb9c7369a4f58bf66,.xml
src/pe_claw_gui/libraries/semiconductors/wolfspeed/data/modules/CAB6R0A23GM4.xml,78248,aad71f76e25db44731f16512ed6163dd8d65dec7edcb7c7efd8a24cc97caf699,.xml
src/pe_claw_gui/libraries/semiconductors/wolfspeed/data/modules/CAB6R0A23GM4_bodydiode.xml,40857,2668c7bf8eeec63dd9f7e978fd262ef6e4c9d9cebe899d6d5f71b028fcaef434,.xml
src/pe_claw_gui/libraries/semiconductors/wolfspeed/data/modules/CAB760M12HM3.xml,15635,cec96ee864f95f740d7b9415f95aadf2f77b5b67e010de62f795a67535e3d67b,.xml
src/pe_claw_gui/libraries/semiconductors/wolfspeed/data/modules/CAB760M12HM3_bodydiode.xml,9922,4fc172d185e7f561dda5aaf5d5d925a7e605f31de9f7b52555b9753521df001c,.xml
src/pe_claw_gui/libraries/semiconductors/wolfspeed/data/modules/CAB7R5A23GM4.xml,78242,ef6d96fd1e714f1c095ec4c0c9a79e8a73bdd83a13942b5ae192eea8743f4101,.xml
src/pe_claw_gui/libraries/semiconductors/wolfspeed/data/modules/CAB7R5A23GM4_bodydiode.xml,40727,23b8084c090fbec7543270d1fa802d4dba69632c79a6497a672d30c0d1375885,.xml
src/pe_claw_gui/libraries/semiconductors/wolfspeed/data/modules/CAR600M12HN6_diode.xml,5279,8f2fa9d7bcc401b5a1240778cffabfd61e5e7f67f381dee8276eaff87aa18962,.xml
src/pe_claw_gui/libraries/semiconductors/wolfspeed/data/modules/CAR600M17HN6_diode.xml,5279,cf3df58bdf0635c92a291a09fa70677c6385ed34626cf1ec70b688cb4e4f8f4d,.xml
src/pe_claw_gui/libraries/semiconductors/wolfspeed/data/modules/CAS120M12BM2.xml,8664,099d497be0404d9adb38475c8478ab71565d9f6cb28d52033a4cdb767712b903,.xml
src/pe_claw_gui/libraries/semiconductors/wolfspeed/data/modules/CAS120M12BM2_schottkydiode.xml,4180,c90e2948a5b7f36f49d555fa97511067f7db465f6adad04a6e8b383e086d5ba3,.xml
src/pe_claw_gui/libraries/semiconductors/wolfspeed/data/modules/CAS175M12BM3.xml,14011,74c8831a932d0c0388579c9b5d74998fd3704f92ad695cb1ae6f609457c14709,.xml
src/pe_claw_gui/libraries/semiconductors/wolfspeed/data/modules/CAS175M12BM3_schottkydiode.xml,5453,1f1aca3e39d1921b1ce7315fed6746a1c3f9cec09e799621360f04ba3a3a70c9,.xml
src/pe_claw_gui/libraries/semiconductors/wolfspeed/data/modules/CAS300M12BM2.xml,11657,43224084965dcfea71f377ca598b1f49837d8a924acbb985ee549c2c63369551,.xml
src/pe_claw_gui/libraries/semiconductors/wolfspeed/data/modules/CAS300M12BM2_schottkydiode.xml,5543,8345cdb249dd5ecc4a0eca070000b2d9fa8d1d789862c2ddf092e85d2f3f6472,.xml
src/pe_claw_gui/libraries/semiconductors/wolfspeed/data/modules/CAS300M17BM2.xml,7756,6d93f5a8564afc450decc3706cd692fc966163baa1bca1572cf1f12f26451dcb,.xml
src/pe_claw_gui/libraries/semiconductors/wolfspeed/data/modules/CAS300M17BM2_schottkydiode.xml,3955,b2e1e3fe54daecf2c85b0aeabf8e00aba59bd8d7411b457021c3be63c780404c,.xml
src/pe_claw_gui/libraries/semiconductors/wolfspeed/data/modules/CAS310M17BM3.xml,14108,f11d27dc1b15908136edf76568cbabcb9548d2a4b53daa5aef38ee3b19445673,.xml
src/pe_claw_gui/libraries/semiconductors/wolfspeed/data/modules/CAS310M17BM3_schottkydiode.xml,5453,ec05f87a2c345e301046edc8ab836cb8d56c909fe3b9beb689bd107e39dbea5c,.xml
src/pe_claw_gui/libraries/semiconductors/wolfspeed/data/modules/CAS350M12BM3.xml,14772,e3a38832fd31eb8319fbad72860c34a1282747a91f003cad234a5cf2c8cbbb5b,.xml
src/pe_claw_gui/libraries/semiconductors/wolfspeed/data/modules/CAS350M12BM3_schottkydiode.xml,5581,460224c4b36da9c0353cbe70b51e0b58aba726024c19942415f4587ab26d8459,.xml
src/pe_claw_gui/libraries/semiconductors/wolfspeed/data/modules/CAS380M17HM3.xml,15293,6e461e8ca1ca1be92403377e32de7adc355e68dad3eb40e627b1f52949d38f18,.xml
src/pe_claw_gui/libraries/semiconductors/wolfspeed/data/modules/CAS380M17HM3_schottkydiode.xml,5645,13b10eb92392128f5e70c4fb207fe261689b7213866ad8464deb175cea173cc0,.xml
src/pe_claw_gui/libraries/semiconductors/wolfspeed/data/modules/CAS480M12HM3.xml,16817,013e6ce6eb8aa21887c9b05a4758cf82a72b4fe5c4a35cadee5e39d251be50db,.xml
src/pe_claw_gui/libraries/semiconductors/wolfspeed/data/modules/CAS480M12HM3_schottkydiode.xml,5709,69d04d9156a9a9005481183a5c70a9dcbef5742a0c288fdfc3b6b9b5a7f5816f,.xml
src/pe_claw_gui/libraries/semiconductors/wolfspeed/data/modules/CAS530M12BM3.xml,13756,87bd4cf24ecf46812734c59f063e1b3f76fa5ad6d559cc1c93edba2f651c6610,.xml
src/pe_claw_gui/libraries/semiconductors/wolfspeed/data/modules/CAS530M12BM3_schottkydiode.xml,5390,134eb8c29756d7ba193b6ba6652b493d50371c8774ae87f2894156d6f9067f5a,.xml
src/pe_claw_gui/libraries/semiconductors/wolfspeed/data/modules/CBB010A12FM4.xml,68586,8a445e223caa083a6c31c7dd8cb656c49e29728dee358139662dadc756931bb6,.xml
src/pe_claw_gui/libraries/semiconductors/wolfspeed/data/modules/CBB010A12FM4_bodydiode.xml,36030,1df166df4633ac15d46bc85243fb681cc176ae005a4ffcfa626a1d2040543e10,.xml
src/pe_claw_gui/libraries/semiconductors/wolfspeed/data/modules/CBB010A23GM4.xml,73608,6cf40d1af13d00ede8f04f22c8a661b26814bb446817664774420ac610ad7375,.xml
src/pe_claw_gui/libraries/semiconductors/wolfspeed/data/modules/CBB010A23GM4_bodydiode.xml,38698,a309e2aec2667f7712359f40099dc8b3b63cd86222184d7b81d93ac3a83be164,.xml
src/pe_claw_gui/libraries/semiconductors/wolfspeed/data/modules/CBB011M12GM4.xml,59734,4e3b1b8a37d2d710422bb72158a80543cc7c02023f0154d3268c77e683aa9ae6,.xml
src/pe_claw_gui/libraries/semiconductors/wolfspeed/data/modules/CBB011M12GM4_bodydiode.xml,31765,7a3b95f4b7cf5a27b69e1982de17f33779bbaeb6924340139a563d809a286f65,.xml
src/pe_claw_gui/libraries/semiconductors/wolfspeed/data/modules/CBB014A12FM4.xml,68581,5e15c3621c61824de12dd5a628e7e5d6e4e268d38be90194bc27ee6e8960f240,.xml
src/pe_claw_gui/libraries/semiconductors/wolfspeed/data/modules/CBB014A12FM4_bodydiode.xml,36535,6638693eaa63fa79fdbea76fafe90b1bcf3173d9ea05cfcda46bcbf98854acca,.xml
src/pe_claw_gui/libraries/semiconductors/wolfspeed/data/modules/CBB017M12FM4.xml,55368,9c14549c27f578aaaa4816f4c906fc0964b1c8eaf5ea1c1d8bd969cd5287048f,.xml
src/pe_claw_gui/libraries/semiconductors/wolfspeed/data/modules/CBB017M12FM4_bodydiode.xml,29837,e0b5e93166c591416b1ced5e610bd09accd793129292a52b5718f71261b8427a,.xml
src/pe_claw_gui/libraries/semiconductors/wolfspeed/data/modules/CBB021M12FM3.xml,12458,e9cbe2d214e89c8ba6ee984cd430e2e7243906ff17222fe3b0a0c79dfbca3d3a,.xml
src/pe_claw_gui/libraries/semiconductors/wolfspeed/data/modules/CBB021M12FM3_bodydiode.xml,8646,1f9973a8b1a33897ad77e579e5d438314fc07281348534645685ce68b0705671,.xml
src/pe_claw_gui/libraries/semiconductors/wolfspeed/data/modules/CBB030A23FM4.xml,73576,a994b27f311ccd6ccb72132552ef9e9cee89872e7b7ccaaf7ddda8a6e318670f,.xml
src/pe_claw_gui/libraries/semiconductors/wolfspeed/data/modules/CBB030A23FM4_bodydiode.xml,38680,83140345101a75a2f31c8509ee865073aa1d3b6cd97527011b29c984418e0e08,.xml
src/pe_claw_gui/libraries/semiconductors/wolfspeed/data/modules/CBB032M12FM3.xml,12448,69bc5f2d14908bbbf4da92d5f242c44e612b1cadc3670fe05481ae35c83eac2f,.xml
src/pe_claw_gui/libraries/semiconductors/wolfspeed/data/modules/CBB032M12FM3_bodydiode.xml,8520,c7dcbde05cc7a160bd0272dae5f1db8ffb653ac564678a888125b0152efc9ca0,.xml
src/pe_claw_gui/libraries/semiconductors/wolfspeed/data/modules/CCB016M12GM3.xml,12421,8911d2b842ddae8af3983c114545ad8b0c83d9508cbf205cd206e010bc875218,.xml
src/pe_claw_gui/libraries/semiconductors/wolfspeed/data/modules/CCB016M12GM3_bodydiode.xml,8622,b08e74eb5eed1c61744b213db83f1d0b0e3939ae347b784073ee372f0c8b9c33,.xml
src/pe_claw_gui/libraries/semiconductors/wolfspeed/data/modules/CCB021M12FM3.xml,12458,9711f67b199bd9c3aee9a19a862ba5d4671c72d966972928e107eee46c0d183e,.xml
src/pe_claw_gui/libraries/semiconductors/wolfspeed/data/modules/CCB021M12FM3_bodydiode.xml,8643,2726030e0a0f2c3da8c805857e2a7caa505ce35c0e0e465f77a57e7e49da9a58,.xml
src/pe_claw_gui/libraries/semiconductors/wolfspeed/data/modules/CCB032M12FM3.xml,12452,e8f138311946bc2494f95ab01a347ff666739f21f96eb7987d09546d3b976a57,.xml
src/pe_claw_gui/libraries/semiconductors/wolfspeed/data/modules/CCB032M12FM3_bodydiode.xml,8515,a713ae969467b902838be95fdf614d5a654817403921b531d85130933703ee19,.xml
src/pe_claw_gui/libraries/semiconductors/wolfspeed/data/modules/CHB011M12GM4.xml,11674,ea6c446c6b70cdea9981c4859404a4ca120aa7904e14a7e100a318897e39d5fc,.xml
src/pe_claw_gui/libraries/semiconductors/wolfspeed/data/modules/CHB011M12GM4_bodydiode.xml,8256,3e58373167f61cd747064f90074b53b00cf4cc7e40b445fb83c3ff82abd1f911,.xml
src/pe_claw_gui/libraries/semiconductors/wolfspeed/data/modules/CHB7R5A23GM4_M11.xml,71550,6fc36d7a9ccd4f0f6d1aa08368caa3d923139312f774ac57b53bb09ce6b553f0,.xml
src/pe_claw_gui/libraries/semiconductors/wolfspeed/data/modules/CHB7R5A23GM4_M11_bodydiode.xml,37386,032e557a81fe8226154c24bbab1985332367b74538971c3e71f4129d975a70a2,.xml
src/pe_claw_gui/libraries/semiconductors/wolfspeed/data/modules/CHB7R5A23GM4_M13.xml,58880,59e885b250b5984075e5061eb4cc0660adebbeeacdc36181d9d150ff3d81bb86,.xml
src/pe_claw_gui/libraries/semiconductors/wolfspeed/data/modules/CHB7R5A23GM4_M13_bodydiode.xml,31332,e5f1dfb15ab94c033c23c2a0927990b974be69d0934ae53f1a7d95445231f4ac,.xml
src/pe_claw_gui/libraries/semiconductors/wolfspeed/data/modules/CLB650M17HM3.xml,14790,a2f2962e4b90d88867da7829a394b89861d8c93726d5c1eec4335b052ad0923a,.xml
src/pe_claw_gui/libraries/semiconductors/wolfspeed/data/modules/CLB650M17HM3_bodydiode.xml,9773,4a965e3d320b68df2204fd484889ae3781618969fed0938f412990eb7866882e,.xml
src/pe_claw_gui/libraries/semiconductors/wolfspeed/data/modules/CLB800M12HM3P.xml,68851,4f71806f2774206bfcc6520487bcadf18693683f5395383998d44881b34f6b02,.xml
src/pe_claw_gui/libraries/semiconductors/wolfspeed/data/modules/CLB800M12HM3P_bodydiode.xml,35557,3969b7c2c2c968b11d5993d3718527897bcbdc69861bfc0e58cdb1983a36ac5d,.xml
src/pe_claw_gui/libraries/semiconductors/wolfspeed/data/modules/ECB1R6M12YM4.xml,99132,02829306dbce35c309f9e63399b3286708f6682ad05acdbdbdbd55679ccfba45,.xml
src/pe_claw_gui/libraries/semiconductors/wolfspeed/data/modules/ECB1R6M12YM4_bodydiode.xml,51573,12b097592f7606db6af403e8cb5a133bf76b7121bea7c0b5f7ad73020c0780e8,.xml
src/pe_claw_gui/libraries/semiconductors/wolfspeed/data/modules/ECB2R1M12YM3.xml,68417,2319c90409c3b26ed400abd98ccbbdfe163c5b7c3123d1f827ecccf98ccd7b09,.xml
src/pe_claw_gui/libraries/semiconductors/wolfspeed/data/modules/ECB2R1M12YM3_bodydiode.xml,35889,83658934c1da07668730b94c3af09be64a2a03f47ad8e703ff1136f039c47c10,.xml
src/pe_claw_gui/libraries/semiconductors/wolfspeed/data/modules/ECB2R1M12YM4.xml,57619,a12d3af408f93cb466e7dcdacc142d4558a8ffecd3b66e8478e69c26b94517f8,.xml
src/pe_claw_gui/libraries/semiconductors/wolfspeed/data/modules/ECB2R1M12YM4_bodydiode.xml,30083,5867a13111d4ef5014cbd730f1f3ec1dc5c3419e77dee97e0841dd8fec1e639f,.xml
src/pe_claw_gui/libraries/semiconductors/wolfspeed/data/modules/ECB2R8M12YM3.xml,87512,ada9af85359841dd9e1d445c3e66a460f44de4e5728259d6d80a3f26c130a9b1,.xml
src/pe_claw_gui/libraries/semiconductors/wolfspeed/data/modules/ECB2R8M12YM3_bodydiode.xml,45379,3e4b3e2c49726ba108405349ed15cd3d8287eca08f010b15e9024e7c43d1236d,.xml
src/pe_claw_gui/libraries/semiconductors/wolfspeed/data/modules/ECB3R1M12YM4.xml,65917,18a785c0a325b25d9915768f552edd0dce5b32820d2411c24d326a8ebaefcc39,.xml
src/pe_claw_gui/libraries/semiconductors/wolfspeed/data/modules/ECB3R1M12YM4_bodydiode.xml,34682,dc079741f500673fec0229695a85ad2db57613ba93bd2f83a8831bdf552bafc0,.xml
src/pe_claw_gui/libraries/semiconductors/wolfspeed/data/modules/ECB4R3M12YM3.xml,74403,4aba93f3ccde6b99aa49d889d89d15825560e805f1596ea3385af98fca923a67,.xml
src/pe_claw_gui/libraries/semiconductors/wolfspeed/data/modules/ECB4R3M12YM3_bodydiode.xml,39514,4924fb5f46bc7f04325822b72d6d9bd1b77ec3f40511cc09dc61271a08c2c759,.xml
src/pe_claw_gui/libraries/semiconductors/wolfspeed/data/modules/WAB300M12BM3.xml,8566,803bf236a225b9cd065148dc6bcd7cf408ce356ee74db22f3cc514cb9e76ca1d,.xml
src/pe_claw_gui/libraries/semiconductors/wolfspeed/data/modules/WAB300M12BM3_bodydiode.xml,4316,65454cbd592287a1f57a7955e7f7793c93d030ae556639ccdb16509a5344d2b4,.xml
src/pe_claw_gui/libraries/semiconductors/wolfspeed/data/modules/WAB400M12BM3.xml,9406,79ea1a2338b2888ad98c45f144be229c20c0cde720bd23ff47c5bd153e3bab04,.xml
src/pe_claw_gui/libraries/semiconductors/wolfspeed/data/modules/WAB400M12BM3_bodydiode.xml,4388,291fd4711a1ba15100e21682e9c486b5e3495f490a0b30ec4906b6a54ef03daf,.xml
src/pe_claw_gui/libraries/semiconductors/wolfspeed/data/mosfet_with_diode/C2M0025120D.xml,7911,efdec3d43acc95cb8259c002137411002c22208aa8a45c3c28f918f6ea2169c0,.xml
src/pe_claw_gui/libraries/semiconductors/wolfspeed/data/mosfet_with_diode/C2M0040120D.xml,7835,a7f4cb5b6cc9b54b74668f17f527df3affd4ff733446acb2ac4eedc2e12d9a07,.xml
src/pe_claw_gui/libraries/semiconductors/wolfspeed/data/mosfet_with_diode/C2M0045170D.xml,8403,12e28272be6bfd836b20b13489b5df138ab36ce8063ed846df22a10f9d86eef7,.xml
src/pe_claw_gui/libraries/semiconductors/wolfspeed/data/mosfet_with_diode/C2M0045170P.xml,8392,f5c2157474147603024998e1f7bb39ea990f4acc088209ab720361c2ca5fdc0c,.xml
src/pe_claw_gui/libraries/semiconductors/wolfspeed/data/mosfet_with_diode/C2M0080120D.xml,7806,a3377aeb9181ec8908046fa1dfeff77cfe7c44afe326064e488adfc66c37ee3c,.xml
src/pe_claw_gui/libraries/semiconductors/wolfspeed/data/mosfet_with_diode/C2M1000170D.xml,8849,887156e837fc38d6536b179396370142cd86c9e07b02f3e86b21f063d6c978ff,.xml
src/pe_claw_gui/libraries/semiconductors/wolfspeed/data/mosfet_with_diode/C2M1000170J.xml,9667,782b6f4102bf8a4b6f2833e99c2f4aa007c8cefb1e9bc5ad917559b5f33c5e1f,.xml
src/pe_claw_gui/libraries/semiconductors/wolfspeed/data/mosfet_with_diode/C3M0015065D.xml,9277,d7baa06850839ff7ae1925e7d26f9b5aaf8119534f9217b073da525e910ea868,.xml
src/pe_claw_gui/libraries/semiconductors/wolfspeed/data/mosfet_with_diode/C3M0015065K.xml,8968,03ef11549e968208d443e297ec30d50ecae15e33bc9d8cc6aefd79615c198666,.xml
src/pe_claw_gui/libraries/semiconductors/wolfspeed/data/mosfet_with_diode/C3M0016120D.xml,10017,1fb6cbd6828f320a235e0e273be9384c63a4fb01941c384ccafb2e507ef49441,.xml
src/pe_claw_gui/libraries/semiconductors/wolfspeed/data/mosfet_with_diode/C3M0016120K.xml,11360,6a9da55632c62c394902fa8bca8161db7e274ce67ad4940c6548204f15eb8ecd,.xml
src/pe_claw_gui/libraries/semiconductors/wolfspeed/data/mosfet_with_diode/C3M0016120K1.xml,11149,90e89e270e75fe2ee9e9cca8d6e2c60e2d03ba552b7ee362d1a92a0d31ca4fb3,.xml
src/pe_claw_gui/libraries/semiconductors/wolfspeed/data/mosfet_with_diode/C3M0021120D.xml,9405,3da309dfa0fce34edb7ba4ae59f31eafcd33feff505f429339ae90c945226bc3,.xml
src/pe_claw_gui/libraries/semiconductors/wolfspeed/data/mosfet_with_diode/C3M0021120J2.xml,11338,2d2491de774df0088542bb19c7f6313f19cff8b271bcbf87d10166196c0ebcb0,.xml
src/pe_claw_gui/libraries/semiconductors/wolfspeed/data/mosfet_with_diode/C3M0021120K.xml,10984,c4d70ad76e25ee4f7e246c4bb4fd5164ac80a4e4277601e1582fdc7aa22d5b50,.xml
src/pe_claw_gui/libraries/semiconductors/wolfspeed/data/mosfet_with_diode/C3M0021120K1.xml,11308,522a49bbaa8586672364c850363db273fd14f007daf5461c6bd30492204fc444,.xml
src/pe_claw_gui/libraries/semiconductors/wolfspeed/data/mosfet_with_diode/C3M0025065D.xml,9212,d3c1b00a93cd914de2f97901c395b812951ef88a5639b0ec49d4bddcf514a184,.xml
src/pe_claw_gui/libraries/semiconductors/wolfspeed/data/mosfet_with_diode/C3M0025065J1.xml,9165,01b4ba5c64ccd30e203561788820f8b32532e9d66c3607708bea3cb756e160bd,.xml
src/pe_claw_gui/libraries/semiconductors/wolfspeed/data/mosfet_with_diode/C3M0025065K.xml,9221,1ca8759a5a7d04ddf9623fe4042f6503ac59fcf607628cd941d9230adf04de18,.xml
src/pe_claw_gui/libraries/semiconductors/wolfspeed/data/mosfet_with_diode/C3M0025065L.xml,9922,7875f228efc51f1afe3dba1950667398b5dafa9f1c6e7b0a29dc1760d49584ba,.xml
src/pe_claw_gui/libraries/semiconductors/wolfspeed/data/mosfet_with_diode/C3M0025075K1.xml,10090,0ff4f11c552b28cab6f6491f333ef29efbd050933e6971c49dfb3bde65bd1ac5,.xml
src/pe_claw_gui/libraries/semiconductors/wolfspeed/data/mosfet_with_diode/C3M0030090K.xml,11234,390e8fb6187b69a17debf03a96e13a3c9e80756f51bfd44c9d7665c74d6e7698,.xml
src/pe_claw_gui/libraries/semiconductors/wolfspeed/data/mosfet_with_diode/C3M0032120D.xml,9341,3c0569977eb0eadff183517e7595e3926b1c0a3bef238b0c35d3d289bfd66fd7,.xml
src/pe_claw_gui/libraries/semiconductors/wolfspeed/data/mosfet_with_diode/C3M0032120J1.xml,10729,6c89111c683d97cfcc21d4ce1e41b1bb2f2e0f1351fbccf53399c92b7166f7f7,.xml
src/pe_claw_gui/libraries/semiconductors/wolfspeed/data/mosfet_with_diode/C3M0032120J2.xml,11017,37aedd4901ce99c9f29d977bd10352043c745188aaf7fadc5359d1ebbe0a954c,.xml
src/pe_claw_gui/libraries/semiconductors/wolfspeed/data/mosfet_with_diode/C3M0032120K.xml,10387,23d213cb955b354d09648e143ef1b93105ff1c8be22c8c3f89f15fe680356509,.xml
src/pe_claw_gui/libraries/semiconductors/wolfspeed/data/mosfet_with_diode/C3M0032120K1.xml,10395,0365a0f6dbdca6738669a3dd5d5f22843786dd2cf6f360b8baf94331b4b87ea4,.xml
src/pe_claw_gui/libraries/semiconductors/wolfspeed/data/mosfet_with_diode/C3M0040120D.xml,10709,256831b967be0fa73982f03f5e2d88faa0bd8ec835c8afeea6a68028c6566b56,.xml
src/pe_claw_gui/libraries/semiconductors/wolfspeed/data/mosfet_with_diode/C3M0040120J1.xml,9376,0a3e4df81101c848a49e8d19c4a03c5bda01da9f87991c9e12189ad6f34c4198,.xml
src/pe_claw_gui/libraries/semiconductors/wolfspeed/data/mosfet_with_diode/C3M0040120K.xml,10705,cd4a770643c0c386c57775a463755a8fbbad2352e22b81e6a614638d44e27b29,.xml
src/pe_claw_gui/libraries/semiconductors/wolfspeed/data/mosfet_with_diode/C3M0040120K1.xml,10769,40ade60d975b0dc253f73cbfcf5c00c2e9f3bef025370f3d3eed647da2a34642,.xml
src/pe_claw_gui/libraries/semiconductors/wolfspeed/data/mosfet_with_diode/C3M0045065D.xml,9038,d44ee5ac48590f6dec30b47e894cbab1fd2b75cbcc53eb82fc98ba70d2ea9a1a,.xml
src/pe_claw_gui/libraries/semiconductors/wolfspeed/data/mosfet_with_diode/C3M0045065J1.xml,8826,ac0b5b42d71f4905a7c5d60bacece83a6f34c9074904b29b94da9cc5e63714be,.xml
src/pe_claw_gui/libraries/semiconductors/wolfspeed/data/mosfet_with_diode/C3M0045065K.xml,9038,9de29b4df4d2a5104eee43c6a0714632ca0000292efdaeeca318b9f274de1b1e,.xml
src/pe_claw_gui/libraries/semiconductors/wolfspeed/data/mosfet_with_diode/C3M0045065L.xml,9075,f9bdb330bdd50835f44c76e150fc64a802fbca6fa727b06589946685d7f4e490,.xml
src/pe_claw_gui/libraries/semiconductors/wolfspeed/data/mosfet_with_diode/C3M0045075K1.xml,9395,69990d2abb6578b41b6a95149bc49e6277d4b731eaf70652720fcc1c7085edd0,.xml
src/pe_claw_gui/libraries/semiconductors/wolfspeed/data/mosfet_with_diode/C3M0060065D.xml,9195,5e5111277165959d11c3b85f13a1c49b6e6a905edfc5ec8e04ad0b879387d1b8,.xml
src/pe_claw_gui/libraries/semiconductors/wolfspeed/data/mosfet_with_diode/C3M0060065J.xml,10642,113afcd45aa70ff886308c5b8a071f5ad0d345a6b2c50bc4a8fa6fc56adfc24f,.xml
src/pe_claw_gui/libraries/semiconductors/wolfspeed/data/mosfet_with_diode/C3M0060065K.xml,9136,4312d963c64a0df41c86e60b9a330d81824e6783a890f974d8cf350bb4b34eec,.xml
src/pe_claw_gui/libraries/semiconductors/wolfspeed/data/mosfet_with_diode/C3M0060065L.xml,9166,4640c1fef5c2b3547249dfa5152ee32edab58ad3c0f956893ecb4678241d7626,.xml
src/pe_claw_gui/libraries/semiconductors/wolfspeed/data/mosfet_with_diode/C3M0060075K1.xml,9272,7d6cd0f27834d284cc8fde31a73c2f0bed2fead8be54fe862a2a5fe466ed0d63,.xml
src/pe_claw_gui/libraries/semiconductors/wolfspeed/data/mosfet_with_diode/C3M0065090D.xml,10847,031648b0ae794cad0e0ec832a571587e64a8716e1232c828c07561d18bcc41c4,.xml
src/pe_claw_gui/libraries/semiconductors/wolfspeed/data/mosfet_with_diode/C3M0065090J.xml,9882,c4b5e474c8a8c08c5001b4d6440f8a0c7759250d46959e62645d0769de37aaa6,.xml
src/pe_claw_gui/libraries/semiconductors/wolfspeed/data/mosfet_with_diode/C3M0065100J.xml,11407,4f29bb2f54a7839d45789aaf3d27eb65ce9fb252dd5f742a218ff07de9834532,.xml
src/pe_claw_gui/libraries/semiconductors/wolfspeed/data/mosfet_with_diode/C3M0065100K.xml,10976,3a01d179bbc549f496f60e8762d884c2ea05713626d7705c10882beaf30c17fa,.xml
src/pe_claw_gui/libraries/semiconductors/wolfspeed/data/mosfet_with_diode/C3M0075120D.xml,9095,3fea29a4b2e893596c167602f77703e977c9042b7cfc81777dbe7b11656d5930,.xml
src/pe_claw_gui/libraries/semiconductors/wolfspeed/data/mosfet_with_diode/C3M0075120J.xml,10669,7c32447e7f75b72f5c7d70d329eb49be3af2d6d3fb5c55eabd9d2af2fe7c8efb,.xml
src/pe_claw_gui/libraries/semiconductors/wolfspeed/data/mosfet_with_diode/C3M0075120J2.xml,10361,1e35c1521c60c0ace28334cd1843d76e67d633e0a74c1f3c2b195dea00407cf5,.xml
src/pe_claw_gui/libraries/semiconductors/wolfspeed/data/mosfet_with_diode/C3M0075120K.xml,10401,9eeef9a94f77c0ee82ebad416dae64ff1e798867f8c767bd39dcff227a193e84,.xml
src/pe_claw_gui/libraries/semiconductors/wolfspeed/data/mosfet_with_diode/C3M0075120K1.xml,10499,d297d306ec0bddcc6f9bb0bf7ee46a78a95d2409ebd7a068d2b28a784c2cfad3,.xml
src/pe_claw_gui/libraries/semiconductors/wolfspeed/data/mosfet_with_diode/C3M0120065D.xml,11237,67fbe330a7079bf3492e8e6892005203ac1f7a971a2a8cb539ddf744db16d58a,.xml
src/pe_claw_gui/libraries/semiconductors/wolfspeed/data/mosfet_with_diode/C3M0120065J.xml,11197,12f6aef07f639f2912a58d331ace62c1aeb8df6ece50ed2d33b05b89183fccb8,.xml
src/pe_claw_gui/libraries/semiconductors/wolfspeed/data/mosfet_with_diode/C3M0120065K.xml,11193,d764060759a26daebd923e789d5dfd873a3a6f44f0c7feb3b956ebbfb628472a,.xml
src/pe_claw_gui/libraries/semiconductors/wolfspeed/data/mosfet_with_diode/C3M0120065L.xml,9852,dd2d8d82f083d6813f480a7246fba5f09599e01f282b58e74b47d99faa017f8d,.xml
src/pe_claw_gui/libraries/semiconductors/wolfspeed/data/mosfet_with_diode/C3M0120090D.xml,9852,e8592a305d4cddc43c1805365f4acc112242e27cde0f5e8fa956b174c2fcb79e,.xml
src/pe_claw_gui/libraries/semiconductors/wolfspeed/data/mosfet_with_diode/C3M0120090J.xml,10179,e9fbb08fff09c0d035f9aafaa712510acffb8f784960f767729d94d0cb59bd4a,.xml
src/pe_claw_gui/libraries/semiconductors/wolfspeed/data/mosfet_with_diode/C3M0120100J.xml,9827,10021020467bf8da0ac2e56dc2d6f6b044dec43d572f37ecb5d2975b2bdd6c2e,.xml
src/pe_claw_gui/libraries/semiconductors/wolfspeed/data/mosfet_with_diode/C3M0120100K.xml,9787,b891569d59d6cbd9755b1e2ddf3a54d20bc3fde400961b373c0d76980c871733,.xml
src/pe_claw_gui/libraries/semiconductors/wolfspeed/data/mosfet_with_diode/C3M0160120D.xml,10494,3248793e1f590a8a066f43e9aaaf0b0dae7e8e8f42cddef7dff5ea577010593c,.xml
src/pe_claw_gui/libraries/semiconductors/wolfspeed/data/mosfet_with_diode/C3M0160120J.xml,10087,3fde009623ac3ceda06f75e57b9c272997a21b8d88be7523e7f0400b8ea9f5ff,.xml
src/pe_claw_gui/libraries/semiconductors/wolfspeed/data/mosfet_with_diode/C3M0160120K1.xml,10177,3bc8a0ad418380671aa2aaca044354aa8d0b2a3920c86d35be7cc510f712b613,.xml
src/pe_claw_gui/libraries/semiconductors/wolfspeed/data/mosfet_with_diode/C3M0280090D.xml,9689,e2a55d14442de17fc80549c944f1e56c0d2e2ef397a52a3b9f28265279ed63a7,.xml
src/pe_claw_gui/libraries/semiconductors/wolfspeed/data/mosfet_with_diode/C3M0280090J.xml,9717,b044035cf13b41619efda819cb251c71132f39a7f09fe7026d5e65e19cc9674e,.xml
src/pe_claw_gui/libraries/semiconductors/wolfspeed/data/mosfet_with_diode/C3M0350120D.xml,10205,6695bf8f862d24b58c0a83b0214753f709f40618ee0e38ee4d58f590a00f9615,.xml
src/pe_claw_gui/libraries/semiconductors/wolfspeed/data/mosfet_with_diode/C3M0350120J.xml,10281,4b6c1d41849a813d9fd4619da87d546cb167b644a633e55277aca5c15ccdf2ee,.xml
src/pe_claw_gui/libraries/semiconductors/wolfspeed/data/mosfet_with_diode/C4MS025120J2.xml,63778,0d19098bf9794beccc5acc1aa605c67c7c5aa95d296f3251983b5fa79ad65a0d,.xml
src/pe_claw_gui/libraries/semiconductors/wolfspeed/data/mosfet_with_diode/C4MS025120K.xml,63776,8590aa3369a20edcfc60a24e24a6e88f1b263abd7d102aa9cc6ebd7efd4464ed,.xml
src/pe_claw_gui/libraries/semiconductors/wolfspeed/data/mosfet_with_diode/C4MS025120K1.xml,63778,ec6e5243415b6bfdecd206c6b19dfef3c0e1633fa24445400478896295d90d97,.xml
src/pe_claw_gui/libraries/semiconductors/wolfspeed/data/mosfet_with_diode/C4MS025120U2.xml,63778,b978e91e24ca6f1c4fba265900efadf592d07fcf7c9d5564bd07b474604f33cb,.xml
src/pe_claw_gui/libraries/semiconductors/wolfspeed/data/mosfet_with_diode/C4MS036120J2.xml,94472,db6c93671ec640ed31949b1c4b4447f7a949ba89231408d9442677cec41b9b2f,.xml
src/pe_claw_gui/libraries/semiconductors/wolfspeed/data/mosfet_with_diode/C4MS036120K.xml,94470,487bda81ccceb794ef0eb1643725a13d567694d65abcb6ada73096417404f538,.xml
src/pe_claw_gui/libraries/semiconductors/wolfspeed/data/mosfet_with_diode/C4MS036120K1.xml,94472,636a176b518fd1d45eee36ee51643b9a800adef65ca76f7a303ec0cfa6b505c3,.xml
src/pe_claw_gui/libraries/semiconductors/wolfspeed/data/mosfet_with_diode/C4MS036120U2.xml,94472,a431e410249cc886723a8b603a097153a422129a217aa9ca047c339745ff1f79,.xml
src/pe_claw_gui/libraries/semiconductors/wolfspeed/data/mosfet_with_diode/C4MS047120J2.xml,63541,55e81b8366b69d5d4323fab3c341902d6f6d268bcd246430d17c96edc66dee4c,.xml
src/pe_claw_gui/libraries/semiconductors/wolfspeed/data/mosfet_with_diode/C4MS047120K.xml,63539,cbf7c9683849a1b71f85d549142a66d2ff106778925f48c22a4469e809da6fb4,.xml
src/pe_claw_gui/libraries/semiconductors/wolfspeed/data/mosfet_with_diode/C4MS047120K1.xml,63541,99a6238eb3e78e782f68fc64015daff7996258438972c47a10abfe4cce5c1cdf,.xml
src/pe_claw_gui/libraries/semiconductors/wolfspeed/data/mosfet_with_diode/C4MS047120U2.xml,63541,67bd8db0e0e3ab1cf247be70e76a3f8d6a91c67922d72156e2647caca22b8714,.xml
src/pe_claw_gui/libraries/semiconductors/wolfspeed/data/mosfet_with_diode/C4MS065120J2.xml,63478,273bafe88a08e7bd1f4f71481f6980fdd2577a46780f5c5d92b1b65b775ed1ae,.xml
src/pe_claw_gui/libraries/semiconductors/wolfspeed/data/mosfet_with_diode/C4MS065120K.xml,63476,9629b55f2375ba7c46c6cf89edc9ea97dcbc73cdddb0cebc76d1f278c1a737ae,.xml
src/pe_claw_gui/libraries/semiconductors/wolfspeed/data/mosfet_with_diode/C4MS065120K1.xml,63478,7d4796b25c641489d891a94251eea633e86b96ea9733aec2e219e3de7d1b4fe1,.xml
src/pe_claw_gui/libraries/semiconductors/wolfspeed/data/mosfet_with_diode/C4MS065120U2.xml,63480,d38396db85d3fe5db17938901063d39d694933e9f28c1341e599da48ab1818eb,.xml
src/pe_claw_gui/libraries/semiconductors/wolfspeed/data/mosfet_with_diode/E3M0016120K.xml,11410,f9bb1121c4da2f4fe0f8f155d1890868965233524ddc9a601f0b8192c7563889,.xml
src/pe_claw_gui/libraries/semiconductors/wolfspeed/data/mosfet_with_diode/E3M0021120J2.xml,12094,14068d7cad8a3fbb26554623e38d5b16c39b1d5837ce2aa1469ac7c7f95b86d0,.xml
src/pe_claw_gui/libraries/semiconductors/wolfspeed/data/mosfet_with_diode/E3M0021120K.xml,10804,07eb1887b1d38bfecfb167e06abac11d8ad51bb6895eb5af173dea0af6f46c41,.xml
src/pe_claw_gui/libraries/semiconductors/wolfspeed/data/mosfet_with_diode/E3M0032120J2.xml,11527,7c9ceee6209266f31ff7bb766bca3c8780b3807101412b7a28573a33edea3efd,.xml
src/pe_claw_gui/libraries/semiconductors/wolfspeed/data/mosfet_with_diode/E3M0032120K.xml,10354,865d4eb91dc0550ecf541392fb10c1260fbdbbd79231151b892e715b9d777589,.xml
src/pe_claw_gui/libraries/semiconductors/wolfspeed/data/mosfet_with_diode/E3M0040120J2.xml,11033,72faa12055bcf8025340722a80b0662ff91b0d8d8606e313f7d7dca7480db9ef,.xml
src/pe_claw_gui/libraries/semiconductors/wolfspeed/data/mosfet_with_diode/E3M0040120K.xml,10767,f378f8fb4894f4876587468ebd5dd179ee7b52214583930f94a2d1c4647dd1e5,.xml
src/pe_claw_gui/libraries/semiconductors/wolfspeed/data/mosfet_with_diode/E3M0045065K.xml,9019,eab796bbee2a74eebfcae58b4b078e713e7d556c2791ba8d956cf675c0d3a9ff,.xml
src/pe_claw_gui/libraries/semiconductors/wolfspeed/data/mosfet_with_diode/E3M0060065D.xml,9195,840027017fc3ddf111d5a28f5456058111bdf6b5ccfffc0970b8f63b50eebec9,.xml
src/pe_claw_gui/libraries/semiconductors/wolfspeed/data/mosfet_with_diode/E3M0060065K.xml,9094,2393691cc91200b9bd3435c97296f95259814679e089f4df11f8a463bda2c97f,.xml
src/pe_claw_gui/libraries/semiconductors/wolfspeed/data/mosfet_with_diode/E3M0075120D.xml,9069,b0f9283ae98b408317389fa227be1fd8d76bcca417c830fe7e9eb0d46cc2ce17,.xml
src/pe_claw_gui/libraries/semiconductors/wolfspeed/data/mosfet_with_diode/E3M0075120J2.xml,11724,c51a1aaac2c0db68ab38517dee4500c4bea89494ccc0b37cdfe5eebe32b66465,.xml
src/pe_claw_gui/libraries/semiconductors/wolfspeed/data/mosfet_with_diode/E3M0075120K.xml,8993,611a037611d6368d747f7cc52ef408205e851f33ea776c9a82b1f7b566649d26,.xml
src/pe_claw_gui/libraries/semiconductors/wolfspeed/data/mosfet_with_diode/E3M0120090J.xml,10107,214463b85a6e25eb62fe27605c87b951715903cc3c2217657be6cbfd11434bed,.xml
src/pe_claw_gui/libraries/semiconductors/wolfspeed/data/mosfet_with_diode/E3M0160120D.xml,10130,109608b222a84a42e639e5b42225f5cc71b1af9ecdcc67de8d7d465148b92b06,.xml
src/pe_claw_gui/libraries/semiconductors/wolfspeed/data/mosfet_with_diode/E3M0160120J2.xml,11013,cfbd9b11d709304a03a8bf9217e540ce3086591ec94c0b778bdeb5ab9a96913c,.xml
src/pe_claw_gui/libraries/semiconductors/wolfspeed/data/mosfet_with_diode/E3M0160120K.xml,10175,f0e7223954577f57b5ac7a55f37a4af46ff96fde25261be446fa0bc6b0eba52e,.xml
src/pe_claw_gui/libraries/semiconductors/wolfspeed/data/mosfet_with_diode/E4M0013120K.xml,11221,76962428d2973ea137cbeba998e06eaa38d5710af9ab60396046580922456f89,.xml
src/pe_claw_gui/libraries/semiconductors/wolfspeed/data/mosfet_with_diode/E4M0015075J2.xml,9832,54cf13fc88faa08d989764de76248f9b2e2f51edc2776cbe8f751f1d17a989fc,.xml
src/pe_claw_gui/libraries/semiconductors/wolfspeed/data/mosfet_with_diode/E4M0015075K1.xml,9830,442c8a30e6978ed2b601d4efeba36298389de1933fc5af756035e4835ab8b2e5,.xml
src/pe_claw_gui/libraries/semiconductors/wolfspeed/data/mosfet_with_diode/E4M0025075J2.xml,10079,f4efdddcb8ad68d4905c123c7b8a8b05a4ef5f6e7ca115129b80d35870d2ae71,.xml
src/pe_claw_gui/libraries/semiconductors/wolfspeed/data/mosfet_with_diode/E4M0025075K1.xml,10080,53b8ba2f7086d835e3099e95e921e758e837bf7e89d7697654eb8ababc0d2aba,.xml
src/pe_claw_gui/libraries/semiconductors/wolfspeed/data/mosfet_with_diode/E4M0045075J2.xml,9392,9863318a5afe00287a1c7b90bb135ceaccce3a089de4a8a5cde3351eba14cce0,.xml
src/pe_claw_gui/libraries/semiconductors/wolfspeed/data/mosfet_with_diode/E4M0045075K1.xml,9387,a857f96e7f79a0f606c40e053c97b8f1ef682b6ab78c64f4757829f59c23329b,.xml
src/pe_claw_gui/libraries/semiconductors/wolfspeed/data/mosfet_with_diode/E4M0060075J2.xml,9258,8e14166ab1ed9fabafe8bbed1dfb12bebb3ccc9247fc88088a6e093297ff5794,.xml
src/pe_claw_gui/libraries/semiconductors/wolfspeed/data/mosfet_with_diode/E4M0060075K1.xml,9263,5e7a1dfa7eaa5cfe0aa55804153e1e24874b8cc6d8e60cdb09db42e061a9a4dc,.xml
src/pe_claw_gui/libraries/semiconductors/wolfspeed/data/mosfet_with_diode/E4MS025120J2.xml,63778,5a31dee1d70878cf0a60ce7dfeab015f2edcee6d439a411e407bd03a01756776,.xml
src/pe_claw_gui/libraries/semiconductors/wolfspeed/data/mosfet_with_diode/E4MS025120K.xml,63776,8a852c141abbc7fc61ca00d6ded47531164ecc1cacc2a40e5144be05cd56c166,.xml
src/pe_claw_gui/libraries/semiconductors/wolfspeed/data/mosfet_with_diode/E4MS025120U2.xml,63778,bf6d8b57b96ae2b876f1566c49627b478243a9425635587955371f03e8b97fdf,.xml
src/pe_claw_gui/libraries/semiconductors/wolfspeed/data/mosfet_with_diode/E4MS036120J2.xml,94472,801744da49f40754451d35766bed1dc5b80582aed7f2a7ec4974b22abf5d3b95,.xml
src/pe_claw_gui/libraries/semiconductors/wolfspeed/data/mosfet_with_diode/E4MS036120K.xml,94470,faaabbc153b89f8ed59337c721c166e4cbb5e3338afaf6e8ba32cb3c197ba019,.xml
src/pe_claw_gui/libraries/semiconductors/wolfspeed/data/mosfet_with_diode/E4MS036120U2.xml,94472,0f06457c2578fb1e944cffe21357bcdf02b3be7904ebe103aaf52e54adc0ff76,.xml
src/pe_claw_gui/libraries/semiconductors/wolfspeed/data/mosfet_with_diode/E4MS047120J2.xml,63541,9b3471d025d1d6dbbb601cfc301fce8b59a4c902eb410a240425ee9c8edfc52d,.xml
src/pe_claw_gui/libraries/semiconductors/wolfspeed/data/mosfet_with_diode/E4MS047120K.xml,63539,48503b05bacb6261c9cbc62ac5d830fae8e471db50816da30b74b1a572719bc0,.xml
src/pe_claw_gui/libraries/semiconductors/wolfspeed/data/mosfet_with_diode/E4MS047120U2.xml,63541,e9a21fd37bc9d0545f02c0bfb420002e71102551c6f5095ebec43f67955c87da,.xml
src/pe_claw_gui/libraries/semiconductors/wolfspeed/data/mosfet_with_diode/E4MS065120J2.xml,63478,4a05440ed341ab9abc921333bb727b305e7c945d6b4e0b378aa564469ad4c7b2,.xml
src/pe_claw_gui/libraries/semiconductors/wolfspeed/data/mosfet_with_diode/E4MS065120K.xml,63476,5f23a91817460acde44376871cbcdaefb6d6e0b6255890065a550141192d6b78,.xml
src/pe_claw_gui/libraries/semiconductors/wolfspeed/data/mosfet_with_diode/E4MS065120U2.xml,63479,b395be77c464015a7597e8356b0bb410eee5f0dbc4811bb6abcfaddb89cb1e3f,.xml
src/pe_claw_gui/libraries/semiconductors/wolfspeed/diodes.py,15067,99104636419fede2ef152ecf3a69d11d18a375793ad3d6e9accd293e1b60a2f8,.py
src/pe_claw_gui/libraries/semiconductors/wolfspeed/inference.py,10564,d1112001f985e786a7b5c37c28f7bd5e43c9b0e505014b433e459a20fad07ce9,.py
src/pe_claw_gui/libraries/semiconductors/wolfspeed/legacy_mosfets.py,15827,6d90c760ac64e08676a57975ce2f793115fb14ce8845b8be72e5ebd00bd42e6f,.py
src/pe_claw_gui/libraries/semiconductors/wolfspeed/module_readiness.py,13671,2236d806fcfb2bc36e51fc6b4b61972eddea1425bba6e7d09f1c65c78e7808bd,.py
src/pe_claw_gui/libraries/semiconductors/wolfspeed/modules.py,44470,40a30d5e09ec0e837b6cd45b6a986e0214457d59560aaa02b8663b60073bc5a2,.py
src/pe_claw_gui/libraries/semiconductors/wolfspeed/mosfet_with_diode.py,15346,64169e8d6b4a5548bfdfaa6b7c8c179d76316dfe47325bbf313a5038aa928c23,.py
src/pe_claw_gui/libraries/semiconductors/xml_parser.py,13273,f07209c754542ba7d6f425a22fa9779b729b3dc48558df65884f08b09822ccb8,.py
src/pe_claw_gui/main.py,342,a66bed7750648f46eee29e15b2fae99d65476a72ec98c62119efdf134bd53277,.py
src/pe_claw_gui/models/__init__.py,4613,6787c7bdc1f93f5b49b9bb86622ec403dad082a6f2027dec7705f7cf4c4b1242,.py
src/pe_claw_gui/models/ac_dc_reactor.py,3775,dd2593b8c435465166bc6c6eb2ce52e514b34e53cd4d91215b34b33a00d188a1,.py
src/pe_claw_gui/models/bridge_rectifier.py,8500,ca7977b19de39c86acd2035b663eaa7ff5e999582debeba4daa074d026eaf008,.py
src/pe_claw_gui/models/capacitor.py,18298,bee0d8ca649bad0a997f46b85e1fbf7947bdc8237911322fb85a46481415940f,.py
src/pe_claw_gui/models/common_spec.py,757,da136e477ab418d82235167eb547ab88a9dba774748a3c60908c39a0385d2efe,.py
src/pe_claw_gui/models/design_assessment.py,5242,7b255478979dd4923433cd1837ff9f0ef3d2346a495976c8b2cf2e935c09c72c,.py
src/pe_claw_gui/models/design_intent.py,5865,c83e20039c14c6a14fae0af1f2c4e618f2db73eac8cc4e4f82911ca833176c07,.py
src/pe_claw_gui/models/design_report.py,2309,6e01df11b1657759cba87dd6bf7461de7f7ee664b43ae7af380cf10aaa3db7e7,.py
src/pe_claw_gui/models/device_loss.py,2398,677b4728d71c12283c90fa6f7824b3f476d453d6c7a48c047fabe2d6f2bfd276,.py
src/pe_claw_gui/models/device_result.py,5753,9ed390636c9b94d5ca6cb09b18982cab360d3ce1d731a39f96eefbafa324fdd5,.py
src/pe_claw_gui/models/device_thermal.py,1207,415e2b7e5401ecf0f49ebbd5acb89a43491e5ee14ef44e478382301c32191bd4,.py
src/pe_claw_gui/models/efficiency_sweep.py,3802,18da1c72edb9fa7528f23b73b6b096bf1ec718d0064754d756086d7120fc5dcf,.py
src/pe_claw_gui/models/geometry_result.py,3937,e0d307afb10b2cbe17dacd6ef5213ce5917d046f1d8ac21880cf39bfbf0daa08,.py
src/pe_claw_gui/models/inductor.py,3503,00760d9d602bbd4927b46b46295f930ab8289ebca2adff91be50604d50e8f87e,.py
src/pe_claw_gui/models/loss_result.py,655,30e869c7db391440bb22d9180189dfbebfc388e3e028f46cf3617064bd4a4727,.py
src/pe_claw_gui/models/magnetic_loss_contract.py,54867,ffb8e0ba6972aa128563f87c72733d3ef437ce1160fa835825ee10dd406a68c3,.py
src/pe_claw_gui/models/magnetic_result.py,8254,625d817258dbf59744d94234ceec53ae632cc5872db7fb1a43a9f8c7f41beb57,.py
src/pe_claw_gui/models/magnetic_winding_contract.py,8554,77cb6bf04c0cd0eb1a97b64eade69a24689227fc89363913c5f41c769d8581dd,.py
src/pe_claw_gui/models/openmagnetics_component_contract.py,34105,7382cf43bbb11ae185cac6846da9674c8064318da5ab3ce200404bbf0fbd0825,.py
src/pe_claw_gui/models/operating_point.py,388,035b8e93853a713833c7f8685ccd9a1d13959d61319bb964e3745c4cd2780a37,.py
src/pe_claw_gui/models/pipeline.py,5619,66ff343e11077afde1818d0e6f5d344b6e137002ba6eef9ad5aef8765be30343,.py
src/pe_claw_gui/models/semiconductor_geometry_result.py,5345,f233f43b1ca077e91275fc9a86e89c921082313fc879e6df9e7a05cfa7feb768,.py
src/pe_claw_gui/models/stress_result.py,553,38fcca49ff991006dfefac7fa57b296baa3b154fce9f5722875c74c76c062561,.py
src/pe_claw_gui/models/thermal_result.py,2208,8cb9ee5b99a33e7dff280490d5b0f25329720f4a44cbebe5c84f7eedb36ebb57,.py
src/pe_claw_gui/models/topology_comparison.py,7282,bcf33d2afe85dcfe1b311a877ec08e9b3fad6a4a9ef3f7e187f31ac47ad3dfb4,.py
src/pe_claw_gui/models/topology_recommendation.py,3480,e984d0c386944c4d73454405dff38fa93bc85ab727e97c7019917e1212c534fb,.py
src/pe_claw_gui/models/waveform.py,1547,7dd225f816509da3a0d9606a13bbf93167176ab0d13907d5e4096b696b6447fb,.py
src/pe_claw_gui/optimization/__init__.py,69,6345d3dd725a9d7c8f00ef5bcd790c5649a95ec113aa89ca70202f4b46aa42a4,.py
src/pe_claw_gui/parsers/__init__.py,48,a014c4f7cb79ae1043247a471a243a10d1569e70bc6a4fbcc9a495fee4c1a9c4,.py
src/pe_claw_gui/parsers/datasheet/__init__.py,37,51e622d9552e1d59656ef35c01c2a98b710ebe6066deabf2e6202281508f8aae,.py
src/pe_claw_gui/parsers/manufacturer_formats/__init__.py,47,e809614980f29eefdc210aeecc615e15a89b1108fb615cd33c24909251f1b56d,.py
src/pe_claw_gui/parsers/plecs/__init__.py,33,b656c381347661ff2af68dc026d1380546f285eaca3b7944cbab95c9f948ec05,.py
src/pe_claw_gui/parsers/spice/__init__.py,33,5ed22129c6009197f1d456c27cc1ce065b225ae6307e8ddca35eb4a0ba15a0d5,.py
src/pe_claw_gui/parsers/xml/__init__.py,31,cf2040e14e55c189d241ddac0e0ba829901cdb938b4845cc395687dec7fe9c10,.py
src/pe_claw_gui/pipeline/__init__.py,1549,1a39f13b7158af921ad73cc2c843ec2e0f87920f4fe20099ef57ca896713790f,.py
src/pe_claw_gui/pipeline/options.py,1163,a28dc49d2b6a2d255a083204277257018d6b6d92425f870930bff41e00be4e1a,.py
src/pe_claw_gui/pipeline/run_bridge_rectifier_pipeline.py,13891,bae07d015976f169837bc6f389b29c05ceeef458621413b1b427d42757f586b7,.py
src/pe_claw_gui/pipeline/run_capacitor_geometry_pipeline.py,17993,61a4d1ead5bc6d11682503a91431c9b656c30a2e397e9c6768a393e59cc0f922,.py
src/pe_claw_gui/pipeline/run_capacitor_pipeline.py,55709,9bd977669f3a69320b6c8473bf014a0651b6bd9506d6c596462ca1c5c7273e16,.py
src/pe_claw_gui/pipeline/run_design_assessment_pipeline.py,571,f80328f8c54a32b3147b6c0fc15df598a6505cf91c2952c497be8c50fd3920a8,.py
src/pe_claw_gui/pipeline/run_device_pipeline.py,113114,164c411fed5e6dbb254f27e3e79982f2e74b7ebb8c27b02d323bae52423a2342,.py
src/pe_claw_gui/pipeline/run_efficiency_sweep_pipeline.py,49517,3d160dac98fee3a80ae505354075a104509b6d6ab18f4c881905413f99b3146a,.py
src/pe_claw_gui/pipeline/run_full_pipeline.py,4061,4f2d16c615f05afcf0c2ca11e559bc5f17c95b35a3e92b6310fc91560b0a8939,.py
src/pe_claw_gui/pipeline/run_geometry_pipeline.py,39148,0637df64ded273bbce96ae35f4c09b9af89120b63b00732a92605c5264674b6a,.py
src/pe_claw_gui/pipeline/run_loss_pipeline.py,30089,49f7ca6c48e607216f4ae6b7f38ad24b8d1fe36ed343f9a47c26b790570b0d66,.py
src/pe_claw_gui/pipeline/run_magnetic_pipeline.py,50642,f779ed44a60ec5b8df7b0ce345f595c6260c189043b63b9e8224bbce2118ddaf,.py
src/pe_claw_gui/pipeline/run_operating_point_refresh.py,4271,c2b45ea0aa6585ef2ea7b7613275ed06341dde6cbac8fc7c9a04b8bbd5251257,.py
src/pe_claw_gui/pipeline/run_semiconductor_geometry_pipeline.py,27234,1923989b50e8d70ab52fb4e6b97471b968f99a5ee1c8087745c36fa2b04f686b,.py
src/pe_claw_gui/pipeline/run_thermal_pipeline.py,7619,1a99f163bcc975b6db4a0a1df7b72951b9a074d92baa80f0fec82246705dbc38,.py
src/pe_claw_gui/pipeline/run_topology_pipeline.py,7302,104131151642a85978c9473cb373085ae40b6e3ada99edbec9aa21c2373202d8,.py
src/pe_claw_gui/schemes/__init__.py,263,6d1e4c953e478155b0a93b9036c8ef6fbe25464cc3e2bbfe191c116ce83939a1,.py
src/pe_claw_gui/schemes/evaluator.py,541,44eba09447d0fcfb8b2bfc99973dd10c05594d0a866ea7716451210b2ad05e91,.py
src/pe_claw_gui/schemes/labels.py,198,4ddcc74eb93dd942b7d3fcb978445b51be8720421d2c9f169be618cfb17512d5,.py
src/pe_claw_gui/schemes/ranking.py,410,495076388a32d123817b89154a05ac379b542ec7980aca8f7fe5b239e18cd386,.py
src/pe_claw_gui/topologies/__init__.py,423,5d770dd5b5ba5d77036ee5f2b44fe3d9a986bcae68f33014daf082885326c843,.py
src/pe_claw_gui/topologies/ac_ac/__init__.py,54,50dff1d49befbc4b7c732b801f035ee4ea0615b1a077be03979040dc6f0f6f1a,.py
src/pe_claw_gui/topologies/ac_dc/__init__.py,54,78ede58ed7a7f6cd2b2eb9b7e5242e92c47b0b752d08ebfc510c0f4271743ae6,.py
src/pe_claw_gui/topologies/ac_dc/single_phase_boost_pfc_diode_bridge/__init__.py,3139,2c896e97fe9d2412f1b8a49a2c084435fd72683e09a3ad3085374d1962aa9b64,.py
src/pe_claw_gui/topologies/ac_dc/single_phase_boost_pfc_diode_bridge/evaluator.py,4852,ed7ca3bf7d74d61dd41b510866a69e128c5603a89fa8f01c49810946c344f277,.py
src/pe_claw_gui/topologies/ac_dc/single_phase_boost_pfc_diode_bridge/input_schema.py,5398,b22efea7d2bdd067fffd5f8e3fb7db1cd5ddc3abb1db2ec7a30e7d4ab9deae63,.py
src/pe_claw_gui/topologies/ac_dc/single_phase_boost_pfc_diode_bridge/line_cycle.py,3345,493631c4c1a61b2b5a1484801ed1b8c5ac678010d626d97be089cc53757bd4c8,.py
src/pe_claw_gui/topologies/ac_dc/single_phase_boost_pfc_diode_bridge/stress.py,3357,e980654aeda376fdcf1e519d5059f0ca8a2ec7267ddf58c2a693cb4ae0a0f578,.py
src/pe_claw_gui/topologies/ac_dc/single_phase_boost_pfc_diode_bridge/synthesizer.py,9536,ecc6058361a1f45bea8c390f4279924f4c5eea3271afc5033aec618fecf1d8ea,.py
src/pe_claw_gui/topologies/ac_dc/single_phase_boost_pfc_diode_bridge/waveform.py,12244,0cd6200a51f419fc04bc60378cd73897b016ac7623c1ab1e2397be31cbf3fea5,.py
src/pe_claw_gui/topologies/ac_dc/single_phase_diode_bridge_rectifier_capacitor_filter/__init__.py,3185,a4bb35ddda137d0c848f358a4d0d562dd396df37ae7566ebf69e4bfed92719f3,.py
src/pe_claw_gui/topologies/ac_dc/single_phase_diode_bridge_rectifier_capacitor_filter/evaluator.py,4087,d51bec10c0c4b86adcb2766ebf6eb4a5c2e22ad4cc442c860c269e127950dad5,.py
src/pe_claw_gui/topologies/ac_dc/single_phase_diode_bridge_rectifier_capacitor_filter/input_schema.py,3771,2330f53fdbc64026169a1475767a3b08319d70a07318a5930ed8d065ee3417cd,.py
src/pe_claw_gui/topologies/ac_dc/single_phase_diode_bridge_rectifier_capacitor_filter/simulation.py,13920,0f51219278c28a1f9f4559890693330e970c453eaea5834976795ada3624e154,.py
src/pe_claw_gui/topologies/ac_dc/single_phase_diode_bridge_rectifier_capacitor_filter/stress.py,2208,beb16c355af5b7ba4bd2feb513e6cb882bceada56f385d7d53cd0372a1322bff,.py
src/pe_claw_gui/topologies/ac_dc/single_phase_diode_bridge_rectifier_capacitor_filter/synthesizer.py,4716,75acbb31188c414f36659f032d3c102a02fc1346c6e4bba90bf0250fe3c90af6,.py
src/pe_claw_gui/topologies/ac_dc/single_phase_diode_bridge_rectifier_capacitor_filter/waveform.py,7594,7e0e71d4d0720a6d9a438f7eeb2871b62f5d77c46922ae6a84d3ca0190497d9f,.py
src/pe_claw_gui/topologies/ac_dc/single_phase_diode_bridge_rectifier_dc_inductor_filter/__init__.py,3472,aafea0ba16cea753ff4a3320e030e5c7b37d83c080058c9cc0a2750aabb2161c,.py
src/pe_claw_gui/topologies/ac_dc/single_phase_diode_bridge_rectifier_dc_inductor_filter/evaluator.py,8305,74666b20b7a271c86ed0af714a697b541ebd3ab213d4036b68b9c67739be8907,.py
src/pe_claw_gui/topologies/ac_dc/single_phase_diode_bridge_rectifier_dc_inductor_filter/input_schema.py,5875,1c347453b9a686a1d105c04fc9226d77898bc8e1c799b87b9856277d36e78943,.py
src/pe_claw_gui/topologies/ac_dc/single_phase_diode_bridge_rectifier_dc_inductor_filter/simulation.py,38392,c2b87b446d05a7586b7e9b7b7d55f0300a286f03579c1bd207e5235a88201116,.py
src/pe_claw_gui/topologies/ac_dc/single_phase_diode_bridge_rectifier_dc_inductor_filter/stress.py,2337,39aa1ec2d17fa72ecd32faf1d8ae2863e4ee5c10f6e16f157a96ddc2b92312ac,.py
src/pe_claw_gui/topologies/ac_dc/single_phase_diode_bridge_rectifier_dc_inductor_filter/synthesizer.py,13188,b702ef29f0e6e98e56b7339baf2a1c900e89b15a0c0e665d85059d12797cd86b,.py
src/pe_claw_gui/topologies/ac_dc/single_phase_diode_bridge_rectifier_dc_inductor_filter/waveform.py,8838,63506dee95207c67dc9e03310d38c85ce176aaee78e2296ab4726ca47eb4990c,.py
src/pe_claw_gui/topologies/ac_dc/single_phase_totem_pole_bridgeless_pfc/__init__.py,3080,327e8ae7c4464c06cfdfd9f4028db15d3873545a865577c4011788249018f2b1,.py
src/pe_claw_gui/topologies/ac_dc/single_phase_totem_pole_bridgeless_pfc/evaluator.py,3472,5bd8bf81c5dc74382a5729abcad71eeb1a4f88fbe5f503b1770aabacaf7d11cb,.py
src/pe_claw_gui/topologies/ac_dc/single_phase_totem_pole_bridgeless_pfc/input_schema.py,4488,f3eba1766ea48902e05434743736143738a9847b42bad5bd1e7c42b2744443c8,.py
src/pe_claw_gui/topologies/ac_dc/single_phase_totem_pole_bridgeless_pfc/line_cycle.py,3963,b20a13a4dc6d747aafa3691526c5a0327c3f61e13d0c47d34fee0712df251675,.py
src/pe_claw_gui/topologies/ac_dc/single_phase_totem_pole_bridgeless_pfc/stress.py,2467,51ca055fea38ab9ec6485d24d351cea7985ccf77207249280313a6acfd3a883d,.py
src/pe_claw_gui/topologies/ac_dc/single_phase_totem_pole_bridgeless_pfc/synthesizer.py,7869,05d5262826982da5dd906a21ad03c1a1c6621392f69d2823bc645ec1bc49bff7,.py
src/pe_claw_gui/topologies/ac_dc/single_phase_totem_pole_bridgeless_pfc/waveform.py,14749,958bb8d6af0b3e51e226ba83b715573b9a94ecf2e33f3341518dfd3b80131cea,.py
src/pe_claw_gui/topologies/ac_dc/three_phase_diode_bridge_rectifier_capacitor_filter/__init__.py,3624,bafd2725a646ed56825935a5f2bac144843d804e50b80026040486f33799e2b3,.py
src/pe_claw_gui/topologies/ac_dc/three_phase_diode_bridge_rectifier_capacitor_filter/evaluator.py,6174,be3eed99b0ee18b85f31af1b45a96f92bb31de3b583723ceb3242dc6bdbefdcf,.py
src/pe_claw_gui/topologies/ac_dc/three_phase_diode_bridge_rectifier_capacitor_filter/input_schema.py,4867,02fd826e1327c0bca82d3feba00e58b4609538189b542eb0dd94fee34da2f9bc,.py
src/pe_claw_gui/topologies/ac_dc/three_phase_diode_bridge_rectifier_capacitor_filter/simulation.py,12061,c41b6bc68fc7befd554a0d72ea82ba8e9dec2f08996fa76bdf8270020076e3b3,.py
src/pe_claw_gui/topologies/ac_dc/three_phase_diode_bridge_rectifier_capacitor_filter/stress.py,2153,7eb001affd47ba9eecc60a1c94d246f5393a17753dc236cd7742c98d4409bc92,.py
src/pe_claw_gui/topologies/ac_dc/three_phase_diode_bridge_rectifier_capacitor_filter/synthesizer.py,8597,72f660579319d0b2083987e21b1decd4e5ef3ccf26aad3579a259391a3fcb412,.py
src/pe_claw_gui/topologies/ac_dc/three_phase_diode_bridge_rectifier_capacitor_filter/waveform.py,26768,a6087a7284035c982f4e75da2dda9d3d49294a5b85bc9e1406b350a5c6f97bfb,.py
src/pe_claw_gui/topologies/base/__init__.py,512,1cd518e05ff2d75d0ea370848c5ae62a2c56b24b0487808893d619ac894637db,.py
src/pe_claw_gui/topologies/base/candidate.py,1205,7a0deaff6e10a5d48f4c92daec11c48d505e079b6942c3ab86a8496e1ed20c58,.py
src/pe_claw_gui/topologies/base/category.py,309,7195f1d44b6651d9b0f43a47b99db9d9c5c06dd73748749ddd56fd1d591af1e5,.py
src/pe_claw_gui/topologies/base/interface.py,2061,03c99f11e70c7aad47097795faa9f5c674a1b2124801c6f29652d4a6300ea930,.py
src/pe_claw_gui/topologies/base/metadata.py,1151,f3396f42387884de19050907e8dc5114e5ce029c2446ece3e5b37a3df1a679f6,.py
src/pe_claw_gui/topologies/base/registry.py,17197,51daefdab78c06fb726ed6cbf8b1fdd5ca13d5abc1aba805cd83f4f8fcbe113b,.py
src/pe_claw_gui/topologies/base/result.py,496,c5d338a920b20ce1774af9f03c6ed9e04f310b3cf0b5346a1dd14fbaaaf36293,.py
src/pe_claw_gui/topologies/base/spec.py,277,2002c2626f299f9becc07dd0ed503b3e72959a24fabc5102c4ee764d24e78c5b,.py
src/pe_claw_gui/topologies/cllc/__init__.py,264,6f6af9558b8a4ab1ffb37665d6d3daafab0d8962473b5f8424ae58225a768f69,.py
src/pe_claw_gui/topologies/cllc/evaluator.py,34,fb33d8f1b2473abe2b745583516803cb76368e7e34948f309c9f2418a67d8be2,.py
src/pe_claw_gui/topologies/cllc/input_schema.py,37,cd2bedb40d0c13c9e3e22a27504ae77df5abd6dc69b848ca5279db278877333f,.py
src/pe_claw_gui/topologies/cllc/mode_map.py,33,455b3aaa80eb20df83e7972704f3ef6027bfa8b83918d9e70d03631ea0f229e4,.py
src/pe_claw_gui/topologies/cllc/solver.py,31,1c31c03155da63657740389bfb078ff2bb17c234a63f5f9feb8d5e6ea005c18c,.py
src/pe_claw_gui/topologies/cllc/stress.py,31,09c7e0531b08df163c8b6aa8058f0a0b8d3d3716db83422a64b8338f0eea32a9,.py
src/pe_claw_gui/topologies/cllc/surrogate.py,34,520b649c7169780b6ecb426e18da8498a9c10b5a37387b28298dcb61d699e414,.py
src/pe_claw_gui/topologies/cllc/waveform.py,33,b7b789621b8384bd077088d85f55e3a2474392eb3fb78cdf0c0540318b9508e6,.py
src/pe_claw_gui/topologies/dab/__init__.py,260,372825d625ec7275419d7519510f2be4a2d34ba9531e5553755ff4fd936b2bfd,.py
src/pe_claw_gui/topologies/dab/evaluator.py,33,e804b44166c4db30bc9b4a6481407669c34a819360e5c48ff4bdb54e1b74c22e,.py
src/pe_claw_gui/topologies/dab/input_schema.py,36,aed7283e8bd4ab93198f2c8318b60eb42aea27e8036f223cc5050983ebf061cf,.py
src/pe_claw_gui/topologies/dab/solver.py,30,61d4ae000817d10af5701623c60e1639627fe827bde83bdae0d67a5ad024cc92,.py
src/pe_claw_gui/topologies/dab/stress.py,30,1d6eacfe20e8eac8c7a74febde2f2631246bf97c3936e18dcb2a8a53028bdd76,.py
src/pe_claw_gui/topologies/dab/waveform.py,32,03e0c6ceb926f40162b921eedfbc9e830cbb08e33915c4884ca3754a863ce6de,.py
src/pe_claw_gui/topologies/dc_ac/__init__.py,54,48d71712afcf8e42204d262e37845a4dbd72da053d67223196e73c142c84a3ee,.py
src/pe_claw_gui/topologies/dc_ac/single_phase_full_bridge_inverter/__init__.py,3267,d7cda2469adf586679c4f8bc8359962175d06c34d67b945f157ae07cb586d9ad,.py
src/pe_claw_gui/topologies/dc_ac/single_phase_full_bridge_inverter/evaluator.py,7393,1ecc4e1b8271221b8ac47e9d34b11f78bdd66f60ee9c5c80d557a821cf40aea3,.py
src/pe_claw_gui/topologies/dc_ac/single_phase_full_bridge_inverter/input_schema.py,5637,56abb6640ee9a9bb234c9de9e7c772a594b02bc57cb4cd6ed950a47e71869ca3,.py
src/pe_claw_gui/topologies/dc_ac/single_phase_full_bridge_inverter/stress.py,1972,5f7d08e28d12eb83ee7408a8a1dd90458cd3a200d0b1c5a14c35a3bb94ba7eda,.py
src/pe_claw_gui/topologies/dc_ac/single_phase_full_bridge_inverter/synthesizer.py,19277,a90cbaeaee21a736592ba91f2beccc83fd4d6193de816b91d2054265d31b3ddb,.py
src/pe_claw_gui/topologies/dc_ac/single_phase_full_bridge_inverter/waveform.py,41957,f8d1b1944af6e7d0cd2e39a2e3e366e359cd626a80fc32e8846671ba53548ab2,.py
src/pe_claw_gui/topologies/dc_ac/three_phase_three_level_npc_inverter/__init__.py,3079,a2e84078c38a19c5ea546f3101c2ddf8cff860ae00c68063fc9b159a31954360,.py
src/pe_claw_gui/topologies/dc_ac/three_phase_three_level_npc_inverter/evaluator.py,6874,a2a895029978e1cd772ed36e266bc2d0fd1b5d428f38463e9990f0a4f4636738,.py
src/pe_claw_gui/topologies/dc_ac/three_phase_three_level_npc_inverter/input_schema.py,4042,d1f112f0ba6d325c928342b14575607ab5e6fe20289dc535410d320447b70575,.py
src/pe_claw_gui/topologies/dc_ac/three_phase_three_level_npc_inverter/stress.py,3972,f96b83ace7294d8851551c839f46bc0e05dc545a9c2e2555f996268024d690eb,.py
src/pe_claw_gui/topologies/dc_ac/three_phase_three_level_npc_inverter/synthesizer.py,7503,af997a3088c8f2293555eaf8f1ce04fc2677ba69b76d93093bfd16ae4897b10f,.py
src/pe_claw_gui/topologies/dc_ac/three_phase_three_level_npc_inverter/waveform.py,32225,6074e003f7717122d312c1a404813da9ede482b4d219934250ba735e3ac6d501,.py
src/pe_claw_gui/topologies/dc_ac/three_phase_two_level_voltage_source_inverter/__init__.py,3124,f50ba2d5bd9390c27fcfee5f1d490c0e42cf2abd78e204f9525afea172d87bcd,.py
src/pe_claw_gui/topologies/dc_ac/three_phase_two_level_voltage_source_inverter/evaluator.py,4796,89a6a46c2df89b313fdc90ae917f21b3d4acf341270f4a71002a8e57af1bf0ed,.py
src/pe_claw_gui/topologies/dc_ac/three_phase_two_level_voltage_source_inverter/input_schema.py,4014,1224d63427786c855707bb2778be89f2af65286d0d49940524662d56d98bb1b8,.py
src/pe_claw_gui/topologies/dc_ac/three_phase_two_level_voltage_source_inverter/stress.py,1985,6e58f297f83b2cb3d267b1e1fb1a342a2d294859b124f8c54c00f69618dcd599,.py
src/pe_claw_gui/topologies/dc_ac/three_phase_two_level_voltage_source_inverter/synthesizer.py,4536,8cfd69222191546b1c4e557268f3569657f68cbc53e124512f22dcc7660f9a2b,.py
src/pe_claw_gui/topologies/dc_ac/three_phase_two_level_voltage_source_inverter/waveform.py,25462,3a7fc5418e9af735609c0ff4e811ed0df8fb606a2e8c2ea04260992af2cbdeae,.py
src/pe_claw_gui/topologies/dc_dc/__init__.py,1651,5429213768ffe31c4bdd9865efcc0adcf6ffa022208e66768fd93e6b2a3d96e5,.py
src/pe_claw_gui/topologies/dc_dc/boost_diode_rectified_unidirectional/__init__.py,2668,dccb937dcd4901c565415c0ea0c305cef9d27ca54b8bc42c6ca29c6b381cf8b9,.py
src/pe_claw_gui/topologies/dc_dc/boost_diode_rectified_unidirectional/evaluator.py,3514,85b63bb4f4375698282f742cb59bd87286c8f09c8dba7f24196a12856a228397,.py
src/pe_claw_gui/topologies/dc_dc/boost_diode_rectified_unidirectional/input_schema.py,3083,aa4956a04fc8f9e577c96c71c6ecc305305213eae5656f1331d07233b08d9770,.py
src/pe_claw_gui/topologies/dc_dc/boost_diode_rectified_unidirectional/mode.py,4926,f7f96b936b3f5593c6e2540676c5ba9285f19ce17bf604e835d17b4ea705978e,.py
src/pe_claw_gui/topologies/dc_dc/boost_diode_rectified_unidirectional/stress.py,1955,35153f19324df967970b1faa72b6eec9db97e1ba6bef155366042cae3d7c2238,.py
src/pe_claw_gui/topologies/dc_dc/boost_diode_rectified_unidirectional/synthesizer.py,2134,583491ebda6f0b2b33620d799d7d54ef316105e391a2e89a5dec18f8bdfd86c0,.py
src/pe_claw_gui/topologies/dc_dc/boost_diode_rectified_unidirectional/waveform.py,6197,c736d9ca2ee4e4ebe85c23e1df0c20f5c989cb6f05f452e126ffcb33e7e07dae,.py
src/pe_claw_gui/topologies/dc_dc/boost_synchronous_rectified_unidirectional/__init__.py,2680,5d8bbe430cd2e36bf43773c6a53b0b449b5e49299e9072d4624fb4fadf7b9edf,.py
src/pe_claw_gui/topologies/dc_dc/boost_synchronous_rectified_unidirectional/evaluator.py,3424,aefb1ef29121dcddbdfbea2d514186672a3585f62326af8970ce7b722d7a47ea,.py
src/pe_claw_gui/topologies/dc_dc/boost_synchronous_rectified_unidirectional/input_schema.py,3115,3866966120a0e0db8669344575f4bc0485a9c12e55922ef46829689e0f221cf7,.py
src/pe_claw_gui/topologies/dc_dc/boost_synchronous_rectified_unidirectional/mode.py,1991,a5982fc9b0a21af04030bf08c5df5bd76b9bca2e26c92d4b9e3887045c1466d1,.py
src/pe_claw_gui/topologies/dc_dc/boost_synchronous_rectified_unidirectional/stress.py,2247,57669dc0d1bf0dc68d030cf130a71f9646eab8ce9fbb78d049de61b3288c387f,.py
src/pe_claw_gui/topologies/dc_dc/boost_synchronous_rectified_unidirectional/synthesizer.py,1859,6a0ded9feced7dfdd7cf45c120d8ae3b484be0643cbfebf9d521310ff33cea8b,.py
src/pe_claw_gui/topologies/dc_dc/boost_synchronous_rectified_unidirectional/waveform.py,5277,4e1187a7b38befcee88356dc4029369782cbfc28584a6e224309c8a4fe6696c0,.py
src/pe_claw_gui/topologies/dc_dc/buck_boost_diode_rectified_unidirectional/__init__.py,2815,74ed5b8c43bc0804f760aa59f88db19cbc6be959a4cde845976e81c1c6364af7,.py
src/pe_claw_gui/topologies/dc_dc/buck_boost_diode_rectified_unidirectional/evaluator.py,3853,1329171387c2ce962a248eb45f4887b0a4ca874c98b79263daec01281d2f5245,.py
src/pe_claw_gui/topologies/dc_dc/buck_boost_diode_rectified_unidirectional/input_schema.py,3185,2af928266e877763bb9a4a3236b0259a460367ba9804c3a469ce0372f5ca6260,.py
src/pe_claw_gui/topologies/dc_dc/buck_boost_diode_rectified_unidirectional/mode.py,5009,aa012b9ec1f9dea1dba8efbb666eb6c6114236ce54ffb85233cae51c21b6915b,.py
src/pe_claw_gui/topologies/dc_dc/buck_boost_diode_rectified_unidirectional/stress.py,2165,d04ec06560da8625a5b27d26270b143c1ca044a0de62b56331f204257b49cca0,.py
src/pe_claw_gui/topologies/dc_dc/buck_boost_diode_rectified_unidirectional/synthesizer.py,2341,66d90fb49b3fc61a76218ef1a4be3a8d485090e6316478a1d54cbfa2df3da1be,.py
src/pe_claw_gui/topologies/dc_dc/buck_boost_diode_rectified_unidirectional/waveform.py,6345,6eb2cefd5265cc4f99fdaf406604cfb1c4f9f1000d2ecd2236979fefc2f8c119,.py
src/pe_claw_gui/topologies/dc_dc/buck_diode_rectified_unidirectional/__init__.py,2905,8a233e6895475f240e9771638540865a867276f57237c5649ea66713effbe176,.py
src/pe_claw_gui/topologies/dc_dc/buck_diode_rectified_unidirectional/evaluator.py,3462,7a1dc705e394f14815beaa7fc987c53052d36566de0b931caec1a101b44bcc25,.py
src/pe_claw_gui/topologies/dc_dc/buck_diode_rectified_unidirectional/input_schema.py,2949,1f7800a9d6243b5d9f3b40ad5fdae2826f453f390a5da0e1f8a967127b28355e,.py
src/pe_claw_gui/topologies/dc_dc/buck_diode_rectified_unidirectional/mode.py,4897,26e06d6b7bce7c60c493aae514b7fb63a339a3aa613b7b284e79890a86d0a45f,.py
src/pe_claw_gui/topologies/dc_dc/buck_diode_rectified_unidirectional/stress.py,1764,bbdf7ccd5b65f1dfbb5cb2b9432726e1e73303b84bb93a37194b954e622e3149,.py
src/pe_claw_gui/topologies/dc_dc/buck_diode_rectified_unidirectional/synthesizer.py,1875,f1c4ae2c921b3cb506bb34d91858dbdf13788b9b13d9c90a3eaa02e9c3fc70bc,.py
src/pe_claw_gui/topologies/dc_dc/buck_diode_rectified_unidirectional/waveform.py,6066,5cd9431247892b16b92310abe1df517eedf1739de98fb09cf864b3cf2d5e2dae,.py
src/pe_claw_gui/topologies/dc_dc/buck_synchronous_rectified_unidirectional/__init__.py,2917,f496fd1c37fc5045ccf092b5ca0c7aecb9b6e33184203b0af876fe64ecac9066,.py
src/pe_claw_gui/topologies/dc_dc/buck_synchronous_rectified_unidirectional/evaluator.py,3417,4710c272a05b8445b57c1b7c8c6e560bb84664fffdf5addd92d9be814d3c76ff,.py
src/pe_claw_gui/topologies/dc_dc/buck_synchronous_rectified_unidirectional/input_schema.py,2980,a4f198f3519e43c07528f5d996fa535de2220ffc1a1474eff5f2586f8022d99a,.py
src/pe_claw_gui/topologies/dc_dc/buck_synchronous_rectified_unidirectional/mode.py,2018,f8ef20e0d9ba3c462a256cb8510af06955362231a1369067fc79b7d6c606ea5d,.py
src/pe_claw_gui/topologies/dc_dc/buck_synchronous_rectified_unidirectional/stress.py,2191,9951640e4f6b94219fcfca6afb03d8d6a233875b99bb4e65ce771e5b31c2c3ee,.py
src/pe_claw_gui/topologies/dc_dc/buck_synchronous_rectified_unidirectional/synthesizer.py,1723,a7c6ab607bc7544b4ca22f909736ff239c80d8e10966d49396bb1d971e9dcc22,.py
src/pe_claw_gui/topologies/dc_dc/buck_synchronous_rectified_unidirectional/waveform.py,5368,b4092121ffd0aea2beb300b7f79bf0657cb2204df12eaa31f81b6d37a29acbdb,.py
src/pe_claw_gui/topologies/dc_dc/flyback_diode_rectified_isolated/__init__.py,3032,75f001f9e6afb8388c145c7e0cb854a965375c2e7430507ebbc02dd10d1daec9,.py
src/pe_claw_gui/topologies/dc_dc/flyback_diode_rectified_isolated/coupled_inductor_design.py,29001,f25b6039f2f5a2c9c9c70ddda12db0cd0cbfaf893bbae2024e577bd902aea13a,.py
src/pe_claw_gui/topologies/dc_dc/flyback_diode_rectified_isolated/evaluator.py,4276,9739ff279bc9e5cfe765c1e95cbe29bbfbfaa0c680b71047a3298fcc8df2628f,.py
src/pe_claw_gui/topologies/dc_dc/flyback_diode_rectified_isolated/input_schema.py,5954,a3467c6a8e534b3446bae69bfd39ef039f224aba331599c3a0a1fbc4fdab5c41,.py
src/pe_claw_gui/topologies/dc_dc/flyback_diode_rectified_isolated/stress.py,2126,7e5c4fe78e694bf3d7913f1c16db4ba677bafdcfe99f461010951e4a9808470c,.py
src/pe_claw_gui/topologies/dc_dc/flyback_diode_rectified_isolated/synthesizer.py,12357,d874293233565237df7997f7d99982756ffbc9dd16eada65a330d0994574b9a3,.py
src/pe_claw_gui/topologies/dc_dc/flyback_diode_rectified_isolated/waveform.py,7399,123a5d117c972bd1037d3f48d3a769dc07a409050592856aa72baf017d43b769,.py
src/pe_claw_gui/topologies/dc_dc/four_switch_buck_boost_simplified_four_mode/__init__.py,2760,44b897fc2796d0fd7c79647b2f4e3ccca53e8b9e5d0ee11892ec2cc9152bff15,.py
src/pe_claw_gui/topologies/dc_dc/four_switch_buck_boost_simplified_four_mode/evaluator.py,3844,9da60e5ab02058df903918d56d5c2a8b0fc7a7cac20309308775b07b604c7615,.py
src/pe_claw_gui/topologies/dc_dc/four_switch_buck_boost_simplified_four_mode/input_schema.py,3637,73239cc90d977540f083dcbcb669a48d66d5ac1ac829d6e0eb692d056713acd8,.py
src/pe_claw_gui/topologies/dc_dc/four_switch_buck_boost_simplified_four_mode/mode.py,6777,453c5bbb28f8f4462eaec30eeeae4c380cf1195b59325d18d4351b5d4fcb26ea,.py
src/pe_claw_gui/topologies/dc_dc/four_switch_buck_boost_simplified_four_mode/stress.py,2666,bedfa7d867528726ed49022ab8ff729f3f3fe6ef0268a0ee3d39924d1f1dee5d,.py
src/pe_claw_gui/topologies/dc_dc/four_switch_buck_boost_simplified_four_mode/synthesizer.py,3465,6cc3eb7514989473e874dd9196e5f820711eaa8d82b31f5ecbaff3e20660a243,.py
src/pe_claw_gui/topologies/dc_dc/four_switch_buck_boost_simplified_four_mode/waveform.py,6735,689599d3b379a1198a1d85f636851025e3b4be4611b00cdbca5305a56cdd4894,.py
src/pe_claw_gui/topologies/dc_dc/llc_resonant_converter_diode_rectifier/__init__.py,3092,e17f1e5d6929dc58ed4e755aed135b3ffcf2d953376428ea700063d06c6087f7,.py
src/pe_claw_gui/topologies/dc_dc/llc_resonant_converter_diode_rectifier/evaluator.py,15637,b800161a4428713b8d6869232b0f47d45549cf91830686d4fd86cd9dd204db34,.py
src/pe_claw_gui/topologies/dc_dc/llc_resonant_converter_diode_rectifier/fha_design.py,41866,cde6949d5378c7a524228599f9f6b23e5c809a716698eafaf859ad8b53c8b19f,.py
src/pe_claw_gui/topologies/dc_dc/llc_resonant_converter_diode_rectifier/input_schema.py,13887,46e2d7ae1d5f6597f81394522bcdda170d95dbc37f5e61436f3d98d662a1b669,.py
src/pe_claw_gui/topologies/dc_dc/llc_resonant_converter_diode_rectifier/stress.py,5430,86a9069f1548b8274cbe951983a466bd7262d604bd1f0ef4ea646404c007efdd,.py
src/pe_claw_gui/topologies/dc_dc/llc_resonant_converter_diode_rectifier/synthesizer.py,3614,cd49b9733ac595169f6848c63471bb6be0b50de378aa49793e256f562fbbbe0c,.py
src/pe_claw_gui/topologies/dc_dc/llc_resonant_converter_diode_rectifier/transformer_design.py,186375,e4176a6a84655731cbcfaad075cde5158c65d7174f49922b01765d0efdccd98a,.py
src/pe_claw_gui/topologies/dc_dc/llc_resonant_converter_diode_rectifier/waveform.py,18824,1309b5a58371892d6655779787a368a7e54921eedbe21ebd18c6d98552a1f2ed,.py
src/pe_claw_gui/topologies/dc_dc/llc_resonant_converter_synchronous_rectifier/__init__.py,3683,12ac316f6f1081f0f3b6200433e7979fae6cac191c8850b3b605080b938ac48d,.py
src/pe_claw_gui/topologies/dc_dc/llc_resonant_converter_synchronous_rectifier/evaluator.py,7338,55c9ed9b7e9db686799298bb4f8466f5fd2c1426e476b3cab5aa5147de292b27,.py
src/pe_claw_gui/topologies/dc_dc/llc_resonant_converter_synchronous_rectifier/first_pass_scope.py,2336,e7868a54d70bf1cdcdce549395a0fb0bcc4ae227b549fac7261372bafa04e375,.py
src/pe_claw_gui/topologies/dc_dc/llc_resonant_converter_synchronous_rectifier/input_schema.py,12286,e0d8af7d48347a84f764dba57ede8945760c1b858e71231825ccf612dd32b114,.py
src/pe_claw_gui/topologies/dc_dc/llc_resonant_converter_synchronous_rectifier/loss_readback.py,6138,67e5668e9387ff408f6ccbfb058a84a2f109ce16c0366fe8bf162a2fe6143882,.py
src/pe_claw_gui/topologies/dc_dc/llc_resonant_converter_synchronous_rectifier/report_audit_readback.py,4407,d273d67830b5a456a76873b39de202158187ea41e9d3af271b55e7a4e681eba6,.py
src/pe_claw_gui/topologies/dc_dc/llc_resonant_converter_synchronous_rectifier/stress.py,2841,a41a0eb10dca2782b6a7b064330a3b502f15fd7d13ae48709c15892276518e47,.py
src/pe_claw_gui/topologies/dc_dc/llc_resonant_converter_synchronous_rectifier/stress_readback.py,3368,d4193c0e0d7d26ce5a4baea727b4a3302f077b591ea586f5ddb871258960e40c,.py
src/pe_claw_gui/topologies/dc_dc/llc_resonant_converter_synchronous_rectifier/synthesizer.py,5126,c57810cd1a6dd3902fd6504efb1cd8fdc5e005e66aaaf64182c92f8553378ec0,.py
src/pe_claw_gui/topologies/dc_dc/llc_resonant_converter_synchronous_rectifier/timing_readback.py,3362,fe5fb87aee7d5bf1607a5d97dc6d96c39d2a41911b6923e51943e1fc43d8bf02,.py
src/pe_claw_gui/topologies/dc_dc/llc_resonant_converter_synchronous_rectifier/waveform.py,1738,3686b89940ec6a7f5acc46cd7bc61c76f9ccaead51ea7a5dcff41a4c62ce69b8,.py
src/pe_claw_gui/topologies/dc_dc/phase_shifted_full_bridge_diode_rectifier_isolated/__init__.py,3036,6c7038991e5b2e1f6f76b5d85ed6ebea063d28287b6c37c27d5fcf2c14251fad,.py
src/pe_claw_gui/topologies/dc_dc/phase_shifted_full_bridge_diode_rectifier_isolated/evaluator.py,4812,50e431f50197df51092feb06ea1515787f7c9ef58581ec421ad7ac642a76428d,.py
src/pe_claw_gui/topologies/dc_dc/phase_shifted_full_bridge_diode_rectifier_isolated/input_schema.py,9179,4844d04ad0205bfa25826a82cf62a198adccacadcf51dcd9e6829ea8109e8c22,.py
src/pe_claw_gui/topologies/dc_dc/phase_shifted_full_bridge_diode_rectifier_isolated/magnetic_design.py,28860,77f38f2dbdbb7ea41128988122fa0ae41679a19c0d53d7dd56c2dd4533e3a676,.py
src/pe_claw_gui/topologies/dc_dc/phase_shifted_full_bridge_diode_rectifier_isolated/primary_current_model.py,17989,2eb68265a2f6b3f3621b09fe9b0562fc4c3c1f64a23e01f46bd7359c9e002d48,.py
src/pe_claw_gui/topologies/dc_dc/phase_shifted_full_bridge_diode_rectifier_isolated/stress.py,2003,f4c9447dee125ec120425c1a8e7f701f72a713a32fb01d56b2f33fbae3b3c9d1,.py
src/pe_claw_gui/topologies/dc_dc/phase_shifted_full_bridge_diode_rectifier_isolated/synthesizer.py,11061,6b5e9b89424072139555fb359f7409852ef7c15ac70ec27697902b51de8d4c5c,.py
src/pe_claw_gui/topologies/dc_dc/phase_shifted_full_bridge_diode_rectifier_isolated/waveform.py,7091,e7ff69b7d73d4a51def12a8deac94f51b914ad797d3815705693840091a2b7be,.py
src/pe_claw_gui/topologies/dc_dc/three_level_tzcm_fixed_frequency/__init__.py,2725,b6446f52b432b9ccd0561495433bc189ea1687e03460b88421be1b1c91c09580,.py
src/pe_claw_gui/topologies/dc_dc/three_level_tzcm_fixed_frequency/evaluator.py,4818,b9d576b79d33e193a04a46f70acbde137e633c61e953162ac83e4f76e4d456c4,.py
src/pe_claw_gui/topologies/dc_dc/three_level_tzcm_fixed_frequency/input_schema.py,4100,b15c36ceb029a55b4125e8410d3f333fd64c31f1689d1292875c0c00d8283a63,.py
src/pe_claw_gui/topologies/dc_dc/three_level_tzcm_fixed_frequency/mode.py,8723,bd718ba3ac10a2d8fded2a71a1f4571996d42b119ae1f18cd46a00b849a9296c,.py
src/pe_claw_gui/topologies/dc_dc/three_level_tzcm_fixed_frequency/stress.py,2733,f57cf2a1bb0e56c74077bb270d21bb00062b40323d56f16b560c56b5c43b7de3,.py
src/pe_claw_gui/topologies/dc_dc/three_level_tzcm_fixed_frequency/synthesizer.py,6396,671fd6b99ff866c64c24ee5fb82f256ac4cf28c220e09deb267c803fcf71621b,.py
src/pe_claw_gui/topologies/dc_dc/three_level_tzcm_fixed_frequency/waveform.py,6973,4cb8907f22530bf51ed914042c8a3c56ac62b2c43f2b38c083b6e03eff15a00b,.py
src/pe_claw_gui/topologies/llc/__init__.py,260,2cbbb385d9ab883b6408a5cd77cdf2691e95c8802d6432a5d524631bd7b56526,.py
src/pe_claw_gui/topologies/llc/evaluator.py,33,8a377c95e33ab6da888d54359ec88c0e797adb9578002db74efa5a401b46083b,.py
src/pe_claw_gui/topologies/llc/input_schema.py,36,ed7288499bce4386a2816319133fc43649590b434c86e4bdd32ddfcfab7d203a,.py
src/pe_claw_gui/topologies/llc/mode_map.py,32,48a08ce507586f12b6f9185f909591695273558d55e20c0168e56010abd74e53,.py
src/pe_claw_gui/topologies/llc/solver.py,30,d5ad0979a3211e34b5ffa6b105555e7b3a0199c6cfe7a3ab75aeabe13f4006da,.py
src/pe_claw_gui/topologies/llc/stress.py,30,8ea9ce2eb0ee9ff1113eea00a2e670b9ff127fe9e8c2e336b72bf0a1dc5b6343,.py
src/pe_claw_gui/topologies/llc/waveform.py,32,ad07d4543ade029d3a19ea34fbaa98379d9e9073df726ac1e51e63fae23f9b48,.py
src/pe_claw_gui/topologies/psfb/__init__.py,264,924e0086688df19f78406f6e93e58c22e2dcbf427b0ebc73e8d3866de6bd50db,.py
src/pe_claw_gui/topologies/psfb/evaluator.py,34,e20e597da7f096908be342fa10fefee582ca0510f99979c25fb3f986fca9ded2,.py
src/pe_claw_gui/topologies/psfb/input_schema.py,37,4d19db87b4ca1dcf87eaac7ee898ab758615f342c97dc99340a910c1a123dec3,.py
src/pe_claw_gui/topologies/psfb/solver.py,31,9196eeaf4142c2ea99f6d8513579f2d8eff3f3e4d37231a4f9d9205b450ad1b2,.py
src/pe_claw_gui/topologies/psfb/stress.py,31,f50c3fe820eec155cd3229c5fd48021fdaa1371f7b233c9193ae27bd720b653e,.py
src/pe_claw_gui/topologies/psfb/waveform.py,33,f7c5c68585ed0e6de85f74e7c52f2eddd970044fb4e610de85d9e1a9cd131f34,.py
src/pe_claw_gui/topologies/registered_placeholders.py,8945,fd34a9d31e2ffdd38d0c03a62789216b7ce9e040d30db5c0920bdf0d927a3ba6,.py
src/pe_claw_gui/topology_capabilities.py,3677,6c595f0bb90037c3a0d440210ae3130f268c2270192ff649e4b460fe7b3d2ffc,.py
src/pe_claw_gui/ui.py,140,eae87311fae01d2e09454168a6c5293bc82f10188a64ea67b36a3c4a0ad5bc21,.py
src/pe_claw_gui/utils/__init__.py,61,b6661baaa32c260c49c59327f00c38749f1523fa6e20dbefffbf624c85e12de5,.py
src/pe_claw_gui/utils/ambient_temperature.py,3009,a1fa4827caa42369aa5721fa32bdf02f7f77bba8d81821b136ff0d786d12d857,.py
src/pe_claw_gui/utils/core_family_semantics.py,2853,5f05ccb6aa59117f5e664589f05fd5a40bd9a4745368d2f30ab6dc5d464e0e92,.py
src/pe_claw_gui/visualization/__init__.py,46,8cde6ff850bb2cff70da5e382d3e4c72a12bc37953f8965940c6f79ebdf189c7,.py
src/pe_claw_gui/visualization/cad/__init__.py,38,02aba0b864538a4812833eb137eb0a200a0ae0e42bea869de193491647fa1d41,.py
src/pe_claw_gui/visualization/capacitors/__init__.py,708,4dbe511e421dd94b209c6d9107fab024de330777b641775888232fd86ff65bb0,.py
src/pe_claw_gui/visualization/capacitors/layout.py,5051,a0b57bb982a7b2fac28f9d7290c45d4b0ce62cc258ac10530aebe0e70086d69f,.py
src/pe_claw_gui/visualization/capacitors/renderer.py,20336,b9494835d063b9d740374746d15f868885d249b1307997830bbce2c8de105069,.py
src/pe_claw_gui/visualization/dashboards/__init__.py,30,ae434e2f4ea17463558735c59906cb09164f8db35144da22e9076eb36187e8a4,.py
src/pe_claw_gui/visualization/geometry/__init__.py,683,482ce6a5fd6793013a67cc8333fb1720a42c4a3f65005f3f9d76b2fd1fcdacf9,.py
src/pe_claw_gui/visualization/geometry/core_templates.py,14578,4307dbf5ac73d760cc189ee626a202e841f4938ea0323260cc46acca1d6bd45c,.py
src/pe_claw_gui/visualization/geometry/geometry_3d.py,23045,ed21d84297eec1863c4206f81ada92714af2e67c0b65557ad502a6ec05edca66,.py
src/pe_claw_gui/visualization/geometry/geometry_renderer.py,43562,955a72fa31e350f623410ca7aaa6c74d3669866739b9e0910754bb85b1ec301b,.py
src/pe_claw_gui/visualization/geometry/layout_builder.py,29522,4dd6144c20e8ebc617e6c292df0259a4d80621f1c73db48ddc24e9f18659e0dd,.py
src/pe_claw_gui/visualization/geometry/primitives_3d.py,4828,6190313d5ddbce90e5846ae552dc2334a2473e1b2b974021fed415a573614085,.py
src/pe_claw_gui/visualization/geometry/winding_layout.py,2368,e23d827ca53e498d2674b121e471e67d237760b25bf1192302c7393ef539894b,.py
src/pe_claw_gui/visualization/geometry/winding_size_estimator.py,9403,7fd79bd49a584f86bcd6f2272ed7424548b187a44e451c80613dbb22295ff0b1,.py
src/pe_claw_gui/visualization/hardware_overview/__init__.py,164,43f848bb591e80d52d43bc682ed387aa813da32f024b7f4d369f16dac4c8c1a9,.py
src/pe_claw_gui/visualization/hardware_overview/pie.py,2078,d0969d7bc013e5d9f2359b781eba1a748b78129268c5cf6efaa4b831d901b04c,.py
src/pe_claw_gui/visualization/hardware_overview/renderer.py,40856,f0b2e219f6e57789f7704f9dc259ae0ec225bd023e5f25e8a4aa9a4737879ab8,.py
src/pe_claw_gui/visualization/magnetics/__init__.py,252,664cb6ab3a287df55a480f00a24b8ab05ee617cdd7dd680109967a032fddb7e5,.py
src/pe_claw_gui/visualization/magnetics/transformer_geometry_renderer.py,54106,1bb0dd27c1fd6855583b86954f89f31a14de0d5ec024a9a4cafdae0b0884218d,.py
src/pe_claw_gui/visualization/plots/__init__.py,25,0a4204bf5afd9567f01394501b636850fb605c55435f4c18535124704d39946d,.py
src/pe_claw_gui/visualization/reports/__init__.py,41,a29e885221f1c906bb61491893fffb4814f308821b952365976c1e5a23f26c09,.py
src/pe_claw_gui/visualization/semiconductors/__init__.py,287,3bf6931d17620c09a3cf9e1d4b8b6431b3e72dbd092cebf25752b38bb664dc68,.py
src/pe_claw_gui/visualization/semiconductors/geometry_3d.py,46114,b2e4a2986a1942af68d57ef0872e867bcb8d2b67c1a3472ff7468bc887e23384,.py
src/pe_claw_gui/visualization/semiconductors/geometry_3d_audit.py,7061,472c8d694f8abd1f94becd6ac2d9a854015b30f373f922afad3ae1e5f87205c2,.py
src/pe_claw_gui/visualization/semiconductors/geometry_renderer.py,50442,9586ec66d4c94c6dd7f8f116e8a1523ff0573d8fa8c299b2e687f7edb9af49fc,.py
src/pe_claw_gui/visualization/semiconductors/layout_builder.py,7662,17401104ebb702625265790f6dcbf4b42e56834eecc88e150794a3128b188578,.py
src/pe_claw_gui/visualization/semiconductors/physical_package_instances.py,6606,d8eaf86e2a0f0dc14f4c63bb046e1e075fd005294afd4ef26b1f7a4491ee033a,.py
tests/.gitkeep,1,01ba4719c80b6fe911b091a7c05124b64eeece964e09c058ef8f9805daca546b,
tests/capacitor_final_round_helpers.py,3711,db0dbacfea78902a7a3dde958000ae92aa442a8ec89fa23cf032b23bc428bf80,.py
tests/conftest.py,3691,9ac4b4bfeb23419d199d1c16b8532c2eea222c0dec5445f35937b32485779716,.py
tests/fixtures/openmagnetics/measured_loss_materials_881cceaf.ndjson,3465,0ff1c197603648f15a0bbecb9b8d2b188e80dcae053ce918cf7e5eb1eb110f43,.ndjson
tests/fixtures/openmagnetics/measured_loss_materials_881cceaf_manifest.json,935,b2ae27d6a66bc32e72694d6b284aa3764364b154444c95fd199df468f44e9195,.json
tests/fixtures/openmagnetics/step13_golden_references.json,33933,c56e330ee18309c396e787396e951ec93fcf7dbe67159e86e96b785d586f2ee7,.json
tests/fixtures/openmagnetics/step4_component_golden_shapes.ndjson,1922,296a14b529a2f038da5f1069405f9adf5fabccade327405bffde9acaa903cb8c,.ndjson
tests/fixtures/openmagnetics/step7a_non_steinmetz_golden_manifest.json,3875,f0cd6f1137de6343a2d176fc7c950e433c35a8f5ece1db65f7aad1af18868fc6,.json
tests/semiconductor_3d_test_helpers.py,4476,650ecb4d5fe4e0df50940920be27e10aeeb9fe16b94c5d9fabb62d057a60acda,.py
tests/step19f_sharding.py,4453,adef1913d1ebff33902224163c6d36e3357f735fae99ff68f6a4a1fc27cb79fb,.py
tests/test_ac_dc_backend_topologies.py,18610,0a6ff2fd661f0c0867caa66439cb3784689935d56b5e080411a153041603b7f6,.py
tests/test_ac_dc_efficiency_sweep_pipeline.py,9106,3f1b8192df5a4ee1a50dfac3b077b937001a1d51a308dd24e5b2880acff7e230,.py
tests/test_ac_dc_gui_integration.py,29017,0b761e9b96bd23a94349b2015c729eda311e3d6448311edc8d735d7db5c0f7b8,.py
tests/test_ac_dc_reactor_selector.py,12458,39ffdf557e8df99715ee53859b14419a81b20cdcce32097591f6ddbf7365f28e,.py
tests/test_agentic_ac_dc_backend_session.py,18144,5b90626dfedbc32a4a1101047328f24cf26365e0ffe4070b22ea51cffd06897e,.py
tests/test_agentic_agent_runner.py,7218,8c3cca45adef5a61809288e6f06f5765a4b75b4511df5f79155302c4e62af155,.py
tests/test_agentic_audit_log.py,10237,1a17bdc9aa4ef12639295474dc8a5420b7ec07d2a8dcbe5b82c7612aecc4740c,.py
tests/test_agentic_autonomous_candidate_dry_run_evidence_comparison.py,14399,fdde84ad7b22c687eda4c80d25cf59358c9db7d5765f5b7e69734be966fef3aa,.py
tests/test_agentic_autonomous_candidate_dry_run_execution.py,21749,cf09ecf4490f953e8421c44e1b60701c8f210d6492df6ced0d37ec6d6ab89c76,.py
tests/test_agentic_autonomous_candidate_dry_run_preview.py,18680,d038a0752309ac6fa7838e34b28994dd15f1e28745381ad8ac2148136b1a7984,.py
tests/test_agentic_autonomous_candidate_evaluation.py,21850,e99d998b7735b65713f35f19f1f9080ebeeebdcc45b3c692364b37dfd3b7295c,.py
tests/test_agentic_autonomous_candidate_recommendation_acceptance.py,12214,796c735fef00f3831a91c69d13972b4f6c7f0066c60662990eabd5b4874a4cee,.py
tests/test_agentic_autonomous_candidate_recommendation_critic.py,18224,5b6a9eef0a2fb34b3dd82707ec1ac9b2ff275d8ff970df15387380d725f643c0,.py
tests/test_agentic_autonomous_design_session_execution_gate.py,19651,22c653a2f13afbe55f89dfc2459f3f8df899727af1ce1478f2c231e1c966f1c2,.py
tests/test_agentic_autonomous_design_session_plan.py,17550,c70668a3b2192344b2da9f633b383504a99bd5608d19ca56227620915d041659,.py
tests/test_agentic_backend_session_contract.py,4667,001dae78b02bdc793a5ae5bf0887731568968de26b41858c3d35da605f25fd71,.py
tests/test_agentic_boost_backend_session.py,11505,70c9f1f7a1b6f44fa4b61aa87fc4909e2571c75b29de107e6ef199bac211e40a,.py
tests/test_agentic_boost_capacitor_execution.py,4066,066ff06c4caf66279314894cd8d843540f2812083f1e15b03a432ec6ef00ac85,.py
tests/test_agentic_boost_preview.py,2866,c9513cf062c42629d3acb67f41e630ae69520be2001d5cf5e6974239b977d1e1,.py
tests/test_agentic_capacitor_bank_design.py,21532,745d3e205877536bad591d120b5b4cba7e4f0b56544fed55fd893a709da626e7,.py
tests/test_agentic_chat_session.py,6587,9321779fda71dd1ae4f39844d40e7779d5d91fd635cbe461b2be19d1be27027d,.py
tests/test_agentic_dc_ac_backend_session.py,4688,7c070d805cf2f52c38242e50b8a97908ae7a40249522d41bb54ef8438fbae648,.py
tests/test_agentic_dc_ac_md_first_regression.py,7731,91ae34e4e1502a4aa3f43d83ce497b1c31a32d08d68c4e82ffa4c2be33e61db9,.py
tests/test_agentic_dc_dc_backend_session.py,59097,02a113cdf326b39aa72ac287db58aa6c1209ab93b67dd14d59d5ed44f8db98cc,.py
tests/test_agentic_design_intent.py,11240,1a083c2488b099be9ac23d377f6572e4d7fdd95c23e66776dd61f59ddf51ffc5,.py
tests/test_agentic_design_request_import.py,15304,f08468435121ccd412f53bb601b6697dcd3dbdaa20ede91cc92f09a336a8b764,.py
tests/test_agentic_design_request_parser_bridge.py,28820,c199896e4b8b823699e7ce6e286e718e2f8b3f11ec710ff9169b62f9c0d2bae2,.py
tests/test_agentic_design_request_runner.py,36878,075ca35b232aa78c2bc5127b47c88acd5cc0188e6c94ce694bbb0f04edd1aaf7,.py
tests/test_agentic_docs_current_entrypoint.py,2029,a8b0fae5691554a2a7c2335b00105563a5119c30ceacf1bcc1ceda171b5de521,.py
tests/test_agentic_dry_run_preview.py,14458,887a3703f1b479b145c7cfb351a948ff2888b6245d5fca5fdc11c4f6be0d97fe,.py
tests/test_agentic_efficiency_sweep.py,14768,f7432c880b9841dba305280cfcbf0086b26dc490b3a865606bbb9d6e91ea0940,.py
tests/test_agentic_electrical_design.py,21257,13d752bfdf3d2d235d6f86310b3c5e53998b13b1b5233264d5c1c39632a2eb89,.py
tests/test_agentic_execution_contract.py,19312,69bc0725cfb3bf4e1a12d5ec707b61b86e1d8e3a131df24382ff330e1667ee68,.py
tests/test_agentic_geometry_visualization.py,19722,a9b67132833fa413426a86368130b96818de71d02bc6e53e8f041f8fd24cd817,.py
tests/test_agentic_loss_estimation.py,15349,06de2122a3ab25b6a586a00bebb2c15a389fd8a67c17b49eaed4bcb08dfacbfa,.py
tests/test_agentic_magnetic_design.py,23893,a50c8433de2f37fa94c44539d69501d55844c5e9243a4c2cdeb42bd91eb1c9c1,.py
tests/test_agentic_public_api_cleanup.py,2940,00e9d51196a8aab2a829331fbb4922d3d012d34fb8c1a14213814975b74bcc05,.py
tests/test_agentic_report_artifact_writer.py,11243,0a6b442646fb731f41468fff37ac44b24397181a0bb959ff12edf78960afc947,.py
tests/test_agentic_report_generation.py,111605,5cb12f51a168633284999d541907ef021ba4e0b88b7ee83f951d35224e9b5c5e,.py
tests/test_agentic_requirement_parser.py,8553,7de408b6ad5d009adca52b4eb5da81b56ebd654a1b8d0948fc97e3de3bff9086,.py
tests/test_agentic_requirement_parser_acceptance.py,8071,be1f2e64fda50019fce8fbaa89bf236231ca8337523dc8f26d8e217f1c82e8e0,.py
tests/test_agentic_requirement_topology_acceptance.py,18330,f6079da8c41e9ecafca62ed4c168ba9f614fda3c02c5b68856cba349dfd6ecb4,.py
tests/test_agentic_requirement_topology_router.py,22958,334bc6bc3e523beb6d11bfca9b51129c94158995115584af9142f72ab3dc3b87,.py
tests/test_agentic_semiconductor_selection.py,21158,42217d8d247673494f2cdabdeea46327f0ec8251a0c6089c81d30d1e1ad4d193,.py
tests/test_agentic_session_bundle.py,16559,5b44cf116254fd7ee2811592ed058b1616da4ec93e65cdfc48c7d3881f14edbf,.py
tests/test_agentic_session_follow_up.py,11810,502d824b1ecc5a839463e4d30af0e1ba03fa24cffad464ca632ddef0cdca6c3b,.py
tests/test_agentic_session_manifest.py,18440,94dc93d0effea1d4e4f631ab699c9b48a26c1c90b73776c340235c88e84f7fc7,.py
tests/test_agentic_session_output.py,7595,7445c1e18085354a83d8eaba940d7990c621e8439bf7786e9ef8b6b31bb0752d,.py
tests/test_agentic_session_output_integration.py,3626,5514c23377a8d537b536c8b1707bafbdd012c09ccb103a328c393f5342a809e9,.py
tests/test_agentic_session_output_layout.py,5459,0f7d18866ed321a111cf70a8e51dc776ff7ca2b74f6b077c4c53d8c6d87e76ad,.py
tests/test_agentic_session_resume.py,10291,00e31aa707ce42e57790408686eb0adebefc1b74a573eff7c12387de49fac976,.py
tests/test_agentic_session_resume_cli.py,9960,acb36dcd6e589e23f7caf136f9a9045a6927d69bd2c5e2ec746fb326ade708a8,.py
tests/test_agentic_skill_handler_adapter.py,8143,ffa72eee7b99f13615f30bfc51d486b128c76c24d272e948c420a5afc4d49c26,.py
tests/test_agentic_skill_loader.py,21292,0090067fc197016780457f420622ff645375d6a1e8f1dbd35ce7a3e86b7f4a4a,.py
tests/test_agentic_sync_buck_backend_session.py,9466,88db0049107403778e4612a2c1ff71e1e5cbc63085b337d25e6be09060180422,.py
tests/test_agentic_sync_buck_capability.py,3304,72030c6635ef74e183f5fb92f7d116b268ab90ec209bc0a99d32e088f9988a5a,.py
tests/test_agentic_task_checkpoint.py,12786,c3b485be9bf2e386b7399cd60ac415d5fa8c6cea38d7752fd188ba481f3279d4,.py
tests/test_agentic_task_executor.py,14506,22aabfa848a5930d34bf0eefdb04ccc89fdd94604919fd93fb23da8482f4a91d,.py
tests/test_agentic_task_executor_persistence.py,47754,d4c2b9592073ef8abbb54b557e5f92643a043868282de0ff43890987f2df3bf0,.py
tests/test_agentic_task_executor_persistence_cli.py,14068,d9546544fdb49cb940719845605c3e9bf3caedd57fdc4ac757722028e4b24142,.py
tests/test_agentic_task_executor_session.py,13761,0d3965cecbe5e2cd21f2d70ce3a1e867a96d6062a021b8b15ed7846310870ea6,.py
tests/test_agentic_task_executor_session_integration.py,7661,c205f9df5cac14c2a3f01bbfe9b8f0c753a93f32af9434711084b088a72e0720,.py
tests/test_agentic_task_graph.py,7853,f9ef5153ba1e2bc96f66e2b7607ee3c63852080bb982ece1dc329873307ce00f,.py
tests/test_agentic_task_handoff.py,5399,00f10056df700e137486827ad44b3f0d9c0f91dbab6a3c147a74cb0ab920c3e8,.py
tests/test_agentic_task_planner.py,13618,5a6ae4f7579f24761fad979e0dbbdac3b13f9a7de8f71a36cda777bfcc26d955,.py
tests/test_agentic_thermal_estimation.py,17402,9b607cfc608e74041dfc571c39af7c020d58c51000e0352150f8b3de545c27a2,.py
tests/test_agentic_tool_runtime.py,92167,88c723d4b70044045abc4be165311eced6aa278e2b9461c7244deefb28c0912a,.py
tests/test_agentic_topology_router.py,8580,f1add7e9a1d4704c6d4f97843c61f08b15251887092da9ee14309f8a83c2a743,.py
tests/test_agentic_topology_selection.py,11705,c8eec613c955e0bf44dc2ebdcabaa26590232650009d68032130e8f686a11501,.py
tests/test_agentic_transformer_backend_session.py,12225,c2118fabad0d9fa83c9b1972d1d03c1a2932b0e50be1d18913fd0fdc54ca8ba9,.py
tests/test_agentic_transformer_design_session.py,10573,eb9cd2e250fc5028327a5b4aaca1d9cdc6ab57fe4f8a88d3ed418d107a2f0669,.py
tests/test_agentic_transformer_magnetics_design.py,31875,970c7475b1dac6b02dbf77ae52da717b6f891856b4d3103705ce970503502514,.py
tests/test_agentic_validation_audit.py,178377,1356adab7f81bcaf41e34ec1a285fcd7e80cd0fefe947cdf8e07bb313b6bfee6,.py
tests/test_agentic_validation_critic_policy.py,20619,5e6b36b2cc9dbff5c6a0a22d047ea07d2fb8bc8369f2ad15a6926435ebf31055,.py
tests/test_ambient_temperature_flow.py,7770,8c74e1133f19008963f2819fc18f41c684e1adf9fc9684c60076421254741505,.py
tests/test_assessment_baseline_determinism.py,6666,abc7a4c659a34b038150d3f0bdba30e1d3e7de26d741cc11a142a61a312997c3,.py
tests/test_assessment_design_fingerprint.py,10521,8e2ba3ef9259aaf8a17c424be4b3965cdf3fea54d5074f289826812f4bba2b54,.py
tests/test_assessment_perturbation_builder.py,8435,5e51a68826614e676f2b11280b6fa84ed089a7c494a534bb5ea313ddf6c5fc63,.py
tests/test_assessment_stability_artifacts.py,2093,e2fc7fcafb1187f7ffb7ffb6739aa5238524742b6110003ae5d4eab82131f128,.py
tests/test_assessment_stability_classifier.py,13365,ef677f88b172c120ca91d3f2215325cdae19ef1a6faebad0660dec9a293ef023,.py
tests/test_assessment_stability_direction_rules.py,5185,ba8e3928f005dad7c3482ca362662821f688db7e3796cce27baff1793bbfe448,.py
tests/test_assessment_stability_models.py,9219,1a9dfa762544be8e405b7f07aebf49a74a9b4da853268599d052a5ce30ceacb5,.py
tests/test_assessment_stability_report_builder.py,6148,4ae22604e4d99689bb2f54b5275fdb3bd4dbb75f349cb55d2d33eb26727f8116,.py
tests/test_audit_core_loss_excitations.py,2865,8b0eb77e21592d5bfe81708c5ea7c080e87be1d051a48ccd655ace97fa52b29f,.py
tests/test_audit_core_loss_kernel.py,544,f94ec413261a92c64969a165c93a5779b4930f2e952787477a066fe0225dd01e,.py
tests/test_audit_openmagnetics_components_v2.py,1665,3d881f2a6504a77044c1753cad310e0c5a36f69971ad43a5e75660207e410e16,.py
tests/test_audit_openmagnetics_materials_v2.py,1915,ce12cd0c28bed801558d8d4a9b831504f2b4bd2eed9a3afd387dfa5b2c4b75b8,.py
tests/test_audit_openmagnetics_non_steinmetz_models.py,3814,5d0188118597e5310b68d0c40b69176847ca2239204dbde635b0d1e23b8c16de,.py
tests/test_audit_openmagnetics_step13_golden_references.py,837,79549cccb2aa827e4b627f43a2ff867c37f1fb75adc279c770090636d2079a07,.py
tests/test_audit_openmagnetics_step7b_models.py,1980,a455085773397f565c6d687eb0f5b264bf0a082399bfe42068d8aac64b98dbe4,.py
tests/test_audit_openmagnetics_step7c_models.py,1599,39a92268f0c70fb4212584831781994ef83432695ff5e019470f095d887df2eb,.py
tests/test_audit_openmagnetics_step7d_loss_factor.py,1771,3c634115feab091ca268d61691c0f8d0c997b1f1ad1cf190ee1525d34a3a0433,.py
tests/test_audit_openmagnetics_step7e_roshen.py,1225,bf21c516fe92960ac4492cd6becdeef11ea20bda19dee6988d28f9cf4be2f22a,.py
tests/test_audit_openmagnetics_step7f_magnetec.py,964,d131364c2e82fa7eeefe73598765a3d778178e63fc283e45296adeeadc9f21d7,.py
tests/test_audit_openmagnetics_step7g.py,947,de07f65059305cae254dc925b230bfc90fc94e7abc553270ad0ca4578a8ae90c,.py
tests/test_audit_openmagnetics_step8_generic_inductor.py,371,1b074026aaf175dbecafc634cd526437113722f8f23ce223acd2ebe2eca5dbbd,.py
tests/test_audit_openmagnetics_v2_production_cache.py,647,b195967a9827428b0c3bf6366585001a180ebb162861188117f2351e78e50ec8,.py
tests/test_audit_openmagnetics_v2_promotion.py,596,594db2ceb6977c55c6bf9954b718c14e16464a6f5b1866760bb04f1a95088eb6,.py
tests/test_autonomous_candidate_lightweight_assessment.py,6081,ed8b5faffa6f717a7574d5ddcdf55551af3752c2074d094b1cbca8d862348ccf,.py
tests/test_backend_session_runtime_migration.py,1753,f26334bb6180a4d0da6ee49f76d0aba729c7c942d670ed0cb820a5bbc3dc68cd,.py
tests/test_bridge_rectifier_candidate_loader.py,10213,fd91f663f502bcc3b773a143332121e3d487d4d04a8a4e42c6ab8ee44070c711,.py
tests/test_bridge_rectifier_models.py,6418,63db392295ff43aa4a6210ad8c5a0991a4a286b6ef1563506a6c5e9ba401f3ea,.py
tests/test_bridge_rectifier_pipeline.py,15412,7e4abd0aa05fbbeacb960d8fdd3f9e63b9a67086deb20dd2fe2242e6468b782c,.py
tests/test_bridge_rectifier_result_views.py,17420,ad355154188f205c4a067b0717db14ed8d98e6da71bb1b5ed578609017608887,.py
tests/test_bridge_rectifier_selector.py,19058,9569f493356f00721ebad5a9f4abf77e4a1be6882f7c82cad6ac60dda5727960,.py
tests/test_capacitor_geometry.py,21561,5b7f213cd393c356041ebad4c18c284c7da9549dea84b29779ff57faf076b468,.py
tests/test_capacitor_library_a50_axial.py,2035,4589f2007340c8744d6446e4730b320d41b66468b5aa15c971c04cc8e3359e1d,.py
tests/test_capacitor_library_c28.py,1935,c3a7a0b2ad71f05c8dc428c06fbc3fa7f24a460a76009346aee6c4c9bb122805,.py
tests/test_capacitor_library_c44a.py,2217,e733639892dddd367a1a1c5634d58567d06932b8e4c7d153257958f045ab7dcb,.py
tests/test_capacitor_library_c44p_r.py,2196,1a1080911f4c5088663a422e5ba6f0aa613b3cb4a24059bcf05d572c0c1c3970,.py
tests/test_capacitor_library_c44p_t.py,1901,cee168583c8d64df1a328a027e3991079fa83c0237e2823993820b85dfdab85c,.py
tests/test_capacitor_library_c44u.py,2188,a48cc87222075e7ee294238177fcd703f35100aa39bf4363902122c7f9c86055,.py
tests/test_capacitor_library_c44u_m.py,2200,58edee98cbeb3890c41ebc78c5655cf7427de2389c9a8f888484434f98475907,.py
tests/test_capacitor_library_c44u_t.py,2202,25744873f8bb8eaaed730457be38bb77cc65529cbfd8bcd4312824355f9b3907,.py
tests/test_capacitor_library_c4ak.py,8290,9c182fd29ac39d61fbbda63c77658131e510671050dcb234fad1d50a09d65486,.py
tests/test_capacitor_library_c4aq.py,2330,9f5220c955074bf335551061d2a93096b3d9059f494908ad05565a680fd6968b,.py
tests/test_capacitor_library_c4aq_m.py,3539,25f4f850b295b68c61d26f9c1df2c4ef5492532ace7c3d1c431cf59fbfcc5c52,.py
tests/test_capacitor_library_c4aq_p.py,2558,84b6b27f2fcea844753cb20fe3a9468f8cab10110b51c1e1a779e3bedad8f2d8,.py
tests/test_capacitor_library_c4as.py,3811,d6bf34b5e976ca812b81de3662dde3a7a79278dd370f392f053133ce1526b162,.py
tests/test_capacitor_library_c4at.py,3792,53d23097caacad05537051c2b8642693abb4f4d70f52a699c704941de618a5b3,.py
tests/test_capacitor_library_c4au.py,3520,15fe3f031a0b3bd3528bb206f08882467834103e8f0d279e89a1158830ddcda9,.py
tests/test_capacitor_library_c4bs.py,2384,b666ba4c46c5fd67812307d28ae8c176d90cc845164f33e578658c3402e9990e,.py
tests/test_capacitor_library_c4bt.py,2361,26e7be3dbbdce3addc8b896f4710ac556c53da2b0d770d6789ed6a8979afc8f3,.py
tests/test_capacitor_library_c4de.py,2204,0ab136973d6879d0cb7fdb0d78d0f314a9ab01d731da8b01734d8ba9786e8b25,.py
tests/test_capacitor_library_f863h_x2_310_125c.py,2590,9554caea12c01a433634eec843b70f75d0c5c3e1b6342c22106918ba6104d5e7,.py
tests/test_capacitor_library_jianghai_dc_link.py,3375,48f1c72024bf70e90994016f582d554a37733ab7175c0d035d01e5c5a00572c4,.py
tests/test_capacitor_library_jianghai_geometry.py,2349,82a4ca75f3901ecca032f7630855a337940e68786892d09483c7e7199858863b,.py
tests/test_capacitor_library_jianghai_loss_basis.py,3663,1a16c624f45686332978886f459fea9dba94a91cf3f77d89d55d0174f87b756a,.py
tests/test_capacitor_library_jianghai_registry.py,4040,ea09e03274d645619f8b524e0831c8a81afaf574263ae98fd443059fe8964640,.py
tests/test_capacitor_library_lelon_electrolytics.py,5162,670e53a5171921a1790c34fa90868a36ce65834607415306f91021ff4b459605,.py
tests/test_capacitor_library_mdc.py,2778,46301b20884f92770fca9e0cc6436bb1ef88517ecddd6dd752c676d20370cda2,.py
tests/test_capacitor_library_nippon_chemi_con_audit.py,7705,d723e52978249de09ce67da06155757e7c93d080486741f2bfabe4ac458a0c8a,.py
tests/test_capacitor_library_nippon_chemi_con_builder.py,4824,26637637609a6694b5336847d6c4cb57f37bded449b00ca9c72b957603376c6e,.py
tests/test_capacitor_library_panasonic_dc_link.py,4528,209cf53e009fcb4b5b1b4c3410f444f864ea9dcdf7583eae5c246479c32c9c01,.py
tests/test_capacitor_library_panasonic_geometry.py,2273,6d1cb56e84910789535bc6ded42b7cf9ebf68251c610e5bde5f4afa8d933872d,.py
tests/test_capacitor_library_panasonic_loss_basis.py,2490,f5ba3115a7afa5f51191329358404de77694f1660964fac301c03246517b7bd2,.py
tests/test_capacitor_library_panasonic_registry.py,2618,e74576f0ae524982f9402916965309639dfd9e8d2a2f7476a3d61557fcae02b8,.py
tests/test_capacitor_library_r60.py,2784,cba8f6a3aef2c28aaaef360847460abf7b0f58643ec14040b072c4d70ef89223,.py
tests/test_capacitor_library_r66.py,2182,3064e49f3f7efcace08d2c9f9b7b68bd2172840e31cd38af77a8e4609bb9db3a,.py
tests/test_capacitor_library_r71.py,3151,16bf2020562a78e6c728cc59f311acb654d9acaae07f518e7e8bb5ddbee8aca7,.py
tests/test_capacitor_library_r71h.py,3099,127e43dc7a63444baf9bb53defd7caf559c9bd8022acf31bc1bf088fc042aa41,.py
tests/test_capacitor_library_r73.py,2802,094f9316179d23ca242a4b7191d4b04ddf3526daef04282ec6374a1a73808bbb,.py
tests/test_capacitor_library_r75.py,3148,f40c5ad35734519f18c1c96a789e5132ac1fc6860ae04b6c3dbb2dc9a334e6d1,.py
tests/test_capacitor_library_r75h.py,3093,52e16681b501e147bf8fa2bdccaf6cce2ad5f0dfdb0325735340a6376e18d499,.py
tests/test_capacitor_library_r76.py,3162,02c6c0a335121d903247761f4a531612c2d45f07fca877bd6a7db4e15199b337,.py
tests/test_capacitor_library_r76h.py,3108,d07025ff53caf560ff3590ae76aad5079428c5f513108a21bbfe1ed70b692984,.py
tests/test_capacitor_library_r862_x2_310.py,2511,91e3d4619ac76c8dbaf119742800e39537948605346988d1babe101da4f4d05e,.py
tests/test_capacitor_library_r863_x2_310.py,2499,2181a346a99c558927cd7ab5a108e5c0815106d52c5531067b0064ed4df51940,.py
tests/test_capacitor_library_rsb.py,2181,64a386b746884dc28d4588463cd92295f6bb14812279116fdc5549d5c3f5d8ab,.py
tests/test_capacitor_library_rubycon_dc_link_candidates.py,3612,e99d818003f05bc58e6d388f822fe18652a81f9a23e2c0d288bc06cc87882283,.py
tests/test_capacitor_library_rubycon_electrolytic_audit.py,9550,4285084d6fb805caa12a053513927b235810f39f1419ba1ccf88ff6c10d579ec,.py
tests/test_capacitor_library_rubycon_electrolytic_builder.py,6026,cc233931f11cf8a55acd2d913635f1ad1cf7adde79829d7c3d0528c369753961,.py
tests/test_capacitor_library_rubycon_geometry.py,2287,1286477e71eb0fcab57c6f5b1f36c37f7b70cdd17ba4f523146f35fe5ccc149b,.py
tests/test_capacitor_library_rubycon_loss_basis.py,2579,c1fa31e9552f4e8bba8d73ab36c8648cc93b0bcc90ca22ab57b2638e6c8947d3,.py
tests/test_capacitor_library_rubycon_registry.py,3014,450fce573d3effe045e3b9144312b60d9edafd7cf145742d3fa07dd0659f0ad9,.py
tests/test_capacitor_library_smr.py,2791,0b71d823f18d2c9519a5e857f2e7085b168d0c06a916a5eb8281950ef9dc886a,.py
tests/test_capacitor_library_tdk_b25654a_001.py,5553,c0048afebea1835a5d4937fc83a51bfb3271d22404ada13eb8eae69e6abd4d88,.py
tests/test_capacitor_library_tdk_b3267_d_g_j_t.py,7695,3688d8676f6e5939c877ed4cd90d1f7c9ba5c56e0dfc44ee17cc1d9970830944,.py
tests/test_capacitor_library_tdk_b32714h_718h.py,7716,0f0767471cb546b098885687521372c159650a7fe0edc2e85f0916d44d693539,.py
tests/test_capacitor_library_tdk_b3271xp.py,9850,85dc7c92b9de97ce86479c8d45acbad61537b931aeb6715db350b69c3abaacbd,.py
tests/test_capacitor_library_tdk_b3272agt.py,12039,959daf77c81cbb97f9bf25316c90ca5c9cdf874ca67992bc09a26cc4acf059d4,.py
tests/test_capacitor_library_tdk_b3277_d_e_g_j_t.py,6077,501c02efcfb6fbe48368e159e8c1c55329e0905fccdcb02ab6ab884f891e9e69,.py
tests/test_capacitor_library_tdk_b3277h.py,5639,5b19281a2c7d53326a8c72983a80c10d3f53c20ec376a1d5e3a3d32b062067cb,.py
tests/test_capacitor_library_tdk_b3277m.py,5639,84a004acfe8cc57808bb5ac473c44c6b33abdd92b9e2c25ccc6492cdeba85625,.py
tests/test_capacitor_library_tdk_b3277p.py,12721,def37a6b455dc7f938e63526c3a80e273090e2c212a20ba86488407728abd505,.py
tests/test_capacitor_library_tdk_b3277xyz.py,5942,355e1cc60b768b853e28164d70431f806a17277a969122da746724eba227e67a,.py
tests/test_capacitor_library_tdk_b41456_b41458.py,10011,07b0491370e79039a49ac7b9b8061b686ba4299953d940caf4d6f41805d6a598,.py
tests/test_capacitor_library_tdk_epcos_electrolytics.py,11949,67214017db4bd549fc4cfd5c0ed0dec25fee1d6128ac5cc02f672bbc5b4a4956,.py
tests/test_capacitor_library_wima_dc_link.py,3859,d0419b866db2a98727f213b272a4ebf1c065e79b3db0f2dc67f671a340ce07e2,.py
tests/test_capacitor_library_wima_general_film.py,3129,927c8f29c3e910780e48a4f664391266aed2c33776469d134fd84a6a028a388f,.py
tests/test_capacitor_library_wima_geometry.py,2079,26d26183773d3591e0884035e12ce5146b41cc17bad25fe54dbfce9b9371a80a,.py
tests/test_capacitor_library_wima_loss_basis.py,2820,bc70656a45ace7636fef91bf88b09f31c58920b2c8433469b617ddccc1427ab2,.py
tests/test_capacitor_library_wima_registry.py,3427,8031996477e38f67c39dcde8c41e793d0c57181e301e249a96eb0e9f8c6ae7c0,.py
tests/test_capacitor_loss_thermal.py,7215,2d5b220fc971d296f07c2270a8abbf33af22a537834ebfe067c87b44b6cb939c,.py
tests/test_capacitor_pareto.py,5062,1c33d674854ed87129e9bcd05c2e594a1f1a4a310bac70a4e3b2ab3f67de9b5a,.py
tests/test_capacitor_pf_view.py,24793,314c17a9a09633925e2d2f7ca2b36fc1719adfd06685a44fe798b50fb4df45b3,.py
tests/test_capacitor_pipeline.py,39412,8e4aa48a361289c72d0572e560e687d3d587363454eaa1e98ec7d90d2aba1e5d,.py
tests/test_capacitor_recommendation_policy.py,7645,ed73c33ce86f3250d323d5fec6fc9b570fd652b5f3f74121340d5d15a69f96cf,.py
tests/test_capacitor_registry.py,19132,0f302034bca1d8288d745b24141e2a4a775ac7e60ccc0888524c7a993dfbffee,.py
tests/test_capacitor_result_view.py,30905,0a9fe09bdfaeac2dc09d2fa834b3f2da18f49e9c59b30a28e3487ca75d68c90e,.py
tests/test_capacitor_selection.py,25006,1009a2b78d5f8cab248f68ea32ad62ffb1648d56d757e12c061ed2253facf816,.py
tests/test_capacitor_selection_jianghai_default_filter.py,1854,b3840c3cfe1d7c6184ca425e0bc76effa8e53c88ceef89fce599c26fa2e76e44,.py
tests/test_capacitor_selection_panasonic_default_filter.py,2179,3dcf3a042ce2b3b29245a3c275eda547768b61d1f06ec22afd8133fc2d28b4b7,.py
tests/test_capacitor_selection_rubycon_default_filter.py,1958,b47671ed998ee36750eb29503252e79c0b1e72e6c1237a7545d5ced9c869fe64,.py
tests/test_capacitor_selection_speed_pruning.py,10852,ee753080eaa00d5395d5889a17ac27d98cfd88b0d43ec2c2e7b0b5a211a3b552,.py
tests/test_core_loss_excitation_builder.py,8508,20d217b6bb13a14a0e9ec00dab6596c0631f1f42e60ea8d80ee49a642bd7d46d,.py
tests/test_core_loss_excitation_integration.py,16531,8b37a49dec42495d48fb2d254ee362c9ad95643efc3a7ab0ff08de992b763d1f,.py
tests/test_core_loss_kernel.py,7336,40af6db5c91871836e4b249730135d61285c29ced8b7a7c326a8224b81556f31,.py
tests/test_core_loss_loss_factor.py,8197,49c57f8441716591e18b48d2d1a54d374dee8f859259c04f3354b73dc01aa858,.py
tests/test_core_loss_magnetec.py,2864,2a9a7172174daef5bd4191c98e19dc5e4249860e6e9e8a778e32a7c60e053672,.py
tests/test_core_loss_measured.py,2798,0af55ec360e66bead5f243112b17b19bba5f3dec3da895e77acccc9d621f53eb,.py
tests/test_core_loss_model_coverage.py,8146,11e29a12e070c2baa2c5a0151264aa6a6a2e56e688804301a88122a134a534d2,.py
tests/test_core_loss_proprietary_models.py,10227,2d1076e1704bc76b4a4b01562688f7dbbc7304fc7db805b1f8e81f65f92da3fb,.py
tests/test_core_loss_roshen.py,4267,de4c708c0e89095ead086a55a680251119302caa29841d219810adcea36f1f61,.py
tests/test_core_loss_router.py,2890,a097e9ca85d887b5d2cc6620cf410206f9ce7a5dfdd754012893b4658e86a2ff,.py
tests/test_dc_ac_placeholder_topologies.py,4579,ca7ad0d128cfb30b5a2bd7820441319bbcc3a41624ff45d8699b9348e61dbf84,.py
tests/test_dc_ac_single_phase_full_bridge_inverter.py,80234,c97fac01f9a189f02fc051111ae623b479e40f3913d21ac3cebf7f55d9ef0153,.py
tests/test_dc_ac_three_phase_three_level_npc_inverter.py,44844,a3dea071dd3f2d1104b0612193c5ffb9dff886fa95bcc3585ef28dbcdddceb33,.py
tests/test_dc_ac_three_phase_two_level_inverter.py,40306,6272cc1737d53dab41831141b58a49d4db5d7b99e8eec7ad9aedade339f9f659,.py
tests/test_dc_dc_inductor_adapter.py,3676,7d0cbe480b8bd7acd89124ffc651eafb435fbd7565562a2ab43da9d4015d8d45,.py
tests/test_dc_dc_topology_image_cards.py,13948,20ae32b357f4ae36268572f15445a6f8d231ce127be8ade4dfcae5f955c0bd88,.py
tests/test_default_packaged_normalized_magnetic_backend.py,5175,55f8c639f02f5f80304206b80d8ed41209fdb79fdb4013fd068b9dd2e0de79ee,.py
tests/test_dependency_manifest.py,3623,61dcd4fd467d6cd81028ec650bdbd14ad1f6b71896fcb65f68bb1da00bf041c7,.py
tests/test_design_assessment_models.py,7218,56f5392c1b520b642045554ae2c24b2cbd7ed2bd6883f3f9e3f6cc3c4a21966e,.py
tests/test_design_assessment_pipeline_integration.py,8221,a5eeb260a4ac460267e1c73fb9a0c8fdd4565ca6744d4312e9fb73b87777bff4,.py
tests/test_design_assessment_readback.py,3642,e0230f36c09aee1e40cee9783675ff2b99c130244dac35500ae7874a5b091e95,.py
tests/test_design_assessment_scoring.py,8689,44b2fdb4c71cfad3a6702b1c31ac984c758f27c3eeae0ab2429486a17ad6c266,.py
tests/test_design_checker.py,2055,32b9e2591ac1a5944842f019d06a39d3f21db915d8d80f6b4283fefdc38f92d4,.py
tests/test_design_intent.py,1089,6e5a184a9f8da776bbc1b7a23e06b85bf3649a815fca4b3a0237128506aa8370,.py
tests/test_design_magnetics_button_split.py,17372,7319ab6fe625cd947515fc5097935e672012c596d075b3691a7f09d1ebcef15a,.py
tests/test_design_session_acceptance_review.py,32527,149760b5b7cad2e7f9d629f4779091b01f54561e68d786a85c26f42a29d39007,.py
tests/test_design_session_quality_audit.py,40716,265fba1353ea8efb00e63543187582000f783b4a962515f8c11bd379f6fc6e15,.py
tests/test_device_and_loss_process_maps.py,3591,ec240d03a9d25acc2b4812f6ce762c67abf7bb9cf0c94438c1319dac3b13662a,.py
tests/test_device_result_thermal_wording.py,1375,1cacc0baa719801b594a61bd6c43afd30a1c7acab8ade704d65469e6a257cea0,.py
tests/test_device_selector_rejects_overstress.py,1098,f794addda48b51daab5d41a9fd7622456025d905ffd99aa1832c712991804844,.py
tests/test_device_selector_single_candidate.py,1242,b208dc02ec1b02ad4ce49c08dbb216c1a378406c3cc78a2a7d505b006a8f1f5c,.py
tests/test_device_stage_integration.py,1650,f2d02dd34b1f8a8d267429d673fb2d1ddbca92841b6b74f886b7f94dffa9d6b5,.py
tests/test_device_stage_thermal_integration.py,1766,b016362593a95bfbf3482333863e39e548f6bb286ed6186c592fb13d46aa4e4a,.py
tests/test_device_template_import.py,652,73766dd35f0a3f76a1c606fed87ce0623d0976653018a9b68bee6df6d27dd36e,.py
tests/test_device_view_semiconductor_3d_tab.py,2193,9db459b25036a3980a6b85beb8a1bbdb74cc2c82b5873403fabc6016d708a65f,.py
tests/test_device_view_semiconductor_geometry_integration.py,4094,c06f6ef5b32f17703686ad890aeb4fdc73a85a422e1ed254bf3909c034cf7b62,.py
tests/test_digikey_bridge_rectifier_normalizer.py,10252,03ead0e93bc0fd026539fef5923972061d0d4c8c3c32ea8d2dc9132eaa5b64cf,.py
tests/test_digikey_price_fetcher.py,8821,5ff28ece282d24878a9c00f7a25ab4cb2e3008167bba42d6a678715242281b55,.py
tests/test_digikey_three_phase_bridge_rectifier_normalizer.py,16175,b0ab6d9834bb7be920afbe231699c2f49255582101d3a7c3c6422c843acfda79,.py
tests/test_efficiency_sweep_controller.py,3852,ef1ced0e812e46b2d31236f8833fbe561bd50862c516336c4ee9f3069a3e04c9,.py
tests/test_efficiency_sweep_pipeline.py,11687,575944d464e340051a463029566917136adf768ed02c151d7daa396d36fa02b9,.py
tests/test_efficiency_view.py,7202,bc4be73970c4492aaa3b170900f994f034d3381621b4bc3d0db3e798440d87c7,.py
tests/test_external_reference_isolation.py,1198,8e3e5272759c57adc5e3b347abb3d3c0ec664e001137de910da84ca999edc5d4,.py
tests/test_flyback_topology_first_pass.py,17282,ba01f1284da1ea40b57dbf46b12f78c2b0ea743cdceb0722ebfccef6a9641e19,.py
tests/test_g3f40mt12k_thermal_model.py,1929,45fc4e626ad01ad4269af46080ff4c0dfd2cc99180a94390595f27c5110ad349,.py
tests/test_geometry_pipeline.py,50594,55b0596d987de18eb7f28a29ec1cbb727e9a9ab1b2ebcd2f382adbcc754b9e67,.py
tests/test_geometry_view_text_does_not_overflow.py,2028,b074316585cb46cb2c453943a6d1b10c3c24c66cbd338475d8b104ce6d5eeba3,.py
tests/test_geometry_view_text_does_not_overlap_package.py,2013,75a3e1f93c637aa163d8c5066e69b521afa2dbbd3a54a036e536bae0c29a3aac,.py
tests/test_geometry_view_text_is_compact.py,1883,9b2d87c512eb796d2b08004208fdc714e5af4c4af7575f15c989379eff99a27a,.py
tests/test_geometry_view_text_lists_multiple_roles.py,3398,2db0b4494d1ba19d27a309d440c572220069ad0e49104ea96604e0f19052c175,.py
tests/test_gui_agentic_surface_cleanup.py,1437,1b51e324d82a62f14148534174fddae7a679cec517181fcbd825519985ee5c45,.py
tests/test_gui_tk_policy.py,1009,340b83dccb1a58a26f9f8a0112a3a0e095c3efe94f62938fbef7b2a95b926716,.py
tests/test_hardware_overview_artifacts.py,19014,2de8070561df1f0f7726080546819a7dec812bf55d9dd93a01eecded7de4120f,.py
tests/test_hardware_overview_integrated_layout.py,10318,103d3654893b297509a4ff4e00fd4f801620b7a0b7f737beb2cdda5a3c554870,.py
tests/test_hardware_overview_payload.py,26499,3775c2b950cd34d77824d74fdec153c146688e38f6fb8374f44cb52f08143dda,.py
tests/test_hardware_overview_view.py,27777,8f03eaefe4e37870588d497079ee4836ae7fe76fe383daaa8e8d8404086d5541,.py
tests/test_inductor_result_views.py,28501,5fadfbcdccdd2f82972d288918fdb3e97a59b4c009d01c61d293f071ebed49b6,.py
tests/test_infineon_coolgan_650v_batch_import.py,3607,3945696eb295f40aeb5d5c918a312137a3ba79d21e71afd4e22e5dfe9acfbe83,.py
tests/test_infineon_coolgan_650v_validation.py,9617,6bd07d52fc97f1d6e10f25426a9dfa7d689761434f7d44a5befbbdafedc3a5c7,.py
tests/test_infineon_coolmos8_600v_legacy_part_coverage.py,2204,4b0e1c67785b126e062bf035b84f19a256990f3294fd5530a314dff3d34c971e,.py
tests/test_infineon_coolmos8_650v_batch_import.py,3652,85e3b57f3975aa4bb466e09e8c7a68750a52e2f1af527d93e8680cda10655928,.py
tests/test_infineon_coolmos8_batch_import.py,2768,130a84e666847c4256ca37e60bce23cc0a3826277018a634819a057ed0b37b93,.py
tests/test_infineon_coolmos_cfd7_650v_batch_import.py,4634,04539420cb71eab0d2e030a96088de17026cc1c9442d263425bad32d313f01e3,.py
tests/test_infineon_coolmos_cfd7_650v_validation.py,7804,7365e8203ab088449e64711260b344a3ce34151b9de8312cec0cdf5e5044f2eb,.py
tests/test_infineon_coolmos_s7a_600v_batch_import.py,4898,2efcffb162119f06b7f937d97508c62b30e1ccb9b5b9f83aa12cb607c22b12fc,.py
tests/test_infineon_coolmos_s7a_600v_validation.py,7073,f962bd004b74356d60338ba8b34c58679bda540f33a65d8b231518e04ac773b8,.py
tests/test_infineon_coolsic_mosfet_g2_650v_batch_import.py,5326,fbe0395c70053672c291a5a287bdf7eba22a072357027d2f439130ed110bd447,.py
tests/test_infineon_coolsic_mosfet_g2_650v_validation.py,11045,fa966535fc6b41926912522962ed866113b2bca62bf4c4e0d59ce57b22f652f0,.py
tests/test_infineon_coolsic_mosfet_g2_750v_batch_import.py,5927,32534afec3def7a687b80d240b79bcc3cd7fb70a1d63d4fa787ae0d270d3e89b,.py
tests/test_infineon_coolsic_mosfet_g2_750v_validation.py,9931,7c9bcf8d3186d5d0c3b44d7572b38d3471e3f66113d2c22c3ac8fd04c03d9cf8,.py
tests/test_infineon_multi_device_registry.py,1716,149025e81adf804c4ceaf38f0b82ceb6d86e4ce0c77a85719b3f8fd2548d9378,.py
tests/test_ipan60r180cm8_loss_eval.py,1652,4c97126605e46dc8b4e581d5a6764a3b673a994fbf76c7b4fb3e3b737ff44766,.py
tests/test_llc_capacitor_currents.py,10135,b54ddfafe1c77eac31d99b7ad6d7bb82afc6ffbfdb01741f12582f0cb1577794,.py
tests/test_llc_fha_design.py,12329,8a040b356e738de63cfd81f30f912267888c94e429103528272f37ee925eada2,.py
tests/test_llc_load_ratio_contract.py,4399,e00630642209edfb7c1edf572e65df5e0dc8388b25489d11d16b9cbf8f6b9959,.py
tests/test_llc_placeholder_topologies.py,51763,d7ae070bcb50b6e3005c395ba5dbd0c0aa213396390af841439230fdbace06ca,.py
tests/test_llc_run_magnetics_transformer.py,29997,c873e6d746b9e30bb6ff6fcabd3237ed34fe52080217a89c0e349692b47eee66,.py
tests/test_llc_synchronous_rectifier_first_pass_scope.py,16177,df7a35f53c2f33b0c717124f3498b8e70a190e55b26fde26bb301a3352b54488,.py
tests/test_llc_transformer_candidate_search.py,52664,cc1076e3f2a14e2757ffe64c52165e8a1961b1920b2858b36b038c5d9e16ab75,.py
tests/test_llc_transformer_first_pass.py,10108,e0258ac4dac924e7bb2782564ac113a7ec293e2d4bf41d472a0bd8858ab31200,.py
tests/test_loss_view_hides_magnetic_when_disabled.py,1492,46ed9300acbe7625e664d58de914fb8929d70e2fd306c55858963e6cee11a941,.py
tests/test_loss_view_parallel_scheme_totals.py,1789,fe45e52d9171d346507fd99a0e14e68870b197006c1922da3577a4486064e834,.py
tests/test_loss_view_prefers_current_operating_point_semiconductor_results.py,2122,470436493da6a2e42000e9c4bb979f69aef0f29707579a09f66f646f998af6d6,.py
tests/test_loss_view_semiconductor_structure_display.py,2190,fbfc92cac62f06946805bba9c8374d25532c4d917a7b30fdc77a1675f7b0b133,.py
tests/test_loss_view_summary_compaction.py,1417,37a82559e2e2df143d42e2e0018cac0e353bfe1e53cdc15aa0d40e13d2b5d64d,.py
tests/test_loss_view_system_summary.py,19038,770a00b96fefd02fa0e7da6230cfef3679aff6b695f40bfb7123303c8138b4a4,.py
tests/test_magnetic_backend_template_cache.py,2547,3fffc294e246ec562a6ab996ad50beb25263ae0b39f9dc0f80acf36bfc978143,.py
tests/test_magnetic_geometry_artifact_parity.py,1928,0a040f1e87377c1d200048dec21dbd9a2ce24b05a005141a8530f64b04658a8e,.py
tests/test_magnetic_library_inventory.py,1098,98187d497eefc50b6b5a690416fe97235d9b1c344e84606c04eb324eba212d2c,.py
tests/test_magnetic_library_schema.py,1261,b998224703b7b3bc5b62b9c7476d489f0a56e20650705013a1f4c12c1165ed05,.py
tests/test_magnetic_local_backend_parity.py,2814,aa4d277b8f6473fe47579d3d0f26bcca1b94119f6348a2e0fd2afaffe9d446c7,.py
tests/test_magnetic_local_database_default.py,2781,b707058d46daf2db8de405bea64a9ab3310e962262e91face475bd84420c9393,.py
tests/test_magnetic_loss_contract.py,16463,239d64ad72001624fc37fda30fd70ea532b96ef6c0cc8075d161c37ea37a6499,.py
tests/test_magnetic_operating_refresh_preserves_selection.py,6380,e734d15a45e21bb78a6873194f415066f500891c6b0d2a9e7ed83bbea5c46cd5,.py
tests/test_magnetic_static_registry.py,1295,8f832e61871daff6f6ea3600bb452f468135e912c59d3f77f731a72b6b37e609,.py
tests/test_magnetic_static_registry_comparison.py,1489,51c66760ee24378799eff927c8cfef439eb1adb1e0b066c8f932d122d95a8c6a,.py
tests/test_magnetic_thermal_pipeline.py,7383,d213492a0093f1d15255dfbaf78a80a4630da4f956e839172d5a09d4b156987f,.py
tests/test_magnetics_library_structure.py,5681,a4c29069345165b91f9e948614be6d7d8dcf38b355263f64f40104955f465469,.py
tests/test_md_first_automation_maintenance_gate.py,9832,215c954991c92f457efc51f90db344e5f6615d73c199645daca578aa2778cc0b,.py
tests/test_mitsubishi_semiconductor_integration.py,15842,2d00895e80b74143276d9878f17256555c206b6bfa9aebe4552d269865e3563c,.py
tests/test_module_bound_diode_selection.py,7514,cef5304381f2cbdbafd23553afb905aaf955e208e73f64ae61de953ba43a820d,.py
tests/test_module_bound_diode_thermal.py,1970,072ac9e346984368fd3797ce0506bfc215fa6537332ae3a51b0255639bf3aaeb,.py
tests/test_navitas_gen3f_sic_mosfet_batch_import.py,6689,c0514c211811d617c8376711745d5e64090b5ce7439f1b48fb22cef4d1acb99f,.py
tests/test_navitas_gen3f_sic_mosfet_validation.py,10666,5cf42801d5fce875104e7e5d94d15f69b162717c26878e69ea775f99a2ded527,.py
tests/test_normalized_openmagnetics_inventory.py,2233,86effbb3ff82a6cffa3ee189890f6068dea6a8e88e717f240d4298a5e724c8b7,.py
tests/test_openmagnetics_component_contract.py,4165,14a44c33bde930c8cd9f6ae426135ed9f72e18a7047d5977e4740e14dfe0d0cf,.py
tests/test_openmagnetics_component_v2_normalizer.py,10044,3dd3a76689fa8a410fe8e57c6c942257001c70f1a4348ea0c0ad5bd0f3dc6713,.py
tests/test_openmagnetics_material_corrections.py,5357,65c73dadd7ac8b9187e62f9c9b6d4d6da2e8c1e06400c854e54e37e7dd9d60aa,.py
tests/test_openmagnetics_normalizer.py,2422,550475942276279e3d459b25f95aaa1b820ec346019aa4e4b954a83608554b3b,.py
tests/test_openmagnetics_production_health.py,2161,ec1d1abe16fb5e05b9fc83ed912c5f71b40c89d24e21bdba2f145e2f47b498f8,.py
tests/test_openmagnetics_source_manifest.py,5253,17d467734089c33d6937981be44661cfaa8c5bc9ffdc4aa45853d6f3b0604ed2,.py
tests/test_openmagnetics_step10_catalog_binding.py,1654,2b4fa10278e25a45facf7dde879c779c1f20c1361a4afd0877f8b281caff54c2,.py
tests/test_openmagnetics_step11_validity.py,1745,7336865f2db54635e0e5ad35a0cd6a1f2de46645d48864acdbc081160086cfa2,.py
tests/test_openmagnetics_step12_cache_builder.py,2692,0a1bb9d9c9d1964f37fc2ceb1ca7db5749572a4d7c7f45e6c69715f963a89fc3,.py
tests/test_openmagnetics_step13_golden_reference.py,2069,ad3898d752bb5159afd24df4d047e821a43ae54e7bb5dd500279e3c8362dd719,.py
tests/test_openmagnetics_step13_physical_validation.py,1335,2227f9f072c3dc03cf818ea4b98f30477f4b5b7ffe39fab50a574505d5968f3a,.py
tests/test_openmagnetics_step14_rollout.py,2782,52e1524201e01aadc875e83fc7c1dc9f944755b804abe525973b809ddf207203,.py
tests/test_openmagnetics_step16_ab_rerun_manifest.py,960,62329551093526129f40a9127de7e5fd13d03b53460b224948d7cb940731dcaf,.py
tests/test_openmagnetics_step17_v2_ab_reruns.py,3144,8b80979623c86143c4199297162d0e69536ec935e163ff0467b8a31391770846,.py
tests/test_openmagnetics_step18_classification.py,7731,bd0cd19643c90ebc4aaba4284eb3aa1c8868692dacf379dabf413ec60297054d,.py
tests/test_openmagnetics_step18_evidence.py,8493,c2dd51669a3a98a60d9ebc6a5346dc300f95a94d112c1783368c594cd9205977,.py
tests/test_openmagnetics_step18_field_provenance.py,7188,49d71ea6882d17fe79ee04b97addcf9ad85e26fa36f7463cbd87ef623b13e083,.py
tests/test_openmagnetics_step18_fixed_hardware.py,7920,e1b369515adb08c59e85eceb882de2eed8cc4716ccb3aaf0e1198295b4ae4481,.py
tests/test_openmagnetics_step18_model_equations.py,8573,92f28845d99002b79de54793f2dc8e1857bf3f4b23e8c5855f005b8cfa9b810e,.py
tests/test_openmagnetics_step18_physical_consistency.py,5165,5941b3013ae59b7f6b8ef19f07581c93e6356ec73778a2728a5e9e16bd8daf48,.py
tests/test_openmagnetics_step18_ranking.py,5550,eecc907b11da3427d09db3015bac007c9e7f8f9ee7e0fc642a7d3f39ff06bb12,.py
tests/test_openmagnetics_step19_llc_lr_an.py,3222,62b9d6851ae72e1ff7259d3ce4fa8873c666ff9d28a95edc711c3703c8a1b7dd,.py
tests/test_openmagnetics_step19b_flyback_thermal.py,2557,b2edf026473164b78f80677e9a365d31e7f0d5a27fe9042f38c71d84f2878f32,.py
tests/test_openmagnetics_step19b_winding_evidence.py,4189,9d592c46b809ab18b76bc0ae57dba13a53d0d9415877a1fd4c3995fba1fd09fd,.py
tests/test_openmagnetics_step19c_frontier.py,3239,302d0ae9d880ca8ce2cb83765e7fea666fd74cad73b5e887961a618926a04e4c,.py
tests/test_openmagnetics_step19d_stacked.py,6306,d2b3e9a41ed8fad89d7f1e14549c774ca72854343a98d78ce7c3868eb9320c86,.py
tests/test_openmagnetics_step19e_evidence.py,4664,07e857c61218bb30ff09d78adedc250e19f66a13bbd4c22ae33a0c3d86c1762f,.py
tests/test_openmagnetics_step19f_regression.py,4176,5d6a704ed6717f74b296cb10a85d79797569f6fd341349a89d8698a9b25a2279,.py
tests/test_openmagnetics_step19r_rollout.py,974,c56d635ae455c352375f77bc69b1b52522db6fe61bb4e890f41e9641edd11483,.py
tests/test_openmagnetics_step19r_unit_correction.py,995,6b5b483ee0615bd639aa5548109df6fe8e5657940c02ff76b299d5802ffa5eb7,.py
tests/test_openmagnetics_step20_difference.py,1265,9e46fe55d90855ba40cc200b1868e7ca394f59842248cf5e722fcc3f0505bb23,.py
tests/test_openmagnetics_step20_source.py,4246,a88f849c75760964dc628518630fe5742a7a7cf4f34a2eeeeda8690891b96b81,.py
tests/test_openmagnetics_step22e_regression.py,5393,3bab7bf873c212b6e2a7eca340be9a69d1e9e5ca25c671489f8eba28e7dd0d78,.py
tests/test_openmagnetics_step22g_final_authority.py,3041,218f8584a1f80171bd82e959ed54111658f8ad87b902752ab168ffdb873100eb,.py
tests/test_openmagnetics_step23a_authority.py,2707,9f9e55c9ac22bced0c9ec596e9f41a67ff2b206f08777e42c31dc3897983c4d3,.py
tests/test_openmagnetics_step23b_smoke.py,1888,9230a50578a56491d4ba8933579eff06f780bf6a1961e72e5aa327a3d0ca6e27,.py
tests/test_openmagnetics_step23c_roles.py,4426,90959941f38bc62c90ac0379789db471b0f3b8213d561cdeadf1327123103d2c,.py
tests/test_openmagnetics_step23d_contract.py,4182,2ec4dc69c1e63b498a5fae821f502c571da097921eb7bb453617a134681f0d36,.py
tests/test_openmagnetics_step23e_physics.py,5279,e1546286bf44132b2e26be74ec9f425ab46f45b30569e027622c75756d116b79,.py
tests/test_openmagnetics_step23f_monitoring.py,2760,861594372bc8888acc7606f40f6c48692d28ac7b19d20ea55a25b81a5f409e96,.py
tests/test_openmagnetics_step23g_determinism.py,1675,b18c366eecd9fb065331d5eebf706a0ab849f54081b8a359572c34eb471afc4e,.py
tests/test_openmagnetics_step23h_rollback.py,1515,86cbcba3085b1c797b6348a4dfa6d0076fe8fb9d6c5900e69339771b63806949,.py
tests/test_openmagnetics_step23i_final.py,3060,05c2cc935a0f247c731ae3850696e8fa13098c160301c38bf92f33a51d7de761,.py
tests/test_openmagnetics_step24a_baseline.py,3630,756ae86b635a6cd0734c31a226dc8615c99a10ccdf4fa1f23b3b82db8b00acc4,.py
tests/test_openmagnetics_step24b_buck_boost_frontier.py,2956,b05641ee6fc6b5c13b8386820b5ef7ac5db13a7bc9bfa09ce460f3f2c73cae83,.py
tests/test_openmagnetics_step24c_llc_runtime.py,3372,c04ec0ff1a803a0293277db4bb10f82c957dc05e0d48310ea3069115eb316e36,.py
tests/test_openmagnetics_step24d_provenance_thermal.py,2311,bf7d3f028227464f750d10acf65b4f8978c2ca78f2eaed939cc9201e0449ae79,.py
tests/test_openmagnetics_step25f_lfs.py,1582,088be0b660789f9e3bd8a81da8a67b768bb30aa475ee711f2bc71b41c46c9fe1,.py
tests/test_openmagnetics_step25g_relocation.py,4396,5d3cd9b27470e75a92c912d2866b3cf34ef89fc3f765b5fb29638cb821d81885,.py
tests/test_openmagnetics_step25h_final.py,3861,d38ee8a945eceec00ae31398f51c7b8e2de9ea58f8db625f8645d65a3ed2aa8b,.py
tests/test_openmagnetics_step9_core_loss_paths.py,1766,f285bc85cc117ecd68904887eec3fb12af09ed2a44269ab530203a4ed613d46c,.py
tests/test_openmagnetics_v2_canary_roles.py,895,3de5271f25ae0c26fd7b5b11be985a8fa7e6de89a54416106f2c21685b61c55b,.py
tests/test_openmagnetics_v2_default_backend.py,4430,bc6c0eabd613f091adbdcb00b1a7205b9393f4cbc20717b040166ce12a9bc68c,.py
tests/test_openmagnetics_v2_loader_migration.py,816,38c4e6e86269e23270ed3cd6a521967cea2763668eba005ca1d2bca123e25de9,.py
tests/test_openmagnetics_v2_normalizer.py,17372,3321023a1b174a8a3314c234465fa5ea3b1a69e5619e68afb4a7f71170bbe869,.py
tests/test_openmagnetics_v2_opt_in_loader.py,2540,fdfcd0b0c180c393b625184dc20a51d2f1cf204eef0c65396e829799206cb0e5,.py
tests/test_openmagnetics_v2_production_activation.py,2675,1616e3f935f0352d11c6ecc9d39dd91f094d82e3164f031f8e55a684650fca0c,.py
tests/test_openmagnetics_v2_production_gate.py,6568,6a6398d313099c80d01f91a2b46378d673be2d6c06b536e012a624db3b954925,.py
tests/test_openmagnetics_v2_production_locator.py,4393,0c007f4394b0b8860de2e88ad4bcefecafd79e0617a3d022eae2cc2a1cba7726,.py
tests/test_openmagnetics_v2_production_roles.py,6792,edd22b0f89956472bc3f613f95dd26070f19960ce5cc339a4665b8ccb8eccfd8,.py
tests/test_openmagnetics_v2_production_rollback.py,2042,1aaba81d63797ab03ed3050f66d382481457263fa1a5bbbee2604f7cdf8e16ad,.py
tests/test_openmagnetics_v2_projection.py,513,5f6f261b78fb19e3adec93ed1c4fccce8332e858dd99f9431e78922630bb21a9,.py
tests/test_openmagnetics_v2_promotion_gate.py,3914,d6cfde9e7e8bcf014afb4f5d9b5b7abc737b6ab130912c66dc6f7a09425904a2,.py
tests/test_openmagnetics_v2_rollback.py,1345,5ad5ac278beb289ebb84640e9307ba32fa3b1a9af7c46ceca62b77f85ecf2606,.py
tests/test_openmagnetics_v2_shadow_roles.py,1053,283199c2c876d2e3c0b46289565cc795b7bc53aa079f434a28dac45898a06049,.py
tests/test_operating_refresh_semiconductor_roles_complete.py,3053,83d6ad049c19b5c3e2e24a2085883b8734c7cf50e4003107c135e96e50dabbc1,.py
tests/test_package_data_completeness.py,4099,604382561febf94d20142b9dc6778de6a94f5cae040df8f8de0daea9c64b4826,.py
tests/test_packaged_normalized_candidate_parity.py,6284,3c439ed48224aa2b4bbb52e7682226c312e420456c121d4d940c0e9fea9fddd2,.py
tests/test_packaged_normalized_magnetic_backend.py,2121,6be3ccdf886a1f6db49b472f3d6935cefae82d5af616c4d012261ef12303a2f5,.py
tests/test_packaged_normalized_magnetics_registered_topologies.py,6587,4fa44d06742e6e712cbf876f6beacfec57395b777fa423773758ad80ed0911df,.py
tests/test_packaged_openmagnetics_data.py,3909,68500b4b11c1b5debc845127d367c0c84453b20a5dea409e938fee2b1af032d3,.py
tests/test_pe_claw_design_intake_plugin_runner_acceptance_review.py,13233,b04cc735d22c900e110be937372b186b47d2db02ca7cd9c611d648c54ea78406,.py
tests/test_pg_to252_3_geometry_template.py,2114,99e6abdd3d691d450a93982ca7ee61332e393a9ee2e50fe9441b796395e61526,.py
tests/test_phase17_artifact_reproducibility.py,13454,c12f95a791f4ad1943e72cdbad64c27602a363395dc0ea967ed431b51c52daa9,.py
tests/test_phase17_baseline_tables.py,15012,4fb0e87d6691810e532da7148ed0b5bb44bd49b1d030c2e1cdfbc9ac03e140dc,.py
tests/test_phase17_claims_registry.py,7480,0d20f95c6e0feacfb057ca6dfdfe8bfabe546731e2973cab024f1a79b929dbb8,.py
tests/test_phase17_execution_case_studies.py,7273,b4c948b66e75753dc9d2a50dc0ccb181e06efb4ae2d1535568bbb2b267079313,.py
tests/test_phase17_research_evidence_inventory.py,12487,1fe33cc78c1e4cf4e52cd629717a0541fb5c02c9be9736c84fa603fbaaeab4dd,.py
tests/test_phase17_research_package.py,6095,80e2fe20deab6ebb5d52f65896415e7622ffb146fbcac85f11e7a011e96327c4,.py
tests/test_pipeline_can_disable_magnetic_stage.py,1413,5251a9ec1f79e4c1370d7e79afd13561d57247864d768341d3ec06eb38e951d8,.py
tests/test_plecs_validation_request_matrix.py,5399,4c208176d0e16cf0baae818b5024029c3f1310f19b910b9161212ecb2eba5b2c,.py
tests/test_project_portability.py,6416,519d38fefec16f6bdfe2b5b88f583ce1a80e541fc6feda995c23e9d17bfc11d0,.py
tests/test_psfb_topology_plugin_skeleton.py,34623,356cab1e7e8d5a7e98864718432dd46ba62494deb968622b3bfb6a28634b5257,.py
tests/test_registered_topology_design_process_map.py,4516,7d4c6bf27536eded4c0905d8bea72833640e040c69f692c6b4c8dd2f8fabd4b0,.py
tests/test_registered_topology_final_execution_matrix.py,17804,ae39b52f9e5aa7c3304d871cfd450dcb463717b8d09334039d8d9d6780b678cf,.py
tests/test_registered_topology_md_first_runner_matrix.py,14240,2e173a2ed5ba549cc60a818c2b0b72a8a21f728412384b3a2ebd6faa48cc2ced,.py
tests/test_report_ledgers.py,2487,dea8db214222efb19a6505ed349de9eeb28bc2109cb216303513161adaea6ba7,.py
tests/test_required_sink_rth_backsolve.py,2043,e0458461ffaa1146b6409dd25ea0baa085b19ec87c3a153868b6f9dcec68ba95,.py
tests/test_rohm_bsm_sic_modules.py,802,9f35209b4ff101c54f8254137c4468bb257233be7082b34286c0f04006298bae,.py
tests/test_rohm_design_pipeline_smoke.py,2816,e12709d2074f72503ea7733a8130ecb14307784f51058ca9cd1d04d3eb826a39,.py
tests/test_rohm_devices_are_in_candidate_pool.py,3518,1e4c46f993aeb1e9d8bd3ea58971281f25c848ff42032f415c676d7a067dcf87,.py
tests/test_rohm_full_registry_integration.py,7083,9b0cf55ec24d2e74355d30d29f1d656af90dea9108bb9e77c11ab0af2cc81605,.py
tests/test_rohm_gui_filter_schema.py,1367,17e8b933bc7e716b3b4ef4a3adae558a93edd49f07f478959e45563f2d1eb833,.py
tests/test_rohm_loss_and_geometry_smoke.py,4728,2af0eb7d5ea55dcd252d70f5da808f3d4090618161a5992f91c4f438404094d1,.py
tests/test_rohm_rg_igbt_series.py,906,bb83038ff98f78c5f1807a3c8e6b1d8291de45c0a29c699e0e96992e61cf08de,.py
tests/test_rohm_sc_series.py,1107,730273ec9c73d3b014e1c19aaee968b06306e83cd8eeeca12a6102e8be750a48,.py
tests/test_rohm_scz_switching_loss.py,3304,e471ec265c3ab755e62d5cff76c905543f430bb67ece31b04d6fb33ce3c40990,.py
tests/test_selector_sees_multiple_infineon_candidates.py,2594,c8507a46e39184a1a52d39b6712b091db43aaff10d62be83fd2f8360a652f9e9,.py
tests/test_semiconductor_2d_independent_rendering.py,1077,f99a73f66f6c1233fc3bb66657bfbc180ae9ae04da6d1607eccf2ab94baf209e,.py
tests/test_semiconductor_2d_module_bound_rendering.py,1598,8a2310e92d69d7dd60e4d079050573c4da513feb77b459fc2f2c22ce436d0cb8,.py
tests/test_semiconductor_2d_top_view_projection.py,5881,71743144c22705533e0c6317a8a293cb090a8a2c31dee0e8fae0a5bb492b6a9a,.py
tests/test_semiconductor_3d_comparison_renderer.py,843,40557b04dce43042586b5b5e59aabd2893f7b79416c7da4e24d6d9d84bd58769,.py
tests/test_semiconductor_3d_device_above_mounting_face.py,1517,8211731e3ae0ba5d9d49c9053ef43aeda246ce45cadd9d02fface85b827b5a76,.py
tests/test_semiconductor_3d_device_mounting_face.py,1275,e25b098cf34e8491dad8e1ed937faf9bce3fba0431d0d4d37abe9836f6b0de72,.py
tests/test_semiconductor_3d_heatsink_orientation.py,1146,d772e5609b69e3eb840e395da7d60225e580d307ff671700d87ed4aa09708bee,.py
tests/test_semiconductor_3d_module_bound_rendering.py,3309,5d30a3efc38d48099bfa41f9d3c4b622f7342412c24662d69396b68b1f591514,.py
tests/test_semiconductor_3d_no_device_fin_intersection.py,1332,3fcb8cee4ced0c1126fed5d4a2ec7ac0df24f471bab097a7ed5e9efea1b28602,.py
tests/test_semiconductor_3d_package_coverage.py,1382,bdd6edf09090681d96675b34f72838876d0470fa0693d31ead43bbf1bdecd905,.py
tests/test_semiconductor_3d_package_placement_within_mounting_face.py,3802,f0af86ac48b02ee60cc61a4da0794ca63c551874f069550f2255945753d1a7d5,.py
tests/test_semiconductor_3d_package_template_aliases.py,3532,b24e9ef9db27fe40bc1a69b6fc730c51f3461e4dd0eb9c846bfc96dc912eba67,.py
tests/test_semiconductor_3d_package_templates.py,1201,ff37bef48db7c95bd28c6da0b09e2a59df12007503c45d23ee7ef7b27e589a2e,.py
tests/test_semiconductor_3d_parallel_quantity_rendering.py,997,a8f3143b94b4bc6574bac37d11698106820184e4ad5466cbb5ca6b170a7d4796,.py
tests/test_semiconductor_3d_physical_scale.py,1162,90fb3adee016a562179730792a1456c041be57f3a0e8f0ffb73d9ed05a4d8683,.py
tests/test_semiconductor_3d_render_order.py,2102,1215374e596ceb6d7a8af51642cd3e9f8863e3d9402716df7ff9bf2a0a3a44bc,.py
tests/test_semiconductor_3d_shared_scale_across_panels.py,2577,9d193067b70538a28fd533ad3f665d157c2640a384c9771677abe57a5769a68d,.py
tests/test_semiconductor_3d_single_scheme_renderer.py,775,c0e2b14d3cc010917c594d141abf479123e2fac824a7fc5b1442f57e7b03fdde,.py
tests/test_semiconductor_category_filtering.py,2765,bd114852f8ec24cbdf6872d4d5af535c426693631f18952a6f994dcbbababc9e,.py
tests/test_semiconductor_device_structure_metadata.py,5494,690e8ed704710f8f64a82d71f1be78345f55b19f45b005bb07306f7f4b44cab9,.py
tests/test_semiconductor_geometry_cross_panel_size_consistency.py,3855,358bd4252f4d5d859f41a9dcaf9bdac29ec2003cf00775a9a9b00effbf637e51,.py
tests/test_semiconductor_geometry_no_package_visual_enlargement.py,3091,ee7a05d0be2b9ed1fefe33280741faf459f324eddf9a6dc908b0b0851c05ae03,.py
tests/test_semiconductor_geometry_package_rendered_size_matches_physical_scale.py,3719,ce67c1c0fe8ae0a98f672296170a5be18b5e42620a92d2d1fe89e12a33a37dd9,.py
tests/test_semiconductor_geometry_parallel_quantity_rendering.py,2316,01745388be8a81639cdc329e9d72981cf9e72e10a6afb47029e52c9b2825cb79,.py
tests/test_semiconductor_geometry_physical_ratio_consistency.py,3645,ec271af348e2da28e219ef73b8414eb97d6b01ccd233e424ca7df8a4b7608b08,.py
tests/test_semiconductor_geometry_pipeline.py,9896,8e11d56063d79c9a6c6f305bb95314a06b377da84eed04cc73032ab159cfb4e9,.py
tests/test_semiconductor_geometry_renders_all_selected_roles.py,5142,cf960ee7e851da1b964b9fdcd2c1508a61e89d1039a8741c08f3e9782ce71fca,.py
tests/test_semiconductor_geometry_sink_package_ratio_matches_physical_ratio.py,3538,40aef74f653cd7c995fd86fc4dd43d6442e7fc5d81de26eded31f7ad50f7282b,.py
tests/test_semiconductor_geometry_uses_global_scale.py,3749,7d5e087ffcce98f53bd927da34b262343c950ace40527f3eab7712971bbc1769,.py
tests/test_semiconductor_operating_refresh_reuses_selection.py,2020,0b28908269371211f9035620719986173d457f8e93625b6fb223e4533564a697,.py
tests/test_semiconductor_package_library.py,9008,6c096359fbe7647f8a6b73cd9a30d8a08b1d55898f439994077cbb61937910a2,.py
tests/test_semiconductor_package_physical_dimensions.py,2551,4b3dcac65f37af757d2c90ee6a3ce69c2ce046f11986fbcbbf3dc55ae25d7667,.py
tests/test_semiconductor_package_renderer_no_fixed_icon_size.py,3838,be7d0a5599268cad6317f5cd7c4e14832fb7e66e733dabbf4bf5b51f4b7da4a4,.py
tests/test_semiconductor_package_shape_rendering.py,1706,8b2c06d344591a79f12ddda1d55fcf10d25c11c9b3f5bcd24df691c48286ef12,.py
tests/test_semiconductor_package_specific_renderer.py,1508,356529b8a483361911dbe13820946e9c5f0af101f5753fa5f8f4175a7f3c8e13,.py
tests/test_semiconductor_parallel_scheme_pipeline.py,3839,1b90dd1702de26146f287cbdee05413da8bec7b70c105e26d42b0f16129674dc,.py
tests/test_semiconductor_physical_package_instance_grouping.py,3399,352608581dec9869cb92d254f54eca91a124312623b84422c93ae45d8e4367fe,.py
tests/test_semiconductor_pipeline_without_magnetics.py,2886,3f5aabd0dcf4b134840966f51c86329c480cb8ce1443c62b504498746086b7c3,.py
tests/test_semiconductor_price_export.py,5605,a3d0f56048196ec4f6b12954405fb84de6f83e60e3d7256a80f987f250b6d639,.py
tests/test_semiconductor_price_table.py,4068,fb767e50c757bb0f63c633d1df09dbcff8874aebca5e1131e3c6c06390547977,.py
tests/test_semiconductor_reference_temperature_logic.py,1092,e2f461d7dd8ab2a2db98a634280f1eaf280a4f1da0472538aa5d2da74a78c46d,.py
tests/test_semiconductor_registry_structure.py,4089,416ebbfd3a8b26898c6ce0b9fd45ce52e32899707aab35854ea2a6e6a8e5cd47,.py
tests/test_semiconductor_role_compatibility_filter.py,5195,4546c7e6047a6f7d81732f50b2da4bc1c2cdb350f90ca3e827719e381594abdc,.py
tests/test_semiconductor_scheme_role_completeness.py,4450,ae03cf807c1b10faaf3dbb4a7419221648a918771a2c5272669851da343c3a44,.py
tests/test_semiconductor_selection_uses_full_load.py,1315,f78d263c5de4d5a8fd5a56081e237ace23c7a7b4c7a43de4ff409f288a0ff38c,.py
tests/test_semiconductor_selector_current_filter.py,1705,87ef28355fe391cb6038596c3fabfec5afb3726945af1b718e2b44cda7e9acbc,.py
tests/test_semiconductor_selector_thermal_filter.py,5481,ea0b43b3f7165cd494d9a54a2411e8951f513079adfcb2d5b74d31e1d9239e16,.py
tests/test_semiconductor_selector_voltage_filter.py,1420,d0a8572dfdbddcd1d0b0332954aa60b42a697c484f8f26f605e5003359b2511e,.py
tests/test_semiconductor_selector_weighted_ranking.py,3171,be3469808d8d326d4647297d46c3767016b2c6d74624b4d30846204ed43fb644,.py
tests/test_semiconductor_thermal_interface.py,8932,917418b5762f653691f989577cd85584536698a8d1dd7c8b0ac6f279fcf4fb1a,.py
tests/test_semiconductor_thermal_source_consistency.py,2798,44da7d99b18c1077ce1c7e1e52f43b0162484ed03d8d9daa130a0563075d4840,.py
tests/test_sendust_steinmetz_materials.py,2847,fa1b76f6a71df5a4b8213ba25ded8a88f0d59c32c5ba81a1380b5f3964dd6e56,.py
tests/test_sendust_toroids.py,3836,9773676741b1d5d6841f7785bb2c0d6f497d5d2828ce44ae7848d49ec9dc6012,.py
tests/test_single_phase_boost_pfc_skeleton.py,29028,484e9f918e43075ea83688f80697bbaab5b19d5ea61f13c430ecda8e16d31e58,.py
tests/test_single_phase_capacitor_rectifier_contract.py,5671,abaa439637dc86f53c16db157031312fd57254de326e3a15624cc44d1492f809,.py
tests/test_single_phase_dc_inductor_rectifier_contract.py,5156,000c04f2ab5e9d31862bd58a264fb89734cd7d3bddd26a4c5ebaaf8272cad810,.py
tests/test_single_phase_small_reactor_gui_smoke.py,1363,9be8e04f2cb811cd278f435d2db9370ee901a9328e11d1e92fcffaa4743881d5,.py
tests/test_single_phase_totem_pole_pfc_skeleton.py,33497,4f665e539ad68d03cf3445ea0fcae5f64752d1e8bc2e44225c7721621063b1e2,.py
tests/test_sink_volume_estimate.py,952,6c1a3ab8f50ffd0f02b58fd44c0310afd6b39f82e8f4903bfb8f19d90fa8fa42,.py
tests/test_sink_volume_model_labels.py,990,2a46f5babea83b6a3ad32ec4ddc80ef272711e621dd05bb030516ae3ca6bf117,.py
tests/test_sink_volume_model_monotonic.py,1191,90a8aa36bf760a123a35374ae44e1ff880d82f5281bedeaf0f09f0577351a061,.py
tests/test_step19f_sharding.py,1776,e5e2033de450d88e1f2812c35eec0c8ae6f918c99ae1c9ac953f6919a49d73ce,.py
tests/test_step8_generic_inductor_router.py,2259,ac5b08f460b74612ceb83e911b304ab58aba20a630f3ec8677469f73318de33d,.py
tests/test_summary_stress_view.py,11302,d4cd7604aa17dc1bd95771b5d995dfa71c47e1ef233fa441ab182c654df384fe,.py
tests/test_three_level_tzcm_form.py,2736,b2632259fde386baa03d77822717a00ee1d4d86b7eb176c519f0bf85d7b2e527,.py
tests/test_three_level_tzcm_input_schema.py,3718,7f79e4c1ba427859765fa3e9a2df3da0de998f8a8849eb3a29f92cf19572f20d,.py
tests/test_three_level_tzcm_waveform.py,5181,bcc9af634cc7204dc6ad8a3ed84d0ad95a895158da019bb68a0be824ec7f7543,.py
tests/test_three_phase_bridge_data_quality_audit.py,3133,65f45a36cb8f058c376f41c342b26995ff13ec3f8e40ae5fddc828da19316a46,.py
tests/test_three_phase_bridge_gui_smoke.py,3451,7ce0618a1ca3efa53056e7c0e1743fba264274a6a66cbc247fd835883c319ce6,.py
tests/test_three_phase_bridge_import_readiness.py,4067,9e16731b3431e174c67c9ff4af7a4619177187830855b4703ab83c2c2636c3df,.py
tests/test_three_phase_bridge_voltage_coverage_audit.py,1791,89836000b680d99768025e898a19315d00efe8d477e801afc4560c3996e97f32,.py
tests/test_three_phase_rectifier_contract.py,6302,e2a4b159f3b838feee53c2a6090daef4a00db17fefeaaf158d2bb879e091ea1b,.py
tests/test_topology_assessment_perturbation_stability_runner.py,8169,c90766cb3516bb00959f614ca03012a9d3733868a249c36597701b3f129dda2f,.py
tests/test_topology_aware_semiconductor_input_options.py,5890,ef5870aaa60b553f3b89b829972bd7c577fde7f42005227e7ff47037eb0c4c70,.py
tests/test_topology_comparison.py,4384,e20a9e8871e5459687c8f8bc9391d9b5c2be8125b429b30ca0637f24ce807bc3,.py
tests/test_topology_comparison_readback.py,6437,840fff893265511abc84856a8a08956f2a7be0d22d274d512ef5b21ab7ecce07,.py
tests/test_topology_depth_parity.py,4099,89643879c0aaec7eebbb66b26afaf81525d92479031a56625598f2c0482cff69,.py
tests/test_topology_execution_coverage_matrix.py,4005,0fff04b3e7bdfd82b058a6c615e0ae42b27e4f87afaa37870f0430688bf60e77,.py
tests/test_topology_recommender.py,1650,f50593f85f2da51a54ab710d0d453e52a2ac0b0a4f03dc4f9b27c19992f3d973,.py
tests/test_topology_semiconductor_role_map.py,3317,294352257f00f6f107af06f362df33d4e75fa795e690664569917313813215df,.py
tests/test_topology_specific_design_assessment.py,11114,231b69dcd163d5ade89e3fd21510cae4173a18f1c41ccd019046cb182a4aa2e4,.py
tests/test_transformer_leakage_estimator.py,2356,8d6a4ae35949e7b6baf85eafe93754b014d4e3dbebc3a5d2c06bd35787f852cd,.py
tests/test_transformer_visualization_rendering.py,18142,e5a6be16c934bc4ba357d7e842e6a00b8085f8c458e6162228e5965596ebae34,.py
tests/test_u_core_semantics.py,17627,5a0c1d62fcb3cabb5390016c9213d8c93bda9f992933fdf7bb0141839585eac3,.py
tests/test_verify_auto_topology_recommendation_baseline.py,3061,c67605af155089f5f3c77e7a3f203f4644e515de1a7a8fcb9e0abdb90942712d,.py
tests/test_wolfspeed_diodes.py,7514,a3db805555aac21e69e610e4d6a72888ed3ce2de4131c9655d7868e75a36aa9a,.py
tests/test_wolfspeed_legacy_mosfets.py,5261,5f67c2039029a08f68c33fecb6bc6cb75e2112e0c6c6b1675a9fb591144ad7e2,.py
tests/test_wolfspeed_library_round6_audit.py,10011,6283b8743591dd7ff59252d8458a7b1e276dea63137e33e7982ded42d44454d8,.py
tests/test_wolfspeed_module_readiness.py,11325,b3510be885eb5f1e7f8af6fb329e4d944b131b6395d4326e534ac6b8f571fcbe,.py
tests/test_wolfspeed_modules.py,11908,7373cae7f25636009313fb55f159cd17ea08799be193d5035c44bff3f8d15ee5,.py
tests/test_wolfspeed_mosfet_with_diode_batch_import.py,7322,a520d7b1ef618f9bac8afd61acefae370cba6cd98449ef6bb98a771e12a0a420,.py
tests/test_wolfspeed_search_rank_compare.py,6226,c8b37fee9c07197c88dbbcdee6235f99385082a42f66d2031352bf604a6f10a3,.py
tests/tk_test_helpers.py,1239,aebceda08e061650e86a201168793f82cec8ce2b1746b3dacbd20d63c4962783,.py
topology_design_comparisons/00_cross_topology_summary/CRD-11DA12N-K_status.md,1555,8aba9202350bec9aafe9c175caa73ecc3308036ac044945446f51f40b0b5122a,.md
topology_design_comparisons/00_cross_topology_summary/CRD-60DD12N_status.md,1540,f2a3420a58198c00608fffd13daf8a2c1336d17f111bf8abf029e99fabb741f4,.md
topology_design_comparisons/00_cross_topology_summary/README.md,1732,45b379d7b428cf63385f25f808cea55e54982b608fe18801f19098819da0ccf6,.md
topology_design_comparisons/00_cross_topology_summary/efficiency_volume_power_density_audit.md,4885,9b991acac97899387bc4ba10d8b8e55ccb6da16249226a9c4f3eab7ecf74f717,.md
topology_design_comparisons/00_cross_topology_summary/vendor_design_coverage_status.csv,6180,de34d46757e191b2a985953ff2b477d6ff104044028a203e022155b986b5bd5e,.csv
topology_design_comparisons/00_cross_topology_summary/vendor_design_coverage_status.md,9657,cf382247a06369a3fa6ea1ecb79f22e9a7488e324c4ae5966c3ccdd48b19407a,.md
topology_design_comparisons/00_cross_topology_summary/vendor_pe_claw_comparison_matrix.csv,3568,d0cc563444e17448e6da169f601a130a1298e21edc05a49208825a753380037c,.csv
topology_design_comparisons/00_cross_topology_summary/vendor_pe_claw_comparison_matrix.md,6118,7656221858adbbbb1b195f03db541ae58b19936d4e9bd7711080403146810e32,.md
topology_design_comparisons/01_single_phase_capacitor_rectifier/README.md,302,e6aca136fb88d11bf9589f7e85eef8d5abbaa0ee440369f641085ed73ae7fc12,.md
topology_design_comparisons/02_single_phase_dc_inductor_rectifier/README.md,128,4d339a38b00ec1990ba53565a04b58dbc44dca777b73da8fd4670e490c32d324,.md
topology_design_comparisons/03_three_phase_capacitor_rectifier/README.md,129,2769f118c5a798e11e19c59e73c6e8a1f21dcf8eeb631cc1b4b2f7a019bca8e1,.md
topology_design_comparisons/04_diode_bridge_boost_pfc/01_vendor_references/TIDA-00443/vendor_design.md,3523,ab487a7efa4945ed075d0b1616b438e3ecb710860626b66b57c0463d540698ae,.md
topology_design_comparisons/04_diode_bridge_boost_pfc/02_parameter_summary/TIDA-00443/normalized_parameters.csv,1966,2b62f7a3465dab947be98bf76acc2176a182bf9a281f187409c5f3768e46cf80,.csv
topology_design_comparisons/04_diode_bridge_boost_pfc/02_parameter_summary/TIDA-00443/normalized_parameters.md,2919,c50c365b7c85a860d0bd0e5aa2bee7cd476a24aaf48e8c98b04b017459db3378,.md
topology_design_comparisons/04_diode_bridge_boost_pfc/03_pe_claw_baseline/TIDA-00443/design_request_draft.md,5933,44344b0f61e4a07db26e2a063351b5a80de357fe087bb2ab6704c15c3fa8c0fd,.md
topology_design_comparisons/04_diode_bridge_boost_pfc/03_pe_claw_baseline/TIDA-00443/design_result.md,3271,9d3b4f3dbff5e1c6ee9568770e4e92f4cbab3d457170699cdb295be729a97b6c,.md
topology_design_comparisons/04_diode_bridge_boost_pfc/03_pe_claw_baseline/TIDA-00443/run_manifest.md,1894,196bb10728d1cf776b377873511b2622d875308ce0c40741f237309d8c99c3ae,.md
topology_design_comparisons/04_diode_bridge_boost_pfc/04_comparison_results/TIDA-00443/key_metrics_comparison.csv,2415,728b09e397584b19c502d6cfeca3585b0e74a16353eccab89ff92b5562329883,.csv
topology_design_comparisons/04_diode_bridge_boost_pfc/04_comparison_results/TIDA-00443/key_metrics_comparison.md,3907,49e79012c5630720d249429258f0b50da1d27ce936f4e66232fbed0acb93dcd4,.md
topology_design_comparisons/04_diode_bridge_boost_pfc/05_validation_evidence/TIDA-00443/frozen_design_20260819/README.md,3190,b82f5a4e0cc2771d8a4ef0687c1db3c3019c80fbe1638d312bed7b9522adc98c,.md
topology_design_comparisons/04_diode_bridge_boost_pfc/05_validation_evidence/TIDA-00443/frozen_design_20260819/SHA256SUMS.txt,801,a96850157dc3d0b13d572b860815a5c811ae413352166c3bcaabaad769ad9358,.txt
topology_design_comparisons/04_diode_bridge_boost_pfc/05_validation_evidence/TIDA-00443/frozen_design_20260819/design_manifest.json,48913,281013ad7ad666a994f1c3399618fc1bc4c79cf9924d7e9d577c02e2fb445b23,.json
topology_design_comparisons/04_diode_bridge_boost_pfc/05_validation_evidence/TIDA-00443/frozen_design_20260819/design_report_audit.json,25014,e153a646865283b6f08a8e93d8832b6d76960dc557d8aec558724f5b4f90fbb5,.json
topology_design_comparisons/04_diode_bridge_boost_pfc/05_validation_evidence/TIDA-00443/frozen_design_20260819/design_request.md,6539,68c32b5a396d4664ac53625b67eaa3a688d34705ffe46736b8bd97354864c6f1,.md
topology_design_comparisons/04_diode_bridge_boost_pfc/05_validation_evidence/TIDA-00443/frozen_design_20260819/final_report.json,67978,f21c34645af8e8dbe3e38dc8a75d6952147714f126dfcf4b74860363fd8f6bb8,.json
topology_design_comparisons/04_diode_bridge_boost_pfc/05_validation_evidence/TIDA-00443/frozen_design_20260819/final_report.md,29466,eb1c3a9de79306becfcbcb3a44fc55a5e3f8112a635fcadd53b7fd1e8f87b8b9,.md
topology_design_comparisons/04_diode_bridge_boost_pfc/05_validation_evidence/TIDA-00443/frozen_design_20260819/plugin_acceptance_review.json,4093,2666c6aa14e5b4e9b0eb49edb2dc87525f6a40dc4b3fd36a0e38a976785ac911,.json
topology_design_comparisons/04_diode_bridge_boost_pfc/05_validation_evidence/TIDA-00443/frozen_design_20260819/plugin_acceptance_review.md,905,0fde73a80204c9a670892557ee30432761472b874687850e962884c7c355e20c,.md
topology_design_comparisons/04_diode_bridge_boost_pfc/05_validation_evidence/TIDA-00443/frozen_design_20260819/plugin_collected_artifacts_manifest.json,24314,da2d70ca556da4a6e2c2c1ae5c33a5320d0f24846969495e700167f1391bbe98,.json
topology_design_comparisons/04_diode_bridge_boost_pfc/06_conclusions/TIDA-00443/conclusion.md,2847,9529b4473a73405d60e59a1abddd6483a0079dacfe0db9a53004b3fcb383f0dd,.md
topology_design_comparisons/04_diode_bridge_boost_pfc/README.md,331,1339be59aa90401ad07139480ce6cb43397e89bd64f4979640fe6f3ca17d26c1,.md
topology_design_comparisons/05_totem_pole_pfc/00_scope_and_mapping/TIDM-02008_scope.md,2773,042cf2c19c6126246f7e7ddfe064de8ff74ab195252e6137d9afd247559784a0,.md
topology_design_comparisons/05_totem_pole_pfc/01_vendor_references/TIDM-02008/documents/TIDRTB0.pdf,335140,14f2db2033815461584b4d1c9dfbac439227cad80b7ceb06e81dca4b3b1e5a63,.pdf
topology_design_comparisons/05_totem_pole_pfc/01_vendor_references/TIDM-02008/documents/TIDRTB0.pdf.txt,393849,dad6f5f2f3a66f45cd9b5a63b0de10f239b967f4571aa4775775b38de162c9db,.txt
topology_design_comparisons/05_totem_pole_pfc/01_vendor_references/TIDM-02008/documents/TIDRTB1.pdf,72000,9e1e0175290b973511960dc383b71c9580ae5e9ce8951ca9fe20cd7d260823cd,.pdf
topology_design_comparisons/05_totem_pole_pfc/01_vendor_references/TIDM-02008/documents/TIDRTB1.pdf.txt,22628,19827efe8cf5801ee41d8454591385768e9b45019a26298da8cde50fe38d861b,.txt
topology_design_comparisons/05_totem_pole_pfc/01_vendor_references/TIDM-02008/documents/TIDRTB2.pdf,346002,29c492851df345d567a1915a6b0d7f32ba368bc24561047a0852a2424c58c581,.pdf
topology_design_comparisons/05_totem_pole_pfc/01_vendor_references/TIDM-02008/documents/TIDRTB2.pdf.txt,312358,58867f8f2804233c9d4a34dd6e380d5dc63f43a8dd471fa0b961074a63ae5999,.txt
topology_design_comparisons/05_totem_pole_pfc/01_vendor_references/TIDM-02008/documents/TIDUD61.pdf,8478211,8570cf75997520c9bcbf8a9d44b0dbe0569f31b6d717c8e4e5ae831786c2ff45,.pdf
topology_design_comparisons/05_totem_pole_pfc/01_vendor_references/TIDM-02008/documents/TIDUD61.pdf.txt,257683,8e552afe2a05afe16dfd9406c182b245efaf02422a1d2f1e23a53db75385cf93,.txt
topology_design_comparisons/05_totem_pole_pfc/01_vendor_references/TIDM-02008/source_record.md,2207,9f31a0a17b0cfd5c079c28bf0076365497e1a8c57eef74db72ae55f5f7b980b9,.md
topology_design_comparisons/05_totem_pole_pfc/01_vendor_references/TIDM-02008/vendor_design.md,6562,f855056a8d58fb940699def045af4ca642836a682c555041ebd4c7b69e012572,.md
topology_design_comparisons/05_totem_pole_pfc/02_parameter_summary/normalized_parameters.csv,5976,e146329ccf6635c51de27334e18af3e9533b88597cd5bd73215a63df67a47114,.csv
topology_design_comparisons/05_totem_pole_pfc/02_parameter_summary/normalized_parameters.md,7375,4205ce7d0d9e58e58a927372b77a6b12a8d4e670fd21a54e8c3652a0960ea077,.md
topology_design_comparisons/05_totem_pole_pfc/03_pe_claw_baseline/TIDM-02008/acceptance/plugin_acceptance_review.json,4405,10001db244571b04ef78eb86229321340fcf3c5b222d49d3913102d1ff5b5663,.json
topology_design_comparisons/05_totem_pole_pfc/03_pe_claw_baseline/TIDM-02008/acceptance/plugin_acceptance_review.md,1136,f310e92f18f2a2eee11da9907f2d1855dc2201ffc5149e909d451e4a0c4e8c2e,.md
topology_design_comparisons/05_totem_pole_pfc/03_pe_claw_baseline/TIDM-02008/acceptance/plugin_collected_artifacts_manifest.json,24304,ad1fbf4b6290983d283cc74c8bacbdbd214ba284630a3b476f8bdda40cb0efed,.json
topology_design_comparisons/05_totem_pole_pfc/03_pe_claw_baseline/TIDM-02008/acceptance/plugin_output_layout_manifest.json,102702,54e806eeb160b79d0ebdeeda5d7492deea1b8b9ed35729780d62a01540aebe9d,.json
topology_design_comparisons/05_totem_pole_pfc/03_pe_claw_baseline/TIDM-02008/request/design_request.md,6672,09f2f70d66cbde16ecc46591ef6333a70541ea7a1e8d831d0c2f3ea6dbc14805,.md
topology_design_comparisons/05_totem_pole_pfc/03_pe_claw_baseline/TIDM-02008/run_manifest.md,2516,cb174ac2cd87112abc53e733c4b7af0a79ba9f163da1d0eaa26a457a5aaf91ca,.md
topology_design_comparisons/05_totem_pole_pfc/03_pe_claw_baseline/TIDM-02008/runner/pe_claw_runner_readback.json,747450,0544fd396ef806f6f5a127f83f2a3a5b25dafd157b9f5a83fbf7ed8c5eab85b1,.json
topology_design_comparisons/05_totem_pole_pfc/03_pe_claw_baseline/TIDM-02008/session_reports/design_report_audit.json,25014,e28bdd0f87028dd5fcbeb9312cb2973158ad98cfaabfbecceaeb70ef21fe14c2,.json
topology_design_comparisons/05_totem_pole_pfc/03_pe_claw_baseline/TIDM-02008/session_reports/final_report.json,68787,df8c08c8c55e49f362994b9dff4cd2dc50f3ac16e2aad9588955e0e752c224c9,.json
topology_design_comparisons/05_totem_pole_pfc/03_pe_claw_baseline/TIDM-02008/session_reports/final_report.md,29874,b4cebed0d565c9e51fec7dbaf01c0255dab1fb76fe3ccdc461c8f8d7750fe145,.md
topology_design_comparisons/05_totem_pole_pfc/03_pe_claw_baseline/TIDM-02008/session_reports/summary_report.json,10698,b54c454250b2ddc055af4a1fab8517eb2f92230c98c8c4509bd8d69ac2f72b6c,.json
topology_design_comparisons/05_totem_pole_pfc/03_pe_claw_baseline/TIDM-02008/session_reports/summary_report.md,4528,6aec8820bfab7799448ebdc752e43a028bff367ff6c7de38fa6e2904ee406ae8,.md
topology_design_comparisons/05_totem_pole_pfc/03_pe_claw_baseline/TIDM-02008_gan_forced/acceptance/plugin_acceptance_review.json,4404,c812a255ef42ca9895819fc5116d91c4e7fdac941aad3df710093e4caf20d00d,.json
topology_design_comparisons/05_totem_pole_pfc/03_pe_claw_baseline/TIDM-02008_gan_forced/acceptance/plugin_acceptance_review.md,1135,15facabaae928c6d7f36c69bf0fbd720aa5d5aa4926f0f9b629f1c050a884e2e,.md
topology_design_comparisons/05_totem_pole_pfc/03_pe_claw_baseline/TIDM-02008_gan_forced/acceptance/plugin_collected_artifacts_manifest.json,24304,595ce1ec31666a62a7d6972fa475d867909b69ce80bfb095bcf429627137a950,.json
topology_design_comparisons/05_totem_pole_pfc/03_pe_claw_baseline/TIDM-02008_gan_forced/acceptance/plugin_output_layout_manifest.json,103423,4dea56c0e7e2c4673738392d45f60cbac27502c21aa89068a69e6c07f58236bd,.json
topology_design_comparisons/05_totem_pole_pfc/03_pe_claw_baseline/TIDM-02008_gan_forced/request/design_request.md,7475,96617c75223048c104320b2ca5156163c5bea773f9cc030d2f1129c1f9465cb2,.md
topology_design_comparisons/05_totem_pole_pfc/03_pe_claw_baseline/TIDM-02008_gan_forced/run_manifest.md,1898,5ffe66ceb658e230dfe37b2020f9b41ab556e5a367e600506d2db641f71096f4,.md
topology_design_comparisons/05_totem_pole_pfc/03_pe_claw_baseline/TIDM-02008_gan_forced/runner/pe_claw_runner_readback.json,762779,c1f0671dd6e4b71f69e7b83053f254f60c3af2adede359e87b9695cc08e14807,.json
topology_design_comparisons/05_totem_pole_pfc/03_pe_claw_baseline/TIDM-02008_gan_forced/session_reports/design_report_audit.json,25025,8d060236be4b488c36dbd588d75a41c39bff5aa6b664ac69e9c19ff1d8edefd9,.json
topology_design_comparisons/05_totem_pole_pfc/03_pe_claw_baseline/TIDM-02008_gan_forced/session_reports/final_report.json,68829,f119b280fd76312db030400db1c746988a42ba9700ff94414f8773f6c0f3092b,.json
topology_design_comparisons/05_totem_pole_pfc/03_pe_claw_baseline/TIDM-02008_gan_forced/session_reports/final_report.md,29907,31f9384a78456577803541befc6be0ba60d2a6b0b116fcae83f7515565c30da5,.md
topology_design_comparisons/05_totem_pole_pfc/03_pe_claw_baseline/TIDM-02008_gan_forced/session_reports/summary_report.json,10690,b5b7f3f0946578a6e607f9b511ec029d41cac36368a9815ca0ba7c9cc9074e35,.json
topology_design_comparisons/05_totem_pole_pfc/03_pe_claw_baseline/TIDM-02008_gan_forced/session_reports/summary_report.md,4520,874ad06463d6e9f889f14925cbda293275a7ddff4299ea5bd294a57eb9999783,.md
topology_design_comparisons/05_totem_pole_pfc/04_comparison_results/TIDM-02008_gan_forced_comparison.md,1938,d02780ebf26134b983f7af09846ece8a37f5957a1128b6514001f81df8328387,.md
topology_design_comparisons/05_totem_pole_pfc/README.md,92,21449854c1d80b603fa81593627c33b05dc276fafc9c37548d6e55bcad4cb36f,.md
topology_design_comparisons/06_single_phase_full_bridge_inverter/00_scope_and_mapping/TIDM-HV-1PH-DCAC_scope.md,1404,94d88768672647316d3b1b684ba662ed1e112ca8cfa2b80e814a3b9b709685a2,.md
topology_design_comparisons/06_single_phase_full_bridge_inverter/01_vendor_references/CRD-22AD12N/CRD-22AD12N_CRD25AD12N_comments.pdf,508347,19e2337ccca5835f71de18505acd70ffab1ef877f25df6196075fc3a2329b648,.pdf
topology_design_comparisons/06_single_phase_full_bridge_inverter/01_vendor_references/CRD-22AD12N/Wolfspeed_PRD-02282_CRD-22AD12N.pdf,6274349,2ae0c6be9843ad2a8910d98f4c29e5001c52df5de987831ee395292c77775860,.pdf
topology_design_comparisons/06_single_phase_full_bridge_inverter/01_vendor_references/CRD-22AD12N/source_record.md,1582,ef4af86a5002b01afd7ed068bab1228abc27056e806a477461ba72255b7e63dd,.md
topology_design_comparisons/06_single_phase_full_bridge_inverter/01_vendor_references/CRD-22AD12N/vendor_design.md,4118,fc1646a0b3b4a4f41bac5970e3dee2d2fa5e9d2b40bc53a4899837a253a88eea,.md
topology_design_comparisons/06_single_phase_full_bridge_inverter/01_vendor_references/TIDM-HV-1PH-DCAC/TIDRJ26.pdf,1290136,4a07939d90b6f6048d862e18bc34dfba6e0ce8d41d0dc5b5464f5435dfeee0d5,.pdf
topology_design_comparisons/06_single_phase_full_bridge_inverter/01_vendor_references/TIDM-HV-1PH-DCAC/TIDRJ26.pdf.txt,525673,0b272505596f240a4e12ffcbc0bcb69ff1a656fffbdbd1f4b51c48d102f8d6a7,.txt
topology_design_comparisons/06_single_phase_full_bridge_inverter/01_vendor_references/TIDM-HV-1PH-DCAC/TIDRJ27.pdf,169790,6dc5e033b0408af3b4c2b0d97166fff8449ec6e032945b0ca8bbe41d477f15e9,.pdf
topology_design_comparisons/06_single_phase_full_bridge_inverter/01_vendor_references/TIDM-HV-1PH-DCAC/TIDRJ27.pdf.txt,27763,8d0c932774ebdb63905877c94ac073d358f411b52703a1b750249ce249d8fcbe,.txt
topology_design_comparisons/06_single_phase_full_bridge_inverter/01_vendor_references/TIDM-HV-1PH-DCAC/TIDUAY6.pdf,4724169,e013226fd598fedd1b5a0ef8c71b2ac09d46e471fbe112e1bc52a85c33851be1,.pdf
topology_design_comparisons/06_single_phase_full_bridge_inverter/01_vendor_references/TIDM-HV-1PH-DCAC/TIDUAY6.pdf.txt,151475,25b4af4972d976226ac518dfb1ed811c10bc0ccf22cfd416a28001fdd73dfcee,.txt
topology_design_comparisons/06_single_phase_full_bridge_inverter/01_vendor_references/TIDM-HV-1PH-DCAC/TIDUB21.pdf,4048298,f55af892caf7f0d5dc8cb8b53cc5acfc6029e62a080acaa4612397fb7363f11b,.pdf
topology_design_comparisons/06_single_phase_full_bridge_inverter/01_vendor_references/TIDM-HV-1PH-DCAC/TIDUB21.pdf.txt,134623,4c2a481313d775dc9688529cdcbb9a803783b3ad42876875657267d8889e163e,.txt
topology_design_comparisons/06_single_phase_full_bridge_inverter/01_vendor_references/TIDM-HV-1PH-DCAC/source_record.md,837,fef2f1a586779c6330fb65b9520f0d1d9f0647325550315cdffbf9a81a1492e9,.md
topology_design_comparisons/06_single_phase_full_bridge_inverter/01_vendor_references/TIDM-HV-1PH-DCAC/vendor_design.md,3378,c366a151f3fceaf04591b5a2535a77677b23c63f3064208888b2775613291f19,.md
topology_design_comparisons/06_single_phase_full_bridge_inverter/02_parameter_summary/CRD-22AD12N_normalized_parameters.csv,2078,90e60df1cecf445a0441df8e9f530b9605da2acacf923b62994f85019930b028,.csv
topology_design_comparisons/06_single_phase_full_bridge_inverter/02_parameter_summary/CRD-22AD12N_normalized_parameters.md,3299,67b8a544d88604f22ffdbb0ca229e3861c88aa06335054bd1b4f6a78dbc722f3,.md
topology_design_comparisons/06_single_phase_full_bridge_inverter/02_parameter_summary/normalized_parameters.csv,3268,9c9a77ec4a27f0e0c0daf7ccb79c6dfe45dc5b8b44fcc77dd3cc9852c08412de,.csv
topology_design_comparisons/06_single_phase_full_bridge_inverter/02_parameter_summary/normalized_parameters.md,2462,757e371f8500c6babb22d95e6ecc4a0cdc270c40ed4b142ea6f57aeb3bb4ca98,.md
topology_design_comparisons/06_single_phase_full_bridge_inverter/03_pe_claw_baseline/CRD-22AD12N/design_request.md,7309,9c92730afc0051097302a7ad3334e128512ad3fabf8fb406ae14026f74148332,.md
topology_design_comparisons/06_single_phase_full_bridge_inverter/03_pe_claw_baseline/CRD-22AD12N/design_result.md,2746,6ba0a2edd0f6854fba67baaccafbbc0d6a3e31945fbea5f3462c3252305fc1d9,.md
topology_design_comparisons/06_single_phase_full_bridge_inverter/03_pe_claw_baseline/CRD-22AD12N/run_manifest.md,1644,ea62283cb078435b5aa6e3b453f61c02a20e08594968eb3501e0c818c90f3f97,.md
topology_design_comparisons/06_single_phase_full_bridge_inverter/03_pe_claw_baseline/design_result.md,2075,d43584e4c3dc49446f5afdc1aa743a6be627411dfb5ee1ab31896c16ee9cc677,.md
topology_design_comparisons/06_single_phase_full_bridge_inverter/03_pe_claw_baseline/parameter_mapping.md,1211,6b9a9b24ad73a80286f7434bb2c84dcaa17823ab6e39e530a49b8b57f25287b5,.md
topology_design_comparisons/06_single_phase_full_bridge_inverter/03_pe_claw_baseline/run_manifest.md,954,439983d5a4e43735ec71d168bae04211c50a47d64942e2e85b177eb016d5b234,.md
topology_design_comparisons/06_single_phase_full_bridge_inverter/04_comparison_results/key_metrics_comparison.csv,1122,dd529a5736de6c388acaa2dc57178bc21b65dfee6778e267edead43a10bed79d,.csv
topology_design_comparisons/06_single_phase_full_bridge_inverter/04_comparison_results/key_metrics_comparison.md,3276,4a582b309575e9a0910517aa3fb04970560fe53382ed6981780b11ac9b4b5137,.md
topology_design_comparisons/06_single_phase_full_bridge_inverter/04_comparison_results/vendor_data_summary.md,884,871aa71a7ebdbd6110a46722d0de9491c5aaf627b60fffa30c051db8e2d32ace,.md
topology_design_comparisons/06_single_phase_full_bridge_inverter/05_validation_evidence/CRD-22AD12N_loss_diagnostic.md,2268,ef43b5c7e75ad56f152989af968c89261fb5065162ad4329f629ee585e3650d7,.md
topology_design_comparisons/06_single_phase_full_bridge_inverter/05_validation_evidence/magnetic_material_loss_review.md,4686,cdba7b9aa3dff13873f8496d791783cbf6d3e92fa73dc777b8ea68183505b23e,.md
topology_design_comparisons/06_single_phase_full_bridge_inverter/05_validation_evidence/temporary_artifact_audit.md,1103,17b59907bef17f08341c1008fcced656b47a6f1f9cd9039bf4a3c4e1f66b1c24,.md
topology_design_comparisons/06_single_phase_full_bridge_inverter/05_validation_evidence/validation_notes.md,1054,6499148511c0b09d02a143ce4b2b3eb9cf84e3a827ceda20dac2fff4fbbfadce,.md
topology_design_comparisons/06_single_phase_full_bridge_inverter/06_conclusions/completed_requests/ti_tidm_hv_1ph_dcac_vsi_600va_reviewed.md,6315,b0f3d8b03742e678d4def4567d27eb0e7838984894e5c907b05f46f4cc08a3e5,.md
topology_design_comparisons/06_single_phase_full_bridge_inverter/06_conclusions/conclusion.md,1134,f6fef0ea40c3ad06c8b2f7a127676b938c4fb42c6879a651c90f31d62b43b8c1,.md
topology_design_comparisons/06_single_phase_full_bridge_inverter/06_conclusions/vendor_data_conclusion.md,2022,5b7a8e8accb54cc99c039a3e562b75e9d8ab788d9b9b9ec0c5237d877f413866,.md
topology_design_comparisons/06_single_phase_full_bridge_inverter/README.md,1289,77381e8137e8065ba777a59878c88ed20c885ec2f3e6681c66a2598202977835,.md
topology_design_comparisons/07_three_phase_two_level_vsi/01_vendor_references/CRD-11DA12N-K/documents/Wolfspeed_11kW_HVAC_Motor_Drive_Presentation.pdf,3650199,7b97840361d09a37247c8b024ad6e3f41ab490a5af8979b8cd8b8fbe1e94401a,.pdf
topology_design_comparisons/07_three_phase_two_level_vsi/01_vendor_references/CRD-11DA12N-K/documents/Wolfspeed_11kW_HVAC_Motor_Drive_Presentation.txt,61429,0e6fcb1095ffa7f01b3694afa569f47fd301c36ad68b1e3f6b47004c2952d422,.txt
topology_design_comparisons/07_three_phase_two_level_vsi/01_vendor_references/CRD-11DA12N-K/documents/Wolfspeed_PRD-08373_User_Guide.pdf,4107777,5eec9295c02ceff60ebd301994fb6de0d513ebd4dde46017b8046b36b808d6bb,.pdf
topology_design_comparisons/07_three_phase_two_level_vsi/01_vendor_references/CRD-11DA12N-K/documents/Wolfspeed_PRD-08373_User_Guide.txt,105876,05ea0fc6f21587c4038b0525e92abda28cdedf9e4adec376e79796fb7fc65d4f,.txt
topology_design_comparisons/07_three_phase_two_level_vsi/01_vendor_references/CRD-11DA12N-K/documents/crd-11da12n-k_all_design_files.zip,12021589,c814677b3bfc7f94a9f8694521c3f6e797d43a408c4fed9a9dc3db29c9334bdf,.zip
topology_design_comparisons/07_three_phase_two_level_vsi/01_vendor_references/CRD-11DA12N-K/source_record.md,2021,5e14c1663e5786a449c5b498d092023a49b33635e24aadeb0102657fd60d7816,.md
topology_design_comparisons/07_three_phase_two_level_vsi/01_vendor_references/CRD-11DA12N-K/vendor_design.md,3458,eb1522c6effaba04687e2dea9604555ff198a80aca362e07f499ee7ef0a1866b,.md
topology_design_comparisons/07_three_phase_two_level_vsi/01_vendor_references/CRD-13DA12N-J2/documents/Wolfspeed_PRD-08904_CRD-13DA12N-J2_User_Guide.pdf,3627186,70e1b80903fc1f534958115a66efa26d54405c675c87bffa375f88056f713868,.pdf
topology_design_comparisons/07_three_phase_two_level_vsi/01_vendor_references/CRD-13DA12N-J2/source_record.md,796,15bca359a845162cf88eb4e9c24147a0da78e58888fef2b209383485af924c9d,.md
topology_design_comparisons/07_three_phase_two_level_vsi/01_vendor_references/CRD-13DA12N-J2/vendor_design.md,1742,1ff2553599bf0add8b5f709de5cb6e573bfbe07ab7b530f1d7f11a25896b984a,.md
topology_design_comparisons/07_three_phase_two_level_vsi/01_vendor_references/CRD07500AA12N-FMC/documents/Wolfspeed_7.5kW_Motor_Drive_Product_Brief.pdf,426025,774b13ea130300050a36c9889be816733d4653a5a6c3ef6cb7095da19e1f41e5,.pdf
topology_design_comparisons/07_three_phase_two_level_vsi/01_vendor_references/CRD07500AA12N-FMC/documents/Wolfspeed_PRD-07561_CRD07500AA12N-FMC_User_Guide.pdf,7231733,7f4aa99c5784b31f799958bd6763fc2a63dcb1fe8a59978390d63713ca03062e,.pdf
topology_design_comparisons/07_three_phase_two_level_vsi/01_vendor_references/CRD07500AA12N-FMC/source_record.md,847,b0c292aa4a74cda1bcb8d61539d35996ec004af142d089ce7812659a290d02b3,.md
topology_design_comparisons/07_three_phase_two_level_vsi/01_vendor_references/CRD07500AA12N-FMC/vendor_design.md,1780,db148f019ccc1cdab8f25cb3926abc832a526146ccfd1291045adf8f12c2aa74,.md
topology_design_comparisons/07_three_phase_two_level_vsi/01_vendor_references/TIDA-00915/vendor_design.md,5053,2e4a830a1749efc1f648209e7876cf691937ca4dabc8607cbd72a49f2106c109,.md
topology_design_comparisons/07_three_phase_two_level_vsi/02_parameter_summary/CRD-11DA12N-K_normalized_parameters.csv,4451,1f985bfb895c161a2723eaac4d3fedd4f5e631acb79031136645d377cffed09a,.csv
topology_design_comparisons/07_three_phase_two_level_vsi/02_parameter_summary/CRD-11DA12N-K_normalized_parameters.md,3203,7844417c7dc83d22baf14c18538a80b934eba209528d0513487970b23e3bd1af,.md
topology_design_comparisons/07_three_phase_two_level_vsi/02_parameter_summary/CRD-13DA12N-J2_normalized_parameters.csv,2081,51ea1517a725ed812aa4a9ceb91c4af11d5f645812610e7e9dcc118752ed403d,.csv
topology_design_comparisons/07_three_phase_two_level_vsi/02_parameter_summary/CRD-13DA12N-J2_normalized_parameters.md,1518,c0bb7aeb99f638388944da17f5b71aceee4fe97f66113a855850764ab5c9e41e,.md
topology_design_comparisons/07_three_phase_two_level_vsi/02_parameter_summary/CRD07500AA12N-FMC_normalized_parameters.csv,1866,913ab357fc9ba0507eb48d1295fab6d0a978b3d6602ced9e0bffb713d31574d5,.csv
topology_design_comparisons/07_three_phase_two_level_vsi/02_parameter_summary/CRD07500AA12N-FMC_normalized_parameters.md,1267,c56947cfb81507056d5e7d50ec0a2b2597b94e4a5caa42339e614a38535b0f25,.md
topology_design_comparisons/07_three_phase_two_level_vsi/02_parameter_summary/TIDA-00915/normalized_parameters.csv,1954,079fe885cfc1e04365beb19a9aa51972eb06c89b943becf3ed3c33c1975b535a,.csv
topology_design_comparisons/07_three_phase_two_level_vsi/02_parameter_summary/TIDA-00915/normalized_parameters.md,2813,b80a1260569b281a7f215118c4a09f74a132f9f2a7f5b32ae2ea05b618e5ba77,.md
topology_design_comparisons/07_three_phase_two_level_vsi/03_pe_claw_baseline/CRD-13DA12N-J2/README.md,1015,cb13d1f6ad5692d1535905cc9380b5b6b261b563ccb05dae44a1f9eeeb469fd4,.md
topology_design_comparisons/07_three_phase_two_level_vsi/03_pe_claw_baseline/CRD07500AA12N-FMC/README.md,1837,919ee311ab1fdf993d8e572a00a0c7e0d8ff70efaea311fc0677dca006cc51e4,.md
topology_design_comparisons/07_three_phase_two_level_vsi/03_pe_claw_baseline/TIDA-00915/16khz/design_request.md,6444,614f1e76b3712e98b9cac8dff13a54ec0b886ba6dfbf1510782a7bdf708aa208,.md
topology_design_comparisons/07_three_phase_two_level_vsi/03_pe_claw_baseline/TIDA-00915/16khz/parameter_mapping.md,2691,0cc9a4715842b76ac34913d8879af3a13a0e5f7e4bb005108e400427fee72f77,.md
topology_design_comparisons/07_three_phase_two_level_vsi/03_pe_claw_baseline/TIDA-00915/16khz/run_manifest.md,1039,51a2d1a4f6ad1eeab400435b89965e563558114ce6aad374785395d5088ac5b6,.md
topology_design_comparisons/07_three_phase_two_level_vsi/03_pe_claw_baseline/TIDA-00915/16khz/runner_result.json,241251,771682fbeb213666560817e76e28494a675dcc307addf02a170b0a4ba56272f5,.json
topology_design_comparisons/07_three_phase_two_level_vsi/03_pe_claw_baseline/TIDA-00915/16khz_gan/run_manifest.md,1290,a1441d1502581c5ee72611e6a5cf13ecffb7407a36e585b8f6031ca4fb6defe9,.md
topology_design_comparisons/07_three_phase_two_level_vsi/03_pe_claw_baseline/TIDA-00915/32khz/design_request.md,6444,af9479132eabf6e95699fe39655cd84a00324393c559a269030cfaa0ec5d3c16,.md
topology_design_comparisons/07_three_phase_two_level_vsi/03_pe_claw_baseline/TIDA-00915/32khz/parameter_mapping.md,2691,36f2fa2b9d1a32fc75f57e95dc883b0d2bd56712453ccd542514ea9cdb2a4280,.md
topology_design_comparisons/07_three_phase_two_level_vsi/03_pe_claw_baseline/TIDA-00915/32khz/run_manifest.md,1036,b3b26a5a4a00fe03838d0f92a366e515962eaba4ab9cbb94caa8dc2b5fa96450,.md
topology_design_comparisons/07_three_phase_two_level_vsi/03_pe_claw_baseline/TIDA-00915/32khz/runner_result.json,242707,7636c5d6c971766f071fc8e3aba7debf529e0cc25d20ebab8400f335809fe0bd,.json
topology_design_comparisons/07_three_phase_two_level_vsi/03_pe_claw_baseline/TIDA-00915/32khz_gan/run_manifest.md,1308,4d299620648f7af0e3bd73698ccc4b719f2e321d6d4bb480904e415591800765,.md
topology_design_comparisons/07_three_phase_two_level_vsi/03_pe_claw_baseline/TIDM-02014/10khz/design_request.md,5840,1599dfb6afd61d3142844b61d4e2d73e8cbb27ca6be28547787049ed06a2d25c,.md
topology_design_comparisons/07_three_phase_two_level_vsi/03_pe_claw_baseline/TIDM-02014/10khz/parameter_mapping.md,2634,7040e843cd0ba3608075195d9ef08b5800a5282904fe1ccbcc5c507fd37e4776,.md
topology_design_comparisons/07_three_phase_two_level_vsi/03_pe_claw_baseline/TIDM-02014/20khz/design_request.md,5840,0411f2bff64bd8cea6b17bad4708aff95876a9a39d739e66b7ba424981cbb706,.md
topology_design_comparisons/07_three_phase_two_level_vsi/03_pe_claw_baseline/TIDM-02014/20khz/parameter_mapping.md,2634,d8bf507a3d57d6c0308cd924ec676d4b56e51571cff82337cb64f9f486a4c025,.md
topology_design_comparisons/07_three_phase_two_level_vsi/03_pe_claw_baseline/design_request.md,5843,41b0b4f26a26be879abecee481dade804ebb885cc705b688a0f5a65b429506e0,.md
topology_design_comparisons/07_three_phase_two_level_vsi/03_pe_claw_baseline/frequency_scan/design_request_32khz.md,5843,9e6c1aecc572f76d94958a6775421317fb39bf34fe5b28e883554cf2ab78fe51,.md
topology_design_comparisons/07_three_phase_two_level_vsi/03_pe_claw_baseline/frequency_scan/design_request_48khz.md,5843,19bd481b9e66544d33739e8f57a099a38d7e240c1643d58db150a5e39d205b1b,.md
topology_design_comparisons/07_three_phase_two_level_vsi/03_pe_claw_baseline/frequency_scan/design_request_64khz.md,5843,1279d85d3c4bc2f2ec4733d466783b5298945d3cce743b441c3a1322ffc84c1a,.md
topology_design_comparisons/07_three_phase_two_level_vsi/03_pe_claw_baseline/frequency_scan/design_request_80khz.md,5843,2178ed7bb6cd1d345160321f469ab2f72413ff5a154070e2e87645c2ea5326bf,.md
topology_design_comparisons/07_three_phase_two_level_vsi/03_pe_claw_baseline/frequency_scan/runner_result_32khz.json,733007,3aac8ca33a0d745c7595a7ea0ff89ae5cc7376f0f2cc1b62fbf4ba26d78e3a55,.json
topology_design_comparisons/07_three_phase_two_level_vsi/03_pe_claw_baseline/frequency_scan/runner_result_48khz.json,733029,b694aab6374e73b759e6ba8dd1f84dea873f512d2f172730f268cb5ddd0c317c,.json
topology_design_comparisons/07_three_phase_two_level_vsi/03_pe_claw_baseline/frequency_scan/runner_result_64khz.json,733020,d9a3a22afa3e5bcfe3673f94a92747cb59532844a58f362ec3a02f8f16ca8c13,.json
topology_design_comparisons/07_three_phase_two_level_vsi/03_pe_claw_baseline/frequency_scan/runner_result_80khz.json,733736,a1fc5d20d789d69282280debd2d7202fc8f565d45945f739d762ff81174d7f29,.json
topology_design_comparisons/07_three_phase_two_level_vsi/03_pe_claw_baseline/runner_result.json,730187,72e599180e8ef39be1966ea44f44890722186b9f4c1d6f1d6392104c5c81ce6e,.json
topology_design_comparisons/07_three_phase_two_level_vsi/04_comparison_results/CRD-13DA12N-J2_comparison.csv,815,bda1c4bb764f1101e9f0a753c0dfed60a0dae53cf48484eac82ca4e18207e052,.csv
topology_design_comparisons/07_three_phase_two_level_vsi/04_comparison_results/CRD-13DA12N-J2_comparison.md,3084,a3e9af6e7d470d3e49ac297d265822efa1368f9a93df296aaa5034455984cf52,.md
topology_design_comparisons/07_three_phase_two_level_vsi/04_comparison_results/CRD07500AA12N-FMC_comparison.csv,1025,3a2a784c496e22e6a55bc131b0c529c577bcb1576b32969767b7f03e9f1c5c9f,.csv
topology_design_comparisons/07_three_phase_two_level_vsi/04_comparison_results/CRD07500AA12N-FMC_comparison.md,3522,d10bedee46a0d63e6b9c7fb3ef64f93342e3181e841115e7691740fe977fb766,.md
topology_design_comparisons/07_three_phase_two_level_vsi/04_comparison_results/frequency_scan_comparison.csv,1156,0722cebb0d6853e5a690f4a59a660e15ecbaefa44c923ea3c863199fa4f9205d,.csv
topology_design_comparisons/07_three_phase_two_level_vsi/04_comparison_results/frequency_scan_comparison.md,4105,063eb7b51de797ddfbcf1daf3fcc8cc28cdd6571f0d8f1eee1f212c8b60a5a04,.md
topology_design_comparisons/07_three_phase_two_level_vsi/04_comparison_results/tida_00915_comparison.csv,1590,e1d4e998cd87fc38bc73eb9139f3b8723fe762dd8d477198a15aa989b1c32198,.csv
topology_design_comparisons/07_three_phase_two_level_vsi/04_comparison_results/tida_00915_comparison.md,4866,785ecd40566a1923523a1b94d9086ebe22f8a482a8601de21d80062a3c9483e5,.md
topology_design_comparisons/07_three_phase_two_level_vsi/04_comparison_results/tida_00915_gan_comparison.csv,1044,f5b948518fa5ee12bfd4cfbd09e790186240b8def86f170579cfde873cc6b581,.csv
topology_design_comparisons/07_three_phase_two_level_vsi/04_comparison_results/tida_00915_gan_comparison.md,2937,dfc28a1e6ec557404a2fcb73e8a8fd984f1718e6b7f4dec608c2ba476dbd9d6c,.md
topology_design_comparisons/07_three_phase_two_level_vsi/04_comparison_results/tidm_02014_comparison.csv,1807,7d5c3b2172e0eb4f1e9ddecb3e9da7b0f8113b4c4f38bdfa01b00c0c61748d19,.csv
topology_design_comparisons/07_three_phase_two_level_vsi/04_comparison_results/tidm_02014_comparison.md,6490,ae982f30c36504eddc5a0082644b2ec0165527fd9df313009a7e51f005a4d2e7,.md
topology_design_comparisons/07_three_phase_two_level_vsi/05_validation_evidence/CRD-11DA12N-K_validation_record.md,2351,cf1b24c201de73445c44703319469691d742d064d1e5b79c4e6799193e969343,.md
topology_design_comparisons/07_three_phase_two_level_vsi/05_validation_evidence/gan_library_check.csv,400,07d666b7f9bd2a5d88fd5059b8a7056c54e92cff33fa5d77b5cbdea699b79379,.csv
topology_design_comparisons/07_three_phase_two_level_vsi/05_validation_evidence/gan_library_check.md,803,7e07ca498be31fdc7ec1d38965c37434374ae886b1f87effda7cd138dd51b9a9,.md
topology_design_comparisons/07_three_phase_two_level_vsi/06_conclusions/CRD-11DA12N-K_completion.md,1900,71c5acf21c3014c72da301e97a65b0550763ca95b356ebc04e8745f355817967,.md
topology_design_comparisons/07_three_phase_two_level_vsi/06_conclusions/CRD-13DA12N-J2_results_frozen.md,1229,24dfc9596998685d4b6881c20a518b77a5f01636426c95e50cbfb18e77109d55,.md
topology_design_comparisons/07_three_phase_two_level_vsi/06_conclusions/CRD07500AA12N-FMC_results_frozen.md,1607,a9e6af8d4def02372071b795cc4d1103c76bfae1790875b783401ebf5e5c040b,.md
topology_design_comparisons/07_three_phase_two_level_vsi/06_conclusions/tida_00915_gan_results_frozen.md,2502,6db9aed2dde62d6fb1450e4aad843c421fc048863215f195b6da60a7ca587e61,.md
topology_design_comparisons/07_three_phase_two_level_vsi/README.md,2676,928d9618a3a29e3f7ea0cf3daedcf52cb8a7b50d7c9f9c293c7ca006793b2304,.md
topology_design_comparisons/08_three_phase_three_level_npc/00_scope_and_mapping/scope_and_mapping.md,1678,99258a5605c8d28fd52aa75355b1a9d12268ea0e6f70fbeb768a10f67f97443c,.md
topology_design_comparisons/08_three_phase_three_level_npc/01_vendor_references/CRD-25BDA6512N-K/source_record.md,1364,0c1c69ebb36f17aa24c1199373ec2e9a5f015c53a229f911487041a9c66d73d3,.md
topology_design_comparisons/08_three_phase_three_level_npc/01_vendor_references/CRD-25BDA6512N-K/vendor_design.md,1869,48ec52e500c856d9709d2d7996c9fbdb0466552616dd621ec36cf2535d539fdb,.md
topology_design_comparisons/08_three_phase_three_level_npc/01_vendor_references/CRD-33FF12N-K/source_record.md,1981,543fa9941e4461e46f693f6f34ee0d4a3323d56fe91e6c75abc2490d6792a53a,.md
topology_design_comparisons/08_three_phase_three_level_npc/01_vendor_references/CRD-33FF12N-K/vendor_design.md,3730,79fb8999fd3dc976579b8f52dd3747480455468c1d155ec08817406d3e6e0d22,.md
topology_design_comparisons/08_three_phase_three_level_npc/01_vendor_references/TIDA-01606/source_record.md,1234,5c1d9287efb1fd44fd1c03af5996831dcc18af8945d6335ab62b0893924b1cd2,.md
topology_design_comparisons/08_three_phase_three_level_npc/01_vendor_references/TIDA-01606/vendor_design.md,2313,a943476dfc3c4a0db92efb2cb91d111a4c85e8a040a134702156522ba0aad80d,.md
topology_design_comparisons/08_three_phase_three_level_npc/02_parameter_summary/CRD-25BDA6512N-K_normalized_parameters.csv,1441,66e017d77cef5475788fac961ad1a86fe94d2bbe5e9d1caa0ae353abc5c361d1,.csv
topology_design_comparisons/08_three_phase_three_level_npc/02_parameter_summary/CRD-25BDA6512N-K_normalized_parameters.md,2460,7acf77365e589c9a540ac73e7353d79a62b6ce654e9f50acc347c5ba93e071ad,.md
topology_design_comparisons/08_three_phase_three_level_npc/02_parameter_summary/CRD-33FF12N-K_normalized_parameters.csv,1233,a6be0fb382a14a201695a76c5b3b93c139003bf52082e516d0effd7e704bbf41,.csv
topology_design_comparisons/08_three_phase_three_level_npc/02_parameter_summary/CRD-33FF12N-K_normalized_parameters.md,2162,dc7e562e8afe391fe40f8ee936e9e064496a610ed4f62d7bbf1611d470ed2bed,.md
topology_design_comparisons/08_three_phase_three_level_npc/02_parameter_summary/normalized_parameters.csv,2680,f02884d37509e21cc560f73b95de35ae31a3d58d80944614cea94183db5b2594,.csv
topology_design_comparisons/08_three_phase_three_level_npc/02_parameter_summary/normalized_parameters.md,3846,14e0ba1eceafca1bae919e8654144917109a95a8db4acba91b4d92e767db145d,.md
topology_design_comparisons/08_three_phase_three_level_npc/03_pe_claw_baseline/CRD-25BDA6512N-K_design_result.md,1795,0d6b654c1e08be2f43a87a6966b0feb787446b3361cf5916dde2510cce8559db,.md
topology_design_comparisons/08_three_phase_three_level_npc/03_pe_claw_baseline/CRD-25BDA6512N-K_parameter_mapping.md,1577,cf1db1622567674592de4e4e26582a25eb18543959133c665a983efa4f37e6c3,.md
topology_design_comparisons/08_three_phase_three_level_npc/03_pe_claw_baseline/CRD-25BDA6512N-K_run_manifest.md,1189,8fd905ca30e98926e984f0b3b75e37f43ec3b60a37c0b56a30146f03e8bab73f,.md
topology_design_comparisons/08_three_phase_three_level_npc/03_pe_claw_baseline/design_request.md,7567,859ab36bd8aefe611d25b83fb8505cac04889195ee0cf52d0bb24d817cda42ea,.md
topology_design_comparisons/08_three_phase_three_level_npc/03_pe_claw_baseline/parameter_mapping.md,2989,74741ef20d1de80d1d881e14c5f82627ea4581cbf9cd9af50b89fac89b9cf291,.md
topology_design_comparisons/08_three_phase_three_level_npc/03_pe_claw_baseline/run_manifest.md,809,dbeeaccdb3d163e64b387b6826cfd54182eac0c28d588ceb02aa20e03eb1f8d1,.md
topology_design_comparisons/08_three_phase_three_level_npc/04_comparison_results/CRD-25BDA6512N-K_key_metrics_comparison.csv,1028,60d9ff90565338c1cfd8180ff2acf579ab0ef31cb7689d24ce314ab67af47d0d,.csv
topology_design_comparisons/08_three_phase_three_level_npc/04_comparison_results/CRD-25BDA6512N-K_key_metrics_comparison.md,1929,a65538ba6473654b91db16b99a6af2cb0eb3258abe7d8800813f958e07e1e3ef,.md
topology_design_comparisons/08_three_phase_three_level_npc/04_comparison_results/comparison_report.md,1698,823f5ab39ce1b92f699f5180b240855689b6bb16f5c901415c3b7641cc8ada26,.md
topology_design_comparisons/08_three_phase_three_level_npc/04_comparison_results/key_metrics_comparison.csv,1685,60123a8d4eff6d4f44de77402ce667414b76d1a27c9d7bf80091622c2666e171,.csv
topology_design_comparisons/08_three_phase_three_level_npc/05_validation_evidence/CRD-25BDA6512N-K_validation_record.md,1367,ed9236f44ab1fdb24c30ae97a57c8767d5c922944df63be67b3f46669abe9d5e,.md
topology_design_comparisons/08_three_phase_three_level_npc/05_validation_evidence/validation_record.md,1662,d98884365d29683b3f96c16795fa578c0d352c331bcd3e1396515914f93b88c8,.md
topology_design_comparisons/08_three_phase_three_level_npc/06_conclusions/CRD-25BDA6512N-K_conclusion.md,1196,21108203f586879ed50c12a2cd5ec5dc49b195993e53574f30f12e4e8bb44d14,.md
topology_design_comparisons/08_three_phase_three_level_npc/06_conclusions/CRD-33FF12N-K_blocked.md,1360,6701e874ff40396e3bd6b20f2bf6659e5aa67aad56b6e175d7bf5372761b6645,.md
topology_design_comparisons/08_three_phase_three_level_npc/06_conclusions/conclusion.md,1859,3968d58e86b66182f14ce5af7e1836fe461aba97d56fe96b1a05f082c08a583f,.md
topology_design_comparisons/08_three_phase_three_level_npc/README.md,2309,f991241d20c3261000647555c0b02f7038aa110d46816c111e70b7d748986bf0,.md
topology_design_comparisons/09_buck_diode/01_vendor_references/PMP30446/documents/TI_TIDM559.pdf,354024,3f14d5c044c4084f6d00207150c32375259a98223c7f65cae209849918ce8f1e,.pdf
topology_design_comparisons/09_buck_diode/01_vendor_references/PMP30446/documents/TI_TIDT177.pdf,1130722,f0cb51a965a54a0012a68d0bc6af10a6bfcb541dcf8c3e72f5263a9e6e33e0d0,.pdf
topology_design_comparisons/09_buck_diode/01_vendor_references/PMP30446/source_record.md,2530,0d99e80565654168ade50204994f1eed7d5af4f3b1b74225697e7717229d0f65,.md
topology_design_comparisons/09_buck_diode/01_vendor_references/PMP30446/vendor_design.md,3814,a86790b3669829d6147de757f392ab8e29a498907a876ef85b2a3d9adae441d1,.md
topology_design_comparisons/09_buck_diode/02_parameter_summary/PMP30446/normalized_parameters.csv,2685,70b826c0456c1beceaa782f33b0471ec1042149d78f4679196d4d4b750c96d84,.csv
topology_design_comparisons/09_buck_diode/02_parameter_summary/PMP30446/normalized_parameters.md,3876,4f23b653f9d513d1aefa69e28a8624bd18cb411ee37f378cc0b61fa6452ea327,.md
topology_design_comparisons/09_buck_diode/03_pe_claw_baseline/PMP30446/design_request_100khz.md,5014,b5e74d404cb8876cbacc6136f7a57dd3a1795da42ae3fb0b8e36efeb520a6262,.md
topology_design_comparisons/09_buck_diode/03_pe_claw_baseline/PMP30446/design_request_20khz.md,6022,3183b8afa61099f5e50982ce5838609ffa4c9b27257caa377136e1035d29be68,.md
topology_design_comparisons/09_buck_diode/03_pe_claw_baseline/PMP30446/design_request_40khz.md,5008,c69b1b9eef2544e19e373285ccdf9bdf94cbde3afe55af25608838cd8256ce5e,.md
topology_design_comparisons/09_buck_diode/03_pe_claw_baseline/PMP30446/design_request_60khz.md,5008,17691bbdc9fd35f2080ae26c922feb52c3e11559db994cc69ed3c8177f3a147f,.md
topology_design_comparisons/09_buck_diode/03_pe_claw_baseline/PMP30446/design_request_80khz.md,5008,61078d1012008306198ea74ba90bd8ff9a1b76525314c73e64a61349b4b95192,.md
topology_design_comparisons/09_buck_diode/03_pe_claw_baseline/PMP30446/discrete_device_frequency_scan.md,1828,6fcdf57d1e11f078dfba505d5955041b3390839bf48b1b5f31cd086f6a7dadf8,.md
topology_design_comparisons/09_buck_diode/03_pe_claw_baseline/PMP30446/frozen_results/100khz/design_request.md,5014,b5e74d404cb8876cbacc6136f7a57dd3a1795da42ae3fb0b8e36efeb520a6262,.md
topology_design_comparisons/09_buck_diode/03_pe_claw_baseline/PMP30446/frozen_results/100khz/run_manifest.md,538,58a411c9d5a86b2419ef7cf75916bb7139d886ac1677901ca6fb8d093613a0c1,.md
topology_design_comparisons/09_buck_diode/03_pe_claw_baseline/PMP30446/frozen_results/100khz/runner_evidence.json,829772,d395b112f98d3c08dee119dedfd21b2ddb54bf2680e70d7c95671c7078dedc14,.json
topology_design_comparisons/09_buck_diode/03_pe_claw_baseline/PMP30446/frozen_results/100khz/session/artifacts/capacitors/input_capacitor_pareto_front.csv,28427,53b1bf71703c73ffd22e789103ec3c2251ca64e56ed02828717ffee71715de3d,.csv
topology_design_comparisons/09_buck_diode/03_pe_claw_baseline/PMP30446/frozen_results/100khz/session/artifacts/capacitors/input_capacitor_pareto_front.png,48990,69fb88388c0ebc1c12deb42535de1e001c58cec37ddc5f42cf623b05351e3128,.png
topology_design_comparisons/09_buck_diode/03_pe_claw_baseline/PMP30446/frozen_results/100khz/session/artifacts/capacitors/output_capacitor_pareto_front.csv,28675,c58edfea163a98fd9a50ce8dcb9cb259357c42b3739bc80c6cf030fc8c719eca,.csv
topology_design_comparisons/09_buck_diode/03_pe_claw_baseline/PMP30446/frozen_results/100khz/session/artifacts/capacitors/output_capacitor_pareto_front.png,45843,2247df270c670ae5a9f0e9a086b895c0775a1ed51ca4b604846c2370786d2628,.png
topology_design_comparisons/09_buck_diode/03_pe_claw_baseline/PMP30446/frozen_results/100khz/session/artifacts/efficiency/efficiency_curve.png,29583,95b51e4a3759f28bb5dd8d7b50a275a6fa22df727ab71608a2f835b2bc731028,.png
topology_design_comparisons/09_buck_diode/03_pe_claw_baseline/PMP30446/frozen_results/100khz/session/artifacts/efficiency/loss_breakdown_stacked.png,15544,b471315ddca73619b3d414bc6d56f4a3e9b54cd1df37e7c68af4128b799089fa,.png
topology_design_comparisons/09_buck_diode/03_pe_claw_baseline/PMP30446/frozen_results/100khz/session/artifacts/geometry/geometry_min_loss.png,76092,2296ee52be8491cb2ffeb442e1a651d1daf2c6b62ea95d2cb92d19131a247b3c,.png
topology_design_comparisons/09_buck_diode/03_pe_claw_baseline/PMP30446/frozen_results/100khz/session/artifacts/geometry/geometry_min_loss.svg,87122,783e44a7db0a8df6a632ca217d646e00ada952d4dd084dfd6dc5b22d8fcfaff6,.svg
topology_design_comparisons/09_buck_diode/03_pe_claw_baseline/PMP30446/frozen_results/100khz/session/artifacts/geometry/geometry_min_loss_3d.png,81882,b6b36ebdfabc25ca39cda4c96755a47e15e6d0104628a04937fd465f565f5a55,.png
topology_design_comparisons/09_buck_diode/03_pe_claw_baseline/PMP30446/frozen_results/100khz/session/artifacts/geometry/geometry_min_loss_3d.svg,87804,056c7d475ba0fbe7cbcf44cac2c09e1fa6012f9202a97b4e7f134f547c65d525,.svg
topology_design_comparisons/09_buck_diode/03_pe_claw_baseline/PMP30446/frozen_results/100khz/session/artifacts/geometry/geometry_min_volume.png,67725,6c16faafc4977bfe4c874e26f8bdd5ecaaefdb7296f3c746c093c67f24b87d64,.png
topology_design_comparisons/09_buck_diode/03_pe_claw_baseline/PMP30446/frozen_results/100khz/session/artifacts/geometry/geometry_min_volume.svg,82177,160063b03c22b4d0c1dc9c41c9e736ad452f18ecfa17eb53053b2393d71d202d,.svg
topology_design_comparisons/09_buck_diode/03_pe_claw_baseline/PMP30446/frozen_results/100khz/session/artifacts/geometry/geometry_min_volume_3d.png,79717,ab2fa99b7465a118e24b3cf2b05bb733168b42bcff705261464dc4434bc50930,.png
topology_design_comparisons/09_buck_diode/03_pe_claw_baseline/PMP30446/frozen_results/100khz/session/artifacts/geometry/geometry_min_volume_3d.svg,61766,d402b5a4918764f7b8c2cf439e3f9f4a77bf0474b1c3b076f539a222acf1059c,.svg
topology_design_comparisons/09_buck_diode/03_pe_claw_baseline/PMP30446/frozen_results/100khz/session/artifacts/geometry/geometry_recommended.png,67458,5d135442085e346e64b0706d0fe5a224559bf971a5684ad4f0d6e7ae8d3d2651,.png
topology_design_comparisons/09_buck_diode/03_pe_claw_baseline/PMP30446/frozen_results/100khz/session/artifacts/geometry/geometry_recommended.svg,81460,d640db6eed6e2ffa0ac5f3a1ea843885f668a55690fe712518d760455825f1e3,.svg
topology_design_comparisons/09_buck_diode/03_pe_claw_baseline/PMP30446/frozen_results/100khz/session/artifacts/geometry/geometry_recommended_3d.png,79637,82bda55b7648e0769a9d010a52c30cdbf42b81256530d41cd53c3edcecffaecd,.png
topology_design_comparisons/09_buck_diode/03_pe_claw_baseline/PMP30446/frozen_results/100khz/session/artifacts/geometry/geometry_recommended_3d.svg,61073,5b9b2c257c00618bb25972249e4a07a6d34cac43c8d47c8901f9f056e42b0cff,.svg
topology_design_comparisons/09_buck_diode/03_pe_claw_baseline/PMP30446/frozen_results/100khz/session/artifacts/geometry/geometry_selected.png,67458,5d135442085e346e64b0706d0fe5a224559bf971a5684ad4f0d6e7ae8d3d2651,.png
topology_design_comparisons/09_buck_diode/03_pe_claw_baseline/PMP30446/frozen_results/100khz/session/artifacts/geometry/geometry_selected.svg,81460,d640db6eed6e2ffa0ac5f3a1ea843885f668a55690fe712518d760455825f1e3,.svg
topology_design_comparisons/09_buck_diode/03_pe_claw_baseline/PMP30446/frozen_results/100khz/session/artifacts/geometry/geometry_selected_3d.png,79637,82bda55b7648e0769a9d010a52c30cdbf42b81256530d41cd53c3edcecffaecd,.png
topology_design_comparisons/09_buck_diode/03_pe_claw_baseline/PMP30446/frozen_results/100khz/session/artifacts/geometry/geometry_selected_3d.svg,61073,5b9b2c257c00618bb25972249e4a07a6d34cac43c8d47c8901f9f056e42b0cff,.svg
topology_design_comparisons/09_buck_diode/03_pe_claw_baseline/PMP30446/frozen_results/100khz/session/artifacts/geometry/input_geometry_min_loss.png,20950,e51460f0e7e1a1fa7762cbb2ba84e7a69808fbb9bb6449fe71dcd91d20abac61,.png
topology_design_comparisons/09_buck_diode/03_pe_claw_baseline/PMP30446/frozen_results/100khz/session/artifacts/geometry/input_geometry_min_loss_3d.png,40470,91c0de6fef0e6598002544ff9fb05039c630a0143d2ac23426f9058bee8e764f,.png
topology_design_comparisons/09_buck_diode/03_pe_claw_baseline/PMP30446/frozen_results/100khz/session/artifacts/geometry/input_geometry_min_volume.png,17363,44cad50d7274885feae879296fea9bc66fdc0e3fc81ece13eb14943d4cc7781b,.png
topology_design_comparisons/09_buck_diode/03_pe_claw_baseline/PMP30446/frozen_results/100khz/session/artifacts/geometry/input_geometry_min_volume_3d.png,33563,578d5912643a61da08b324167f34fbe9ea67bea233f7627d6c46f00d32698909,.png
topology_design_comparisons/09_buck_diode/03_pe_claw_baseline/PMP30446/frozen_results/100khz/session/artifacts/geometry/input_geometry_recommended.png,17363,44cad50d7274885feae879296fea9bc66fdc0e3fc81ece13eb14943d4cc7781b,.png
topology_design_comparisons/09_buck_diode/03_pe_claw_baseline/PMP30446/frozen_results/100khz/session/artifacts/geometry/input_geometry_recommended_3d.png,33563,578d5912643a61da08b324167f34fbe9ea67bea233f7627d6c46f00d32698909,.png
topology_design_comparisons/09_buck_diode/03_pe_claw_baseline/PMP30446/frozen_results/100khz/session/artifacts/geometry/output_geometry_min_loss.png,20950,e51460f0e7e1a1fa7762cbb2ba84e7a69808fbb9bb6449fe71dcd91d20abac61,.png
topology_design_comparisons/09_buck_diode/03_pe_claw_baseline/PMP30446/frozen_results/100khz/session/artifacts/geometry/output_geometry_min_loss_3d.png,40470,91c0de6fef0e6598002544ff9fb05039c630a0143d2ac23426f9058bee8e764f,.png
topology_design_comparisons/09_buck_diode/03_pe_claw_baseline/PMP30446/frozen_results/100khz/session/artifacts/geometry/output_geometry_min_volume.png,17211,d129bdd80e77de7e8e40b5adee9b16c31e69270d89dfd69b397897bd25327c5d,.png
topology_design_comparisons/09_buck_diode/03_pe_claw_baseline/PMP30446/frozen_results/100khz/session/artifacts/geometry/output_geometry_min_volume_3d.png,33157,4f046efce325a6b84fbb8a6e8928e848ab54f55c6efa45992238764311eaa748,.png
topology_design_comparisons/09_buck_diode/03_pe_claw_baseline/PMP30446/frozen_results/100khz/session/artifacts/geometry/output_geometry_recommended.png,17425,6cc90d869e3384bd624892bdad8928292d8d7237cc61225128870bbff06a52f1,.png
topology_design_comparisons/09_buck_diode/03_pe_claw_baseline/PMP30446/frozen_results/100khz/session/artifacts/geometry/output_geometry_recommended_3d.png,33664,d74914509adedc449da45da5f8686ee905084b02d69b674cbcdfa50a577a47c7,.png
topology_design_comparisons/09_buck_diode/03_pe_claw_baseline/PMP30446/frozen_results/100khz/session/artifacts/magnetics/chosen_designs.csv,2422,adb25bc86c323320e34367c53df41f9e684894788340d65aa200dbc6fcba9da4,.csv
topology_design_comparisons/09_buck_diode/03_pe_claw_baseline/PMP30446/frozen_results/100khz/session/artifacts/magnetics/compressed_candidates.csv,28621,863a048785771cc193ecdcdb4091d498be8eaf267036ff3e1248922b4dea8203,.csv
topology_design_comparisons/09_buck_diode/03_pe_claw_baseline/PMP30446/frozen_results/100khz/session/artifacts/magnetics/pareto_front.csv,11153,d47642af267504b6c8b2432604146dbbbfbb6632f34e68e1fb08bab0622fcc32,.csv
topology_design_comparisons/09_buck_diode/03_pe_claw_baseline/PMP30446/frozen_results/100khz/session/artifacts/magnetics/pareto_front.png,94980,87327e748fcdd0f9f2d21d6c8660b1bc8484549ab9bde92640363fa238120edc,.png
topology_design_comparisons/09_buck_diode/03_pe_claw_baseline/PMP30446/frozen_results/100khz/session/artifacts/magnetics/screened_candidates.csv,32910,3da25d67d3d8988a4604be03455b674f76759c9247dc7668fa7583fbe0e18200,.csv
topology_design_comparisons/09_buck_diode/03_pe_claw_baseline/PMP30446/frozen_results/100khz/session/artifacts/magnetics/stack_count_comparison.csv,1591,81eff559cd56091c7c8680cd6834021923eca9466c6da4426f99edd1c32bda2a,.csv
topology_design_comparisons/09_buck_diode/03_pe_claw_baseline/PMP30446/frozen_results/100khz/session/artifacts/plugin_acceptance_review.json,3972,c906e0a4e6fc4b489a88108883b8cc93ea380ad04ef0bbaba0130f1f12f66f72,.json
topology_design_comparisons/09_buck_diode/03_pe_claw_baseline/PMP30446/frozen_results/100khz/session/artifacts/plugin_acceptance_review.md,797,167a4983a968e2f299745c2262f5b13219f0bb42e7bc5d02e06d1648bccb6e67,.md
topology_design_comparisons/09_buck_diode/03_pe_claw_baseline/PMP30446/frozen_results/100khz/session/artifacts/plugin_collected_artifacts_manifest.json,29336,1d12ae89f74b2e9ad61983d792b4b4f37d5d9a1bc0e20aa81676cf1bd1db37bf,.json
topology_design_comparisons/09_buck_diode/03_pe_claw_baseline/PMP30446/frozen_results/100khz/session/artifacts/plugin_output_layout_manifest.json,110633,dc8e6606276c526887969a31531c4759f7c6eca19d24efb008d6fb3b5298d34d,.json
topology_design_comparisons/09_buck_diode/03_pe_claw_baseline/PMP30446/frozen_results/100khz/session/artifacts/thermal/thermal_summary.csv,2482,408812dbe78b3bcd73512ae444902470848147b662ea588efbc214f819f9691e,.csv
topology_design_comparisons/09_buck_diode/03_pe_claw_baseline/PMP30446/frozen_results/100khz/session/audit_log.jsonl,2756,594d576bd5998716e3b198a352312082ac176cced0ee84fbfa5ac7f7308630d3,.jsonl
topology_design_comparisons/09_buck_diode/03_pe_claw_baseline/PMP30446/frozen_results/100khz/session/checkpoints/task_state.json,246359,c31408dc3d4ef58150f5443f60f83724867781d5071411da89e92c47e90fa7b3,.json
topology_design_comparisons/09_buck_diode/03_pe_claw_baseline/PMP30446/frozen_results/100khz/session/design_manifest.json,68811,7b5d9cc0984c5bbbb804da609ab224cfb7ffdb4abc8db40e1113884e32093faf,.json
topology_design_comparisons/09_buck_diode/03_pe_claw_baseline/PMP30446/frozen_results/100khz/session/reports/design_report_audit.json,27060,db71d8d5b043437ef56d59ae59b259b56c3b6e00afaf05a620c2c729b8550990,.json
topology_design_comparisons/09_buck_diode/03_pe_claw_baseline/PMP30446/frozen_results/100khz/session/reports/final_report.json,64609,bef14d16d5535def30c4f7cf281758a0c9cfa799110872b66a773059df02ba15,.json
topology_design_comparisons/09_buck_diode/03_pe_claw_baseline/PMP30446/frozen_results/100khz/session/reports/final_report.md,28698,65375672629b4a97a703f36e9050cef827058ab68cd412901854abc1813c39a8,.md
topology_design_comparisons/09_buck_diode/03_pe_claw_baseline/PMP30446/frozen_results/100khz/session/reports/report_artifacts_manifest.json,3788,558955c07c90c4dff67f8bbf8666ba34165318d07a655e8ab45b72f34adc0707,.json
topology_design_comparisons/09_buck_diode/03_pe_claw_baseline/PMP30446/frozen_results/100khz/session/reports/summary_report.json,10313,e2ee229b823e4ef4e6e6c14b6ce60fc154185488091d775478a640093afc27f1,.json
topology_design_comparisons/09_buck_diode/03_pe_claw_baseline/PMP30446/frozen_results/100khz/session/reports/summary_report.md,4174,2626ef423de4ce7f7cf4f64d8e42b5e25ed399e4dc37a98df2451c89927d0780,.md
topology_design_comparisons/09_buck_diode/03_pe_claw_baseline/PMP30446/frozen_results/100khz/session/reports/summary_report.pdf,38716,e9cf38951822a895ad2f7015c2a271d021f4b6da9edc04dc7d52caba75a3c050,.pdf
topology_design_comparisons/09_buck_diode/03_pe_claw_baseline/PMP30446/frozen_results/100khz/session/task_graph.json,1888,e212b15532e5e067b65d48d44426b60f49be3ba27d309f8d702cb7904fa3dca9,.json
topology_design_comparisons/09_buck_diode/03_pe_claw_baseline/PMP30446/frozen_results/20khz/design_request.md,6022,3183b8afa61099f5e50982ce5838609ffa4c9b27257caa377136e1035d29be68,.md
topology_design_comparisons/09_buck_diode/03_pe_claw_baseline/PMP30446/frozen_results/20khz/run_manifest.md,597,9fa1ae86994e7cb96d0bad1e9301eff559e91f380e4162b8e9595e4283189248,.md
topology_design_comparisons/09_buck_diode/03_pe_claw_baseline/PMP30446/frozen_results/20khz/runner_evidence.json,722941,fc9f78a827b01fda5da0bf2fce5389095a2c32566726e6ded0af0668df9b797d,.json
topology_design_comparisons/09_buck_diode/03_pe_claw_baseline/PMP30446/frozen_results/20khz/session/artifacts/capacitors/input_capacitor_pareto_front.csv,29113,2f01d2a12a58ccd777feac7de7004785da3671a6c2860180bd12ff861db483e7,.csv
topology_design_comparisons/09_buck_diode/03_pe_claw_baseline/PMP30446/frozen_results/20khz/session/artifacts/capacitors/input_capacitor_pareto_front.png,53617,7fd6d982ea4400815d9ffab78daad234f8a19a4b1a6de3125c322f59319d1e7f,.png
topology_design_comparisons/09_buck_diode/03_pe_claw_baseline/PMP30446/frozen_results/20khz/session/artifacts/capacitors/output_capacitor_pareto_front.csv,27344,74703d6b6e42bbf165afaedf51cdba8d023d55e7b64998399411316a79bc23da,.csv
topology_design_comparisons/09_buck_diode/03_pe_claw_baseline/PMP30446/frozen_results/20khz/session/artifacts/capacitors/output_capacitor_pareto_front.png,49454,492c2afa5c48a4e0a96e72703e7fcf2b9729d4481bdb80b7db40bb2f627c6b17,.png
topology_design_comparisons/09_buck_diode/03_pe_claw_baseline/PMP30446/frozen_results/20khz/session/artifacts/efficiency/efficiency_curve.png,27905,75b8b9d0a217d15ed37399234f575ee83a957be6ec38ddf3c0735c543feee0b7,.png
topology_design_comparisons/09_buck_diode/03_pe_claw_baseline/PMP30446/frozen_results/20khz/session/artifacts/efficiency/loss_breakdown_stacked.png,17461,1c08bb882fb64654d53d6164620b5dda836bef3c4d6504266f3d083ba38eb01f,.png
topology_design_comparisons/09_buck_diode/03_pe_claw_baseline/PMP30446/frozen_results/20khz/session/artifacts/geometry/input_geometry_min_loss.png,20950,e51460f0e7e1a1fa7762cbb2ba84e7a69808fbb9bb6449fe71dcd91d20abac61,.png
topology_design_comparisons/09_buck_diode/03_pe_claw_baseline/PMP30446/frozen_results/20khz/session/artifacts/geometry/input_geometry_min_loss_3d.png,40470,91c0de6fef0e6598002544ff9fb05039c630a0143d2ac23426f9058bee8e764f,.png
topology_design_comparisons/09_buck_diode/03_pe_claw_baseline/PMP30446/frozen_results/20khz/session/artifacts/geometry/input_geometry_min_volume.png,17204,6217d9bbf1c29c2c5865308ec140464552d89d7b5c1cb16ab3b357a6a2b0e054,.png
topology_design_comparisons/09_buck_diode/03_pe_claw_baseline/PMP30446/frozen_results/20khz/session/artifacts/geometry/input_geometry_min_volume_3d.png,33678,9eedc9130f18e4d775a3229c19c3355edb18859a0f4e44811b8c058890b393b6,.png
topology_design_comparisons/09_buck_diode/03_pe_claw_baseline/PMP30446/frozen_results/20khz/session/artifacts/geometry/input_geometry_recommended.png,17455,0632e8ef7b52b4e52bf04a303da89858e25195256b77fe100d1da8871e538e51,.png
topology_design_comparisons/09_buck_diode/03_pe_claw_baseline/PMP30446/frozen_results/20khz/session/artifacts/geometry/input_geometry_recommended_3d.png,33693,d844b1aa21ea121419885132f892fc43ddac39abe8fe1b87afe2fd770c26b1cd,.png
topology_design_comparisons/09_buck_diode/03_pe_claw_baseline/PMP30446/frozen_results/20khz/session/artifacts/geometry/output_geometry_min_loss.png,20950,e51460f0e7e1a1fa7762cbb2ba84e7a69808fbb9bb6449fe71dcd91d20abac61,.png
topology_design_comparisons/09_buck_diode/03_pe_claw_baseline/PMP30446/frozen_results/20khz/session/artifacts/geometry/output_geometry_min_loss_3d.png,40470,91c0de6fef0e6598002544ff9fb05039c630a0143d2ac23426f9058bee8e764f,.png
topology_design_comparisons/09_buck_diode/03_pe_claw_baseline/PMP30446/frozen_results/20khz/session/artifacts/geometry/output_geometry_min_volume.png,17370,8e956c4512706b7c9dcace41b7f155ed26b32ce490e08c50423d0798873bc644,.png
topology_design_comparisons/09_buck_diode/03_pe_claw_baseline/PMP30446/frozen_results/20khz/session/artifacts/geometry/output_geometry_min_volume_3d.png,33865,1ef36e6fceea36a0d61954dfee28833e9a7e9c6325abffbdeda5414654536fb4,.png
topology_design_comparisons/09_buck_diode/03_pe_claw_baseline/PMP30446/frozen_results/20khz/session/artifacts/geometry/output_geometry_recommended.png,17357,61497fff14d6f4026c45c295aa9e865e0e029fb289e55229ff7cd15010fc98a6,.png
topology_design_comparisons/09_buck_diode/03_pe_claw_baseline/PMP30446/frozen_results/20khz/session/artifacts/geometry/output_geometry_recommended_3d.png,33393,191dd4d1532d6d66ced03b58692c0759fc1726b1e6d750718f8d4bf07420850a,.png
topology_design_comparisons/09_buck_diode/03_pe_claw_baseline/PMP30446/frozen_results/20khz/session/artifacts/plugin_acceptance_review.json,4098,386b791fdfb437e19cb26a830414d3e0ee411e83390b03c6996843ead20feb50,.json
topology_design_comparisons/09_buck_diode/03_pe_claw_baseline/PMP30446/frozen_results/20khz/session/artifacts/plugin_acceptance_review.md,869,361953fd7423d066ca0c3b6bc6f6b171075005d373b5557844c599ffa6d9152f,.md
topology_design_comparisons/09_buck_diode/03_pe_claw_baseline/PMP30446/frozen_results/20khz/session/artifacts/plugin_collected_artifacts_manifest.json,16079,ef6eaad9c194d29bd923af81eec6efa8c7eeac08fb8607579fb417cce18bb237,.json
topology_design_comparisons/09_buck_diode/03_pe_claw_baseline/PMP30446/frozen_results/20khz/session/artifacts/plugin_output_layout_manifest.json,107749,9c2088d9f0ca707c135e2e8b36b9aab8707967edf71f95ef7c6f1768de02fdf6,.json
topology_design_comparisons/09_buck_diode/03_pe_claw_baseline/PMP30446/frozen_results/20khz/session/audit_log.jsonl,2752,2dcbb8727319b3cb2ef5418f55b73dac37d964043f3bec931668d2c924ed6eef,.jsonl
topology_design_comparisons/09_buck_diode/03_pe_claw_baseline/PMP30446/frozen_results/20khz/session/checkpoints/task_state.json,194207,fbb79d0b97e48c1d6c15f9ce78ecbf1dfb428875979947e7c844e643f93dbbc1,.json
topology_design_comparisons/09_buck_diode/03_pe_claw_baseline/PMP30446/frozen_results/20khz/session/design_manifest.json,41386,4b435c162e43b4222ce1c071a82115127a5b8cb58cecb6a14c28d43cbd00b538,.json
topology_design_comparisons/09_buck_diode/03_pe_claw_baseline/PMP30446/frozen_results/20khz/session/reports/design_report_audit.json,21705,313716f9ee6cd60d597bcaa5de7bcdd5f1e0f3405a8a9aebb00c48fdfd1b2b51,.json
topology_design_comparisons/09_buck_diode/03_pe_claw_baseline/PMP30446/frozen_results/20khz/session/reports/final_report.json,47818,520a63fd4e44910da5d098a82efcf8d5d3ba45116d9be89e871072c54a7033db,.json
topology_design_comparisons/09_buck_diode/03_pe_claw_baseline/PMP30446/frozen_results/20khz/session/reports/final_report.md,19435,c27c9884f34736632123d8a698394e89c7a0769d676fddb6a8aadccd5bc71c12,.md
topology_design_comparisons/09_buck_diode/03_pe_claw_baseline/PMP30446/frozen_results/20khz/session/reports/report_artifacts_manifest.json,3787,e9fc1317918c07055195cc66831170fa20815b4571d3322e54382571d612fe14,.json
topology_design_comparisons/09_buck_diode/03_pe_claw_baseline/PMP30446/frozen_results/20khz/session/reports/summary_report.json,9867,8fd6ca268190d4e8508b3b9c8d921dac3736a9c7706bc945602094ba4f9460c1,.json
topology_design_comparisons/09_buck_diode/03_pe_claw_baseline/PMP30446/frozen_results/20khz/session/reports/summary_report.md,3807,7e405ff4350fb49cc6933dd6b28886d0b7586f57b9f62f91052614c949acaa42,.md
topology_design_comparisons/09_buck_diode/03_pe_claw_baseline/PMP30446/frozen_results/20khz/session/reports/summary_report.pdf,37097,837f2a043220a1fce34a286d59f0cb7f261981de96ff3e13d747e8ba25b520fb,.pdf
topology_design_comparisons/09_buck_diode/03_pe_claw_baseline/PMP30446/frozen_results/20khz/session/task_graph.json,1887,9290b527b671346c177326694aa7336335aff15d5aeb2bc30a583e1114cf3a12,.json
topology_design_comparisons/09_buck_diode/03_pe_claw_baseline/PMP30446/frozen_results/40khz/design_request.md,5008,c69b1b9eef2544e19e373285ccdf9bdf94cbde3afe55af25608838cd8256ce5e,.md
topology_design_comparisons/09_buck_diode/03_pe_claw_baseline/PMP30446/frozen_results/40khz/run_manifest.md,611,0411b8bde5eb6f4fda36dcd3c5d9543710604cd967f273ca209dad48e4581755,.md
topology_design_comparisons/09_buck_diode/03_pe_claw_baseline/PMP30446/frozen_results/40khz/runner_evidence.json,827584,f6498616832acd71bd0b4eaf6579de6c49d2a1a70483517afd9eb62047ab7591,.json
topology_design_comparisons/09_buck_diode/03_pe_claw_baseline/PMP30446/frozen_results/40khz/session/artifacts/capacitors/input_capacitor_pareto_front.csv,38175,fe71b29140f4c90ca7fc0bcf5f55fab86102093bde745edb91298652a2a9fadb,.csv
topology_design_comparisons/09_buck_diode/03_pe_claw_baseline/PMP30446/frozen_results/40khz/session/artifacts/capacitors/input_capacitor_pareto_front.png,51714,d1dd61b1a7c8adc5069236d9c995c39c1cf91295171449b78784e07992e99791,.png
topology_design_comparisons/09_buck_diode/03_pe_claw_baseline/PMP30446/frozen_results/40khz/session/artifacts/capacitors/output_capacitor_pareto_front.csv,29606,f8f47099a4f42a58fd58427fac6331df1e3c93246f944e6f88394b36332352bf,.csv
topology_design_comparisons/09_buck_diode/03_pe_claw_baseline/PMP30446/frozen_results/40khz/session/artifacts/capacitors/output_capacitor_pareto_front.png,48540,5dd6a9898bfea9e83e3b7847bfaa8147fc0598af7af72ea8131c6ac68133d314,.png
topology_design_comparisons/09_buck_diode/03_pe_claw_baseline/PMP30446/frozen_results/40khz/session/artifacts/efficiency/efficiency_curve.png,27922,9fd48c5ceff9749b310af3e5a5e744e31f028a3b24236184b45ae0fe89adee49,.png
topology_design_comparisons/09_buck_diode/03_pe_claw_baseline/PMP30446/frozen_results/40khz/session/artifacts/efficiency/loss_breakdown_stacked.png,16876,7c7ff096a1f0331f5d82904c366e3745017fd53ae6614897fbd493292ecc5ca3,.png
topology_design_comparisons/09_buck_diode/03_pe_claw_baseline/PMP30446/frozen_results/40khz/session/artifacts/geometry/geometry_min_loss.png,75683,ee11b8f2425fafae3a4e34b7284d6e0037a39e16cd561d6ddcc211a6cd88641a,.png
topology_design_comparisons/09_buck_diode/03_pe_claw_baseline/PMP30446/frozen_results/40khz/session/artifacts/geometry/geometry_min_loss.svg,87028,a5aa9deb70b7e76dda1ae06b9c758869d93dcf9a8430bd5efcd6bc8089fc5933,.svg
topology_design_comparisons/09_buck_diode/03_pe_claw_baseline/PMP30446/frozen_results/40khz/session/artifacts/geometry/geometry_min_loss_3d.png,84554,a4ffac8523ec15b9441a7943aa169d24f02d50e3147f76f0517fc6139fe62e6c,.png
topology_design_comparisons/09_buck_diode/03_pe_claw_baseline/PMP30446/frozen_results/40khz/session/artifacts/geometry/geometry_min_loss_3d.svg,88571,b80821a54c9913a5e804ca135e7ae0e8abfb734ebaaa4e74a73253ae40e5e5c6,.svg
topology_design_comparisons/09_buck_diode/03_pe_claw_baseline/PMP30446/frozen_results/40khz/session/artifacts/geometry/geometry_min_volume.png,61701,c7ab4e8da3b8ccfb824f340c5ef1f97811eee2f3256713e4b464089b8a448083,.png
topology_design_comparisons/09_buck_diode/03_pe_claw_baseline/PMP30446/frozen_results/40khz/session/artifacts/geometry/geometry_min_volume.svg,80474,130b6a85d402e38a3cd3120e5677acaba225b1304ff64fcfd02269c6492ee771,.svg
topology_design_comparisons/09_buck_diode/03_pe_claw_baseline/PMP30446/frozen_results/40khz/session/artifacts/geometry/geometry_min_volume_3d.png,76896,48767bdcaa13d9e428727628c77b9188b7acedd72faa075e690b9d97e572dfc2,.png
topology_design_comparisons/09_buck_diode/03_pe_claw_baseline/PMP30446/frozen_results/40khz/session/artifacts/geometry/geometry_min_volume_3d.svg,60850,a49edb6a9fec51ecc3731c993664cd642acc0b025867fd100cab974d59781df8,.svg
topology_design_comparisons/09_buck_diode/03_pe_claw_baseline/PMP30446/frozen_results/40khz/session/artifacts/geometry/geometry_recommended.png,62040,9222894b24ff7a9e69ac512582e04a4e967a353cad3e175d1628af630c5fea7e,.png
topology_design_comparisons/09_buck_diode/03_pe_claw_baseline/PMP30446/frozen_results/40khz/session/artifacts/geometry/geometry_recommended.svg,81299,182f847ce0ad59afdffcf7221a7d75a57aa7ae010407b82ada7a05bb872a3639,.svg
topology_design_comparisons/09_buck_diode/03_pe_claw_baseline/PMP30446/frozen_results/40khz/session/artifacts/geometry/geometry_recommended_3d.png,78839,920aaf58407a4e3878f14e6342e69ac6bbf9855f8d857cdb3d451d559d99969b,.png
topology_design_comparisons/09_buck_diode/03_pe_claw_baseline/PMP30446/frozen_results/40khz/session/artifacts/geometry/geometry_recommended_3d.svg,60274,c17cb1a903ec7b2fa5951b89483ea3316a3f91b5d0671c0b7ea881d8f2f3ea9a,.svg
topology_design_comparisons/09_buck_diode/03_pe_claw_baseline/PMP30446/frozen_results/40khz/session/artifacts/geometry/geometry_selected.png,62040,9222894b24ff7a9e69ac512582e04a4e967a353cad3e175d1628af630c5fea7e,.png
topology_design_comparisons/09_buck_diode/03_pe_claw_baseline/PMP30446/frozen_results/40khz/session/artifacts/geometry/geometry_selected.svg,81299,182f847ce0ad59afdffcf7221a7d75a57aa7ae010407b82ada7a05bb872a3639,.svg
topology_design_comparisons/09_buck_diode/03_pe_claw_baseline/PMP30446/frozen_results/40khz/session/artifacts/geometry/geometry_selected_3d.png,78839,920aaf58407a4e3878f14e6342e69ac6bbf9855f8d857cdb3d451d559d99969b,.png
topology_design_comparisons/09_buck_diode/03_pe_claw_baseline/PMP30446/frozen_results/40khz/session/artifacts/geometry/geometry_selected_3d.svg,60274,c17cb1a903ec7b2fa5951b89483ea3316a3f91b5d0671c0b7ea881d8f2f3ea9a,.svg
topology_design_comparisons/09_buck_diode/03_pe_claw_baseline/PMP30446/frozen_results/40khz/session/artifacts/geometry/input_geometry_min_loss.png,20950,e51460f0e7e1a1fa7762cbb2ba84e7a69808fbb9bb6449fe71dcd91d20abac61,.png
topology_design_comparisons/09_buck_diode/03_pe_claw_baseline/PMP30446/frozen_results/40khz/session/artifacts/geometry/input_geometry_min_loss_3d.png,40470,91c0de6fef0e6598002544ff9fb05039c630a0143d2ac23426f9058bee8e764f,.png
topology_design_comparisons/09_buck_diode/03_pe_claw_baseline/PMP30446/frozen_results/40khz/session/artifacts/geometry/input_geometry_min_volume.png,17363,44cad50d7274885feae879296fea9bc66fdc0e3fc81ece13eb14943d4cc7781b,.png
topology_design_comparisons/09_buck_diode/03_pe_claw_baseline/PMP30446/frozen_results/40khz/session/artifacts/geometry/input_geometry_min_volume_3d.png,33563,578d5912643a61da08b324167f34fbe9ea67bea233f7627d6c46f00d32698909,.png
topology_design_comparisons/09_buck_diode/03_pe_claw_baseline/PMP30446/frozen_results/40khz/session/artifacts/geometry/input_geometry_recommended.png,17363,44cad50d7274885feae879296fea9bc66fdc0e3fc81ece13eb14943d4cc7781b,.png
topology_design_comparisons/09_buck_diode/03_pe_claw_baseline/PMP30446/frozen_results/40khz/session/artifacts/geometry/input_geometry_recommended_3d.png,33563,578d5912643a61da08b324167f34fbe9ea67bea233f7627d6c46f00d32698909,.png
topology_design_comparisons/09_buck_diode/03_pe_claw_baseline/PMP30446/frozen_results/40khz/session/artifacts/geometry/output_geometry_min_loss.png,20950,e51460f0e7e1a1fa7762cbb2ba84e7a69808fbb9bb6449fe71dcd91d20abac61,.png
topology_design_comparisons/09_buck_diode/03_pe_claw_baseline/PMP30446/frozen_results/40khz/session/artifacts/geometry/output_geometry_min_loss_3d.png,40470,91c0de6fef0e6598002544ff9fb05039c630a0143d2ac23426f9058bee8e764f,.png
topology_design_comparisons/09_buck_diode/03_pe_claw_baseline/PMP30446/frozen_results/40khz/session/artifacts/geometry/output_geometry_min_volume.png,16816,24ed0d93c83700415849573abd099539c3dd34d0632d87996eb467abb230408a,.png
topology_design_comparisons/09_buck_diode/03_pe_claw_baseline/PMP30446/frozen_results/40khz/session/artifacts/geometry/output_geometry_min_volume_3d.png,33332,714dadde86c395789801fdd477f2c2c5703c2fc1d9b7d6dbd4b0ec7c360bc810,.png
topology_design_comparisons/09_buck_diode/03_pe_claw_baseline/PMP30446/frozen_results/40khz/session/artifacts/geometry/output_geometry_recommended.png,17322,09ea1b076a52cda871b0bc0b640a952aeb39ca9397a479db3a69ef93801471aa,.png
topology_design_comparisons/09_buck_diode/03_pe_claw_baseline/PMP30446/frozen_results/40khz/session/artifacts/geometry/output_geometry_recommended_3d.png,33474,e158e9443e7f3f0e2a6feca0a1e0e10fff8320c55bc69a1b5e875e2a63d3bcb9,.png
topology_design_comparisons/09_buck_diode/03_pe_claw_baseline/PMP30446/frozen_results/40khz/session/artifacts/magnetics/chosen_designs.csv,2470,04467cc7d39865fdf1c9997e04bd87028c108af5e0ac066501c4310e5b21ae10,.csv
topology_design_comparisons/09_buck_diode/03_pe_claw_baseline/PMP30446/frozen_results/40khz/session/artifacts/magnetics/compressed_candidates.csv,56577,95059525d1de614c29b1b70c6fe1eaff50b41ca1524610117705b3d663e69ecc,.csv
topology_design_comparisons/09_buck_diode/03_pe_claw_baseline/PMP30446/frozen_results/40khz/session/artifacts/magnetics/pareto_front.csv,6749,90139a0648f744e0b6a527e165a75c24b567131b4f264caff946cae6f7bdd862,.csv
topology_design_comparisons/09_buck_diode/03_pe_claw_baseline/PMP30446/frozen_results/40khz/session/artifacts/magnetics/pareto_front.png,94911,84eb895c9efa986ace7d5066d067fd472d8b2147fa01e212af1e6e767149fa78,.png
topology_design_comparisons/09_buck_diode/03_pe_claw_baseline/PMP30446/frozen_results/40khz/session/artifacts/magnetics/screened_candidates.csv,82120,8e160127484e930494899bcc052c6c18f2de776dab4492602759f29a0d00a399,.csv
topology_design_comparisons/09_buck_diode/03_pe_claw_baseline/PMP30446/frozen_results/40khz/session/artifacts/magnetics/stack_count_comparison.csv,1638,b9feda5e29dcae0dee431f9fafd53e74b52793754bca9cc940c930a9d4e1e76e,.csv
topology_design_comparisons/09_buck_diode/03_pe_claw_baseline/PMP30446/frozen_results/40khz/session/artifacts/plugin_acceptance_review.json,4118,bd89f87a3c2778c73de7287b322347752a16c1c1f4a0cad35a17a849defc6d9c,.json
topology_design_comparisons/09_buck_diode/03_pe_claw_baseline/PMP30446/frozen_results/40khz/session/artifacts/plugin_acceptance_review.md,901,728f31fc26366610239a59b7e1044ccf31a10b97fb56a2993feea3ec5c3ecff3,.md
topology_design_comparisons/09_buck_diode/03_pe_claw_baseline/PMP30446/frozen_results/40khz/session/artifacts/plugin_collected_artifacts_manifest.json,29336,aeb1f985d6a1899054925098067b9b91afda64d11630f1166a9a4ba26dc5a784,.json
topology_design_comparisons/09_buck_diode/03_pe_claw_baseline/PMP30446/frozen_results/40khz/session/artifacts/plugin_output_layout_manifest.json,108470,0fbb67cd8c6f6ebc91ef9de841363f98267a283ef8866d3f973bbd81accaa8c4,.json
topology_design_comparisons/09_buck_diode/03_pe_claw_baseline/PMP30446/frozen_results/40khz/session/artifacts/thermal/thermal_summary.csv,2780,5a456d69ae563dbf6b41e8a438ef2a98e61189d08446eabc04e4702b93711817,.csv
topology_design_comparisons/09_buck_diode/03_pe_claw_baseline/PMP30446/frozen_results/40khz/session/audit_log.jsonl,2752,e3c69d7ec5aed00071384b93ed07498fd441a67bb34c3b6d9b0f5d7140d2be25,.jsonl
topology_design_comparisons/09_buck_diode/03_pe_claw_baseline/PMP30446/frozen_results/40khz/session/checkpoints/task_state.json,246545,d317661dedef6f2aba98870f8f7664ce44a6afb4b6223f61bf4026000a66e943,.json
topology_design_comparisons/09_buck_diode/03_pe_claw_baseline/PMP30446/frozen_results/40khz/session/design_manifest.json,68867,6c67fac54f1e30ca01d3f314bfe88cd01db3b1e01f57866bad353e3001935d19,.json
topology_design_comparisons/09_buck_diode/03_pe_claw_baseline/PMP30446/frozen_results/40khz/session/reports/design_report_audit.json,27065,b773c598524061dfc38c6e8b5f9fa9058369c7a16f721101cc256cba497ae11b,.json
topology_design_comparisons/09_buck_diode/03_pe_claw_baseline/PMP30446/frozen_results/40khz/session/reports/final_report.json,64679,50ab16e888066cf56ebf8ec89150e536b4318d8caa306416fe6950c8d1b589ae,.json
topology_design_comparisons/09_buck_diode/03_pe_claw_baseline/PMP30446/frozen_results/40khz/session/reports/final_report.md,28768,866e77bec5e8376a4a70740ed953dda9b6454d8e65460e3eb3c098a8fc49c2fa,.md
topology_design_comparisons/09_buck_diode/03_pe_claw_baseline/PMP30446/frozen_results/40khz/session/reports/report_artifacts_manifest.json,3787,b3bafe0edd5710c917e28cafab1c9e3b73b6d206871f368da10c62f2c7b72409,.json
topology_design_comparisons/09_buck_diode/03_pe_claw_baseline/PMP30446/frozen_results/40khz/session/reports/summary_report.json,10347,902df68d0f82a6689abd62a484ca02628e24e0f2b8f358712d00e6f52405e39a,.json
topology_design_comparisons/09_buck_diode/03_pe_claw_baseline/PMP30446/frozen_results/40khz/session/reports/summary_report.md,4208,68e71a2b43ccc15dfd665827dc272a89630a10f884936959c9e155be1ab206ff,.md
topology_design_comparisons/09_buck_diode/03_pe_claw_baseline/PMP30446/frozen_results/40khz/session/reports/summary_report.pdf,38756,e0fd0b90e3cce8b4542f3ac4b089ee2092a89b966499796f8fa7056f8362c165,.pdf
topology_design_comparisons/09_buck_diode/03_pe_claw_baseline/PMP30446/frozen_results/40khz/session/task_graph.json,1887,86768a755dcc9efc99da25e047e66c1ba499041c9eafdd0f9defd9126cfb22de,.json
topology_design_comparisons/09_buck_diode/03_pe_claw_baseline/PMP30446/frozen_results/60khz/design_request.md,5008,17691bbdc9fd35f2080ae26c922feb52c3e11559db994cc69ed3c8177f3a147f,.md
topology_design_comparisons/09_buck_diode/03_pe_claw_baseline/PMP30446/frozen_results/60khz/run_manifest.md,537,b1a41f8d0849e0a3f177b637abe04dbeaf7f3c751b30ae9f0e3b8bfeff708b3f,.md
topology_design_comparisons/09_buck_diode/03_pe_claw_baseline/PMP30446/frozen_results/60khz/runner_evidence.json,827838,ae5200c3e2ed01f495272842057fe282c65f49e7fb8d49f650e51c4f4d3ec058,.json
topology_design_comparisons/09_buck_diode/03_pe_claw_baseline/PMP30446/frozen_results/60khz/session/artifacts/capacitors/input_capacitor_pareto_front.csv,30681,4c84834561b9b5e88c3761a984bfd375d55d63560e4d6748f390e7b5bda3a6c8,.csv
topology_design_comparisons/09_buck_diode/03_pe_claw_baseline/PMP30446/frozen_results/60khz/session/artifacts/capacitors/input_capacitor_pareto_front.png,50584,3bb7bcbb9324293478d8aced719f0134618f871e535b5108c126cc9cf76e4405,.png
topology_design_comparisons/09_buck_diode/03_pe_claw_baseline/PMP30446/frozen_results/60khz/session/artifacts/capacitors/output_capacitor_pareto_front.csv,27765,2126aae68a7d3ff7593c377ca36b40d840861bd712d606e2ac9dfb92c6126ad3,.csv
topology_design_comparisons/09_buck_diode/03_pe_claw_baseline/PMP30446/frozen_results/60khz/session/artifacts/capacitors/output_capacitor_pareto_front.png,46512,6b207359393c00f02ff3f208c80c367025e23835bab1f59e1bf0f4207207992f,.png
topology_design_comparisons/09_buck_diode/03_pe_claw_baseline/PMP30446/frozen_results/60khz/session/artifacts/efficiency/efficiency_curve.png,25578,c056ee8c26ee81ff0ca3b2783eda1a1a3f059540f9870e674092f18647b6d6c3,.png
topology_design_comparisons/09_buck_diode/03_pe_claw_baseline/PMP30446/frozen_results/60khz/session/artifacts/efficiency/loss_breakdown_stacked.png,17390,51d6b6671f3154e11915ca332e8185045b34b59a758e6caedd0a5eb93e9b163e,.png
topology_design_comparisons/09_buck_diode/03_pe_claw_baseline/PMP30446/frozen_results/60khz/session/artifacts/geometry/geometry_min_loss.png,75219,18dde59d32a922393a61c3d36743a6606589c9012feeffcc08e233da94f0908a,.png
topology_design_comparisons/09_buck_diode/03_pe_claw_baseline/PMP30446/frozen_results/60khz/session/artifacts/geometry/geometry_min_loss.svg,86318,fbb7b5ddd76b157e0caa319664375e5e3358518ae260fb25e9d00d0de24d2d89,.svg
topology_design_comparisons/09_buck_diode/03_pe_claw_baseline/PMP30446/frozen_results/60khz/session/artifacts/geometry/geometry_min_loss_3d.png,81371,0acb9de95c74f05371e92ac234a11a8291db4d426a9cdb3836dc0caa94a4d6be,.png
topology_design_comparisons/09_buck_diode/03_pe_claw_baseline/PMP30446/frozen_results/60khz/session/artifacts/geometry/geometry_min_loss_3d.svg,87208,a808031690d6dcef6def943e336a603b5529d85f7b155f8698363423f6e7de6c,.svg
topology_design_comparisons/09_buck_diode/03_pe_claw_baseline/PMP30446/frozen_results/60khz/session/artifacts/geometry/geometry_min_volume.png,63474,f1ebd5b0102d114ee5ab4d9f3da01fcad9b1a6841da2eedc77ea3760d28c3975,.png
topology_design_comparisons/09_buck_diode/03_pe_claw_baseline/PMP30446/frozen_results/60khz/session/artifacts/geometry/geometry_min_volume.svg,81466,f95cc47cf5a25e816f3c0851c9349c25a12a989eb1423b381c376ed63502796d,.svg
topology_design_comparisons/09_buck_diode/03_pe_claw_baseline/PMP30446/frozen_results/60khz/session/artifacts/geometry/geometry_min_volume_3d.png,77969,60664837f98e4effacfa23b3e8e9c6f43765b011dfef88560538b7033d07c8f4,.png
topology_design_comparisons/09_buck_diode/03_pe_claw_baseline/PMP30446/frozen_results/60khz/session/artifacts/geometry/geometry_min_volume_3d.svg,60893,76256f9e181f3a2d51793b7d8209fe05206046965a69832c3d774a508f35f790,.svg
topology_design_comparisons/09_buck_diode/03_pe_claw_baseline/PMP30446/frozen_results/60khz/session/artifacts/geometry/geometry_recommended.png,63018,07c39c36ecc3f7c6e40efbd9c2f0c7496eaa5496ff902810998f0f51288ee976,.png
topology_design_comparisons/09_buck_diode/03_pe_claw_baseline/PMP30446/frozen_results/60khz/session/artifacts/geometry/geometry_recommended.svg,80566,b5ff8763eccad9940563768dcab88c84bb281075014a96f61b6eb5c353ab4161,.svg
topology_design_comparisons/09_buck_diode/03_pe_claw_baseline/PMP30446/frozen_results/60khz/session/artifacts/geometry/geometry_recommended_3d.png,75636,7faad3cf734090d382687964febc2d9b171f62fea91fa8361d1023cb3971bf2f,.png
topology_design_comparisons/09_buck_diode/03_pe_claw_baseline/PMP30446/frozen_results/60khz/session/artifacts/geometry/geometry_recommended_3d.svg,58710,7c683aab1074a8da90109b1b168ad7e1845beaf63822173b1a27c0cc17a6c505,.svg
topology_design_comparisons/09_buck_diode/03_pe_claw_baseline/PMP30446/frozen_results/60khz/session/artifacts/geometry/geometry_selected.png,63018,07c39c36ecc3f7c6e40efbd9c2f0c7496eaa5496ff902810998f0f51288ee976,.png
topology_design_comparisons/09_buck_diode/03_pe_claw_baseline/PMP30446/frozen_results/60khz/session/artifacts/geometry/geometry_selected.svg,80566,b5ff8763eccad9940563768dcab88c84bb281075014a96f61b6eb5c353ab4161,.svg
topology_design_comparisons/09_buck_diode/03_pe_claw_baseline/PMP30446/frozen_results/60khz/session/artifacts/geometry/geometry_selected_3d.png,75636,7faad3cf734090d382687964febc2d9b171f62fea91fa8361d1023cb3971bf2f,.png
topology_design_comparisons/09_buck_diode/03_pe_claw_baseline/PMP30446/frozen_results/60khz/session/artifacts/geometry/geometry_selected_3d.svg,58710,7c683aab1074a8da90109b1b168ad7e1845beaf63822173b1a27c0cc17a6c505,.svg
topology_design_comparisons/09_buck_diode/03_pe_claw_baseline/PMP30446/frozen_results/60khz/session/artifacts/geometry/input_geometry_min_loss.png,20950,e51460f0e7e1a1fa7762cbb2ba84e7a69808fbb9bb6449fe71dcd91d20abac61,.png
topology_design_comparisons/09_buck_diode/03_pe_claw_baseline/PMP30446/frozen_results/60khz/session/artifacts/geometry/input_geometry_min_loss_3d.png,40470,91c0de6fef0e6598002544ff9fb05039c630a0143d2ac23426f9058bee8e764f,.png
topology_design_comparisons/09_buck_diode/03_pe_claw_baseline/PMP30446/frozen_results/60khz/session/artifacts/geometry/input_geometry_min_volume.png,17363,44cad50d7274885feae879296fea9bc66fdc0e3fc81ece13eb14943d4cc7781b,.png
topology_design_comparisons/09_buck_diode/03_pe_claw_baseline/PMP30446/frozen_results/60khz/session/artifacts/geometry/input_geometry_min_volume_3d.png,33563,578d5912643a61da08b324167f34fbe9ea67bea233f7627d6c46f00d32698909,.png
topology_design_comparisons/09_buck_diode/03_pe_claw_baseline/PMP30446/frozen_results/60khz/session/artifacts/geometry/input_geometry_recommended.png,17363,44cad50d7274885feae879296fea9bc66fdc0e3fc81ece13eb14943d4cc7781b,.png
topology_design_comparisons/09_buck_diode/03_pe_claw_baseline/PMP30446/frozen_results/60khz/session/artifacts/geometry/input_geometry_recommended_3d.png,33563,578d5912643a61da08b324167f34fbe9ea67bea233f7627d6c46f00d32698909,.png
topology_design_comparisons/09_buck_diode/03_pe_claw_baseline/PMP30446/frozen_results/60khz/session/artifacts/geometry/output_geometry_min_loss.png,20950,e51460f0e7e1a1fa7762cbb2ba84e7a69808fbb9bb6449fe71dcd91d20abac61,.png
topology_design_comparisons/09_buck_diode/03_pe_claw_baseline/PMP30446/frozen_results/60khz/session/artifacts/geometry/output_geometry_min_loss_3d.png,40470,91c0de6fef0e6598002544ff9fb05039c630a0143d2ac23426f9058bee8e764f,.png
topology_design_comparisons/09_buck_diode/03_pe_claw_baseline/PMP30446/frozen_results/60khz/session/artifacts/geometry/output_geometry_min_volume.png,16816,24ed0d93c83700415849573abd099539c3dd34d0632d87996eb467abb230408a,.png
topology_design_comparisons/09_buck_diode/03_pe_claw_baseline/PMP30446/frozen_results/60khz/session/artifacts/geometry/output_geometry_min_volume_3d.png,33332,714dadde86c395789801fdd477f2c2c5703c2fc1d9b7d6dbd4b0ec7c360bc810,.png
topology_design_comparisons/09_buck_diode/03_pe_claw_baseline/PMP30446/frozen_results/60khz/session/artifacts/geometry/output_geometry_recommended.png,16816,24ed0d93c83700415849573abd099539c3dd34d0632d87996eb467abb230408a,.png
topology_design_comparisons/09_buck_diode/03_pe_claw_baseline/PMP30446/frozen_results/60khz/session/artifacts/geometry/output_geometry_recommended_3d.png,33332,714dadde86c395789801fdd477f2c2c5703c2fc1d9b7d6dbd4b0ec7c360bc810,.png
topology_design_comparisons/09_buck_diode/03_pe_claw_baseline/PMP30446/frozen_results/60khz/session/artifacts/magnetics/chosen_designs.csv,2347,3b860183852396b68d3ce313543eec8dc1fcd163696f94949cbfc3d24c707c8b,.csv
topology_design_comparisons/09_buck_diode/03_pe_claw_baseline/PMP30446/frozen_results/60khz/session/artifacts/magnetics/compressed_candidates.csv,32878,c04a227c7b4ff49ff7076a70d394d0f963810445c2c1e34d2d6a1bb1394f81de,.csv
topology_design_comparisons/09_buck_diode/03_pe_claw_baseline/PMP30446/frozen_results/60khz/session/artifacts/magnetics/pareto_front.csv,10045,315faf4cba13aeabe7aab11e1d676fcced6acd3002e50fe9408cb1d019ab590e,.csv
topology_design_comparisons/09_buck_diode/03_pe_claw_baseline/PMP30446/frozen_results/60khz/session/artifacts/magnetics/pareto_front.png,90261,9db06c4f9ee69cbafb5871df1286b10236446462970d5a0177e9361df33436d7,.png
topology_design_comparisons/09_buck_diode/03_pe_claw_baseline/PMP30446/frozen_results/60khz/session/artifacts/magnetics/screened_candidates.csv,39088,81ff3b87e72a1a2f56d71a0681623b3721aeb16509c71e17024792356f137802,.csv
topology_design_comparisons/09_buck_diode/03_pe_claw_baseline/PMP30446/frozen_results/60khz/session/artifacts/magnetics/stack_count_comparison.csv,1573,c25514a826baea6bd65a8b8c39bc4ef20190572c1c23652110abaf01fa506253,.csv
topology_design_comparisons/09_buck_diode/03_pe_claw_baseline/PMP30446/frozen_results/60khz/session/artifacts/plugin_acceptance_review.json,3969,6e5a5c6db1a3b41fa73c2daa6083003d0d58ec66e50ebfdd536538f387e0a31d,.json
topology_design_comparisons/09_buck_diode/03_pe_claw_baseline/PMP30446/frozen_results/60khz/session/artifacts/plugin_acceptance_review.md,797,a26a8bd2d7d7c313a90f37f17c3152762c46d732a087242739c49d362f2c07a3,.md
topology_design_comparisons/09_buck_diode/03_pe_claw_baseline/PMP30446/frozen_results/60khz/session/artifacts/plugin_collected_artifacts_manifest.json,29337,d9e90cb933d2e65a7a3a4f4bfff9f8cd6c01c69909cdd12dbacf3e216bfd8ad1,.json
topology_design_comparisons/09_buck_diode/03_pe_claw_baseline/PMP30446/frozen_results/60khz/session/artifacts/plugin_output_layout_manifest.json,109191,9cd8a298362f1872d64c3095b6be5af8eaaa8b32029f89db237761672d01b5c0,.json
topology_design_comparisons/09_buck_diode/03_pe_claw_baseline/PMP30446/frozen_results/60khz/session/artifacts/thermal/thermal_summary.csv,2446,a7cdc5675c42252b8ba734c1f2586999326effff540a8f69bb913c96b97be730,.csv
topology_design_comparisons/09_buck_diode/03_pe_claw_baseline/PMP30446/frozen_results/60khz/session/audit_log.jsonl,2752,85581c24550485813c452289af94d1a8db80ef63da318c4c9811b867a281c147,.jsonl
topology_design_comparisons/09_buck_diode/03_pe_claw_baseline/PMP30446/frozen_results/60khz/session/checkpoints/task_state.json,246228,e1fdbff7a286dedcf7c4d9b2b7707b928266d71c68f6b919853af89daa6ae8d2,.json
topology_design_comparisons/09_buck_diode/03_pe_claw_baseline/PMP30446/frozen_results/60khz/session/design_manifest.json,68747,592383252a5ad16396473a638460187f193ec222e13e57c57d0d40142210e8f4,.json
topology_design_comparisons/09_buck_diode/03_pe_claw_baseline/PMP30446/frozen_results/60khz/session/reports/design_report_audit.json,27058,747058ee961dc16f238fef57c28ef81553c21213e165317559575debeae2dcf2,.json
topology_design_comparisons/09_buck_diode/03_pe_claw_baseline/PMP30446/frozen_results/60khz/session/reports/final_report.json,64576,169a777bc087facdc95106c61ab8781d59172256cebb079a455deba47689d3c8,.json
topology_design_comparisons/09_buck_diode/03_pe_claw_baseline/PMP30446/frozen_results/60khz/session/reports/final_report.md,28665,35d4659ca91370480e1b59ed4e17a2988e8451be13d7a3232820e1dd77b83538,.md
topology_design_comparisons/09_buck_diode/03_pe_claw_baseline/PMP30446/frozen_results/60khz/session/reports/report_artifacts_manifest.json,3787,7147090d431efdfa636ead76eb57bd845275ab5d170e1105a25b8efb73a7935e,.json
topology_design_comparisons/09_buck_diode/03_pe_claw_baseline/PMP30446/frozen_results/60khz/session/reports/summary_report.json,10312,7236ea84a29d7315cd9191267a7ffe88f26719fe3f6ab03edad71ea9b839b0f9,.json
topology_design_comparisons/09_buck_diode/03_pe_claw_baseline/PMP30446/frozen_results/60khz/session/reports/summary_report.md,4173,9912612df468e3e53cd8254d1d0e8531517b499265df8953a9ef88e569c6a8f7,.md
topology_design_comparisons/09_buck_diode/03_pe_claw_baseline/PMP30446/frozen_results/60khz/session/reports/summary_report.pdf,38918,519bb3dc74e6af664c4a15e56677ccc184ec408029362241d8b8bef6509c3cee,.pdf
topology_design_comparisons/09_buck_diode/03_pe_claw_baseline/PMP30446/frozen_results/60khz/session/task_graph.json,1887,19737d961e4b74708cf807dc028b4a08efad07309a30457d931926f946778c23,.json
topology_design_comparisons/09_buck_diode/03_pe_claw_baseline/PMP30446/frozen_results/80khz/design_request.md,5008,61078d1012008306198ea74ba90bd8ff9a1b76525314c73e64a61349b4b95192,.md
topology_design_comparisons/09_buck_diode/03_pe_claw_baseline/PMP30446/frozen_results/80khz/run_manifest.md,537,f4a1c11e0a9441190d57d5b9cd99c59de48907934e0144c16a434634b69f7bdb,.md
topology_design_comparisons/09_buck_diode/03_pe_claw_baseline/PMP30446/frozen_results/80khz/runner_evidence.json,829320,477b0efca96659f7ebe0d089033e83539930f48cb5fcd150ba05dbf319aa36d7,.json
topology_design_comparisons/09_buck_diode/03_pe_claw_baseline/PMP30446/frozen_results/80khz/session/artifacts/capacitors/input_capacitor_pareto_front.csv,28339,b668b635d9d020305c858c402c9df1daa0fdbf96df2397cbc3e077d696a7e211,.csv
topology_design_comparisons/09_buck_diode/03_pe_claw_baseline/PMP30446/frozen_results/80khz/session/artifacts/capacitors/input_capacitor_pareto_front.png,49520,72fe2f7ca953af8824fb59e7c92e324fee6c42813f9b8dab01d9e9e9115779bf,.png
topology_design_comparisons/09_buck_diode/03_pe_claw_baseline/PMP30446/frozen_results/80khz/session/artifacts/capacitors/output_capacitor_pareto_front.csv,27027,6928b76e5d6cda275a85540aa8e18b6940ab3d3e414f11eeff354b18b5adc34a,.csv
topology_design_comparisons/09_buck_diode/03_pe_claw_baseline/PMP30446/frozen_results/80khz/session/artifacts/capacitors/output_capacitor_pareto_front.png,46493,7d0f44c40536b8a46cb0c5a2b756963189f8e5994cff52e61f558a667121dac6,.png
topology_design_comparisons/09_buck_diode/03_pe_claw_baseline/PMP30446/frozen_results/80khz/session/artifacts/efficiency/efficiency_curve.png,28330,f70773e94c0f5fa1adff4dd3b7b9fea4756cfb25149925c6c9fcf54b3a2f01c2,.png
topology_design_comparisons/09_buck_diode/03_pe_claw_baseline/PMP30446/frozen_results/80khz/session/artifacts/efficiency/loss_breakdown_stacked.png,18179,b12dc1838021d79411006eb94a0ac556ca343ace34b8d3bd0303531325b1c53d,.png
topology_design_comparisons/09_buck_diode/03_pe_claw_baseline/PMP30446/frozen_results/80khz/session/artifacts/geometry/geometry_min_loss.png,76966,0f59020d48e0fdf2a47c67a3b8b1c9c8c7d388799f3636e430ed5de124a32aea,.png
topology_design_comparisons/09_buck_diode/03_pe_claw_baseline/PMP30446/frozen_results/80khz/session/artifacts/geometry/geometry_min_loss.svg,88240,7ba57106893aae2bec80e1bc4d675d0a907974bca4525aaa7d0515ea226982d6,.svg
topology_design_comparisons/09_buck_diode/03_pe_claw_baseline/PMP30446/frozen_results/80khz/session/artifacts/geometry/geometry_min_loss_3d.png,83175,694c6e5e28749592e17b1976465f7bacacbdc7afef66b6ffd0e987c351b39f0f,.png
topology_design_comparisons/09_buck_diode/03_pe_claw_baseline/PMP30446/frozen_results/80khz/session/artifacts/geometry/geometry_min_loss_3d.svg,88502,fc19e9849ea959e0c4f21220f7ab244b53a83cc2862c1c863e66a1caf0309f76,.svg
topology_design_comparisons/09_buck_diode/03_pe_claw_baseline/PMP30446/frozen_results/80khz/session/artifacts/geometry/geometry_min_volume.png,64781,2be83e887cefdb49d1d780761d927c2d8f4cfeb1ddbbbfcfe7b620f8cf8b86d5,.png
topology_design_comparisons/09_buck_diode/03_pe_claw_baseline/PMP30446/frozen_results/80khz/session/artifacts/geometry/geometry_min_volume.svg,82183,6e056fb313097d04611042e164b6dc9982341910ef527285ab0cffed185b1247,.svg
topology_design_comparisons/09_buck_diode/03_pe_claw_baseline/PMP30446/frozen_results/80khz/session/artifacts/geometry/geometry_min_volume_3d.png,78569,570b5413fe98fe354e51a66c21bae7a63c0bc44a618b372b0e3d6d43f81cca8f,.png
topology_design_comparisons/09_buck_diode/03_pe_claw_baseline/PMP30446/frozen_results/80khz/session/artifacts/geometry/geometry_min_volume_3d.svg,61213,491378fcdb9df84d2f737ceb730597d7057b1f38d6d0d67d88ef9316a94b34a4,.svg
topology_design_comparisons/09_buck_diode/03_pe_claw_baseline/PMP30446/frozen_results/80khz/session/artifacts/geometry/geometry_recommended.png,76266,4042e8e82a431e0bb45a5ad87b7ee79ba9f85ba17529a734f136bfc3fd2ef661,.png
topology_design_comparisons/09_buck_diode/03_pe_claw_baseline/PMP30446/frozen_results/80khz/session/artifacts/geometry/geometry_recommended.svg,87225,d63c117a9aa05ca1a212b59889da998884efbd89bcaf6d18739d0a252a8a634f,.svg
topology_design_comparisons/09_buck_diode/03_pe_claw_baseline/PMP30446/frozen_results/80khz/session/artifacts/geometry/geometry_recommended_3d.png,82946,9f9463f4a235b01ced5acd3c35acdda03db85002ee1eeda43f639164d5adc40a,.png
topology_design_comparisons/09_buck_diode/03_pe_claw_baseline/PMP30446/frozen_results/80khz/session/artifacts/geometry/geometry_recommended_3d.svg,75458,0796e632450e2a4325aa34f8bb54283d8037a57d11399b261edb701b3164d58a,.svg
topology_design_comparisons/09_buck_diode/03_pe_claw_baseline/PMP30446/frozen_results/80khz/session/artifacts/geometry/geometry_selected.png,76266,4042e8e82a431e0bb45a5ad87b7ee79ba9f85ba17529a734f136bfc3fd2ef661,.png
topology_design_comparisons/09_buck_diode/03_pe_claw_baseline/PMP30446/frozen_results/80khz/session/artifacts/geometry/geometry_selected.svg,87225,d63c117a9aa05ca1a212b59889da998884efbd89bcaf6d18739d0a252a8a634f,.svg
topology_design_comparisons/09_buck_diode/03_pe_claw_baseline/PMP30446/frozen_results/80khz/session/artifacts/geometry/geometry_selected_3d.png,82946,9f9463f4a235b01ced5acd3c35acdda03db85002ee1eeda43f639164d5adc40a,.png
topology_design_comparisons/09_buck_diode/03_pe_claw_baseline/PMP30446/frozen_results/80khz/session/artifacts/geometry/geometry_selected_3d.svg,75458,0796e632450e2a4325aa34f8bb54283d8037a57d11399b261edb701b3164d58a,.svg
topology_design_comparisons/09_buck_diode/03_pe_claw_baseline/PMP30446/frozen_results/80khz/session/artifacts/geometry/input_geometry_min_loss.png,20950,e51460f0e7e1a1fa7762cbb2ba84e7a69808fbb9bb6449fe71dcd91d20abac61,.png
topology_design_comparisons/09_buck_diode/03_pe_claw_baseline/PMP30446/frozen_results/80khz/session/artifacts/geometry/input_geometry_min_loss_3d.png,40470,91c0de6fef0e6598002544ff9fb05039c630a0143d2ac23426f9058bee8e764f,.png
topology_design_comparisons/09_buck_diode/03_pe_claw_baseline/PMP30446/frozen_results/80khz/session/artifacts/geometry/input_geometry_min_volume.png,17363,44cad50d7274885feae879296fea9bc66fdc0e3fc81ece13eb14943d4cc7781b,.png
topology_design_comparisons/09_buck_diode/03_pe_claw_baseline/PMP30446/frozen_results/80khz/session/artifacts/geometry/input_geometry_min_volume_3d.png,33563,578d5912643a61da08b324167f34fbe9ea67bea233f7627d6c46f00d32698909,.png
topology_design_comparisons/09_buck_diode/03_pe_claw_baseline/PMP30446/frozen_results/80khz/session/artifacts/geometry/input_geometry_recommended.png,17363,44cad50d7274885feae879296fea9bc66fdc0e3fc81ece13eb14943d4cc7781b,.png
topology_design_comparisons/09_buck_diode/03_pe_claw_baseline/PMP30446/frozen_results/80khz/session/artifacts/geometry/input_geometry_recommended_3d.png,33563,578d5912643a61da08b324167f34fbe9ea67bea233f7627d6c46f00d32698909,.png
topology_design_comparisons/09_buck_diode/03_pe_claw_baseline/PMP30446/frozen_results/80khz/session/artifacts/geometry/output_geometry_min_loss.png,20950,e51460f0e7e1a1fa7762cbb2ba84e7a69808fbb9bb6449fe71dcd91d20abac61,.png
topology_design_comparisons/09_buck_diode/03_pe_claw_baseline/PMP30446/frozen_results/80khz/session/artifacts/geometry/output_geometry_min_loss_3d.png,40470,91c0de6fef0e6598002544ff9fb05039c630a0143d2ac23426f9058bee8e764f,.png
topology_design_comparisons/09_buck_diode/03_pe_claw_baseline/PMP30446/frozen_results/80khz/session/artifacts/geometry/output_geometry_min_volume.png,17061,9b681181b6e28bd5ee214354be77144be44c4e8e142dfa3345854a940dac7262,.png
topology_design_comparisons/09_buck_diode/03_pe_claw_baseline/PMP30446/frozen_results/80khz/session/artifacts/geometry/output_geometry_min_volume_3d.png,33447,97d128b4c49f32b7bc0a71d530bfc39b569210d582580fabca19f56ef33a1a18,.png
topology_design_comparisons/09_buck_diode/03_pe_claw_baseline/PMP30446/frozen_results/80khz/session/artifacts/geometry/output_geometry_recommended.png,17061,9b681181b6e28bd5ee214354be77144be44c4e8e142dfa3345854a940dac7262,.png
topology_design_comparisons/09_buck_diode/03_pe_claw_baseline/PMP30446/frozen_results/80khz/session/artifacts/geometry/output_geometry_recommended_3d.png,33447,97d128b4c49f32b7bc0a71d530bfc39b569210d582580fabca19f56ef33a1a18,.png
topology_design_comparisons/09_buck_diode/03_pe_claw_baseline/PMP30446/frozen_results/80khz/session/artifacts/magnetics/chosen_designs.csv,2514,da3deb780a56abab26b4867cbae2a7853aaf4bc7a92fd9f9058d19e64b6f5d1c,.csv
topology_design_comparisons/09_buck_diode/03_pe_claw_baseline/PMP30446/frozen_results/80khz/session/artifacts/magnetics/compressed_candidates.csv,14599,cc8e924688106c81b75d8f05ee06c7ebb139ff6ebaad339d445b6bebc12cf28f,.csv
topology_design_comparisons/09_buck_diode/03_pe_claw_baseline/PMP30446/frozen_results/80khz/session/artifacts/magnetics/pareto_front.csv,2954,d9a9de7472804e08548581eefd411d529f9a5a71aba9ef326780a8a2ef810b04,.csv
topology_design_comparisons/09_buck_diode/03_pe_claw_baseline/PMP30446/frozen_results/80khz/session/artifacts/magnetics/pareto_front.png,86390,556e8a62b554fdb022e9c404e9ed689e6e55e3aefa20c868a53fba72cc81cdad,.png
topology_design_comparisons/09_buck_diode/03_pe_claw_baseline/PMP30446/frozen_results/80khz/session/artifacts/magnetics/screened_candidates.csv,22745,90fd941d889cb0468b362a92a5b0b992b99206985ebc65289627ebaab7b535ad,.csv
topology_design_comparisons/09_buck_diode/03_pe_claw_baseline/PMP30446/frozen_results/80khz/session/artifacts/magnetics/stack_count_comparison.csv,1645,0365dfefe13c09ea10a4faec915507758218f6617d17c6eb038662c430f243ef,.csv
topology_design_comparisons/09_buck_diode/03_pe_claw_baseline/PMP30446/frozen_results/80khz/session/artifacts/plugin_acceptance_review.json,3973,29eb6b378b99a90209ddb3bd612201a01a5392fd7ec0e20ae0c5adf127747625,.json
topology_design_comparisons/09_buck_diode/03_pe_claw_baseline/PMP30446/frozen_results/80khz/session/artifacts/plugin_acceptance_review.md,797,8588b3f6463e374a360c8ecfa05a546d178bdc359fa3ab325bbc0eb0b9bd00ae,.md
topology_design_comparisons/09_buck_diode/03_pe_claw_baseline/PMP30446/frozen_results/80khz/session/artifacts/plugin_collected_artifacts_manifest.json,29335,aa4186df52c4c4c9cb08a1a927bb6deb5b69569a9ae62d30be701890f9481bf3,.json
topology_design_comparisons/09_buck_diode/03_pe_claw_baseline/PMP30446/frozen_results/80khz/session/artifacts/plugin_output_layout_manifest.json,109912,b2b238bd8ab6d539f738426eff84ffd55298caa206c2cce59c3f9f95433eb121,.json
topology_design_comparisons/09_buck_diode/03_pe_claw_baseline/PMP30446/frozen_results/80khz/session/artifacts/thermal/thermal_summary.csv,2189,a0aa8c096158ac5b5e1023e95fc9eb6b5481a9d35b7a283062f92bcc20148e1f,.csv
topology_design_comparisons/09_buck_diode/03_pe_claw_baseline/PMP30446/frozen_results/80khz/session/audit_log.jsonl,2752,ba3382bacae5fd8417c2ed80c98583a327b7e7b74d07d4e160ab6aa2dd02bb00,.jsonl
topology_design_comparisons/09_buck_diode/03_pe_claw_baseline/PMP30446/frozen_results/80khz/session/checkpoints/task_state.json,246697,6cda9156a13406b84f1e0df73b19396d7dd0f3f9edd1ca9e9df94d06c744b3d5,.json
topology_design_comparisons/09_buck_diode/03_pe_claw_baseline/PMP30446/frozen_results/80khz/session/design_manifest.json,68931,47134a3f21fb3f196d1f75d17cd85d335d3891b0d9a5e5a6d87893524cf80465,.json
topology_design_comparisons/09_buck_diode/03_pe_claw_baseline/PMP30446/frozen_results/80khz/session/reports/design_report_audit.json,27063,7e85b1e6f5372d559f341ce53e902d496c493f80f11ff0457443e22dde3702f7,.json
topology_design_comparisons/09_buck_diode/03_pe_claw_baseline/PMP30446/frozen_results/80khz/session/reports/final_report.json,64746,686862e784e0869ce50ad7d80c0ecf89c6ee7e6942bef396a8ebf72fb122f6d2,.json
topology_design_comparisons/09_buck_diode/03_pe_claw_baseline/PMP30446/frozen_results/80khz/session/reports/final_report.md,28835,01ace7baf4260722bd65e14143de755c9483403da7b8c5a206bfaa85a812fb20,.md
topology_design_comparisons/09_buck_diode/03_pe_claw_baseline/PMP30446/frozen_results/80khz/session/reports/report_artifacts_manifest.json,3787,c1c8667ccf7fbe34c438972e3f65c2bd0cd263e904a1a514366f41d6ee45bdd0,.json
topology_design_comparisons/09_buck_diode/03_pe_claw_baseline/PMP30446/frozen_results/80khz/session/reports/summary_report.json,10360,26f03777d9da7fbf3b5c0c9346c0edc66092efb4704abfa00996120721c594e9,.json
topology_design_comparisons/09_buck_diode/03_pe_claw_baseline/PMP30446/frozen_results/80khz/session/reports/summary_report.md,4221,e90c0134dcef9197684c6237acd821aa3395a47fe234841395ad94b74172ca93,.md
topology_design_comparisons/09_buck_diode/03_pe_claw_baseline/PMP30446/frozen_results/80khz/session/reports/summary_report.pdf,38782,7e65f4f718ba120fb0a140b04724b61b5d6a905c62526b1564a59b29f76660f9,.pdf
topology_design_comparisons/09_buck_diode/03_pe_claw_baseline/PMP30446/frozen_results/80khz/session/task_graph.json,1887,0cd696d17dddce0976a64a0ec70be602b1db93c7be1f4fc4cac750fa58a2f852,.json
topology_design_comparisons/09_buck_diode/03_pe_claw_baseline/PMP30446/frozen_results/README.md,1787,b61adb81affd747f3acbbd38396ddb2ee068292792ec063113460b7b0544a938,.md
topology_design_comparisons/09_buck_diode/03_pe_claw_baseline/PMP30446/parameter_mapping.md,2850,1e4a1f03c14f4d79a3d0ba1c4f066e3a5ef6f1e1249fb12cc7d8c632695e8dce,.md
topology_design_comparisons/09_buck_diode/03_pe_claw_baseline/PMP30446/run_100khz_discrete.json,829772,d395b112f98d3c08dee119dedfd21b2ddb54bf2680e70d7c95671c7078dedc14,.json
topology_design_comparisons/09_buck_diode/03_pe_claw_baseline/PMP30446/run_20khz_discrete.json,722941,fc9f78a827b01fda5da0bf2fce5389095a2c32566726e6ded0af0668df9b797d,.json
topology_design_comparisons/09_buck_diode/03_pe_claw_baseline/PMP30446/run_40khz_discrete.json,827584,f6498616832acd71bd0b4eaf6579de6c49d2a1a70483517afd9eb62047ab7591,.json
topology_design_comparisons/09_buck_diode/03_pe_claw_baseline/PMP30446/run_60khz_discrete.json,827838,ae5200c3e2ed01f495272842057fe282c65f49e7fb8d49f650e51c4f4d3ec058,.json
topology_design_comparisons/09_buck_diode/03_pe_claw_baseline/PMP30446/run_80khz_discrete.json,829320,477b0efca96659f7ebe0d089033e83539930f48cb5fcd150ba05dbf319aa36d7,.json
topology_design_comparisons/09_buck_diode/03_pe_claw_baseline/PMP30446/run_manifest.md,1735,6dbf4b29f28c3f7f4f543630532aace985193bc532a346418c8171b6fec7161f,.md
topology_design_comparisons/09_buck_diode/04_comparison_results/PMP30446/key_metrics_comparison.csv,2101,690972fdd759530c9fa3e2ba5125bbefac10a4552b92f113a821a0a02fe4f2d9,.csv
topology_design_comparisons/09_buck_diode/04_comparison_results/PMP30446/key_metrics_comparison.md,3089,593cce426e08d3225e2312d9afca7a50dd58e7599d5a4ecd063fef41dac8c352,.md
topology_design_comparisons/09_buck_diode/06_conclusions/PMP30446/conclusion.md,2594,9ca5e16a937b7613aef05ac8111a8f66560e161705100c9877f9c50f74ccedbf,.md
topology_design_comparisons/09_buck_diode/README.md,556,dc19dc7ba7b5d36a9073ffb8b4a34a3834f3ce1190d46ccc5bd757ebd7b56d5e,.md
topology_design_comparisons/10_buck_synchronous/README.md,97,c10f289a122e99d66b1380a7aaa2d125f1d976dc231e138fe1dc8e9f3d76cb55,.md
topology_design_comparisons/11_buck_boost_diode/README.md,97,898132e09329d5832b14f54d1f3a71d96aea48e9b5ae147ba8d91db709a9147b,.md
topology_design_comparisons/12_four_switch_buck_boost/README.md,105,9f1aa8cdd56083a6cf8ebd470ceecbafc2cbfa20fb0017b91ac84b1b832a1355,.md
topology_design_comparisons/13_three_level_tzcm/README.md,224,9ade1aeca2093a2b0ec9248a2a2641f4ccad5e0c81318946d739ea95fe1e7fbb,.md
topology_design_comparisons/14_boost_diode/00_scope_and_mapping/CRD-60DD12N_scope.md,2745,d8145f96ef9681028833649b9ba406ea362f117adeae205444defb783bebc8e6,.md
topology_design_comparisons/14_boost_diode/01_vendor_references/CRD-60DD12N/documents/CRD-60DD12N 60KW BOOST CONTROL BOM Rev2.xlsx,18637,b32e0a4b3580160b8e923df5ce029cf3b9f22510486145cdc49d087cd8c59d47,.xlsx
topology_design_comparisons/14_boost_diode/01_vendor_references/CRD-60DD12N/documents/CRD-60DD12N 60KW BOOST POWER BOM Rev2.xlsx,20231,aa6109e61c482a0e29ca0169c120b2c3cb0fae5830c8da5968aa80e1d7895c17,.xlsx
topology_design_comparisons/14_boost_diode/01_vendor_references/CRD-60DD12N/documents/Wolfspeed_PRD-05641_SiC_Energy_Storage_Application_Note.pdf,766749,da4a7047fee1c437dcd1f27d79be1439434c0fe4875d6b312b09c9f447c2d5c1,.pdf
topology_design_comparisons/14_boost_diode/01_vendor_references/CRD-60DD12N/documents/wolfspeed_60kw_boost_marketing_brief.pdf,228215,29ceada51ac60728a9b158455d5b9540548797a06343bef0f752b0c39385e838,.pdf
topology_design_comparisons/14_boost_diode/01_vendor_references/CRD-60DD12N/source_record.md,3297,5a2d16079f342e55cb2f2f81e6c58e3ed8c403a210c91ea129ee60672cc8362b,.md
topology_design_comparisons/14_boost_diode/01_vendor_references/CRD-60DD12N/vendor_design.md,5447,b8861ef728424f77694c1dfccc9705681df0f1a3d2ee3c0be14e82c8751be3ab,.md
topology_design_comparisons/14_boost_diode/01_vendor_references/TIDA-010938/source_record.md,785,c9e3c1d058d5d9a7b3237cf422934aaee3acb51d3f5d1583d75c83ec13b87b88,.md
topology_design_comparisons/14_boost_diode/01_vendor_references/TIDA-010938/vendor_design.md,1913,f022769ece3dceced116b2bdbec263b2a2b066894e52e44f4b6937b042b0bbc6,.md
topology_design_comparisons/14_boost_diode/02_parameter_summary/TIDA-010938/normalized_parameters.csv,1303,64b67b30dfea083b8063c6c40e1333040dd82f58f99e5a7d11c3ae93b0cd401a,.csv
topology_design_comparisons/14_boost_diode/02_parameter_summary/TIDA-010938/normalized_parameters.md,1805,fabb1988ed454cdca8764c3f53c97b8d9963a2d1ba52ba6da5234a3f2260eaf7,.md
topology_design_comparisons/14_boost_diode/02_parameter_summary/normalized_parameters.csv,5885,10d2ce19ef2d81284f043d4014bd8358e8ed542a944f1d4d353b031aee34a23e,.csv
topology_design_comparisons/14_boost_diode/02_parameter_summary/normalized_parameters.md,4943,b93902b510fc385271ab5d108cdfc4b5d85ef2c0e09977620070729412f1abc5,.md
topology_design_comparisons/14_boost_diode/03_pe_claw_baseline/TIDA-010938/design_request.md,6061,f0ffae4e9149ce2a3b4f02ab293fe7f5e64f0710b062ba3199b3c39a37f1933f,.md
topology_design_comparisons/14_boost_diode/03_pe_claw_baseline/TIDA-010938/design_request_v2.md,6422,7e48910e3226630cd4a4ff387bf10d1f516bf08466f1c5f356a679997d585f9a,.md
topology_design_comparisons/14_boost_diode/03_pe_claw_baseline/design_request.md,5918,4ea1b0f2881364e834cc8822a3850dfdc8e6beb85b2f6f246b54a91d366f91ae,.md
topology_design_comparisons/14_boost_diode/03_pe_claw_baseline/design_result.md,3497,93b9680f3e995e784b1e19eb144fd6bdb22baccb3722f12450d509ba17ba177e,.md
topology_design_comparisons/14_boost_diode/03_pe_claw_baseline/low_bpk_candidates.csv,799,6b02a3aade6728033cac0d055094545fe237c023b29513187320ad295a1a0eda,.csv
topology_design_comparisons/14_boost_diode/03_pe_claw_baseline/low_bpk_magnetic_review.md,1639,f33bc20fae61255a1a5543fcc340b2a9d24554448926d5cb70b5e397bf2ce16c,.md
topology_design_comparisons/14_boost_diode/03_pe_claw_baseline/parameter_mapping.md,1950,8575f7615a4633c86ca6e491d161188764a197fbebf3458bab8b475f2bf6f0a1,.md
topology_design_comparisons/14_boost_diode/03_pe_claw_baseline/run_manifest.md,1728,18cbd0d5ce494654d67bfb9def526efebe16702bda65b19149186291f4c9eb6c,.md
topology_design_comparisons/14_boost_diode/03_pe_claw_baseline/three_input_voltage_scan.md,1676,f48cea49f9fedc07a62d517f9df16edc77633f40d695b2728b0e1c576a78bba9,.md
topology_design_comparisons/14_boost_diode/04_comparison_results/TIDA-010938/key_metrics_comparison.csv,1789,f186f2149fca005fa2923222facb52bf1072894e94f94b3242591e3ad062a7da,.csv
topology_design_comparisons/14_boost_diode/04_comparison_results/TIDA-010938/key_metrics_comparison.md,2761,de972450b97209e9270f1aff5792e74e568cf233c8ae1aeb8b90c671838ee7da,.md
topology_design_comparisons/14_boost_diode/04_comparison_results/key_metrics_comparison.csv,2030,b5265612bf16ee0abbe21181d7a1a263e8586cfd78f712e4320ef64bff5b247c,.csv
topology_design_comparisons/14_boost_diode/04_comparison_results/key_metrics_comparison.md,2408,849cc333278607fcc82d8e4406c2921a9fe5a2b93d2a9fb60d969dc40b3b69b2,.md
topology_design_comparisons/14_boost_diode/05_validation/CRD-60DD12N_validation_record.md,3511,66714609a7d983372e7025b4ba07f437854422b7439757275ee7265d686616db,.md
topology_design_comparisons/14_boost_diode/05_validation/scan_validation.md,793,355966030d4c1715de884a12dca87f955eafc13091efbf3afd13c1aeb5f41f96,.md
topology_design_comparisons/14_boost_diode/05_validation/temporary_artifact_audit.md,1153,48a37b1231b7a5792bc893d77e2bc06d767d711c3374be69137cd373237677e2,.md
topology_design_comparisons/14_boost_diode/05_validation/validation_notes.md,736,7214fa26608b55397d8c8746c1151b40a7c691d9de8c0e71e78c5e68f92b579d,.md
topology_design_comparisons/14_boost_diode/06_conclusions/CRD-60DD12N_completion.md,2125,26615e0de90748c41bad118842f04647f27a1dfae29427124d5a91bbf0109637,.md
topology_design_comparisons/14_boost_diode/06_conclusions/TIDA-010938/conclusion.md,1502,432a382fa17508653f697a53b3d0355cb2223c1ab67434120152b89ca73de07a,.md
topology_design_comparisons/14_boost_diode/06_conclusions/conclusion.md,1514,80d6cdc0ff157e42d95f4e6065f75fc5254fa35e13d7d81e1fc88426984018dc,.md
topology_design_comparisons/14_boost_diode/README.md,2567,73588ee3ea57d607ab6377978dd5c9ee1e848a07ab6ea9ec75d499a2b2028c01,.md
topology_design_comparisons/15_boost_synchronous/README.md,99,500cfd7f7da1a21dcbdcd15bd70f192306d27498d5d59f4814e0a23a6e9e9b6f,.md
topology_design_comparisons/16_llc_diode_rectifier/00_scope_and_mapping/CRD-06600DD065N_scope.md,2149,dd1082e0195dda505a5538cebd67e65d91fafb4c2b8a5abaa7bc4269b3981e79,.md
topology_design_comparisons/16_llc_diode_rectifier/01_vendor_references/CRD-06600DD065N/documents/CRD-06600DD065N_BOM.xlsx,78362,71d669260a56bc659ade6bda74c874b1fcfb91e4c9cc0cdfb3e9d71fe9830531,.xlsx
topology_design_comparisons/16_llc_diode_rectifier/01_vendor_references/CRD-06600DD065N/documents/Wolfspeed_PRD-06981_User_Guide.pdf,4254561,a836a5c5a9bc31ac322a3e64ae1a4f25e2ce78994156046a1e57ff1cd77ee9c6,.pdf
topology_design_comparisons/16_llc_diode_rectifier/01_vendor_references/CRD-06600DD065N/source_record.md,1089,025ed0548c76e4a0b1b09d4d43e222cb7927ced93b2a8ca31927a2c2ef16215c,.md
topology_design_comparisons/16_llc_diode_rectifier/01_vendor_references/CRD-06600DD065N/vendor_design.md,3280,9cd17a01e09a69f807c63ad00628945aaf3e2a16e8d182ca1ce77f7a43659e0b,.md
topology_design_comparisons/16_llc_diode_rectifier/02_parameter_summary/normalized_parameters.csv,2101,cb8515394fda6ea3418c7d204c0751257b21555adc72efd79a7f2c5eddd0e406,.csv
topology_design_comparisons/16_llc_diode_rectifier/02_parameter_summary/normalized_parameters.md,1896,0ad971d5f73cce3591dcb95f55a0b7f75a36866ea481a708637f7d3f8101fc55,.md
topology_design_comparisons/16_llc_diode_rectifier/03_pe_claw_baseline/crd_06600dd065n_auto_selection_draft.md,6994,632129f7637d93d6e6c99092226c67a9137f984b5ce203792d71731322fc02cc,.md
topology_design_comparisons/16_llc_diode_rectifier/03_pe_claw_baseline/crd_06600dd065n_wolfspeed_sic_draft.md,7049,fb564d02d879766c7f7b86eed1af83d56fd80594f3b4fa7ea53c37559663b486,.md
topology_design_comparisons/16_llc_diode_rectifier/04_comparison_results/key_metrics_comparison.csv,2091,c041c8f6bbf52c49735d3f1f483c79bf4e62f89fa02c3d7c6985057b8ab99cfe,.csv
topology_design_comparisons/16_llc_diode_rectifier/04_comparison_results/key_metrics_comparison.md,5052,5216dff1e86263a13f6f5318def9d8ba21ad29af557815ae29f9037cd4a0710a,.md
topology_design_comparisons/16_llc_diode_rectifier/04_comparison_results/rated_6p6kw_comparison.csv,1606,18321ac87bea58c42eca7df4c35cf92d0a082c547a2523fa365a7224030ea6b8,.csv
topology_design_comparisons/16_llc_diode_rectifier/04_comparison_results/rated_6p6kw_comparison.md,4213,0e9e1a44a1e565e96a02424f5e69b60761856186d8b6cab8872c752bced396be,.md
topology_design_comparisons/16_llc_diode_rectifier/05_validation_evidence/rated_6p6kw_run_validation.md,1564,c0a0216c982e8793bf492f09dc184a9d28bae6d4f9ae6c4eb2ec777dd7f5c0e6,.md
topology_design_comparisons/16_llc_diode_rectifier/05_validation_evidence/run_validation.md,2787,1e64fd66cdae00ad8837b83481aa57ba35cb8607c19cb65d3785a6cf786fd433,.md
topology_design_comparisons/16_llc_diode_rectifier/06_conclusions/conclusion.md,3559,de899c7ce129f210377872698bbb31f5e00325232fa0b27799f85be95771d812,.md
topology_design_comparisons/16_llc_diode_rectifier/README.md,741,007fcd906b84121c116e8cdd1dc40c188db176c50aef41eba099a0749a60ef8c,.md
topology_design_comparisons/17_llc_synchronous_rectifier/01_vendor_references/PMP41114/documents/TIDT436.pdf,1074862,f1776262be49d4cb6b6c01ac05ca5ee2e7272daebc09e4a52867b499eb84ffa1,.pdf
topology_design_comparisons/17_llc_synchronous_rectifier/01_vendor_references/PMP41114/source_record.md,4349,94ea6a8f176fbe7207023a586c01d4cf2a0e9c28a8ccc4e8f388012e083e4a54,.md
topology_design_comparisons/17_llc_synchronous_rectifier/01_vendor_references/PMP41114/vendor_design.md,9266,6a35e7b9f313873590ce5f6fb0865bf10c4c77e7da9b50e0ae1cddf58b43fd45,.md
topology_design_comparisons/17_llc_synchronous_rectifier/02_parameter_summary/normalized_parameters.csv,9408,f3a18f7fefc8be90a826c65c77120ea53583d30206c107efc19eadfd1a6ca7d4,.csv
topology_design_comparisons/17_llc_synchronous_rectifier/02_parameter_summary/normalized_parameters.md,9547,9a712868fcccef9ecb29800301dd38a4a8e4ba7cf70497db63adf89306349676,.md
topology_design_comparisons/17_llc_synchronous_rectifier/03_pe_claw_baseline/design_request.md,5871,8b01d07ded2de298496df5f325028ad544b094fc224b1ae97ba570b805881d75,.md
topology_design_comparisons/17_llc_synchronous_rectifier/03_pe_claw_baseline/parameter_mapping.md,3449,cbbd3373db3c05d6354eb5bcb11613556eeb96681d4362522de742f5783f804e,.md
topology_design_comparisons/17_llc_synchronous_rectifier/03_pe_claw_baseline/run_manifest.md,4918,dd52f456cb60deb7a20400f7e6331cf59c798021dd1e4e49201c5fc795b280ae,.md
topology_design_comparisons/17_llc_synchronous_rectifier/03_pe_claw_baseline/runner_result_v2.json,782748,4c589854fb18bd2f55a98116479681b746e744a400a298145b5da1e01a3d5c08,.json
topology_design_comparisons/17_llc_synchronous_rectifier/03_pe_claw_baseline/runner_result_v3.json,799837,0cc9a2ea4a23e69c9c3be282694146a9847af77ce299b0ec45841d948d76fbb8,.json
topology_design_comparisons/17_llc_synchronous_rectifier/README.md,109,c28f5c64d0691e654d73edf6d73c2b7a1a4ef858d1ccad185ef5cfd24335d617,.md
topology_design_comparisons/18_flyback_diode/README.md,95,9af8e6ec9797bea85407b6f62794761d0f27a0832d9f9b2ec0507f978d43cf5f,.md
topology_design_comparisons/19_psfb_diode/README.md,248,743a4f0347dd079c97939e73aae7a2f36ee67c992fd9e399a59609113702321f,.md
topology_design_comparisons/README.md,2107,22e3b7bb62f6b88ee6e0fd4e6ba73fa02e392bfe02c9506ae616c3e953b52212,.md
topology_design_comparisons/templates/README.md,604,5f43c71d2b293cb4e95339e60f60f5bcb7b564dad127e728020af3ca7df1a6ef,.md
topology_design_comparisons/templates/comparison_result_template.csv,118,c5ccbf1e4a25a10c9df5f1f935c0e5f20bbcc9e90c9bf44901de09565c7df6c9,.csv
topology_design_comparisons/templates/parameter_summary_template.csv,493,4ef0ad37b05e3b94a094672cc6d7ef3fe5cacd4f28bbc9d427c19896378c60e5,.csv
topology_design_comparisons/templates/scope_template.md,276,7d7a3df091d1aed4c0c5e38033df9ad657df64782bc1c2f3c5d7cfd12ca5bdc5,.md
topology_design_comparisons/templates/validation_record_template.md,523,b08b1ae4c9878c90c0c81abe2f2e3caffe28bf34f2369d3a6089743182fdbcf4,.md
topology_design_comparisons/templates/vendor_derived_design_request_standard.md,10649,238a0e8a3d2b05a0641b2981d525acdc29c113d9b84f09cf28b28f3ce3cbc1e7,.md
topology_design_comparisons/templates/vendor_source_template.md,453,214410f2a20c1847e0164345de9a19d9af5eb0e890bdfa497c8a9781c5b5db36,.md
topology_design_comparisons/topology_index.md,3002,86a1c5c3e784c3ff1f044d17d4267b51993cb8327f26f3f6743649b58c84deb6,.md
topology_design_comparisons/vendor_reference_design_comparison_plan.md,29372,1293d8976f3017b97eb77dec00643582246700142659e4571716064c9aa7a356,.md
