path,size_bytes,sha256,suffix
.gitignore,114,981bbac379e4b5d26353acc51aba89c9403ae0de43f5030443a340af0171af72,
DEVELOPMENT.md,3332,e15507e5978e1ea36e75aea25a8f3424b12a8225d02dca63d2be29ae09cf0291,.md
PROJECT_ARCHITECTURE.md,4950,cd5cef38a6aaef93e6ef57b845245fd10bc3e24866bef65e839b81c76d1712f8,.md
Plan/active/pe_claw_1_0_gui_backend_migration_plan.md,31941,7292421d801dc5f89e4db2774474f7f5500764c83d00f21c0efe3e5bde80d652,.md
Project_Description.md,41522,99890570e8667b087f1e14d05300a14883fdbcbb7ef4b785920b2415067e8965,.md
README.md,23094,7bd04979ac86e79c3f8b35cce9801ed0f9a20add24bbb33c3092122a1af405d7,.md
docs/assets/images/case_buck_sync_01_design_summary.png,104710,3327c77a5b303a95376ad4509ed365e95c2e00c1305ad48b76a73fb08ddd7c29,.png
docs/assets/images/case_buck_sync_02_waveforms.png,98797,d1216c9631d1ac9925bbfcaa760f2784ea3dd8d74c71cc40d70e816a8ae3d791,.png
docs/assets/images/case_buck_sync_03_semiconductor_selection.png,165927,96ee5dde8e5b5524e069317b0111a656833d39615145c69a032378aea22b45b3,.png
docs/assets/images/case_buck_sync_04_input_capacitor_pareto.png,85570,2cc443c1ede03fd714c84b41ab4b1289ddeed8a969eb0a6e8ef99955962e8860,.png
docs/assets/images/case_buck_sync_05_input_capacitor_design2D.png,53058,2f3a7615f3d182a858f2b5b259bdc0a4ea2663c09297c28b6a974ac3462ba5ba,.png
docs/assets/images/case_buck_sync_05_input_capacitor_design3D.png,132462,0ee0c38546196122897abe1345e0cc0be8f4ff995b438556d0d7d32353ec7fd8,.png
docs/assets/images/case_buck_sync_06_output_capacitor_pareto.png,68904,e4156b894086e4664ab3dcb4e6fad54aada9de643977726f0296f9e346ed79f4,.png
docs/assets/images/case_buck_sync_07_output_capacitor_design2D.png,50413,fc059bde33bece5a00706bc09cb282dddc140dc88c24b59f5f6b73fdff44b9d4,.png
docs/assets/images/case_buck_sync_07_output_capacitor_design3D.png,130962,6e37b0e2b1c1499d8473d5a0b22dd001d6832de72d79a2f7b6ac6aa87a613cd3,.png
docs/assets/images/case_buck_sync_08_inductor_pareto.png,566719,35fa8cc20ee63fa337636e5486d6391340f439d508c91ce7996577b40d441b53,.png
docs/assets/images/efficiency_curve.png,24890,35e31b0f3c34be1ed79c0c8f85f48fa17903cdcf2b82f253d88992e3a4cd618a,.png
docs/assets/images/geometry_min_loss.png,85980,eb6cdc3c1f27798c7ccb9bad48d60fa9fdd9f2a3e416f88a9bf8f623312f34c2,.png
docs/assets/images/geometry_min_loss_3d.png,94946,08f8648e19be0b35f385c2fbea958b0cd9e18f656813f5b0048ea04b99f4c42d,.png
docs/assets/images/geometry_min_volume.png,94699,707941477511a2f67a5911cc057b3b371ac0b1765fe8e0b9c70803f50db1a077,.png
docs/assets/images/geometry_min_volume_3d.png,93464,7341c5798ba8f9eb9722e2e8e28714bc47ee3205c671b039905515927e57f5fa,.png
docs/assets/images/geometry_recommended.png,95171,ee586c7283959b77a71f8e131e8bed37fcc18c898edb7874ae3c682c97f72e04,.png
docs/assets/images/geometry_recommended_3d.png,93502,a6dd469b7e8f7361d193fffceec9d55b43dbb49ba9c95279c726ba5952d65068,.png
docs/assets/images/geometry_selected.png,95171,ee586c7283959b77a71f8e131e8bed37fcc18c898edb7874ae3c682c97f72e04,.png
docs/assets/images/geometry_selected_3d.png,93502,a6dd469b7e8f7361d193fffceec9d55b43dbb49ba9c95279c726ba5952d65068,.png
docs/assets/images/loss_breakdown_stacked.png,20908,6c9ebb5bf8582bab857573e8b7bdff8734f04530528dd7e3c402d8c0287be850,.png
docs/assets/images/overview_hardware_2d.png,49995,c945059dc9045e1a80dadecbfbaad01a175d68c635fa8ae5335801b0d7597321,.png
docs/assets/images/overview_hardware_3d.png,127343,29a0d019968f800c6b66d780c658285f146844af0961265cb2a2e895f57a7257,.png
docs/assets/images/pe_claw1.0_logo.png,1704370,951689867651594353c1273ead07a9052fd459a57cc38dd66ed952b50da70249,.png
docs/assets/images/pe_claw2.0_logo.png,399271,a0a7f698777b98211d412ca088053776a89993a449d3d3c20308ed8b6601d17a,.png
docs/assets/images/pe_claw3.0_logo.png,1917107,235bf1345fe0b1c186ed7c59827d681c4171e450f2343a5fff26692c88f6d09e,.png
pyproject.toml,500,c2aba9969b8bef0158de75202d0894217dac4bafc582da693383e46de8bbbb92,.toml
requirements.txt,16,be962eeeecd348b8916cfba280d12d5aea2fe8fd2b01df6f4a2aa8af748d6c46,.txt
src/pe_claw_gui/__init__.py,124,2cf1ac6476394afdde348598d5b79b9700ce9c6186a579bd7a2956db06b8d863,.py
src/pe_claw_gui/__main__.py,31,bc143cdb7df8917d3a2260db1653c582205188b2229f0364df3f0a86cea177be,.py
src/pe_claw_gui/agents/__init__.py,68,d467e7a3d183c5b3500254fb7bce8a38f3a2a74a4b4687394371f7eb057ddc94,.py
src/pe_claw_gui/agents/report_agent.py,4755,6739031d709c75e1de05b948cb4dc0581c72bce186834673d015d299415b5193,.py
src/pe_claw_gui/app/__init__.py,78,6277369c78653f30b463d4a20d038d0440e1d2a6388df37173003269ec320426,.py
src/pe_claw_gui/app/ai_design_page.py,4751,ffa039341d86a594d78486d7e8f322ee388bbc2b7af4c2a8b23bbc79a5ade79b,.py
src/pe_claw_gui/app/category_views/__init__.py,427,7563146b021033b2f23b22604eaa17410bf9b3841028a898225e05387ea0d18e,.py
src/pe_claw_gui/app/category_views/ac_ac_page.py,857,1bce27a1ae084944e906138ea025b168cd5b8195d2746fc626658ce341556aa1,.py
src/pe_claw_gui/app/category_views/ac_dc_page.py,857,89409672afffc3f82e2f05b8b47017b29af4bcd69101f85b6dc4bec768f7c2be,.py
src/pe_claw_gui/app/category_views/converter_category_page.py,1666,ee95b8fac47cec015e08c2d4f2e9594f765332806d861a2ce38de1cabf5e0393,.py
src/pe_claw_gui/app/category_views/dc_ac_page.py,857,5bfe69f6991d82ba1c03c1790345de6ef7d8633e8809badb6194caeef5232398,.py
src/pe_claw_gui/app/category_views/dc_dc_page.py,1759,927ab11fd2d560bdb5bac83887d499351f9da8428665bc1383d3d1474d03a0c6,.py
src/pe_claw_gui/app/controllers/__init__.py,566,6602ce391e69b320415806e1cb15712fbc0499aef002996216e6fcbe497ff564,.py
src/pe_claw_gui/app/controllers/ai_design_controller.py,3565,967fbc38ba432d3cdb0560f4775f816707cc433f65454fe86bfa626e386c6c6c,.py
src/pe_claw_gui/app/controllers/device_controller.py,1295,efef53cba3072961efa17dbe45569c2bac42bf85ab1a2f24a005ac107653c154,.py
src/pe_claw_gui/app/controllers/efficiency_sweep_controller.py,1277,94d69fa84cc13eb7c60b22fc5db2faa3344521a108ec6b9ec5fbb1a827317089,.py
src/pe_claw_gui/app/controllers/export_controller.py,766,56d9c5f4aa95b6c4869bf5cb9e91ea409a25b4a75edb5ee5480f21279fe0b43b,.py
src/pe_claw_gui/app/controllers/run_design_controller.py,4327,92a5452b882d7222772bb156be3805f3e1a51f0e531d625e39db53826eb0168b,.py
src/pe_claw_gui/app/controllers/waveform_controller.py,3146,a088a4cced6c581d8935b9e2061e049d79e8e8f748c96083490022a4d108111f,.py
src/pe_claw_gui/app/main.py,152,3f4d00585ba3d5200acea25244fe4e3018b47e6c8d90a9d99c2ba9c83705b093,.py
src/pe_claw_gui/app/result_views/__init__.py,1009,4f60291ec3f89e9af316ca89b75d5a4d367c18a03e8be5b3503cdd6d0abc62f2,.py
src/pe_claw_gui/app/result_views/ai_design_view.py,7055,63441644fa0d498d0d5b81517887b5ddedec282e1a0315a2f8037f684ce323a0,.py
src/pe_claw_gui/app/result_views/capacitor_pf_view.py,11156,a10fd68040081b6ad9e9ef767279d15949f840f099ce346bd3fec712e98d9b62,.py
src/pe_claw_gui/app/result_views/capacitor_view.py,18092,8b5e50025d72fd1ec375bf4876596ff29180910d45973ad2ad37555c8a641ead,.py
src/pe_claw_gui/app/result_views/device_view.py,21056,68dbc97e5ea575b1bc5cb535884c752057a033209d326d8a047de20a819d885c,.py
src/pe_claw_gui/app/result_views/efficiency_view.py,6238,162bce4100841a38001432b1c18ef5477725ba47985d45116987d9ada11298d9,.py
src/pe_claw_gui/app/result_views/geometry_view.py,11084,dbd8fc871593eedff4e27c881885b8d92cd181334b101b7d52bd9eb1db3e912a,.py
src/pe_claw_gui/app/result_views/hardware_overview_view.py,14217,da01680b795f70fb35ad3424e0f3c57c5a4a54200010ec28c22fcf1bee703625,.py
src/pe_claw_gui/app/result_views/inductor_pf_view.py,6830,7d264a24624ce624794292d5c8a1b86180e7bbf79da333d1e005a96c57ebe0bb,.py
src/pe_claw_gui/app/result_views/inductor_view.py,13328,080fa2faa81ae8d00d08cad5995cc037fcee72a07890b8350ddd01c48cf16f8c,.py
src/pe_claw_gui/app/result_views/loss_view.py,21595,e2af71cfc0909bb65e576ac2bd877280783378769590dea6b606cb9e04aa9444,.py
src/pe_claw_gui/app/result_views/magnetic_view.py,9150,81862344792aba07f60d04171c81bdcd72e0e60b1489f04a24d846406e988349,.py
src/pe_claw_gui/app/result_views/stress_view.py,3966,02e2d104f73aa73c4b659ed0b73f04e41a3d4b285647c9b9463c75284361fb60,.py
src/pe_claw_gui/app/result_views/summary_view.py,7765,1d4cd349c6cac498676b78ed0df54d29391d62b8e33f9c89954a0f361527d337,.py
src/pe_claw_gui/app/result_views/thermal_view.py,5128,459e3913a77e879a847672c9072651b3c5d51d3da3f77b12a8f095b694ea905f,.py
src/pe_claw_gui/app/result_views/waveform_view.py,4942,11a76f7a0b9e747a974a8a7c0840200678390b916c19503932627ad170f6cb44,.py
src/pe_claw_gui/app/shell/__init__.py,56,70a520023930cb90f67143d37d1bb6483e9f7b0db722acd40b75bab75510f963,.py
src/pe_claw_gui/app/shell/main_window.py,8832,f5809cf780871243ed1ffe68c8b1c7f2dc7f66567e6c05d1ac5af71c89e31f14,.py
src/pe_claw_gui/app/shell/navigation.py,2657,2f80f30794896ef23da676385e0afe22cfae949a194ce582aa122b31e300a9f9,.py
src/pe_claw_gui/app/shell/state_store.py,2357,7821b0d692baeb0c6628fdae4bc66ba6817878f135fbff51250bd297fe44d9a2,.py
src/pe_claw_gui/app/shell/workspace.py,8672,b2987232eeb20483b6d56aa442c9fd5e9967c6c018ad43d5dc3a841620f2293f,.py
src/pe_claw_gui/app/topology_forms/__init__.py,1624,4858361d891af8b25fe6ff17869c770b33f4746c7429ab358690e92475c77931,.py
src/pe_claw_gui/app/topology_forms/base_form.py,13747,42ae7fc422a821f03972296fabb16d4334f5d5e64814c160de3d01658b003eb5,.py
src/pe_claw_gui/app/topology_forms/boost_diode_rectified_unidirectional_form.py,3952,dcfa3c76aeb2f29ca93765d3db4e023c43e55563cc5647b5cacc35b90327c69a,.py
src/pe_claw_gui/app/topology_forms/boost_form.py,295,c978bcde3e2c2397ea907e33ca992ea856b58eb00be037d758e8a8928542a4b5,.py
src/pe_claw_gui/app/topology_forms/boost_synchronous_rectified_unidirectional_form.py,4067,b0f63a1e6f5b4c0776e6b6715b3479e4cc2fa80c741ba512ac2f38871b3ed56e,.py
src/pe_claw_gui/app/topology_forms/buck_boost_diode_rectified_unidirectional_form.py,4140,8ba21e513ca08c3c63a252be2865fa4b9449d93a89ee4aaa9c94d25fbffb0097,.py
src/pe_claw_gui/app/topology_forms/buck_diode_rectified_unidirectional_form.py,4038,869bbba36850023a6a1723caec70ec56bf9caf5980c004cf4ef0314b9c56ca1f,.py
src/pe_claw_gui/app/topology_forms/buck_form.py,298,6dcf3db4ca3fec9e976ae88ce6ebbf2bfa876249fd7917f12de616c36859d9ef,.py
src/pe_claw_gui/app/topology_forms/buck_synchronous_rectified_unidirectional_form.py,4017,00d8f3e09342c1bf871d2b41448441ddd1b00590ade0d92309170c873dccd9e9,.py
src/pe_claw_gui/app/topology_forms/cllc_form.py,290,1a7fc27457dd0f558c58b14810ed48a707c6188387c0b3c2297d6315bab5426f,.py
src/pe_claw_gui/app/topology_forms/dab_form.py,285,639f445682d1766a09f519f109fc6cc7cb9daa0c01b6c1d1b3e2dbe769784429,.py
src/pe_claw_gui/app/topology_forms/four_switch_buck_boost_simplified_four_mode_form.py,4373,e9edd1705090fda353c51a7b427b2c92a1b38e88d981107a70bd26b88cc2fc2c,.py
src/pe_claw_gui/app/topology_forms/llc_form.py,285,672407946f0e966b9535e7070adfa0fb2f5109e31fdf7a288a5a6f7fa8fddde0,.py
src/pe_claw_gui/app/topology_forms/psfb_form.py,290,5bc5fc83696514c402aa11a8816688a2e4ca30a98cf531d0eaaef325e5fbac23,.py
src/pe_claw_gui/app/topology_forms/three_level_tzcm_fixed_frequency_form.py,6336,20b86761ce9dc146c89d6afb484a7551e741c9421b2d5cc523cdcc3d95579a77,.py
src/pe_claw_gui/engines/__init__.py,46,a9c712267ae7eca8197442a512b9aef41fbc5059fc2cdca6bcc5848da8e3cd76,.py
src/pe_claw_gui/engines/capacitors/__init__.py,371,ee779805c8d0776f2258c088acd4f00eb197091695e9e0e7c530888bb15cbc78,.py
src/pe_claw_gui/engines/capacitors/artifacts.py,11659,1252371234bcb911707c5c5165a18854eba60ac1dd1c34488e7a57775baca3f1,.py
src/pe_claw_gui/engines/capacitors/pareto.py,9861,bcc58bf271080a7ef65b38840ee1c7263ac120199033f056a772be23669d7d6f,.py
src/pe_claw_gui/engines/capacitors/selection.py,40660,c88f83d1a6bcf0e4f2084e07a97b441ff26620513f769c47c0c297ae560ca4ba,.py
src/pe_claw_gui/engines/decision/__init__.py,62,aea99fd8f60846aec8f76572476a20c7a571db529cc9ab96497495881b45e28d,.py
src/pe_claw_gui/engines/decision/topology_recommender.py,9732,e5b639b8047db8e4d51c5ade5fad65b34660a4a2eac4be5cfa4de763a1212851,.py
src/pe_claw_gui/engines/devices/__init__.py,29,f82ee5bc9ad62d18fcb9d57ef03986bec1f33de0bd7af9176d5dd536160c3aa1,.py
src/pe_claw_gui/engines/devices/database.py,453,e4d458a3515f37edcb5e91d41fbb90e8f8a13cfee0b419ddc8b0404cf51d6bb1,.py
src/pe_claw_gui/engines/devices/filters.py,19854,f5388ebe30af39cd0e141ebbf9c20dcea2c3c018a04f78a986b6ef1169f8b678,.py
src/pe_claw_gui/engines/devices/loss_evaluator.py,35020,19b9c9c861bb04514fd6ecfbdc08cc4c73ed5d59b3c1e0477bbf504063e19242,.py
src/pe_claw_gui/engines/devices/ranking.py,2340,21714aa5d72b6152cfa6d530b7473260ad66c1fa7e683ba2a4ca9831cab6db0d,.py
src/pe_claw_gui/engines/devices/selector.py,9281,e44ed2daeea12256315ec6d0c956383d21c9abf85d3b6511ab01bb9690653897,.py
src/pe_claw_gui/engines/devices/stress_adapter.py,14526,06f65437aa59c5f773a34c4a4081984db333133463502828f91449b7ca23f211,.py
src/pe_claw_gui/engines/devices/thermal_backsolve.py,12473,a8fa5ab14803c3b411bab541cafb6c893732acf3041e4220b25cb71d89771750,.py
src/pe_claw_gui/engines/devices/thermal_interface.py,7173,f8ab6dc30fc8f29b8a89b5851422a7d2a63ff4c968b6896fc1a333884e3118a3,.py
src/pe_claw_gui/engines/geometry/__init__.py,31,ac789549b94373f16770c52a92d4a546035206773630e3ab4971e318e7f0d4a3,.py
src/pe_claw_gui/engines/geometry/layout_estimator.py,36,04c30b7a5332b9796d517b9e37fe2fe5cb52e10c366fc79ad1375652b376aba7,.py
src/pe_claw_gui/engines/geometry/magnetic_volume.py,35,1132b5d85f2f2b43af47928488b957e14a4e12cfeef5ea9a036102ea879026fa,.py
src/pe_claw_gui/engines/geometry/package_volume.py,34,48634bc64ed09a4b3b01eaf3d9ea272448a3f1d710779f739431a800e12acb0a,.py
src/pe_claw_gui/engines/geometry/simple_3d_builder.py,37,bfbe382257fdbe84e4037a36bfdfb8b2d48e76772b5a73a88e4c7f7671d1c230,.py
src/pe_claw_gui/engines/hardware_overview.py,47123,7212ee2920e011f1d3db33a19a7c94d17bdd475c4434168006cf9a2f74fea0cb,.py
src/pe_claw_gui/engines/losses/__init__.py,27,a96985420d6ecc6a06e8ef0b56eed43e0161de72c91891d1280afd426663b77d,.py
src/pe_claw_gui/engines/losses/aggregator.py,227,b0aad23f76445d8bcda9b5d543ee4c0fd40bdc3874b7c7765aed90ef9ca1402b,.py
src/pe_claw_gui/engines/losses/capacitor_loss.py,247,4c144d105a99ec64528ae923720485cc92a2d2a06d59b443093389815b2a78ba,.py
src/pe_claw_gui/engines/losses/conduction.py,250,0f69673d12313cfe326353e7f0102d8b15711e5f839654d9f06502ad6d0b18a8,.py
src/pe_claw_gui/engines/losses/copper_loss.py,238,803d92e9dd5b40008901146bfe22c41ef2737c9fe8aac891213a642113aff6ad,.py
src/pe_claw_gui/engines/losses/core_loss.py,232,694f9d53a66ed0e815fa2fa4dabca55e4120e67d09ec3eae62dbce5fde07ab77,.py
src/pe_claw_gui/engines/losses/reverse_recovery.py,268,6e6db3172f85b1df1658861b979c74c986903fd0074fbdea79c4c4f9169ae18d,.py
src/pe_claw_gui/engines/losses/switching.py,247,118715dcbec4299685e7e42449f8bb9ac701a15eee26043b0b941657c5c941d8,.py
src/pe_claw_gui/engines/magnetics/__init__.py,32,8dcbed23c97e1cf82d5cd142e5a34af671662f3e091b778a1a330e5046ee9b48,.py
src/pe_claw_gui/engines/magnetics/allow_profiles.py,2246,1ba5368fcb736c386d7f5f2f6d76cb31fce2dcd67232ae0c50da02b6956ed0f2,.py
src/pe_claw_gui/engines/magnetics/candidate_compression.py,9486,d7cc929770656d36f417a61704aa236920c265ffc4df006c1db573ea0e7ca51e,.py
src/pe_claw_gui/engines/magnetics/candidate_metrics.py,8234,2f247ae091c5849313da92c2f54fa77c1f6e67d7c95d460d60ba9499eae18e41,.py
src/pe_claw_gui/engines/magnetics/checks.py,35,9006235c4a874aade8ab684b0b78bef3082ee6ead2ec73d5043c0f6a9d8bf7fe,.py
src/pe_claw_gui/engines/magnetics/core_assembly.py,3152,9c80a125d2c2ed9b2eaf3fd8c9e1f73bcb177ff8dd68e627492db0111011b65e,.py
src/pe_claw_gui/engines/magnetics/core_selector.py,42,9f4ace9b227dcb5009501faba7bee9741465bb48330bc402fd553ce580960403,.py
src/pe_claw_gui/engines/magnetics/inductor_adapter.py,26881,8b187edf8177e45d187e1214afca2fe14928ee3426091ad5a981223ca8bbe4bb,.py
src/pe_claw_gui/engines/magnetics/inductor_design.py,52230,ce16af4c8f40cc1a7d24578c2ce20f28adad94a7905bcaf59cfaf05a41283494,.py
src/pe_claw_gui/engines/magnetics/stacked_expansion.py,18096,9b67b9a6aa3e92b57d983adece37e7fc641e24cebb81a76cda748945dfdcc15f,.py
src/pe_claw_gui/engines/magnetics/transformer_design.py,38,22fd6263c446c9262df6d5f6e972509ade087e8bb72598e1bc4409751051bab8,.py
src/pe_claw_gui/engines/magnetics/wire_selector.py,33,37d3bcf90f0088ced184de77c993d1d6c412e2343f164ff601fd598ff98202ec,.py
src/pe_claw_gui/engines/optimization/__init__.py,35,e29d9da08c826ce4ecfbfa337378625993d93cd6e01922aa6d72b4912d7dc5e6,.py
src/pe_claw_gui/engines/optimization/candidate_generator.py,39,50c4f69b229feb08c622051987cc20626415e588da8321b945140aa8dfc0ede2,.py
src/pe_claw_gui/engines/optimization/feasibility_filter.py,38,a40005d0a74bd27ad95b017fa2724c711e0b48460acf1d1beb2e87948ef7863e,.py
src/pe_claw_gui/engines/optimization/pareto.py,26,e933387b28af12c3604e99fc7e6616f108a1f4a465d3f60156b5364ad843ec13,.py
src/pe_claw_gui/engines/optimization/surrogate_acceleration.py,42,47d49e93bfad7ebf5e3b52372fa1e623fdcd4aa870e961d8a438bbaa19e910b9,.py
src/pe_claw_gui/engines/thermal/__init__.py,859,1cc8a7e2bb3ca0be7a6b868e836caf44ef460657d9c7654919614cc3bfd1411c,.py
src/pe_claw_gui/engines/thermal/heatsink_estimator.py,38,586c3e0fb3b48d64a8b3ea2b2b5e03e7c75c725748ac22f6ead6fc1e443995c5,.py
src/pe_claw_gui/engines/thermal/resistance_chain.py,3768,68a5f61df35f48e478077aa570e96f4dd129f31fca31eda0b88f70ba38f30c05,.py
src/pe_claw_gui/engines/thermal/temperature_solver.py,3119,6bf87be334b604c130aa723c3f3a5ba46f13eb35b39ac54eb20193be496e13d2,.py
src/pe_claw_gui/engines/thermal/thermal_estimator.py,8309,5f3a9eaefe05a00be4dcabc018047f0800044075f5cf90541026d419b02de38b,.py
src/pe_claw_gui/engines/thermal/thermal_proxies.py,7160,5958b363b2bae2e93199ca1bf03593d23ef9a7ad21fcd1afe3a4aa54c627a41d,.py
src/pe_claw_gui/engines/verification/__init__.py,52,b12f3423c672f3926c68bf5945f5d65a75754cd1adc3d033e549e37497b77623,.py
src/pe_claw_gui/engines/verification/design_checker.py,6339,3466396e4776a29db64cabd763fc86e56b2fd05a3b35c3cf825060c2a52b121c,.py
src/pe_claw_gui/engines/waveforms/__init__.py,31,d328863bee6b1496f054ab970325b5793373e983f78fde55556ad0dcc5abfa65,.py
src/pe_claw_gui/engines/waveforms/feature_extract.py,47,d8a90242d634f602b57d0227ba74b169652e1da39e2f56c85402da2389bb1c5b,.py
src/pe_claw_gui/engines/waveforms/normalization.py,42,b1164cf1b6430468f12653b4c201969b68d71783c4d080be2b44139321feadfb,.py
src/pe_claw_gui/engines/waveforms/sampling.py,37,f21ff7385456312cc5290b8a75970b3e9cc6466797fbcda79dd44671dc807ea7,.py
src/pe_claw_gui/libraries/__init__.py,52,8056e0531fd37246bc0193360bdf67ef6201da022e3ed18d760a87d1ddd58614,.py
src/pe_claw_gui/libraries/capacitors/__init__.py,5378,7e5891117f741229c32e18efcf2c7dc32f65b7da776f64e22b536ed57815bb6f,.py
src/pe_claw_gui/libraries/capacitors/jianghai/__init__.py,330,36a6e8e7f335bf786bec76fa9d551881790a23cfb56d572e8103a73559ca0f8c,.py
src/pe_claw_gui/libraries/capacitors/jianghai/_common.py,11901,9591c6cd70f1a1e570608bade0f4255eedf6b2b9c0444e119fd7b74eab8f4c97,.py
src/pe_claw_gui/libraries/capacitors/jianghai/_records.py,186357,97edaffe64e523bd9bb716bb84e45d3fea4aed055284c0cc382067021734a23a,.py
src/pe_claw_gui/libraries/capacitors/jianghai/jianghai_cbb131_dl.py,341,e91820df5a2c109452885fa4e4ed0425f8d181d27fbbbed95c8dc915659a476b,.py
src/pe_claw_gui/libraries/capacitors/jianghai/jianghai_cbb131s_dy.py,346,7c31cf12a2477734870526f7b6d19d1580ebb901c339123b1521c8ca9cba2259,.py
src/pe_claw_gui/libraries/capacitors/jianghai/jianghai_cbb132_dh.py,341,6f18606475652e4e493ef716dc3bf794f4df10c8db4a2dcf937d63abde191fe4,.py
src/pe_claw_gui/libraries/capacitors/jianghai/jianghai_cbb136_dp.py,341,7e0bbbab007b5c5f15f90ddfc010f6b7ed02792ad3d27cad23f31178e4464329,.py
src/pe_claw_gui/libraries/capacitors/jianghai/jianghai_cbb138_ds.py,341,0dc3449e73e179af1aa78485549f5438ce379d980236d4d313412f6f4d138f6d,.py
src/pe_claw_gui/libraries/capacitors/panasonic/__init__.py,320,40e539649cdb556441b49558a9bdce47c7343e4e655ebe7b095821120e6c32e4,.py
src/pe_claw_gui/libraries/capacitors/panasonic/_common.py,10365,df1084cf19c717ce73aeb929a6353d6e2b5ea13b40410f5eb779a531b2606bb5,.py
src/pe_claw_gui/libraries/capacitors/panasonic/_records.py,70555,3fba7eb837a3afd382ff9c3d7f47eb2e96dc08be46d700246ac7f08dacfbea08,.py
src/pe_claw_gui/libraries/capacitors/panasonic/panasonic_ezpe.py,289,8c5216395866f5c6b1484ed42a30927a71496a5f89a55f1c64f70062f6809544,.py
src/pe_claw_gui/libraries/capacitors/panasonic/panasonic_ezpr.py,296,406b0a3acb474abc2bf28f09993b93067320e95b034219e2d4e752319acb0d66,.py
src/pe_claw_gui/libraries/capacitors/panasonic/panasonic_ezpv.py,289,98b3b931032ba4b57a46659fa9e1148aa7168558f2f09b122c0f7251be1ac758,.py
src/pe_claw_gui/libraries/capacitors/panasonic/panasonic_ezpv_d.py,309,4fd9004638542952001825f520f3fa2e7d40da019701385707250cdd215c3551,.py
src/pe_claw_gui/libraries/capacitors/panasonic/panasonic_type1.py,296,8b03ed510ce7c4d6517b3dda3af60666e97c853a3ec0a7e243ad4eaf006ff3f5,.py
src/pe_claw_gui/libraries/capacitors/registry.py,3637,1032da0a006a5e407d9b8ab131071786f3fa7916a29e1250532cc1e6f72904ae,.py
src/pe_claw_gui/libraries/capacitors/rubycon/__init__.py,308,670c5f92730e52064f8b8788e58e2f934aed971695cb3b3839ce1e8d520e9be1,.py
src/pe_claw_gui/libraries/capacitors/rubycon/_common.py,6462,215a570a6080ee3ff4a006af46f0241c1f51df38be1dbdb06d4fdf7de1faec83,.py
src/pe_claw_gui/libraries/capacitors/rubycon/_records.py,35668,98626ecf3de014ea40c40b7104c9497a6bb14db7daac87cc53f4812fe1cdd415,.py
src/pe_claw_gui/libraries/capacitors/rubycon/rubycon_mpb.py,281,4c41570424c87bda6fe8ef69d0595de209cfcd8c9b4de9079d75c76a9ac9b43c,.py
src/pe_claw_gui/libraries/capacitors/rubycon/rubycon_mph.py,288,6775271cb83802e0b4a09e95e1cf99f3ef3ab4d2889e6773bf8383de98501966,.py
src/pe_claw_gui/libraries/capacitors/rubycon/rubycon_mpk.py,281,eef41bd2192e03df85f15cded0ed97d7a4fbe44d5e92c6c8384e2a8d318ef5ba,.py
src/pe_claw_gui/libraries/capacitors/rubycon/rubycon_mpn.py,281,1288471d5117406429dee86c74ca1ffa8e4f991cb85b50ce63fcf89b08d0eb57,.py
src/pe_claw_gui/libraries/capacitors/rubycon/rubycon_mpt.py,286,5b2e4c808eace376fbb7d6cb692644b8b6aa9a2ede7bee3e6cfb15819a9867c7,.py
src/pe_claw_gui/libraries/capacitors/rubycon/rubycon_mpy.py,293,a507556089b4f2e97f02d3a4d96801f85991107e44fa6e05c09926fcce67f1fe,.py
src/pe_claw_gui/libraries/capacitors/rubycon/rubycon_pck.py,280,de96a36e936ba41a5128cf6dde705c015aeb395867b6193307793f7a8a03c7ef,.py
src/pe_claw_gui/libraries/capacitors/tdk/__init__.py,1870,96a91702b1d8e0b4033213b5dcde6a7d23573b6817590eb27333d7f0e43cdab0,.py
src/pe_claw_gui/libraries/capacitors/tdk/_b3277_common.py,12194,6e1ad9997dbb37c5fdf697c5e7e337cfb8395e2ad12cf7765ae6941cb79f3805,.py
src/pe_claw_gui/libraries/capacitors/tdk/b25654a_001.py,5792,6ac0ca6b055e6d4b7fde8a8f183b27e44e7fcc1d12302bc3cfe5b534df1b5e7d,.py
src/pe_claw_gui/libraries/capacitors/tdk/b3267_d_g_j_t.py,18557,5bdc4acff62afd84720d3a1ff73b3d9d633e0522da094a24e6e2eb1bdd260f55,.py
src/pe_claw_gui/libraries/capacitors/tdk/b32714h_718h.py,32817,1843528cd0a1847f96a303d7e9614262881d60f933405a4077d68042c24de168,.py
src/pe_claw_gui/libraries/capacitors/tdk/b3271xp.py,28220,2b64ead36e7eee7c53e3e0b1a1c4ac640d0848fbad975896677f5653d65286c4,.py
src/pe_claw_gui/libraries/capacitors/tdk/b3272agt.py,17370,c797ba77d8446b66cb1effa3eb3d38407ccd1a6888c6e3f2d1e2ee2fdc70887c,.py
src/pe_claw_gui/libraries/capacitors/tdk/b3277_d_e_g_j_t.py,16282,05194e27bad955901a5bdf0e436d82109baa6dfaca3e5e069f244304ba1fd893,.py
src/pe_claw_gui/libraries/capacitors/tdk/b3277h.py,24135,5d5819371c4fe9818082993f4f3841fce298205f2ef83efd861791f30c5601cf,.py
src/pe_claw_gui/libraries/capacitors/tdk/b3277m.py,24113,f1d283a63358a67029ae07608bd58a2f1a30dcf6eb68b93f4097173209a42c46,.py
src/pe_claw_gui/libraries/capacitors/tdk/b3277p.py,14593,6b7a0d1cc882e7f69b13a3d89a0499408e6cb66be7f73b1962798c9a025d3f45,.py
src/pe_claw_gui/libraries/capacitors/tdk/b3277xyz.py,23116,19073d0328cde510623977933d2fe441ea4b1244532712eee1544da0ae930fe6,.py
src/pe_claw_gui/libraries/capacitors/wima/__init__.py,305,92b0cdd9a9ea802fd052ccd0a23336de68dd6012f291f48ed76844c2f720faf4,.py
src/pe_claw_gui/libraries/capacitors/wima/_common.py,6752,54d29e5ea8f610dc04234c652797efbde0aac5aceb326063f94d7196dd43582e,.py
src/pe_claw_gui/libraries/capacitors/wima/_records.py,1711656,db1f65892cba942323e4075d3e20430ecd1a35f0410d3645f809e28668b9062d,.py
src/pe_claw_gui/libraries/capacitors/wima/wima_dc_link_hc.py,281,59763aa0e3d5cb253b1dac1d1dad91f4a5c3b8efa9610dd19a294416b4f6c69a,.py
src/pe_claw_gui/libraries/capacitors/wima/wima_dc_link_mkp4.py,291,f1924eeed181ca016ec6f109df52c259ff50ace28e5cabbdc5e2b75bb7ddca3a,.py
src/pe_claw_gui/libraries/capacitors/wima/wima_dc_link_mkp6.py,291,b21d023662d58c0eade8104c4d42cfc3eb69bfea555494cef8c55b1a18ff377d,.py
src/pe_claw_gui/libraries/capacitors/wima/wima_fkp1.py,259,63f3674ac866bab578a9c50659a73f2870a719d63583615e3cdcb0a98e5ea2b3,.py
src/pe_claw_gui/libraries/capacitors/wima/wima_fkp2.py,259,b68d0f303798866e16d37a667b501cd71bfaee03201f01bc433083156b7fe5a0,.py
src/pe_claw_gui/libraries/capacitors/wima/wima_fks2.py,259,6986d2eaa9acadf32ade2f1765db6acd97bf586140a520512ea23dfaa0cb1f46,.py
src/pe_claw_gui/libraries/capacitors/wima/wima_gto_mkp.py,269,f1557a8bb9732030e437db91be00853d9ade3d223109d6d2b47452153383d36f,.py
src/pe_claw_gui/libraries/capacitors/wima/wima_mkp10.py,263,d2514197d92f5a6fdbb6cbb2b8e5c74e359e7f5ee6cdb700b48fc17353d4b22b,.py
src/pe_claw_gui/libraries/capacitors/wima/wima_mkp2.py,259,92dc219227f12c980038c4977cd1d7b1ae3ab58d7aaedf6c6c43d9777f50b2cf,.py
src/pe_claw_gui/libraries/capacitors/wima/wima_mkp4.py,259,67b1177b35936b54f10ae729fadead892dceb213f0a46c34234204be35fcc4cc,.py
src/pe_claw_gui/libraries/capacitors/wima/wima_mkp_x1r.py,271,353ac10a7467d7280ddbcc3f017ba16524ec8d3f51143e2cf46f56998e2de47c,.py
src/pe_claw_gui/libraries/capacitors/wima/wima_mkp_x2.py,265,cdd3dc30698322d5998c9eae29bdbf8bf7c4ab6d934bc987181499ac1ceee663,.py
src/pe_claw_gui/libraries/capacitors/wima/wima_mkp_y2.py,265,265ab8a3fed0dc5076ca744f965105b82adbce7f9a5852004a52ac029adab0ed,.py
src/pe_claw_gui/libraries/capacitors/wima/wima_mks02.py,263,3801c8cf5e30659f92b6d7b869be0b367a5b48a91e91600648853ecd4881fade,.py
src/pe_claw_gui/libraries/capacitors/wima/wima_mks2.py,259,893a4de88844cc17afae38e7a85df304cdaa1df01c9fb8ab038924d612402414,.py
src/pe_claw_gui/libraries/capacitors/wima/wima_mks4.py,259,e991b18d1541e816478011a38f92563934abe57341f7dcc90345f5eb4ca98377,.py
src/pe_claw_gui/libraries/capacitors/wima/wima_smd_pet.py,269,64e1973347c4407e27068638ae3b63bb45a5ff4dd5488698bec5748908fdba07,.py
src/pe_claw_gui/libraries/capacitors/wima/wima_smd_pps.py,269,0d0dc49ffd45f766d4913f83cb3c51d05b0b20cb187463e592beca3f9fa2baa6,.py
src/pe_claw_gui/libraries/capacitors/wima/wima_snubber_fkp.py,285,77a5af45e399c0da835b38b9623a5712fe1f2681ebbae25e7c961c7ad514e0bf,.py
src/pe_claw_gui/libraries/capacitors/wima/wima_snubber_mkp.py,285,804d353c2db26834b640d828fb338c4666f7a296565eb28d243d861d5ca298dd,.py
src/pe_claw_gui/libraries/capacitors/yageo/__init__.py,5039,fb18679f20a5f657f038fe64a88bf8355a10908409cd9af9e9f78b4d8fb8cfc4,.py
src/pe_claw_gui/libraries/capacitors/yageo/_final_round.py,22087,95f1317d6d851d61bf1836472180f77a418fcab75102f4f7a9f6206c5b196d67,.py
src/pe_claw_gui/libraries/capacitors/yageo/_radial_box.py,34268,22309d381c7afbf5764c4d72c3213dcad2f4f3a193aeb18511a73616ed780811,.py
src/pe_claw_gui/libraries/capacitors/yageo/a50_axial.py,8203,5c859798d0f320409d8e406680c58ef589e7b9d2a632553ed7ecbfdee21b6101,.py
src/pe_claw_gui/libraries/capacitors/yageo/c28.py,2083,b7b51ab8e3aa9ec84ee0b272af0c3b7507671aca228463b15f696d8124ba074b,.py
src/pe_claw_gui/libraries/capacitors/yageo/c44a.py,7090,c915a05ced8d2a4f11fc769e2a81d2c175562a100492dcfce5f1a7989138dcff,.py
src/pe_claw_gui/libraries/capacitors/yageo/c44p_r.py,4712,5f01b1b50e8ac3f974c30141abe59db7bc840099af25af4febbafd4afacd8861,.py
src/pe_claw_gui/libraries/capacitors/yageo/c44p_t.py,7577,bb039967c61754a7eb19b1c8ed094f3d62a945af5c47b482000a7681186a1d53,.py
src/pe_claw_gui/libraries/capacitors/yageo/c44u.py,4192,4c62038e01a4d4b31ed7e08ad82342cc3546f93a1fcad750404da99d68b799c4,.py
src/pe_claw_gui/libraries/capacitors/yageo/c44u_m.py,7209,01bfe7387a0fc385de71337638694bd3095036b960542740b71a0d5295487ac6,.py
src/pe_claw_gui/libraries/capacitors/yageo/c44u_t.py,6549,36ead44b3fb39a3f4ee5a185470da791a53f9da5ee8345ad8a3d661200c76036,.py
src/pe_claw_gui/libraries/capacitors/yageo/c4ak.py,13647,3ece53a1b699ae7cb7c5fdb31e635dd84599d528565ce670151b20ae7454a60e,.py
src/pe_claw_gui/libraries/capacitors/yageo/c4aq.py,9534,a13b68d75469f4dc9e93a17095756234631958d7cf40e7f085e85e7a2848feb3,.py
src/pe_claw_gui/libraries/capacitors/yageo/c4aq_m.py,13066,b912701a87801f3a18750c8529f5665097cf86dda010908e680bd52750aadb6d,.py
src/pe_claw_gui/libraries/capacitors/yageo/c4aq_p.py,12212,157e809a911ccbf749470c9ef0e042d8cfc572ffebe4c9cd7277c41084b3a600,.py
src/pe_claw_gui/libraries/capacitors/yageo/c4as.py,13470,ebeecf610b841e963b7b8b79ecc6a648e21ef8648988eff53bbbb0567851f70e,.py
src/pe_claw_gui/libraries/capacitors/yageo/c4at.py,6557,92214a81742d6ebdabe8ecd5614b6b97aa9197ea05b1ae90405f65d8e89f7048,.py
src/pe_claw_gui/libraries/capacitors/yageo/c4au.py,16244,6fb19c745ad52f8bac5faaa851b48fce4795e2fc640bbf5ec4732f4344ccfe9e,.py
src/pe_claw_gui/libraries/capacitors/yageo/c4bs.py,7471,1b044c3a4e64ac8d1a71c299563a0b52b1a0bf8fc80b449c22b94a90e1b1b57b,.py
src/pe_claw_gui/libraries/capacitors/yageo/c4bt.py,7102,96de5c8231914edc9ca824d41670d06189711c2d3615ff05cf00935431c1e0a4,.py
src/pe_claw_gui/libraries/capacitors/yageo/c4de.py,2161,3dfbc2d0e0e9f6d2f56b297a6f17fe6f817279c4e5228ccccfba4e8814e7e8fd,.py
src/pe_claw_gui/libraries/capacitors/yageo/f863h_x2_310_125c.py,2944,99327329b8e963ab3c995cd82b07f07c9f6ed28d91028c85a5a6397f14796572,.py
src/pe_claw_gui/libraries/capacitors/yageo/mdc.py,18784,a368a6162fc38f604fc286bd0bfadbf62d3e88cc0fd9d908e21b5d5560012ad4,.py
src/pe_claw_gui/libraries/capacitors/yageo/r60.py,27824,8ee2daed4f29c661f7b7d58d431576d943f350a4116329a8f1c3c8b08dd0d8cb,.py
src/pe_claw_gui/libraries/capacitors/yageo/r66.py,4840,ceb6a0b5c6546ad38f821026c29031dbd2101f7ffd2ff06274c2d94391c64464,.py
src/pe_claw_gui/libraries/capacitors/yageo/r71.py,21003,d9a08eb166f70a1297faba1f7107ab597718127ea8bdc7a397a04fadd9997402,.py
src/pe_claw_gui/libraries/capacitors/yageo/r71h.py,7971,57409c9d08479a47f0823c0f9766ab82d9f5b7f6b91c5bfc3e244ce3341cc472,.py
src/pe_claw_gui/libraries/capacitors/yageo/r73.py,27253,1828334028ffdd3b010277eb3b4b61f51025751b205342ed9f833b60b07eaf9c,.py
src/pe_claw_gui/libraries/capacitors/yageo/r75.py,81693,f6baa2fed306a375033a811fa1762ae54e23e9d9d86fb82b2d15194b6e7f8b7f,.py
src/pe_claw_gui/libraries/capacitors/yageo/r75h.py,49721,8f374bd0fa8d82b8778e16818b0bc71b1f5dc10cb6a9aa1e8ea79484076c9d4c,.py
src/pe_claw_gui/libraries/capacitors/yageo/r76.py,63272,63524ed08fdc55ddc9d26d6ef7146cac41573a232d8ba6c72e7a78f0904e62bd,.py
src/pe_claw_gui/libraries/capacitors/yageo/r76h.py,47570,564d3e216000e28ec89c509036d08125296391e77c0eb67b43237c31b2280961,.py
src/pe_claw_gui/libraries/capacitors/yageo/r862_x2_310.py,3233,2f35db5fd25d4d07ae8cf336a930858dd0b5b3d73631b0e8002da4c8f1966004,.py
src/pe_claw_gui/libraries/capacitors/yageo/r863_x2_310.py,2841,0d934afe43eb2c8ff8700335571f6c6e235a2df6de60e6b39089c15ef350e785,.py
src/pe_claw_gui/libraries/capacitors/yageo/rsb.py,6197,33e754763b4c778adba334e99203108b9067954f999abe4c9cc8f41c00303165,.py
src/pe_claw_gui/libraries/capacitors/yageo/smr.py,42912,be4bdf1524db4b5a354b8a17754622e3d54fa0e96c971d989c166edf0aa6b63d,.py
src/pe_claw_gui/libraries/heatsinks/__init__.py,37,5a22646c43feeae7b4520b61610263f4be1b26ba6c618850b751d6fe8bc6c38a,.py
src/pe_claw_gui/libraries/magnetics/__init__.py,665,a9ebdea8f40be483c21688e358b26d4a561e78203834d3b15efd8321ee63b800,.py
src/pe_claw_gui/libraries/magnetics/cores/.gitkeep,1,01ba4719c80b6fe911b091a7c05124b64eeece964e09c058ef8f9805daca546b,
src/pe_claw_gui/libraries/magnetics/gap_rules/.gitkeep,1,01ba4719c80b6fe911b091a7c05124b64eeece964e09c058ef8f9805daca546b,
src/pe_claw_gui/libraries/magnetics/materials/.gitkeep,1,01ba4719c80b6fe911b091a7c05124b64eeece964e09c058ef8f9805daca546b,
src/pe_claw_gui/libraries/magnetics/wires/.gitkeep,1,01ba4719c80b6fe911b091a7c05124b64eeece964e09c058ef8f9805daca546b,
src/pe_claw_gui/libraries/mechanical/__init__.py,39,9450a689ca2cc7278d839524bbe2eb00f969ac5fa6aba61f0a42e4cd35e44ff4,.py
src/pe_claw_gui/libraries/semiconductors/README.md,3755,05982af233c566522366c12bcc2e41afe7cf07a4be558c580161165309d75a3c,.md
src/pe_claw_gui/libraries/semiconductors/__init__.py,506,00d6b7cb83180347e54a1f3e8e812c9ae1e8238f64a6acad9bc0553de6390535,.py
src/pe_claw_gui/libraries/semiconductors/device_builders.py,1544,9ad86c2db53ae06179d0c92f517485a00cb98fe331646b0d8b40cff6a7dcbb3e,.py
src/pe_claw_gui/libraries/semiconductors/fitted_models/.gitkeep,1,01ba4719c80b6fe911b091a7c05124b64eeece964e09c058ef8f9805daca546b,
src/pe_claw_gui/libraries/semiconductors/igbt_discrete_models.py,6998,cb7efb2d40f04115ee329303592e5a7dc598b51d529f2b5a39bee14870682ea1,.py
src/pe_claw_gui/libraries/semiconductors/igbt_models.py,18476,0a85e80f5a2ff557d531b9b93411d328ecad7c7e42a827c96139dff9b654de5a,.py
src/pe_claw_gui/libraries/semiconductors/infineon/__init__.py,1564,68df44e677175a90164500821ab65f0fda0e72dc9d9084387762e5ab733912f7,.py
src/pe_claw_gui/libraries/semiconductors/infineon/coolgan_650v.py,16040,9544c76009e29b05f6c0de0db53366db9cc9f79b6ba3d21b9888e79c51fdd77a,.py
src/pe_claw_gui/libraries/semiconductors/infineon/coolmos8_600v.py,16844,f67d286404f285d2e25a1a93bb9c5f99e9cd4873678f9548eeeda08779849fd3,.py
src/pe_claw_gui/libraries/semiconductors/infineon/coolmos8_650v.py,14116,f72b0e4233e6d78e0a14d8e01b2385f34fad6d79c811e325532bc11ca0b68641,.py
src/pe_claw_gui/libraries/semiconductors/infineon/coolmos_cfd7_650v.py,22539,ea2de092dba2bec6c82eff9f008c5269d0f6d2593096fd6c9de062deaecaf526,.py
src/pe_claw_gui/libraries/semiconductors/infineon/coolmos_s7a_600v.py,14253,ca95cb148128edccbd8b92afe2785d20830e2062e3de95bdcbda4d310204a729,.py
src/pe_claw_gui/libraries/semiconductors/infineon/coolsic_mosfet_g2_650v.py,24720,9ebbe496bde905a9c3ec4b62568262450a453adab57159db755105af3a187ba1,.py
src/pe_claw_gui/libraries/semiconductors/infineon/coolsic_mosfet_g2_750v.py,22908,48779b0491ee8db0926118e689b4f45b2f59f0081b891c525707e99127e8bb97,.py
src/pe_claw_gui/libraries/semiconductors/infineon/data/coolgan_650v/IGL65R055D2-plecs.xml,20839,648e3d3b35df4373a3907a03b3dde71bc7a280f1640be8c8e37634a22eab3988,.xml
src/pe_claw_gui/libraries/semiconductors/infineon/data/coolgan_650v/IGL65R080D2-plecs.xml,20758,52fb3070545fdeefea7aad9af44ea18cc56672b4fb2431bfd7e21a15a31dd5de,.xml
src/pe_claw_gui/libraries/semiconductors/infineon/data/coolgan_650v/IGL65R110D2-plecs.xml,20653,c95eee0f65e6dd69f66b750a46d91d54b7dc0e9126fef9743f7c82328cbbe6a8,.xml
src/pe_claw_gui/libraries/semiconductors/infineon/data/coolgan_650v/IGL65R140D2-plecs.xml,20786,1626ef3b9d18ebed74d12db53cad53894695d5d2be905232247bd89a354ad8de,.xml
src/pe_claw_gui/libraries/semiconductors/infineon/data/coolgan_650v/IGLD65R055D2-plecs.xml,20817,14f7fb81d5db50200f6aa47cb9592f60a31cb993b44c02bc9f6cef1bca1063df,.xml
src/pe_claw_gui/libraries/semiconductors/infineon/data/coolgan_650v/IGLD65R080D2-plecs.xml,20842,6cdd31129e07a8484da52d9f38f0f2b630ffb6cdefc0cd4d1a626b019e6302f6,.xml
src/pe_claw_gui/libraries/semiconductors/infineon/data/coolgan_650v/IGLD65R110D2-plecs.xml,20806,38624ba96e549efa388b18621852e21cb608d0aebf4daacfc03b2b7bbef6adf0,.xml
src/pe_claw_gui/libraries/semiconductors/infineon/data/coolgan_650v/IGLD65R140D2-plecs.xml,20756,f827c6d92c58de4ddf87af536371b5ae9dc898b41d4d9a1e2561e82575ee3d9c,.xml
src/pe_claw_gui/libraries/semiconductors/infineon/data/coolgan_650v/IGLR65R140D2-plecs.xml,20812,6b3a467bd22e7576b6b01b74ff7b8d425fe43c45a9f2286a53bd71d2e547e8d3,.xml
src/pe_claw_gui/libraries/semiconductors/infineon/data/coolgan_650v/IGLR65R200D2-plecs.xml,20809,8442ff84e18cda27e88a8451055d53e36d239a50c9acf2c45ef31efdf9b3ecd1,.xml
src/pe_claw_gui/libraries/semiconductors/infineon/data/coolgan_650v/IGLR65R270D2-plecs.xml,20746,176b9708c303d79af518cead70fe3306b00bb7271c7e53770cc1a064e7154d14,.xml
src/pe_claw_gui/libraries/semiconductors/infineon/data/coolgan_650v/IGLT65R025D2-plecs.xml,20854,6bd14eebcae154668d0016ccbe5d37d717c7fad7734385abfa3ef7f559e57d02,.xml
src/pe_claw_gui/libraries/semiconductors/infineon/data/coolgan_650v/IGLT65R035D2-plecs.xml,20847,e9df739f4ddb2a5547247ed0f232abee382a177ed42bbbecbbf4b9b0ce7f62db,.xml
src/pe_claw_gui/libraries/semiconductors/infineon/data/coolgan_650v/IGLT65R045D2-plecs.xml,20837,ef8dbebd615ee70ac020913db3c58f8f54866b84f749b323d661968ecf969d63,.xml
src/pe_claw_gui/libraries/semiconductors/infineon/data/coolgan_650v/IGLT65R055D2-plecs.xml,20839,af8d777b1b58e496678460c7bccba651ff4488be28e2004670d047314dd78169,.xml
src/pe_claw_gui/libraries/semiconductors/infineon/data/coolgan_650v/IGLT65R110D2-plecs.xml,20829,15a38bd12ac5f57833ffbb86d8d565170db176af628b1f47a320e2924dec14df,.xml
src/pe_claw_gui/libraries/semiconductors/infineon/data/coolgan_650v/IGOT65R025D2-plecs.xml,20841,4a33d95349a74fe260228e636d3753747b267adab2a595f56aa166d9b536d59b,.xml
src/pe_claw_gui/libraries/semiconductors/infineon/data/coolgan_650v/IGOT65R035D2-plecs.xml,20824,5e3c48b82e93363eb196ce496662d2351e0ed4cedac0f96e9369ac799566992e,.xml
src/pe_claw_gui/libraries/semiconductors/infineon/data/coolgan_650v/IGOT65R045D2-plecs.xml,20834,8324121bbf2610aafb3d8b9505d8507384a48001ba3252982ad10ced59f75da9,.xml
src/pe_claw_gui/libraries/semiconductors/infineon/data/coolgan_650v/IGOT65R055D2-plecs.xml,20800,a26bd3dcfadd809a3d0f13bcad33574464e1b4680902a02c3407c404ea8d27bf,.xml
src/pe_claw_gui/libraries/semiconductors/infineon/data/coolgan_650v/IGT65R025D2-plecs.xml,23010,bc68717201a87601cd554885cd6d986c8b82621014f0c6462e7e166c3198e303,.xml
src/pe_claw_gui/libraries/semiconductors/infineon/data/coolgan_650v/IGT65R035D2-plecs.xml,20893,adb95e1386e6544728e2da82a19f152da679039701563d7c7eae70f1bc597284,.xml
src/pe_claw_gui/libraries/semiconductors/infineon/data/coolgan_650v/IGT65R045D2-plecs.xml,19589,a15ed1548bd88baf13371ec77d432aedcceb4824d1d053b3cd97fd0de62f3370,.xml
src/pe_claw_gui/libraries/semiconductors/infineon/data/coolgan_650v/IGT65R055D2-plecs.xml,20880,c28fb1811c5f16c9d721dc239179fc21af078fbda6dea39afa8769f4de193626,.xml
src/pe_claw_gui/libraries/semiconductors/infineon/data/coolgan_650v/IGT65R140D2-plecs.xml,19562,6444a479ad2838b15df540f516e4a111b2137577944fd96dafb0f8a96fd770fe,.xml
src/pe_claw_gui/libraries/semiconductors/infineon/data/coolmos8_600v/IPAN60R180CM8-plecs.xml,26587,9f99377d67428a2f921e750b99520ec789bc5f81b0e31a554e139c168ddd62c0,.xml
src/pe_claw_gui/libraries/semiconductors/infineon/data/coolmos8_600v/IPD60R180CM8-plecs.xml,26599,69f546321ef391370c92550e02c17f082dcd1e0d6ba2558cd2cfc96aa090d768,.xml
src/pe_claw_gui/libraries/semiconductors/infineon/data/coolmos8_600v/IPD60R600CM8-plecs.xml,26572,0d91ee7ce37470e9821ed608df11a6f353050c20fc6a4359b797f54dc8a4c787,.xml
src/pe_claw_gui/libraries/semiconductors/infineon/data/coolmos8_600v/IPDD60R037CM8-plecs.xml,26582,f45317591b0fe3549ca931338cbd7c56beeb4e4b45f9de8210e82acba5017cbf,.xml
src/pe_claw_gui/libraries/semiconductors/infineon/data/coolmos8_600v/IPDD60R180CM8-plecs.xml,26625,99dcdc2d6aa5bef25f6121805a0a519bd148207257e9abc77e0cd117a659849f,.xml
src/pe_claw_gui/libraries/semiconductors/infineon/data/coolmos8_600v/IPDQ60R007CM8-plecs.xml,26668,7894da273879702c525d9fecb2725698d6f922369f2c3fc1b2aaed53a690f024,.xml
src/pe_claw_gui/libraries/semiconductors/infineon/data/coolmos8_600v/IPDQ60R016CM8-plecs.xml,26691,241493ebfb6dda7abb4c3d58efdf03b6e825ec98ae6939bbe1d9ee2c0ceecefc,.xml
src/pe_claw_gui/libraries/semiconductors/infineon/data/coolmos8_600v/IPDQ60R024CM8-plecs.xml,26616,e70737b8c85d7055467d89e039e4a2feb5295439f1dba12a5e8ca8554718d0a7,.xml
src/pe_claw_gui/libraries/semiconductors/infineon/data/coolmos8_600v/IPDQ60R037CM8-plecs.xml,26602,1edb52f8adbcd927f13a81f439a59387d4001058fdd7eff4f8d7bdfea25e6a3c,.xml
src/pe_claw_gui/libraries/semiconductors/infineon/data/coolmos8_600v/IPP60R016CM8-plecs.xml,26674,ca0f8dc924e60d3869d63ef5b3068a6e390d47fe587a8d1e99d4196e61405889,.xml
src/pe_claw_gui/libraries/semiconductors/infineon/data/coolmos8_600v/IPP60R037CM8-plecs.xml,26584,4b18e46db25e18704617868e9b9bddb0d68436fe9382e1fa23360bb8d37be3c8,.xml
src/pe_claw_gui/libraries/semiconductors/infineon/data/coolmos8_600v/IPP60R180CM8-plecs.xml,26605,0760435300c71829114374574472c5c6961b156bef2d0419d19fc8b074ac3d84,.xml
src/pe_claw_gui/libraries/semiconductors/infineon/data/coolmos8_600v/IPT60R016CM8-plecs.xml,26664,49cc082f67e9b140bf856e5b471e4f2da7ddb46f419d2c3d5b92fdd333ab797e,.xml
src/pe_claw_gui/libraries/semiconductors/infineon/data/coolmos8_600v/IPT60R024CM8-plecs.xml,26659,9a3c2025159ec8664ead66224cd25152fe1ded07fd65c024b132e91fcf55fcf2,.xml
src/pe_claw_gui/libraries/semiconductors/infineon/data/coolmos8_600v/IPT60R037CM8-plecs.xml,26579,2032163cb7bdc83f9ec92fc4b4a1bf252cd85fc0467489a517936d98d599108d,.xml
src/pe_claw_gui/libraries/semiconductors/infineon/data/coolmos8_600v/IPT60R099CM8-plecs.xml,26547,b1bfdf9c23569c972c18115a0e6a33bad36d31d0a1cc3c30002fbab3ae0df9d3,.xml
src/pe_claw_gui/libraries/semiconductors/infineon/data/coolmos8_600v/IPT60R180CM8-plecs.xml,26587,ab3d5bb17ef6f90f636f951d923370327e0ac55c943bc3bef759817c08dbe689,.xml
src/pe_claw_gui/libraries/semiconductors/infineon/data/coolmos8_600v/IPTA60R180CM8-plecs.xml,26602,32aa4aecf28d46737e387cac6345014fc3c47ed2600ed9ba209f8eef59ec4413,.xml
src/pe_claw_gui/libraries/semiconductors/infineon/data/coolmos8_600v/IPW60R016CM8-plecs.xml,26672,2ea8804b3cff0845dc9de5fc2878fa1677cdb7d00ae942a300a1be53bc8cd65f,.xml
src/pe_claw_gui/libraries/semiconductors/infineon/data/coolmos8_600v/IPW60R024CM8-plecs.xml,26589,180d796d14dacf4398a9cb7f067c4c8cd312509654778efe8947d14bdbc34577,.xml
src/pe_claw_gui/libraries/semiconductors/infineon/data/coolmos8_600v/IPW60R037CM8-plecs.xml,26545,7461ce156919c299c9a21964e5dfc3efe85f9e48a2c6998a4f20e87f97407cc1,.xml
src/pe_claw_gui/libraries/semiconductors/infineon/data/coolmos8_600v/IPW60R099CM8-plecs.xml,26636,7ff7f0fee2010519234d9f7da0f4478b79e89f9d0662d6de81eef45aae6f9a7a,.xml
src/pe_claw_gui/libraries/semiconductors/infineon/data/coolmos8_600v/IPZA60R016CM8-plecs.xml,26657,d63755353c8a0ef98082921e62b6b752fb34504d5173bf6f67738f18b80fd078,.xml
src/pe_claw_gui/libraries/semiconductors/infineon/data/coolmos8_600v/IPZA60R024CM8-plecs.xml,26606,b2a6a423dbeb1662ae096a3a1c4fe1abce3591c610e4b5cf385271299f20b227,.xml
src/pe_claw_gui/libraries/semiconductors/infineon/data/coolmos8_600v/IPZA60R037CM8-plecs.xml,26553,128e89ce1d732569d675c956a2dc0bbce2dfcf4d209adb3e89e5de4706fa6904,.xml
src/pe_claw_gui/libraries/semiconductors/infineon/data/coolmos8_600v/IPZA60R099CM8-plecs.xml,26632,12ad4a8ebf26891946d3265b2e09a22e43abbe50babedbe36618ea5bdc32ef45,.xml
src/pe_claw_gui/libraries/semiconductors/infineon/data/coolmos8_650v/IPDQ65R008CM8-plecs.xml,29581,2f47dc08b37f39b38f83380b49f154f3ec55f27166b52ea993e1bf3b6608f4bd,.xml
src/pe_claw_gui/libraries/semiconductors/infineon/data/coolmos8_650v/IPDQ65R018CM8-plecs.xml,29538,315ee529d697343304a5db1451d762c45b87d3fd7af132aee65e253c42db735b,.xml
src/pe_claw_gui/libraries/semiconductors/infineon/data/coolmos8_650v/IPT65R018CM8-plecs.xml,26651,0925f5a5d5553d8d5b8d67609460808e3dd8d89d130f7b40b60e80cd84d11937,.xml
src/pe_claw_gui/libraries/semiconductors/infineon/data/coolmos8_650v/IPT65R025CM8-plecs.xml,20825,269e86fb5be1ce8adbc75a7852b0279511108ca0a6f285380fd0ba9edd4d504e,.xml
src/pe_claw_gui/libraries/semiconductors/infineon/data/coolmos8_650v/IPT65R040CM8-plecs.xml,20817,926f8896ca3998e5993e5c9d88097ad3af6d1791e9d1b9ea084fce69c1a74dfa,.xml
src/pe_claw_gui/libraries/semiconductors/infineon/data/coolmos8_650v/IPW65R018CM8-plecs.xml,26625,99380c099bb6027e6d3a178bc66f5edd21a513548d5940312e086a05268707f9,.xml
src/pe_claw_gui/libraries/semiconductors/infineon/data/coolmos8_650v/IPW65R025CM8-plecs.xml,29456,5d68f9aca082fc85cfb4fbf6c3cc615c8bc7c87f23a98d0f15fd555f965b2b0b,.xml
src/pe_claw_gui/libraries/semiconductors/infineon/data/coolmos8_650v/IPW65R040CM8-plecs.xml,20774,b8e8782648262a362d98fba497bd8ec8163bd5f4c06737ea516cdc6818e11155,.xml
src/pe_claw_gui/libraries/semiconductors/infineon/data/coolmos8_650v/IPW65R060CM8-plecs.xml,29536,ebe0bca2f1dcb0214ff9a82dd6420c6efe9ac37030d9bdf3753fcc0a60ec8271,.xml
src/pe_claw_gui/libraries/semiconductors/infineon/data/coolmos8_650v/IPZA65R018CM8-plecs.xml,29508,a364d2ee1f60c81f59eb01ff5d2a02b55836aa12e07bfac9927eeb91c608d773,.xml
src/pe_claw_gui/libraries/semiconductors/infineon/data/coolmos8_650v/IPZA65R025CM8-plecs.xml,20777,caf199ef02e9f4cd45f32d0c7eb2851de172ac52a3a329fa0d69535c8d60e465,.xml
src/pe_claw_gui/libraries/semiconductors/infineon/data/coolmos8_650v/IPZA65R040CM8-plecs.xml,29468,ff1560ead37ad9febbb548ba18539511af26312e3a6307598fa1c39023ab3b13,.xml
src/pe_claw_gui/libraries/semiconductors/infineon/data/coolmos_cfd7_650v/IPDQ65R017CFD7-plecs.xml,26669,b890837a1d6d91eea1e7f185fe0bfa65fc66ecd1dd65228d2cc1093ad801be26,.xml
src/pe_claw_gui/libraries/semiconductors/infineon/data/coolmos_cfd7_650v/IPDQ65R029CFD7-plecs.xml,26680,8e72c8f4b011f02096dd793331017564d0c1e3bde4912a97268a700c8787ee28,.xml
src/pe_claw_gui/libraries/semiconductors/infineon/data/coolmos_cfd7_650v/IPDQ65R040CFD7-plecs.xml,26576,70bf3f7b9c064bc6e3e36fceabc3221de167c6da532736d87194849e42f70ddc,.xml
src/pe_claw_gui/libraries/semiconductors/infineon/data/coolmos_cfd7_650v/IPDQ65R060CFD7-plecs.xml,26683,6b4b029961b473fc520adab04e036acf3977a0caf1a43f933978e91e002cd35c,.xml
src/pe_claw_gui/libraries/semiconductors/infineon/data/coolmos_cfd7_650v/IPDQ65R080CFD7-plecs.xml,26594,9a026010e38c436798e583310f22a33ac8cdf1ce9f968543d1b5ce78ac9febb6,.xml
src/pe_claw_gui/libraries/semiconductors/infineon/data/coolmos_cfd7_650v/IPDQ65R099CFD7-plecs.xml,26670,bd6a52be3be27f9958d883c5703dd725f120f234d322a514e465759aabe47085,.xml
src/pe_claw_gui/libraries/semiconductors/infineon/data/coolmos_cfd7_650v/IPDQ65R125CFD7-plecs.xml,26599,0e338ca82dadd7ef8d7aafab5e9a0ee3d85a641ea99d6f70b658d9901958c2c6,.xml
src/pe_claw_gui/libraries/semiconductors/infineon/data/coolmos_cfd7_650v/IPT65R040CFD7-plecs.xml,26645,caad2c59ec9447d3fc66e5f414b9e4dda7098f5eedd5795c8dcab44f6b2b4bcb,.xml
src/pe_claw_gui/libraries/semiconductors/infineon/data/coolmos_cfd7_650v/IPT65R060CFD7-plecs.xml,26674,2d30f6c17ae6c9950a4ce6fe73c956e7c1fdac226e022ccc7a44e4075324992a,.xml
src/pe_claw_gui/libraries/semiconductors/infineon/data/coolmos_cfd7_650v/IPT65R080CFD7-plecs.xml,26627,cfab1445dac03e6fdef79050fad3397bc90b8e1438dd61b7ce2187ef0567e478,.xml
src/pe_claw_gui/libraries/semiconductors/infineon/data/coolmos_cfd7_650v/IPT65R099CFD7-plecs.xml,26613,c6d4667071ec3c19e7d4841a0ec217a97002bd9beb328853506a9ea96bb0f940,.xml
src/pe_claw_gui/libraries/semiconductors/infineon/data/coolmos_cfd7_650v/IPT65R125CFD7-plecs.xml,26639,ba2b941329a732ccf132ce8e54912738a206109969d0e4ab89c41aec79867b46,.xml
src/pe_claw_gui/libraries/semiconductors/infineon/data/coolmos_cfd7_650v/IPT65R155CFD7-plecs.xml,26659,7ee007f05fde6efb0763fcf02b2dba8a91471157d11faf5277133ffdd4cf8232,.xml
src/pe_claw_gui/libraries/semiconductors/infineon/data/coolmos_cfd7_650v/IPT65R190CFD7-plecs.xml,26618,f6d879eb845763c7c1055464506a877304683c550c60928dffda477f02decb7b,.xml
src/pe_claw_gui/libraries/semiconductors/infineon/data/coolmos_cfd7_650v/IPW65R018CFD7-plecs.xml,19564,7111eff4b0c9512b3ced91da016f107d493e800c839dcf5a30f2d66751b4e74a,.xml
src/pe_claw_gui/libraries/semiconductors/infineon/data/coolmos_cfd7_650v/IPW65R029CFD7-plecs.xml,19549,1b4231c1f190de62e2c7d0d1277bbe9d156693d8634f7c2aecc26ba8476ef296,.xml
src/pe_claw_gui/libraries/semiconductors/infineon/data/coolmos_cfd7_650v/IPW65R041CFD7-plecs.xml,19497,ca6d3e83eb0e532a42c9a3d9f4594639f80414d661049cc9530378e4b30ce022,.xml
src/pe_claw_gui/libraries/semiconductors/infineon/data/coolmos_cfd7_650v/IPW65R060CFD7-plecs.xml,19494,c05bb167104224f97c79dc2bc9e6c168debf385220f8104a06867b6d499908a3,.xml
src/pe_claw_gui/libraries/semiconductors/infineon/data/coolmos_cfd7_650v/IPW65R090CFD7-plecs.xml,29554,c873e4a0423d6bbec19e257ecea1eb0a9b6bf40cc0d0be60467bc06571f4606c,.xml
src/pe_claw_gui/libraries/semiconductors/infineon/data/coolmos_cfd7_650v/IPW65R110CFD7-plecs.xml,19468,5d9de91759c51444c5aa890b80ccf07789cda9045643f05f9c81fdc53d49d149,.xml
src/pe_claw_gui/libraries/semiconductors/infineon/data/coolmos_cfd7_650v/IPW65R125CFD7-plecs.xml,19537,1952f4e793df57d87d20ef7dbe6f72e62eb38448f7b8c6870f1cf36890b87572,.xml
src/pe_claw_gui/libraries/semiconductors/infineon/data/coolmos_cfd7_650v/IPW65R155CFD7-plecs.xml,19502,454c1d731d211cc6d553ff4e6c3be263f5240ccf044d715a4d31a2895e37e096,.xml
src/pe_claw_gui/libraries/semiconductors/infineon/data/coolmos_cfd7_650v/IPZA65R029CFD7-plecs.xml,19561,c519651d7a3468d7cf8d047e22c80d64e8ca144d87109c9829396e675d327469,.xml
src/pe_claw_gui/libraries/semiconductors/infineon/data/coolmos_s7a_600v/IPDQ60R010S7A-plecs.xml,20837,975ac6111f4421783dac24dd922adeaf8590c5124a4561ddf9a7dc32bbb75255,.xml
src/pe_claw_gui/libraries/semiconductors/infineon/data/coolmos_s7a_600v/IPDQ60R017S7A-plecs.xml,20855,2f9cf875ed3894d247444d9e609589a691ad794c9e801a811c3de35bc83c774a,.xml
src/pe_claw_gui/libraries/semiconductors/infineon/data/coolmos_s7a_600v/IPDQ60R022S7A-plecs.xml,20806,aed197aef60867d971db339a0c87bf7b747a38d68cd32432647ad5771a68d567,.xml
src/pe_claw_gui/libraries/semiconductors/infineon/data/coolmos_s7a_600v/IPDQ60R040S7A-plecs.xml,20858,acb90286e03826dd88593736b4e91a24e1b1ce7ea10ad63fb527fde26073ed9b,.xml
src/pe_claw_gui/libraries/semiconductors/infineon/data/coolmos_s7a_600v/IPQC60R010S7A-plecs.xml,20832,b498775f051b08dcf5ee92618214c372e744e741101f2d6c2154c647e6da69a6,.xml
src/pe_claw_gui/libraries/semiconductors/infineon/data/coolmos_s7a_600v/IPQC60R017S7A-plecs.xml,20858,d6f5b87d930f54f2b8b39fc28f5561697def1e42379ddde8b432293cdf59a5f7,.xml
src/pe_claw_gui/libraries/semiconductors/infineon/data/coolmos_s7a_600v/IPQC60R022S7A-plecs.xml,20806,248f335b2d231bac8fa29d6fa14d6e93d19a81ad76bed45cdee1450cf2525d4e,.xml
src/pe_claw_gui/libraries/semiconductors/infineon/data/coolmos_s7a_600v/IPQC60R040S7A-plecs.xml,20858,b871480177caf8d9cc0fdd4c09e79f1a0b1f6cababf349c867abc608bf5b0187,.xml
src/pe_claw_gui/libraries/semiconductors/infineon/data/coolsic_mosfet_g2_650v/IMBG65R007M2H-plecs.xml,20864,77a3d3e5e52d27b20aca727151c259675d94f43b2cd44c515f01ee9f0c55647b,.xml
src/pe_claw_gui/libraries/semiconductors/infineon/data/coolsic_mosfet_g2_650v/IMBG65R010M2H-plecs.xml,20832,980e1a170ee7056aa3ac4ae5bc64b075a896dc80823d6ee16b20089a44c11db8,.xml
src/pe_claw_gui/libraries/semiconductors/infineon/data/coolsic_mosfet_g2_650v/IMBG65R015M2H-plecs.xml,20871,ca79aab94dce00a10dec821cbd4f3d74390cdf7e82aeebd0956873e55900da62,.xml
src/pe_claw_gui/libraries/semiconductors/infineon/data/coolsic_mosfet_g2_650v/IMBG65R020M2H-plecs.xml,20839,25cbcc1528985b25baa7eaf28404e8d2638ded430bc2d9fc77ad33fb22098d50,.xml
src/pe_claw_gui/libraries/semiconductors/infineon/data/coolsic_mosfet_g2_650v/IMBG65R026M2H-plecs.xml,20778,8979a1e28226d66b426fd0bd69808cd7084ec4a644402c05c7707bd632c693f5,.xml
src/pe_claw_gui/libraries/semiconductors/infineon/data/coolsic_mosfet_g2_650v/IMBG65R033M2H-plecs.xml,20804,94ec3f87f8958d1b4469a2d8ce8218d4fb9a1d4c6d7bc3f226564d859545d5ca,.xml
src/pe_claw_gui/libraries/semiconductors/infineon/data/coolsic_mosfet_g2_650v/IMBG65R040M2H-plecs.xml,20867,f4e0c65f2a555c306a9ae4d8ff9fb1bf7584618a961f7c38cef8dbf29a695d30,.xml
src/pe_claw_gui/libraries/semiconductors/infineon/data/coolsic_mosfet_g2_650v/IMBG65R050M2H-plecs.xml,20845,3c83b235becf320dc65735b8f0df4c64a7a762227be06d65029bac187c31928a,.xml
src/pe_claw_gui/libraries/semiconductors/infineon/data/coolsic_mosfet_g2_650v/IMBG65R060M2H-plecs.xml,20879,84635a7ac07fc80b24344573307c39b9ef9d0aeca0653f1fb333b972b0284154,.xml
src/pe_claw_gui/libraries/semiconductors/infineon/data/coolsic_mosfet_g2_650v/IMBG65R075M2H-plecs.xml,20815,9214e578536c973c71d83c82f61eca2b2c80aa838ee207c19e4f1e2a8cdf3f26,.xml
src/pe_claw_gui/libraries/semiconductors/infineon/data/coolsic_mosfet_g2_650v/IMDQ65R007M2H-plecs.xml,20852,bdd8eb892f1a0e32b44467970c174ad2bdc27c54bd29c65f0fdc36e9540f9edb,.xml
src/pe_claw_gui/libraries/semiconductors/infineon/data/coolsic_mosfet_g2_650v/IMDQ65R010M2H-plecs.xml,20893,6870542b206aad2d90222e793c7971cc82ba2ea504db40a0642387bb2fce992d,.xml
src/pe_claw_gui/libraries/semiconductors/infineon/data/coolsic_mosfet_g2_650v/IMDQ65R015M2H-plecs.xml,20833,dc4adca5a0f5c0a4a9ad81ea676a1a67457c349f8f0df462b9ebcc6f3e8fc586,.xml
src/pe_claw_gui/libraries/semiconductors/infineon/data/coolsic_mosfet_g2_650v/IMDQ65R020M2H-plecs.xml,20848,9c070a9875f5f7de4497e24aadfdf0e12b83059fa45c241cdb7ed96f84723499,.xml
src/pe_claw_gui/libraries/semiconductors/infineon/data/coolsic_mosfet_g2_650v/IMLT65R015M2H-plecs.xml,20866,9b3018e5414bc56bab2bdd0cacf50bb5a8c6e6df244fa3f19eb595c02910017e,.xml
src/pe_claw_gui/libraries/semiconductors/infineon/data/coolsic_mosfet_g2_650v/IMLT65R020M2H-plecs.xml,20853,1101790526faa75490fca407b629f4d80ac7b3659ded6b37a3a5115142a47555,.xml
src/pe_claw_gui/libraries/semiconductors/infineon/data/coolsic_mosfet_g2_650v/IMLT65R026M2H-plecs.xml,20832,8be28311937cbade851be69702bbd575463f5fa5917b187c603e9e0c51331c48,.xml
src/pe_claw_gui/libraries/semiconductors/infineon/data/coolsic_mosfet_g2_650v/IMLT65R033M2H-plecs.xml,20822,d0174c06cbb2b3e2cf693657e20a805ba9975cfcea1f4a5b3ebd2f1b3293b0d1,.xml
src/pe_claw_gui/libraries/semiconductors/infineon/data/coolsic_mosfet_g2_650v/IMLT65R040M2H-plecs.xml,20852,7fdd31ed8f9d21d196f03436532b9c297166372c50a8c629e8c8c31889038524,.xml
src/pe_claw_gui/libraries/semiconductors/infineon/data/coolsic_mosfet_g2_650v/IMLT65R050M2H-plecs.xml,20866,9643b5f2727b8e2d89fdb6ab77a6c181fc72528ab8c0b635fb785adbc0653c6c,.xml
src/pe_claw_gui/libraries/semiconductors/infineon/data/coolsic_mosfet_g2_650v/IMLT65R060M2H-plecs.xml,20773,9bb75ab4f1135dcf84bb9c1f1d9a53562df7c5f74c48641c69c1f8698d6e3c27,.xml
src/pe_claw_gui/libraries/semiconductors/infineon/data/coolsic_mosfet_g2_650v/IMLT65R075M2H-plecs.xml,20846,dc129c30efdb283664b1150d0821df28865d111c56b7b930e0ef2ede9f61a3bd,.xml
src/pe_claw_gui/libraries/semiconductors/infineon/data/coolsic_mosfet_g2_650v/IMT65R010M2H-plecs.xml,20840,7bec0eeae665f9ce34ee783be6a96a341e48d3916bf77d5ee47bab7b73dedcd9,.xml
src/pe_claw_gui/libraries/semiconductors/infineon/data/coolsic_mosfet_g2_650v/IMT65R015M2H-plecs.xml,20874,20ac80b24440f288e040f7353a13cfbd98b33f615abc948a5560a82ba72aa4fa,.xml
src/pe_claw_gui/libraries/semiconductors/infineon/data/coolsic_mosfet_g2_650v/IMT65R020M2H-plecs.xml,20847,e14a8dec75566ec81a57f5673504052abc6acb266a51f7ab8425c10241b952a0,.xml
src/pe_claw_gui/libraries/semiconductors/infineon/data/coolsic_mosfet_g2_650v/IMT65R026M2H-plecs.xml,20854,9315cca559f160d547bffa9b4d026203963c31e60c811ac511ef6845094d3b16,.xml
src/pe_claw_gui/libraries/semiconductors/infineon/data/coolsic_mosfet_g2_650v/IMT65R033M2H-plecs.xml,20781,7a4b7614216dc5fd6262a33fe778d926bac14e0503fb9d0c8734c5bd2bc79c36,.xml
src/pe_claw_gui/libraries/semiconductors/infineon/data/coolsic_mosfet_g2_650v/IMT65R040M2H-plecs.xml,20832,005c4d5b25d73db3ff177a3f908b75622bba6f0bdbfe9934b2162c6a9d30761c,.xml
src/pe_claw_gui/libraries/semiconductors/infineon/data/coolsic_mosfet_g2_650v/IMT65R050M2H-plecs.xml,20864,8a87617f78b238e4887861ab0159e0ff6ce1da2c2b600783d6d739c048e7c855,.xml
src/pe_claw_gui/libraries/semiconductors/infineon/data/coolsic_mosfet_g2_650v/IMT65R060M2H-plecs.xml,20884,8e6e57732fe7026aa2b72ac6a8f1303e6036918305aed591fd3757f1fe4cbfde,.xml
src/pe_claw_gui/libraries/semiconductors/infineon/data/coolsic_mosfet_g2_650v/IMT65R075M2H-plecs.xml,20844,9d66478db218b0c00e351044ab8fc87d725fab40ccb86ff94630e1568ede284d,.xml
src/pe_claw_gui/libraries/semiconductors/infineon/data/coolsic_mosfet_g2_650v/IMTA65R020M2H-plecs.xml,20864,a501eb589b005d4bc3c92c1d792c16af43786a2397a4505eb186e3169c973fcd,.xml
src/pe_claw_gui/libraries/semiconductors/infineon/data/coolsic_mosfet_g2_650v/IMTA65R026M2H-plecs.xml,20862,c1faf8f0afcf181b3db6ca5a865e2d85204c453642ab0bfa164d959775eb057b,.xml
src/pe_claw_gui/libraries/semiconductors/infineon/data/coolsic_mosfet_g2_650v/IMTA65R033M2H-plecs.xml,20796,b4a4642c3cb272c3d1d824633a493ebc9d057e8138ff09b8c0266adb3a0aa723,.xml
src/pe_claw_gui/libraries/semiconductors/infineon/data/coolsic_mosfet_g2_650v/IMTA65R040M2H-plecs.xml,20831,9428d755677475845ea952a1cc22cc15661266db9a7cfb8938398328d2f884a1,.xml
src/pe_claw_gui/libraries/semiconductors/infineon/data/coolsic_mosfet_g2_650v/IMTA65R050M2H-plecs.xml,20874,a86f2a72b308e1ca3b8e57cfbf97647b3f93ca050a426dc7d7540a9bb85dec33,.xml
src/pe_claw_gui/libraries/semiconductors/infineon/data/coolsic_mosfet_g2_650v/IMTA65R060M2H-plecs.xml,20804,b08e920c916974cbcfc5a9af0f3080451b7c477c2d40c75208000211e75b6570,.xml
src/pe_claw_gui/libraries/semiconductors/infineon/data/coolsic_mosfet_g2_650v/IMTA65R075M2H-plecs.xml,20827,240e1cdfcbd1ecea911e72f6000279f1703245451633f2d1ee75a9d1bf802f5e,.xml
src/pe_claw_gui/libraries/semiconductors/infineon/data/coolsic_mosfet_g2_650v/IMW65R007M2H-plecs.xml,20887,ecdbeeb1cc49570c0db5318c73b525c69ff6a1a7aaf3864b2214f44885ed41ce,.xml
src/pe_claw_gui/libraries/semiconductors/infineon/data/coolsic_mosfet_g2_650v/IMW65R010M2H-plecs.xml,20831,ba34a586e1b92f35ddad3a97f529b109fcfafa40963cc72cb520b01a88dee181,.xml
src/pe_claw_gui/libraries/semiconductors/infineon/data/coolsic_mosfet_g2_650v/IMW65R015M2H-plecs.xml,20838,2be6b942b85345bd1d6257b6dd48b35ef76ebb097acba27e8c13d4de4d78c623,.xml
src/pe_claw_gui/libraries/semiconductors/infineon/data/coolsic_mosfet_g2_650v/IMW65R020M2H-plecs.xml,20870,159066bc54991c9ad1546ec00f7c4913a2f1573c05130737707323ab96722a23,.xml
src/pe_claw_gui/libraries/semiconductors/infineon/data/coolsic_mosfet_g2_650v/IMW65R026M2H-plecs.xml,20817,a2dd5fbc6b74621abdce34165694a39cf652428fe3626d399158a43306fd3863,.xml
src/pe_claw_gui/libraries/semiconductors/infineon/data/coolsic_mosfet_g2_650v/IMW65R033M2H-plecs.xml,20882,8665611a7229d3e951d702812f4af019ab8c7b56661774c5b22700972ca3fe2b,.xml
src/pe_claw_gui/libraries/semiconductors/infineon/data/coolsic_mosfet_g2_650v/IMW65R040M2H-plecs.xml,20807,7cabfa17f280f3b63eff25b70fcf1983141f2ad227cf7cc4342e12492920ecbc,.xml
src/pe_claw_gui/libraries/semiconductors/infineon/data/coolsic_mosfet_g2_650v/IMW65R050M2H-plecs.xml,20797,af16f86146d5ddea70452eff41df424cd8e5a300318134ef0b938f53c25f5617,.xml
src/pe_claw_gui/libraries/semiconductors/infineon/data/coolsic_mosfet_g2_650v/IMW65R060M2H-plecs.xml,20789,092577cdaf70c94ebc187b81d26498063711d4e5b67dd428598c0d5c9b69af46,.xml
src/pe_claw_gui/libraries/semiconductors/infineon/data/coolsic_mosfet_g2_650v/IMW65R075M2H-plecs.xml,20854,b901a8f677e320a84917f973e19e2579aec8ec9548259ac53177723439982ceb,.xml
src/pe_claw_gui/libraries/semiconductors/infineon/data/coolsic_mosfet_g2_650v/IMZA65R007M2H-plecs.xml,20891,41a83da3632d71e97c173f2f21b8bf3611022293fe6d4f20f1ceaa1967756e4c,.xml
src/pe_claw_gui/libraries/semiconductors/infineon/data/coolsic_mosfet_g2_650v/IMZA65R010M2H-plecs.xml,20819,26048c4140000e29f806f49454f796b12b545d98c131642f5b75951d15c3f514,.xml
src/pe_claw_gui/libraries/semiconductors/infineon/data/coolsic_mosfet_g2_650v/IMZA65R015M2H-plecs.xml,20854,e39a112be5a44bb5af0e1f81da7c849a8b5cc3dc5dc9486431b204aac6da1e54,.xml
src/pe_claw_gui/libraries/semiconductors/infineon/data/coolsic_mosfet_g2_650v/IMZA65R020M2H-plecs.xml,20876,2f6b0208a4f888c1c2487fd4f2c7f3dd17dc6041d05617b2472343a1fddaab0b,.xml
src/pe_claw_gui/libraries/semiconductors/infineon/data/coolsic_mosfet_g2_650v/IMZA65R026M2H-plecs.xml,20804,4d349811eff00de22f830eaf2f16f52cfbdea55aa72a9be33a9eeb281f22f47c,.xml
src/pe_claw_gui/libraries/semiconductors/infineon/data/coolsic_mosfet_g2_650v/IMZA65R033M2H-plecs.xml,20845,b0ce1b1e63abe436bd1fb01d17a38d13fc236388e239765805e2e65912c66e44,.xml
src/pe_claw_gui/libraries/semiconductors/infineon/data/coolsic_mosfet_g2_650v/IMZA65R040M2H-plecs.xml,20814,e005e0293a78428d27d3cbaba4406a2cdc67e399daa5cec5bb1a040a8d850ce9,.xml
src/pe_claw_gui/libraries/semiconductors/infineon/data/coolsic_mosfet_g2_650v/IMZA65R050M2H-plecs.xml,20791,eb70a82ff2322b3dc24ee69e6b42acdd29b96f8ac382cfa2569e106839709835,.xml
src/pe_claw_gui/libraries/semiconductors/infineon/data/coolsic_mosfet_g2_650v/IMZA65R060M2H-plecs.xml,20775,1a6f3a45bfabb8a826940d986506e4cfd146171ffdace31c6f6736a21e0535e0,.xml
src/pe_claw_gui/libraries/semiconductors/infineon/data/coolsic_mosfet_g2_650v/IMZA65R075M2H-plecs.xml,20854,76bec29aa1cc24c0318cb8b2288a73272fb3674aa772249080281ce22fef268b,.xml
src/pe_claw_gui/libraries/semiconductors/infineon/data/coolsic_mosfet_g2_750v/IMBG75R007M2H-plecs.xml,20777,fe394c8150e485668829fd651e1a9cb508a7ba16afeb4c947630c35301a23aa9,.xml
src/pe_claw_gui/libraries/semiconductors/infineon/data/coolsic_mosfet_g2_750v/IMBG75R011M2H-plecs.xml,20840,2a3c47f13c7e6aa40d0b81a6e04f8c5608e220f0b17c5f28d9496ea29eb3d9f2,.xml
src/pe_claw_gui/libraries/semiconductors/infineon/data/coolsic_mosfet_g2_750v/IMBG75R016M2H-plecs.xml,20827,1d7c82fb74c64b82661f584106feab39f8e68e429919d46bd4b299e678bc8d77,.xml
src/pe_claw_gui/libraries/semiconductors/infineon/data/coolsic_mosfet_g2_750v/IMBG75R020M2H-plecs.xml,20774,5b3ccfdbe57602a8778ea8a1d69de4e6e8511fe1a24df3849de459524caaee89,.xml
src/pe_claw_gui/libraries/semiconductors/infineon/data/coolsic_mosfet_g2_750v/IMBG75R025M2H-plecs.xml,20758,15d686d081258a8becd021393cfde2c561a7baecbb2cc8a3392a749e2d215ba7,.xml
src/pe_claw_gui/libraries/semiconductors/infineon/data/coolsic_mosfet_g2_750v/IMBG75R033M2H-plecs.xml,20820,eacbf2459f0ef9ec2e498991355b6b90a7d9644e54092835f456d1abc04cd979,.xml
src/pe_claw_gui/libraries/semiconductors/infineon/data/coolsic_mosfet_g2_750v/IMBG75R040M2H-plecs.xml,20767,6123a65c46879cc4f9f60d2611565b1467a95ac14e2213e43499a679ae898768,.xml
src/pe_claw_gui/libraries/semiconductors/infineon/data/coolsic_mosfet_g2_750v/IMBG75R050M2H-plecs.xml,20779,24f7ff8011d4cfb082d1cf4b68555dc0abdebea6e6dc4b6f39a7caebdc96c8b4,.xml
src/pe_claw_gui/libraries/semiconductors/infineon/data/coolsic_mosfet_g2_750v/IMBG75R060M2H-plecs.xml,20817,2b7bb0332363688a3b5748fa45620069fe0dd404ecae2066874caea662592f0b,.xml
src/pe_claw_gui/libraries/semiconductors/infineon/data/coolsic_mosfet_g2_750v/IMDQ75R004M2H-plecs.xml,20816,01214d6a94284dbd85613b5680321fdfcabd05e0a08e5e8c76c7fc2ab5f147f1,.xml
src/pe_claw_gui/libraries/semiconductors/infineon/data/coolsic_mosfet_g2_750v/IMDQ75R007M2H-plecs.xml,20892,16fd73a872e4f5f59bc82693d993b42df4e8aa380cba9f2ef7133f978f0aac96,.xml
src/pe_claw_gui/libraries/semiconductors/infineon/data/coolsic_mosfet_g2_750v/IMDQ75R011M2H-plecs.xml,20851,a5616f4687e93fba2ae5b26ee0046a106f11c5d8d54c5ca4f917fb074f78484f,.xml
src/pe_claw_gui/libraries/semiconductors/infineon/data/coolsic_mosfet_g2_750v/IMDQ75R016M2H-plecs.xml,20922,2b8288fa5553230a1e1cd94563be69c50a8f7949ef47f43638adeaa844e7727f,.xml
src/pe_claw_gui/libraries/semiconductors/infineon/data/coolsic_mosfet_g2_750v/IMDQ75R020M2H-plecs.xml,20828,92690749e67f3632c8c736cb5b5317f3b547a2400ed1670cd07d27fb6768483f,.xml
src/pe_claw_gui/libraries/semiconductors/infineon/data/coolsic_mosfet_g2_750v/IMDQ75R025M2H-plecs.xml,20846,51264c472487eb60d605c10bab90b1f23006d24222a03c9905633041b6ce74b9,.xml
src/pe_claw_gui/libraries/semiconductors/infineon/data/coolsic_mosfet_g2_750v/IMDQ75R033M2H-plecs.xml,20871,bb409db750abfb12ce617482528ac49fce62edc93eaf2e7c210ac01b16ae1180,.xml
src/pe_claw_gui/libraries/semiconductors/infineon/data/coolsic_mosfet_g2_750v/IMDQ75R040M2H-plecs.xml,20820,bc5f5a3705972e23b00f58eccbacb9a7d9e423a7cf2b4d5fbd79038ee0ade260,.xml
src/pe_claw_gui/libraries/semiconductors/infineon/data/coolsic_mosfet_g2_750v/IMDQ75R050M2H-plecs.xml,20735,891d474e106e886de632b763a4d1dd26f3892f7a5237f05a361ca5224d9211ce,.xml
src/pe_claw_gui/libraries/semiconductors/infineon/data/coolsic_mosfet_g2_750v/IMDQ75R060M2H-plecs.xml,20824,4d0a5436675906de60e15c069d2f343d5eb040bf7740639818f854de6ffca329,.xml
src/pe_claw_gui/libraries/semiconductors/infineon/data/coolsic_mosfet_g2_750v/IMZA75R007M2H-plecs.xml,20832,03070e7d0e8e06e6d03eaf80ba40135e81275473256ca7013204dffec6d7d927,.xml
src/pe_claw_gui/libraries/semiconductors/infineon/data/coolsic_mosfet_g2_750v/IMZA75R011M2H-plecs.xml,20821,be041e32374534aa9122397d152736891bb362ac77f6702bc7e89f76dfcaebb4,.xml
src/pe_claw_gui/libraries/semiconductors/infineon/data/coolsic_mosfet_g2_750v/IMZA75R016M2H-plecs.xml,20747,5cb24bc721ae5bda4b6ce28f14c0f190f1957701a097f1d11aa19bbff1dafaaf,.xml
src/pe_claw_gui/libraries/semiconductors/infineon/data/coolsic_mosfet_g2_750v/IMZA75R020M2H-plecs.xml,20790,80ca1d538fb4aba633381f36c7748d21e3cab7f817ffb46541e793e6e509f1e1,.xml
src/pe_claw_gui/libraries/semiconductors/infineon/data/coolsic_mosfet_g2_750v/IMZA75R025M2H-plecs.xml,20784,00a292398be50a81ae66d4cd654afc41e340e0eecb353c252ffa272234052738,.xml
src/pe_claw_gui/libraries/semiconductors/infineon/data/coolsic_mosfet_g2_750v/IMZA75R033M2H-plecs.xml,20780,1046feaa7621f265a3cf0bcb3ac61e0db93c1dbcc7679c19c7e34ebfeb159054,.xml
src/pe_claw_gui/libraries/semiconductors/infineon/data/coolsic_mosfet_g2_750v/IMZA75R040M2H-plecs.xml,20790,c2ee9f71cd6752276f60fd7d856aa6b1343b9833a45b69f22d13fe7e4e1e0db8,.xml
src/pe_claw_gui/libraries/semiconductors/infineon/data/coolsic_mosfet_g2_750v/IMZA75R050M2H-plecs.xml,20720,8be6d92ab5e646a788f1c15561e9f05d0493dea9d62bb2d12ba290d8143dd861,.xml
src/pe_claw_gui/libraries/semiconductors/infineon/data/coolsic_mosfet_g2_750v/IMZA75R060M2H-plecs.xml,20798,154427c96c6e9c3a28512e33bdd07eb81f6a5c359a86eceabd0f5ab0a40df3f1,.xml
src/pe_claw_gui/libraries/semiconductors/lookup_table.py,3445,55c359c324ce97833565a814efdbd947c8fe0504d463e48290dbb3eba133df16,.py
src/pe_claw_gui/libraries/semiconductors/metadata.py,23940,f02fd924a93e23b3ce9228f3df102948810277add22186559fb9c9f62e104ae5,.py
src/pe_claw_gui/libraries/semiconductors/mitsubishi/__init__.py,561,ead5fd43fbc8d1990ace1f3425abe85a0572208526409c296b853ebb90f8e073,.py
src/pe_claw_gui/libraries/semiconductors/mitsubishi/data/cm1200da_34x/CM1200DA-34X_Diode.xml,12083,9670bb45af479674fdd01a70f6a188b13bc22427bfa57af46cf322375418c58d,.xml
src/pe_claw_gui/libraries/semiconductors/mitsubishi/data/cm1200da_34x/CM1200DA-34X_IGBT.xml,12325,0ce425d92ae022579b088276b190ccaa7eceb5f88a70bfe21911fb2db5bcd954,.xml
src/pe_claw_gui/libraries/semiconductors/mitsubishi/data/cm1200dc_34s1/CM1200DC-34S1_Diode.xml,11689,15004ae616bc9aad10091f2f421420ce79f254fe8a0cce52a682234d23970441,.xml
src/pe_claw_gui/libraries/semiconductors/mitsubishi/data/cm1200dc_34s1/CM1200DC-34S1_IGBT.xml,13688,db3002b75c720f97b56c77fb284aa3e356cd7f4f02a349ce22c519ab0ec62792,.xml
src/pe_claw_gui/libraries/semiconductors/mitsubishi/data/cm1200dw_24t/CM1200DW-24T_Diode.xml,12154,4ddf2fb548e7a5ba62188a2b39a6bace0e654ade89c2049b35604fd57d21219b,.xml
src/pe_claw_gui/libraries/semiconductors/mitsubishi/data/cm1200dw_24t/CM1200DW-24T_IGBT.xml,13881,4724b60d36b7631e576a9e6e3dfa02e9daa815d7e15a8f098eb6cd153fed8634,.xml
src/pe_claw_gui/libraries/semiconductors/mitsubishi/data/cm1500hg_90x/CM1500HG-90X_Diode.xml,13482,9125de5a66caeaa29140f3824373b53856dbe78c2a6f5ca4cc43dfa77cc31d9c,.xml
src/pe_claw_gui/libraries/semiconductors/mitsubishi/data/cm1500hg_90x/CM1500HG-90X_IGBT.xml,15280,e48f617ea3a78c3e912aaf5323db83478ad31979d8a98a30106cf3b7665001f0,.xml
src/pe_claw_gui/libraries/semiconductors/mitsubishi/data/cm1800hc_66x/CM1800HC-66X_Diode.xml,13290,c019535d9d16df47dffd4152cc694ce30dc019cdb61dd31e1449ea6f870dae14,.xml
src/pe_claw_gui/libraries/semiconductors/mitsubishi/data/cm1800hc_66x/CM1800HC-66X_IGBT.xml,14720,1997aec7bc25613a1e1dc2d4cb297a4d0e238540872812f98eedbd68c7631de8,.xml
src/pe_claw_gui/libraries/semiconductors/mitsubishi/data/cm450dy_24t/CM450DY-24T_Diode.xml,11612,cd8c18c7bb794e03898c016145792fea41e450295e6dcb28288acbdfc931e6de,.xml
src/pe_claw_gui/libraries/semiconductors/mitsubishi/data/cm450dy_24t/CM450DY-24T_IGBT.xml,13219,fdd613c997b39225c1904b179a0b0b67a7985a04c4fdf7070d7414e75e093b4d,.xml
src/pe_claw_gui/libraries/semiconductors/mitsubishi/data/cm600dy_24t/CM600DY-24T_Diode.xml,11604,d16f0c0d828bbb3e865bfadc565434661977fedc444565477dea9f4a0fc88099,.xml
src/pe_claw_gui/libraries/semiconductors/mitsubishi/data/cm600dy_24t/CM600DY-24T_IGBT.xml,13249,5668fd718f147080ebab25b2ca424708eea4620d53c1365bbc723d2503ac35ce,.xml
src/pe_claw_gui/libraries/semiconductors/mitsubishi/data/cmh1200dc_34s/CMH1200DC-34S_Diode.xml,10687,ad29ef4fdb276bac127aa86b6560beed75ed959d005761c9c2b3e8bff5bd538c,.xml
src/pe_claw_gui/libraries/semiconductors/mitsubishi/data/cmh1200dc_34s/CMH1200DC-34S_IGBT.xml,12967,7808006248811dbda7bbc06999cc322fd245f1b53fb200446c8d4e872ca6fd94,.xml
src/pe_claw_gui/libraries/semiconductors/mitsubishi/data/ct600cj1a060_a/CT600CJ1A060-A_Diode.xml,10676,ff8ab29e68597e799f14a52f0c2becf3841423cc0bbe70836497671c8642a84c,.xml
src/pe_claw_gui/libraries/semiconductors/mitsubishi/data/ct600cj1a060_a/CT600CJ1A060-A_IGBT.xml,12438,ce2f60c2f6ba3a9cbac2f31d7b2f40d07d7d0d635ec8973350c92b5b47475217,.xml
src/pe_claw_gui/libraries/semiconductors/mitsubishi/data/ct700cj1a060_a/CT700CJ1A060-A_Diode.xml,10738,de724a0fb0991eb1fcd0869e36caf466c3c2f4a41882872e7ce274706d97fd60,.xml
src/pe_claw_gui/libraries/semiconductors/mitsubishi/data/ct700cj1a060_a/CT700CJ1A060-A_IGBT.xml,12447,b16c7d792f5e25a2eb436124a39cc715f3852f04ea083a5a3134d68865519787,.xml
src/pe_claw_gui/libraries/semiconductors/mitsubishi/data/fmf375dc_66a/FMF375DC-66A_Diode.xml,11511,adef2a4e5f6f24dc47ef550a85b8ac7b7057b0cdbdea1719341a1042de54c440,.xml
src/pe_claw_gui/libraries/semiconductors/mitsubishi/data/fmf375dc_66a/FMF375DC-66A_MOSFET.xml,14114,3f8dff249c731b4fc6a0e6ec191d27d8bc9d31be90c0811a52813163ffc6ce15,.xml
src/pe_claw_gui/libraries/semiconductors/mitsubishi/data/fmf600dxe_24bn/FMF600DXE-24BN.xml,13857,862bdd77d904f892f952fa9e39c72b03040068a8fd5619d336e0cd098a1e5dfc,.xml
src/pe_claw_gui/libraries/semiconductors/mitsubishi/data/fmf600dxe_34bn/FMF600DXE-34BN.xml,15575,6892e490e6cf4ba99b57f37c18f3c4cb003b67201775558165d4217d7678925f,.xml
src/pe_claw_gui/libraries/semiconductors/mitsubishi/data/fmf600dxza_24b/FMF600DXZA-24B.xml,13876,b3434b0fb7049657257e190b4648464c7ddf4fb0df4ea73b358762397607d609,.xml
src/pe_claw_gui/libraries/semiconductors/mitsubishi/data/fmf750dc_66a/FMF750DC-66A_Diode.xml,12497,a9df3bff6db2faee7b4e84e40aa82fb0a0530739e39150997ad24f2480d5e9b5,.xml
src/pe_claw_gui/libraries/semiconductors/mitsubishi/data/fmf750dc_66a/FMF750DC-66A_MOSFET.xml,14901,7cc3953eac032dba85583a18728fd62756a4a2f39c0121f7296efde6c8137dff,.xml
src/pe_claw_gui/libraries/semiconductors/mitsubishi/data/fmf800dxza_24b/FMF800DXZA-24B.xml,13875,baa68a50a426cb31de2d56d4edf784f40345ac2cc38b54daebb5bff826925d83,.xml
src/pe_claw_gui/libraries/semiconductors/mitsubishi/igbt_modules.py,22580,df3b5756f9a94119a2a22538ff9951f56c04bdafcff48ceae76e5d8746c087bc,.py
src/pe_claw_gui/libraries/semiconductors/models.py,6208,7dcaa07be2e9491aac18c303118da03c1ba758941890781ccf13c895538d45be,.py
src/pe_claw_gui/libraries/semiconductors/navitas/__init__.py,522,6600dfedda816d6c6dba8c9ffa9e9ab18b18381300079e9680746e4572d3ae45,.py
src/pe_claw_gui/libraries/semiconductors/navitas/data/gen3f_sic_mosfet/G3F135MT12J.xml,15596,40c7565cba70f7d08eab0d480a24fe9b6d2bda81dccd4fa77dae93fe4aee698c,.xml
src/pe_claw_gui/libraries/semiconductors/navitas/data/gen3f_sic_mosfet/G3F18MT12J.xml,15676,2923d7d6479e1f8d7fe9dac9d00ea3a0aa57b25b1a577c22dab4472e296e31b7,.xml
src/pe_claw_gui/libraries/semiconductors/navitas/data/gen3f_sic_mosfet/G3F18MT12K.xml,15677,c8bf56ff2959e37123531b22fe6e27643fb67782fb738e34bc4da342bd5e245a,.xml
src/pe_claw_gui/libraries/semiconductors/navitas/data/gen3f_sic_mosfet/G3F20MT12K.xml,15647,a19f38f65fc2f3527f95bf9357446b95258d14e811c01d034d704299562bd428,.xml
src/pe_claw_gui/libraries/semiconductors/navitas/data/gen3f_sic_mosfet/G3F25MT06J.xml,15629,765e29545626d4959e4d0af499d186deceb4a5259ef1587779f83d3fdf8795de,.xml
src/pe_claw_gui/libraries/semiconductors/navitas/data/gen3f_sic_mosfet/G3F25MT06K.xml,15622,e0538ec93b28674b6f53b24172822a26745574f7800e4e48b34e284043cb7bd9,.xml
src/pe_claw_gui/libraries/semiconductors/navitas/data/gen3f_sic_mosfet/G3F25MT06L.xml,15632,ab3a63e55f391bc7bba8264129d2b936c95a8e1afb6a2ab032f689ab5ffa8276,.xml
src/pe_claw_gui/libraries/semiconductors/navitas/data/gen3f_sic_mosfet/G3F25MT12J.xml,15665,be73856d6dcea694f4611637f5a630029eef8725be33b6126b3f85e338474f6f,.xml
src/pe_claw_gui/libraries/semiconductors/navitas/data/gen3f_sic_mosfet/G3F25MT12K.xml,15666,6cba1cb97902e223dee47b04bd3d9d44897634d63c5251c4ef13a788679168d7,.xml
src/pe_claw_gui/libraries/semiconductors/navitas/data/gen3f_sic_mosfet/G3F33MT06J.xml,15669,5579cd62d9d765932f88e565b14258aa3166086e2572e5a7dd3d30e07319e57e,.xml
src/pe_claw_gui/libraries/semiconductors/navitas/data/gen3f_sic_mosfet/G3F33MT06K.xml,15675,703fa4e048aed3d969aa94113391da78c8942100a209f6e8ef7fb28807f137d2,.xml
src/pe_claw_gui/libraries/semiconductors/navitas/data/gen3f_sic_mosfet/G3F33MT06L.xml,15669,82a6230c31ea6ebf942f80dd405e2911361280556760070db20d3631dc6e3edb,.xml
src/pe_claw_gui/libraries/semiconductors/navitas/data/gen3f_sic_mosfet/G3F34MT12J.xml,15596,42a35f1e19bcfec7543db4c0227dd72bfe6a8410d6f5fe0bb20880a6d4f0906b,.xml
src/pe_claw_gui/libraries/semiconductors/navitas/data/gen3f_sic_mosfet/G3F34MT12K.xml,15600,ccb0207205d57ce62bab0e65a9da2e513a4334e9f09a349e09eee4ef2f68fa91,.xml
src/pe_claw_gui/libraries/semiconductors/navitas/data/gen3f_sic_mosfet/G3F40MT12J.xml,15620,0e24f80e87bee90e21577b8ac2459b9f6dea7a32fa705e1915c29b71168b05a7,.xml
src/pe_claw_gui/libraries/semiconductors/navitas/data/gen3f_sic_mosfet/G3F40MT12K.xml,15619,88cbd455e48f10e5a569fa8526bfb171d9edf2f01b170ab815b14241b5c1b60f,.xml
src/pe_claw_gui/libraries/semiconductors/navitas/data/gen3f_sic_mosfet/G3F45MT06J.xml,15596,cea6d780dd4e0e4b459154f4e901850f6c81120b8e3f753b674b478a971b8014,.xml
src/pe_claw_gui/libraries/semiconductors/navitas/data/gen3f_sic_mosfet/G3F45MT06K.xml,15592,ab895945fce26de388a7d4ecaaca6e1a4f870de6e4f157818b8c20b167a2e5b1,.xml
src/pe_claw_gui/libraries/semiconductors/navitas/data/gen3f_sic_mosfet/G3F45MT06L.xml,15595,4e1f6bfa9ac423235c656a99ad93c0f17a508ebdf0b6f785fbd7851063ecec01,.xml
src/pe_claw_gui/libraries/semiconductors/navitas/data/gen3f_sic_mosfet/G3F60MT06J.xml,15607,6bc532a0e28ea0fdfc2c652c82f6c93d768c13cf7b4528e20fc90048a7802ff5,.xml
src/pe_claw_gui/libraries/semiconductors/navitas/data/gen3f_sic_mosfet/G3F60MT06K.xml,15611,dc539b6dbc9826d89c241773abfa869b0112c333e92fb33dff7fbf54bf9663c9,.xml
src/pe_claw_gui/libraries/semiconductors/navitas/data/gen3f_sic_mosfet/G3F60MT06L.xml,15608,3dcf1d901a4bdf0c5e3e4cfd3943111f1868a10fc773f741375fb05f8c280e54,.xml
src/pe_claw_gui/libraries/semiconductors/navitas/data/gen3f_sic_mosfet/G3F65MT12J.xml,15599,c08eba0dc2ecd980d861b2127c1a1f755b141bbc5bcea2f70ea0f56052c05020,.xml
src/pe_claw_gui/libraries/semiconductors/navitas/data/gen3f_sic_mosfet/G3F65MT12K.xml,15597,10af70616b7b8b38306e1c29f931fe71357a49ece861819d96f211a57cc5dd68,.xml
src/pe_claw_gui/libraries/semiconductors/navitas/data/gen3f_sic_mosfet/G3F75MT12J.xml,15582,5af3450bcf37530fa8320098f0346a4a12f303bc6ac0e82d707273afdec5c94a,.xml
src/pe_claw_gui/libraries/semiconductors/navitas/data/gen3f_sic_mosfet/G3F75MT12K.xml,15587,b5377ef4761cec93e27f7bac7656824596bc6cdfc63dab7cad7d6c05c51e24d8,.xml
src/pe_claw_gui/libraries/semiconductors/navitas/gen3f_sic_mosfet.py,28125,0518fee9ac89f0d7ae59f538fd498f6a058450c0cdd4af0fc1a59559e7beaff0,.py
src/pe_claw_gui/libraries/semiconductors/normalized/.gitkeep,1,01ba4719c80b6fe911b091a7c05124b64eeece964e09c058ef8f9805daca546b,
src/pe_claw_gui/libraries/semiconductors/packages.py,26422,90de48752423a65fc603e010b5a0fd6a95ba25795ce99768d5d89bdc0335ad89,.py
src/pe_claw_gui/libraries/semiconductors/power_device.py,2674,3d1360fd7c5c3b2288dcefd08b1830827d8b79497631543200a14738e81a8709,.py
src/pe_claw_gui/libraries/semiconductors/raw/.gitkeep,1,01ba4719c80b6fe911b091a7c05124b64eeece964e09c058ef8f9805daca546b,
src/pe_claw_gui/libraries/semiconductors/registry.py,7320,64658477c2e69ade28c3ca2240e3a175d66ecedb5e18ca4b8649d50c8de9be58,.py
src/pe_claw_gui/libraries/semiconductors/rohm/__init__.py,12997,e181a6b89d2a042b4992bed54d55badf6abe00e35dcaa8e0d48cca88eb323a21,.py
src/pe_claw_gui/libraries/semiconductors/rohm/data/bsm080d12p2c008/BSM080D12P2C008_DMOS.xml,18083,d29a04b8f396a0c900c1211c6d063123d07c477e9f9b28b63cabdf6f05129f0e,.xml
src/pe_claw_gui/libraries/semiconductors/rohm/data/bsm080d12p2c008/BSM080D12P2C008_SBD.xml,2886,c11aa8244d74c1524bbb724249a9fd20f3cdafff874b04fb3ddd576183e95822,.xml
src/pe_claw_gui/libraries/semiconductors/rohm/data/bsm120c12p2c201/BSM120C12P2C201_DMOS.xml,19605,96101e7e8796123d1fdf3ddba2d45d69ece619e7658d0fa22abdd8edb254cb0a,.xml
src/pe_claw_gui/libraries/semiconductors/rohm/data/bsm120c12p2c201/BSM120C12P2C201_SBD.xml,3069,b328a128eb3636a65e882dd6d105d34548600e3a9f4d665916a30b98cc12b015,.xml
src/pe_claw_gui/libraries/semiconductors/rohm/data/bsm120d12p2c005/BSM120D12P2C005_DMOS.xml,15701,c260787444c239dde63c2cff300ababeaf5cae051551a4f689b900268a04e12e,.xml
src/pe_claw_gui/libraries/semiconductors/rohm/data/bsm120d12p2c005/BSM120D12P2C005_SBD.xml,2968,7a304085348aa6b3f735c56cc1c3409b0f6f47f3618ea9b6f97b77ee72a40501,.xml
src/pe_claw_gui/libraries/semiconductors/rohm/data/bsm180c12p2e202/BSM180C12P2E202_DMOS.xml,22900,519559d71d9c761b6a53de1b6d1bf8a8073e7caf41ce10d7207b3d52171c495c,.xml
src/pe_claw_gui/libraries/semiconductors/rohm/data/bsm180c12p2e202/BSM180C12P2E202_SBD.xml,3071,4d7b14b358138e268c366b33e1c42ec005dc2dc8a7eeadde6e6c1204b1e3cb32,.xml
src/pe_claw_gui/libraries/semiconductors/rohm/data/bsm180c12p3c202/BSM180C12P3C202_SBD.xml,2991,b355309d0bce5220ef2410aa0915ab1a6cf2c81607a2555b2dee08e233644f19,.xml
src/pe_claw_gui/libraries/semiconductors/rohm/data/bsm180c12p3c202/BSM180C12P3C202_UMOS.xml,18154,31747c91f31ba12865e9f37a3f6d8e085438ace1c3f0aae08260e529e08735c5,.xml
src/pe_claw_gui/libraries/semiconductors/rohm/data/bsm180d12p2c101/BSM180D12P2C101_DMOS.xml,18664,f23cd56382f6abd3c4f7ef514978cd8c2da2357b7a46a69f7fc39afc39695945,.xml
src/pe_claw_gui/libraries/semiconductors/rohm/data/bsm180d12p2e002/BSM180D12P2E002_DMOS.xml,20859,3424c1785e30b2e576356838aacc8db8f7d7185be4e800268e2a14fe34839d26,.xml
src/pe_claw_gui/libraries/semiconductors/rohm/data/bsm180d12p2e002/BSM180D12P2E002_SBD.xml,3071,3e7b92883af85217c842d173bf0990db8888a81295379e31ad9b6555c86d0c29,.xml
src/pe_claw_gui/libraries/semiconductors/rohm/data/bsm180d12p3c007/BSM180D12P3C007_SBD.xml,2827,51fffd3775480f3bb882d79b982c66bf268357e12e0157d9feefa97bdd43c548,.xml
src/pe_claw_gui/libraries/semiconductors/rohm/data/bsm180d12p3c007/BSM180D12P3C007_UMOS.xml,16771,235c522cc05936045e44ef7e46ce08be5f11aca58753983e26d1fcb5eba5fa07,.xml
src/pe_claw_gui/libraries/semiconductors/rohm/data/bsm250d17p2e004/BSM250D17P2E004_DMOS.xml,19348,4d03200d46983876e6718bb1114e91fe336d0db2d94a3afb38ae03a5c67cfa24,.xml
src/pe_claw_gui/libraries/semiconductors/rohm/data/bsm250d17p2e004/BSM250D17P2E004_SBD.xml,2934,bfaa8e11ccb1f57b246e7211ef0b3445005d6379c63327515a09509ab8610835,.xml
src/pe_claw_gui/libraries/semiconductors/rohm/data/bsm300c12p3e201/BSM300C12P3E201_SBD.xml,2964,5bba5e28f5e30a7597030d1e59883c2f5a0f05aeb8b3132b494d8461ca0360c0,.xml
src/pe_claw_gui/libraries/semiconductors/rohm/data/bsm300c12p3e201/BSM300C12P3E201_UMOS.xml,20861,2cc52c63550bd9951a8387cd2b901dbbf049b2b14b76740cb5f85d6023c6076b,.xml
src/pe_claw_gui/libraries/semiconductors/rohm/data/bsm300c12p3e301/BSM300C12P3E301_SBD.xml,2964,0cf9c833053772101df6988739950a2cfdae61ac17d0ce153be43676ad2326a7,.xml
src/pe_claw_gui/libraries/semiconductors/rohm/data/bsm300c12p3e301/BSM300C12P3E301_UMOS.xml,19835,dc1d4f0f4320ad5c537b435fda3c3346653498a0f4c372b81dbd760e826c0354,.xml
src/pe_claw_gui/libraries/semiconductors/rohm/data/bsm300d12p2e001/BSM300D12P2E001_DMOS.xml,20840,2100d335bf44cc0517b782c2ea23ff8f51056e96e8b06250c9558e405029713d,.xml
src/pe_claw_gui/libraries/semiconductors/rohm/data/bsm300d12p2e001/BSM300D12P2E001_SBD.xml,2894,49924be5125a97bf8ebdf9eca88feafaaa2137281523902b75196b59bc8f297b,.xml
src/pe_claw_gui/libraries/semiconductors/rohm/data/bsm300d12p3e005/BSM300D12P3E005_SBD.xml,2871,b15b423ec07656056d9e360e7842cfde65b7cea13b9b15570e053279c1b9ab18,.xml
src/pe_claw_gui/libraries/semiconductors/rohm/data/bsm300d12p3e005/BSM300D12P3E005_UMOS.xml,18378,3bd517b58033a48cee198a9291d0f994fa54b8e75c51dac9bc96edc992a7bb72,.xml
src/pe_claw_gui/libraries/semiconductors/rohm/data/bsm300d12p4g101/BSM300D12P4G101_UMOS.xml,16351,9e67232cd6e99fe75fa67133fdd9a3155c196ef9e76122e51fc8fd21e7f8460c,.xml
src/pe_claw_gui/libraries/semiconductors/rohm/data/bsm400c12p3g202/BSM400C12P3G202_DMOS.xml,18312,1e8e7e1e94e6fa62a49c6b26fc8a495793526cba40d3326ede875aa3f43f614f,.xml
src/pe_claw_gui/libraries/semiconductors/rohm/data/bsm400c12p3g202/BSM400C12P3G202_SBD.xml,3032,9668e22ecd8acf55baa9a888f9198b99857beafcbcf5eca032f88eb8b6450a55,.xml
src/pe_claw_gui/libraries/semiconductors/rohm/data/bsm400d12p2g003/BSM400D12P2G003_DMOS.xml,18463,3ae80116080d87997d6ece17b7dd1b58db2d2b8a8384eefbc2e21e7d5c84689d,.xml
src/pe_claw_gui/libraries/semiconductors/rohm/data/bsm400d12p2g003/BSM400D12P2G003_SBD.xml,2870,aebcd35a33ccc4655db33b8bc6e617525c324003cc42d8d43a3670f1edc7caab,.xml
src/pe_claw_gui/libraries/semiconductors/rohm/data/bsm400d12p3g002/BSM400D12P3G002_SBD.xml,2813,940729a4bc2fa685bb19eaef95d76e4ab2140b139a5c0427debf8cafdb0c1d2a,.xml
src/pe_claw_gui/libraries/semiconductors/rohm/data/bsm400d12p3g002/BSM400D12P3G002_UMOS.xml,16400,6873682fcf0c026405d8aa4f8a75ac5207b2c88f9bb9081cd468f0586bc3e7c3,.xml
src/pe_claw_gui/libraries/semiconductors/rohm/data/bsm450d12p4g102/BSM450D12P4G102_UMOS.xml,16915,97ec8f5aaa8e9b71ab62c6cf0f0ad2f86f740951d3827410b7fc5eaf76b4f056,.xml
src/pe_claw_gui/libraries/semiconductors/rohm/data/bsm600c12p3g201/BSM600C12P3G201_DMOS.xml,18646,0fb76431f7a84b27d77915fc692351b01cfb0f5b35a36557918ef3ac61128c31,.xml
src/pe_claw_gui/libraries/semiconductors/rohm/data/bsm600c12p3g201/BSM600C12P3G201_SBD.xml,3122,ce33ad0c2b6040b5ad47a497e3bb4ff717388582220f4b19d783acaf947a157e,.xml
src/pe_claw_gui/libraries/semiconductors/rohm/data/bsm600d12p3g001/BSM600D12P3G001_SBD.xml,2866,a5d51facb32f04fe0937b9baf8ce696aaba0b106c9f686e4cd255ab0dd1344be,.xml
src/pe_claw_gui/libraries/semiconductors/rohm/data/bsm600d12p3g001/BSM600D12P3G001_UMOS.xml,17897,5aad84603dc1fae22987dffac521764eb35947297e4c52a7174b6350ff4f758f,.xml
src/pe_claw_gui/libraries/semiconductors/rohm/data/bsm600d12p4g103/BSM600D12P4G103_UMOS.xml,18256,e07972089caa59df68395d17d0d494da32d94b7dea4653488f821e89295e2b51,.xml
src/pe_claw_gui/libraries/semiconductors/rohm/data_rg/rga80tsx2ehr/RGA80TSX2EHR_FRD.xml,5673,3a83c3c95d86d3ee6884b6983beecadcfcbc84ce8e570b394a75163405d5d99b,.xml
src/pe_claw_gui/libraries/semiconductors/rohm/data_rg/rga80tsx2ehr/RGA80TSX2EHR_IGBT.xml,12535,0e78ee4ecf270766512391a425d06cc0c52724b87ac926775d99a08477d84555,.xml
src/pe_claw_gui/libraries/semiconductors/rohm/data_rg/rga80tsx2hr/RGA80TSX2HR_IGBT.xml,9005,5cfe9a5992282a1b8fd445c63ab34075dbe62658260ff5f29281933c88e90908,.xml
src/pe_claw_gui/libraries/semiconductors/rohm/data_rg/rgh00trx2/RGH00TRX2_IGBT.xml,13526,5fcdb20a13ae6df40564c99380de24073e4b6da2092d3d4694205e5cb58a052c,.xml
src/pe_claw_gui/libraries/semiconductors/rohm/data_rg/rgh00trx2ef/RGH00TRX2EF_FRD.xml,8707,3a7b751deebf45c92eba2250636d0d68b5103e63c5659787a7df957430a25939,.xml
src/pe_claw_gui/libraries/semiconductors/rohm/data_rg/rgh00trx2ef/RGH00TRX2EF_IGBT.xml,13528,fc429fc215c777eaface4938919b1b21b8d34e3c6e6220da693d3c77e4c9c527,.xml
src/pe_claw_gui/libraries/semiconductors/rohm/data_rg/rgh00tsx2/RGH00TSX2_IGBT.xml,13513,a5403bce70f8add3e4f93798fca04c6e668917300c1acccee4c44f47dffe3ad3,.xml
src/pe_claw_gui/libraries/semiconductors/rohm/data_rg/rgh00tsx2ef/RGH00TSX2EF_FRD.xml,8707,bc3dce2759e04ecb6d2d9876f15c1358a03b87c60aface92af154f22072757e8,.xml
src/pe_claw_gui/libraries/semiconductors/rohm/data_rg/rgh00tsx2ef/RGH00TSX2EF_IGBT.xml,13515,9f807374cd1818fe51f77a12c4c4c59c2d568abd57546a1736abe7089ee10ca6,.xml
src/pe_claw_gui/libraries/semiconductors/rohm/data_rg/rgh00tsx2efhr/RGH00TSX2EFHR_FRD.xml,8712,e43247f6808db2d835af9ff30f3ab224583cc1fd5b94bac366520aa1c4b46b60,.xml
src/pe_claw_gui/libraries/semiconductors/rohm/data_rg/rgh00tsx2efhr/RGH00TSX2EFHR_IGBT.xml,13520,3425319efabda1258965097a1ca9cdc0cc356c796469c84cc378a407b17cffbd,.xml
src/pe_claw_gui/libraries/semiconductors/rohm/data_rg/rgh00tsx2hr/RGH00TSX2HR_IGBT.xml,13518,90c6bd800712906c9bdfd8c617a52f8db53902d037d80541eec773361510b1bb,.xml
src/pe_claw_gui/libraries/semiconductors/rohm/data_rg/rgh80trx2/RGH80TRX2_IGBT.xml,11611,bfa0bd5c856a8192ea00c2eec93ac4752d64317707eb6a09653719f921bde69f,.xml
src/pe_claw_gui/libraries/semiconductors/rohm/data_rg/rgh80trx2ef/RGH80TRX2EF_FRD.xml,7822,45dbb5a652837d485c8f872ff92fe3a6af62ebf80b41f05758f7f53da0d4df1f,.xml
src/pe_claw_gui/libraries/semiconductors/rohm/data_rg/rgh80trx2ef/RGH80TRX2EF_IGBT.xml,11613,dcb0f9688b0ca405995e7ae564ea9353db77a39286219eb72d6b7f4c83cd5938,.xml
src/pe_claw_gui/libraries/semiconductors/rohm/data_rg/rgh80tsx2/RGH80TSX2_IGBT.xml,11562,ea8817e50ed486122c3e6142e47999445b8a28c78e79d9590f3d96662f20b200,.xml
src/pe_claw_gui/libraries/semiconductors/rohm/data_rg/rgh80tsx2ef/RGH80TSX2EF_FRD.xml,7832,5f90c38662e05bc851a0d64f1d125cebc26cfcecbcb3ffe0fafa77c567d09966,.xml
src/pe_claw_gui/libraries/semiconductors/rohm/data_rg/rgh80tsx2ef/RGH80TSX2EF_IGBT.xml,11564,521e61c89466d29773c459db3b7818c4e768191792fdc0c7e720286394d554e9,.xml
src/pe_claw_gui/libraries/semiconductors/rohm/data_rg/rgh80tsx2efhr/RGH80TSX2EFHR_FRD.xml,7837,dbe8fb552f67a92feb15ce056e21b57ddde0a280db8183279fdd56e63c651b32,.xml
src/pe_claw_gui/libraries/semiconductors/rohm/data_rg/rgh80tsx2efhr/RGH80TSX2EFHR_IGBT.xml,11569,34e6d3bbd0f35024fb32766c76d5d4a29e6745cb728a6e6602e56de6d57db4e7,.xml
src/pe_claw_gui/libraries/semiconductors/rohm/data_rg/rgh80tsx2hr/RGH80TSX2HR_IGBT.xml,11567,57a37a695a9dd53c9c8a61391e50796ba785fbba83c24fc175804e91c4a91a95,.xml
src/pe_claw_gui/libraries/semiconductors/rohm/data_rg/rghx5trx2/RGHX5TRX2_IGBT.xml,13250,02fe2c750edc49c244531b1d5913fa752a318090766cf57da88af09da8558e59,.xml
src/pe_claw_gui/libraries/semiconductors/rohm/data_rg/rghx5trx2df/RGHX5TRX2DF_FRD.xml,8690,032571137dfedf21745436b18e5b7df892700648238f99dea56593365e2851af,.xml
src/pe_claw_gui/libraries/semiconductors/rohm/data_rg/rghx5trx2df/RGHX5TRX2DF_IGBT.xml,13252,f9bea9b4de62b6c9528276a4354190909aa133fc47ce94eb8d1efce569d61678,.xml
src/pe_claw_gui/libraries/semiconductors/rohm/data_rg/rghx5tsx2/RGHX5TSX2_IGBT.xml,13255,76f9f5a6f9a022fd73911a686191ed245ea4ad1eff4121cfce4f383b3123374d,.xml
src/pe_claw_gui/libraries/semiconductors/rohm/data_rg/rghx5tsx2df/RGHX5TSX2DF_FRD.xml,8690,f61939c86d77fee3fc20deea51bd1381b063cc7c1b5c68b83b8b27a744eade8b,.xml
src/pe_claw_gui/libraries/semiconductors/rohm/data_rg/rghx5tsx2df/RGHX5TSX2DF_IGBT.xml,13257,a19da04e43910dc86a583310d899b67cacf12b57e4be04a763ecf94bd8509713,.xml
src/pe_claw_gui/libraries/semiconductors/rohm/data_rg/rghx5tsx2dfhr/RGHX5TSX2DFHR_FRD.xml,8695,e11f005c8f4f9f0251df5996b47ae417a29a6290e201124200281f5b317976ab,.xml
src/pe_claw_gui/libraries/semiconductors/rohm/data_rg/rghx5tsx2dfhr/RGHX5TSX2DFHR_IGBT.xml,13262,990a1fd89da328be40ed27442e0518a6a7b8c04ce2ae2298584117646516391b,.xml
src/pe_claw_gui/libraries/semiconductors/rohm/data_rg/rghx5tsx2hr/RGHX5TSX2HR_IGBT.xml,13260,a594d3811f557db14e27526fc831159b53c2278b696de78928c0831a7f4a0b25,.xml
src/pe_claw_gui/libraries/semiconductors/rohm/data_rg/rgs50tsx2dhr/RGS50TSX2DHR_FRD.xml,4927,1edf14216fd4668c740ef0bdb003e40b70c03638a727379494e847d2fe725273,.xml
src/pe_claw_gui/libraries/semiconductors/rohm/data_rg/rgs50tsx2dhr/RGS50TSX2DHR_IGBT.xml,7574,f204d80a5ee75a1f2826e98a8defea25dce9c60cf81790f3e5b224f690f840a8,.xml
src/pe_claw_gui/libraries/semiconductors/rohm/data_rg/rgw00ts65ehr/RGW00TS65EHR_FRD.xml,5961,437490a3093dddecb72ad1e26903e00efc43b2404625f1b0f22b26be356213ee,.xml
src/pe_claw_gui/libraries/semiconductors/rohm/data_rg/rgw00ts65ehr/RGW00TS65EHR_IGBT.xml,9293,e95ed29290bdc81c8c0268922b4c6464cdc3e5d60649222d55571e38c810b81b,.xml
src/pe_claw_gui/libraries/semiconductors/rohm/data_rg/rgw80ts65ehr/RGW80TS65EHR_FRD.xml,7916,eec88301cccb58f3eadf8c29da5cf0c7e76de4c8f03f60670941d4af1d6deb69,.xml
src/pe_claw_gui/libraries/semiconductors/rohm/data_rg/rgw80ts65ehr/RGW80TS65EHR_IGBT.xml,9247,08a37343b839454a447cfe2cd5d7231bf77e639330c665c0ea166c445cf494bc,.xml
src/pe_claw_gui/libraries/semiconductors/rohm/data_rg/rgwx5ts65ehr/RGWX5TS65EHR_FRD.xml,8452,57568b5f67167b3f1138482f7bdf055db4a5c7ecf8ca1f9cda2a23ca7502fdd1,.xml
src/pe_claw_gui/libraries/semiconductors/rohm/data_rg/rgwx5ts65ehr/RGWX5TS65EHR_IGBT.xml,13226,13aae34239b7aee60883a06ef85fb1738840c0ee5561d502992edfa9310dac9a,.xml
src/pe_claw_gui/libraries/semiconductors/rohm/data_sc/SCS304AG.xml,4145,ff5b170879477e7858722b9dbf824326127f60cb5196ef83b6c4e0570d5d8f65,.xml
src/pe_claw_gui/libraries/semiconductors/rohm/data_sc/SCS304AGHR.xml,4147,77d848ef41cc794edc9c385dba4aee216364281285df67b4c5fe704fe03fc9f7,.xml
src/pe_claw_gui/libraries/semiconductors/rohm/data_sc/SCS304AJ.xml,4160,8b531c906e38feed9faa34107c33869798a1ccc3bb0185ef7bb6f3b068eb5676,.xml
src/pe_claw_gui/libraries/semiconductors/rohm/data_sc/SCS304AM.xml,4139,b011aebf9e8ecd28941a9674fa4fd2985907a260de92364a00df9dd7f8fff035,.xml
src/pe_claw_gui/libraries/semiconductors/rohm/data_sc/SCS305KE.xml,3723,72e3c03bc6c5102c30a0503cf5560cdbd08b7c6b9565625fbb3927fa84c046a0,.xml
src/pe_claw_gui/libraries/semiconductors/rohm/data_sc/SCS305KEHR.xml,3728,ade868619aa38c3da3f14f79322bc953b2e8e2285bd90cb74ad8f8b340863ad3,.xml
src/pe_claw_gui/libraries/semiconductors/rohm/data_sc/SCS305KG.xml,3723,dee057e51a18a2b87f635d4c06f6faed900346d2c5db849abd5c02bef3458bda,.xml
src/pe_claw_gui/libraries/semiconductors/rohm/data_sc/SCS305KGHR.xml,3728,19ab1c4907795dffc2a54828a47f65713ae2f2672a83233b3245723bc0b58522,.xml
src/pe_claw_gui/libraries/semiconductors/rohm/data_sc/SCS305KN.xml,3721,930aa51eedfb454f03fad1dcb96d7133d9274b6f2a3cb1ddb03a901b1ebf203e,.xml
src/pe_claw_gui/libraries/semiconductors/rohm/data_sc/SCS305KNHR.xml,3723,2827d69ab350274ef017504d151aff495ade1ae88c2fa7c9e014af7e1d52715b,.xml
src/pe_claw_gui/libraries/semiconductors/rohm/data_sc/SCS306AG.xml,4154,93b104549e556388d8b26c6cb932b2f77da16c430a0842f124a2ffced4b8daaa,.xml
src/pe_claw_gui/libraries/semiconductors/rohm/data_sc/SCS306AGHR.xml,4156,1c467c60bb37925d9da8f1eb5bab0f39fcf1bc749f1d5b2f12cb0166f34599a0,.xml
src/pe_claw_gui/libraries/semiconductors/rohm/data_sc/SCS306AJ.xml,4170,1a5a57eb1376f9cc285b0649139f9fca631e52d475e1b7f5f4ca97bbe72329ef,.xml
src/pe_claw_gui/libraries/semiconductors/rohm/data_sc/SCS306AM.xml,4149,83e65c148bcf1f6cbc0737b74b60f1f2ccffdf81aa51ad36938b9d7571d14721,.xml
src/pe_claw_gui/libraries/semiconductors/rohm/data_sc/SCS308AG.xml,4156,a35ee8db0a07a7fdb17905f7e01a7f3f556122a9081271c4e9a3d2c3a8c5226f,.xml
src/pe_claw_gui/libraries/semiconductors/rohm/data_sc/SCS308AGHR.xml,4158,4dd7c219e873c9dab2746ac13e96319a49f46eff97d84592e120e64bd50477de,.xml
src/pe_claw_gui/libraries/semiconductors/rohm/data_sc/SCS308AJ.xml,4171,163b4b062bff3e03cd95d143a80b166cfcc99357e727770770f78d6aa9241cb5,.xml
src/pe_claw_gui/libraries/semiconductors/rohm/data_sc/SCS308AM.xml,4150,248e7ae31ce262685c49d3254bf57da1e5462bec954dde2c6d6dc8093c06d1fd,.xml
src/pe_claw_gui/libraries/semiconductors/rohm/data_sc/SCS310AG.xml,4093,9cab1fff487e5109d1f5a2aa0aefdc0874af5fcc75fde4642dca8eabddef89c9,.xml
src/pe_claw_gui/libraries/semiconductors/rohm/data_sc/SCS310AGHR.xml,4095,27a580ab955ee6af5ed13713a13244fd6721febb1b827865cee576c25ccda169,.xml
src/pe_claw_gui/libraries/semiconductors/rohm/data_sc/SCS310AJ.xml,4111,60a2f3c364cc5729108e0084afbee3f58043af9d7df3a08835d59f7664263e4d,.xml
src/pe_claw_gui/libraries/semiconductors/rohm/data_sc/SCS310AM.xml,4092,cd5a1bf6fabeb90b0378fdbe87fa3af064fd9edda248d16ba6231fc6ec5662f0,.xml
src/pe_claw_gui/libraries/semiconductors/rohm/data_sc/SCS310KE2.xml,3724,1a49c9877ce0b3d9893a86104150f9aaf462f462661af844ee47aff0ee2556fd,.xml
src/pe_claw_gui/libraries/semiconductors/rohm/data_sc/SCS310KE2HR.xml,3729,a6a253797ac9f332de4d75e9de73db3f83df966ec6a517161819019c2adde25a,.xml
src/pe_claw_gui/libraries/semiconductors/rohm/data_sc/SCS310KG.xml,4583,f32724d37fce0d4d807242f94569fd8676750ab071954b7f4800661388bd2db6,.xml
src/pe_claw_gui/libraries/semiconductors/rohm/data_sc/SCS310KGHR.xml,4588,7ae8a01637b55f9472019e0405300ffbc82653a9eb76940d06716d43146b7853,.xml
src/pe_claw_gui/libraries/semiconductors/rohm/data_sc/SCS310KN.xml,3689,c3a9e4130b9646d9659bd6284d42563732d7a06e8b68b3a29dff0f061255d396,.xml
src/pe_claw_gui/libraries/semiconductors/rohm/data_sc/SCS310KNHR.xml,3691,ae5e0720fe9083101673eef150612097e1407a0bae6ecba594e8ff9df7f2b665,.xml
src/pe_claw_gui/libraries/semiconductors/rohm/data_sc/SCS312AG.xml,4173,cf9ca878991e816c4b2ab5da5adfcf26e09f6adb9f7df2db71108325119bc8b7,.xml
src/pe_claw_gui/libraries/semiconductors/rohm/data_sc/SCS312AGHR.xml,4175,2ea27f8f40069937a8276eb873956c4464c86a96aa4bb08734b724597f2ee3aa,.xml
src/pe_claw_gui/libraries/semiconductors/rohm/data_sc/SCS312AJ.xml,4186,e0de0e7324b9c23fe3dad97d1e0b8149625e0b87ca5afcd5f598368796df0481,.xml
src/pe_claw_gui/libraries/semiconductors/rohm/data_sc/SCS312AM.xml,4166,11c88f64f23592b1b9e17cbba853e915ede939f564cbae7dccf5d3e4b3d63038,.xml
src/pe_claw_gui/libraries/semiconductors/rohm/data_sc/SCS315AG.xml,4159,5e775e4752a304fe09c31e68ff6f98d82e2aa90bde62c52a562283564e47b7ee,.xml
src/pe_claw_gui/libraries/semiconductors/rohm/data_sc/SCS315AGHR.xml,4161,a174ec726401e41bc15935e577dd0e956e5ee2d04532710e5d3a0366ecde899e,.xml
src/pe_claw_gui/libraries/semiconductors/rohm/data_sc/SCS315AJ.xml,4173,970f236cf278e7da3d7016d2c9e42adc26826bd8f9760440a8c64a04273f9b35,.xml
src/pe_claw_gui/libraries/semiconductors/rohm/data_sc/SCS315AM.xml,4153,2325c629c1ee60cbac4c93948f3fc275bd4836a346a8b22752ca4ba11b52bd7c,.xml
src/pe_claw_gui/libraries/semiconductors/rohm/data_sc/SCS315KE.xml,4631,ae2b84be863ee4df5d2df534be38880d2d5a88ff18a9b24e305fef4f95f43785,.xml
src/pe_claw_gui/libraries/semiconductors/rohm/data_sc/SCS315KEHR.xml,4636,81460ebec29e0f8c4596a4e60c0cd1cedc274c52d8d85e309ff45a76997ce700,.xml
src/pe_claw_gui/libraries/semiconductors/rohm/data_sc/SCS315KG.xml,3740,486965b53e347c9ad220e292ae887f27494c8a03ce05e2f4f88d4e44f3f3cad5,.xml
src/pe_claw_gui/libraries/semiconductors/rohm/data_sc/SCS315KGHR.xml,3745,09ea0bc7e9c82bfc0f05f9b5e6f8dacc0b54cf46dfea18449b4a7056caae09bf,.xml
src/pe_claw_gui/libraries/semiconductors/rohm/data_sc/SCS315KN.xml,3740,90181471452a45b7f1d52db391cc98496cd06ebc262f269acd9ef6a8aa80e212,.xml
src/pe_claw_gui/libraries/semiconductors/rohm/data_sc/SCS315KNHR.xml,3742,010bc8702c0d432680bd0b5577f1616357b55844a6e02769b36dfa0edf7ddaa4,.xml
src/pe_claw_gui/libraries/semiconductors/rohm/data_sc/SCS320AG.xml,4097,2a79a6b022f6861aa9dba596d74fb7e37ce1b09025c43027b45971dfcde35fda,.xml
src/pe_claw_gui/libraries/semiconductors/rohm/data_sc/SCS320AGHR.xml,4099,9a3f678c05409ccd2dce4e0a01ba3ae8c3455b68340c04b54e09f1127e523218,.xml
src/pe_claw_gui/libraries/semiconductors/rohm/data_sc/SCS320AJ.xml,4110,c55c1721b3e97a550d81f433ea75a8aff4ac7fe8752d58ae63ed7a99befd2c6a,.xml
src/pe_claw_gui/libraries/semiconductors/rohm/data_sc/SCS320AM.xml,4088,79f48d6fa74d10e6cd7d66949094c68a84dbbc3d939885e9c4a97fadf819ef1a,.xml
src/pe_claw_gui/libraries/semiconductors/rohm/data_sc/SCS320KE2.xml,3692,25e2ab4b68b323acb1f7b613ef47757e4ced92dc7b3475c2a7a9168984e4d892,.xml
src/pe_claw_gui/libraries/semiconductors/rohm/data_sc/SCS320KE2HR.xml,3697,b353e5627586d33f73dfe486330b03897f8b8a70fc7cbced56197580221af4b6,.xml
src/pe_claw_gui/libraries/semiconductors/rohm/data_sc/SCS320KG.xml,3694,287bb9b47bb35d8034b02b8996141b3f12c635ae42508d30f5cc68b20ab9d3e8,.xml
src/pe_claw_gui/libraries/semiconductors/rohm/data_sc/SCS320KGHR.xml,3699,5d9287d369dcbcd2de719a8abff5bc9d77c5c3b095245d1194212650a8feae21,.xml
src/pe_claw_gui/libraries/semiconductors/rohm/data_sc/SCS320KN.xml,3693,d925fe97310d5523d09d33602501706cad8ccfb1a6ce8399c0dca8144ae42dbf,.xml
src/pe_claw_gui/libraries/semiconductors/rohm/data_sc/SCS320KNHR.xml,3695,f736354ef3955577e54a8a4446f18152ae2ac2aedaec2eb488ccbecff461719c,.xml
src/pe_claw_gui/libraries/semiconductors/rohm/data_sc/SCS330KE2.xml,3739,937b643cb66764e1746e6b5d3892f37d699ee24ba5091734bba628510e1f8e7e,.xml
src/pe_claw_gui/libraries/semiconductors/rohm/data_sc/SCS330KE2HR.xml,3744,02605f6804f8135ce36c7463401404c1d2443a38fc400421cb575dbe556740b8,.xml
src/pe_claw_gui/libraries/semiconductors/rohm/data_sc/SCS340KE2.xml,3693,212094ec44a0b1cf614a31c935fb034780ccd80951af36a903a07b54513e8b5d,.xml
src/pe_claw_gui/libraries/semiconductors/rohm/data_sc/SCS340KE2HR.xml,3698,aee4c7421271c4103911143c36721f30909f86562cbca83292a97d1823e02548,.xml
src/pe_claw_gui/libraries/semiconductors/rohm/data_sc/SCT2750NWC.xml,7742,6bce9da2252c67af40432b124b0f1fecac580e1c1b0a7871d6b0fea08700e892,.xml
src/pe_claw_gui/libraries/semiconductors/rohm/data_sc/SCT2H12NWB.xml,7408,827ed8683c80cdca2d41878172a42b828b91e97581723a40f7b6c0653dbac564,.xml
src/pe_claw_gui/libraries/semiconductors/rohm/data_sc/SCT2H12NZ.xml,7394,b6b074655e94f8cf5054670e09ff639c6b450cc0abc50030accf45708abedf25,.xml
src/pe_claw_gui/libraries/semiconductors/rohm/data_sc/SCT3022KLHR.xml,6749,5ad95ab4e877f4c70ca4a61ecb5412448d1e37578dfaffce22050278d48ede9d,.xml
src/pe_claw_gui/libraries/semiconductors/rohm/data_sc/SCT3030AR.xml,9134,d7c5c02f25e9b5a26bbaf9311b994603ce1c7dc96f9504d0108158c8b67cf53b,.xml
src/pe_claw_gui/libraries/semiconductors/rohm/data_sc/SCT3030AW7.xml,10423,2a45e7117c818d00e53e8eb180cabf0829bb4322ac0d46cb0c1f66795660b486,.xml
src/pe_claw_gui/libraries/semiconductors/rohm/data_sc/SCT3040KR.xml,8437,854242127bce29cc3b33ad464a8a0a4e8e8214cd39016381922aabb1899ccd70,.xml
src/pe_claw_gui/libraries/semiconductors/rohm/data_sc/SCT3040KW7.xml,9566,ddce445c123d2b339ff8e2b98634428ea18acc9e6681ebbf35fb20c6c766600d,.xml
src/pe_claw_gui/libraries/semiconductors/rohm/data_sc/SCT3060AR.xml,7936,7f621afa3eab0cdd7eb840eadef53827bfe42b6582e1ad48a4b16e9a4dbef45b,.xml
src/pe_claw_gui/libraries/semiconductors/rohm/data_sc/SCT3060AW7.xml,8100,5e9c9ffa90f75207439b69eb357fdf645509c5552d881bef87c1b839668413ab,.xml
src/pe_claw_gui/libraries/semiconductors/rohm/data_sc/SCT3080AR.xml,7512,e3419916c5657037009b188264d518b5947780757263e4749eb800b4f503403f,.xml
src/pe_claw_gui/libraries/semiconductors/rohm/data_sc/SCT3080AW7.xml,7628,4543d7ed593525c23c06d7b50ee04c160a7af28cc559f06f8f6440034c340cd4,.xml
src/pe_claw_gui/libraries/semiconductors/rohm/data_sc/SCT3080KL.xml,8817,c4bd97319d878ea6bf052851bc8c11f3aa9595b9953bee42cf84e5a34ef9916f,.xml
src/pe_claw_gui/libraries/semiconductors/rohm/data_sc/SCT3080KR.xml,7756,b975c2ab6f9b410a4dee5dfadf36d15f5f4c03038de9a20718036678b0e4f1fe,.xml
src/pe_claw_gui/libraries/semiconductors/rohm/data_sc/SCT3080KW7.xml,8793,7c648afb9d154ea7bfe5d43f2de30e65d7ec3615bc4d43dd8741753a2f28551d,.xml
src/pe_claw_gui/libraries/semiconductors/rohm/data_sc/SCT3105KR.xml,7423,da6eaaadb5eb8db0c62c58f2e80704d7e40ea560e3a241a77ac75a20b8bf7d16,.xml
src/pe_claw_gui/libraries/semiconductors/rohm/data_sc/SCT3105KW7.xml,8360,f79af689b85f0704eef5856b796a5dc459a0439a42c009968c0487139a8bdaf5,.xml
src/pe_claw_gui/libraries/semiconductors/rohm/data_sc/SCT3120AW7.xml,8268,20ac239b62ed13c18dec8091863d73789380643e380b3e8442f8a080ce0420a3,.xml
src/pe_claw_gui/libraries/semiconductors/rohm/data_sc/SCT3160KL.xml,10633,c4bbc9773f1e67e24038c1cae64cfecea1adb656d50abed179a1f6e782ebd651,.xml
src/pe_claw_gui/libraries/semiconductors/rohm/data_sc/SCT3160KW7.xml,10673,6e7e9ea08ed2d2a76ffc56d5e2b73500716d34d626934d91b3808a9eaa1c9b9f,.xml
src/pe_claw_gui/libraries/semiconductors/rohm/data_sc/SCT4013DE.xml,9924,98f7adcf9f9e187e6d3f1a97ba196e41b30e3d99e0a4d712fc6736621a6f26d3,.xml
src/pe_claw_gui/libraries/semiconductors/rohm/data_sc/SCT4013DEHR.xml,9926,b520e9dcae5d41e416b9304f89626dff22ab2c676bc8bdff05cabd85d7d1c3b8,.xml
src/pe_claw_gui/libraries/semiconductors/rohm/data_sc/SCT4013DLL.xml,9934,15fc42dff04ba630aba08e55a4cccda74e2f5b67318a280d6e815b256f1a2f51,.xml
src/pe_claw_gui/libraries/semiconductors/rohm/data_sc/SCT4013DR.xml,9919,5efadd6d7c13b0ae807e1c4ec84993ade28307f4e27055f94647173f4ee8cd51,.xml
src/pe_claw_gui/libraries/semiconductors/rohm/data_sc/SCT4013DRHR.xml,9921,ae3533eeff8d0e29629ff7e25d2eaa051e5e6a8cd3f356633398c64426fbf3f0,.xml
src/pe_claw_gui/libraries/semiconductors/rohm/data_sc/SCT4013DW7.xml,9912,86dae18686dceb4baf81bc1bb1067d502a0cfa6235f6b3c2ffa2b0c0bb6d70fe,.xml
src/pe_claw_gui/libraries/semiconductors/rohm/data_sc/SCT4018KE.xml,9701,1d2f9f6cd551ce1af38fcf380dcabbdb8b0785941ca02786a6dcf28f6fadfbc9,.xml
src/pe_claw_gui/libraries/semiconductors/rohm/data_sc/SCT4018KR.xml,9823,99a459ba57fd25cb78ce64fd4bc2f2d1783fda3e11c79e80a6dfbe47fba466c8,.xml
src/pe_claw_gui/libraries/semiconductors/rohm/data_sc/SCT4018KW7.xml,9825,16dedde202e3bf08a56bea16e78bad26817066997aec25d02a97771f7a618c64,.xml
src/pe_claw_gui/libraries/semiconductors/rohm/data_sc/SCT4018KWA.xml,9825,63898a1b24a27da05037b0fc4d375aa3d6f4817c2de755203c96491ae3ea97bf,.xml
src/pe_claw_gui/libraries/semiconductors/rohm/data_sc/SCT4020DLL.xml,10731,8ddbfdb11538685b7652902192f4432b9472c3f03dc1a2cf2873fd26b15a7e52,.xml
src/pe_claw_gui/libraries/semiconductors/rohm/data_sc/SCT4026DE.xml,7183,6f200bba65c80ce4b7697b8234c2b47cc72e0d1fde8daafe444980e93ca981d4,.xml
src/pe_claw_gui/libraries/semiconductors/rohm/data_sc/SCT4026DLL.xml,10645,00c9053f3aaebfb989b28c5864a477ef3a434ea321883da334bbf0b0f4edd25d,.xml
src/pe_claw_gui/libraries/semiconductors/rohm/data_sc/SCT4026DR.xml,7938,d34a3efc192b5f4e40da81eee629d9b52ac961eb7cce81d4fd0db64d5725c50d,.xml
src/pe_claw_gui/libraries/semiconductors/rohm/data_sc/SCT4026DW7.xml,10631,c40d3f6a3522a029f6ff24e2045a5dbe1417411230d73d480f0f2f6fdcb57e11,.xml
src/pe_claw_gui/libraries/semiconductors/rohm/data_sc/SCT4026DW7HR.xml,10633,8c81b74455956d0a7607155a24652041d081045b42b36e2979ea8a8abf304c1e,.xml
src/pe_claw_gui/libraries/semiconductors/rohm/data_sc/SCT4026DWA.xml,10631,192443f10aab4cb5997475d4a620705f308c11777d745ad1d6b433a9e7c9116d,.xml
src/pe_claw_gui/libraries/semiconductors/rohm/data_sc/SCT4026DWAHR.xml,10633,9eba251e8f2ec025ceccd45df01742a89e82d91ab4ecd621f19b9d1774d553f3,.xml
src/pe_claw_gui/libraries/semiconductors/rohm/data_sc/SCT4036DE.xml,10387,854d0a2b63794fd68a8cfc88cc65cb7e8070475f0959fbd41a1db1f5c69c1a0e,.xml
src/pe_claw_gui/libraries/semiconductors/rohm/data_sc/SCT4036DEHR.xml,10389,8932a391f5cfb5bb0db833d5b4332f02abd9bbbd962ad0c3145d1fd47c8f9c2d,.xml
src/pe_claw_gui/libraries/semiconductors/rohm/data_sc/SCT4036DLL.xml,10617,a011bdad7b6674a2da531d1c0a07a6d4f38d45e482905d66cb41dd52f4f11607,.xml
src/pe_claw_gui/libraries/semiconductors/rohm/data_sc/SCT4036DR.xml,10615,2ec8a8a0d464855e37c0566b7e3229caa33626866e3de247efca676565d8edca,.xml
src/pe_claw_gui/libraries/semiconductors/rohm/data_sc/SCT4036DRHR.xml,10617,7092951e46c435d78e37b19df410ee027eced6ec8dd0630174d2a3c6928a1a5f,.xml
src/pe_claw_gui/libraries/semiconductors/rohm/data_sc/SCT4036DWA.xml,10603,5c872275daa6d434b7697f3d55935a14baf7b0b3bd028ef05b900a04892115f5,.xml
src/pe_claw_gui/libraries/semiconductors/rohm/data_sc/SCT4036DWAHR.xml,10605,60d56a83dbee10ec4cbd9b83f413ad0942f2c710751f0e8f793d8aa8718c0457,.xml
src/pe_claw_gui/libraries/semiconductors/rohm/data_sc/SCT4036KE.xml,7290,d7926077573e88d43f5d08f638c7c81f90eb9dadd583deba01ba542e3c8404fc,.xml
src/pe_claw_gui/libraries/semiconductors/rohm/data_sc/SCT4036KR.xml,11676,723fe20e6e0425b419f0a482f0a4b77b8648ea4fc37e61fb054d411fc4d0889b,.xml
src/pe_claw_gui/libraries/semiconductors/rohm/data_sc/SCT4036KRHR.xml,11678,f51fb6616defcde983403b5a346455e4460d32d972b4e185d51578d4ace87773,.xml
src/pe_claw_gui/libraries/semiconductors/rohm/data_sc/SCT4036KW7.xml,11680,f8295174b5b2be6b721e8c04a935bcf52b2043f539b0925a036c943f8d011522,.xml
src/pe_claw_gui/libraries/semiconductors/rohm/data_sc/SCT4036KWA.xml,11680,3a038113ced1a7ae193c05ae88e3b41106916bbd0fa8d99f25783dcf045e00a0,.xml
src/pe_claw_gui/libraries/semiconductors/rohm/data_sc/SCT4045DE.xml,7269,56cae13d131e97b2e161cbeddd7bf610ace1c269895516eee871e53461623b0a,.xml
src/pe_claw_gui/libraries/semiconductors/rohm/data_sc/SCT4045DLL.xml,9916,347a6b3870318819200ca94abd065f5c14ec3316c133eae74ea84c1cf658f39e,.xml
src/pe_claw_gui/libraries/semiconductors/rohm/data_sc/SCT4045DR.xml,9902,de12fbb64d457b8cfdab27a0e8eb6d6c996bd73459c76908690379e90abb84f3,.xml
src/pe_claw_gui/libraries/semiconductors/rohm/data_sc/SCT4045DRHR.xml,9904,8ce51f94bd390de176419420edac1bc3698da39f9bda365546404cc0032cbaeb,.xml
src/pe_claw_gui/libraries/semiconductors/rohm/data_sc/SCT4045DW7.xml,9901,9cdfef62b3c38817446748524e7e15cbd3dd97fff0c6b34b7aa0131f46408801,.xml
src/pe_claw_gui/libraries/semiconductors/rohm/data_sc/SCT4045DW7HR.xml,9903,7c0c88bb5d79a07d99d0d1797f3f3dcf0c26b2f971f372f37132e1df10c21ded,.xml
src/pe_claw_gui/libraries/semiconductors/rohm/data_sc/SCT4045DWA.xml,9901,ea050081519943857e4893105551caa57057a46c4ec6c650b2cd908278b6abe8,.xml
src/pe_claw_gui/libraries/semiconductors/rohm/data_sc/SCT4045DWAHR.xml,9903,8c3a1bc451511685ededd63cbd9ee6da9b8cd3f3c67e0a10938d733856477e42,.xml
src/pe_claw_gui/libraries/semiconductors/rohm/data_sc/SCT4050KE.xml,10556,733f2e3297ad5bdd02920115eb3649883af5627c011aa3ad601feebe42fcd264,.xml
src/pe_claw_gui/libraries/semiconductors/rohm/data_sc/SCT4050KEHR.xml,10558,05ae68ad6b54122e0b2009542f6ea6d53fe931a650f3333a0779acb3ce10b5b3,.xml
src/pe_claw_gui/libraries/semiconductors/rohm/data_sc/SCT4050KR.xml,10624,f0aceda0bf7e81d10d10903473e0f84c93ca5c4c64b246a8ce80dee6f0672925,.xml
src/pe_claw_gui/libraries/semiconductors/rohm/data_sc/SCT4050KRHR.xml,10626,fc64edbb57ae3575a19330ba872c17980f8f53d07d1081278ae77e24e9c56c53,.xml
src/pe_claw_gui/libraries/semiconductors/rohm/data_sc/SCT4050KWA.xml,10612,6103a8a513ea2c3be6fb3ba0f65656abeb7b35104a286139098763d9c093df98,.xml
src/pe_claw_gui/libraries/semiconductors/rohm/data_sc/SCT4062KE.xml,9788,8069c361f8120658636a7faac714fa26e66926ef9f55aa061622c7dd28bbc0a6,.xml
src/pe_claw_gui/libraries/semiconductors/rohm/data_sc/SCT4062KEHR.xml,9790,ba5d8a343172fa7de511e9b81af485c24b48c0faa35a4eb62144e6d63130cd17,.xml
src/pe_claw_gui/libraries/semiconductors/rohm/data_sc/SCT4062KR.xml,9735,3e68302a7c84935f21135839a16f314c59959ba08d1baf568d72ba91a76cfba6,.xml
src/pe_claw_gui/libraries/semiconductors/rohm/data_sc/SCT4062KRHR.xml,9737,4cd635139f308e1ca933c05409d54523ec388cafd00c4435b85d37ebe3cf0af4,.xml
src/pe_claw_gui/libraries/semiconductors/rohm/data_sc/SCT4062KW7.xml,9734,b12e9d06d28d2e01e365535bbf45e8a6c715f396a73016d567a29a19cab5960a,.xml
src/pe_claw_gui/libraries/semiconductors/rohm/data_sc/SCT4062KW7HR.xml,9736,8e988dd016247430c82c7aa815c3c9c71b3dcf263bbe4f96fefcb5a727a47517,.xml
src/pe_claw_gui/libraries/semiconductors/rohm/data_sc/SCT4062KWA.xml,9734,36d02836f0296fdb141c8470e2dd573fc63d2ece187c528a28f4ac04006cbffb,.xml
src/pe_claw_gui/libraries/semiconductors/rohm/data_sc/SCT4062KWAHR.xml,9736,1df9a76c5c9c312a26f353f394210601aee392200cfee853bdfbd1ea01c562b7,.xml
src/pe_claw_gui/libraries/semiconductors/rohm/data_sc/SCT4065DE.xml,9870,addf1694c23f54dbb3272e045362e8091f036235d31e1510f9550fb0f6e16639,.xml
src/pe_claw_gui/libraries/semiconductors/rohm/data_sc/SCT4065DEHR.xml,9872,e876486441252a2d0e23b002109fecf0c4ec516f240e3ab5b4e6792cf45cd166,.xml
src/pe_claw_gui/libraries/semiconductors/rohm/data_sc/SCT4065DLL.xml,10064,ef7ff2db9112b265c785ee54cf7d088601b49a08fec5eed5f3f385cc263caf07,.xml
src/pe_claw_gui/libraries/semiconductors/rohm/data_sc/SCT4065DR.xml,10058,eb473953c171fce9a5cbb8123ce94071621a944f2890f9c90a2502aa9a6185e0,.xml
src/pe_claw_gui/libraries/semiconductors/rohm/data_sc/SCT4065DRHR.xml,10060,484fab0e51547ced53d8931956ea19e677ef241dbf3f9d10c5e950585c528b91,.xml
src/pe_claw_gui/libraries/semiconductors/rohm/data_sc/SCT4065DWA.xml,10051,f6710922da43ae250bc0766d8281985d723d65563efc0ac4c657aa61b28b29ed,.xml
src/pe_claw_gui/libraries/semiconductors/rohm/data_sc/SCT4065DWAHR.xml,10053,9362844cd5333c266f4b4098cc8b49eeff4c4480b6900e20d08bb0cc4fe033bf,.xml
src/pe_claw_gui/libraries/semiconductors/rohm/data_sc/SCT4090KE.xml,9237,456d96a34cb2ef3dc157d2d8ed7c20219ff6e02b7f914ec1b0cfa27424f6d424,.xml
src/pe_claw_gui/libraries/semiconductors/rohm/data_sc/SCT4090KEHR.xml,9239,db2c5a43f619444fd6132ac95a85383e3c4f4704dacfb5c0862712031f3008c1,.xml
src/pe_claw_gui/libraries/semiconductors/rohm/data_sc/SCT4090KR.xml,9264,73cd5e012ca8ba13154fc7d430dc55908a2391fcb7c363dc59e09729a29c5d6b,.xml
src/pe_claw_gui/libraries/semiconductors/rohm/data_sc/SCT4090KRHR.xml,9266,15f50e26e0ca59eb3a42e1c8fd4c4face36767962f928e45d72d48c9cd03dd14,.xml
src/pe_claw_gui/libraries/semiconductors/rohm/data_sc/SCT4090KWA.xml,9257,b41fdff909d1f7f41546b59abf8491e6a842d1cf9fec0e4c41ec62d8419e3fc5,.xml
src/pe_claw_gui/libraries/semiconductors/rohm/data_sc/SCT4090KWAHR.xml,9259,4a75f7c37cc45cadaa404336219000d4e0782a6cf4d92e9dcf876ca0d0b39b46,.xml
src/pe_claw_gui/libraries/semiconductors/rohm/data_sc/SCZ4004DTx_MOS.xml,9269,24590d18664aeaaac58bfc3f82d403d24b4bfef7d8256e232646eb1b30e150ad,.xml
src/pe_claw_gui/libraries/semiconductors/rohm/data_sc/SCZ4006KTx_MOS.xml,9145,1b032dd1ad3e6540cfdcfa8ff4881e262e7075453a7712e42753f5cc4624377a,.xml
src/pe_claw_gui/libraries/semiconductors/rohm/data_sc/SCZ4008DTx_MOS.xml,8801,9ac66f93c85062fb0ee6a5062c4e9a80035cf93501c12edb1685edc47ea8fec4,.xml
src/pe_claw_gui/libraries/semiconductors/rohm/data_sc/SCZ4011KTx_MOS.xml,9152,333be5a8c3c562b87f14bd4f13cdcd249a87005cc5f460c7246a9bed2488fa2c,.xml
src/pe_claw_gui/libraries/semiconductors/rohm/rg_igbt_series.py,10296,0208d7696cb438372db9209f33abe28d4607d7bf22c968725c712cf38ed3cb56,.py
src/pe_claw_gui/libraries/semiconductors/rohm/sc_series.py,10570,a87ff957d0107fa99da434b3da6625b6564a854bf7e31767839da5715476fccd,.py
src/pe_claw_gui/libraries/semiconductors/rohm/sic_modules.py,16196,fd0f8d852e4cd9d2d450567a39acc7d2f53a444e5e6ed7ab515546d9f836886e,.py
src/pe_claw_gui/libraries/semiconductors/sic_module_models.py,15159,75f303eac16a0299ab80392d16dd26aad81938bdff908aa636cca00a76b9b15d,.py
src/pe_claw_gui/libraries/semiconductors/templates/__init__.py,65,c2c519d6d6b6d924fa4763ba898c71e0035c680cf9b8024f7b1518eae587ee1b,.py
src/pe_claw_gui/libraries/semiconductors/templates/example_mosfet_device_template.py,2700,a7410ab9e363e16cd62718eee99a1e5bc085e67848c084efcd673f6aa265ff68,.py
src/pe_claw_gui/libraries/semiconductors/topology_roles.py,7718,6cf64b2a415dbd10601e724405ecfbb7f3550e4cd20e5ce63942cc9196ecdc52,.py
src/pe_claw_gui/libraries/semiconductors/xml_parser.py,11220,9b92ad6e4a1dd9ebbe91f01e074b61c28235b9284f9b6970ef31db4d29c6f52a,.py
src/pe_claw_gui/main.py,342,a66bed7750648f46eee29e15b2fae99d65476a72ec98c62119efdf134bd53277,.py
src/pe_claw_gui/models/__init__.py,2418,c9101b9d5401115c27c7e4c9bd551d4cb64d9fb09ba5cedb83a416993d89bb6c,.py
src/pe_claw_gui/models/ai_design_report.py,4337,13066d69082a1ed3fc4ff070ee662b83f233cb5ed3ddb7b84d85222d81eb4443,.py
src/pe_claw_gui/models/capacitor.py,11147,f6f5c1ea7eaea5a4b246cab32441aa18a1b2d173299fb31ccadda7e8de5fa39c,.py
src/pe_claw_gui/models/common_spec.py,757,da136e477ab418d82235167eb547ab88a9dba774748a3c60908c39a0385d2efe,.py
src/pe_claw_gui/models/design_intent.py,5865,c83e20039c14c6a14fae0af1f2c4e618f2db73eac8cc4e4f82911ca833176c07,.py
src/pe_claw_gui/models/design_report.py,1913,7a216ff8a6941f77252b8db0b17da3386d0995cf29cbc9fc9fffed1754b75a6b,.py
src/pe_claw_gui/models/device_loss.py,2398,677b4728d71c12283c90fa6f7824b3f476d453d6c7a48c047fabe2d6f2bfd276,.py
src/pe_claw_gui/models/device_result.py,5675,f8c87e442cb2cf4987fc4eb1cb18bc0b84faa4e1f87cfba89d22bc5ed3d68dcb,.py
src/pe_claw_gui/models/device_thermal.py,1207,415e2b7e5401ecf0f49ebbd5acb89a43491e5ee14ef44e478382301c32191bd4,.py
src/pe_claw_gui/models/efficiency_sweep.py,3401,ae1b147ae3872f8f0dc271772382c6f583fea4bf794c7d84c64ae3f9af522641,.py
src/pe_claw_gui/models/geometry_result.py,3866,ddc936d99177c02000f2f721fdf06b5de22ad2d23a53999b1bfb8ac0fe9ee6cb,.py
src/pe_claw_gui/models/inductor.py,3503,00760d9d602bbd4927b46b46295f930ab8289ebca2adff91be50604d50e8f87e,.py
src/pe_claw_gui/models/loss_result.py,542,6cd68a20136164fe791a847bcc576d24e17bc46642e0038792f33dd0afe67484,.py
src/pe_claw_gui/models/magnetic_result.py,1715,ceff17a946a42bde813a3f0e60e5bd71cd4f1352edf4f1e94405070b7ee8c1ff,.py
src/pe_claw_gui/models/operating_point.py,270,12910bdbe1b2ed80ccd8b59dd36368c64f9e6e04a858cffa21746a6261bf65b7,.py
src/pe_claw_gui/models/pipeline.py,5619,66ff343e11077afde1818d0e6f5d344b6e137002ba6eef9ad5aef8765be30343,.py
src/pe_claw_gui/models/semiconductor_geometry_result.py,5232,fe2fd6ba1c6f66edd3509874a06fdb208c0d9362ec6671a11d93e31837e21147,.py
src/pe_claw_gui/models/stress_result.py,553,38fcca49ff991006dfefac7fa57b296baa3b154fce9f5722875c74c76c062561,.py
src/pe_claw_gui/models/thermal_result.py,2096,39e791ae123da634b9af5648c09072c0dfae3c1c9cff9ba4e10a76e37147f33f,.py
src/pe_claw_gui/models/waveform.py,1485,0e0787ed834729d3a0a7d335f0023ea1cb4e3e316d2f71b9d7b73516b58f2d94,.py
src/pe_claw_gui/optimization/__init__.py,69,6345d3dd725a9d7c8f00ef5bcd790c5649a95ec113aa89ca70202f4b46aa42a4,.py
src/pe_claw_gui/parsers/__init__.py,48,a014c4f7cb79ae1043247a471a243a10d1569e70bc6a4fbcc9a495fee4c1a9c4,.py
src/pe_claw_gui/parsers/datasheet/__init__.py,37,51e622d9552e1d59656ef35c01c2a98b710ebe6066deabf2e6202281508f8aae,.py
src/pe_claw_gui/parsers/manufacturer_formats/__init__.py,47,e809614980f29eefdc210aeecc615e15a89b1108fb615cd33c24909251f1b56d,.py
src/pe_claw_gui/parsers/plecs/__init__.py,33,b656c381347661ff2af68dc026d1380546f285eaca3b7944cbab95c9f948ec05,.py
src/pe_claw_gui/parsers/spice/__init__.py,33,5ed22129c6009197f1d456c27cc1ce065b225ae6307e8ddca35eb4a0ba15a0d5,.py
src/pe_claw_gui/parsers/xml/__init__.py,31,cf2040e14e55c189d241ddac0e0ba829901cdb938b4845cc395687dec7fe9c10,.py
src/pe_claw_gui/pipeline/__init__.py,1415,6027203a667b63939dbb6d741cc4c8dd71124f373170a4d0d351208217397498,.py
src/pe_claw_gui/pipeline/options.py,1112,2d6a85541c68f48805ca2be7bc825dcc548d3bffdc4985c00b1d3051f7e06797,.py
src/pe_claw_gui/pipeline/run_ai_design_pipeline.py,12830,188fe09d2811fdde438117b0e1ab460bce0f9fcc0686bfceeecf683c6422f8e2,.py
src/pe_claw_gui/pipeline/run_capacitor_geometry_pipeline.py,7980,cb2f33866d92732835c16f08a0017a254a217806af71f98ef2ce5f9e847444b5,.py
src/pe_claw_gui/pipeline/run_capacitor_pipeline.py,12198,c62efbf5f2796d7c36c20d9b945478232b09e7878bc355b8dc4bce2030e10258,.py
src/pe_claw_gui/pipeline/run_device_pipeline.py,59193,9a3e2dbfdd5edbe8d2fef2b7cf65e295487a177d7842dcd99b62d914abeb277a,.py
src/pe_claw_gui/pipeline/run_efficiency_sweep_pipeline.py,14947,fd76be286b477558cfbbcf52db22e4469e429beeb1790bbb1d1a2015fb305444,.py
src/pe_claw_gui/pipeline/run_full_pipeline.py,2334,4466f4a48dd740c227abe89b4dca65877735d5547f9a62db888694c9c491802e,.py
src/pe_claw_gui/pipeline/run_geometry_pipeline.py,13991,cfe84a5ae8f88addf5543333a0932844c3af924027d8e0078113772f0da6e16e,.py
src/pe_claw_gui/pipeline/run_loss_pipeline.py,8932,c1f9e147947abeb580a59416f2719651082a5fa0fdb1b9aabfab56351c707081,.py
src/pe_claw_gui/pipeline/run_magnetic_pipeline.py,13135,14d1cbfd75ad29abeb1fc3fcf2ad45528e15cc12d2e3edef49d34ba881204299,.py
src/pe_claw_gui/pipeline/run_operating_point_refresh.py,2982,64cdf5a727ae946dcd81b10f52b7af90500be3f87d5a831ab1689eeba05f74b2,.py
src/pe_claw_gui/pipeline/run_semiconductor_geometry_pipeline.py,26839,2567cc12eb49b97c67422933663c4aae3cf60dc9fc9829b38aa95df67a6c7ee5,.py
src/pe_claw_gui/pipeline/run_thermal_pipeline.py,5624,8d43e102c4aee55058d19e7372e54eaa9d89af23ee5e2897a98e15c6341bc778,.py
src/pe_claw_gui/pipeline/run_topology_pipeline.py,7302,104131151642a85978c9473cb373085ae40b6e3ada99edbec9aa21c2373202d8,.py
src/pe_claw_gui/schemes/__init__.py,263,6d1e4c953e478155b0a93b9036c8ef6fbe25464cc3e2bbfe191c116ce83939a1,.py
src/pe_claw_gui/schemes/evaluator.py,541,44eba09447d0fcfb8b2bfc99973dd10c05594d0a866ea7716451210b2ad05e91,.py
src/pe_claw_gui/schemes/labels.py,198,4ddcc74eb93dd942b7d3fcb978445b51be8720421d2c9f169be618cfb17512d5,.py
src/pe_claw_gui/schemes/ranking.py,410,495076388a32d123817b89154a05ac379b542ec7980aca8f7fe5b239e18cd386,.py
src/pe_claw_gui/topologies/__init__.py,423,5d770dd5b5ba5d77036ee5f2b44fe3d9a986bcae68f33014daf082885326c843,.py
src/pe_claw_gui/topologies/ac_ac/__init__.py,54,50dff1d49befbc4b7c732b801f035ee4ea0615b1a077be03979040dc6f0f6f1a,.py
src/pe_claw_gui/topologies/ac_dc/__init__.py,54,78ede58ed7a7f6cd2b2eb9b7e5242e92c47b0b752d08ebfc510c0f4271743ae6,.py
src/pe_claw_gui/topologies/base/__init__.py,512,1cd518e05ff2d75d0ea370848c5ae62a2c56b24b0487808893d619ac894637db,.py
src/pe_claw_gui/topologies/base/candidate.py,1205,7a0deaff6e10a5d48f4c92daec11c48d505e079b6942c3ab86a8496e1ed20c58,.py
src/pe_claw_gui/topologies/base/category.py,309,7195f1d44b6651d9b0f43a47b99db9d9c5c06dd73748749ddd56fd1d591af1e5,.py
src/pe_claw_gui/topologies/base/interface.py,2061,03c99f11e70c7aad47097795faa9f5c674a1b2124801c6f29652d4a6300ea930,.py
src/pe_claw_gui/topologies/base/metadata.py,1151,f3396f42387884de19050907e8dc5114e5ce029c2446ece3e5b37a3df1a679f6,.py
src/pe_claw_gui/topologies/base/registry.py,8794,b01b957faa6de4e8703024f4a02374e9ff598bbcf5ab3b63b204c41aa5c7e86b,.py
src/pe_claw_gui/topologies/base/result.py,496,c5d338a920b20ce1774af9f03c6ed9e04f310b3cf0b5346a1dd14fbaaaf36293,.py
src/pe_claw_gui/topologies/base/spec.py,277,2002c2626f299f9becc07dd0ed503b3e72959a24fabc5102c4ee764d24e78c5b,.py
src/pe_claw_gui/topologies/cllc/__init__.py,264,6f6af9558b8a4ab1ffb37665d6d3daafab0d8962473b5f8424ae58225a768f69,.py
src/pe_claw_gui/topologies/cllc/evaluator.py,34,fb33d8f1b2473abe2b745583516803cb76368e7e34948f309c9f2418a67d8be2,.py
src/pe_claw_gui/topologies/cllc/input_schema.py,37,cd2bedb40d0c13c9e3e22a27504ae77df5abd6dc69b848ca5279db278877333f,.py
src/pe_claw_gui/topologies/cllc/mode_map.py,33,455b3aaa80eb20df83e7972704f3ef6027bfa8b83918d9e70d03631ea0f229e4,.py
src/pe_claw_gui/topologies/cllc/solver.py,31,1c31c03155da63657740389bfb078ff2bb17c234a63f5f9feb8d5e6ea005c18c,.py
src/pe_claw_gui/topologies/cllc/stress.py,31,09c7e0531b08df163c8b6aa8058f0a0b8d3d3716db83422a64b8338f0eea32a9,.py
src/pe_claw_gui/topologies/cllc/surrogate.py,34,520b649c7169780b6ecb426e18da8498a9c10b5a37387b28298dcb61d699e414,.py
src/pe_claw_gui/topologies/cllc/waveform.py,33,b7b789621b8384bd077088d85f55e3a2474392eb3fb78cdf0c0540318b9508e6,.py
src/pe_claw_gui/topologies/dab/__init__.py,260,372825d625ec7275419d7519510f2be4a2d34ba9531e5553755ff4fd936b2bfd,.py
src/pe_claw_gui/topologies/dab/evaluator.py,33,e804b44166c4db30bc9b4a6481407669c34a819360e5c48ff4bdb54e1b74c22e,.py
src/pe_claw_gui/topologies/dab/input_schema.py,36,aed7283e8bd4ab93198f2c8318b60eb42aea27e8036f223cc5050983ebf061cf,.py
src/pe_claw_gui/topologies/dab/solver.py,30,61d4ae000817d10af5701623c60e1639627fe827bde83bdae0d67a5ad024cc92,.py
src/pe_claw_gui/topologies/dab/stress.py,30,1d6eacfe20e8eac8c7a74febde2f2631246bf97c3936e18dcb2a8a53028bdd76,.py
src/pe_claw_gui/topologies/dab/waveform.py,32,03e0c6ceb926f40162b921eedfbc9e830cbb08e33915c4884ca3754a863ce6de,.py
src/pe_claw_gui/topologies/dc_ac/__init__.py,54,48d71712afcf8e42204d262e37845a4dbd72da053d67223196e73c142c84a3ee,.py
src/pe_claw_gui/topologies/dc_dc/__init__.py,1651,5429213768ffe31c4bdd9865efcc0adcf6ffa022208e66768fd93e6b2a3d96e5,.py
src/pe_claw_gui/topologies/dc_dc/boost_diode_rectified_unidirectional/__init__.py,2668,dccb937dcd4901c565415c0ea0c305cef9d27ca54b8bc42c6ca29c6b381cf8b9,.py
src/pe_claw_gui/topologies/dc_dc/boost_diode_rectified_unidirectional/evaluator.py,3514,85b63bb4f4375698282f742cb59bd87286c8f09c8dba7f24196a12856a228397,.py
src/pe_claw_gui/topologies/dc_dc/boost_diode_rectified_unidirectional/input_schema.py,3083,aa4956a04fc8f9e577c96c71c6ecc305305213eae5656f1331d07233b08d9770,.py
src/pe_claw_gui/topologies/dc_dc/boost_diode_rectified_unidirectional/mode.py,4926,f7f96b936b3f5593c6e2540676c5ba9285f19ce17bf604e835d17b4ea705978e,.py
src/pe_claw_gui/topologies/dc_dc/boost_diode_rectified_unidirectional/stress.py,1955,35153f19324df967970b1faa72b6eec9db97e1ba6bef155366042cae3d7c2238,.py
src/pe_claw_gui/topologies/dc_dc/boost_diode_rectified_unidirectional/synthesizer.py,2134,583491ebda6f0b2b33620d799d7d54ef316105e391a2e89a5dec18f8bdfd86c0,.py
src/pe_claw_gui/topologies/dc_dc/boost_diode_rectified_unidirectional/waveform.py,6197,c736d9ca2ee4e4ebe85c23e1df0c20f5c989cb6f05f452e126ffcb33e7e07dae,.py
src/pe_claw_gui/topologies/dc_dc/boost_synchronous_rectified_unidirectional/__init__.py,2680,5d8bbe430cd2e36bf43773c6a53b0b449b5e49299e9072d4624fb4fadf7b9edf,.py
src/pe_claw_gui/topologies/dc_dc/boost_synchronous_rectified_unidirectional/evaluator.py,3424,aefb1ef29121dcddbdfbea2d514186672a3585f62326af8970ce7b722d7a47ea,.py
src/pe_claw_gui/topologies/dc_dc/boost_synchronous_rectified_unidirectional/input_schema.py,3115,3866966120a0e0db8669344575f4bc0485a9c12e55922ef46829689e0f221cf7,.py
src/pe_claw_gui/topologies/dc_dc/boost_synchronous_rectified_unidirectional/mode.py,1991,a5982fc9b0a21af04030bf08c5df5bd76b9bca2e26c92d4b9e3887045c1466d1,.py
src/pe_claw_gui/topologies/dc_dc/boost_synchronous_rectified_unidirectional/stress.py,2247,57669dc0d1bf0dc68d030cf130a71f9646eab8ce9fbb78d049de61b3288c387f,.py
src/pe_claw_gui/topologies/dc_dc/boost_synchronous_rectified_unidirectional/synthesizer.py,1859,6a0ded9feced7dfdd7cf45c120d8ae3b484be0643cbfebf9d521310ff33cea8b,.py
src/pe_claw_gui/topologies/dc_dc/boost_synchronous_rectified_unidirectional/waveform.py,5277,4e1187a7b38befcee88356dc4029369782cbfc28584a6e224309c8a4fe6696c0,.py
src/pe_claw_gui/topologies/dc_dc/buck_boost_diode_rectified_unidirectional/__init__.py,2815,74ed5b8c43bc0804f760aa59f88db19cbc6be959a4cde845976e81c1c6364af7,.py
src/pe_claw_gui/topologies/dc_dc/buck_boost_diode_rectified_unidirectional/evaluator.py,3853,1329171387c2ce962a248eb45f4887b0a4ca874c98b79263daec01281d2f5245,.py
src/pe_claw_gui/topologies/dc_dc/buck_boost_diode_rectified_unidirectional/input_schema.py,3185,2af928266e877763bb9a4a3236b0259a460367ba9804c3a469ce0372f5ca6260,.py
src/pe_claw_gui/topologies/dc_dc/buck_boost_diode_rectified_unidirectional/mode.py,5009,aa012b9ec1f9dea1dba8efbb666eb6c6114236ce54ffb85233cae51c21b6915b,.py
src/pe_claw_gui/topologies/dc_dc/buck_boost_diode_rectified_unidirectional/stress.py,2165,d04ec06560da8625a5b27d26270b143c1ca044a0de62b56331f204257b49cca0,.py
src/pe_claw_gui/topologies/dc_dc/buck_boost_diode_rectified_unidirectional/synthesizer.py,2341,66d90fb49b3fc61a76218ef1a4be3a8d485090e6316478a1d54cbfa2df3da1be,.py
src/pe_claw_gui/topologies/dc_dc/buck_boost_diode_rectified_unidirectional/waveform.py,6345,6eb2cefd5265cc4f99fdaf406604cfb1c4f9f1000d2ecd2236979fefc2f8c119,.py
src/pe_claw_gui/topologies/dc_dc/buck_diode_rectified_unidirectional/__init__.py,2905,8a233e6895475f240e9771638540865a867276f57237c5649ea66713effbe176,.py
src/pe_claw_gui/topologies/dc_dc/buck_diode_rectified_unidirectional/evaluator.py,3462,7a1dc705e394f14815beaa7fc987c53052d36566de0b931caec1a101b44bcc25,.py
src/pe_claw_gui/topologies/dc_dc/buck_diode_rectified_unidirectional/input_schema.py,2949,1f7800a9d6243b5d9f3b40ad5fdae2826f453f390a5da0e1f8a967127b28355e,.py
src/pe_claw_gui/topologies/dc_dc/buck_diode_rectified_unidirectional/mode.py,4897,26e06d6b7bce7c60c493aae514b7fb63a339a3aa613b7b284e79890a86d0a45f,.py
src/pe_claw_gui/topologies/dc_dc/buck_diode_rectified_unidirectional/stress.py,1764,bbdf7ccd5b65f1dfbb5cb2b9432726e1e73303b84bb93a37194b954e622e3149,.py
src/pe_claw_gui/topologies/dc_dc/buck_diode_rectified_unidirectional/synthesizer.py,1875,f1c4ae2c921b3cb506bb34d91858dbdf13788b9b13d9c90a3eaa02e9c3fc70bc,.py
src/pe_claw_gui/topologies/dc_dc/buck_diode_rectified_unidirectional/waveform.py,6066,5cd9431247892b16b92310abe1df517eedf1739de98fb09cf864b3cf2d5e2dae,.py
src/pe_claw_gui/topologies/dc_dc/buck_synchronous_rectified_unidirectional/__init__.py,2917,f496fd1c37fc5045ccf092b5ca0c7aecb9b6e33184203b0af876fe64ecac9066,.py
src/pe_claw_gui/topologies/dc_dc/buck_synchronous_rectified_unidirectional/evaluator.py,3417,4710c272a05b8445b57c1b7c8c6e560bb84664fffdf5addd92d9be814d3c76ff,.py
src/pe_claw_gui/topologies/dc_dc/buck_synchronous_rectified_unidirectional/input_schema.py,2980,a4f198f3519e43c07528f5d996fa535de2220ffc1a1474eff5f2586f8022d99a,.py
src/pe_claw_gui/topologies/dc_dc/buck_synchronous_rectified_unidirectional/mode.py,2018,f8ef20e0d9ba3c462a256cb8510af06955362231a1369067fc79b7d6c606ea5d,.py
src/pe_claw_gui/topologies/dc_dc/buck_synchronous_rectified_unidirectional/stress.py,2191,9951640e4f6b94219fcfca6afb03d8d6a233875b99bb4e65ce771e5b31c2c3ee,.py
src/pe_claw_gui/topologies/dc_dc/buck_synchronous_rectified_unidirectional/synthesizer.py,1723,a7c6ab607bc7544b4ca22f909736ff239c80d8e10966d49396bb1d971e9dcc22,.py
src/pe_claw_gui/topologies/dc_dc/buck_synchronous_rectified_unidirectional/waveform.py,5368,b4092121ffd0aea2beb300b7f79bf0657cb2204df12eaa31f81b6d37a29acbdb,.py
src/pe_claw_gui/topologies/dc_dc/four_switch_buck_boost_simplified_four_mode/__init__.py,2760,44b897fc2796d0fd7c79647b2f4e3ccca53e8b9e5d0ee11892ec2cc9152bff15,.py
src/pe_claw_gui/topologies/dc_dc/four_switch_buck_boost_simplified_four_mode/evaluator.py,3844,9da60e5ab02058df903918d56d5c2a8b0fc7a7cac20309308775b07b604c7615,.py
src/pe_claw_gui/topologies/dc_dc/four_switch_buck_boost_simplified_four_mode/input_schema.py,3637,73239cc90d977540f083dcbcb669a48d66d5ac1ac829d6e0eb692d056713acd8,.py
src/pe_claw_gui/topologies/dc_dc/four_switch_buck_boost_simplified_four_mode/mode.py,6777,453c5bbb28f8f4462eaec30eeeae4c380cf1195b59325d18d4351b5d4fcb26ea,.py
src/pe_claw_gui/topologies/dc_dc/four_switch_buck_boost_simplified_four_mode/stress.py,2666,bedfa7d867528726ed49022ab8ff729f3f3fe6ef0268a0ee3d39924d1f1dee5d,.py
src/pe_claw_gui/topologies/dc_dc/four_switch_buck_boost_simplified_four_mode/synthesizer.py,3465,6cc3eb7514989473e874dd9196e5f820711eaa8d82b31f5ecbaff3e20660a243,.py
src/pe_claw_gui/topologies/dc_dc/four_switch_buck_boost_simplified_four_mode/waveform.py,6735,689599d3b379a1198a1d85f636851025e3b4be4611b00cdbca5305a56cdd4894,.py
src/pe_claw_gui/topologies/dc_dc/three_level_tzcm_fixed_frequency/__init__.py,2725,b6446f52b432b9ccd0561495433bc189ea1687e03460b88421be1b1c91c09580,.py
src/pe_claw_gui/topologies/dc_dc/three_level_tzcm_fixed_frequency/evaluator.py,4818,b9d576b79d33e193a04a46f70acbde137e633c61e953162ac83e4f76e4d456c4,.py
src/pe_claw_gui/topologies/dc_dc/three_level_tzcm_fixed_frequency/input_schema.py,3673,c003e5faf6038255a19b60166c5f7ce9eb58b7f5a67e2f59ba4aa71c5c1b4b72,.py
src/pe_claw_gui/topologies/dc_dc/three_level_tzcm_fixed_frequency/mode.py,8723,bd718ba3ac10a2d8fded2a71a1f4571996d42b119ae1f18cd46a00b849a9296c,.py
src/pe_claw_gui/topologies/dc_dc/three_level_tzcm_fixed_frequency/stress.py,2733,f57cf2a1bb0e56c74077bb270d21bb00062b40323d56f16b560c56b5c43b7de3,.py
src/pe_claw_gui/topologies/dc_dc/three_level_tzcm_fixed_frequency/synthesizer.py,6341,6bbc4ec94d0f2b4a3df872d1464b84bde79ef5ffc22b08df06cb174b6fbe3be9,.py
src/pe_claw_gui/topologies/dc_dc/three_level_tzcm_fixed_frequency/waveform.py,6973,4cb8907f22530bf51ed914042c8a3c56ac62b2c43f2b38c083b6e03eff15a00b,.py
src/pe_claw_gui/topologies/llc/__init__.py,260,2cbbb385d9ab883b6408a5cd77cdf2691e95c8802d6432a5d524631bd7b56526,.py
src/pe_claw_gui/topologies/llc/evaluator.py,33,8a377c95e33ab6da888d54359ec88c0e797adb9578002db74efa5a401b46083b,.py
src/pe_claw_gui/topologies/llc/input_schema.py,36,ed7288499bce4386a2816319133fc43649590b434c86e4bdd32ddfcfab7d203a,.py
src/pe_claw_gui/topologies/llc/mode_map.py,32,48a08ce507586f12b6f9185f909591695273558d55e20c0168e56010abd74e53,.py
src/pe_claw_gui/topologies/llc/solver.py,30,d5ad0979a3211e34b5ffa6b105555e7b3a0199c6cfe7a3ab75aeabe13f4006da,.py
src/pe_claw_gui/topologies/llc/stress.py,30,8ea9ce2eb0ee9ff1113eea00a2e670b9ff127fe9e8c2e336b72bf0a1dc5b6343,.py
src/pe_claw_gui/topologies/llc/waveform.py,32,ad07d4543ade029d3a19ea34fbaa98379d9e9073df726ac1e51e63fae23f9b48,.py
src/pe_claw_gui/topologies/psfb/__init__.py,264,924e0086688df19f78406f6e93e58c22e2dcbf427b0ebc73e8d3866de6bd50db,.py
src/pe_claw_gui/topologies/psfb/evaluator.py,34,e20e597da7f096908be342fa10fefee582ca0510f99979c25fb3f986fca9ded2,.py
src/pe_claw_gui/topologies/psfb/input_schema.py,37,4d19db87b4ca1dcf87eaac7ee898ab758615f342c97dc99340a910c1a123dec3,.py
src/pe_claw_gui/topologies/psfb/solver.py,31,9196eeaf4142c2ea99f6d8513579f2d8eff3f3e4d37231a4f9d9205b450ad1b2,.py
src/pe_claw_gui/topologies/psfb/stress.py,31,f50c3fe820eec155cd3229c5fd48021fdaa1371f7b233c9193ae27bd720b653e,.py
src/pe_claw_gui/topologies/psfb/waveform.py,33,f7c5c68585ed0e6de85f74e7c52f2eddd970044fb4e610de85d9e1a9cd131f34,.py
src/pe_claw_gui/ui.py,140,eae87311fae01d2e09454168a6c5293bc82f10188a64ea67b36a3c4a0ad5bc21,.py
src/pe_claw_gui/utils/__init__.py,61,b6661baaa32c260c49c59327f00c38749f1523fa6e20dbefffbf624c85e12de5,.py
src/pe_claw_gui/utils/ambient_temperature.py,3009,a1fa4827caa42369aa5721fa32bdf02f7f77bba8d81821b136ff0d786d12d857,.py
src/pe_claw_gui/utils/core_family_semantics.py,2853,5f05ccb6aa59117f5e664589f05fd5a40bd9a4745368d2f30ab6dc5d464e0e92,.py
src/pe_claw_gui/visualization/__init__.py,46,8cde6ff850bb2cff70da5e382d3e4c72a12bc37953f8965940c6f79ebdf189c7,.py
src/pe_claw_gui/visualization/cad/__init__.py,38,02aba0b864538a4812833eb137eb0a200a0ae0e42bea869de193491647fa1d41,.py
src/pe_claw_gui/visualization/capacitors/__init__.py,602,51e0e178a8836170da27491aa150f7f775456193b66a29adf5182d66b323e605,.py
src/pe_claw_gui/visualization/capacitors/layout.py,4674,4a199fa1b0136bfda4eef372a55bcfbf688aedcbf4356bce3cc31d0f5ecf7fa7,.py
src/pe_claw_gui/visualization/capacitors/renderer.py,14906,606715c69b5481ef1a64df7e066810caa90329e6114fe151b69953b25d4f9410,.py
src/pe_claw_gui/visualization/dashboards/__init__.py,30,ae434e2f4ea17463558735c59906cb09164f8db35144da22e9076eb36187e8a4,.py
src/pe_claw_gui/visualization/geometry/__init__.py,683,482ce6a5fd6793013a67cc8333fb1720a42c4a3f65005f3f9d76b2fd1fcdacf9,.py
src/pe_claw_gui/visualization/geometry/core_templates.py,14251,85dd130b1ce052f497a59cb97f5a2e29e13245c585e060595a986ae193f56e11,.py
src/pe_claw_gui/visualization/geometry/geometry_3d.py,20300,b92a0f5b42d986ac2ecd556cc387315578dbd764bca761209afbc90a982fb28b,.py
src/pe_claw_gui/visualization/geometry/geometry_renderer.py,40037,f921538053d85408c8f10a5fb1a4f950155b73087ba93b84217cc6854021e9b5,.py
src/pe_claw_gui/visualization/geometry/layout_builder.py,29124,e9674b4ccf6fb846ac924c46c239d024e14ef4a4f4494531d96a8ce899462a1e,.py
src/pe_claw_gui/visualization/geometry/primitives_3d.py,4550,3600300e7fbee9b54f0b8bb5243a53c3f0b1c03137b2567250806f3f2d3625f5,.py
src/pe_claw_gui/visualization/geometry/winding_layout.py,2368,e23d827ca53e498d2674b121e471e67d237760b25bf1192302c7393ef539894b,.py
src/pe_claw_gui/visualization/geometry/winding_size_estimator.py,9403,7fd79bd49a584f86bcd6f2272ed7424548b187a44e451c80613dbb22295ff0b1,.py
src/pe_claw_gui/visualization/hardware_overview/__init__.py,164,43f848bb591e80d52d43bc682ed387aa813da32f024b7f4d369f16dac4c8c1a9,.py
src/pe_claw_gui/visualization/hardware_overview/pie.py,2078,d0969d7bc013e5d9f2359b781eba1a748b78129268c5cf6efaa4b831d901b04c,.py
src/pe_claw_gui/visualization/hardware_overview/renderer.py,30176,11fdd57bf006bfd427d41c42f4ac61191a60d1349849ed2ea3bea805cc1d99ae,.py
src/pe_claw_gui/visualization/plots/__init__.py,25,0a4204bf5afd9567f01394501b636850fb605c55435f4c18535124704d39946d,.py
src/pe_claw_gui/visualization/reports/__init__.py,41,a29e885221f1c906bb61491893fffb4814f308821b952365976c1e5a23f26c09,.py
src/pe_claw_gui/visualization/semiconductors/__init__.py,287,3bf6931d17620c09a3cf9e1d4b8b6431b3e72dbd092cebf25752b38bb664dc68,.py
src/pe_claw_gui/visualization/semiconductors/geometry_3d.py,46114,b2e4a2986a1942af68d57ef0872e867bcb8d2b67c1a3472ff7468bc887e23384,.py
src/pe_claw_gui/visualization/semiconductors/geometry_3d_audit.py,7061,472c8d694f8abd1f94becd6ac2d9a854015b30f373f922afad3ae1e5f87205c2,.py
src/pe_claw_gui/visualization/semiconductors/geometry_renderer.py,49684,bfe9e7a162a0392f30d6d806f2af621db47890bd1e9d7dff94d4680e29d609a6,.py
src/pe_claw_gui/visualization/semiconductors/layout_builder.py,7662,17401104ebb702625265790f6dcbf4b42e56834eecc88e150794a3128b188578,.py
src/pe_claw_gui/visualization/semiconductors/physical_package_instances.py,6606,d8eaf86e2a0f0dc14f4c63bb046e1e075fd005294afd4ef26b1f7a4491ee033a,.py
