pdf_filename,series,series_mounting_group,rated_voltage_v,capacitance_uf,diameter_mm,length_mm,ripple_current_a,ripple_frequency_hz,ripple_temperature_c,tan_delta,esr_value_raw,esr_unit,esr_ohm,lc_ma,part_number,source_row_index,endurance_hours,operating_temperature_max_c,raw_row_text,parse_status,is_order_code_template
177562720827.pdf,LS,snap_in,16,8200,20,25,2.41,120,85,0.5,0.081,ohm,0.081,1.09,LS-822M1C--A2025,1,3000,85,"16 8,200 20  x 25  2.41 0.50 0.081 1.09 LS-822M1C--A2025",parsed,false
177562720827.pdf,LS,snap_in,16,8200,22,25,2.56,120,85,0.5,0.081,ohm,0.081,1.09,LS-822M1C--A2225,2,3000,85,"8,200 22  x 25  2.56 0.50 0.081 1.09 LS-822M1C--A2225",parsed,false
177562720827.pdf,LS,snap_in,16,10000,20,25,2.46,120,85,0.5,0.066,ohm,0.066,1.2,LS-103M1C--A2025,3,3000,85,"10,000 20  x 25  2.46 0.50 0.066 1.20 LS-103M1C--A2025",parsed,false
177562720827.pdf,LS,snap_in,16,10000,22,25,2.6,120,85,0.5,0.066,ohm,0.066,1.2,LS-103M1C--A2225,4,3000,85,"10,000 22  x 25  2.60 0.50 0.066 1.20 LS-103M1C--A2225",parsed,false
177562720827.pdf,LS,snap_in,16,10000,25,25,2.81,120,85,0.5,0.066,ohm,0.066,1.2,LS-103M1C--A2525,5,3000,85,"10,000 25  x 25  2.81 0.50 0.066 1.20 LS-103M1C--A2525",parsed,false
177562720827.pdf,LS,snap_in,16,12000,20,30,2.92,120,85,0.5,0.055,ohm,0.055,1.31,LS-123M1C--A2030,6,3000,85,"12,000 20  x 30  2.92 0.50 0.055 1.31 LS-123M1C--A2030",parsed,false
177562720827.pdf,LS,snap_in,16,12000,22,25,2.88,120,85,0.5,0.055,ohm,0.055,1.31,LS-123M1C--A2225,7,3000,85,"12,000 22  x 25  2.88 0.50 0.055 1.31 LS-123M1C--A2225",parsed,false
177562720827.pdf,LS,snap_in,16,12000,25,25,2.96,120,85,0.5,0.055,ohm,0.055,1.31,LS-123M1C--A2525,8,3000,85,"12,000 25  x 25  2.96 0.50 0.055 1.31 LS-123M1C--A2525",parsed,false
177562720827.pdf,LS,snap_in,16,15000,20,35,3.49,120,85,0.5,0.044,ohm,0.044,1.47,LS-153M1C--A2035,9,3000,85,"15,000 20  x 35  3.49 0.50 0.044 1.47 LS-153M1C--A2035",parsed,false
177562720827.pdf,LS,snap_in,16,15000,22,30,3.45,120,85,0.5,0.044,ohm,0.044,1.47,LS-153M1C--A2230,10,3000,85,"15,000 22  x 30  3.45 0.50 0.044 1.47 LS-153M1C--A2230",parsed,false
177562720827.pdf,LS,snap_in,16,15000,25,25,3.38,120,85,0.5,0.044,ohm,0.044,1.47,LS-153M1C--A2525,11,3000,85,"15,000 25  x 25  3.38 0.50 0.044 1.47 LS-153M1C--A2525",parsed,false
177562720827.pdf,LS,snap_in,16,15000,30,25,3.73,120,85,0.5,0.044,ohm,0.044,1.47,LS-153M1C--A3025,12,3000,85,"15,000 30  x 25  3.73 0.50 0.044 1.47 LS-153M1C--A3025",parsed,false
177562720827.pdf,LS,snap_in,16,18000,20,40,3.72,120,85,0.5,0.037,ohm,0.037,1.5,LS-183M1C--A2040,13,3000,85,"18,000 20  x 40  3.72 0.50 0.037 1.50 LS-183M1C--A2040",parsed,false
177562720827.pdf,LS,snap_in,16,18000,22,30,3.47,120,85,0.5,0.037,ohm,0.037,1.5,LS-183M1C--A2230,14,3000,85,"18,000 22  x 30  3.47 0.50 0.037 1.50 LS-183M1C--A2230",parsed,false
177562720827.pdf,LS,snap_in,16,18000,25,25,3.47,120,85,0.5,0.037,ohm,0.037,1.5,LS-183M1C--A2525,15,3000,85,"18,000 25  x 25  3.47 0.50 0.037 1.50 LS-183M1C--A2525",parsed,false
177562720827.pdf,LS,snap_in,16,22000,20,45,4.07,120,85,0.5,0.03,ohm,0.03,1.5,LS-223M1C--A2045,16,3000,85,"22,000 20  x 45  4.07 0.50 0.030 1.50 LS-223M1C--A2045",parsed,false
177562720827.pdf,LS,snap_in,16,22000,22,35,3.84,120,85,0.5,0.03,ohm,0.03,1.5,LS-223M1C--A2235,17,3000,85,"22,000 22  x 35  3.84 0.50 0.030 1.50 LS-223M1C--A2235",parsed,false
177562720827.pdf,LS,snap_in,16,22000,25,30,3.93,120,85,0.5,0.03,ohm,0.03,1.5,LS-223M1C--A2530,18,3000,85,"22,000 25  x 30  3.93 0.50 0.030 1.50 LS-223M1C--A2530",parsed,false
177562720827.pdf,LS,snap_in,16,22000,30,25,4.08,120,85,0.5,0.03,ohm,0.03,1.5,LS-223M1C--A3025,19,3000,85,"22,000 30  x 25  4.08 0.50 0.030 1.50 LS-223M1C--A3025",parsed,false
177562720827.pdf,LS,snap_in,16,22000,35,25,4.15,120,85,0.5,0.03,ohm,0.03,1.5,LS-223M1C--A3525,20,3000,85,"22,000 35  x 25  4.15 0.50 0.030 1.50 LS-223M1C--A3525",parsed,false
177562720827.pdf,LS,snap_in,16,27000,22,45,4.63,120,85,0.5,0.025,ohm,0.025,1.5,LS-273M1C--A2245,21,3000,85,"27,000 22  x 45  4.63 0.50 0.025 1.50 LS-273M1C--A2245",parsed,false
177562720827.pdf,LS,snap_in,16,27000,25,40,4.72,120,85,0.5,0.025,ohm,0.025,1.5,LS-273M1C--A2540,22,3000,85,"27,000 25  x 40  4.72 0.50 0.025 1.50 LS-273M1C--A2540",parsed,false
177562720827.pdf,LS,snap_in,16,33000,22,50,5.2,120,85,0.5,0.02,ohm,0.02,1.5,LS-333M1C--A2250,23,3000,85,"33,000 22  x 50  5.20 0.50 0.020 1.50 LS-333M1C--A2250",parsed,false
177562720827.pdf,LS,snap_in,16,33000,25,45,5.41,120,85,0.5,0.02,ohm,0.02,1.5,LS-333M1C--A2545,24,3000,85,"33,000 25  x 45  5.41 0.50 0.020 1.50 LS-333M1C--A2545",parsed,false
177562720827.pdf,LS,snap_in,16,33000,30,35,5.4,120,85,0.5,0.02,ohm,0.02,1.5,LS-333M1C--A3035,25,3000,85,"33,000 30  x 35  5.40 0.50 0.020 1.50 LS-333M1C--A3035",parsed,false
177562720827.pdf,LS,snap_in,16,33000,35,25,5.19,120,85,0.5,0.02,ohm,0.02,1.5,LS-333M1C--A3525,26,3000,85,"33,000 35  x 25  5.19 0.50 0.020 1.50 LS-333M1C--A3525",parsed,false
177562720827.pdf,LS,snap_in,16,39000,30,40,6.02,120,85,0.5,0.017,ohm,0.017,1.5,LS-393M1C--A3040,27,3000,85,"39,000 30  x 40  6.02 0.50 0.017 1.50 LS-393M1C--A3040",parsed,false
177562720827.pdf,LS,snap_in,16,39000,35,30,5.88,120,85,0.5,0.017,ohm,0.017,1.5,LS-393M1C--A3530,28,3000,85,"39,000 35  x 30  5.88 0.50 0.017 1.50 LS-393M1C--A3530",parsed,false
177562720827.pdf,LS,snap_in,16,47000,30,45,6.95,120,85,0.5,0.014,ohm,0.014,1.5,LS-473M1C--A3045,29,3000,85,"47,000 30  x 45  6.95 0.50 0.014 1.50 LS-473M1C--A3045",parsed,false
177562720827.pdf,LS,snap_in,16,47000,35,35,6.85,120,85,0.5,0.014,ohm,0.014,1.5,LS-473M1C--A3535,30,3000,85,"47,000 35  x 35  6.85 0.50 0.014 1.50 LS-473M1C--A3535",parsed,false
177562720827.pdf,LS,snap_in,16,56000,35,40,7.39,120,85,0.5,0.012,ohm,0.012,1.5,LS-563M1C--A3540,31,3000,85,"56,000 35  x 40  7.39 0.50 0.012 1.50 LS-563M1C--A3540",parsed,false
177562720827.pdf,LS,snap_in,16,68000,35,45,8.06,120,85,0.5,0.01,ohm,0.01,1.5,LS-683M1C--A3545,32,3000,85,"68,000 35  x 45  8.06 0.50 0.010 1.50 LS-683M1C--A3545",parsed,false
177562720827.pdf,LS,snap_in,25,5600,20,25,2.18,120,85,0.45,0.107,ohm,0.107,1.12,LS-562M1E--A2025,33,3000,85,"25 5,600 20  x 25  2.18 0.45 0.107 1.12 LS-562M1E--A2025",parsed,false
177562720827.pdf,LS,snap_in,25,5600,22,25,2.31,120,85,0.45,0.107,ohm,0.107,1.12,LS-562M1E--A2225,34,3000,85,"5,600 22  x 25  2.31 0.45 0.107 1.12 LS-562M1E--A2225",parsed,false
177562720827.pdf,LS,snap_in,25,6800,20,25,2.25,120,85,0.45,0.088,ohm,0.088,1.24,LS-682M1E--A2025,35,3000,85,"6,800 20  x 25  2.25 0.45 0.088 1.24 LS-682M1E--A2025",parsed,false
177562720827.pdf,LS,snap_in,25,6800,22,25,2.38,120,85,0.45,0.088,ohm,0.088,1.24,LS-682M1E--A2225,36,3000,85,"6,800 22  x 25  2.38 0.45 0.088 1.24 LS-682M1E--A2225",parsed,false
177562720827.pdf,LS,snap_in,25,6800,25,25,2.78,120,85,0.45,0.088,ohm,0.088,1.24,LS-682M1E--A2525,37,3000,85,"6,800 25  x 25  2.78 0.45 0.088 1.24 LS-682M1E--A2525",parsed,false
177562720827.pdf,LS,snap_in,25,8200,20,30,2.3,120,85,0.45,0.073,ohm,0.073,1.36,LS-822M1E--A2030,38,3000,85,"8,200 20  x 30  2.30 0.45 0.073 1.36 LS-822M1E--A2030",parsed,false
177562720827.pdf,LS,snap_in,25,8200,22,25,2.43,120,85,0.45,0.073,ohm,0.073,1.36,LS-822M1E--A2225,39,3000,85,"8,200 22  x 25  2.43 0.45 0.073 1.36 LS-822M1E--A2225",parsed,false
177562720827.pdf,LS,snap_in,25,8200,25,25,2.85,120,85,0.45,0.073,ohm,0.073,1.36,LS-822M1E--A2525,40,3000,85,"8,200 25  x 25  2.85 0.45 0.073 1.36 LS-822M1E--A2525",parsed,false
177562720827.pdf,LS,snap_in,25,10000,20,35,2.97,120,85,0.45,0.06,ohm,0.06,1.5,LS-103M1E--A2035,41,3000,85,"10,000 20  x 35  2.97 0.45 0.060 1.50 LS-103M1E--A2035",parsed,false
177562720827.pdf,LS,snap_in,25,10000,22,30,2.97,120,85,0.45,0.06,ohm,0.06,1.5,LS-103M1E--A2230,42,3000,85,"10,000 22  x 30  2.97 0.45 0.060 1.50 LS-103M1E--A2230",parsed,false
177562720827.pdf,LS,snap_in,25,10000,25,25,2.93,120,85,0.45,0.06,ohm,0.06,1.5,LS-103M1E--A2525,43,3000,85,"10,000 25  x 25  2.93 0.45 0.060 1.50 LS-103M1E--A2525",parsed,false
177562720827.pdf,LS,snap_in,25,10000,30,25,3.21,120,85,0.45,0.06,ohm,0.06,1.5,LS-103M1E--A3025,44,3000,85,"10,000 30  x 25  3.21 0.45 0.060 1.50 LS-103M1E--A3025",parsed,false
177562720827.pdf,LS,snap_in,25,12000,22,35,3.33,120,85,0.45,0.05,ohm,0.05,1.5,LS-123M1E--A2235,45,3000,85,"12,000 22  x 35  3.33 0.45 0.050 1.50 LS-123M1E--A2235",parsed,false
177562720827.pdf,LS,snap_in,25,12000,25,30,3.26,120,85,0.45,0.05,ohm,0.05,1.5,LS-123M1E--A2530,46,3000,85,"12,000 25  x 30  3.26 0.45 0.050 1.50 LS-123M1E--A2530",parsed,false
177562720827.pdf,LS,snap_in,25,12000,30,25,3.59,120,85,0.45,0.05,ohm,0.05,1.5,LS-123M1E--A3025,47,3000,85,"12,000 30  x 25  3.59 0.45 0.050 1.50 LS-123M1E--A3025",parsed,false
177562720827.pdf,LS,snap_in,25,12000,35,25,3.58,120,85,0.45,0.05,ohm,0.05,1.5,LS-123M1E--A3525,48,3000,85,"12,000 35  x 25  3.58 0.45 0.050 1.50 LS-123M1E--A3525",parsed,false
177562720827.pdf,LS,snap_in,25,15000,22,40,3.68,120,85,0.45,0.04,ohm,0.04,1.5,LS-153M1E--A2240,49,3000,85,"15,000 22  x 40  3.68 0.45 0.040 1.50 LS-153M1E--A2240",parsed,false
177562720827.pdf,LS,snap_in,25,15000,25,35,3.77,120,85,0.45,0.04,ohm,0.04,1.5,LS-153M1E--A2535,50,3000,85,"15,000 25  x 35  3.77 0.45 0.040 1.50 LS-153M1E--A2535",parsed,false
177562720827.pdf,LS,snap_in,25,15000,30,25,3.6,120,85,0.45,0.04,ohm,0.04,1.5,LS-153M1E--A3025,51,3000,85,"15,000 30  x 25  3.60 0.45 0.040 1.50 LS-153M1E--A3025",parsed,false
177562720827.pdf,LS,snap_in,25,15000,35,25,3.96,120,85,0.45,0.04,ohm,0.04,1.5,LS-153M1E--A3525,52,3000,85,"15,000 35  x 25  3.96 0.45 0.040 1.50 LS-153M1E--A3525",parsed,false
177562720827.pdf,LS,snap_in,25,18000,22,45,4.36,120,85,0.45,0.033,ohm,0.033,1.5,LS-183M1E--A2245,53,3000,85,"18,000 22  x 45  4.36 0.45 0.033 1.50 LS-183M1E--A2245",parsed,false
177562720827.pdf,LS,snap_in,25,18000,25,35,4.2,120,85,0.45,0.033,ohm,0.033,1.5,LS-183M1E--A2535,54,3000,85,"18,000 25  x 35  4.20 0.45 0.033 1.50 LS-183M1E--A2535",parsed,false
177562720827.pdf,LS,snap_in,25,18000,30,30,4.4,120,85,0.45,0.033,ohm,0.033,1.5,LS-183M1E--A3030,55,3000,85,"18,000 30  x 30  4.40 0.45 0.033 1.50 LS-183M1E--A3030",parsed,false
177562720827.pdf,LS,snap_in,25,18000,35,25,4.34,120,85,0.45,0.033,ohm,0.033,1.5,LS-183M1E--A3525,56,3000,85,"18,000 35  x 25  4.34 0.45 0.033 1.50 LS-183M1E--A3525",parsed,false
177562720827.pdf,LS,snap_in,25,22000,25,45,4.71,120,85,0.45,0.027,ohm,0.027,1.5,LS-223M1E--A2545,57,3000,85,"22,000 25  x 45  4.71 0.45 0.027 1.50 LS-223M1E--A2545",parsed,false
177562720827.pdf,LS,snap_in,25,22000,30,35,4.7,120,85,0.45,0.027,ohm,0.027,1.5,LS-223M1E--A3035,58,3000,85,"22,000 30  x 35  4.70 0.45 0.027 1.50 LS-223M1E--A3035",parsed,false
177562720827.pdf,LS,snap_in,25,22000,35,25,4.6,120,85,0.45,0.027,ohm,0.027,1.5,LS-223M1E--A3525,59,3000,85,"22,000 35  x 25  4.60 0.45 0.027 1.50 LS-223M1E--A3525",parsed,false
177562720827.pdf,LS,snap_in,25,27000,30,45,5.79,120,85,0.45,0.022,ohm,0.022,1.5,LS-273M1E--A3045,60,3000,85,"27,000 30  x 45  5.79 0.45 0.022 1.50 LS-273M1E--A3045",parsed,false
177562720827.pdf,LS,snap_in,25,27000,35,35,5.71,120,85,0.45,0.022,ohm,0.022,1.5,LS-273M1E--A3535,61,3000,85,"27,000 35  x 35  5.71 0.45 0.022 1.50 LS-273M1E--A3535",parsed,false
177562720827.pdf,LS,snap_in,25,33000,35,40,6.31,120,85,0.45,0.018,ohm,0.018,1.5,LS-333M1E--A3540,62,3000,85,"33,000 35  x 40  6.31 0.45 0.018 1.50 LS-333M1E--A3540",parsed,false
177562720827.pdf,LS,snap_in,25,39000,35,45,6.92,120,85,0.45,0.015,ohm,0.015,1.5,LS-393M1E--A3545,63,3000,85,"39,000 35  x 45  6.92 0.45 0.015 1.50 LS-393M1E--A3545",parsed,false
177562720827.pdf,LS,snap_in,35,4700,22,25,2.21,120,85,0.4,0.113,ohm,0.113,1.22,LS-472M1V--A2225,64,3000,85,"35 4,700 22  x 25  2.21 0.40 0.113 1.22 LS-472M1V--A2225",parsed,false
177562720827.pdf,LS,snap_in,35,4700,25,25,2.42,120,85,0.4,0.113,ohm,0.113,1.22,LS-472M1V--A2525,65,3000,85,"4,700 25  x 25  2.42 0.40 0.113 1.22 LS-472M1V--A2525",parsed,false
177562720827.pdf,LS,snap_in,35,5600,20,30,2.54,120,85,0.4,0.095,ohm,0.095,1.33,LS-562M1V--A2030,66,3000,85,"35  5,600 20  x 30  2.54 0.40 0.095 1.33 LS-562M1V--A2030",parsed,false
177562720827.pdf,LS,snap_in,35,5600,22,30,2.69,120,85,0.4,0.095,ohm,0.095,1.33,LS-562M1V--A2230,67,3000,85,"5,600 22  x 30  2.69 0.40 0.095 1.33 LS-562M1V--A2230",parsed,false
177562720827.pdf,LS,snap_in,35,5600,25,25,2.69,120,85,0.4,0.095,ohm,0.095,1.33,LS-562M1V--A2525,68,3000,85,"5,600 25  x 25  2.69 0.40 0.095 1.33 LS-562M1V--A2525",parsed,false
177562720827.pdf,LS,snap_in,35,6800,20,35,2.6,120,85,0.4,0.078,ohm,0.078,1.46,LS-682M1V--A2035,69,3000,85,"6,800 20  x 35  2.60 0.40 0.078 1.46 LS-682M1V--A2035",parsed,false
177562720827.pdf,LS,snap_in,35,6800,22,35,2.7,120,85,0.4,0.078,ohm,0.078,1.46,LS-682M1V--A2235,70,3000,85,"6,800 22  x 35  2.70 0.40 0.078 1.46 LS-682M1V--A2235",parsed,false
177562720827.pdf,LS,snap_in,35,6800,25,25,2.67,120,85,0.4,0.078,ohm,0.078,1.46,LS-682M1V--A2525,71,3000,85,"6,800 25  x 25  2.67 0.40 0.078 1.46 LS-682M1V--A2525",parsed,false
177562720827.pdf,LS,snap_in,35,6800,30,25,2.99,120,85,0.4,0.078,ohm,0.078,1.46,LS-682M1V--A3025,72,3000,85,"6,800 30  x 25  2.99 0.40 0.078 1.46 LS-682M1V--A3025",parsed,false
177562720827.pdf,LS,snap_in,35,8200,20,40,3.02,120,85,0.4,0.065,ohm,0.065,1.5,LS-822M1V--A2040,73,3000,85,"8,200 20  x 40  3.02 0.40 0.065 1.50 LS-822M1V--A2040",parsed,false
177562720827.pdf,LS,snap_in,35,8200,22,35,3.09,120,85,0.4,0.065,ohm,0.065,1.5,LS-822M1V--A2235,74,3000,85,"8,200 22  x 35  3.09 0.40 0.065 1.50 LS-822M1V--A2235",parsed,false
177562720827.pdf,LS,snap_in,35,8200,25,30,3.12,120,85,0.4,0.065,ohm,0.065,1.5,LS-822M1V--A2530,75,3000,85,"8,200 25  x 30  3.12 0.40 0.065 1.50 LS-822M1V--A2530",parsed,false
177562720827.pdf,LS,snap_in,35,8200,30,25,3.04,120,85,0.4,0.065,ohm,0.065,1.5,LS-822M1V--A3025,76,3000,85,"8,200 30  x 25  3.04 0.40 0.065 1.50 LS-822M1V--A3025",parsed,false
177562720827.pdf,LS,snap_in,35,10000,22,40,3.22,120,85,0.4,0.053,ohm,0.053,1.5,LS-103M1V--A2240,77,3000,85,"10,000 22  x 40  3.22 0.40 0.053 1.50 LS-103M1V--A2240",parsed,false
177562720827.pdf,LS,snap_in,35,10000,25,35,3.37,120,85,0.4,0.053,ohm,0.053,1.5,LS-103M1V--A2535,78,3000,85,"10,000 25  x 35  3.37 0.40 0.053 1.50 LS-103M1V--A2535",parsed,false
177562720827.pdf,LS,snap_in,35,10000,30,25,3.28,120,85,0.4,0.053,ohm,0.053,1.5,LS-103M1V--A3025,79,3000,85,"10,000 30  x 25  3.28 0.40 0.053 1.50 LS-103M1V--A3025",parsed,false
177562720827.pdf,LS,snap_in,35,10000,35,25,3.6,120,85,0.4,0.053,ohm,0.053,1.5,LS-103M1V--A3525,80,3000,85,"10,000 35  x 25  3.60 0.40 0.053 1.50 LS-103M1V--A3525",parsed,false
177562720827.pdf,LS,snap_in,35,12000,22,45,3.71,120,85,0.4,0.044,ohm,0.044,1.5,LS-123M1V--A2245,81,3000,85,"12,000 22  x 45  3.71 0.40 0.044 1.50 LS-123M1V--A2245",parsed,false
177562720827.pdf,LS,snap_in,35,12000,25,40,3.79,120,85,0.4,0.044,ohm,0.044,1.5,LS-123M1V--A2540,82,3000,85,"12,000 25  x 40  3.79 0.40 0.044 1.50 LS-123M1V--A2540",parsed,false
177562720827.pdf,LS,snap_in,35,12000,30,30,3.74,120,85,0.4,0.044,ohm,0.044,1.5,LS-123M1V--A3030,83,3000,85,"12,000 30  x 30  3.74 0.40 0.044 1.50 LS-123M1V--A3030",parsed,false
177562720827.pdf,LS,snap_in,35,12000,35,25,3.75,120,85,0.4,0.044,ohm,0.044,1.5,LS-123M1V--A3525,84,3000,85,"12,000 35  x 25  3.75 0.40 0.044 1.50 LS-123M1V--A3525",parsed,false
177562720827.pdf,LS,snap_in,35,15000,25,45,4.55,120,85,0.4,0.035,ohm,0.035,1.5,LS-153M1V--A2545,85,3000,85,"15,000 25  x 45  4.55 0.40 0.035 1.50 LS-153M1V--A2545",parsed,false
177562720827.pdf,LS,snap_in,35,15000,30,35,4.54,120,85,0.4,0.035,ohm,0.035,1.5,LS-153M1V--A3035,86,3000,85,"15,000 30  x 35  4.54 0.40 0.035 1.50 LS-153M1V--A3035",parsed,false
177562720827.pdf,LS,snap_in,35,15000,35,25,4.37,120,85,0.4,0.035,ohm,0.035,1.5,LS-153M1V--A3525,87,3000,85,"15,000 35  x 25  4.37 0.40 0.035 1.50 LS-153M1V--A3525",parsed,false
177562720827.pdf,LS,snap_in,35,18000,25,50,4.84,120,85,0.4,0.029,ohm,0.029,1.5,LS-183M1V--A2550,88,3000,85,"18,000 25  x 50  4.84 0.40 0.029 1.50 LS-183M1V--A2550",parsed,false
177562720827.pdf,LS,snap_in,35,18000,30,40,4.87,120,85,0.4,0.029,ohm,0.029,1.5,LS-183M1V--A3040,89,3000,85,"18,000 30  x 40  4.87 0.40 0.029 1.50 LS-183M1V--A3040",parsed,false
177562720827.pdf,LS,snap_in,35,18000,35,30,5.03,120,85,0.4,0.029,ohm,0.029,1.5,LS-183M1V--A3530,90,3000,85,"18,000 35  x 30  5.03 0.40 0.029 1.50 LS-183M1V--A3530",parsed,false
177562720827.pdf,LS,snap_in,35,22000,30,45,5.79,120,85,0.4,0.024,ohm,0.024,1.5,LS-223M1V--A3045,91,3000,85,"22,000 30  x 45  5.79 0.40 0.024 1.50 LS-223M1V--A3045",parsed,false
177562720827.pdf,LS,snap_in,35,22000,35,35,5.71,120,85,0.4,0.024,ohm,0.024,1.5,LS-223M1V--A3535,92,3000,85,"22,000 35  x 35  5.71 0.40 0.024 1.50 LS-223M1V--A3535",parsed,false
177562720827.pdf,LS,snap_in,35,27000,35,45,6.81,120,85,0.4,0.02,ohm,0.02,1.5,LS-273M1V--A3545,93,3000,85,"27,000 35  x 45  6.81 0.40 0.020 1.50 LS-273M1V--A3545",parsed,false
177562720827.pdf,LS,snap_in,50,2200,22,25,1.93,120,85,0.35,0.211,ohm,0.211,0.99,LS-222M1H--A2225,94,3000,85,"50 2,200 22  x 25  1.93 0.35 0.211 0.99 LS-222M1H--A2225",parsed,false
177562720827.pdf,LS,snap_in,50,2700,22,25,2.05,120,85,0.35,0.172,ohm,0.172,1.1,LS-272M1H--A2225,95,3000,85,"2,700 22  x 25  2.05 0.35 0.172 1.10 LS-272M1H--A2225",parsed,false
177562720827.pdf,LS,snap_in,50,3300,22,30,2.41,120,85,0.35,0.141,ohm,0.141,1.22,LS-332M1H--A2230,96,3000,85,"3,300 22  x 30  2.41 0.35 0.141 1.22 LS-332M1H--A2230",parsed,false
177562720827.pdf,LS,snap_in,50,3300,25,25,2.38,120,85,0.35,0.141,ohm,0.141,1.22,LS-332M1H--A2525,97,3000,85,"3,300 25  x 25  2.38 0.35 0.141 1.22 LS-332M1H--A2525",parsed,false
177562720827.pdf,LS,snap_in,50,3900,22,30,2.51,120,85,0.35,0.119,ohm,0.119,1.32,LS-392M1H--A2230,98,3000,85,"3,900 22  x 30  2.51 0.35 0.119 1.32 LS-392M1H--A2230",parsed,false
177562720827.pdf,LS,snap_in,50,3900,25,25,2.46,120,85,0.35,0.119,ohm,0.119,1.32,LS-392M1H--A2525,99,3000,85,"3,900 25  x 25  2.46 0.35 0.119 1.32 LS-392M1H--A2525",parsed,false
177562720827.pdf,LS,snap_in,50,4700,22,35,2.83,120,85,0.35,0.099,ohm,0.099,1.45,LS-472M1H--A2235,100,3000,85,"4,700 22  x 35  2.83 0.35 0.099 1.45 LS-472M1H--A2235",parsed,false
177562720827.pdf,LS,snap_in,50,4700,25,30,3.03,120,85,0.35,0.099,ohm,0.099,1.45,LS-472M1H--A2530,101,3000,85,"4,700 25  x 30  3.03 0.35 0.099 1.45 LS-472M1H--A2530",parsed,false
177562720827.pdf,LS,snap_in,50,4700,30,25,3.01,120,85,0.35,0.099,ohm,0.099,1.45,LS-472M1H--A3025,102,3000,85,"4,700 30  x 25  3.01 0.35 0.099 1.45 LS-472M1H--A3025",parsed,false
177562720827.pdf,LS,snap_in,50,5600,22,40,3.21,120,85,0.35,0.083,ohm,0.083,1.5,LS-562M1H--A2240,103,3000,85,"5,600 22  x 40  3.21 0.35 0.083 1.50 LS-562M1H--A2240",parsed,false
177562720827.pdf,LS,snap_in,50,5600,25,35,3.37,120,85,0.35,0.083,ohm,0.083,1.5,LS-562M1H--A2535,104,3000,85,"5,600 25  x 35  3.37 0.35 0.083 1.50 LS-562M1H--A2535",parsed,false
177562720827.pdf,LS,snap_in,50,5600,30,25,3.17,120,85,0.35,0.083,ohm,0.083,1.5,LS-562M1H--A3025,105,3000,85,"5,600 30  x 25  3.17 0.35 0.083 1.50 LS-562M1H--A3025",parsed,false
177562720827.pdf,LS,snap_in,50,5600,35,25,3.47,120,85,0.35,0.083,ohm,0.083,1.5,LS-562M1H--A3525,106,3000,85,"5,600 35  x 25  3.47 0.35 0.083 1.50 LS-562M1H--A3525",parsed,false
177562720827.pdf,LS,snap_in,50,6800,22,45,3.73,120,85,0.35,0.068,ohm,0.068,1.5,LS-682M1H--A2245,107,3000,85,"6,800 22  x 45  3.73 0.35 0.068 1.50 LS-682M1H--A2245",parsed,false
177562720827.pdf,LS,snap_in,50,6800,25,35,3.59,120,85,0.35,0.068,ohm,0.068,1.5,LS-682M1H--A2535,108,3000,85,"6,800 25  x 35  3.59 0.35 0.068 1.50 LS-682M1H--A2535",parsed,false
177562720827.pdf,LS,snap_in,50,6800,30,30,3.56,120,85,0.35,0.068,ohm,0.068,1.5,LS-682M1H--A3030,109,3000,85,"6,800 30  x 30  3.56 0.35 0.068 1.50 LS-682M1H--A3030",parsed,false
177562720827.pdf,LS,snap_in,50,6800,35,25,3.64,120,85,0.35,0.068,ohm,0.068,1.5,LS-682M1H--A3525,110,3000,85,"6,800 35  x 25  3.64 0.35 0.068 1.50 LS-682M1H--A3525",parsed,false
177562720827.pdf,LS,snap_in,50,8200,25,40,4.1,120,85,0.35,0.057,ohm,0.057,1.5,LS-822M1H--A2540,111,3000,85,"8,200 25  x 40  4.10 0.35 0.057 1.50 LS-822M1H--A2540",parsed,false
177562720827.pdf,LS,snap_in,50,8200,30,30,4.12,120,85,0.35,0.057,ohm,0.057,1.5,LS-822M1H--A3030,112,3000,85,"8,200 30  x 30  4.12 0.35 0.057 1.50 LS-822M1H--A3030",parsed,false
177562720827.pdf,LS,snap_in,50,8200,35,25,4.07,120,85,0.35,0.057,ohm,0.057,1.5,LS-822M1H--A3525,113,3000,85,"8,200 35  x 25  4.07 0.35 0.057 1.50 LS-822M1H--A3525",parsed,false
177562720827.pdf,LS,snap_in,50,10000,25,50,4.91,120,85,0.35,0.046,ohm,0.046,1.5,LS-103M1H--A2550,114,3000,85,"10,000 25  x 50  4.91 0.35 0.046 1.50 LS-103M1H--A2550",parsed,false
177562720827.pdf,LS,snap_in,50,10000,30,35,4.68,120,85,0.35,0.046,ohm,0.046,1.5,LS-103M1H--A3035,115,3000,85,"10,000 30  x 35  4.68 0.35 0.046 1.50 LS-103M1H--A3035",parsed,false
177562720827.pdf,LS,snap_in,50,10000,35,30,4.59,120,85,0.35,0.046,ohm,0.046,1.5,LS-103M1H--A3530,116,3000,85,"10,000 35  x 30  4.59 0.35 0.046 1.50 LS-103M1H--A3530",parsed,false
177562720827.pdf,LS,snap_in,50,12000,30,40,5.1,120,85,0.35,0.039,ohm,0.039,1.5,LS-123M1H--A3040,117,3000,85,"12,000 30  x 40  5.10 0.35 0.039 1.50 LS-123M1H--A3040",parsed,false
177562720827.pdf,LS,snap_in,50,12000,35,35,5.3,120,85,0.35,0.039,ohm,0.039,1.5,LS-123M1H--A3535,118,3000,85,"12,000 35  x 35  5.30 0.35 0.039 1.50 LS-123M1H--A3535",parsed,false
177562720827.pdf,LS,snap_in,50,15000,30,50,6.28,120,85,0.35,0.031,ohm,0.031,1.5,LS-153M1H--A3050,119,3000,85,"15,000 30  x 50  6.28 0.35 0.031 1.50 LS-153M1H--A3050",parsed,false
177562720827.pdf,LS,snap_in,50,15000,35,40,6.24,120,85,0.35,0.031,ohm,0.031,1.5,LS-153M1H--A3540,120,3000,85,"15,000 35  x 40  6.24 0.35 0.031 1.50 LS-153M1H--A3540",parsed,false
177562720827.pdf,LS,snap_in,50,18000,35,45,7.18,120,85,0.35,0.026,ohm,0.026,1.5,LS-183M1H--A3545,121,3000,85,"18,000 35  x 45  7.18 0.35 0.026 1.50 LS-183M1H--A3545",parsed,false
177562720827.pdf,LS,snap_in,63,1800,22,25,1.9,120,85,0.3,0.221,ohm,0.221,1.01,LS-182M1J--A2225,122,3000,85,"63 1,800 22  x 25  1.90 0.30 0.221 1.01 LS-182M1J--A2225",parsed,false
177562720827.pdf,LS,snap_in,63,2200,22,30,2.35,120,85,0.3,0.181,ohm,0.181,1.12,LS-222M1J--A2230,123,3000,85,"2,200 22  x 30  2.35 0.30 0.181 1.12 LS-222M1J--A2230",parsed,false
177562720827.pdf,LS,snap_in,63,2200,25,25,2.3,120,85,0.3,0.181,ohm,0.181,1.12,LS-222M1J--A2525,124,3000,85,"2,200 25  x 25  2.30 0.30 0.181 1.12 LS-222M1J--A2525",parsed,false
177562720827.pdf,LS,snap_in,63,2700,22,35,2.5,120,85,0.3,0.147,ohm,0.147,1.24,LS-272M1J--A2235,125,3000,85,"2,700 22  x 35  2.50 0.30 0.147 1.24 LS-272M1J--A2235",parsed,false
177562720827.pdf,LS,snap_in,63,2700,25,25,2.34,120,85,0.3,0.147,ohm,0.147,1.24,LS-272M1J--A2525,126,3000,85,"2,700 25  x 25  2.34 0.30 0.147 1.24 LS-272M1J--A2525",parsed,false
177562720827.pdf,LS,snap_in,63,3300,22,35,2.62,120,85,0.3,0.121,ohm,0.121,1.37,LS-332M1J--A2235,127,3000,85,"3,300 22  x 35  2.62 0.30 0.121 1.37 LS-332M1J--A2235",parsed,false
177562720827.pdf,LS,snap_in,63,3300,25,30,2.69,120,85,0.3,0.121,ohm,0.121,1.37,LS-332M1J--A2530,128,3000,85,"3,300 25  x 30  2.69 0.30 0.121 1.37 LS-332M1J--A2530",parsed,false
177562720827.pdf,LS,snap_in,63,3300,30,25,2.78,120,85,0.3,0.121,ohm,0.121,1.37,LS-332M1J--A3025,129,3000,85,"3,300 30  x 25  2.78 0.30 0.121 1.37 LS-332M1J--A3025",parsed,false
177562720827.pdf,LS,snap_in,63,3900,22,40,2.9,120,85,0.3,0.102,ohm,0.102,1.49,LS-392M1J--A2240,130,3000,85,"3,900 22  x 40  2.90 0.30 0.102 1.49 LS-392M1J--A2240",parsed,false
177562720827.pdf,LS,snap_in,63,3900,25,35,3.09,120,85,0.3,0.102,ohm,0.102,1.49,LS-392M1J--A2535,131,3000,85,"63 3,900 25  x 35  3.09 0.30 0.102 1.49 LS-392M1J--A2535",parsed,false
177562720827.pdf,LS,snap_in,63,3900,30,30,3.09,120,85,0.3,0.102,ohm,0.102,1.49,LS-392M1J--A3030,132,3000,85,"3,900 30  x 30  3.09 0.30 0.102 1.49 LS-392M1J--A3030",parsed,false
177562720827.pdf,LS,snap_in,63,4700,22,50,3.49,120,85,0.3,0.085,ohm,0.085,1.5,LS-472M1J--A2250,133,3000,85,"4,700 22  x 50  3.49 0.30 0.085 1.50 LS-472M1J--A2250",parsed,false
177562720827.pdf,LS,snap_in,63,4700,25,40,3.37,120,85,0.3,0.085,ohm,0.085,1.5,LS-472M1J--A2540,134,3000,85,"4,700 25  x 40  3.37 0.30 0.085 1.50 LS-472M1J--A2540",parsed,false
177562720827.pdf,LS,snap_in,63,4700,30,30,3.37,120,85,0.3,0.085,ohm,0.085,1.5,LS-472M1J--A3030,135,3000,85,"4,700 30  x 30  3.37 0.30 0.085 1.50 LS-472M1J--A3030",parsed,false
177562720827.pdf,LS,snap_in,63,4700,35,25,3.36,120,85,0.3,0.085,ohm,0.085,1.5,LS-472M1J--A3525,136,3000,85,"4,700 35  x 25  3.36 0.30 0.085 1.50 LS-472M1J--A3525",parsed,false
177562720827.pdf,LS,snap_in,63,5600,25,45,3.77,120,85,0.3,0.071,ohm,0.071,1.5,LS-562M1J--A2545,137,3000,85,"5,600 25  x 45  3.77 0.30 0.071 1.50 LS-562M1J--A2545",parsed,false
177562720827.pdf,LS,snap_in,63,5600,30,35,3.75,120,85,0.3,0.071,ohm,0.071,1.5,LS-562M1J--A3035,138,3000,85,"5,600 30  x 35  3.75 0.30 0.071 1.50 LS-562M1J--A3035",parsed,false
177562720827.pdf,LS,snap_in,63,5600,35,30,3.88,120,85,0.3,0.071,ohm,0.071,1.5,LS-562M1J--A3530,139,3000,85,"5,600 35  x 30  3.88 0.30 0.071 1.50 LS-562M1J--A3530",parsed,false
177562720827.pdf,LS,snap_in,63,6800,25,50,4.41,120,85,0.3,0.059,ohm,0.059,1.5,LS-682M1J--A2550,140,3000,85,"6,800 25  x 50  4.41 0.30 0.059 1.50 LS-682M1J--A2550",parsed,false
177562720827.pdf,LS,snap_in,63,6800,30,40,4.41,120,85,0.3,0.059,ohm,0.059,1.5,LS-682M1J--A3040,141,3000,85,"6,800 30  x 40  4.41 0.30 0.059 1.50 LS-682M1J--A3040",parsed,false
177562720827.pdf,LS,snap_in,63,6800,35,30,4.04,120,85,0.3,0.059,ohm,0.059,1.5,LS-682M1J--A3530,142,3000,85,"6,800 35  x 30  4.04 0.30 0.059 1.50 LS-682M1J--A3530",parsed,false
177562720827.pdf,LS,snap_in,63,10000,30,50,5.49,120,85,0.3,0.04,ohm,0.04,1.5,LS-103M1J--A3050,143,3000,85,"10,000 30  x 50  5.49 0.30 0.040 1.50 LS-103M1J--A3050",parsed,false
177562720827.pdf,LS,snap_in,63,10000,35,40,5.47,120,85,0.3,0.04,ohm,0.04,1.5,LS-103M1J--A3540,144,3000,85,"10,000 35  x 40  5.47 0.30 0.040 1.50 LS-103M1J--A3540",parsed,false
177562720827.pdf,LS,snap_in,63,12000,35,45,5.97,120,85,0.3,0.033,ohm,0.033,1.5,LS-123M1J--A3545,145,3000,85,"12,000 35  x 45  5.97 0.30 0.033 1.50 LS-123M1J--A3545",parsed,false
177562720827.pdf,LS,snap_in,80,1200,22,25,1.62,120,85,0.25,0.276,ohm,0.276,0.93,LS-122M1K--A2225,146,3000,85,"80 1,200 22  x 25  1.62  0.25 0.276 0.93 LS-122M1K--A2225",parsed,false
177562720827.pdf,LS,snap_in,80,1500,22,25,1.81,120,85,0.25,0.221,ohm,0.221,1.04,LS-152M1K--A2225,147,3000,85,"1,500 22  x 25  1.81  0.25 0.221 1.04 LS-152M1K--A2225",parsed,false
177562720827.pdf,LS,snap_in,80,1800,22,30,2.14,120,85,0.25,0.184,ohm,0.184,1.14,LS-182M1K--A2230,148,3000,85,"1,800 22  x 30  2.14  0.25 0.184 1.14 LS-182M1K--A2230",parsed,false
177562720827.pdf,LS,snap_in,80,1800,25,25,2.14,120,85,0.25,0.184,ohm,0.184,1.14,LS-182M1K--A2525,149,3000,85,"1,800 25  x 25  2.14  0.25 0.184 1.14 LS-182M1K--A2525",parsed,false
177562720827.pdf,LS,snap_in,80,2200,22,35,2.37,120,85,0.25,0.151,ohm,0.151,1.26,LS-222M1K--A2235,150,3000,85,"2,200 22  x 35  2.37  0.25 0.151 1.26 LS-222M1K--A2235",parsed,false
177562720827.pdf,LS,snap_in,80,2200,25,30,2.39,120,85,0.25,0.151,ohm,0.151,1.26,LS-222M1K--A2530,151,3000,85,"2,200 25  x 30  2.39  0.25 0.151 1.26 LS-222M1K--A2530",parsed,false
177562720827.pdf,LS,snap_in,80,2200,30,25,2.48,120,85,0.25,0.151,ohm,0.151,1.26,LS-222M1K--A3025,152,3000,85,"2,200 30  x 25  2.48  0.25 0.151 1.26 LS-222M1K--A3025",parsed,false
177562720827.pdf,LS,snap_in,80,2700,22,40,2.78,120,85,0.25,0.123,ohm,0.123,1.39,LS-272M1K--A2240,153,3000,85,"2,700 22  x 40  2.78  0.25 0.123 1.39 LS-272M1K--A2240",parsed,false
177562720827.pdf,LS,snap_in,80,2700,25,35,2.82,120,85,0.25,0.123,ohm,0.123,1.39,LS-272M1K--A2535,154,3000,85,"2,700 25  x 35  2.82  0.25 0.123 1.39 LS-272M1K--A2535",parsed,false
177562720827.pdf,LS,snap_in,80,2700,30,25,2.74,120,85,0.25,0.123,ohm,0.123,1.39,LS-272M1K--A3025,155,3000,85,"2,700 30  x 25  2.74  0.25 0.123 1.39 LS-272M1K--A3025",parsed,false
177562720827.pdf,LS,snap_in,80,3300,22,45,3.14,120,85,0.25,0.101,ohm,0.101,1.5,LS-332M1K--A2245,156,3000,85,"3,300 22  x 45  3.14  0.25 0.101 1.50 LS-332M1K--A2245",parsed,false
177562720827.pdf,LS,snap_in,80,3300,25,40,3.2,120,85,0.25,0.101,ohm,0.101,1.5,LS-332M1K--A2540,157,3000,85,"3,300 25  x 40  3.20  0.25 0.101 1.50 LS-332M1K--A2540",parsed,false
177562720827.pdf,LS,snap_in,80,3300,30,30,3.16,120,85,0.25,0.101,ohm,0.101,1.5,LS-332M1K--A3030,158,3000,85,"3,300 30  x 30  3.16  0.25 0.101 1.50 LS-332M1K--A3030",parsed,false
177562720827.pdf,LS,snap_in,80,3300,35,25,3.24,120,85,0.25,0.101,ohm,0.101,1.5,LS-332M1K--A3525,159,3000,85,"3,300 35  x 25  3.24  0.25 0.101 1.50 LS-332M1K--A3525",parsed,false
177562720827.pdf,LS,snap_in,80,3900,22,50,3.58,120,85,0.25,0.085,ohm,0.085,1.5,LS-392M1K--A2250,160,3000,85,"3,900 22  x 50  3.58  0.25 0.085 1.50 LS-392M1K--A2250",parsed,false
177562720827.pdf,LS,snap_in,80,3900,25,45,3.67,120,85,0.25,0.085,ohm,0.085,1.5,LS-392M1K--A2545,161,3000,85,"3,900 25  x 45  3.67  0.25 0.085 1.50 LS-392M1K--A2545",parsed,false
177562720827.pdf,LS,snap_in,80,3900,30,35,3.66,120,85,0.25,0.085,ohm,0.085,1.5,LS-392M1K--A3035,162,3000,85,"3,900 30  x 35  3.66  0.25 0.085 1.50 LS-392M1K--A3035",parsed,false
177562720827.pdf,LS,snap_in,80,3900,35,25,3.52,120,85,0.25,0.085,ohm,0.085,1.5,LS-392M1K--A3525,163,3000,85,"3,900 35  x 25  3.52  0.25 0.085 1.50 LS-392M1K--A3525",parsed,false
177562720827.pdf,LS,snap_in,80,4700,25,50,4.1,120,85,0.25,0.071,ohm,0.071,1.5,LS-472M1K--A2550,164,3000,85,"4,700 25  x 50  4.10  0.25 0.071 1.50 LS-472M1K--A2550",parsed,false
177562720827.pdf,LS,snap_in,80,4700,30,40,4.13,120,85,0.25,0.071,ohm,0.071,1.5,LS-472M1K--A3040,165,3000,85,"4,700 30  x 40  4.13  0.25 0.071 1.50 LS-472M1K--A3040",parsed,false
177562720827.pdf,LS,snap_in,80,4700,35,30,4.03,120,85,0.25,0.071,ohm,0.071,1.5,LS-472M1K--A3530,166,3000,85,"4,700 35  x 30  4.03  0.25 0.071 1.50 LS-472M1K--A3530",parsed,false
177562720827.pdf,LS,snap_in,80,5600,30,45,4.61,120,85,0.25,0.059,ohm,0.059,1.5,LS-562M1K--A3045,167,3000,85,"5,600 30  x 45  4.61  0.25 0.059 1.50 LS-562M1K--A3045",parsed,false
177562720827.pdf,LS,snap_in,80,5600,35,35,4.54,120,85,0.25,0.059,ohm,0.059,1.5,LS-562M1K--A3535,168,3000,85,"5,600 35  x 35  4.54  0.25 0.059 1.50 LS-562M1K--A3535",parsed,false
177562720827.pdf,LS,snap_in,80,6800,30,50,5.18,120,85,0.25,0.049,ohm,0.049,1.5,LS-682M1K--A3050,169,3000,85,"6,800 30  x 50  5.18  0.25 0.049 1.50 LS-682M1K--A3050",parsed,false
177562720827.pdf,LS,snap_in,80,6800,35,40,5.15,120,85,0.25,0.049,ohm,0.049,1.5,LS-682M1K--A3540,170,3000,85,"6,800 35  x 40  5.15  0.25 0.049 1.50 LS-682M1K--A3540",parsed,false
177562720827.pdf,LS,snap_in,80,8200,35,45,5.8,120,85,0.25,0.04,ohm,0.04,1.5,LS-822M1K--A3545,171,3000,85,"8,200 35  x 45  5.80  0.25 0.040 1.50 LS-822M1K--A3545",parsed,false
177562720827.pdf,LS,snap_in,80,10000,35,50,6.69,120,85,0.25,0.033,ohm,0.033,1.5,LS-103M1K--A3550,172,3000,85,"10,000 35  x 50  6.69  0.25 0.033 1.50 LS-103M1K--A3550",parsed,false
177562720827.pdf,LS,snap_in,100,1200,22,30,2.12,120,85,0.2,0.221,ohm,0.221,1.04,LS-122M2A--A2230,173,3000,85,"100 1,200 22  x 30  2.12 0.20 0.221 1.04 LS-122M2A--A2230",parsed,false
177562720827.pdf,LS,snap_in,100,1200,25,25,2.1,120,85,0.2,0.221,ohm,0.221,1.04,LS-122M2A--A2525,174,3000,85,"1,200 25  x 25  2.10 0.20 0.221 1.04 LS-122M2A--A2525",parsed,false
177562720827.pdf,LS,snap_in,100,1500,22,35,2.45,120,85,0.2,0.177,ohm,0.177,1.16,LS-152M2A--A2235,175,3000,85,"1,500 22  x 35  2.45 0.20 0.177 1.16 LS-152M2A--A2235",parsed,false
177562720827.pdf,LS,snap_in,100,1500,25,30,2.43,120,85,0.2,0.177,ohm,0.177,1.16,LS-152M2A--A2530,176,3000,85,"1,500 25  x 30  2.43 0.20 0.177 1.16 LS-152M2A--A2530",parsed,false
177562720827.pdf,LS,snap_in,100,1500,30,25,2.46,120,85,0.2,0.177,ohm,0.177,1.16,LS-152M2A--A3025,177,3000,85,"1,500 30  x 25  2.46 0.20 0.177 1.16 LS-152M2A--A3025",parsed,false
177562720827.pdf,LS,snap_in,100,1800,22,40,2.77,120,85,0.2,0.147,ohm,0.147,1.27,LS-182M2A--A2240,178,3000,85,"1,800 22  x 40  2.77 0.20 0.147 1.27 LS-182M2A--A2240",parsed,false
177562720827.pdf,LS,snap_in,100,1800,25,35,2.77,120,85,0.2,0.147,ohm,0.147,1.27,LS-182M2A--A2535,179,3000,85,"1,800 25  x 35  2.77 0.20 0.147 1.27 LS-182M2A--A2535",parsed,false
177562720827.pdf,LS,snap_in,100,1800,30,25,2.65,120,85,0.2,0.147,ohm,0.147,1.27,LS-182M2A--A3025,180,3000,85,"1,800 30  x 25  2.65 0.20 0.147 1.27 LS-182M2A--A3025",parsed,false
177562720827.pdf,LS,snap_in,100,2200,22,45,3.12,120,85,0.2,0.121,ohm,0.121,1.41,LS-222M2A--A2245,181,3000,85,"2,200 22  x 45  3.12 0.20 0.121 1.41 LS-222M2A--A2245",parsed,false
177562720827.pdf,LS,snap_in,100,2200,25,40,3.2,120,85,0.2,0.121,ohm,0.121,1.41,LS-222M2A--A2540,182,3000,85,"2,200 25  x 40  3.20 0.20 0.121 1.41 LS-222M2A--A2540",parsed,false
177562720827.pdf,LS,snap_in,100,2200,30,30,3.1,120,85,0.2,0.121,ohm,0.121,1.41,LS-222M2A--A3030,183,3000,85,"2,200 30  x 30  3.10 0.20 0.121 1.41 LS-222M2A--A3030",parsed,false
177562720827.pdf,LS,snap_in,100,2200,35,25,3.14,120,85,0.2,0.121,ohm,0.121,1.41,LS-222M2A--A3525,184,3000,85,"2,200 35  x 25  3.14 0.20 0.121 1.41 LS-222M2A--A3525",parsed,false
177562720827.pdf,LS,snap_in,100,2700,25,45,3.61,120,85,0.2,0.098,ohm,0.098,1.5,LS-272M2A--A2545,185,3000,85,"2,700 25  x 45  3.61 0.20 0.098 1.50 LS-272M2A--A2545",parsed,false
177562720827.pdf,LS,snap_in,100,2700,30,35,3.6,120,85,0.2,0.098,ohm,0.098,1.5,LS-272M2A--A3035,186,3000,85,"2,700 30  x 35  3.60 0.20 0.098 1.50 LS-272M2A--A3035",parsed,false
177562720827.pdf,LS,snap_in,100,2700,35,30,3.71,120,85,0.2,0.098,ohm,0.098,1.5,LS-272M2A--A3530,187,3000,85,"2,700 35  x 30  3.71 0.20 0.098 1.50 LS-272M2A--A3530",parsed,false
177562720827.pdf,LS,snap_in,100,3300,25,50,4.06,120,85,0.2,0.08,ohm,0.08,1.5,LS-332M2A--A2550,188,3000,85,"3,300 25  x 50  4.06 0.20 0.080 1.50 LS-332M2A--A2550",parsed,false
177562720827.pdf,LS,snap_in,100,3300,30,40,4.05,120,85,0.2,0.08,ohm,0.08,1.5,LS-332M2A--A3040,189,3000,85,"3,300 30  x 40  4.05 0.20 0.080 1.50 LS-332M2A--A3040",parsed,false
177562720827.pdf,LS,snap_in,100,3300,35,35,4.07,120,85,0.2,0.08,ohm,0.08,1.5,LS-332M2A--A3535,190,3000,85,"3,300 35  x 35  4.07 0.20 0.080 1.50 LS-332M2A--A3535",parsed,false
177562720827.pdf,LS,snap_in,100,3900,30,45,4.6,120,85,0.2,0.068,ohm,0.068,1.5,LS-392M2A--A3045,191,3000,85,"3,900 30  x 45  4.60 0.20 0.068 1.50 LS-392M2A--A3045",parsed,false
177562720827.pdf,LS,snap_in,100,3900,35,35,4.5,120,85,0.2,0.068,ohm,0.068,1.5,LS-392M2A--A3535,192,3000,85,"3,900 35  x 35  4.50 0.20 0.068 1.50 LS-392M2A--A3535",parsed,false
177562720827.pdf,LS,snap_in,100,4700,30,50,5.13,120,85,0.2,0.056,ohm,0.056,1.5,LS-472M2A--A3050,193,3000,85,"4,700 30  x 50  5.13 0.20 0.056 1.50 LS-472M2A--A3050",parsed,false
177562720827.pdf,LS,snap_in,100,4700,35,40,5.12,120,85,0.2,0.056,ohm,0.056,1.5,LS-472M2A--A3540,194,3000,85,"4,700 35  x 40  5.12 0.20 0.056 1.50 LS-472M2A--A3540",parsed,false
177562720827.pdf,LS,snap_in,100,5600,35,45,5.75,120,85,0.2,0.047,ohm,0.047,1.5,LS-562M2A--A3545,195,3000,85,"5,600 35  x 45  5.75 0.20 0.047 1.50 LS-562M2A--A3545",parsed,false
177562720827.pdf,LS,snap_in,100,6800,35,50,6.01,120,85,0.2,0.039,ohm,0.039,1.5,LS-682M2A--A3550,196,3000,85,"100 6,800 35  x 50  6.01 0.20 0.039 1.50 LS-682M2A--A3550",parsed,false
177562720827.pdf,LS,snap_in,160,270,20,25,1.12,120,85,0.15,0.737,ohm,0.737,0.62,LS-271M2C--A2025,197,3000,85,160 270 20  x 25  1.12 0.15 0.737 0.62 LS-271M2C--A2025,parsed,false
177562720827.pdf,LS,snap_in,160,270,22,25,1.27,120,85,0.15,0.737,ohm,0.737,0.62,LS-271M2C--A2225,198,3000,85,270 22  x 25  1.27 0.15 0.737 0.62 LS-271M2C--A2225,parsed,false
177562720827.pdf,LS,snap_in,160,330,20,30,1.28,120,85,0.15,0.603,ohm,0.603,0.69,LS-331M2C--A2030,199,3000,85,330 20  x 30  1.28 0.15 0.603 0.69 LS-331M2C--A2030,parsed,false
177562720827.pdf,LS,snap_in,160,330,22,25,1.4,120,85,0.15,0.603,ohm,0.603,0.69,LS-331M2C--A2225,200,3000,85,330 22  x 25  1.40 0.15 0.603 0.69 LS-331M2C--A2225,parsed,false
177562720827.pdf,LS,snap_in,160,390,22,30,1.62,120,85,0.15,0.51,ohm,0.51,0.75,LS-391M2C--A2230,201,3000,85,390 22  x 30  1.62 0.15 0.510 0.75 LS-391M2C--A2230,parsed,false
177562720827.pdf,LS,snap_in,160,470,22,30,1.77,120,85,0.15,0.423,ohm,0.423,0.82,LS-471M2C--A2230,202,3000,85,470 22  x 30  1.77 0.15 0.423 0.82 LS-471M2C--A2230,parsed,false
177562720827.pdf,LS,snap_in,160,470,25,25,1.77,120,85,0.15,0.423,ohm,0.423,0.82,LS-471M2C--A2525,203,3000,85,470 25  x 25  1.77 0.15 0.423 0.82 LS-471M2C--A2525,parsed,false
177562720827.pdf,LS,snap_in,160,560,22,30,1.92,120,85,0.15,0.355,ohm,0.355,0.9,LS-561M2C--A2230,204,3000,85,560 22  x 30  1.92 0.15 0.355 0.90 LS-561M2C--A2230,parsed,false
177562720827.pdf,LS,snap_in,160,560,22,35,2.05,120,85,0.15,0.355,ohm,0.355,0.9,LS-561M2C--A2235,205,3000,85,560 22  x 35  2.05 0.15 0.355 0.90 LS-561M2C--A2235,parsed,false
177562720827.pdf,LS,snap_in,160,560,25,25,1.92,120,85,0.15,0.355,ohm,0.355,0.9,LS-561M2C--A2525,206,3000,85,560 25  x 25  1.92 0.15 0.355 0.90 LS-561M2C--A2525,parsed,false
177562720827.pdf,LS,snap_in,160,560,30,25,2.02,120,85,0.15,0.355,ohm,0.355,0.9,LS-561M2C--A3025,207,3000,85,560 30  x 25  2.02 0.15 0.355 0.90 LS-561M2C--A3025,parsed,false
177562720827.pdf,LS,snap_in,160,680,22,35,2.12,120,85,0.15,0.293,ohm,0.293,0.99,LS-681M2C--A2235,208,3000,85,680 22  x 35  2.12 0.15 0.293 0.99 LS-681M2C--A2235,parsed,false
177562720827.pdf,LS,snap_in,160,680,25,30,2.22,120,85,0.15,0.293,ohm,0.293,0.99,LS-681M2C--A2530,209,3000,85,680 25  x 30  2.22 0.15 0.293 0.99 LS-681M2C--A2530,parsed,false
177562720827.pdf,LS,snap_in,160,680,30,25,2.22,120,85,0.15,0.293,ohm,0.293,0.99,LS-681M2C--A3025,210,3000,85,680 30  x 25  2.22 0.15 0.293 0.99 LS-681M2C--A3025,parsed,false
177562720827.pdf,LS,snap_in,160,820,22,40,2.32,120,85,0.15,0.243,ohm,0.243,1.09,LS-821M2C--A2240,211,3000,85,820 22  x 40  2.32 0.15 0.243 1.09 LS-821M2C--A2240,parsed,false
177562720827.pdf,LS,snap_in,160,820,25,30,2.32,120,85,0.15,0.243,ohm,0.243,1.09,LS-821M2C--A2530,212,3000,85,820 25  x 30  2.32 0.15 0.243 1.09 LS-821M2C--A2530,parsed,false
177562720827.pdf,LS,snap_in,160,820,30,25,2.31,120,85,0.15,0.243,ohm,0.243,1.09,LS-821M2C--A3025,213,3000,85,820 30  x 25  2.31 0.15 0.243 1.09 LS-821M2C--A3025,parsed,false
177562720827.pdf,LS,snap_in,160,820,35,25,2.5,120,85,0.15,0.243,ohm,0.243,1.09,LS-821M2C--A3525,214,3000,85,820 35  x 25  2.50 0.15 0.243 1.09 LS-821M2C--A3525,parsed,false
177562720827.pdf,LS,snap_in,160,1000,22,50,2.88,120,85,0.15,0.199,ohm,0.199,1.2,LS-102M2C--A2250,215,3000,85,"1,000 22  x 50  2.88 0.15 0.199 1.20 LS-102M2C--A2250",parsed,false
177562720827.pdf,LS,snap_in,160,1000,25,40,2.86,120,85,0.15,0.199,ohm,0.199,1.2,LS-102M2C--A2540,216,3000,85,"1,000 25  x 40  2.86 0.15 0.199 1.20 LS-102M2C--A2540",parsed,false
177562720827.pdf,LS,snap_in,160,1000,30,30,2.82,120,85,0.15,0.199,ohm,0.199,1.2,LS-102M2C--A3030,217,3000,85,"1,000 30  x 30  2.82 0.15 0.199 1.20 LS-102M2C--A3030",parsed,false
177562720827.pdf,LS,snap_in,160,1000,35,25,2.79,120,85,0.15,0.199,ohm,0.199,1.2,LS-102M2C--A3525,218,3000,85,"1,000 35  x 25  2.79 0.15 0.199 1.20 LS-102M2C--A3525",parsed,false
177562720827.pdf,LS,snap_in,160,1200,25,45,3.27,120,85,0.15,0.166,ohm,0.166,1.31,LS-122M2C--A2545,219,3000,85,"1,200 25  x 45  3.27 0.15 0.166 1.31 LS-122M2C--A2545",parsed,false
177562720827.pdf,LS,snap_in,160,1200,30,35,3.25,120,85,0.15,0.166,ohm,0.166,1.31,LS-122M2C--A3035,220,3000,85,"1,200 30  x 35  3.25 0.15 0.166 1.31 LS-122M2C--A3035",parsed,false
177562720827.pdf,LS,snap_in,160,1200,35,30,3.24,120,85,0.15,0.166,ohm,0.166,1.31,LS-122M2C--A3530,221,3000,85,"1,200 35  x 30  3.24 0.15 0.166 1.31 LS-122M2C--A3530",parsed,false
177562720827.pdf,LS,snap_in,160,1500,30,40,3.77,120,85,0.15,0.133,ohm,0.133,1.47,LS-152M2C--A3040,222,3000,85,"1,500 30  x 40  3.77 0.15 0.133 1.47 LS-152M2C--A3040",parsed,false
177562720827.pdf,LS,snap_in,160,1500,35,35,3.75,120,85,0.15,0.133,ohm,0.133,1.47,LS-152M2C--A3535,223,3000,85,"1,500 35  x 35  3.75 0.15 0.133 1.47 LS-152M2C--A3535",parsed,false
177562720827.pdf,LS,snap_in,160,1800,30,45,4.1,120,85,0.15,0.111,ohm,0.111,1.5,LS-182M2C--A3045,224,3000,85,"1,800 30  x 45  4.10 0.15 0.111 1.50 LS-182M2C--A3045",parsed,false
177562720827.pdf,LS,snap_in,160,1800,35,35,4.08,120,85,0.15,0.111,ohm,0.111,1.5,LS-182M2C--A3535,225,3000,85,"1,800 35  x 35  4.08 0.15 0.111 1.50 LS-182M2C--A3535",parsed,false
177562720827.pdf,LS,snap_in,160,2200,35,45,4.72,120,85,0.15,0.09,ohm,0.09,1.5,LS-222M2C--A3545,226,3000,85,"2,200 35  x 45  4.72 0.15 0.090 1.50 LS-222M2C--A3545",parsed,false
177562720827.pdf,LS,snap_in,160,2700,35,55,5.53,120,85,0.15,0.074,ohm,0.074,1.5,LS-272M2C--A3555,227,3000,85,"2,700 35  x 55  5.53 0.15 0.074 1.50 LS-272M2C--A3555",parsed,false
177562720827.pdf,LS,snap_in,160,3300,35,70,6.8,120,85,0.15,0.06,ohm,0.06,1.5,LS-332M2C--A3570,228,3000,85,"3,300 35  x 70  6.80 0.15 0.060 1.50 LS-332M2C--A3570",parsed,false
177562720827.pdf,LS,snap_in,160,3300,40,50,6.34,120,85,0.15,0.06,ohm,0.06,1.5,LS-332M2C--A4050,229,3000,85,"3,300 40  x 50  6.34 0.15 0.060 1.50 LS-332M2C--A4050",parsed,false
177562720827.pdf,LS,snap_in,160,3900,35,80,7.84,120,85,0.15,0.051,ohm,0.051,1.5,LS-392M2C--A3580,230,3000,85,"3,900 35  x 80  7.84 0.15 0.051 1.50 LS-392M2C--A3580",parsed,false
177562720827.pdf,LS,snap_in,160,3900,40,60,7.45,120,85,0.15,0.051,ohm,0.051,1.5,LS-392M2C--A4060,231,3000,85,"3,900 40  x 60  7.45 0.15 0.051 1.50 LS-392M2C--A4060",parsed,false
177562720827.pdf,LS,snap_in,160,4700,35,90,8.62,120,85,0.15,0.042,ohm,0.042,1.5,LS-472M2C--A3590,232,3000,85,"4,700 35  x 90  8.62 0.15 0.042 1.50 LS-472M2C--A3590",parsed,false
177562720827.pdf,LS,snap_in,160,4700,40,80,8.79,120,85,0.15,0.042,ohm,0.042,1.5,LS-472M2C--A4080,233,3000,85,"4,700 40  x 80  8.79 0.15 0.042 1.50 LS-472M2C--A4080",parsed,false
177562720827.pdf,LS,snap_in,200,220,22,25,1.15,120,85,0.15,0.905,ohm,0.905,0.63,LS-221M2D--A2225,234,3000,85,200 220 22  x 25  1.15 0.15 0.905 0.63 LS-221M2D--A2225,parsed,false
177562720827.pdf,LS,snap_in,200,270,22,25,1.3,120,85,0.15,0.737,ohm,0.737,0.7,LS-271M2D--A2225,235,3000,85,270 22  x 25  1.30 0.15 0.737 0.70 LS-271M2D--A2225,parsed,false
177562720827.pdf,LS,snap_in,200,330,22,25,1.4,120,85,0.15,0.603,ohm,0.603,0.77,LS-331M2D--A2225,236,3000,85,330 22  x 25  1.40 0.15 0.603 0.77 LS-331M2D--A2225,parsed,false
177562720827.pdf,LS,snap_in,200,330,25,25,1.43,120,85,0.15,0.603,ohm,0.603,0.77,LS-331M2D--A2525,237,3000,85,330 25  x 25  1.43 0.15 0.603 0.77 LS-331M2D--A2525,parsed,false
177562720827.pdf,LS,snap_in,200,390,22,25,1.42,120,85,0.15,0.51,ohm,0.51,0.84,LS-391M2D--A2225,238,3000,85,390 22  x 25  1.42 0.15 0.510 0.84 LS-391M2D--A2225,parsed,false
177562720827.pdf,LS,snap_in,200,390,25,25,1.63,120,85,0.15,0.51,ohm,0.51,0.84,LS-391M2D--A2525,239,3000,85,390 25  x 25  1.63 0.15 0.510 0.84 LS-391M2D--A2525,parsed,false
177562720827.pdf,LS,snap_in,200,470,22,30,1.68,120,85,0.15,0.423,ohm,0.423,0.92,LS-471M2D--A2230,240,3000,85,470 22  x 30  1.68 0.15 0.423 0.92 LS-471M2D--A2230,parsed,false
177562720827.pdf,LS,snap_in,200,470,25,25,1.68,120,85,0.15,0.423,ohm,0.423,0.92,LS-471M2D--A2525,241,3000,85,470 25  x 25  1.68 0.15 0.423 0.92 LS-471M2D--A2525,parsed,false
177562720827.pdf,LS,snap_in,200,470,30,25,1.85,120,85,0.15,0.423,ohm,0.423,0.92,LS-471M2D--A3025,242,3000,85,470 30  x 25  1.85 0.15 0.423 0.92 LS-471M2D--A3025,parsed,false
177562720827.pdf,LS,snap_in,200,560,22,35,1.97,120,85,0.15,0.355,ohm,0.355,1,LS-561M2D--A2235,243,3000,85,560 22  x 35  1.97 0.15 0.355 1.00 LS-561M2D--A2235,parsed,false
177562720827.pdf,LS,snap_in,200,560,25,30,2.05,120,85,0.15,0.355,ohm,0.355,1,LS-561M2D--A2530,244,3000,85,560 25  x 30  2.05 0.15 0.355 1.00 LS-561M2D--A2530,parsed,false
177562720827.pdf,LS,snap_in,200,560,30,25,2.05,120,85,0.15,0.355,ohm,0.355,1,LS-561M2D--A3025,245,3000,85,560 30  x 25  2.05 0.15 0.355 1.00 LS-561M2D--A3025,parsed,false
177562720827.pdf,LS,snap_in,200,680,22,40,2.24,120,85,0.15,0.293,ohm,0.293,1.11,LS-681M2D--A2240,246,3000,85,680 22  x 40  2.24 0.15 0.293 1.11 LS-681M2D--A2240,parsed,false
177562720827.pdf,LS,snap_in,200,680,25,30,2.13,120,85,0.15,0.293,ohm,0.293,1.11,LS-681M2D--A2530,247,3000,85,680 25  x 30  2.13 0.15 0.293 1.11 LS-681M2D--A2530,parsed,false
177562720827.pdf,LS,snap_in,200,680,30,25,2.21,120,85,0.15,0.293,ohm,0.293,1.11,LS-681M2D--A3025,248,3000,85,680 30  x 25  2.21 0.15 0.293 1.11 LS-681M2D--A3025,parsed,false
177562720827.pdf,LS,snap_in,200,680,35,25,2.43,120,85,0.15,0.293,ohm,0.293,1.11,LS-681M2D--A3525,249,3000,85,680 35  x 25  2.43 0.15 0.293 1.11 LS-681M2D--A3525,parsed,false
177562720827.pdf,LS,snap_in,200,820,22,45,2.32,120,85,0.15,0.243,ohm,0.243,1.21,LS-821M2D--A2245,250,3000,85,820 22  x 45  2.32 0.15 0.243 1.21 LS-821M2D--A2245,parsed,false
177562720827.pdf,LS,snap_in,200,820,25,35,2.23,120,85,0.15,0.243,ohm,0.243,1.21,LS-821M2D--A2535,251,3000,85,820 25  x 35  2.23 0.15 0.243 1.21 LS-821M2D--A2535,parsed,false
177562720827.pdf,LS,snap_in,200,820,30,30,2.62,120,85,0.15,0.243,ohm,0.243,1.21,LS-821M2D--A3030,252,3000,85,820 30  x 30  2.62 0.15 0.243 1.21 LS-821M2D--A3030,parsed,false
177562720827.pdf,LS,snap_in,200,820,35,25,2.68,120,85,0.15,0.243,ohm,0.243,1.21,LS-821M2D--A3525,253,3000,85,820 35  x 25  2.68 0.15 0.243 1.21 LS-821M2D--A3525,parsed,false
177562720827.pdf,LS,snap_in,200,1000,22,50,2.57,120,85,0.15,0.199,ohm,0.199,1.34,LS-102M2D--A2250,254,3000,85,"1,000 22  x 50  2.57 0.15 0.199 1.34 LS-102M2D--A2250",parsed,false
177562720827.pdf,LS,snap_in,200,1000,25,40,2.5,120,85,0.15,0.199,ohm,0.199,1.34,LS-102M2D--A2540,255,3000,85,"1,000 25  x 40  2.50 0.15 0.199 1.34 LS-102M2D--A2540",parsed,false
177562720827.pdf,LS,snap_in,200,1000,30,30,2.47,120,85,0.15,0.199,ohm,0.199,1.34,LS-102M2D--A3030,256,3000,85,"1,000 30  x 30  2.47 0.15 0.199 1.34 LS-102M2D--A3030",parsed,false
177562720827.pdf,LS,snap_in,200,1000,35,25,2.53,120,85,0.15,0.199,ohm,0.199,1.34,LS-102M2D--A3525,257,3000,85,"1,000 35  x 25  2.53 0.15 0.199 1.34 LS-102M2D--A3525",parsed,false
177562720827.pdf,LS,snap_in,200,1200,25,45,2.89,120,85,0.15,0.166,ohm,0.166,1.47,LS-122M2D--A2545,258,3000,85,"1,200 25  x 45  2.89 0.15 0.166 1.47 LS-122M2D--A2545",parsed,false
177562720827.pdf,LS,snap_in,200,1200,30,35,2.88,120,85,0.15,0.166,ohm,0.166,1.47,LS-122M2D--A3035,259,3000,85,"1,200 30  x 35  2.88 0.15 0.166 1.47 LS-122M2D--A3035",parsed,false
177562720827.pdf,LS,snap_in,200,1200,35,30,2.97,120,85,0.15,0.166,ohm,0.166,1.47,LS-122M2D--A3530,260,3000,85,"1,200 35  x 30  2.97 0.15 0.166 1.47 LS-122M2D--A3530",parsed,false
177562720827.pdf,LS,snap_in,200,1500,25,55,3.41,120,85,0.15,0.133,ohm,0.133,1.5,LS-152M2D--A2555,261,3000,85,"200 1,500 25  x 55  3.41 0.15 0.133 1.50 LS-152M2D--A2555",parsed,false
177562720827.pdf,LS,snap_in,200,1500,30,45,3.46,120,85,0.15,0.133,ohm,0.133,1.5,LS-152M2D--A3045,262,3000,85,"1,500 30  x 45  3.46 0.15 0.133 1.50 LS-152M2D--A3045",parsed,false
177562720827.pdf,LS,snap_in,200,1500,35,35,3.42,120,85,0.15,0.133,ohm,0.133,1.5,LS-152M2D--A3535,263,3000,85,"1,500 35  x 35  3.42 0.15 0.133 1.50 LS-152M2D--A3535",parsed,false
177562720827.pdf,LS,snap_in,200,1800,30,50,3.97,120,85,0.15,0.111,ohm,0.111,1.5,LS-182M2D--A3050,264,3000,85,"1,800 30  x 50  3.97 0.15 0.111 1.50 LS-182M2D--A3050",parsed,false
177562720827.pdf,LS,snap_in,200,1800,35,40,3.95,120,85,0.15,0.111,ohm,0.111,1.5,LS-182M2D--A3540,265,3000,85,"1,800 35  x 40  3.95 0.15 0.111 1.50 LS-182M2D--A3540",parsed,false
177562720827.pdf,LS,snap_in,200,2200,30,60,4.51,120,85,0.15,0.09,ohm,0.09,1.5,LS-222M2D--A3060,266,3000,85,"2,200 30  x 60  4.51 0.15 0.090 1.50 LS-222M2D--A3060",parsed,false
177562720827.pdf,LS,snap_in,200,2200,35,45,4.35,120,85,0.15,0.09,ohm,0.09,1.5,LS-222M2D--A3545,267,3000,85,"2,200 35  x 45  4.35 0.15 0.090 1.50 LS-222M2D--A3545",parsed,false
177562720827.pdf,LS,snap_in,200,2200,40,40,4.48,120,85,0.15,0.09,ohm,0.09,1.5,LS-222M2D--A4040,268,3000,85,"2,200 40  x 40  4.48 0.15 0.090 1.50 LS-222M2D--A4040",parsed,false
177562720827.pdf,LS,snap_in,200,2700,35,55,4.79,120,85,0.15,0.074,ohm,0.074,1.5,LS-272M2D--A3555,269,3000,85,"2,700 35  x 55  4.79 0.15 0.074 1.50 LS-272M2D--A3555",parsed,false
177562720827.pdf,LS,snap_in,200,2700,40,50,5,120,85,0.15,0.074,ohm,0.074,1.5,LS-272M2D--A4050,270,3000,85,"2,700 40  x 50  5.00 0.15 0.074 1.50 LS-272M2D--A4050",parsed,false
177562720827.pdf,LS,snap_in,200,3300,35,65,5.69,120,85,0.15,0.06,ohm,0.06,1.5,LS-332M2D--A3565,271,3000,85,"3,300 35  x 65  5.69 0.15 0.060 1.50 LS-332M2D--A3565",parsed,false
177562720827.pdf,LS,snap_in,200,3300,40,60,5.9,120,85,0.15,0.06,ohm,0.06,1.5,LS-332M2D--A4060,272,3000,85,"3,300 40  x 60  5.90 0.15 0.060 1.50 LS-332M2D--A4060",parsed,false
177562720827.pdf,LS,snap_in,200,3900,35,80,6.3,120,85,0.15,0.051,ohm,0.051,1.5,LS-392M2D--A3580,273,3000,85,"3,900 35  x 80  6.30 0.15 0.051 1.50 LS-392M2D--A3580",parsed,false
177562720827.pdf,LS,snap_in,200,3900,40,60,5.97,120,85,0.15,0.051,ohm,0.051,1.5,LS-392M2D--A4060,274,3000,85,"3,900 40  x 60  5.97 0.15 0.051 1.50 LS-392M2D--A4060",parsed,false
177562720827.pdf,LS,snap_in,200,4700,35,90,7.1,120,85,0.15,0.042,ohm,0.042,1.5,LS-472M2D--A3590,275,3000,85,"4,700 35  x 90  7.10 0.15 0.042 1.50 LS-472M2D--A3590",parsed,false
177562720827.pdf,LS,snap_in,200,4700,40,70,6.77,120,85,0.15,0.042,ohm,0.042,1.5,LS-472M2D--A4070,276,3000,85,"4,700 40  x 70  6.77 0.15 0.042 1.50 LS-472M2D--A4070",parsed,false
177562720827.pdf,LS,snap_in,200,5600,35,100,7.36,120,85,0.15,0.036,ohm,0.036,1.5,LS-562M2D--A35A0,277,3000,85,"5,600 35  x 100  7.36 0.15 0.036 1.50 LS-562M2D--A35A0",parsed,false
177562720827.pdf,LS,snap_in,200,6800,40,100,8.65,120,85,0.15,0.029,ohm,0.029,1.5,LS-682M2D--A40A0,278,3000,85,"6,800 40  x 100  8.65 0.15 0.029 1.50 LS-682M2D--A40A0",parsed,false
177562720827.pdf,LS,snap_in,250,180,22,25,1.01,120,85,0.15,1.106,ohm,1.106,0.64,LS-181M2E--A2225,279,3000,85,250 180 22  x 25  1.01 0.15 1.106 0.64 LS-181M2E--A2225,parsed,false
177562720827.pdf,LS,snap_in,250,220,22,25,1.18,120,85,0.15,0.905,ohm,0.905,0.7,LS-221M2E--A2225,280,3000,85,220 22  x 25  1.18 0.15 0.905 0.70 LS-221M2E--A2225,parsed,false
177562720827.pdf,LS,snap_in,250,220,25,25,1.24,120,85,0.15,0.905,ohm,0.905,0.7,LS-221M2E--A2525,281,3000,85,220 25  x 25  1.24 0.15 0.905 0.70 LS-221M2E--A2525,parsed,false
177562720827.pdf,LS,snap_in,250,270,22,25,1.21,120,85,0.15,0.737,ohm,0.737,0.78,LS-271M2E--A2225,282,3000,85,270 22  x 25  1.21 0.15 0.737 0.78 LS-271M2E--A2225,parsed,false
177562720827.pdf,LS,snap_in,250,270,25,25,1.49,120,85,0.15,0.737,ohm,0.737,0.78,LS-271M2E--A2525,283,3000,85,270 25  x 25  1.49 0.15 0.737 0.78 LS-271M2E--A2525,parsed,false
177562720827.pdf,LS,snap_in,250,330,22,30,1.58,120,85,0.15,0.603,ohm,0.603,0.86,LS-331M2E--A2230,284,3000,85,330 22  x 30  1.58 0.15 0.603 0.86 LS-331M2E--A2230,parsed,false
177562720827.pdf,LS,snap_in,250,330,25,25,1.53,120,85,0.15,0.603,ohm,0.603,0.86,LS-331M2E--A2525,285,3000,85,330 25  x 25  1.53 0.15 0.603 0.86 LS-331M2E--A2525,parsed,false
177562720827.pdf,LS,snap_in,250,330,30,25,1.59,120,85,0.15,0.603,ohm,0.603,0.86,LS-331M2E--A3025,286,3000,85,330 30  x 25  1.59 0.15 0.603 0.86 LS-331M2E--A3025,parsed,false
177562720827.pdf,LS,snap_in,250,390,22,30,1.57,120,85,0.15,0.51,ohm,0.51,0.94,LS-391M2E--A2230,287,3000,85,390 22  x 30  1.57 0.15 0.510 0.94 LS-391M2E--A2230,parsed,false
177562720827.pdf,LS,snap_in,250,390,25,25,1.57,120,85,0.15,0.51,ohm,0.51,0.94,LS-391M2E--A2525,288,3000,85,390 25  x 25  1.57 0.15 0.510 0.94 LS-391M2E--A2525,parsed,false
177562720827.pdf,LS,snap_in,250,390,30,25,1.77,120,85,0.15,0.51,ohm,0.51,0.94,LS-391M2E--A3025,289,3000,85,390 30  x 25  1.77 0.15 0.510 0.94 LS-391M2E--A3025,parsed,false
177562720827.pdf,LS,snap_in,250,470,22,35,1.72,120,85,0.15,0.423,ohm,0.423,1.03,LS-471M2E--A2235,290,3000,85,470 22  x 35  1.72 0.15 0.423 1.03 LS-471M2E--A2235,parsed,false
177562720827.pdf,LS,snap_in,250,470,25,30,1.73,120,85,0.15,0.423,ohm,0.423,1.03,LS-471M2E--A2530,291,3000,85,470 25  x 30  1.73 0.15 0.423 1.03 LS-471M2E--A2530,parsed,false
177562720827.pdf,LS,snap_in,250,470,30,25,1.8,120,85,0.15,0.423,ohm,0.423,1.03,LS-471M2E--A3025,292,3000,85,470 30  x 25  1.80 0.15 0.423 1.03 LS-471M2E--A3025,parsed,false
177562720827.pdf,LS,snap_in,250,560,22,45,2.12,120,85,0.15,0.355,ohm,0.355,1.12,LS-561M2E--A2245,293,3000,85,560 22  x 45  2.12 0.15 0.355 1.12 LS-561M2E--A2245,parsed,false
177562720827.pdf,LS,snap_in,250,560,25,35,2.04,120,85,0.15,0.355,ohm,0.355,1.12,LS-561M2E--A2535,294,3000,85,560 25  x 35  2.04 0.15 0.355 1.12 LS-561M2E--A2535,parsed,false
177562720827.pdf,LS,snap_in,250,560,30,25,2.01,120,85,0.15,0.355,ohm,0.355,1.12,LS-561M2E--A3025,295,3000,85,560 30  x 25  2.01 0.15 0.355 1.12 LS-561M2E--A3025,parsed,false
177562720827.pdf,LS,snap_in,250,560,35,25,2.21,120,85,0.15,0.355,ohm,0.355,1.12,LS-561M2E--A3525,296,3000,85,560 35  x 25  2.21 0.15 0.355 1.12 LS-561M2E--A3525,parsed,false
177562720827.pdf,LS,snap_in,250,680,22,50,2.48,120,85,0.15,0.293,ohm,0.293,1.24,LS-681M2E--A2250,297,3000,85,680 22  x 50  2.48 0.15 0.293 1.24 LS-681M2E--A2250,parsed,false
177562720827.pdf,LS,snap_in,250,680,25,45,2.54,120,85,0.15,0.293,ohm,0.293,1.24,LS-681M2E--A2545,298,3000,85,680 25  x 45  2.54 0.15 0.293 1.24 LS-681M2E--A2545,parsed,false
177562720827.pdf,LS,snap_in,250,680,30,30,2.38,120,85,0.15,0.293,ohm,0.293,1.24,LS-681M2E--A3030,299,3000,85,680 30  x 30  2.38 0.15 0.293 1.24 LS-681M2E--A3030,parsed,false
177562720827.pdf,LS,snap_in,250,680,35,30,2.54,120,85,0.15,0.293,ohm,0.293,1.24,LS-681M2E--A3530,300,3000,85,680 35  x 30  2.54 0.15 0.293 1.24 LS-681M2E--A3530,parsed,false
177562720827.pdf,LS,snap_in,250,820,25,50,2.92,120,85,0.15,0.243,ohm,0.243,1.36,LS-821M2E--A2550,301,3000,85,820 25  x 50  2.92 0.15 0.243 1.36 LS-821M2E--A2550,parsed,false
177562720827.pdf,LS,snap_in,250,820,30,35,2.78,120,85,0.15,0.243,ohm,0.243,1.36,LS-821M2E--A3035,302,3000,85,820 30  x 35  2.78 0.15 0.243 1.36 LS-821M2E--A3035,parsed,false
177562720827.pdf,LS,snap_in,250,820,35,30,2.87,120,85,0.15,0.243,ohm,0.243,1.36,LS-821M2E--A3530,303,3000,85,820 35  x 30  2.87 0.15 0.243 1.36 LS-821M2E--A3530,parsed,false
177562720827.pdf,LS,snap_in,250,1000,25,55,3.06,120,85,0.15,0.199,ohm,0.199,1.5,LS-102M2E--A2555,304,3000,85,"1,000 25  x 55  3.06 0.15 0.199 1.50 LS-102M2E--A2555",parsed,false
177562720827.pdf,LS,snap_in,250,1000,30,45,3.11,120,85,0.15,0.199,ohm,0.199,1.5,LS-102M2E--A3045,305,3000,85,"1,000 30  x 45  3.11 0.15 0.199 1.50 LS-102M2E--A3045",parsed,false
177562720827.pdf,LS,snap_in,250,1000,35,35,3.06,120,85,0.15,0.199,ohm,0.199,1.5,LS-102M2E--A3535,306,3000,85,"1,000 35  x 35  3.06 0.15 0.199 1.50 LS-102M2E--A3535",parsed,false
177562720827.pdf,LS,snap_in,250,1200,25,60,3.33,120,85,0.15,0.166,ohm,0.166,1.5,LS-122M2E--A2560,307,3000,85,"1,200 25  x 60  3.33 0.15 0.166 1.50 LS-122M2E--A2560",parsed,false
177562720827.pdf,LS,snap_in,250,1200,30,50,3.39,120,85,0.15,0.166,ohm,0.166,1.5,LS-122M2E--A3050,308,3000,85,"1,200 30  x 50  3.39 0.15 0.166 1.50 LS-122M2E--A3050",parsed,false
177562720827.pdf,LS,snap_in,250,1200,35,35,3.2,120,85,0.15,0.166,ohm,0.166,1.5,LS-122M2E--A3535,309,3000,85,"1,200 35  x 35  3.20 0.15 0.166 1.50 LS-122M2E--A3535",parsed,false
177562720827.pdf,LS,snap_in,250,1500,30,60,4.06,120,85,0.15,0.133,ohm,0.133,1.5,LS-152M2E--A3060,310,3000,85,"1,500 30  x 60  4.06 0.15 0.133 1.50 LS-152M2E--A3060",parsed,false
177562720827.pdf,LS,snap_in,250,1500,35,45,3.92,120,85,0.15,0.133,ohm,0.133,1.5,LS-152M2E--A3545,311,3000,85,"1,500 35  x 45  3.92 0.15 0.133 1.50 LS-152M2E--A3545",parsed,false
177562720827.pdf,LS,snap_in,250,1500,40,40,4.04,120,85,0.15,0.133,ohm,0.133,1.5,LS-152M2E--A4040,312,3000,85,"1,500 40  x 40  4.04 0.15 0.133 1.50 LS-152M2E--A4040",parsed,false
177562720827.pdf,LS,snap_in,250,1800,30,65,4.27,120,85,0.15,0.111,ohm,0.111,1.5,LS-182M2E--A3065,313,3000,85,"1,800 30  x 65  4.27 0.15 0.111 1.50 LS-182M2E--A3065",parsed,false
177562720827.pdf,LS,snap_in,250,1800,35,50,4.15,120,85,0.15,0.111,ohm,0.111,1.5,LS-182M2E--A3550,314,3000,85,"1,800 35  x 50  4.15 0.15 0.111 1.50 LS-182M2E--A3550",parsed,false
177562720827.pdf,LS,snap_in,250,1800,40,50,4.5,120,85,0.15,0.111,ohm,0.111,1.5,LS-182M2E--A4050,315,3000,85,"1,800 40  x 50  4.50 0.15 0.111 1.50 LS-182M2E--A4050",parsed,false
177562720827.pdf,LS,snap_in,250,2200,35,60,4.92,120,85,0.15,0.09,ohm,0.09,1.5,LS-222M2E--A3560,316,3000,85,"2,200 35  x 60  4.92 0.15 0.090 1.50 LS-222M2E--A3560",parsed,false
177562720827.pdf,LS,snap_in,250,2200,40,60,5.3,120,85,0.15,0.09,ohm,0.09,1.5,LS-222M2E--A4060,317,3000,85,"2,200 40  x 60  5.30 0.15 0.090 1.50 LS-222M2E--A4060",parsed,false
177562720827.pdf,LS,snap_in,250,2700,35,90,5.4,120,85,0.15,0.074,ohm,0.074,1.5,LS-272M2E--A3590,318,3000,85,"2,700 35  x 90  5.40 0.15 0.074 1.50 LS-272M2E--A3590",parsed,false
177562720827.pdf,LS,snap_in,250,2700,40,80,6.3,120,85,0.15,0.074,ohm,0.074,1.5,LS-272M2E--A4080,319,3000,85,"2,700 40  x 80  6.30 0.15 0.074 1.50 LS-272M2E--A4080",parsed,false
177562720827.pdf,LS,snap_in,250,3300,35,90,6.1,120,85,0.15,0.06,ohm,0.06,1.5,LS-332M2E--A3590,320,3000,85,"3,300 35  x 90  6.10 0.15 0.060 1.50 LS-332M2E--A3590",parsed,false
177562720827.pdf,LS,snap_in,250,3300,40,80,7,120,85,0.15,0.06,ohm,0.06,1.5,LS-332M2E--A4080,321,3000,85,"3,300 40  x 80  7.00 0.15 0.060 1.50 LS-332M2E--A4080",parsed,false
177562720827.pdf,LS,snap_in,250,3900,35,100,7.47,120,85,0.15,0.051,ohm,0.051,1.5,LS-392M2E--A35A0,322,3000,85,"3,900 35  x 100  7.47 0.15 0.051 1.50 LS-392M2E--A35A0",parsed,false
177562720827.pdf,LS,snap_in,250,4700,40,100,8.88,120,85,0.15,0.042,ohm,0.042,1.5,LS-472M2E--A40A0,323,3000,85,"4,700 40  x 100  8.88 0.15 0.042 1.50 LS-472M2E--A40A0",parsed,false
177562720827.pdf,LS,snap_in,350,82,20,20,0.58,120,85,0.15,2.427,ohm,2.427,0.51,LS-820M2V--A2020,324,3000,85,350 82 20  x 20  0.58 0.15 2.427 0.51 LS-820M2V--A2020,parsed,false
177562720827.pdf,LS,snap_in,350,82,22,25,0.7,120,85,0.15,2.427,ohm,2.427,0.51,LS-820M2V--A2225,325,3000,85,82 22  x 25  0.70 0.15 2.427 0.51 LS-820M2V--A2225,parsed,false
177562720827.pdf,LS,snap_in,350,100,20,25,0.7,120,85,0.15,1.99,ohm,1.99,0.56,LS-101M2V--A2025,326,3000,85,100 20  x 25  0.70 0.15 1.990 0.56 LS-101M2V--A2025,parsed,false
177562720827.pdf,LS,snap_in,350,100,22,25,0.77,120,85,0.15,1.99,ohm,1.99,0.56,LS-101M2V--A2225,327,3000,85,100 22  x 25  0.77 0.15 1.990 0.56 LS-101M2V--A2225,parsed,false
177562720827.pdf,LS,snap_in,350,100,25,20,0.73,120,85,0.15,1.99,ohm,1.99,0.56,LS-101M2V--A2520,328,3000,85,100 25  x 20  0.73 0.15 1.990 0.56 LS-101M2V--A2520,parsed,false
177562720827.pdf,LS,snap_in,350,120,20,30,0.95,120,85,0.15,1.659,ohm,1.659,0.61,LS-121M2V--A2030,329,3000,85,120 20  x 30  0.95 0.15 1.659 0.61 LS-121M2V--A2030,parsed,false
177562720827.pdf,LS,snap_in,350,120,22,25,0.99,120,85,0.15,1.659,ohm,1.659,0.61,LS-121M2V--A2225,330,3000,85,120 22  x 25  0.99 0.15 1.659 0.61 LS-121M2V--A2225,parsed,false
177562720827.pdf,LS,snap_in,350,120,25,20,0.8,120,85,0.15,1.659,ohm,1.659,0.61,LS-121M2V--A2520,331,3000,85,120 25  x 20  0.80 0.15 1.659 0.61 LS-121M2V--A2520,parsed,false
177562720827.pdf,LS,snap_in,350,150,20,35,1.05,120,85,0.15,1.327,ohm,1.327,0.69,LS-151M2V--A2035,332,3000,85,150 20  x 35  1.05 0.15 1.327 0.69 LS-151M2V--A2035,parsed,false
177562720827.pdf,LS,snap_in,350,150,25,25,1.16,120,85,0.15,1.327,ohm,1.327,0.69,LS-151M2V--A2525,333,3000,85,150 25  x 25  1.16 0.15 1.327 0.69 LS-151M2V--A2525,parsed,false
177562720827.pdf,LS,snap_in,350,150,30,25,1.24,120,85,0.15,1.327,ohm,1.327,0.69,LS-151M2V--A3025,334,3000,85,150 30  x 25  1.24 0.15 1.327 0.69 LS-151M2V--A3025,parsed,false
177562720827.pdf,LS,snap_in,350,180,20,35,1.08,120,85,0.15,1.106,ohm,1.106,0.75,LS-181M2V--A2035,335,3000,85,180 20  x 35  1.08 0.15 1.106 0.75 LS-181M2V--A2035,parsed,false
177562720827.pdf,LS,snap_in,350,180,22,35,1.28,120,85,0.15,1.106,ohm,1.106,0.75,LS-181M2V--A2235,336,3000,85,180 22  x 35  1.28 0.15 1.106 0.75 LS-181M2V--A2235,parsed,false
177562720827.pdf,LS,snap_in,350,180,25,30,1.3,120,85,0.15,1.106,ohm,1.106,0.75,LS-181M2V--A2530,337,3000,85,180 25  x 30  1.30 0.15 1.106 0.75 LS-181M2V--A2530,parsed,false
177562720827.pdf,LS,snap_in,350,180,30,25,1.37,120,85,0.15,1.106,ohm,1.106,0.75,LS-181M2V--A3025,338,3000,85,180 30  x 25  1.37 0.15 1.106 0.75 LS-181M2V--A3025,parsed,false
177562720827.pdf,LS,snap_in,350,220,20,45,1.36,120,85,0.15,0.905,ohm,0.905,0.83,LS-221M2V--A2045,339,3000,85,220 20  x 45  1.36 0.15 0.905 0.83 LS-221M2V--A2045,parsed,false
177562720827.pdf,LS,snap_in,350,220,22,40,1.4,120,85,0.15,0.905,ohm,0.905,0.83,LS-221M2V--A2240,340,3000,85,220 22  x 40  1.40 0.15 0.905 0.83 LS-221M2V--A2240,parsed,false
177562720827.pdf,LS,snap_in,350,220,25,30,1.28,120,85,0.15,0.905,ohm,0.905,0.83,LS-221M2V--A2530,341,3000,85,220 25  x 30  1.28 0.15 0.905 0.83 LS-221M2V--A2530,parsed,false
177562720827.pdf,LS,snap_in,350,220,30,25,1.47,120,85,0.15,0.905,ohm,0.905,0.83,LS-221M2V--A3025,342,3000,85,220 30  x 25  1.47 0.15 0.905 0.83 LS-221M2V--A3025,parsed,false
177562720827.pdf,LS,snap_in,350,270,22,45,1.62,120,85,0.15,0.737,ohm,0.737,0.92,LS-271M2V--A2245,343,3000,85,270 22  x 45  1.62 0.15 0.737 0.92 LS-271M2V--A2245,parsed,false
177562720827.pdf,LS,snap_in,350,270,25,35,1.65,120,85,0.15,0.737,ohm,0.737,0.92,LS-271M2V--A2535,344,3000,85,270 25  x 35  1.65 0.15 0.737 0.92 LS-271M2V--A2535,parsed,false
177562720827.pdf,LS,snap_in,350,270,30,30,1.71,120,85,0.15,0.737,ohm,0.737,0.92,LS-271M2V--A3030,345,3000,85,270 30  x 30  1.71 0.15 0.737 0.92 LS-271M2V--A3030,parsed,false
177562720827.pdf,LS,snap_in,350,270,35,25,1.72,120,85,0.15,0.737,ohm,0.737,0.92,LS-271M2V--A3525,346,3000,85,270 35  x 25  1.72 0.15 0.737 0.92 LS-271M2V--A3525,parsed,false
177562720827.pdf,LS,snap_in,350,330,22,50,1.89,120,85,0.15,0.603,ohm,0.603,1.02,LS-331M2V--A2250,347,3000,85,330 22  x 50  1.89 0.15 0.603 1.02 LS-331M2V--A2250,parsed,false
177562720827.pdf,LS,snap_in,350,330,25,40,1.84,120,85,0.15,0.603,ohm,0.603,1.02,LS-331M2V--A2540,348,3000,85,330 25  x 40  1.84 0.15 0.603 1.02 LS-331M2V--A2540,parsed,false
177562720827.pdf,LS,snap_in,350,330,30,30,1.74,120,85,0.15,0.603,ohm,0.603,1.02,LS-331M2V--A3030,349,3000,85,330 30  x 30  1.74 0.15 0.603 1.02 LS-331M2V--A3030,parsed,false
177562720827.pdf,LS,snap_in,350,330,35,25,1.77,120,85,0.15,0.603,ohm,0.603,1.02,LS-331M2V--A3525,350,3000,85,330 35  x 25  1.77 0.15 0.603 1.02 LS-331M2V--A3525,parsed,false
177562720827.pdf,LS,snap_in,350,390,25,45,2.04,120,85,0.15,0.51,ohm,0.51,1.11,LS-391M2V--A2545,351,3000,85,390 25  x 45  2.04 0.15 0.510 1.11 LS-391M2V--A2545,parsed,false
177562720827.pdf,LS,snap_in,350,390,30,35,2.12,120,85,0.15,0.51,ohm,0.51,1.11,LS-391M2V--A3035,352,3000,85,390 30  x 35  2.12 0.15 0.510 1.11 LS-391M2V--A3035,parsed,false
177562720827.pdf,LS,snap_in,350,390,35,30,2.19,120,85,0.15,0.51,ohm,0.51,1.11,LS-391M2V--A3530,353,3000,85,390 35  x 30  2.19 0.15 0.510 1.11 LS-391M2V--A3530,parsed,false
177562720827.pdf,LS,snap_in,350,470,30,40,2.41,120,85,0.15,0.423,ohm,0.423,1.22,LS-471M2V--A3040,354,3000,85,470 30  x 40  2.41 0.15 0.423 1.22 LS-471M2V--A3040,parsed,false
177562720827.pdf,LS,snap_in,350,470,35,30,2.25,120,85,0.15,0.423,ohm,0.423,1.22,LS-471M2V--A3530,355,3000,85,470 35  x 30  2.25 0.15 0.423 1.22 LS-471M2V--A3530,parsed,false
177562720827.pdf,LS,snap_in,350,560,30,45,2.6,120,85,0.15,0.355,ohm,0.355,1.33,LS-561M2V--A3045,356,3000,85,560 30  x 45  2.60 0.15 0.355 1.33 LS-561M2V--A3045,parsed,false
177562720827.pdf,LS,snap_in,350,560,35,35,2.62,120,85,0.15,0.355,ohm,0.355,1.33,LS-561M2V--A3535,357,3000,85,560 35  x 35  2.62 0.15 0.355 1.33 LS-561M2V--A3535,parsed,false
177562720827.pdf,LS,snap_in,350,680,35,40,2.8,120,85,0.15,0.293,ohm,0.293,1.46,LS-681M2V--A3540,358,3000,85,680 35  x 40  2.80 0.15 0.293 1.46 LS-681M2V--A3540,parsed,false
177562720827.pdf,LS,snap_in,350,820,35,45,3.35,120,85,0.15,0.243,ohm,0.243,1.5,LS-821M2V--A3545,359,3000,85,820 35  x 45  3.35 0.15 0.243 1.50 LS-821M2V--A3545,parsed,false
177562720827.pdf,LS,snap_in,400,68,20,25,0.66,120,85,0.15,2.927,ohm,2.927,0.49,LS-680M2G--A2025,360,3000,85,400 68 20  x 25  0.66 0.15 2.927 0.49 LS-680M2G--A2025,parsed,false
177562720827.pdf,LS,snap_in,400,68,22,25,0.72,120,85,0.15,2.927,ohm,2.927,0.49,LS-680M2G--A2225,361,3000,85,68 22  x 25  0.72 0.15 2.927 0.49 LS-680M2G--A2225,parsed,false
177562720827.pdf,LS,snap_in,400,82,20,25,0.72,120,85,0.15,2.427,ohm,2.427,0.54,LS-820M2G--A2025,362,3000,85,82 20  x 25  0.72 0.15 2.427 0.54 LS-820M2G--A2025,parsed,false
177562720827.pdf,LS,snap_in,400,82,22,25,0.8,120,85,0.15,2.427,ohm,2.427,0.54,LS-820M2G--A2225,363,3000,85,82 22  x 25  0.80 0.15 2.427 0.54 LS-820M2G--A2225,parsed,false
177562720827.pdf,LS,snap_in,400,100,20,25,0.75,120,85,0.15,1.99,ohm,1.99,0.6,LS-101M2G--A2025,364,3000,85,100 20  x 25  0.75 0.15 1.990 0.60 LS-101M2G--A2025,parsed,false
177562720827.pdf,LS,snap_in,400,100,22,25,0.81,120,85,0.15,1.99,ohm,1.99,0.6,LS-101M2G--A2225,365,3000,85,100 22  x 25  0.81 0.15 1.990 0.60 LS-101M2G--A2225,parsed,false
177562720827.pdf,LS,snap_in,400,100,25,20,0.79,120,85,0.15,1.99,ohm,1.99,0.6,LS-101M2G--A2520,366,3000,85,100 25  x 20  0.79 0.15 1.990 0.60 LS-101M2G--A2520,parsed,false
177562720827.pdf,LS,snap_in,400,120,22,30,1.04,120,85,0.15,1.659,ohm,1.659,0.66,LS-121M2G--A2230,367,3000,85,120 22  x 30  1.04 0.15 1.659 0.66 LS-121M2G--A2230,parsed,false
177562720827.pdf,LS,snap_in,400,120,25,25,1.06,120,85,0.15,1.659,ohm,1.659,0.66,LS-121M2G--A2525,368,3000,85,120 25  x 25  1.06 0.15 1.659 0.66 LS-121M2G--A2525,parsed,false
177562720827.pdf,LS,snap_in,400,150,20,35,1,120,85,0.15,1.327,ohm,1.327,0.66,LS-151M2G--A2035,369,3000,85,150 20  x 35  1.00 0.15 1.327 0.66 LS-151M2G--A2035,parsed,false
177562720827.pdf,LS,snap_in,400,150,22,30,1.06,120,85,0.15,1.327,ohm,1.327,0.73,LS-151M2G--A2230,370,3000,85,150 22  x 30  1.06 0.15 1.327 0.73 LS-151M2G--A2230,parsed,false
177562720827.pdf,LS,snap_in,400,150,25,25,1.06,120,85,0.15,1.327,ohm,1.327,0.73,LS-151M2G--A2525,371,3000,85,150 25  x 25  1.06 0.15 1.327 0.73 LS-151M2G--A2525,parsed,false
177562720827.pdf,LS,snap_in,400,150,30,25,1.24,120,85,0.15,1.327,ohm,1.327,0.73,LS-151M2G--A3025,372,3000,85,150 30  x 25  1.24 0.15 1.327 0.73 LS-151M2G--A3025,parsed,false
177562720827.pdf,LS,snap_in,400,180,20,40,1.17,120,85,0.15,1.106,ohm,1.106,0.8,LS-181M2G--A2040,373,3000,85,180 20  x 40  1.17 0.15 1.106 0.80 LS-181M2G--A2040,parsed,false
177562720827.pdf,LS,snap_in,400,180,22,35,1.16,120,85,0.15,1.106,ohm,1.106,0.8,LS-181M2G--A2235,374,3000,85,180 22  x 35  1.16 0.15 1.106 0.80 LS-181M2G--A2235,parsed,false
177562720827.pdf,LS,snap_in,400,180,25,30,1.23,120,85,0.15,1.106,ohm,1.106,0.8,LS-181M2G--A2530,375,3000,85,180 25  x 30  1.23 0.15 1.106 0.80 LS-181M2G--A2530,parsed,false
177562720827.pdf,LS,snap_in,400,180,30,25,1.45,120,85,0.15,1.106,ohm,1.106,0.8,LS-181M2G--A3025,376,3000,85,180 30  x 25  1.45 0.15 1.106 0.80 LS-181M2G--A3025,parsed,false
177562720827.pdf,LS,snap_in,400,180,35,25,1.54,120,85,0.15,1.106,ohm,1.106,0.8,LS-181M2G--A3525,377,3000,85,180 35  x 25  1.54 0.15 1.106 0.80 LS-181M2G--A3525,parsed,false
177562720827.pdf,LS,snap_in,400,220,20,45,1.39,120,85,0.15,0.905,ohm,0.905,0.89,LS-221M2G--A2045,378,3000,85,220 20  x 45  1.39 0.15 0.905 0.89 LS-221M2G--A2045,parsed,false
177562720827.pdf,LS,snap_in,400,220,22,40,1.39,120,85,0.15,0.905,ohm,0.905,0.89,LS-221M2G--A2240,379,3000,85,220 22  x 40  1.39 0.15 0.905 0.89 LS-221M2G--A2240,parsed,false
177562720827.pdf,LS,snap_in,400,220,25,30,1.33,120,85,0.15,0.905,ohm,0.905,0.89,LS-221M2G--A2530,380,3000,85,220 25  x 30  1.33 0.15 0.905 0.89 LS-221M2G--A2530,parsed,false
177562720827.pdf,LS,snap_in,400,220,30,25,1.38,120,85,0.15,0.905,ohm,0.905,0.89,LS-221M2G--A3025,381,3000,85,220 30  x 25  1.38 0.15 0.905 0.89 LS-221M2G--A3025,parsed,false
177562720827.pdf,LS,snap_in,400,220,35,25,1.44,120,85,0.15,0.905,ohm,0.905,0.89,LS-221M2G--A3525,382,3000,85,220 35  x 25  1.44 0.15 0.905 0.89 LS-221M2G--A3525,parsed,false
177562720827.pdf,LS,snap_in,400,270,22,45,1.54,120,85,0.15,0.737,ohm,0.737,0.99,LS-271M2G--A2245,383,3000,85,270 22  x 45  1.54 0.15 0.737 0.99 LS-271M2G--A2245,parsed,false
177562720827.pdf,LS,snap_in,400,270,25,35,1.48,120,85,0.15,0.737,ohm,0.737,0.99,LS-271M2G--A2535,384,3000,85,270 25  x 35  1.48 0.15 0.737 0.99 LS-271M2G--A2535,parsed,false
177562720827.pdf,LS,snap_in,400,270,30,30,1.56,120,85,0.15,0.737,ohm,0.737,0.99,LS-271M2G--A3030,385,3000,85,270 30  x 30  1.56 0.15 0.737 0.99 LS-271M2G--A3030,parsed,false
177562720827.pdf,LS,snap_in,400,270,35,25,1.53,120,85,0.15,0.737,ohm,0.737,0.99,LS-271M2G--A3525,386,3000,85,270 35  x 25  1.53 0.15 0.737 0.99 LS-271M2G--A3525,parsed,false
177562720827.pdf,LS,snap_in,400,330,22,50,1.7,120,85,0.15,0.603,ohm,0.603,1.09,LS-331M2G--A2250,387,3000,85,330 22  x 50  1.70 0.15 0.603 1.09 LS-331M2G--A2250,parsed,false
177562720827.pdf,LS,snap_in,400,330,25,45,1.76,120,85,0.15,0.603,ohm,0.603,1.09,LS-331M2G--A2545,388,3000,85,330 25  x 45  1.76 0.15 0.603 1.09 LS-331M2G--A2545,parsed,false
177562720827.pdf,LS,snap_in,400,330,30,35,1.76,120,85,0.15,0.603,ohm,0.603,1.09,LS-331M2G--A3035,389,3000,85,330 30  x 35  1.76 0.15 0.603 1.09 LS-331M2G--A3035,parsed,false
177562720827.pdf,LS,snap_in,400,330,35,25,1.68,120,85,0.15,0.603,ohm,0.603,1.09,LS-331M2G--A3525,390,3000,85,400 330 35  x 25  1.68 0.15 0.603 1.09 LS-331M2G--A3525,parsed,false
177562720827.pdf,LS,snap_in,400,390,25,45,1.86,120,85,0.15,0.51,ohm,0.51,1.18,LS-391M2G--A2545,391,3000,85,390 25  x 45  1.86 0.15 0.510 1.18 LS-391M2G--A2545,parsed,false
177562720827.pdf,LS,snap_in,400,390,30,35,1.89,120,85,0.15,0.51,ohm,0.51,1.18,LS-391M2G--A3035,392,3000,85,390 30  x 35  1.89 0.15 0.510 1.18 LS-391M2G--A3035,parsed,false
177562720827.pdf,LS,snap_in,400,390,35,30,1.97,120,85,0.15,0.51,ohm,0.51,1.18,LS-391M2G--A3530,393,3000,85,390 35  x 30  1.97 0.15 0.510 1.18 LS-391M2G--A3530,parsed,false
177562720827.pdf,LS,snap_in,400,470,25,55,2.26,120,85,0.15,0.423,ohm,0.423,1.3,LS-471M2G--A2555,394,3000,85,470 25  x 55  2.26 0.15 0.423 1.30 LS-471M2G--A2555,parsed,false
177562720827.pdf,LS,snap_in,400,470,30,40,2.18,120,85,0.15,0.423,ohm,0.423,1.3,LS-471M2G--A3040,395,3000,85,470 30  x 40  2.18 0.15 0.423 1.30 LS-471M2G--A3040,parsed,false
177562720827.pdf,LS,snap_in,400,470,35,30,2.12,120,85,0.15,0.423,ohm,0.423,1.3,LS-471M2G--A3530,396,3000,85,470 35  x 30  2.12 0.15 0.423 1.30 LS-471M2G--A3530,parsed,false
177562720827.pdf,LS,snap_in,400,470,40,25,2.16,120,85,0.15,0.423,ohm,0.423,1.3,LS-471M2G--A4025,397,3000,85,470 40  x 25  2.16 0.15 0.423 1.30 LS-471M2G--A4025,parsed,false
177562720827.pdf,LS,snap_in,400,560,30,45,2.37,120,85,0.15,0.355,ohm,0.355,1.42,LS-561M2G--A3045,398,3000,85,560 30  x 45  2.37 0.15 0.355 1.42 LS-561M2G--A3045,parsed,false
177562720827.pdf,LS,snap_in,400,560,35,35,2.34,120,85,0.15,0.355,ohm,0.355,1.42,LS-561M2G--A3535,399,3000,85,560 35  x 35  2.34 0.15 0.355 1.42 LS-561M2G--A3535,parsed,false
177562720827.pdf,LS,snap_in,400,680,30,55,2.85,120,85,0.15,0.293,ohm,0.293,1.5,LS-681M2G--A3055,400,3000,85,680 30  x 55  2.85 0.15 0.293 1.50 LS-681M2G--A3055,parsed,false
177562720827.pdf,LS,snap_in,400,680,35,40,2.72,120,85,0.15,0.293,ohm,0.293,1.5,LS-681M2G--A3540,401,3000,85,680 35  x 40  2.72 0.15 0.293 1.50 LS-681M2G--A3540,parsed,false
177562720827.pdf,LS,snap_in,400,680,40,35,2.79,120,85,0.15,0.293,ohm,0.293,1.5,LS-681M2G--A4035,402,3000,85,680 40  x 35  2.79 0.15 0.293 1.50 LS-681M2G--A4035,parsed,false
177562720827.pdf,LS,snap_in,400,820,30,60,3.25,120,85,0.15,0.243,ohm,0.243,1.5,LS-821M2G--A3060,403,3000,85,820 30  x 60  3.25 0.15 0.243 1.50 LS-821M2G--A3060,parsed,false
177562720827.pdf,LS,snap_in,400,820,35,50,3.28,120,85,0.15,0.243,ohm,0.243,1.5,LS-821M2G--A3550,404,3000,85,820 35  x 50  3.28 0.15 0.243 1.50 LS-821M2G--A3550,parsed,false
177562720827.pdf,LS,snap_in,400,820,40,40,3.23,120,85,0.15,0.243,ohm,0.243,1.5,LS-821M2G--A4040,405,3000,85,820 40  x 40  3.23 0.15 0.243 1.50 LS-821M2G--A4040,parsed,false
177562720827.pdf,LS,snap_in,400,1000,35,55,3.77,120,85,0.15,0.199,ohm,0.199,1.5,LS-102M2G--A3555,406,3000,85,"1,000 35  x 55  3.77 0.15 0.199 1.50 LS-102M2G--A3555",parsed,false
177562720827.pdf,LS,snap_in,400,1000,40,45,3.75,120,85,0.15,0.199,ohm,0.199,1.5,LS-102M2G--A4045,407,3000,85,"1,000 40  x 45  3.75 0.15 0.199 1.50 LS-102M2G--A4045",parsed,false
177562720827.pdf,LS,snap_in,400,1200,35,65,4.5,120,85,0.15,0.166,ohm,0.166,1.5,LS-122M2G--A3565,408,3000,85,"1,200 35  x 65  4.50 0.15 0.166 1.50 LS-122M2G--A3565",parsed,false
177562720827.pdf,LS,snap_in,400,1200,40,60,4.68,120,85,0.15,0.166,ohm,0.166,1.5,LS-122M2G--A4060,409,3000,85,"1,200 40  x 60  4.68 0.15 0.166 1.50 LS-122M2G--A4060",parsed,false
177562720827.pdf,LS,snap_in,400,1500,35,80,5.51,120,85,0.15,0.133,ohm,0.133,1.5,LS-152M2G--A3580,410,3000,85,"1,500 35  x 80  5.51 0.15 0.133 1.50 LS-152M2G--A3580",parsed,false
177562720827.pdf,LS,snap_in,400,1500,40,70,5.6,120,85,0.15,0.133,ohm,0.133,1.5,LS-152M2G--A4070,411,3000,85,"1,500 40  x 70  5.60 0.15 0.133 1.50 LS-152M2G--A4070",parsed,false
177562720827.pdf,LS,snap_in,400,1800,40,80,6.5,120,85,0.15,0.111,ohm,0.111,1.5,LS-182M2G--A4080,412,3000,85,"1,800 40  x 80  6.50 0.15 0.111 1.50 LS-182M2G--A4080",parsed,false
177562720827.pdf,LS,snap_in,420,220,22,45,1.38,120,85,0.15,0.905,ohm,0.905,0.91,LS-221M2P--A2245,413,3000,85,420 220 22  x 45  1.38 0.15 0.905 0.91 LS-221M2P--A2245,parsed,false
177562720827.pdf,LS,snap_in,420,220,25,35,1.33,120,85,0.15,0.905,ohm,0.905,0.91,LS-221M2P--A2535,414,3000,85,220 25  x 35  1.33 0.15 0.905 0.91 LS-221M2P--A2535,parsed,false
177562720827.pdf,LS,snap_in,420,330,25,50,1.9,120,85,0.15,0.603,ohm,0.603,1.12,LS-331M2P--A2550,415,3000,85,330 25  x 50  1.90 0.15 0.603 1.12 LS-331M2P--A2550,parsed,false
177562720827.pdf,LS,snap_in,420,330,30,40,1.99,120,85,0.15,0.603,ohm,0.603,1.12,LS-331M2P--A3040,416,3000,85,330 30  x 40  1.99 0.15 0.603 1.12 LS-331M2P--A3040,parsed,false
177562720827.pdf,LS,snap_in,420,470,35,35,2.37,120,85,0.15,0.423,ohm,0.423,1.33,LS-471M2P--A3535,417,3000,85,470 35  x 35  2.37 0.15 0.423 1.33 LS-471M2P--A3535,parsed,false
177562720827.pdf,LS,snap_in,420,560,30,50,2.73,120,85,0.15,0.355,ohm,0.355,1.45,LS-561M2P--A3050,418,3000,85,560 30  x 50  2.73 0.15 0.355 1.45 LS-561M2P--A3050,parsed,false
177562720827.pdf,LS,snap_in,420,560,35,40,2.73,120,85,0.15,0.355,ohm,0.355,1.45,LS-561M2P--A3540,419,3000,85,560 35  x 40  2.73 0.15 0.355 1.45 LS-561M2P--A3540,parsed,false
177562720827.pdf,LS,snap_in,420,680,35,45,3.16,120,85,0.15,0.293,ohm,0.293,1.5,LS-681M2P--A3545,420,3000,85,680 35  x 45  3.16 0.15 0.293 1.50 LS-681M2P--A3545,parsed,false
177562720827.pdf,LS,snap_in,420,680,40,50,3.7,120,85,0.15,0.293,ohm,0.293,1.5,LS-681M2P--A4050,421,3000,85,680 40  x 50  3.70 0.15 0.293 1.50 LS-681M2P--A4050,parsed,false
177562720827.pdf,LS,snap_in,420,820,35,55,3.69,120,85,0.15,0.243,ohm,0.243,1.5,LS-821M2P--A3555,422,3000,85,820 35  x 55  3.69 0.15 0.243 1.50 LS-821M2P--A3555,parsed,false
177562720827.pdf,LS,snap_in,420,820,40,45,3.66,120,85,0.15,0.243,ohm,0.243,1.5,LS-821M2P--A4045,423,3000,85,820 40  x 45  3.66 0.15 0.243 1.50 LS-821M2P--A4045,parsed,false
177562720827.pdf,LS,snap_in,420,1000,35,65,4.48,120,85,0.15,0.199,ohm,0.199,1.5,LS-102M2P--A3565,424,3000,85,"1,000 35  x 65  4.48 0.15 0.199 1.50 LS-102M2P--A3565",parsed,false
177562720827.pdf,LS,snap_in,420,1000,40,50,4.27,120,85,0.15,0.199,ohm,0.199,1.5,LS-102M2P--A4050,425,3000,85,"1,000 40  x 50  4.27 0.15 0.199 1.50 LS-102M2P--A4050",parsed,false
177562720827.pdf,LS,snap_in,420,1200,35,70,4.9,120,85,0.15,0.166,ohm,0.166,1.5,LS-122M2P--A3570,426,3000,85,"1,200 35  x 70  4.90 0.15 0.166 1.50 LS-122M2P--A3570",parsed,false
177562720827.pdf,LS,snap_in,420,1200,40,55,4.76,120,85,0.15,0.166,ohm,0.166,1.5,LS-122M2P--A4055,427,3000,85,"1,200 40  x 55  4.76 0.15 0.166 1.50 LS-122M2P--A4055",parsed,false
177562720827.pdf,LS,snap_in,420,1500,40,70,5.9,120,85,0.15,0.133,ohm,0.133,1.5,LS-152M2P--A4070,428,3000,85,"1,500 40  x 70  5.90 0.15 0.133 1.50 LS-152M2P--A4070",parsed,false
177562720827.pdf,LS,snap_in,420,1800,40,80,6.86,120,85,0.15,0.111,ohm,0.111,1.5,LS-182M2P--A4080,429,3000,85,"1,800 40  x 80  6.86 0.15 0.111 1.50 LS-182M2P--A4080",parsed,false
177562720827.pdf,LS,snap_in,450,56,20,25,0.57,120,85,0.15,3.554,ohm,3.554,0.48,LS-560M2W--A2025,430,3000,85,450 56 20  x 25  0.57 0.15 3.554 0.48 LS-560M2W--A2025,parsed,false
177562720827.pdf,LS,snap_in,450,56,22,25,0.68,120,85,0.15,3.554,ohm,3.554,0.48,LS-560M2W--A2225,431,3000,85,56 22  x 25  0.68 0.15 3.554 0.48 LS-560M2W--A2225,parsed,false
177562720827.pdf,LS,snap_in,450,68,20,25,0.62,120,85,0.15,2.927,ohm,2.927,0.52,LS-680M2W--A2025,432,3000,85,68 20  x 25  0.62 0.15 2.927 0.52 LS-680M2W--A2025,parsed,false
177562720827.pdf,LS,snap_in,450,68,22,20,0.58,120,85,0.15,2.927,ohm,2.927,0.52,LS-680M2W--A2220,433,3000,85,68 22  x 20  0.58 0.15 2.927 0.52 LS-680M2W--A2220,parsed,false
177562720827.pdf,LS,snap_in,450,82,20,30,0.74,120,85,0.15,2.427,ohm,2.427,0.58,LS-820M2W--A2030,434,3000,85,82 20  x 30  0.74 0.15 2.427 0.58 LS-820M2W--A2030,parsed,false
177562720827.pdf,LS,snap_in,450,82,22,25,0.69,120,85,0.15,2.427,ohm,2.427,0.58,LS-820M2W--A2225,435,3000,85,82 22  x 25  0.69 0.15 2.427 0.58 LS-820M2W--A2225,parsed,false
177562720827.pdf,LS,snap_in,450,82,25,25,0.75,120,85,0.15,2.427,ohm,2.427,0.58,LS-820M2W--A2525,436,3000,85,82 25  x 25  0.75 0.15 2.427 0.58 LS-820M2W--A2525,parsed,false
177562720827.pdf,LS,snap_in,450,100,20,30,0.78,120,85,0.15,1.99,ohm,1.99,0.64,LS-101M2W--A2030,437,3000,85,100 20  x 30  0.78 0.15 1.990 0.64 LS-101M2W--A2030,parsed,false
177562720827.pdf,LS,snap_in,450,100,22,25,0.77,120,85,0.15,1.99,ohm,1.99,0.64,LS-101M2W--A2225,438,3000,85,100 22  x 25  0.77 0.15 1.990 0.64 LS-101M2W--A2225,parsed,false
177562720827.pdf,LS,snap_in,450,100,25,25,0.83,120,85,0.15,1.99,ohm,1.99,0.64,LS-101M2W--A2525,439,3000,85,100 25  x 25  0.83 0.15 1.990 0.64 LS-101M2W--A2525,parsed,false
177562720827.pdf,LS,snap_in,450,120,20,35,0.92,120,85,0.15,1.659,ohm,1.659,0.7,LS-121M2W--A2035,440,3000,85,120 20  x 35  0.92 0.15 1.659 0.70 LS-121M2W--A2035,parsed,false
177562720827.pdf,LS,snap_in,450,120,22,35,0.97,120,85,0.15,1.659,ohm,1.659,0.7,LS-121M2W--A2235,441,3000,85,120 22  x 35  0.97 0.15 1.659 0.70 LS-121M2W--A2235,parsed,false
177562720827.pdf,LS,snap_in,450,120,25,25,0.91,120,85,0.15,1.659,ohm,1.659,0.7,LS-121M2W--A2525,442,3000,85,120 25  x 25  0.91 0.15 1.659 0.70 LS-121M2W--A2525,parsed,false
177562720827.pdf,LS,snap_in,450,120,30,25,1.1,120,85,0.15,1.659,ohm,1.659,0.7,LS-121M2W--A3025,443,3000,85,120 30  x 25  1.10 0.15 1.659 0.70 LS-121M2W--A3025,parsed,false
177562720827.pdf,LS,snap_in,450,150,20,40,1.06,120,85,0.15,1.327,ohm,1.327,0.78,LS-151M2W--A2040,444,3000,85,150 20  x 40  1.06 0.15 1.327 0.78 LS-151M2W--A2040,parsed,false
177562720827.pdf,LS,snap_in,450,150,22,35,1.2,120,85,0.15,1.327,ohm,1.327,0.78,LS-151M2W--A2235,445,3000,85,150 22  x 35  1.20 0.15 1.327 0.78 LS-151M2W--A2235,parsed,false
177562720827.pdf,LS,snap_in,450,150,25,30,1.16,120,85,0.15,1.327,ohm,1.327,0.78,LS-151M2W--A2530,446,3000,85,150 25  x 30  1.16 0.15 1.327 0.78 LS-151M2W--A2530,parsed,false
177562720827.pdf,LS,snap_in,450,150,30,25,1.16,120,85,0.15,1.327,ohm,1.327,0.78,LS-151M2W--A3025,447,3000,85,150 30  x 25  1.16 0.15 1.327 0.78 LS-151M2W--A3025,parsed,false
177562720827.pdf,LS,snap_in,450,180,20,45,1.21,120,85,0.15,1.106,ohm,1.106,0.85,LS-181M2W--A2045,448,3000,85,180 20  x 45  1.21 0.15 1.106 0.85 LS-181M2W--A2045,parsed,false
177562720827.pdf,LS,snap_in,450,180,22,40,1.21,120,85,0.15,1.106,ohm,1.106,0.85,LS-181M2W--A2240,449,3000,85,180 22  x 40  1.21 0.15 1.106 0.85 LS-181M2W--A2240,parsed,false
177562720827.pdf,LS,snap_in,450,180,25,35,1.31,120,85,0.15,1.106,ohm,1.106,0.85,LS-181M2W--A2535,450,3000,85,180 25  x 35  1.31 0.15 1.106 0.85 LS-181M2W--A2535,parsed,false
177562720827.pdf,LS,snap_in,450,180,30,25,1.19,120,85,0.15,1.106,ohm,1.106,0.85,LS-181M2W--A3025,451,3000,85,180 30  x 25  1.19 0.15 1.106 0.85 LS-181M2W--A3025,parsed,false
177562720827.pdf,LS,snap_in,450,180,35,25,1.35,120,85,0.15,1.106,ohm,1.106,0.85,LS-181M2W--A3525,452,3000,85,180 35  x 25  1.35 0.15 1.106 0.85 LS-181M2W--A3525,parsed,false
177562720827.pdf,LS,snap_in,450,220,22,50,1.48,120,85,0.15,0.905,ohm,0.905,0.94,LS-221M2W--A2250,453,3000,85,220 22  x 50  1.48 0.15 0.905 0.94 LS-221M2W--A2250,parsed,false
177562720827.pdf,LS,snap_in,450,220,25,40,1.47,120,85,0.15,0.905,ohm,0.905,0.94,LS-221M2W--A2540,454,3000,85,220 25  x 40  1.47 0.15 0.905 0.94 LS-221M2W--A2540,parsed,false
177562720827.pdf,LS,snap_in,450,220,30,30,1.42,120,85,0.15,0.905,ohm,0.905,0.94,LS-221M2W--A3030,455,3000,85,450 220 30  x 30  1.42 0.15 0.905 0.94 LS-221M2W--A3030,parsed,false
177562720827.pdf,LS,snap_in,450,220,35,25,1.45,120,85,0.15,0.905,ohm,0.905,0.94,LS-221M2W--A3525,456,3000,85,220 35  x 25  1.45 0.15 0.905 0.94 LS-221M2W--A3525,parsed,false
177562720827.pdf,LS,snap_in,450,270,22,55,1.71,120,85,0.15,0.737,ohm,0.737,1.05,LS-271M2W--A2255,457,3000,85,270 22  x 55  1.71 0.15 0.737 1.05 LS-271M2W--A2255,parsed,false
177562720827.pdf,LS,snap_in,450,270,25,45,1.59,120,85,0.15,0.737,ohm,0.737,1.05,LS-271M2W--A2545,458,3000,85,270 25  x 45  1.59 0.15 0.737 1.05 LS-271M2W--A2545,parsed,false
177562720827.pdf,LS,snap_in,450,270,30,35,1.65,120,85,0.15,0.737,ohm,0.737,1.05,LS-271M2W--A3035,459,3000,85,270 30  x 35  1.65 0.15 0.737 1.05 LS-271M2W--A3035,parsed,false
177562720827.pdf,LS,snap_in,450,270,35,25,1.61,120,85,0.15,0.737,ohm,0.737,1.05,LS-271M2W--A3525,460,3000,85,270 35  x 25  1.61 0.15 0.737 1.05 LS-271M2W--A3525,parsed,false
177562720827.pdf,LS,snap_in,450,330,25,50,1.76,120,85,0.15,0.603,ohm,0.603,1.16,LS-331M2W--A2550,461,3000,85,330 25  x 50  1.76 0.15 0.603 1.16 LS-331M2W--A2550,parsed,false
177562720827.pdf,LS,snap_in,450,330,30,40,1.93,120,85,0.15,0.603,ohm,0.603,1.16,LS-331M2W--A3040,462,3000,85,330 30  x 40  1.93 0.15 0.603 1.16 LS-331M2W--A3040,parsed,false
177562720827.pdf,LS,snap_in,450,330,35,30,1.88,120,85,0.15,0.603,ohm,0.603,1.16,LS-331M2W--A3530,463,3000,85,330 35  x 30  1.88 0.15 0.603 1.16 LS-331M2W--A3530,parsed,false
177562720827.pdf,LS,snap_in,450,390,25,55,2.08,120,85,0.15,0.51,ohm,0.51,1.26,LS-391M2W--A2555,464,3000,85,390 25  x 55  2.08 0.15 0.510 1.26 LS-391M2W--A2555,parsed,false
177562720827.pdf,LS,snap_in,450,390,30,40,2,120,85,0.15,0.51,ohm,0.51,1.26,LS-391M2W--A3040,465,3000,85,390 30  x 40  2.00 0.15 0.510 1.26 LS-391M2W--A3040,parsed,false
177562720827.pdf,LS,snap_in,450,390,35,30,1.95,120,85,0.15,0.51,ohm,0.51,1.26,LS-391M2W--A3530,466,3000,85,390 35  x 30  1.95 0.15 0.510 1.26 LS-391M2W--A3530,parsed,false
177562720827.pdf,LS,snap_in,450,470,30,45,2.35,120,85,0.15,0.423,ohm,0.423,1.38,LS-471M2W--A3045,467,3000,85,470 30  x 45  2.35 0.15 0.423 1.38 LS-471M2W--A3045,parsed,false
177562720827.pdf,LS,snap_in,450,470,35,40,2.45,120,85,0.15,0.423,ohm,0.423,1.38,LS-471M2W--A3540,468,3000,85,470 35  x 40  2.45 0.15 0.423 1.38 LS-471M2W--A3540,parsed,false
177562720827.pdf,LS,snap_in,450,560,30,55,2.76,120,85,0.15,0.355,ohm,0.355,1.5,LS-561M2W--A3055,469,3000,85,560 30  x 55  2.76 0.15 0.355 1.50 LS-561M2W--A3055,parsed,false
177562720827.pdf,LS,snap_in,450,560,35,40,2.63,120,85,0.15,0.355,ohm,0.355,1.5,LS-561M2W--A3540,470,3000,85,560 35  x 40  2.63 0.15 0.355 1.50 LS-561M2W--A3540,parsed,false
177562720827.pdf,LS,snap_in,450,680,35,50,2.91,120,85,0.15,0.293,ohm,0.293,1.5,LS-681M2W--A3550,471,3000,85,680 35  x 50  2.91 0.15 0.293 1.50 LS-681M2W--A3550,parsed,false
177562720827.pdf,LS,snap_in,450,680,40,40,2.98,120,85,0.15,0.293,ohm,0.293,1.5,LS-681M2W--A4040,472,3000,85,680 40  x 40  2.98 0.15 0.293 1.50 LS-681M2W--A4040,parsed,false
177562720827.pdf,LS,snap_in,450,820,35,55,3.86,120,85,0.15,0.243,ohm,0.243,1.5,LS-821M2W--A3555,473,3000,85,820 35  x 55  3.86 0.15 0.243 1.50 LS-821M2W--A3555,parsed,false
177562720827.pdf,LS,snap_in,450,820,40,50,4,120,85,0.15,0.243,ohm,0.243,1.5,LS-821M2W--A4050,474,3000,85,820 40  x 50  4.00 0.15 0.243 1.50 LS-821M2W--A4050,parsed,false
177562720827.pdf,LS,snap_in,450,1000,35,70,4.74,120,85,0.15,0.199,ohm,0.199,1.5,LS-102M2W--A3570,475,3000,85,"1,000 35  x 70  4.74 0.15 0.199 1.50 LS-102M2W--A3570",parsed,false
177562720827.pdf,LS,snap_in,450,1000,40,55,4.6,120,85,0.15,0.199,ohm,0.199,1.5,LS-102M2W--A4055,476,3000,85,"1,000 40  x 55  4.60 0.15 0.199 1.50 LS-102M2W--A4055",parsed,false
177562720827.pdf,LS,snap_in,450,1200,35,80,5.51,120,85,0.15,0.166,ohm,0.166,1.5,LS-122M2W--A3580,477,3000,85,"1,200 35  x 80  5.51 0.15 0.166 1.50 LS-122M2W--A3580",parsed,false
177562720827.pdf,LS,snap_in,450,1200,40,65,5.42,120,85,0.15,0.166,ohm,0.166,1.5,LS-122M2W--A4065,478,3000,85,"1,200 40  x 65  5.42 0.15 0.166 1.50 LS-122M2W--A4065",parsed,false
177562720827.pdf,LS,snap_in,450,1500,35,100,5.99,120,85,0.15,0.133,ohm,0.133,1.5,LS-152M2W--A35A0,479,3000,85,"1,500 35  x 100  5.99 0.15 0.133 1.50 LS-152M2W--A35A0",parsed,false
177562720827.pdf,LS,snap_in,450,2200,45,90,8.48,120,85,0.15,0.09,ohm,0.09,1.5,LS-222M2W--A4590,480,3000,85,"2,200 45  x 90  8.48 0.15 0.090 1.50 LS-222M2W--A4590",parsed,false
177562720827.pdf,LS,snap_in,500,56,20,25,0.54,120,85,0.15,3.554,ohm,3.554,0.5,LS-560M2H--A2025,481,3000,85,500 56 20  x 25  0.54 0.15 3.554 0.50 LS-560M2H--A2025,parsed,false
177562720827.pdf,LS,snap_in,500,56,22,25,0.57,120,85,0.15,3.554,ohm,3.554,0.5,LS-560M2H--A2225,482,3000,85,56 22  x 25  0.57 0.15 3.554 0.50 LS-560M2H--A2225,parsed,false
177562720827.pdf,LS,snap_in,500,68,20,30,0.65,120,85,0.15,2.927,ohm,2.927,0.55,LS-680M2H--A2030,483,3000,85,68 20  x 30  0.65 0.15 2.927 0.55 LS-680M2H--A2030,parsed,false
177562720827.pdf,LS,snap_in,500,68,22,25,0.63,120,85,0.15,2.927,ohm,2.927,0.55,LS-680M2H--A2225,484,3000,85,68 22  x 25  0.63 0.15 2.927 0.55 LS-680M2H--A2225,parsed,false
177562720827.pdf,LS,snap_in,500,68,25,20,0.62,120,85,0.15,2.927,ohm,2.927,0.55,LS-680M2H--A2520,485,3000,85,68 25  x 20  0.62 0.15 2.927 0.55 LS-680M2H--A2520,parsed,false
177562720827.pdf,LS,snap_in,500,82,20,30,0.71,120,85,0.15,2.427,ohm,2.427,0.61,LS-820M2H--A2030,486,3000,85,82 20  x 30  0.71 0.15 2.427 0.61 LS-820M2H--A2030,parsed,false
177562720827.pdf,LS,snap_in,500,82,22,30,0.75,120,85,0.15,2.427,ohm,2.427,0.61,LS-820M2H--A2230,487,3000,85,82 22  x 30  0.75 0.15 2.427 0.61 LS-820M2H--A2230,parsed,false
177562720827.pdf,LS,snap_in,500,82,25,25,0.75,120,85,0.15,2.427,ohm,2.427,0.61,LS-820M2H--A2525,488,3000,85,82 25  x 25  0.75 0.15 2.427 0.61 LS-820M2H--A2525,parsed,false
177562720827.pdf,LS,snap_in,500,100,22,35,0.85,120,85,0.15,1.99,ohm,1.99,0.67,LS-101M2H--A2235,489,3000,85,100 22  x 35  0.85 0.15 1.990 0.67 LS-101M2H--A2235,parsed,false
177562720827.pdf,LS,snap_in,500,100,25,30,0.86,120,85,0.15,1.99,ohm,1.99,0.67,LS-101M2H--A2530,490,3000,85,100 25  x 30  0.86 0.15 1.990 0.67 LS-101M2H--A2530,parsed,false
177562720827.pdf,LS,snap_in,500,100,30,20,0.82,120,85,0.15,1.99,ohm,1.99,0.67,LS-101M2H--A3020,491,3000,85,100 30  x 20  0.82 0.15 1.990 0.67 LS-101M2H--A3020,parsed,false
177562720827.pdf,LS,snap_in,500,120,22,40,0.98,120,85,0.15,1.659,ohm,1.659,0.73,LS-121M2H--A2240,492,3000,85,120 22  x 40  0.98 0.15 1.659 0.73 LS-121M2H--A2240,parsed,false
177562720827.pdf,LS,snap_in,500,120,25,30,0.94,120,85,0.15,1.659,ohm,1.659,0.73,LS-121M2H--A2530,493,3000,85,120 25  x 30  0.94 0.15 1.659 0.73 LS-121M2H--A2530,parsed,false
177562720827.pdf,LS,snap_in,500,120,30,30,1.04,120,85,0.15,1.659,ohm,1.659,0.73,LS-121M2H--A3030,494,3000,85,120 30  x 30  1.04 0.15 1.659 0.73 LS-121M2H--A3030,parsed,false
177562720827.pdf,LS,snap_in,500,120,35,25,1.07,120,85,0.15,1.659,ohm,1.659,0.73,LS-121M2H--A3525,495,3000,85,120 35  x 25  1.07 0.15 1.659 0.73 LS-121M2H--A3525,parsed,false
177562720827.pdf,LS,snap_in,500,150,22,45,1.16,120,85,0.15,1.327,ohm,1.327,0.73,LS-151M2H--A2245,496,3000,85,150 22  x 45  1.16 0.15 1.327 0.73 LS-151M2H--A2245,parsed,false
177562720827.pdf,LS,snap_in,500,150,25,35,1.12,120,85,0.15,1.327,ohm,1.327,0.82,LS-151M2H--A2535,497,3000,85,150 25  x 35  1.12 0.15 1.327 0.82 LS-151M2H--A2535,parsed,false
177562720827.pdf,LS,snap_in,500,150,30,30,1.17,120,85,0.15,1.327,ohm,1.327,0.82,LS-151M2H--A3030,498,3000,85,150 30  x 30  1.17 0.15 1.327 0.82 LS-151M2H--A3030,parsed,false
177562720827.pdf,LS,snap_in,500,150,35,25,1.2,120,85,0.15,1.327,ohm,1.327,0.82,LS-151M2H--A3525,499,3000,85,150 35  x 25  1.20 0.15 1.327 0.82 LS-151M2H--A3525,parsed,false
177562720827.pdf,LS,snap_in,500,180,22,50,1.33,120,85,0.15,1.106,ohm,1.106,0.9,LS-181M2H--A2250,500,3000,85,180 22  x 50  1.33 0.15 1.106 0.90 LS-181M2H--A2250,parsed,false
177562720827.pdf,LS,snap_in,500,180,25,40,1.3,120,85,0.15,1.106,ohm,1.106,0.9,LS-181M2H--A2540,501,3000,85,180 25  x 40  1.30 0.15 1.106 0.90 LS-181M2H--A2540,parsed,false
177562720827.pdf,LS,snap_in,500,180,30,30,1.28,120,85,0.15,1.106,ohm,1.106,0.9,LS-181M2H--A3030,502,3000,85,180 30  x 30  1.28 0.15 1.106 0.90 LS-181M2H--A3030,parsed,false
177562720827.pdf,LS,snap_in,500,180,35,20,1.21,120,85,0.15,1.106,ohm,1.106,0.9,LS-181M2H--A3520,503,3000,85,180 35  x 20  1.21 0.15 1.106 0.90 LS-181M2H--A3520,parsed,false
177562720827.pdf,LS,snap_in,500,220,30,35,1.51,120,85,0.15,0.905,ohm,0.905,0.99,LS-221M2H--A3035,504,3000,85,220 30  x 35  1.51 0.15 0.905 0.99 LS-221M2H--A3035,parsed,false
177562720827.pdf,LS,snap_in,500,220,35,30,1.55,120,85,0.15,0.905,ohm,0.905,0.99,LS-221M2H--A3530,505,3000,85,220 35  x 30  1.55 0.15 0.905 0.99 LS-221M2H--A3530,parsed,false
177562720827.pdf,LS,snap_in,500,270,30,40,1.77,120,85,0.15,0.737,ohm,0.737,1.1,LS-271M2H--A3040,506,3000,85,270 30  x 40  1.77 0.15 0.737 1.10 LS-271M2H--A3040,parsed,false
177562720827.pdf,LS,snap_in,500,270,35,35,1.83,120,85,0.15,0.737,ohm,0.737,1.1,LS-271M2H--A3530,507,3000,85,270 35  x 35  1.83 0.15 0.737 1.10 LS-271M2H--A3530,parsed,false
177562720827.pdf,LS,snap_in,500,330,30,50,2.15,120,85,0.15,0.603,ohm,0.603,1.22,LS-331M2H--A3050,508,3000,85,330 30  x 50  2.15 0.15 0.603 1.22 LS-331M2H--A3050,parsed,false
177562720827.pdf,LS,snap_in,500,330,35,35,2.03,120,85,0.15,0.603,ohm,0.603,1.22,LS-331M2H--A3535,509,3000,85,330 35  x 35  2.03 0.15 0.603 1.22 LS-331M2H--A3535,parsed,false
177562720827.pdf,LS,snap_in,500,390,35,45,2.44,120,85,0.15,0.51,ohm,0.51,1.32,LS-391M2H--A3545,510,3000,85,390 35  x 45  2.44 0.15 0.510 1.32 LS-391M2H--A3545,parsed,false
177562720827.pdf,LS,snap_in,500,470,35,50,2.8,120,85,0.15,0.423,ohm,0.423,1.45,LS-471M2H--A3550,511,3000,85,470 35  x 50  2.80 0.15 0.423 1.45 LS-471M2H--A3550,parsed,false
177562720827.pdf,LS,snap_in,500,560,35,60,3.37,120,85,0.15,0.355,ohm,0.355,1.5,LS-561M2H--A3560,512,3000,85,560 35  x 60  3.37 0.15 0.355 1.50 LS-561M2H--A3560,parsed,false
177562720827.pdf,LS,snap_in,500,560,40,50,3.31,120,85,0.15,0.355,ohm,0.355,1.5,LS-561M2H--A4050,513,3000,85,560 40  x 50  3.31 0.15 0.355 1.50 LS-561M2H--A4050,parsed,false
177562720827.pdf,LS,snap_in,500,680,35,70,3.91,120,85,0.15,0.293,ohm,0.293,1.5,LS-681M2H--A3570,514,3000,85,680 35  x 70  3.91 0.15 0.293 1.50 LS-681M2H--A3570,parsed,false
177562720827.pdf,LS,snap_in,500,680,40,55,3.79,120,85,0.15,0.293,ohm,0.293,1.5,LS-681M2H--A4055,515,3000,85,680 40  x 55  3.79 0.15 0.293 1.50 LS-681M2H--A4055,parsed,false
177562720827.pdf,LS,snap_in,500,820,35,80,4.56,120,85,0.15,0.243,ohm,0.243,1.5,LS-821M2H--A3580,516,3000,85,820 35  x 80  4.56 0.15 0.243 1.50 LS-821M2H--A3580,parsed,false
177562720827.pdf,LS,snap_in,500,820,40,60,4.33,120,85,0.15,0.243,ohm,0.243,1.5,LS-821M2H--A4060,517,3000,85,820 40  x 60  4.33 0.15 0.243 1.50 LS-821M2H--A4060,parsed,false
177562720827.pdf,LS,snap_in,500,1000,35,90,5.31,120,85,0.15,0.199,ohm,0.199,1.5,LS-102M2H--A3590,518,3000,85,"1,000 35  x 90  5.31 0.15 0.199 1.50 LS-102M2H--A3590",parsed,false
177562720827.pdf,LS,snap_in,500,1000,40,80,5.42,120,85,0.15,0.199,ohm,0.199,1.5,LS-102M2H--A4080,519,3000,85,"1,000 40  x 80  5.42 0.15 0.199 1.50 LS-102M2H--A4080",parsed,false
177562720827.pdf,LS,snap_in,500,1500,40,100,6.56,120,85,0.15,0.133,ohm,0.133,1.5,LS-152M2H--A40A0,520,3000,85,"1,500 40  x 100  6.56 0.15 0.133 1.50 LS-152M2H--A40A0",parsed,false
177562725621.pdf,LUG,snap_in,400,100,22,25,0.84,120,125,0.25,3.316,ohm,3.316,0.6,LUG101M2G--A2225N,1,2000,125,400 100 22  x 25  0.84 0.25 3.316 0.60 LUG101M2G--A2225N,parsed,false
177562725621.pdf,LUG,snap_in,400,120,22,30,0.97,120,125,0.25,2.763,ohm,2.763,0.66,LUG121M2G--A2230N,2,2000,125,120 22  x 30  0.97 0.25 2.763 0.66 LUG121M2G--A2230N,parsed,false
177562725621.pdf,LUG,snap_in,400,150,22,30,1.06,120,125,0.25,2.211,ohm,2.211,0.73,LUG151M2G--A2230N,3,2000,125,150 22  x 30  1.06 0.25  2.211 0.73 LUG151M2G--A2230N,parsed,false
177562725621.pdf,LUG,snap_in,400,150,25,25,1.03,120,125,0.25,2.211,ohm,2.211,0.73,LUG151M2G--A2525N,4,2000,125,150 25  x 25  1.03 0.25  2.211 0.73 LUG151M2G--A2525N,parsed,false
177562725621.pdf,LUG,snap_in,400,180,22,35,1.22,120,125,0.25,1.842,ohm,1.842,0.8,LUG181M2G--A2235N,5,2000,125,180 22  x 35  1.22 0.25  1.842 0.80 LUG181M2G--A2235N,parsed,false
177562725621.pdf,LUG,snap_in,400,180,25,30,1.19,120,125,0.25,1.842,ohm,1.842,0.8,LUG181M2G--A2530N,6,2000,125,180 25  x 30  1.19 0.25  1.842 0.80 LUG181M2G--A2530N,parsed,false
177562725621.pdf,LUG,snap_in,400,220,22,40,1.38,120,125,0.25,1.507,ohm,1.507,0.89,LUG221M2G--A2240N,7,2000,125,220 22  x 40  1.38 0.25  1.507 0.89 LUG221M2G--A2240N,parsed,false
177562725621.pdf,LUG,snap_in,400,220,25,35,1.37,120,125,0.25,1.507,ohm,1.507,0.89,LUG221M2G--A2535N,8,2000,125,220 25  x 35  1.37 0.25  1.507  0.89 LUG221M2G--A2535N,parsed,false
177562725621.pdf,LUG,snap_in,400,220,30,25,1.22,120,125,0.25,1.507,ohm,1.507,0.89,LUG221M2G--A3025N,9,2000,125,220 30  x 25  1.22 0.25  1.507  0.89 LUG221M2G--A3025N,parsed,false
177562725621.pdf,LUG,snap_in,400,270,22,50,1.64,120,125,0.25,1.228,ohm,1.228,0.99,LUG271M2G--A2250N,10,2000,125,270 22  x 50  1.64 0.25  1.228 0.99 LUG271M2G--A2250N,parsed,false
177562725621.pdf,LUG,snap_in,400,270,25,40,1.56,120,125,0.25,1.228,ohm,1.228,0.99,LUG271M2G--A2540N,11,2000,125,270 25  x 40  1.56 0.25  1.228  0.99 LUG271M2G--A2540N,parsed,false
177562725621.pdf,LUG,snap_in,400,270,30,30,1.43,120,125,0.25,1.228,ohm,1.228,0.99,LUG271M2G--A3030N,12,2000,125,270 30  x 30  1.43 0.25  1.228  0.99 LUG271M2G--A3030N,parsed,false
177562725621.pdf,LUG,snap_in,400,270,35,25,1.33,120,125,0.25,1.228,ohm,1.228,0.99,LUG271M2G--A3525N,13,2000,125,270 35  x 25  1.33 0.25  1.228 0.99 LUG271M2G--A3525N,parsed,false
177562725621.pdf,LUG,snap_in,400,330,22,55,1.81,120,125,0.25,1.005,ohm,1.005,1.09,LUG331M2G--A2255N,14,2000,125,330 22  x 55  1.81 0.25  1.005 1.09 LUG331M2G--A2255N,parsed,false
177562725621.pdf,LUG,snap_in,400,330,25,45,1.76,120,125,0.25,1.005,ohm,1.005,1.09,LUG331M2G--A2545N,15,2000,125,330 25  x 45  1.76 0.25  1.005  1.09 LUG331M2G--A2545N,parsed,false
177562725621.pdf,LUG,snap_in,400,330,30,35,1.64,120,125,0.25,1.005,ohm,1.005,1.09,LUG331M2G--A3035N,16,2000,125,330 30  x 35  1.64 0.25  1.005  1.09 LUG331M2G--A3035N,parsed,false
177562725621.pdf,LUG,snap_in,400,330,35,30,1.56,120,125,0.25,1.005,ohm,1.005,1.09,LUG331M2G--A3530N,17,2000,125,330 35  x 30  1.56 0.25  1.005  1.09 LUG331M2G--A3530N,parsed,false
177562725621.pdf,LUG,snap_in,400,390,25,50,1.94,120,125,0.25,0.85,ohm,0.85,1.18,LUG391M2G--A2550N,18,2000,125,390 25  x 50  1.94 0.25 0.850 1.18 LUG391M2G--A2550N,parsed,false
177562725621.pdf,LUG,snap_in,400,390,30,40,1.84,120,125,0.25,0.85,ohm,0.85,1.18,LUG391M2G--A3040N,19,2000,125,390 30  x 40  1.84 0.25  0.850  1.18 LUG391M2G--A3040N,parsed,false
177562725621.pdf,LUG,snap_in,400,390,35,30,1.59,120,125,0.25,0.85,ohm,0.85,1.18,LUG391M2G--A3530N,20,2000,125,390 35  x 30  1.59 0.25  0.850  1.18 LUG391M2G--A3530N,parsed,false
177562725621.pdf,LUG,snap_in,400,470,25,60,2.25,120,125,0.25,0.705,ohm,0.705,1.3,LUG471M2G--A2560N,21,2000,125,470 25  x 60  2.25 0.25  0.705 1.30 LUG471M2G--A2560N,parsed,false
177562725621.pdf,LUG,snap_in,400,470,30,45,2.06,120,125,0.25,0.705,ohm,0.705,1.3,LUG471M2G--A3045N,22,2000,125,470 30  x 45  2.06 0.25  0.705  1.30 LUG471M2G--A3045N,parsed,false
177562725621.pdf,LUG,snap_in,400,470,35,35,1.82,120,125,0.25,0.705,ohm,0.705,1.3,LUG471M2G--A3535N,23,2000,125,470 35  x 35  1.82 0.25  0.705  1.30 LUG471M2G--A3535N,parsed,false
177562725621.pdf,LUG,snap_in,400,560,30,50,2.27,120,125,0.25,0.592,ohm,0.592,1.42,LUG561M2G--A3050N,24,2000,125,560 30  x 50  2.27 0.25  0.592 1.42 LUG561M2G--A3050N,parsed,false
177562725621.pdf,LUG,snap_in,400,560,35,40,2.05,120,125,0.25,0.592,ohm,0.592,1.42,LUG561M2G--A3540N,25,2000,125,560 35  x 40  2.05 0.25  0.592 1.42 LUG561M2G--A3540N,parsed,false
177562725621.pdf,LUG,snap_in,400,680,30,60,2.62,120,125,0.25,0.488,ohm,0.488,1.5,LUG681M2G--A3060N,26,2000,125,680 30  x 60  2.62 0.25  0.488 1.50 LUG681M2G--A3060N,parsed,false
177562725621.pdf,LUG,snap_in,400,680,35,45,2.26,120,125,0.25,0.488,ohm,0.488,1.5,LUG681M2G--A3545N,27,2000,125,680 35  x 45  2.26 0.25  0.488 1.50 LUG681M2G--A3545N,parsed,false
177562725621.pdf,LUG,snap_in,400,820,35,55,2.66,120,125,0.25,0.404,ohm,0.404,1.5,LUG821M2G--A3555N,28,2000,125,820 35  x 55  2.66 0.25  0.404 1.50 LUG821M2G--A3555N,parsed,false
177562725621.pdf,LUG,snap_in,400,1000,35,60,2.86,120,125,0.25,0.332,ohm,0.332,1.5,LUG102M2G--A3560N,29,2000,125,"1,000 35  x 60  2.86 0.25  0.332 1.50 LUG102M2G--A3560N",parsed,false
177562725621.pdf,LUG,snap_in,450,100,22,25,0.83,120,125,0.25,3.316,ohm,3.316,0.64,LUG101M2W--A2225N,30,2000,125,450 100 22  x 25  0.83 0.25  3.316 0.64 LUG101M2W--A2225N,parsed,false
177562725621.pdf,LUG,snap_in,450,120,22,30,0.95,120,125,0.25,2.763,ohm,2.763,0.7,LUG121M2W--A2230N,31,2000,125,120 22  x 30  0.95 0.25  2.763 0.70 LUG121M2W--A2230N,parsed,false
177562725621.pdf,LUG,snap_in,450,120,25,25,0.93,120,125,0.25,2.763,ohm,2.763,0.7,LUG121M2W--A2525N,32,2000,125,120 25  x 25  0.93 0.25  2.763 0.70 LUG121M2W--A2525N,parsed,false
177562725621.pdf,LUG,snap_in,450,150,22,35,1.11,120,125,0.25,2.211,ohm,2.211,0.78,LUG151M2W--A2235N,33,2000,125,150 22  x 35  1.11 0.25  2.211  0.78 LUG151M2W--A2235N,parsed,false
177562725621.pdf,LUG,snap_in,450,150,25,30,1.08,120,125,0.25,2.211,ohm,2.211,0.78,LUG151M2W--A2530N,34,2000,125,150 25  x 30  1.08 0.25  2.211  0.78 LUG151M2W--A2530N,parsed,false
177562725621.pdf,LUG,snap_in,450,180,22,40,1.25,120,125,0.25,1.842,ohm,1.842,0.85,LUG181M2W--A2240N,35,2000,125,180 22  x 40  1.25 0.25  1.842 0.85 LUG181M2W--A2240N,parsed,false
177562725621.pdf,LUG,snap_in,450,180,25,30,1.16,120,125,0.25,1.842,ohm,1.842,0.85,LUG181M2W--A2530N,36,2000,125,180 25  x 30  1.16 0.25  1.842 0.85 LUG181M2W--A2530N,parsed,false
177562725621.pdf,LUG,snap_in,450,180,30,25,1.12,120,125,0.25,1.842,ohm,1.842,0.85,LUG181M2W--A3025N,37,2000,125,180 30  x 25  1.12 0.25  1.842 0.85 LUG181M2W--A3025N,parsed,false
177562725621.pdf,LUG,snap_in,450,220,22,45,1.42,120,125,0.25,1.507,ohm,1.507,0.94,LUG221M2W--A2245N,38,2000,125,220 22  x 45  1.42 0.25  1.507 0.94 LUG221M2W--A2245N,parsed,false
177562725621.pdf,LUG,snap_in,450,220,25,35,1.34,120,125,0.25,1.507,ohm,1.507,0.94,LUG221M2W--A2535N,39,2000,125,220 25  x 35  1.34 0.25  1.507  0.94 LUG221M2W--A2535N,parsed,false
177562725621.pdf,LUG,snap_in,450,220,30,30,1.32,120,125,0.25,1.507,ohm,1.507,0.94,LUG221M2W--A3030N,40,2000,125,220 30  x 30  1.32 0.25  1.507  0.94 LUG221M2W--A3030N,parsed,false
177562725621.pdf,LUG,snap_in,450,270,22,50,1.57,120,125,0.25,1.228,ohm,1.228,1.05,LUG271M2W--A2250N,41,2000,125,270 22  x 50  1.57 0.25  1.228 1.05 LUG271M2W--A2250N,parsed,false
177562725621.pdf,LUG,snap_in,450,270,25,40,1.51,120,125,0.25,1.228,ohm,1.228,1.05,LUG271M2W--A2540N,42,2000,125,270 25  x 40  1.51 0.25  1.228  1.05  LUG271M2W--A2540N,parsed,false
177562725621.pdf,LUG,snap_in,450,270,30,35,1.51,120,125,0.25,1.228,ohm,1.228,1.05,LUG271M2W--A3035N,43,2000,125,270 30  x 35  1.51 0.25  1.228  1.05  LUG271M2W--A3035N,parsed,false
177562725621.pdf,LUG,snap_in,450,270,35,25,1.28,120,125,0.25,1.228,ohm,1.228,1.05,LUG271M2W--A3525N,44,2000,125,270 35  x 25  1.28 0.25  1.228 1.05 LUG271M2W--A3525N,parsed,false
177562725621.pdf,LUG,snap_in,450,330,22,60,1.83,120,125,0.25,1.005,ohm,1.005,1.16,LUG331M2W--A2260N,45,2000,125,330 22  x 60  1.83 0.25  1.005 1.16 LUG331M2W--A2260N,parsed,false
177562725621.pdf,LUG,snap_in,450,330,25,50,1.8,120,125,0.25,1.005,ohm,1.005,1.16,LUG331M2W--A2550N,46,2000,125,330 25  x 50 1.80 0.25  1.005  1.16 LUG331M2W--A2550N,parsed,false
177562725621.pdf,LUG,snap_in,450,330,30,35,1.57,120,125,0.25,1.005,ohm,1.005,1.16,LUG331M2W--A3035N,47,2000,125,330 30  x 35 1.57 0.25  1.005  1.16 LUG331M2W--A3035N,parsed,false
177562725621.pdf,LUG,snap_in,450,330,35,30,1.52,120,125,0.25,1.005,ohm,1.005,1.16,LUG331M2W--A3530N,48,2000,125,330 35  x 30 1.52 0.25  1.005  1.16 LUG331M2W--A3530N,parsed,false
177562725621.pdf,LUG,snap_in,450,390,25,55,1.98,120,125,0.25,0.85,ohm,0.85,1.26,LUG391M2W--A2555N,49,2000,125,390 25  x 55 1.98 0.25  0.850 1.26 LUG391M2W--A2555N,parsed,false
177562725621.pdf,LUG,snap_in,450,390,30,40,1.77,120,125,0.25,0.85,ohm,0.85,1.26,LUG391M2W--A3040N,50,2000,125,390 30 x 40  1.77 0.25  0.850  1.26 LUG391M2W--A3040N,parsed,false
177562725621.pdf,LUG,snap_in,450,390,35,35,1.73,120,125,0.25,0.85,ohm,0.85,1.26,LUG391M2W--A3535N,51,2000,125,390 35  x 35 1.73 0.25  0.850  1.26 LUG391M2W--A3535N,parsed,false
177562725621.pdf,LUG,snap_in,450,470,30,50,2.11,120,125,0.25,0.705,ohm,0.705,1.38,LUG471M2W--A3050N,52,2000,125,470 30  x 50  2.11 0.25  0.705 1.38 LUG471M2W--A3050N,parsed,false
177562725621.pdf,LUG,snap_in,450,470,35,40,1.95,120,125,0.25,0.705,ohm,0.705,1.38,LUG471M2W--A3540N,53,2000,125,470 35  x 40 1.95 0.25  0.705  1.38 LUG471M2W--A3540N,parsed,false
177562725621.pdf,LUG,snap_in,450,560,30,55,2.32,120,125,0.25,0.592,ohm,0.592,1.5,LUG561M2W--A3055N,54,2000,125,560 30 x 55 2.32 0.25  0.592 1.50 LUG561M2W--A3055N,parsed,false
177562725621.pdf,LUG,snap_in,450,560,35,45,2.16,120,125,0.25,0.592,ohm,0.592,1.5,LUG561M2W--A3545N,55,2000,125,560 35  x 45  2.16 0.25  0.592 1.50 LUG561M2W--A3545N,parsed,false
177562725621.pdf,LUG,snap_in,450,680,35,50,2.37,120,125,0.25,0.488,ohm,0.488,1.5,LUG681M2W--A3550N,56,2000,125,680 35  x 50  2.37 0.25  0.488 1.50 LUG681M2W--A3550N,parsed,false
177562725621.pdf,LUG,snap_in,450,820,35,55,2.56,120,125,0.25,0.404,ohm,0.404,1.5,LUG821M2W--A3555N,57,2000,125,820 35  x 55 2.56 0.25  0.404 1.50 LUG821M2W--A3555N,parsed,false
177562727850.pdf,LSG,snap_in,16,10000,20,25,1.61,120,105,0.5,0.066,ohm,0.066,1.2,LSG103M1C--A2025,1,2000,105,"16 10,000 20  x 25  1.61 0.50 0.066 1.20 LSG103M1C--A2025",parsed,false
177562727850.pdf,LSG,snap_in,16,10000,22,25,1.78,120,105,0.5,0.066,ohm,0.066,1.2,LSG103M1C--A2225,2,2000,105,"10,000 22  x 25  1.78 0.50 0.066 1.20 LSG103M1C--A2225",parsed,false
177562727850.pdf,LSG,snap_in,16,12000,22,25,1.92,120,105,0.5,0.055,ohm,0.055,1.31,LSG123M1C--A2225,3,2000,105,"12,000 22  x 25  1.92 0.50 0.055 1.31 LSG123M1C--A2225",parsed,false
177562727850.pdf,LSG,snap_in,16,15000,22,30,2.2,120,105,0.5,0.044,ohm,0.044,1.47,LSG153M1C--A2230,4,2000,105,"15,000 22  x 30  2.20 0.50 0.044 1.47 LSG153M1C--A2230",parsed,false
177562727850.pdf,LSG,snap_in,16,15000,25,25,2.25,120,105,0.5,0.044,ohm,0.044,1.47,LSG153M1C--A2525,5,2000,105,"15,000 25  x 25  2.25 0.50 0.044 1.47 LSG153M1C--A2525",parsed,false
177562727850.pdf,LSG,snap_in,16,18000,22,35,2.49,120,105,0.5,0.037,ohm,0.037,1.5,LSG183M1C--A2235,6,2000,105,"18,000 22  x 35  2.49 0.50 0.037 1.50 LSG183M1C--A2235",parsed,false
177562727850.pdf,LSG,snap_in,16,18000,25,30,2.52,120,105,0.5,0.037,ohm,0.037,1.5,LSG183M1C--A2530,7,2000,105,"18,000 25  x 30  2.52 0.50 0.037 1.50 LSG183M1C--A2530",parsed,false
177562727850.pdf,LSG,snap_in,16,18000,30,25,2.61,120,105,0.5,0.037,ohm,0.037,1.5,LSG183M1C--A3025,8,2000,105,"18,000 30  x 25  2.61 0.50 0.037 1.50 LSG183M1C--A3025",parsed,false
177562727850.pdf,LSG,snap_in,16,22000,22,40,2.9,120,105,0.5,0.03,ohm,0.03,1.5,LSG223M1C--A2240,9,2000,105,"22,000 22  x 40  2.90 0.50 0.030 1.50 LSG223M1C--A2240",parsed,false
177562727850.pdf,LSG,snap_in,16,22000,25,30,2.77,120,105,0.5,0.03,ohm,0.03,1.5,LSG223M1C--A2530,10,2000,105,"22,000 25  x 30  2.77 0.50 0.030 1.50 LSG223M1C--A2530",parsed,false
177562727850.pdf,LSG,snap_in,16,22000,30,25,2.88,120,105,0.5,0.03,ohm,0.03,1.5,LSG223M1C--A3025,11,2000,105,"22,000 30  x 25  2.88 0.50 0.030 1.50 LSG223M1C--A3025",parsed,false
177562727850.pdf,LSG,snap_in,16,27000,25,35,3.02,120,105,0.5,0.025,ohm,0.025,1.5,LSG273M1C--A2535,12,2000,105,"27,000 25  x 35  3.02 0.50 0.025 1.50 LSG273M1C--A2535",parsed,false
177562727850.pdf,LSG,snap_in,16,27000,30,30,3.15,120,105,0.5,0.025,ohm,0.025,1.5,LSG273M1C--A3030,13,2000,105,"27,000 30  x 30  3.15 0.50 0.025 1.50 LSG273M1C--A3030",parsed,false
177562727850.pdf,LSG,snap_in,16,33000,30,30,3.48,120,105,0.5,0.02,ohm,0.02,1.5,LSG333M1C--A3030,14,2000,105,"33,000 30  x 30  3.48 0.50 0.020 1.50 LSG333M1C--A3030",parsed,false
177562727850.pdf,LSG,snap_in,16,33000,35,25,3.57,120,105,0.5,0.02,ohm,0.02,1.5,LSG333M1C--A3525,15,2000,105,"33,000 35  x 25  3.57 0.50 0.020 1.50 LSG333M1C--A3525",parsed,false
177562727850.pdf,LSG,snap_in,16,39000,30,35,4.03,120,105,0.5,0.017,ohm,0.017,1.5,LSG393M1C--A3035,16,2000,105,"39,000 30  x 35  4.03 0.50 0.017 1.50 LSG393M1C--A3035",parsed,false
177562727850.pdf,LSG,snap_in,16,39000,35,30,4.16,120,105,0.5,0.017,ohm,0.017,1.5,LSG393M1C--A3530,17,2000,105,"39,000 35  x 30  4.16 0.50 0.017 1.50 LSG393M1C--A3530",parsed,false
177562727850.pdf,LSG,snap_in,16,47000,35,35,4.85,120,105,0.5,0.014,ohm,0.014,1.5,LSG473M1C--A3535,18,2000,105,"47,000 35  x 35  4.85 0.50 0.014 1.50 LSG473M1C--A3535",parsed,false
177562727850.pdf,LSG,snap_in,25,8200,22,25,1.73,120,105,0.45,0.073,ohm,0.073,1.36,LSG822M1E--A2225,19,2000,105,"25 8,200 22  x 25  1.73 0.45 0.073 1.36 LSG822M1E--A2225",parsed,false
177562727850.pdf,LSG,snap_in,25,10000,22,30,2.05,120,105,0.45,0.06,ohm,0.06,1.5,LSG103M1E--A2230,20,2000,105,"10,000 22  x 30  2.05 0.45 0.060 1.50 LSG103M1E--A2230",parsed,false
177562727850.pdf,LSG,snap_in,25,10000,25,25,2.05,120,105,0.45,0.06,ohm,0.06,1.5,LSG103M1E--A2525,21,2000,105,"10,000 25  x 25  2.05 0.45 0.060 1.50 LSG103M1E--A2525",parsed,false
177562727850.pdf,LSG,snap_in,25,12000,22,35,2.23,120,105,0.45,0.05,ohm,0.05,1.5,LSG123M1E--A2235,22,2000,105,"12,000 22  x 35  2.23 0.45 0.050 1.50 LSG123M1E--A2235",parsed,false
177562727850.pdf,LSG,snap_in,25,12000,25,25,2.09,120,105,0.45,0.05,ohm,0.05,1.5,LSG123M1E--A2525,23,2000,105,"12,000 25  x 25  2.09 0.45 0.050 1.50 LSG123M1E--A2525",parsed,false
177562727850.pdf,LSG,snap_in,25,12000,30,25,2.45,120,105,0.45,0.05,ohm,0.05,1.5,LSG123M1E--A3025,24,2000,105,"12,000 30  x 25  2.45 0.45 0.050 1.50 LSG123M1E--A3025",parsed,false
177562727850.pdf,LSG,snap_in,25,12000,35,25,2.74,120,105,0.45,0.05,ohm,0.05,1.5,LSG123M1E--A3525,25,2000,105,"12,000 35  x 25  2.74 0.45 0.050 1.50 LSG123M1E--A3525",parsed,false
177562727850.pdf,LSG,snap_in,25,15000,22,40,2.65,120,105,0.45,0.04,ohm,0.04,1.5,LSG153M1E--A2240,26,2000,105,"15,000 22  x 40  2.65 0.45 0.040 1.50 LSG153M1E--A2240",parsed,false
177562727850.pdf,LSG,snap_in,25,15000,25,35,2.8,120,105,0.45,0.04,ohm,0.04,1.5,LSG153M1E--A2535,27,2000,105,"15,000 25  x 35  2.80 0.45 0.040 1.50 LSG153M1E--A2535",parsed,false
177562727850.pdf,LSG,snap_in,25,15000,30,25,2.72,120,105,0.45,0.04,ohm,0.04,1.5,LSG153M1E--A3025,28,2000,105,"15,000 30  x 25  2.72 0.45 0.040 1.50 LSG153M1E--A3025",parsed,false
177562727850.pdf,LSG,snap_in,25,15000,35,25,3,120,105,0.45,0.04,ohm,0.04,1.5,LSG153M1E--A3525,29,2000,105,"15,000 35  x 25  3.00 0.45 0.040 1.50 LSG153M1E--A3525",parsed,false
177562727850.pdf,LSG,snap_in,25,18000,22,45,2.93,120,105,0.45,0.033,ohm,0.033,1.5,LSG183M1E--A2245,30,2000,105,"18,000 22  x 45  2.93 0.45 0.033 1.50 LSG183M1E--A2245",parsed,false
177562727850.pdf,LSG,snap_in,25,18000,25,35,2.83,120,105,0.45,0.033,ohm,0.033,1.5,LSG183M1E--A2535,31,2000,105,"18,000 25  x 35  2.83 0.45 0.033 1.50 LSG183M1E--A2535",parsed,false
177562727850.pdf,LSG,snap_in,25,18000,30,30,3.07,120,105,0.45,0.033,ohm,0.033,1.5,LSG183M1E--A3030,32,2000,105,"18,000 30  x 30  3.07 0.45 0.033 1.50 LSG183M1E--A3030",parsed,false
177562727850.pdf,LSG,snap_in,25,18000,35,25,3.02,120,105,0.45,0.033,ohm,0.033,1.5,LSG183M1E--A3525,33,2000,105,"18,000 35  x 25  3.02 0.45 0.033 1.50 LSG183M1E--A3525",parsed,false
177562727850.pdf,LSG,snap_in,25,22000,22,50,3.31,120,105,0.45,0.027,ohm,0.027,1.5,LSG223M1E--A2250,34,2000,105,"22,000 22  x 50  3.31 0.45 0.027 1.50 LSG223M1E--A2250",parsed,false
177562727850.pdf,LSG,snap_in,25,22000,25,40,3.22,120,105,0.45,0.027,ohm,0.027,1.5,LSG223M1E--A2540,35,2000,105,"22,000 25  x 40  3.22 0.45 0.027 1.50 LSG223M1E--A2540",parsed,false
177562727850.pdf,LSG,snap_in,25,22000,30,30,3.18,120,105,0.45,0.027,ohm,0.027,1.5,LSG223M1E--A3030,36,2000,105,"22,000 30  x 30  3.18 0.45 0.027 1.50 LSG223M1E--A3030",parsed,false
177562727850.pdf,LSG,snap_in,25,22000,35,25,3.07,120,105,0.45,0.027,ohm,0.027,1.5,LSG223M1E--A3525,37,2000,105,"22,000 35  x 25  3.07 0.45 0.027 1.50 LSG223M1E--A3525",parsed,false
177562727850.pdf,LSG,snap_in,25,27000,30,35,3.35,120,105,0.45,0.022,ohm,0.022,1.5,LSG273M1E--A3035,38,2000,105,"27,000 30  x 35  3.35 0.45 0.022 1.50 LSG273M1E--A3035",parsed,false
177562727850.pdf,LSG,snap_in,25,27000,35,30,3.46,120,105,0.45,0.022,ohm,0.022,1.5,LSG273M1E--A3530,39,2000,105,"27,000 35  x 30  3.46 0.45 0.022 1.50 LSG273M1E--A3530",parsed,false
177562727850.pdf,LSG,snap_in,35,3300,22,25,1.31,120,105,0.4,0.161,ohm,0.161,1.02,LSG332M1V--A2225,40,2000,105,"35 3,300 22  x 25  1.31 0.40 0.161 1.02 LSG332M1V--A2225",parsed,false
177562727850.pdf,LSG,snap_in,35,3900,22,30,1.54,120,105,0.4,0.136,ohm,0.136,1.11,LSG392M1V--A2230,41,2000,105,"3,900 22  x 30  1.54 0.40 0.136 1.11 LSG392M1V--A2230",parsed,false
177562727850.pdf,LSG,snap_in,35,4700,22,25,1.63,120,105,0.4,0.113,ohm,0.113,1.22,LSG472M1V--A2225,42,2000,105,"4,700 22  x 25  1.63 0.40 0.113 1.22 LSG472M1V--A2225",parsed,false
177562727850.pdf,LSG,snap_in,35,4700,25,25,1.7,120,105,0.4,0.113,ohm,0.113,1.22,LSG472M1V--A2525,43,2000,105,"4,700 25  x 25  1.70 0.40 0.113 1.22 LSG472M1V--A2525",parsed,false
177562727850.pdf,LSG,snap_in,35,5600,22,25,1.63,120,105,0.4,0.095,ohm,0.095,1.33,LSG562M1V--A2225,44,2000,105,"5,600 22  x 25  1.63 0.40 0.095 1.33 LSG562M1V--A2225",parsed,false
177562727850.pdf,LSG,snap_in,35,5600,25,25,1.77,120,105,0.4,0.095,ohm,0.095,1.33,LSG562M1V--A2525,45,2000,105,"5,600 25  x 25  1.77 0.40 0.095 1.33 LSG562M1V--A2525",parsed,false
177562727850.pdf,LSG,snap_in,35,5600,30,25,1.99,120,105,0.4,0.095,ohm,0.095,1.33,LSG562M1V--A3025,46,2000,105,"5,600 30  x 25  1.99 0.40 0.095 1.33 LSG562M1V--A3025",parsed,false
177562727850.pdf,LSG,snap_in,35,6800,22,30,1.86,120,105,0.4,0.078,ohm,0.078,1.46,LSG682M1V--A2230,47,2000,105,"6,800 22  x 30  1.86 0.40 0.078 1.46 LSG682M1V--A2230",parsed,false
177562727850.pdf,LSG,snap_in,35,6800,25,30,2.04,120,105,0.4,0.078,ohm,0.078,1.46,LSG682M1V--A2530,48,2000,105,"6,800 25  x 30  2.04 0.40 0.078 1.46 LSG682M1V--A2530",parsed,false
177562727850.pdf,LSG,snap_in,35,6800,30,30,2.24,120,105,0.4,0.078,ohm,0.078,1.46,LSG682M1V--A3030,49,2000,105,"6,800 30  x 30  2.24 0.40 0.078 1.46 LSG682M1V--A3030",parsed,false
177562727850.pdf,LSG,snap_in,35,8200,22,35,2.1,120,105,0.4,0.065,ohm,0.065,1.5,LSG822M1V--A2235,50,2000,105,"8,200 22  x 35  2.10 0.40 0.065 1.50 LSG822M1V--A2235",parsed,false
177562727850.pdf,LSG,snap_in,35,8200,25,35,2.6,120,105,0.4,0.065,ohm,0.065,1.5,LSG822M1V--A2535,51,2000,105,"8,200 25  x 35  2.60 0.40 0.065 1.50 LSG822M1V--A2535",parsed,false
177562727850.pdf,LSG,snap_in,35,8200,30,25,2.49,120,105,0.4,0.065,ohm,0.065,1.5,LSG822M1V--A3025,52,2000,105,"8,200 30  x 25  2.49 0.40 0.065 1.50 LSG822M1V--A3025",parsed,false
177562727850.pdf,LSG,snap_in,35,8200,35,25,2.69,120,105,0.4,0.065,ohm,0.065,1.5,LSG822M1V--A3525,53,2000,105,"8,200 35  x 25  2.69 0.40 0.065 1.50 LSG822M1V--A3525",parsed,false
177562727850.pdf,LSG,snap_in,35,10000,22,40,2.42,120,105,0.4,0.053,ohm,0.053,1.5,LSG103M1V--A2240,54,2000,105,"10,000 22  x 40  2.42 0.40 0.053 1.50 LSG103M1V--A2240",parsed,false
177562727850.pdf,LSG,snap_in,35,10000,25,40,2.83,120,105,0.4,0.053,ohm,0.053,1.5,LSG103M1V--A2540,55,2000,105,"10,000 25  x 40  2.83 0.40 0.053 1.50 LSG103M1V--A2540",parsed,false
177562727850.pdf,LSG,snap_in,35,10000,30,30,2.75,120,105,0.4,0.053,ohm,0.053,1.5,LSG103M1V--A3030,56,2000,105,"10,000 30  x 30  2.75 0.40 0.053 1.50 LSG103M1V--A3030",parsed,false
177562727850.pdf,LSG,snap_in,35,12000,22,45,2.79,120,105,0.4,0.044,ohm,0.044,1.5,LSG123M1V--A2245,57,2000,105,"12,000 22  x 45  2.79 0.40 0.044 1.50 LSG123M1V--A2245",parsed,false
177562727850.pdf,LSG,snap_in,35,12000,25,45,3,120,105,0.4,0.044,ohm,0.044,1.5,LSG123M1V--A2545,58,2000,105,"12,000 25  x 45  3.00 0.40 0.044 1.50 LSG123M1V--A2545",parsed,false
177562727850.pdf,LSG,snap_in,35,12000,30,35,2.96,120,105,0.4,0.044,ohm,0.044,1.5,LSG123M1V--A3035,59,2000,105,"12,000 30  x 35  2.96 0.40 0.044 1.50 LSG123M1V--A3035",parsed,false
177562727850.pdf,LSG,snap_in,35,12000,35,25,2.75,120,105,0.4,0.044,ohm,0.044,1.5,LSG123M1V--A3525,60,2000,105,"12,000 35  x 25  2.75 0.40 0.044 1.50 LSG123M1V--A3525",parsed,false
177562727850.pdf,LSG,snap_in,35,15000,25,45,3.24,120,105,0.4,0.035,ohm,0.035,1.5,LSG153M1V--A2545,61,2000,105,"35 15,000 25  x 45  3.24 0.40 0.035 1.50 LSG153M1V--A2545",parsed,false
177562727850.pdf,LSG,snap_in,35,15000,30,35,3.24,120,105,0.4,0.035,ohm,0.035,1.5,LSG153M1V--A3035,62,2000,105,"15,000 30  x 35  3.24 0.40 0.035 1.50 LSG153M1V--A3035",parsed,false
177562727850.pdf,LSG,snap_in,35,15000,35,25,3.12,120,105,0.4,0.035,ohm,0.035,1.5,LSG153M1V--A3525,63,2000,105,"15,000 35  x 25  3.12 0.40 0.035 1.50 LSG153M1V--A3525",parsed,false
177562727850.pdf,LSG,snap_in,35,18000,25,50,3.71,120,105,0.4,0.029,ohm,0.029,1.5,LSG183M1V--A2550,64,2000,105,"18,000 25  x 50  3.71 0.40 0.029 1.50 LSG183M1V--A2550",parsed,false
177562727850.pdf,LSG,snap_in,35,18000,30,45,4.07,120,105,0.4,0.029,ohm,0.029,1.5,LSG183M1V--A3045,65,2000,105,"18,000 30  x 45  4.07 0.40 0.029 1.50 LSG183M1V--A3045",parsed,false
177562727850.pdf,LSG,snap_in,35,18000,35,35,4.02,120,105,0.4,0.029,ohm,0.029,1.5,LSG183M1V--A3535,66,2000,105,"18,000 35  x 35  4.02 0.40 0.029 1.50 LSG183M1V--A3535",parsed,false
177562727850.pdf,LSG,snap_in,35,22000,30,45,4.34,120,105,0.4,0.024,ohm,0.024,1.5,LSG223M1V--A3045,67,2000,105,"22,000 30  x 45  4.34 0.40 0.024 1.50 LSG223M1V--A3045",parsed,false
177562727850.pdf,LSG,snap_in,35,22000,35,40,4.69,120,105,0.4,0.024,ohm,0.024,1.5,LSG223M1V--A3540,68,2000,105,"22,000 35  x 40  4.69 0.40 0.024 1.50 LSG223M1V--A3540",parsed,false
177562727850.pdf,LSG,snap_in,50,1800,22,25,1.33,120,105,0.35,0.258,ohm,0.258,0.9,LSG182M1H--A2225,69,2000,105,"50 1,800 22  x 25  1.33 0.35 0.258 0.90 LSG182M1H--A2225",parsed,false
177562727850.pdf,LSG,snap_in,50,2200,22,25,1.48,120,105,0.35,0.211,ohm,0.211,0.99,LSG222M1H--A2225,70,2000,105,"2,200 22  x 25  1.48 0.35 0.211 0.99 LSG222M1H--A2225",parsed,false
177562727850.pdf,LSG,snap_in,50,2700,22,25,1.53,120,105,0.35,0.172,ohm,0.172,1.1,LSG272M1H--A2225,71,2000,105,"2,700 22  x 25  1.53 0.35 0.172 1.10 LSG272M1H--A2225",parsed,false
177562727850.pdf,LSG,snap_in,50,2700,25,25,1.57,120,105,0.35,0.172,ohm,0.172,1.1,LSG272M1H--A2525,72,2000,105,"2,700 25  x 25  1.57 0.35 0.172 1.10 LSG272M1H--A2525",parsed,false
177562727850.pdf,LSG,snap_in,50,3300,22,30,1.76,120,105,0.35,0.141,ohm,0.141,1.22,LSG332M1H--A2230,73,2000,105,"3,300 22  x 30  1.76 0.35 0.141 1.22 LSG332M1H--A2230",parsed,false
177562727850.pdf,LSG,snap_in,50,3300,25,25,1.7,120,105,0.35,0.141,ohm,0.141,1.22,LSG332M1H--A2525,74,2000,105,"3,300 25  x 25  1.70 0.35 0.141 1.22 LSG332M1H--A2525",parsed,false
177562727850.pdf,LSG,snap_in,50,3900,22,35,1.97,120,105,0.35,0.119,ohm,0.119,1.32,LSG392M1H--A2235,75,2000,105,"3,900 22  x 35  1.97 0.35 0.119 1.32 LSG392M1H--A2235",parsed,false
177562727850.pdf,LSG,snap_in,50,3900,25,25,1.82,120,105,0.35,0.119,ohm,0.119,1.32,LSG392M1H--A2525,76,2000,105,"3,900 25  x 25  1.82 0.35 0.119 1.32 LSG392M1H--A2525",parsed,false
177562727850.pdf,LSG,snap_in,50,3900,30,25,1.95,120,105,0.35,0.119,ohm,0.119,1.32,LSG392M1H--A3025,77,2000,105,"3,900 30  x 25  1.95 0.35 0.119 1.32 LSG392M1H--A3025",parsed,false
177562727850.pdf,LSG,snap_in,50,4700,22,35,2.01,120,105,0.35,0.099,ohm,0.099,1.45,LSG472M1H--A2235,78,2000,105,"4,700 22  x 35  2.01 0.35 0.099 1.45 LSG472M1H--A2235",parsed,false
177562727850.pdf,LSG,snap_in,50,4700,25,30,2.18,120,105,0.35,0.099,ohm,0.099,1.45,LSG472M1H--A2530,79,2000,105,"4,700 25  x 30  2.18 0.35 0.099 1.45 LSG472M1H--A2530",parsed,false
177562727850.pdf,LSG,snap_in,50,4700,30,25,2.04,120,105,0.35,0.099,ohm,0.099,1.45,LSG472M1H--A3025,80,2000,105,"4,700 30  x 25  2.04 0.35 0.099 1.45 LSG472M1H--A3025",parsed,false
177562727850.pdf,LSG,snap_in,50,4700,35,25,2.48,120,105,0.35,0.099,ohm,0.099,1.45,LSG472M1H--A3525,81,2000,105,"4,700 35  x 25  2.48 0.35 0.099 1.45 LSG472M1H--A3525",parsed,false
177562727850.pdf,LSG,snap_in,50,5600,22,40,2.32,120,105,0.35,0.083,ohm,0.083,1.5,LSG562M1H--A2240,82,2000,105,"5,600 22  x 40  2.32 0.35 0.083 1.50 LSG562M1H--A2240",parsed,false
177562727850.pdf,LSG,snap_in,50,5600,25,35,2.47,120,105,0.35,0.083,ohm,0.083,1.5,LSG562M1H--A2535,83,2000,105,"5,600 25  x 35  2.47 0.35 0.083 1.50 LSG562M1H--A2535",parsed,false
177562727850.pdf,LSG,snap_in,50,5600,30,25,2.33,120,105,0.35,0.083,ohm,0.083,1.5,LSG562M1H--A3025,84,2000,105,"5,600 30  x 25  2.33 0.35 0.083 1.50 LSG562M1H--A3025",parsed,false
177562727850.pdf,LSG,snap_in,50,6800,22,45,2.7,120,105,0.35,0.068,ohm,0.068,1.5,LSG682M1H--A2245,85,2000,105,"6,800 22  x 45  2.70 0.35 0.068 1.50 LSG682M1H--A2245",parsed,false
177562727850.pdf,LSG,snap_in,50,6800,25,40,2.92,120,105,0.35,0.068,ohm,0.068,1.5,LSG682M1H--A2540,86,2000,105,"6,800 25  x 40  2.92 0.35 0.068 1.50 LSG682M1H--A2540",parsed,false
177562727850.pdf,LSG,snap_in,50,6800,30,30,2.84,120,105,0.35,0.068,ohm,0.068,1.5,LSG682M1H--A3030,87,2000,105,"6,800 30  x 30  2.84 0.35 0.068 1.50 LSG682M1H--A3030",parsed,false
177562727850.pdf,LSG,snap_in,50,6800,35,25,2.91,120,105,0.35,0.068,ohm,0.068,1.5,LSG682M1H--A3525,88,2000,105,"6,800 35  x 25  2.91 0.35 0.068 1.50 LSG682M1H--A3525",parsed,false
177562727850.pdf,LSG,snap_in,50,8200,25,45,3.13,120,105,0.35,0.057,ohm,0.057,1.5,LSG822M1H--A2545,89,2000,105,"8,200 25  x 45  3.13 0.35 0.057 1.50 LSG822M1H--A2545",parsed,false
177562727850.pdf,LSG,snap_in,50,8200,30,35,3.13,120,105,0.35,0.057,ohm,0.057,1.5,LSG822M1H--A3035,90,2000,105,"8,200 30  x 35  3.13 0.35 0.057 1.50 LSG822M1H--A3035",parsed,false
177562727850.pdf,LSG,snap_in,50,8200,35,30,3.23,120,105,0.35,0.057,ohm,0.057,1.5,LSG822M1H--A3530,91,2000,105,"8,200 35  x 30  3.23 0.35 0.057 1.50 LSG822M1H--A3530",parsed,false
177562727850.pdf,LSG,snap_in,50,10000,25,50,3.39,120,105,0.35,0.046,ohm,0.046,1.5,LSG103M1H--A2550,92,2000,105,"10,000 25  x 50  3.39 0.35 0.046 1.50 LSG103M1H--A2550",parsed,false
177562727850.pdf,LSG,snap_in,50,10000,30,40,3.55,120,105,0.35,0.046,ohm,0.046,1.5,LSG103M1H--A3040,93,2000,105,"10,000 30  x 40  3.55 0.35 0.046 1.50 LSG103M1H--A3040",parsed,false
177562727850.pdf,LSG,snap_in,50,10000,35,30,3.47,120,105,0.35,0.046,ohm,0.046,1.5,LSG103M1H--A3530,94,2000,105,"10,000 35  x 30  3.47 0.35 0.046 1.50 LSG103M1H--A3530",parsed,false
177562727850.pdf,LSG,snap_in,50,12000,30,45,4.04,120,105,0.35,0.039,ohm,0.039,1.5,LSG123M1H--A3045,95,2000,105,"12,000 30  x 45  4.04 0.35 0.039 1.50 LSG123M1H--A3045",parsed,false
177562727850.pdf,LSG,snap_in,50,12000,35,35,3.98,120,105,0.35,0.039,ohm,0.039,1.5,LSG123M1H--A3535,96,2000,105,"12,000 35  x 35  3.98 0.35 0.039 1.50 LSG123M1H--A3535",parsed,false
177562727850.pdf,LSG,snap_in,50,15000,30,50,4.6,120,105,0.35,0.031,ohm,0.031,1.5,LSG153M1H--A3050,97,2000,105,"15,000 30  x 50  4.60 0.35 0.031 1.50 LSG153M1H--A3050",parsed,false
177562727850.pdf,LSG,snap_in,50,15000,35,45,4.8,120,105,0.35,0.031,ohm,0.031,1.5,LSG153M1H--A3545,98,2000,105,"15,000 35  x 45  4.80 0.35 0.031 1.50 LSG153M1H--A3545",parsed,false
177562727850.pdf,LSG,snap_in,63,1200,22,25,1.19,120,105,0.3,0.332,ohm,0.332,0.82,LSG122M1J--A2225,99,2000,105,"63 1,200 22  x 25  1.19 0.30 0.332 0.82 LSG122M1J--A2225",parsed,false
177562727850.pdf,LSG,snap_in,63,1500,22,25,1.3,120,105,0.3,0.265,ohm,0.265,0.92,LSG152M1J--A2225,100,2000,105,"1,500 22  x 25  1.30 0.30 0.265 0.92 LSG152M1J--A2225",parsed,false
177562727850.pdf,LSG,snap_in,63,1500,25,25,1.38,120,105,0.3,0.265,ohm,0.265,0.92,LSG152M1J--A2525,101,2000,105,"1,500 25  x 25  1.38 0.30 0.265 0.92 LSG152M1J--A2525",parsed,false
177562727850.pdf,LSG,snap_in,63,1800,22,25,1.36,120,105,0.3,0.221,ohm,0.221,1.01,LSG182M1J--A2225,102,2000,105,"1,800 22  x 25  1.36 0.30 0.221 1.01 LSG182M1J--A2225",parsed,false
177562727850.pdf,LSG,snap_in,63,1800,25,25,1.52,120,105,0.3,0.221,ohm,0.221,1.01,LSG182M1J--A2525,103,2000,105,"1,800 25  x 25  1.52 0.30 0.221 1.01 LSG182M1J--A2525",parsed,false
177562727850.pdf,LSG,snap_in,63,2200,22,30,1.55,120,105,0.3,0.181,ohm,0.181,1.12,LSG222M1J--A2230,104,2000,105,"2,200 22  x 30  1.55 0.30 0.181 1.12 LSG222M1J--A2230",parsed,false
177562727850.pdf,LSG,snap_in,63,2200,25,25,1.6,120,105,0.3,0.181,ohm,0.181,1.12,LSG222M1J--A2525,105,2000,105,"2,200 25  x 25  1.60 0.30 0.181 1.12 LSG222M1J--A2525",parsed,false
177562727850.pdf,LSG,snap_in,63,2700,22,35,1.89,120,105,0.3,0.147,ohm,0.147,1.24,LSG272M1J--A2235,106,2000,105,"2,700 22  x 35  1.89 0.30 0.147 1.24 LSG272M1J--A2235",parsed,false
177562727850.pdf,LSG,snap_in,63,2700,25,30,1.9,120,105,0.3,0.147,ohm,0.147,1.24,LSG272M1J--A2530,107,2000,105,"2,700 25  x 30  1.90 0.30 0.147 1.24 LSG272M1J--A2530",parsed,false
177562727850.pdf,LSG,snap_in,63,2700,30,25,1.97,120,105,0.3,0.147,ohm,0.147,1.24,LSG272M1J--A3025,108,2000,105,"2,700 30  x 25  1.97 0.30 0.147 1.24 LSG272M1J--A3025",parsed,false
177562727850.pdf,LSG,snap_in,63,3300,22,40,1.99,120,105,0.3,0.121,ohm,0.121,1.37,LSG332M1J--A2240,109,2000,105,"3,300 22  x 40  1.99 0.30 0.121 1.37 LSG332M1J--A2240",parsed,false
177562727850.pdf,LSG,snap_in,63,3300,25,35,2.06,120,105,0.3,0.121,ohm,0.121,1.37,LSG332M1J--A2535,110,2000,105,"3,300 25  x 35  2.06 0.30 0.121 1.37 LSG332M1J--A2535",parsed,false
177562727850.pdf,LSG,snap_in,63,3300,30,25,2,120,105,0.3,0.121,ohm,0.121,1.37,LSG332M1J--A3025,111,2000,105,"3,300 30  x 25  2.00 0.30 0.121 1.37 LSG332M1J--A3025",parsed,false
177562727850.pdf,LSG,snap_in,63,3300,35,25,2.22,120,105,0.3,0.121,ohm,0.121,1.37,LSG332M1J--A3525,112,2000,105,"3,300 35  x 25  2.22 0.30 0.121 1.37 LSG332M1J--A3525",parsed,false
177562727850.pdf,LSG,snap_in,63,3900,22,45,2.34,120,105,0.3,0.102,ohm,0.102,1.49,LSG392M1J--A2245,113,2000,105,"3,900 22  x 45  2.34 0.30 0.102 1.49 LSG392M1J--A2245",parsed,false
177562727850.pdf,LSG,snap_in,63,3900,25,35,2.2,120,105,0.3,0.102,ohm,0.102,1.49,LSG392M1J--A2535,114,2000,105,"3,900 25  x 35  2.20 0.30 0.102 1.49 LSG392M1J--A2535",parsed,false
177562727850.pdf,LSG,snap_in,63,3900,30,25,2.18,120,105,0.3,0.102,ohm,0.102,1.49,LSG392M1J--A3025,115,2000,105,"3,900 30  x 25  2.18 0.30 0.102 1.49 LSG392M1J--A3025",parsed,false
177562727850.pdf,LSG,snap_in,63,3900,35,25,2.4,120,105,0.3,0.102,ohm,0.102,1.49,LSG392M1J--A3525,116,2000,105,"3,900 35  x 25  2.40 0.30 0.102 1.49 LSG392M1J--A3525",parsed,false
177562727850.pdf,LSG,snap_in,63,4700,22,50,2.58,120,105,0.3,0.085,ohm,0.085,1.5,LSG472M1J--A2250,117,2000,105,"4,700 22  x 50  2.58 0.30 0.085 1.50 LSG472M1J--A2250",parsed,false
177562727850.pdf,LSG,snap_in,63,4700,25,40,2.51,120,105,0.3,0.085,ohm,0.085,1.5,LSG472M1J--A2540,118,2000,105,"4,700 25  x 40  2.51 0.30 0.085 1.50 LSG472M1J--A2540",parsed,false
177562727850.pdf,LSG,snap_in,63,4700,30,30,2.48,120,105,0.3,0.085,ohm,0.085,1.5,LSG472M1J--A3030,119,2000,105,"4,700 30  x 30  2.48 0.30 0.085 1.50 LSG472M1J--A3030",parsed,false
177562727850.pdf,LSG,snap_in,63,4700,35,25,2.54,120,105,0.3,0.085,ohm,0.085,1.5,LSG472M1J--A3525,120,2000,105,"4,700 35  x 25  2.54 0.30 0.085 1.50 LSG472M1J--A3525",parsed,false
177562727850.pdf,LSG,snap_in,63,5600,25,45,2.92,120,105,0.3,0.071,ohm,0.071,1.5,LSG562M1J--A2545,121,2000,105,"5,600 25  x 45  2.92 0.30 0.071 1.50 LSG562M1J--A2545",parsed,false
177562727850.pdf,LSG,snap_in,63,5600,30,35,2.91,120,105,0.3,0.071,ohm,0.071,1.5,LSG562M1J--A3035,122,2000,105,"5,600 30  x 35  2.91 0.30 0.071 1.50 LSG562M1J--A3035",parsed,false
177562727850.pdf,LSG,snap_in,63,5600,35,30,3,120,105,0.3,0.071,ohm,0.071,1.5,LSG562M1J--A3530,123,2000,105,"5,600 35  x 30  3.00 0.30 0.071 1.50 LSG562M1J--A3530",parsed,false
177562727850.pdf,LSG,snap_in,63,6800,30,50,3.65,120,105,0.3,0.059,ohm,0.059,1.5,LSG682M1J--A3050,124,2000,105,"6,800 30  x 50  3.65 0.30 0.059 1.50 LSG682M1J--A3050",parsed,false
177562727850.pdf,LSG,snap_in,63,6800,35,30,3.3,120,105,0.3,0.059,ohm,0.059,1.5,LSG682M1J--A3530,125,2000,105,"6,800 35  x 30  3.30 0.30 0.059 1.50 LSG682M1J--A3530",parsed,false
177562727850.pdf,LSG,snap_in,63,8200,30,45,3.57,120,105,0.3,0.049,ohm,0.049,1.5,LSG822M1J--A3045,126,2000,105,"63 8,200 30  x 45  3.57 0.30 0.049 1.50 LSG822M1J--A3045",parsed,false
177562727850.pdf,LSG,snap_in,63,8200,35,35,3.52,120,105,0.3,0.049,ohm,0.049,1.5,LSG822M1J--A3535,127,2000,105,"8,200 35  x 35  3.52 0.30 0.049 1.50 LSG822M1J--A3535",parsed,false
177562727850.pdf,LSG,snap_in,63,10000,35,40,3.9,120,105,0.3,0.04,ohm,0.04,1.5,LSG103M1J--A3540,128,2000,105,"10,000 35  x 40  3.90 0.30 0.040 1.50 LSG103M1J--A3540",parsed,false
177562727850.pdf,LSG,snap_in,63,12000,35,45,4.5,120,105,0.3,0.033,ohm,0.033,1.5,LSG123M1J--A3545,129,2000,105,"12,000 35  x 45  4.50 0.30 0.033 1.50 LSG123M1J--A3545",parsed,false
177562727850.pdf,LSG,snap_in,80,1000,22,25,1.05,120,105,0.25,0.332,ohm,0.332,0.85,LSG102M1K--A2225,130,2000,105,"80 1,000 22  x 25  1.05 0.25 0.332 0.85 LSG102M1K--A2225",parsed,false
177562727850.pdf,LSG,snap_in,80,1200,22,30,1.24,120,105,0.25,0.276,ohm,0.276,0.93,LSG122M1K--A2230,131,2000,105,"1,200 22  x 30  1.24  0.25 0.276 0.93 LSG122M1K--A2230",parsed,false
177562727850.pdf,LSG,snap_in,80,1500,22,35,1.48,120,105,0.25,0.221,ohm,0.221,1.04,LSG152M1K--A2235,132,2000,105,"1,500 22  x 35  1.48  0.25 0.221 1.04 LSG152M1K--A2235",parsed,false
177562727850.pdf,LSG,snap_in,80,1500,25,25,1.38,120,105,0.25,0.221,ohm,0.221,1.04,LSG152M1K--A2525,133,2000,105,"1,500 25  x 25  1.38  0.25 0.221 1.04 LSG152M1K--A2525",parsed,false
177562727850.pdf,LSG,snap_in,80,1800,22,40,1.72,120,105,0.25,0.184,ohm,0.184,1.14,LSG182M1K--A2240,134,2000,105,"1,800 22  x 40  1.72  0.25 0.184 1.14 LSG182M1K--A2240",parsed,false
177562727850.pdf,LSG,snap_in,80,1800,25,30,1.63,120,105,0.25,0.184,ohm,0.184,1.14,LSG182M1K--A2530,135,2000,105,"1,800 25  x 30  1.63  0.25 0.184 1.14 LSG182M1K--A2530",parsed,false
177562727850.pdf,LSG,snap_in,80,2200,22,45,1.82,120,105,0.25,0.151,ohm,0.151,1.26,LSG222M1K--A2245,136,2000,105,"2,200 22  x 45  1.82  0.25 0.151 1.26 LSG222M1K--A2245",parsed,false
177562727850.pdf,LSG,snap_in,80,2200,25,30,1.65,120,105,0.25,0.151,ohm,0.151,1.26,LSG222M1K--A2530,137,2000,105,"2,200 25  x 30  1.65  0.25 0.151 1.26 LSG222M1K--A2530",parsed,false
177562727850.pdf,LSG,snap_in,80,2700,25,45,2.17,120,105,0.25,0.123,ohm,0.123,1.39,LSG272M1K--A2545,138,2000,105,"2,700 25  x 45  2.17  0.25 0.123 1.39 LSG272M1K--A2545",parsed,false
177562727850.pdf,LSG,snap_in,80,2700,30,30,2.03,120,105,0.25,0.123,ohm,0.123,1.39,LSG272M1K--A3030,139,2000,105,"2,700 30  x 30  2.03  0.25 0.123 1.39 LSG272M1K--A3030",parsed,false
177562727850.pdf,LSG,snap_in,80,3300,25,50,2.51,120,105,0.25,0.101,ohm,0.101,1.5,LSG332M1K--A2550,140,2000,105,"3,300 25  x 50  2.51  0.25 0.101 1.50 LSG332M1K--A2550",parsed,false
177562727850.pdf,LSG,snap_in,80,3300,35,25,2.3,120,105,0.25,0.101,ohm,0.101,1.5,LSG332M1K--A3525,141,2000,105,"3,300 35  x 25  2.30  0.25 0.101 1.50 LSG332M1K--A3525",parsed,false
177562727850.pdf,LSG,snap_in,80,3900,30,45,2.89,120,105,0.25,0.085,ohm,0.085,1.5,LSG392M1K--A3045,142,2000,105,"3,900 30  x 45  2.89  0.25 0.085 1.50 LSG392M1K--A3045",parsed,false
177562727850.pdf,LSG,snap_in,80,3900,35,30,2.68,120,105,0.25,0.085,ohm,0.085,1.5,LSG392M1K--A3530,143,2000,105,"3,900 35  x 30  2.68  0.25 0.085 1.50 LSG392M1K--A3530",parsed,false
177562727850.pdf,LSG,snap_in,80,4700,30,50,2.97,120,105,0.25,0.071,ohm,0.071,1.5,LSG472M1K--A3050,144,2000,105,"4,700 30  x 50  2.97  0.25 0.071 1.50 LSG472M1K--A3050",parsed,false
177562727850.pdf,LSG,snap_in,80,4700,35,30,2.64,120,105,0.25,0.071,ohm,0.071,1.5,LSG472M1K--A3530,145,2000,105,"4,700 35  x 30  2.64  0.25 0.071 1.50 LSG472M1K--A3530",parsed,false
177562727850.pdf,LSG,snap_in,80,5600,30,45,3.1,120,105,0.25,0.059,ohm,0.059,1.5,LSG562M1K--A3045,146,2000,105,"5,600 30  x 45  3.10  0.25 0.059 1.50 LSG562M1K--A3045",parsed,false
177562727850.pdf,LSG,snap_in,80,5600,35,45,3.39,120,105,0.25,0.059,ohm,0.059,1.5,LSG562M1K--A3545,147,2000,105,"5,600 35  x 45  3.39  0.25 0.059 1.50 LSG562M1K--A3545",parsed,false
177562727850.pdf,LSG,snap_in,80,6800,35,40,3.56,120,105,0.25,0.049,ohm,0.049,1.5,LSG682M1K--A3540,148,2000,105,"6,800 35  x 40  3.56  0.25 0.049 1.50 LSG682M1K--A3540",parsed,false
177562727850.pdf,LSG,snap_in,80,6800,35,50,3.9,120,105,0.25,0.049,ohm,0.049,1.5,LSG682M1K--A3550,149,2000,105,"6,800 35  x 50  3.90  0.25 0.049 1.50 LSG682M1K--A3550",parsed,false
177562727850.pdf,LSG,snap_in,100,820,22,30,1.14,120,105,0.2,0.324,ohm,0.324,0.86,LSG821M2A--A2230,150,2000,105,100 820 22  x 30  1.14 0.20 0.324 0.86 LSG821M2A--A2230,parsed,false
177562727850.pdf,LSG,snap_in,100,1000,22,30,1.26,120,105,0.2,0.265,ohm,0.265,0.95,LSG102M2A--A2230,151,2000,105,"1,000 22  x 30  1.26 0.20 0.265 0.95 LSG102M2A--A2230",parsed,false
177562727850.pdf,LSG,snap_in,100,1200,22,35,1.55,120,105,0.2,0.221,ohm,0.221,1.04,LSG122M2A--A2235,152,2000,105,"1,200 22  x 35  1.55 0.20 0.221 1.04 LSG122M2A--A2235",parsed,false
177562727850.pdf,LSG,snap_in,100,1200,25,30,1.56,120,105,0.2,0.221,ohm,0.221,1.04,LSG122M2A--A2530,153,2000,105,"1,200 25  x 30  1.56 0.20 0.221 1.04 LSG122M2A--A2530",parsed,false
177562727850.pdf,LSG,snap_in,100,1200,30,25,1.68,120,105,0.2,0.221,ohm,0.221,1.04,LSG122M2A--A3025,154,2000,105,"1,200 30  x 25  1.68 0.20 0.221 1.04 LSG122M2A--A3025",parsed,false
177562727850.pdf,LSG,snap_in,100,1500,22,40,1.78,120,105,0.2,0.177,ohm,0.177,1.16,LSG152M2A--A2240,155,2000,105,"1,500 22  x 40  1.78 0.20 0.177 1.16 LSG152M2A--A2240",parsed,false
177562727850.pdf,LSG,snap_in,100,1500,25,35,1.8,120,105,0.2,0.177,ohm,0.177,1.16,LSG152M2A--A2535,156,2000,105,"1,500 25  x 35  1.80 0.20 0.177 1.16 LSG152M2A--A2535",parsed,false
177562727850.pdf,LSG,snap_in,100,1500,30,25,1.76,120,105,0.2,0.177,ohm,0.177,1.16,LSG152M2A--A3025,157,2000,105,"1,500 30  x 25  1.76 0.20 0.177 1.16 LSG152M2A--A3025",parsed,false
177562727850.pdf,LSG,snap_in,100,1500,35,25,1.98,120,105,0.2,0.177,ohm,0.177,1.16,LSG152M2A--A3525,158,2000,105,"1,500 35  x 25  1.98 0.20 0.177 1.16 LSG152M2A--A3525",parsed,false
177562727850.pdf,LSG,snap_in,100,1800,22,45,1.99,120,105,0.2,0.147,ohm,0.147,1.27,LSG182M2A--A2245,159,2000,105,"1,800 22  x 45  1.99 0.20 0.147 1.27 LSG182M2A--A2245",parsed,false
177562727850.pdf,LSG,snap_in,100,1800,25,35,1.95,120,105,0.2,0.147,ohm,0.147,1.27,LSG182M2A--A2535,160,2000,105,"1,800 25  x 35  1.95 0.20 0.147 1.27 LSG182M2A--A2535",parsed,false
177562727850.pdf,LSG,snap_in,100,1800,30,30,2.29,120,105,0.2,0.147,ohm,0.147,1.27,LSG182M2A--A3030,161,2000,105,"1,800 30  x 30  2.29 0.20 0.147 1.27 LSG182M2A--A3030",parsed,false
177562727850.pdf,LSG,snap_in,100,1800,35,25,2.34,120,105,0.2,0.147,ohm,0.147,1.27,LSG182M2A--A3525,162,2000,105,"1,800 35  x 25  2.34 0.20 0.147 1.27 LSG182M2A--A3525",parsed,false
177562727850.pdf,LSG,snap_in,100,2200,22,50,2.21,120,105,0.2,0.121,ohm,0.121,1.41,LSG222M2A--A2250,163,2000,105,"2,200 22  x 50  2.21 0.20 0.121 1.41 LSG222M2A--A2250",parsed,false
177562727850.pdf,LSG,snap_in,100,2200,25,40,2.15,120,105,0.2,0.121,ohm,0.121,1.41,LSG222M2A--A2540,164,2000,105,"2,200 25  x 40  2.15 0.20 0.121 1.41 LSG222M2A--A2540",parsed,false
177562727850.pdf,LSG,snap_in,100,2200,30,30,2.12,120,105,0.2,0.121,ohm,0.121,1.41,LSG222M2A--A3030,165,2000,105,"2,200 30  x 30  2.12 0.20 0.121 1.41 LSG222M2A--A3030",parsed,false
177562727850.pdf,LSG,snap_in,100,2200,35,25,2.27,120,105,0.2,0.121,ohm,0.121,1.41,LSG222M2A--A3525,166,2000,105,"2,200 35  x 25  2.27 0.20 0.121 1.41 LSG222M2A--A3525",parsed,false
177562727850.pdf,LSG,snap_in,100,2700,25,50,2.59,120,105,0.2,0.098,ohm,0.098,1.5,LSG272M2A--A2550,167,2000,105,"2,700 25  x 50  2.59 0.20 0.098 1.50 LSG272M2A--A2550",parsed,false
177562727850.pdf,LSG,snap_in,100,2700,30,35,2.37,120,105,0.2,0.098,ohm,0.098,1.5,LSG272M2A--A3035,168,2000,105,"2,700 30  x 35  2.37 0.20 0.098 1.50 LSG272M2A--A3035",parsed,false
177562727850.pdf,LSG,snap_in,100,2700,35,30,2.62,120,105,0.2,0.098,ohm,0.098,1.5,LSG272M2A--A3530,169,2000,105,"2,700 35  x 30  2.62 0.20 0.098 1.50 LSG272M2A--A3530",parsed,false
177562727850.pdf,LSG,snap_in,100,3300,30,40,2.77,120,105,0.2,0.08,ohm,0.08,1.5,LSG332M2A--A3040,170,2000,105,"3,300 30  x 40  2.77 0.20 0.080 1.50 LSG332M2A--A3040",parsed,false
177562727850.pdf,LSG,snap_in,100,3300,35,35,2.99,120,105,0.2,0.08,ohm,0.08,1.5,LSG332M2A--A3535,171,2000,105,"3,300 35  x 35  2.99 0.20 0.080 1.50 LSG332M2A--A3535",parsed,false
177562727850.pdf,LSG,snap_in,100,3900,30,45,3.02,120,105,0.2,0.068,ohm,0.068,1.5,LSG392M2A--A3045,172,2000,105,"3,900 30  x 45  3.02 0.20 0.068 1.50 LSG392M2A--A3045",parsed,false
177562727850.pdf,LSG,snap_in,100,3900,35,40,3.35,120,105,0.2,0.068,ohm,0.068,1.5,LSG392M2A--A3540,173,2000,105,"3,900 35  x 40  3.35 0.20 0.068 1.50 LSG392M2A--A3540",parsed,false
177562727850.pdf,LSG,snap_in,100,4700,35,40,3.3,120,105,0.2,0.056,ohm,0.056,1.5,LSG472M2A--A3540,174,2000,105,"4,700 35  x 40  3.30 0.20 0.056 1.50 LSG472M2A--A3540",parsed,false
177562727850.pdf,LSG,snap_in,100,5600,35,45,3.51,120,105,0.2,0.047,ohm,0.047,1.5,LSG562M2A--A3545,175,2000,105,"5,600 35  x 45  3.51 0.20 0.047 1.50 LSG562M2A--A3545",parsed,false
177562727850.pdf,LSG,snap_in,160,270,22,25,0.86,120,105,0.15,0.737,ohm,0.737,0.62,LSG271M2C--A2225,176,2000,105,160 270 22  x 25  0.86 0.15 0.737 0.62 LSG271M2C--A2225,parsed,false
177562727850.pdf,LSG,snap_in,160,330,22,25,1.1,120,105,0.15,0.603,ohm,0.603,0.69,LSG331M2C--A2225,177,2000,105,330 22  x 25  1.10 0.15 0.603 0.69 LSG331M2C--A2225,parsed,false
177562727850.pdf,LSG,snap_in,160,390,22,30,1.22,120,105,0.15,0.51,ohm,0.51,0.75,LSG391M2C--A2230,178,2000,105,390 22  x 30  1.22 0.15 0.510 0.75 LSG391M2C--A2230,parsed,false
177562727850.pdf,LSG,snap_in,160,390,25,25,1.15,120,105,0.15,0.51,ohm,0.51,0.75,LSG391M2C--A2525,179,2000,105,390 25  x 25  1.15 0.15 0.510 0.75 LSG391M2C--A2525,parsed,false
177562727850.pdf,LSG,snap_in,160,470,22,35,1.35,120,105,0.15,0.423,ohm,0.423,0.82,LSG471M2C--A2235,180,2000,105,470 22  x 35  1.35 0.15 0.423 0.82 LSG471M2C--A2235,parsed,false
177562727850.pdf,LSG,snap_in,160,470,25,25,1.33,120,105,0.15,0.423,ohm,0.423,0.82,LSG471M2C--A2525,181,2000,105,470 25  x 25  1.33 0.15 0.423 0.82 LSG471M2C--A2525,parsed,false
177562727850.pdf,LSG,snap_in,160,560,22,40,1.5,120,105,0.15,0.355,ohm,0.355,0.9,LSG561M2C--A2240,182,2000,105,560 22  x 40  1.50 0.15 0.355 0.90 LSG561M2C--A2240,parsed,false
177562727850.pdf,LSG,snap_in,160,560,25,30,1.45,120,105,0.15,0.355,ohm,0.355,0.9,LSG561M2C--A2530,183,2000,105,560 25  x 30  1.45 0.15 0.355 0.90 LSG561M2C--A2530,parsed,false
177562727850.pdf,LSG,snap_in,160,560,30,25,1.4,120,105,0.15,0.355,ohm,0.355,0.9,LSG561M2C--A3025,184,2000,105,560 30  x 25  1.40 0.15 0.355 0.90 LSG561M2C--A3025,parsed,false
177562727850.pdf,LSG,snap_in,160,680,22,45,1.65,120,105,0.15,0.293,ohm,0.293,0.99,LSG681M2C--A2245,185,2000,105,680 22  x 45  1.65 0.15 0.293 0.99 LSG681M2C--A2245,parsed,false
177562727850.pdf,LSG,snap_in,160,680,25,35,1.65,120,105,0.15,0.293,ohm,0.293,0.99,LSG681M2C--A2535,186,2000,105,680 25  x 35  1.65 0.15 0.293 0.99 LSG681M2C--A2535,parsed,false
177562727850.pdf,LSG,snap_in,160,680,30,25,1.65,120,105,0.15,0.293,ohm,0.293,0.99,LSG681M2C--A3025,187,2000,105,680 30  x 25  1.65 0.15 0.293 0.99 LSG681M2C--A3025,parsed,false
177562727850.pdf,LSG,snap_in,160,820,22,50,1.93,120,105,0.15,0.243,ohm,0.243,1.09,LSG821M2C--A2250,188,2000,105,820 22  x 50  1.93 0.15 0.243 1.09 LSG821M2C--A2250,parsed,false
177562727850.pdf,LSG,snap_in,160,820,25,40,1.85,120,105,0.15,0.243,ohm,0.243,1.09,LSG821M2C--A2540,189,2000,105,820 25  x 40  1.85 0.15 0.243 1.09 LSG821M2C--A2540,parsed,false
177562727850.pdf,LSG,snap_in,160,820,30,30,1.76,120,105,0.15,0.243,ohm,0.243,1.09,LSG821M2C--A3030,190,2000,105,160 820 30  x 30  1.76 0.15 0.243 1.09 LSG821M2C--A3030,parsed,false
177562727850.pdf,LSG,snap_in,160,820,35,25,1.91,120,105,0.15,0.243,ohm,0.243,1.09,LSG821M2C--A3525,191,2000,105,820 35  x 25  1.91 0.15 0.243 1.09 LSG821M2C--A3525,parsed,false
177562727850.pdf,LSG,snap_in,160,1000,25,45,2.2,120,105,0.15,0.199,ohm,0.199,1.2,LSG102M2C--A2545,192,2000,105,"1,000 25  x 45  2.20 0.15 0.199 1.20 LSG102M2C--A2545",parsed,false
177562727850.pdf,LSG,snap_in,160,1000,30,35,2.02,120,105,0.15,0.199,ohm,0.199,1.2,LSG102M2C--A3035,193,2000,105,"1,000 30  x 35  2.02 0.15 0.199 1.20 LSG102M2C--A3035",parsed,false
177562727850.pdf,LSG,snap_in,160,1000,35,30,2.44,120,105,0.15,0.199,ohm,0.199,1.2,LSG102M2C--A3530,194,2000,105,"1,000 35  x 30  2.44 0.15 0.199 1.20 LSG102M2C--A3530",parsed,false
177562727850.pdf,LSG,snap_in,160,1200,25,50,2.45,120,105,0.15,0.166,ohm,0.166,1.31,LSG122M2C--A2550,195,2000,105,"1,200 25  x 50  2.45 0.15 0.166 1.31 LSG122M2C--A2550",parsed,false
177562727850.pdf,LSG,snap_in,160,1200,30,40,2.35,120,105,0.15,0.166,ohm,0.166,1.31,LSG122M2C--A3040,196,2000,105,"1,200 30  x 40  2.35 0.15 0.166 1.31 LSG122M2C--A3040",parsed,false
177562727850.pdf,LSG,snap_in,160,1200,35,35,2.5,120,105,0.15,0.166,ohm,0.166,1.31,LSG122M2C--A3535,197,2000,105,"1,200 35  x 35  2.50 0.15 0.166 1.31 LSG122M2C--A3535",parsed,false
177562727850.pdf,LSG,snap_in,160,1500,30,45,2.82,120,105,0.15,0.133,ohm,0.133,1.47,LSG152M2C--A3045,198,2000,105,"1,500 30  x 45  2.82 0.15 0.133 1.47 LSG152M2C--A3045",parsed,false
177562727850.pdf,LSG,snap_in,160,1500,35,40,2.7,120,105,0.15,0.133,ohm,0.133,1.47,LSG152M2C--A3540,199,2000,105,"1,500 35  x 40  2.70 0.15 0.133 1.47 LSG152M2C--A3540",parsed,false
177562727850.pdf,LSG,snap_in,160,1800,30,50,3.31,120,105,0.15,0.111,ohm,0.111,1.5,LSG182M2C--A3050,200,2000,105,"1,800 30  x 50  3.31 0.15 0.111 1.50 LSG182M2C--A3050",parsed,false
177562727850.pdf,LSG,snap_in,160,1800,35,45,2.85,120,105,0.15,0.111,ohm,0.111,1.5,LSG182M2C--A3545,201,2000,105,"1,800 35  x 45  2.85 0.15 0.111 1.50 LSG182M2C--A3545",parsed,false
177562727850.pdf,LSG,snap_in,200,270,22,25,0.95,120,105,0.15,0.737,ohm,0.737,0.7,LSG271M2D--A2225,202,2000,105,200 270 22  x 25  0.95 0.15 0.737 0.70 LSG271M2D--A2225,parsed,false
177562727850.pdf,LSG,snap_in,200,330,22,30,1.13,120,105,0.15,0.603,ohm,0.603,0.77,LSG331M2D--A2230,203,2000,105,330 22  x 30  1.13 0.15 0.603 0.77 LSG331M2D--A2230,parsed,false
177562727850.pdf,LSG,snap_in,200,330,25,25,1.13,120,105,0.15,0.603,ohm,0.603,0.77,LSG331M2D--A2525,204,2000,105,330 25  x 25  1.13 0.15 0.603 0.77 LSG331M2D--A2525,parsed,false
177562727850.pdf,LSG,snap_in,200,390,22,35,1.25,120,105,0.15,0.51,ohm,0.51,0.84,LSG391M2D--A2235,205,2000,105,390 22  x 35  1.25 0.15 0.510 0.84 LSG391M2D--A2235,parsed,false
177562727850.pdf,LSG,snap_in,200,390,25,30,1.21,120,105,0.15,0.51,ohm,0.51,0.84,LSG391M2D--A2530,206,2000,105,390 25  x 30  1.21 0.15 0.510 0.84 LSG391M2D--A2530,parsed,false
177562727850.pdf,LSG,snap_in,200,390,30,25,1.2,120,105,0.15,0.51,ohm,0.51,0.84,LSG391M2D--A3025,207,2000,105,390 30  x 25  1.20 0.15 0.510 0.84 LSG391M2D--A3025,parsed,false
177562727850.pdf,LSG,snap_in,200,470,22,35,1.23,120,105,0.15,0.423,ohm,0.423,0.92,LSG471M2D--A2235,208,2000,105,470 22  x 35  1.23 0.15 0.423 0.92 LSG471M2D--A2235,parsed,false
177562727850.pdf,LSG,snap_in,200,470,25,30,1.32,120,105,0.15,0.423,ohm,0.423,0.92,LSG471M2D--A2530,209,2000,105,470 25  x 30  1.32 0.15 0.423 0.92 LSG471M2D--A2530,parsed,false
177562727850.pdf,LSG,snap_in,200,470,30,25,1.5,120,105,0.15,0.423,ohm,0.423,0.92,LSG471M2D--A3025,210,2000,105,470 30  x 25  1.50 0.15 0.423 0.92 LSG471M2D--A3025,parsed,false
177562727850.pdf,LSG,snap_in,200,560,22,40,1.43,120,105,0.15,0.355,ohm,0.355,1,LSG561M2D--A2240,211,2000,105,560 22  x 40  1.43 0.15 0.355 1.00 LSG561M2D--A2240,parsed,false
177562727850.pdf,LSG,snap_in,200,560,25,35,1.5,120,105,0.15,0.355,ohm,0.355,1,LSG561M2D--A2535,212,2000,105,560 25  x 35  1.50 0.15 0.355 1.00 LSG561M2D--A2535,parsed,false
177562727850.pdf,LSG,snap_in,200,560,30,30,1.52,120,105,0.15,0.355,ohm,0.355,1,LSG561M2D--A3030,213,2000,105,560 30  x 30  1.52 0.15 0.355 1.00 LSG561M2D--A3030,parsed,false
177562727850.pdf,LSG,snap_in,200,560,35,25,1.49,120,105,0.15,0.355,ohm,0.355,1,LSG561M2D--A3525,214,2000,105,560 35  x 25  1.49 0.15 0.355 1.00 LSG561M2D--A3525,parsed,false
177562727850.pdf,LSG,snap_in,200,680,22,50,1.74,120,105,0.15,0.293,ohm,0.293,1.11,LSG681M2D--A2250,215,2000,105,680 22  x 50  1.74 0.15 0.293 1.11 LSG681M2D--A2250,parsed,false
177562727850.pdf,LSG,snap_in,200,680,25,40,1.7,120,105,0.15,0.293,ohm,0.293,1.11,LSG681M2D--A2540,216,2000,105,680 25  x 40  1.70 0.15 0.293 1.11 LSG681M2D--A2540,parsed,false
177562727850.pdf,LSG,snap_in,200,680,30,30,1.58,120,105,0.15,0.293,ohm,0.293,1.11,LSG681M2D--A3030,217,2000,105,680 30  x 30  1.58 0.15 0.293 1.11 LSG681M2D--A3030,parsed,false
177562727850.pdf,LSG,snap_in,200,680,35,25,1.72,120,105,0.15,0.293,ohm,0.293,1.11,LSG681M2D--A3525,218,2000,105,680 35  x 25  1.72 0.15 0.293 1.11 LSG681M2D--A3525,parsed,false
177562727850.pdf,LSG,snap_in,200,820,25,45,1.85,120,105,0.15,0.243,ohm,0.243,1.21,LSG821M2D--A2545,219,2000,105,820 25  x 45  1.85 0.15 0.243 1.21 LSG821M2D--A2545,parsed,false
177562727850.pdf,LSG,snap_in,200,820,30,35,1.85,120,105,0.15,0.243,ohm,0.243,1.21,LSG821M2D--A3035,220,2000,105,820 30  x 35  1.85 0.15 0.243 1.21 LSG821M2D--A3035,parsed,false
177562727850.pdf,LSG,snap_in,200,820,35,30,1.9,120,105,0.15,0.243,ohm,0.243,1.21,LSG821M2D--A3530,221,2000,105,820 35  x 30  1.90 0.15 0.243 1.21 LSG821M2D--A3530,parsed,false
177562727850.pdf,LSG,snap_in,200,1000,25,55,2.13,120,105,0.15,0.199,ohm,0.199,1.34,LSG102M2D--A2555,222,2000,105,"1,000 25  x 55  2.13 0.15 0.199 1.34 LSG102M2D--A2555",parsed,false
177562727850.pdf,LSG,snap_in,200,1000,30,40,2.06,120,105,0.15,0.199,ohm,0.199,1.34,LSG102M2D--A3040,223,2000,105,"1,000 30  x 40  2.06 0.15 0.199 1.34 LSG102M2D--A3040",parsed,false
177562727850.pdf,LSG,snap_in,200,1000,35,30,2.01,120,105,0.15,0.199,ohm,0.199,1.34,LSG102M2D--A3530,224,2000,105,"1,000 35  x 30  2.01 0.15 0.199 1.34 LSG102M2D--A3530",parsed,false
177562727850.pdf,LSG,snap_in,200,1200,30,45,2.37,120,105,0.15,0.166,ohm,0.166,1.47,LSG122M2D--A3045,225,2000,105,"1,200 30  x 45  2.37 0.15 0.166 1.47 LSG122M2D--A3045",parsed,false
177562727850.pdf,LSG,snap_in,200,1200,35,35,2.34,120,105,0.15,0.166,ohm,0.166,1.47,LSG122M2D--A3535,226,2000,105,"1,200 35  x 35  2.34 0.15 0.166 1.47 LSG122M2D--A3535",parsed,false
177562727850.pdf,LSG,snap_in,200,1500,30,50,2.77,120,105,0.15,0.133,ohm,0.133,1.5,LSG152M2D--A3050,227,2000,105,"1,500 30  x 50  2.77 0.15 0.133 1.50 LSG152M2D--A3050",parsed,false
177562727850.pdf,LSG,snap_in,200,1500,35,40,2.76,120,105,0.15,0.133,ohm,0.133,1.5,LSG152M2D--A3540,228,2000,105,"1,500 35  x 40  2.76 0.15 0.133 1.50 LSG152M2D--A3540",parsed,false
177562727850.pdf,LSG,snap_in,200,1800,35,45,3.17,120,105,0.15,0.111,ohm,0.111,1.5,LSG182M2D--A3545,229,2000,105,"1,800 35  x 45  3.17 0.15 0.111 1.50 LSG182M2D--A3545",parsed,false
177562727850.pdf,LSG,snap_in,200,2200,35,55,3.82,120,105,0.15,0.09,ohm,0.09,1.5,LSG222M2D--A3555,230,2000,105,"2,200 35  x 55  3.82 0.15 0.090 1.50 LSG222M2D--A3555",parsed,false
177562727850.pdf,LSG,snap_in,200,2700,40,50,4.39,120,105,0.15,0.074,ohm,0.074,1.5,LSG272M2D--A4050,231,2000,105,"2,700 40  x 50  4.39 0.15 0.074 1.50 LSG272M2D--A4050",parsed,false
177562727850.pdf,LSG,snap_in,250,180,22,25,0.78,120,105,0.15,1.106,ohm,1.106,0.64,LSG181M2E--A2225,232,2000,105,250 180 22  x 25  0.78 0.15 1.106 0.64 LSG181M2E--A2225,parsed,false
177562727850.pdf,LSG,snap_in,250,220,22,30,0.85,120,105,0.15,0.905,ohm,0.905,0.7,LSG221M2E--A2230,233,2000,105,220 22  x 30  0.85 0.15 0.905 0.70 LSG221M2E--A2230,parsed,false
177562727850.pdf,LSG,snap_in,250,220,25,25,0.9,120,105,0.15,0.905,ohm,0.905,0.7,LSG221M2E--A2525,234,2000,105,220 25  x 25  0.90 0.15 0.905 0.70 LSG221M2E--A2525,parsed,false
177562727850.pdf,LSG,snap_in,250,270,22,30,0.91,120,105,0.15,0.737,ohm,0.737,0.78,LSG271M2E--A2230,235,2000,105,270 22  x 30  0.91 0.15 0.737 0.78 LSG271M2E--A2230,parsed,false
177562727850.pdf,LSG,snap_in,250,270,25,25,0.91,120,105,0.15,0.737,ohm,0.737,0.78,LSG271M2E--A2525,236,2000,105,270 25  x 25  0.91 0.15 0.737 0.78 LSG271M2E--A2525,parsed,false
177562727850.pdf,LSG,snap_in,250,270,30,25,1.01,120,105,0.15,0.737,ohm,0.737,0.78,LSG271M2E--A3025,237,2000,105,270 30  x 25  1.01 0.15 0.737 0.78 LSG271M2E--A3025,parsed,false
177562727850.pdf,LSG,snap_in,250,330,22,35,1.03,120,105,0.15,0.603,ohm,0.603,0.86,LSG331M2E--A2235,238,2000,105,330 22  x 35  1.03 0.15 0.603 0.86 LSG331M2E--A2235,parsed,false
177562727850.pdf,LSG,snap_in,250,330,25,30,1.13,120,105,0.15,0.603,ohm,0.603,0.86,LSG331M2E--A2530,239,2000,105,330 25  x 30  1.13 0.15 0.603 0.86 LSG331M2E--A2530,parsed,false
177562727850.pdf,LSG,snap_in,250,330,30,25,1.05,120,105,0.15,0.603,ohm,0.603,0.86,LSG331M2E--A3025,240,2000,105,330 30  x 25  1.05 0.15 0.603 0.86 LSG331M2E--A3025,parsed,false
177562727850.pdf,LSG,snap_in,250,390,22,40,1.13,120,105,0.15,0.51,ohm,0.51,0.94,LSG391M2E--A2240,241,2000,105,390 22  x 40  1.13 0.15 0.510 0.94 LSG391M2E--A2240,parsed,false
177562727850.pdf,LSG,snap_in,250,390,25,35,1.27,120,105,0.15,0.51,ohm,0.51,0.94,LSG391M2E--A2535,242,2000,105,390 25  x 35  1.27 0.15 0.510 0.94 LSG391M2E--A2535,parsed,false
177562727850.pdf,LSG,snap_in,250,390,30,25,1.11,120,105,0.15,0.51,ohm,0.51,0.94,LSG391M2E--A3025,243,2000,105,390 30  x 25  1.11 0.15 0.510 0.94 LSG391M2E--A3025,parsed,false
177562727850.pdf,LSG,snap_in,250,470,22,45,1.31,120,105,0.15,0.423,ohm,0.423,1.03,LSG471M2E--A2245,244,2000,105,470 22  x 45  1.31 0.15 0.423 1.03 LSG471M2E--A2245,parsed,false
177562727850.pdf,LSG,snap_in,250,470,25,40,1.49,120,105,0.15,0.423,ohm,0.423,1.03,LSG471M2E--A2540,245,2000,105,470 25  x 40  1.49 0.15 0.423 1.03 LSG471M2E--A2540,parsed,false
177562727850.pdf,LSG,snap_in,250,470,30,30,1.37,120,105,0.15,0.423,ohm,0.423,1.03,LSG471M2E--A3030,246,2000,105,470 30  x 30  1.37 0.15 0.423 1.03 LSG471M2E--A3030,parsed,false
177562727850.pdf,LSG,snap_in,250,470,35,25,1.17,120,105,0.15,0.423,ohm,0.423,1.03,LSG471M2E--A3525,247,2000,105,470 35  x 25  1.17 0.15 0.423 1.03 LSG471M2E--A3525,parsed,false
177562727850.pdf,LSG,snap_in,250,560,25,45,1.79,120,105,0.15,0.355,ohm,0.355,1.12,LSG561M2E--A2545,248,2000,105,560 25  x 45  1.79 0.15 0.355 1.12 LSG561M2E--A2545,parsed,false
177562727850.pdf,LSG,snap_in,250,560,30,35,1.58,120,105,0.15,0.355,ohm,0.355,1.12,LSG561M2E--A3035,249,2000,105,560 30  x 35  1.58 0.15 0.355 1.12 LSG561M2E--A3035,parsed,false
177562727850.pdf,LSG,snap_in,250,560,35,25,1.61,120,105,0.15,0.355,ohm,0.355,1.12,LSG561M2E--A3525,250,2000,105,560 35  x 25  1.61 0.15 0.355 1.12 LSG561M2E--A3525,parsed,false
177562727850.pdf,LSG,snap_in,250,680,25,50,1.77,120,105,0.15,0.293,ohm,0.293,1.24,LSG681M2E--A2550,251,2000,105,680 25  x 50  1.77 0.15 0.293 1.24 LSG681M2E--A2550,parsed,false
177562727850.pdf,LSG,snap_in,250,680,30,40,2,120,105,0.15,0.293,ohm,0.293,1.24,LSG681M2E--A3040,252,2000,105,680 30  x 40  2.00 0.15 0.293 1.24 LSG681M2E--A3040,parsed,false
177562727850.pdf,LSG,snap_in,250,680,35,30,1.95,120,105,0.15,0.293,ohm,0.293,1.24,LSG681M2E--A3530,253,2000,105,680 35  x 30  1.95 0.15 0.293 1.24 LSG681M2E--A3530,parsed,false
177562727850.pdf,LSG,snap_in,250,820,30,45,2.3,120,105,0.15,0.243,ohm,0.243,1.36,LSG821M2E--A3045,254,2000,105,250 820 30  x 45  2.30 0.15 0.243 1.36 LSG821M2E--A3045,parsed,false
177562727850.pdf,LSG,snap_in,250,820,35,35,2.27,120,105,0.15,0.243,ohm,0.243,1.36,LSG821M2E--A3535,255,2000,105,820 35  x 35  2.27 0.15 0.243 1.36 LSG821M2E--A3535,parsed,false
177562727850.pdf,LSG,snap_in,250,1000,30,50,2.37,120,105,0.15,0.199,ohm,0.199,1.5,LSG102M2E--A3050,256,2000,105,"1,000 30  x 50  2.37 0.15 0.199 1.50 LSG102M2E--A3050",parsed,false
177562727850.pdf,LSG,snap_in,250,1000,35,40,2.65,120,105,0.15,0.199,ohm,0.199,1.5,LSG102M2E--A3540,257,2000,105,"1,000 35  x 40  2.65 0.15 0.199 1.50 LSG102M2E--A3540",parsed,false
177562727850.pdf,LSG,snap_in,250,1200,30,55,2.71,120,105,0.15,0.166,ohm,0.166,1.5,LSG122M2E--A3055,258,2000,105,"1,200 30  x 55  2.71 0.15 0.166 1.50 LSG122M2E--A3055",parsed,false
177562727850.pdf,LSG,snap_in,250,1200,35,45,3.05,120,105,0.15,0.166,ohm,0.166,1.5,LSG122M2E--A3545,259,2000,105,"1,200 35  x 45  3.05 0.15 0.166 1.50 LSG122M2E--A3545",parsed,false
177562727850.pdf,LSG,snap_in,250,1500,35,50,3.18,120,105,0.15,0.133,ohm,0.133,1.5,LSG152M2E--A3550,260,2000,105,"1,500 35  x 50  3.18 0.15 0.133 1.50 LSG152M2E--A3550",parsed,false
177562727850.pdf,LSG,snap_in,250,1800,35,60,3.76,120,105,0.15,0.111,ohm,0.111,1.5,LSG182M2E--A3560,261,2000,105,"1,800 35  x 60  3.76 0.15 0.111 1.50 LSG182M2E--A3560",parsed,false
177562727850.pdf,LSG,snap_in,250,2200,35,70,4.45,120,105,0.15,0.09,ohm,0.09,1.5,LSG222M2E--A3570,262,2000,105,"2,200 35  x 70  4.45 0.15 0.090 1.50 LSG222M2E--A3570",parsed,false
177562727850.pdf,LSG,snap_in,350,100,22,25,0.58,120,105,0.15,1.99,ohm,1.99,0.56,LSG101M2V--A2225,263,2000,105,350 100 22  x 25  0.58 0.15 1.990 0.56 LSG101M2V--A2225,parsed,false
177562727850.pdf,LSG,snap_in,350,120,22,30,0.69,120,105,0.15,1.659,ohm,1.659,0.61,LSG121M2V--A2230,264,2000,105,120 22  x 30  0.69 0.15 1.659 0.61 LSG121M2V--A2230,parsed,false
177562727850.pdf,LSG,snap_in,350,120,25,25,0.69,120,105,0.15,1.659,ohm,1.659,0.61,LSG121M2V--A2525,265,2000,105,120 25  x 25  0.69 0.15 1.659 0.61 LSG121M2V--A2525,parsed,false
177562727850.pdf,LSG,snap_in,350,150,22,35,0.8,120,105,0.15,1.327,ohm,1.327,0.69,LSG151M2V--A2235,266,2000,105,150 22  x 35  0.80 0.15 1.327 0.69 LSG151M2V--A2235,parsed,false
177562727850.pdf,LSG,snap_in,350,180,25,30,0.82,120,105,0.15,1.106,ohm,1.106,0.75,LSG181M2V--A2530,267,2000,105,180 25  x 30  0.82 0.15 1.106 0.75 LSG181M2V--A2530,parsed,false
177562727850.pdf,LSG,snap_in,350,180,30,25,0.85,120,105,0.15,1.106,ohm,1.106,0.75,LSG181M2V--A3025,268,2000,105,180 30  x 25  0.85 0.15 1.106 0.75 LSG181M2V--A3025,parsed,false
177562727850.pdf,LSG,snap_in,350,220,22,40,0.95,120,105,0.15,0.905,ohm,0.905,0.83,LSG221M2V--A2240,269,2000,105,220 22  x 40  0.95 0.15 0.905 0.83 LSG221M2V--A2240,parsed,false
177562727850.pdf,LSG,snap_in,350,220,25,40,1.04,120,105,0.15,0.905,ohm,0.905,0.83,LSG221M2V--A2540,270,2000,105,220 25  x 40  1.04 0.15 0.905 0.83 LSG221M2V--A2540,parsed,false
177562727850.pdf,LSG,snap_in,350,220,30,30,1.02,120,105,0.15,0.905,ohm,0.905,0.83,LSG221M2V--A3030,271,2000,105,220 30  x 30  1.02 0.15 0.905 0.83 LSG221M2V--A3030,parsed,false
177562727850.pdf,LSG,snap_in,350,220,35,25,1.04,120,105,0.15,0.905,ohm,0.905,0.83,LSG221M2V--A3525,272,2000,105,220 35  x 25  1.04 0.15 0.905 0.83 LSG221M2V--A3525,parsed,false
177562727850.pdf,LSG,snap_in,350,270,25,45,1.17,120,105,0.15,0.737,ohm,0.737,0.92,LSG271M2V--A2545,273,2000,105,270 25  x 45  1.17 0.15 0.737 0.92 LSG271M2V--A2545,parsed,false
177562727850.pdf,LSG,snap_in,350,270,30,35,1.17,120,105,0.15,0.737,ohm,0.737,0.92,LSG271M2V--A3035,274,2000,105,270 30  x 35  1.17 0.15 0.737 0.92 LSG271M2V--A3035,parsed,false
177562727850.pdf,LSG,snap_in,350,270,35,25,1.12,120,105,0.15,0.737,ohm,0.737,0.92,LSG271M2V--A3525,275,2000,105,270 35  x 25  1.12 0.15 0.737 0.92 LSG271M2V--A3525,parsed,false
177562727850.pdf,LSG,snap_in,350,330,25,50,1.2,120,105,0.15,0.603,ohm,0.603,1.02,LSG331M2V--A2550,276,2000,105,330 25  x 50  1.20 0.15 0.603 1.02 LSG331M2V--A2550,parsed,false
177562727850.pdf,LSG,snap_in,350,330,30,35,1.12,120,105,0.15,0.603,ohm,0.603,1.02,LSG331M2V--A3035,277,2000,105,330 30  x 35  1.12 0.15 0.603 1.02 LSG331M2V--A3035,parsed,false
177562727850.pdf,LSG,snap_in,350,330,35,30,1.21,120,105,0.15,0.603,ohm,0.603,1.02,LSG331M2V--A3530,278,2000,105,330 35  x 30  1.21 0.15 0.603 1.02 LSG331M2V--A3530,parsed,false
177562727850.pdf,LSG,snap_in,350,390,30,40,1.29,120,105,0.15,0.51,ohm,0.51,1.11,LSG391M2V--A3040,279,2000,105,390 30  x 40  1.29 0.15 0.510 1.11 LSG391M2V--A3040,parsed,false
177562727850.pdf,LSG,snap_in,350,470,30,45,1.48,120,105,0.15,0.423,ohm,0.423,1.22,LSG471M2V--A3045,280,2000,105,470 30  x 45  1.48 0.15 0.423 1.22 LSG471M2V--A3045,parsed,false
177562727850.pdf,LSG,snap_in,350,470,35,40,1.63,120,105,0.15,0.423,ohm,0.423,1.22,LSG471M2V--A3540,281,2000,105,470 35  x 40  1.63 0.15 0.423 1.22 LSG471M2V--A3540,parsed,false
177562727850.pdf,LSG,snap_in,350,560,35,40,1.69,120,105,0.15,0.355,ohm,0.355,1.33,LSG561M2V--A3540,282,2000,105,560 35  x 40  1.69 0.15 0.355 1.33 LSG561M2V--A3540,parsed,false
177562727850.pdf,LSG,snap_in,350,560,40,30,1.63,120,105,0.15,0.355,ohm,0.355,1.33,LSG561M2V--A4030,283,2000,105,560 40  x 30  1.63 0.15 0.355 1.33 LSG561M2V--A4030,parsed,false
177562727850.pdf,LSG,snap_in,350,680,35,35,1.52,120,105,0.15,0.293,ohm,0.293,1.46,LSG681M2V--A3535,284,2000,105,680 35  x 35  1.52 0.15 0.293 1.46 LSG681M2V--A3535,parsed,false
177562727850.pdf,LSG,snap_in,350,680,40,35,1.58,120,105,0.15,0.293,ohm,0.293,1.46,LSG681M2V--A4035,285,2000,105,680 40  x 35  1.58 0.15 0.293 1.46 LSG681M2V--A4035,parsed,false
177562727850.pdf,LSG,snap_in,350,820,35,50,1.86,120,105,0.15,0.243,ohm,0.243,1.5,LSG821M2V--A3550,286,2000,105,820 35  x 50  1.86 0.15 0.243 1.50 LSG821M2V--A3550,parsed,false
177562727850.pdf,LSG,snap_in,350,820,40,50,2.01,120,105,0.15,0.243,ohm,0.243,1.5,LSG821M2V--A4050,287,2000,105,820 40  x 50  2.01 0.15 0.243 1.50 LSG821M2V--A4050,parsed,false
177562727850.pdf,LSG,snap_in,350,1000,35,60,2.22,120,105,0.15,0.199,ohm,0.199,1.5,LSG102M2V--A3560,288,2000,105,"1,000 35  x 60  2.22 0.15 0.199 1.50 LSG102M2V--A3560",parsed,false
177562727850.pdf,LSG,snap_in,350,1000,40,50,2.21,120,105,0.15,0.199,ohm,0.199,1.5,LSG102M2V--A4050,289,2000,105,"1,000 40  x 50  2.21 0.15 0.199 1.50 LSG102M2V--A4050",parsed,false
177562727850.pdf,LSG,snap_in,350,1200,40,55,2.52,120,105,0.15,0.166,ohm,0.166,1.5,LSG122M2V--A4055,290,2000,105,"1,200 40  x 55  2.52 0.15 0.166 1.50 LSG122M2V--A4055",parsed,false
177562727850.pdf,LSG,snap_in,350,1500,40,65,3.03,120,105,0.15,0.133,ohm,0.133,1.5,LSG152M2V--A4065,291,2000,105,"1,500 40  x 65  3.03 0.15 0.133 1.50 LSG152M2V--A4065",parsed,false
177562727850.pdf,LSG,snap_in,400,100,22,25,0.52,120,105,0.15,1.99,ohm,1.99,0.6,LSG101M2G--A2225,292,2000,105,400 100 22  x 25  0.52 0.15 1.990 0.60 LSG101M2G--A2225,parsed,false
177562727850.pdf,LSG,snap_in,400,120,22,30,0.62,120,105,0.15,1.659,ohm,1.659,0.66,LSG121M2G--A2230,293,2000,105,120 22  x 30  0.62 0.15 1.659 0.66 LSG121M2G--A2230,parsed,false
177562727850.pdf,LSG,snap_in,400,120,25,25,0.61,120,105,0.15,1.659,ohm,1.659,0.66,LSG121M2G--A2525,294,2000,105,120 25  x 25  0.61 0.15 1.659 0.66 LSG121M2G--A2525,parsed,false
177562727850.pdf,LSG,snap_in,400,150,22,35,0.7,120,105,0.15,1.327,ohm,1.327,0.73,LSG151M2G--A2235,295,2000,105,150 22  x 35  0.70 0.15 1.327 0.73 LSG151M2G--A2235,parsed,false
177562727850.pdf,LSG,snap_in,400,150,25,30,0.73,120,105,0.15,1.327,ohm,1.327,0.73,LSG151M2G--A2530,296,2000,105,150 25  x 30  0.73 0.15 1.327 0.73 LSG151M2G--A2530,parsed,false
177562727850.pdf,LSG,snap_in,400,180,22,40,0.81,120,105,0.15,1.106,ohm,1.106,0.8,LSG181M2G--A2240,297,2000,105,180 22  x 40  0.81 0.15 1.106 0.80 LSG181M2G--A2240,parsed,false
177562727850.pdf,LSG,snap_in,400,180,25,35,0.85,120,105,0.15,1.106,ohm,1.106,0.8,LSG181M2G--A2535,298,2000,105,180 25  x 35  0.85 0.15 1.106 0.80 LSG181M2G--A2535,parsed,false
177562727850.pdf,LSG,snap_in,400,180,30,25,0.83,120,105,0.15,1.106,ohm,1.106,0.8,LSG181M2G--A3025,299,2000,105,180 30  x 25  0.83 0.15 1.106 0.80 LSG181M2G--A3025,parsed,false
177562727850.pdf,LSG,snap_in,400,220,22,45,0.94,120,105,0.15,0.905,ohm,0.905,0.89,LSG221M2G--A2245,300,2000,105,220 22  x 45  0.94 0.15 0.905 0.89 LSG221M2G--A2245,parsed,false
177562727850.pdf,LSG,snap_in,400,220,25,40,1,120,105,0.15,0.905,ohm,0.905,0.89,LSG221M2G--A2540,301,2000,105,220 25  x 40  1.00 0.15 0.905 0.89 LSG221M2G--A2540,parsed,false
177562727850.pdf,LSG,snap_in,400,220,30,30,0.99,120,105,0.15,0.905,ohm,0.905,0.89,LSG221M2G--A3030,302,2000,105,220 30  x 30  0.99 0.15 0.905 0.89 LSG221M2G--A3030,parsed,false
177562727850.pdf,LSG,snap_in,400,270,22,55,1.14,120,105,0.15,0.737,ohm,0.737,0.99,LSG271M2G--A2255,303,2000,105,270 22  x 55  1.14 0.15 0.737 0.99 LSG271M2G--A2255,parsed,false
177562727850.pdf,LSG,snap_in,400,270,25,45,1.17,120,105,0.15,0.737,ohm,0.737,0.99,LSG271M2G--A2545,304,2000,105,270 25  x 45  1.17 0.15 0.737 0.99 LSG271M2G--A2545,parsed,false
177562727850.pdf,LSG,snap_in,400,270,30,35,1.16,120,105,0.15,0.737,ohm,0.737,0.99,LSG271M2G--A3035,305,2000,105,270 30  x 35  1.16 0.15 0.737 0.99 LSG271M2G--A3035,parsed,false
177562727850.pdf,LSG,snap_in,400,270,35,25,1.08,120,105,0.15,0.737,ohm,0.737,0.99,LSG271M2G--A3525,306,2000,105,270 35  x 25  1.08 0.15 0.737 0.99 LSG271M2G--A3525,parsed,false
177562727850.pdf,LSG,snap_in,400,330,25,50,1.3,120,105,0.15,0.603,ohm,0.603,1.09,LSG331M2G--A2550,307,2000,105,330 25  x 50  1.30 0.15 0.603 1.09 LSG331M2G--A2550,parsed,false
177562727850.pdf,LSG,snap_in,400,330,30,40,1.36,120,105,0.15,0.603,ohm,0.603,1.09,LSG331M2G--A3040,308,2000,105,330 30  x 40  1.36 0.15 0.603 1.09 LSG331M2G--A3040,parsed,false
177562727850.pdf,LSG,snap_in,400,390,30,45,1.56,120,105,0.15,0.51,ohm,0.51,1.18,LSG391M2G--A3045,309,2000,105,390 30  x 45  1.56 0.15 0.510 1.18 LSG391M2G--A3045,parsed,false
177562727850.pdf,LSG,snap_in,400,390,35,30,1.44,120,105,0.15,0.51,ohm,0.51,1.18,LSG391M2G--A3530,310,2000,105,390 35  x 30  1.44 0.15 0.510 1.18 LSG391M2G--A3530,parsed,false
177562727850.pdf,LSG,snap_in,400,470,30,50,1.72,120,105,0.15,0.423,ohm,0.423,1.3,LSG471M2G--A3050,311,2000,105,470 30  x 50  1.72 0.15 0.423 1.30 LSG471M2G--A3050,parsed,false
177562727850.pdf,LSG,snap_in,400,470,35,40,1.78,120,105,0.15,0.423,ohm,0.423,1.3,LSG471M2G--A3540,312,2000,105,470 35  x 40  1.78 0.15 0.423 1.30 LSG471M2G--A3540,parsed,false
177562727850.pdf,LSG,snap_in,400,560,30,55,1.95,120,105,0.15,0.355,ohm,0.355,1.42,LSG561M2G--A3055,313,2000,105,560 30  x 55  1.95 0.15 0.355 1.42 LSG561M2G--A3055,parsed,false
177562727850.pdf,LSG,snap_in,400,560,35,40,1.86,120,105,0.15,0.355,ohm,0.355,1.42,LSG561M2G--A3540,314,2000,105,560 35  x 40  1.86 0.15 0.355 1.42 LSG561M2G--A3540,parsed,false
177562727850.pdf,LSG,snap_in,400,560,40,35,1.91,120,105,0.15,0.355,ohm,0.355,1.42,LSG561M2G--A4035,315,2000,105,560 40  x 35  1.91 0.15 0.355 1.42 LSG561M2G--A4035,parsed,false
177562727850.pdf,LSG,snap_in,400,680,35,50,2.25,120,105,0.15,0.293,ohm,0.293,1.5,LSG681M2G--A3550,316,2000,105,400 680 35  x 50  2.25 0.15 0.293 1.50 LSG681M2G--A3550,parsed,false
177562727850.pdf,LSG,snap_in,400,680,40,40,2.22,120,105,0.15,0.293,ohm,0.293,1.5,LSG681M2G--A4040,317,2000,105,680 40  x 40  2.22 0.15 0.293 1.50 LSG681M2G--A4040,parsed,false
177562727850.pdf,LSG,snap_in,400,820,35,55,2.58,120,105,0.15,0.243,ohm,0.243,1.5,LSG821M2G--A3555,318,2000,105,820 35  x 55  2.58 0.15 0.243 1.50 LSG821M2G--A3555,parsed,false
177562727850.pdf,LSG,snap_in,400,820,40,50,2.67,120,105,0.15,0.243,ohm,0.243,1.5,LSG821M2G--A4050,319,2000,105,820 40  x 50  2.67 0.15 0.243 1.50 LSG821M2G--A4050,parsed,false
177562727850.pdf,LSG,snap_in,400,1000,35,65,2.9,120,105,0.15,0.243,ohm,0.243,1.5,LSG102M2G--A3565,320,2000,105,"1,000 35  x 65  2.90 0.15 0.243 1.50 LSG102M2G--A3565",parsed,false
177562727850.pdf,LSG,snap_in,400,1000,40,55,2.92,120,105,0.15,0.199,ohm,0.199,1.5,LSG102M2G--A4055,321,2000,105,"1,000 40  x 55  2.92 0.15 0.199 1.50 LSG102M2G--A4055",parsed,false
177562727850.pdf,LSG,snap_in,400,1200,35,75,3.39,120,105,0.15,0.199,ohm,0.199,1.5,LSG122M2G--A3575,322,2000,105,"1,200 35  x 75  3.39 0.15 0.199 1.50 LSG122M2G--A3575",parsed,false
177562727850.pdf,LSG,snap_in,400,1200,40,60,3.31,120,105,0.15,0.166,ohm,0.166,1.5,LSG122M2G--A4060,323,2000,105,"1,200 40  x 60  3.31 0.15 0.166 1.50 LSG122M2G--A4060",parsed,false
177562727850.pdf,LSG,snap_in,400,1500,45,70,4.23,120,105,0.15,0.133,ohm,0.133,1.5,LSG152M2G--A4570,324,2000,105,"1,500 45  x 70  4.23 0.15 0.133 1.50 LSG152M2G--A4570",parsed,false
177562727850.pdf,LSG,snap_in,400,1800,45,80,4.92,120,105,0.15,0.111,ohm,0.111,1.5,LSG182M2G--A4580,325,2000,105,"1,800 45  x 80  4.92 0.15 0.111 1.50 LSG182M2G--A4580",parsed,false
177562727850.pdf,LSG,snap_in,420,82,22,25,0.45,120,105,0.15,2.427,ohm,2.427,0.56,LSG820M2P--A2225,326,2000,105,420 82 22  x 25  0.45 0.15 2.427 0.56 LSG820M2P--A2225,parsed,false
177562727850.pdf,LSG,snap_in,420,100,22,30,0.53,120,105,0.15,1.99,ohm,1.99,0.61,LSG101M2P--A2230,327,2000,105,100 22  x 30  0.53 0.15 1.990 0.61 LSG101M2P--A2230,parsed,false
177562727850.pdf,LSG,snap_in,420,120,22,35,0.62,120,105,0.15,1.659,ohm,1.659,0.67,LSG121M2P--A2235,328,2000,105,120 22  x 35  0.62 0.15 1.659 0.67 LSG121M2P--A2235,parsed,false
177562727850.pdf,LSG,snap_in,420,120,25,25,0.58,120,105,0.15,1.659,ohm,1.659,0.67,LSG121M2P--A2525,329,2000,105,120 25  x 25  0.58  0.15 1.659 0.67 LSG121M2P--A2525,parsed,false
177562727850.pdf,LSG,snap_in,420,150,22,40,0.74,120,105,0.15,1.327,ohm,1.327,0.75,LSG151M2P--A2240,330,2000,105,150 22  x 40  0.74 0.15 1.327 0.75 LSG151M2P--A2240,parsed,false
177562727850.pdf,LSG,snap_in,420,180,22,45,0.85,120,105,0.15,1.106,ohm,1.106,0.82,LSG181M2P--A2245,331,2000,105,180 22  x 45  0.85 0.15 1.106 0.82 LSG181M2P--A2245,parsed,false
177562727850.pdf,LSG,snap_in,420,180,25,30,0.77,120,105,0.15,1.106,ohm,1.106,0.82,LSG181M2P--A2530,332,2000,105,180 25  x 30  0.77  0.15 1.106 0.82 LSG181M2P--A2530,parsed,false
177562727850.pdf,LSG,snap_in,420,220,22,50,1,120,105,0.15,0.905,ohm,0.905,0.91,LSG221M2P--A2250,333,2000,105,220 22  x 50  1.00 0.15 0.905 0.91 LSG221M2P--A2250,parsed,false
177562727850.pdf,LSG,snap_in,420,220,25,40,0.96,120,105,0.15,0.905,ohm,0.905,0.91,LSG221M2P--A2540,334,2000,105,220 25  x 40  0.96  0.15 0.905 0.91 LSG221M2P--A2540,parsed,false
177562727850.pdf,LSG,snap_in,420,220,30,30,0.95,120,105,0.15,0.905,ohm,0.905,0.91,LSG221M2P--A3030,335,2000,105,220 30  x 30  0.95  0.15 0.905 0.91 LSG221M2P--A3030,parsed,false
177562727850.pdf,LSG,snap_in,420,270,22,60,1.2,120,105,0.15,0.737,ohm,0.737,1.01,LSG271M2P--A2260,336,2000,105,270 22  x 60  1.20 0.15 0.737 1.01 LSG271M2P--A2260,parsed,false
177562727850.pdf,LSG,snap_in,420,270,25,50,1.1,120,105,0.15,0.737,ohm,0.737,1.01,LSG271M2P--A2550,337,2000,105,270 25  x 50  1.10 0.15 0.737 1.01 LSG271M2P--A2550,parsed,false
177562727850.pdf,LSG,snap_in,420,270,30,35,1.06,120,105,0.15,0.737,ohm,0.737,1.01,LSG271M2P--A3035,338,2000,105,270 30  x 35  1.06 0.15 0.737 1.01 LSG271M2P--A3035,parsed,false
177562727850.pdf,LSG,snap_in,420,270,35,30,1.09,120,105,0.15,0.737,ohm,0.737,1.01,LSG271M2P--A3530,339,2000,105,270 35  x 30  1.09 0.15 0.737 1.01 LSG271M2P--A3530,parsed,false
177562727850.pdf,LSG,snap_in,420,330,25,55,1.36,120,105,0.15,0.603,ohm,0.603,1.12,LSG331M2P--A2555,340,2000,105,330 25  x 55  1.36 0.15 0.603 1.12 LSG331M2P--A2555,parsed,false
177562727850.pdf,LSG,snap_in,420,330,30,40,1.24,120,105,0.15,0.603,ohm,0.603,1.12,LSG331M2P--A3040,341,2000,105,330 30  x 40  1.24 0.15 0.603 1.12 LSG331M2P--A3040,parsed,false
177562727850.pdf,LSG,snap_in,420,330,35,30,1.21,120,105,0.15,0.603,ohm,0.603,1.12,LSG331M2P--A3530,342,2000,105,330 35  x 30  1.21 0.15 0.603 1.12 LSG331M2P--A3530,parsed,false
177562727850.pdf,LSG,snap_in,420,390,30,45,1.42,120,105,0.15,0.51,ohm,0.51,1.21,LSG391M2P--A3045,343,2000,105,390 30  x 45  1.42 0.15 0.510 1.21 LSG391M2P--A3045,parsed,false
177562727850.pdf,LSG,snap_in,420,390,35,35,1.4,120,105,0.15,0.51,ohm,0.51,1.21,LSG391M2P--A3535,344,2000,105,390 35  x 35  1.40 0.15 0.510 1.21 LSG391M2P--A3535,parsed,false
177562727850.pdf,LSG,snap_in,420,390,40,40,1.6,120,105,0.15,0.51,ohm,0.51,1.21,LSG391M2P--A4040,345,2000,105,390 40  x 40  1.60 0.15 0.510 1.21 LSG391M2P--A4040,parsed,false
177562727850.pdf,LSG,snap_in,420,470,35,40,1.62,120,105,0.15,0.423,ohm,0.423,1.33,LSG471M2P--A3540,346,2000,105,470 35  x 40  1.62 0.15 0.423 1.33 LSG471M2P--A3540,parsed,false
177562727850.pdf,LSG,snap_in,420,470,40,35,1.66,120,105,0.15,0.423,ohm,0.423,1.33,LSG471M2P--A4035,347,2000,105,470 40  x 35  1.66 0.15 0.423 1.33 LSG471M2P--A4035,parsed,false
177562727850.pdf,LSG,snap_in,420,560,35,45,1.77,120,105,0.15,0.355,ohm,0.355,1.45,LSG561M2P--A3545,348,2000,105,560 35  x 45  1.77 0.15 0.355 1.45 LSG561M2P--A3545,parsed,false
177562727850.pdf,LSG,snap_in,420,560,40,40,1.82,120,105,0.15,0.355,ohm,0.355,1.45,LSG561M2P--A4040,349,2000,105,560 40  x 40  1.82 0.15 0.355 1.45 LSG561M2P--A4040,parsed,false
177562727850.pdf,LSG,snap_in,420,680,35,50,2.12,120,105,0.15,0.293,ohm,0.293,1.5,LSG681M2P--A3550,350,2000,105,680 35  x 50  2.12  0.15 0.293 1.50 LSG681M2P--A3550,parsed,false
177562727850.pdf,LSG,snap_in,420,680,40,45,2.11,120,105,0.15,0.293,ohm,0.293,1.5,LSG681M2P--A4045,351,2000,105,680 40  x 45  2.11  0.15 0.293 1.50 LSG681M2P--A4045,parsed,false
177562727850.pdf,LSG,snap_in,420,820,35,60,2.42,120,105,0.15,0.243,ohm,0.243,1.5,LSG821M2P--A3560,352,2000,105,820 35  x 60  2.42  0.15 0.243 1.50 LSG821M2P--A3560,parsed,false
177562727850.pdf,LSG,snap_in,420,820,40,55,2.52,120,105,0.15,0.243,ohm,0.243,1.5,LSG821M2P--A4055,353,2000,105,820 40  x 55  2.52  0.15 0.243 1.50 LSG821M2P--A4055,parsed,false
177562727850.pdf,LSG,snap_in,420,1000,35,70,3.08,120,105,0.15,0.199,ohm,0.199,1.5,LSG102M2P--A3570,354,2000,105,"1,000 35  x 70  3.08  0.15 0.199 1.50 LSG102M2P--A3570",parsed,false
177562727850.pdf,LSG,snap_in,420,1000,40,60,2.88,120,105,0.15,0.199,ohm,0.199,1.5,LSG102M2P--A4060,355,2000,105,"1,000 40  x 60  2.88  0.15 0.199 1.50 LSG102M2P--A4060",parsed,false
177562727850.pdf,LSG,snap_in,420,1200,35,90,3.51,120,105,0.15,0.166,ohm,0.166,1.5,LSG122M2P--A3590,356,2000,105,"1,200 35  x 90  3.51  0.15 0.166 1.50 LSG122M2P--A3590",parsed,false
177562727850.pdf,LSG,snap_in,420,1200,40,70,3.38,120,105,0.15,0.166,ohm,0.166,1.5,LSG122M2P--A4070,357,2000,105,"1,200 40  x 70  3.38  0.15 0.166 1.50 LSG122M2P--A4070",parsed,false
177562727850.pdf,LSG,snap_in,450,82,22,25,0.45,120,105,0.15,2.427,ohm,2.427,0.58,LSG820M2W--A2225,358,2000,105,450 82 22  x 25  0.45 0.15 2.427 0.58 LSG820M2W--A2225,parsed,false
177562727850.pdf,LSG,snap_in,450,100,22,30,0.53,120,105,0.15,1.99,ohm,1.99,0.64,LSG101M2W--A2230,359,2000,105,100 22  x 30  0.53 0.15 1.990 0.64 LSG101M2W--A2230,parsed,false
177562727850.pdf,LSG,snap_in,450,100,25,25,0.51,120,105,0.15,1.99,ohm,1.99,0.64,LSG101M2W--A2525,360,2000,105,100 25  x 25  0.51 0.15 1.990 0.64 LSG101M2W--A2525,parsed,false
177562727850.pdf,LSG,snap_in,450,120,22,35,0.62,120,105,0.15,1.659,ohm,1.659,0.7,LSG121M2W--A2235,361,2000,105,120 22  x 35  0.62 0.15 1.659 0.70 LSG121M2W--A2235,parsed,false
177562727850.pdf,LSG,snap_in,450,150,22,40,0.74,120,105,0.15,1.327,ohm,1.327,0.78,LSG151M2W--A2240,362,2000,105,150 22  x 40  0.74 0.15 1.327 0.78 LSG151M2W--A2240,parsed,false
177562727850.pdf,LSG,snap_in,450,150,25,30,0.7,120,105,0.15,1.327,ohm,1.327,0.78,LSG151M2W--A2530,363,2000,105,150 25  x 30  0.70 0.15 1.327 0.78 LSG151M2W--A2530,parsed,false
177562727850.pdf,LSG,snap_in,450,150,35,25,0.83,120,105,0.15,1.327,ohm,1.327,0.78,LSG151M2W--A3525,364,2000,105,150 35  x 25  0.83 0.15 1.327 0.78 LSG151M2W--A3525,parsed,false
177562727850.pdf,LSG,snap_in,450,180,22,45,0.88,120,105,0.15,1.106,ohm,1.106,0.85,LSG181M2W--A2245,365,2000,105,180 22  x 45  0.88 0.15 1.106 0.85 LSG181M2W--A2245,parsed,false
177562727850.pdf,LSG,snap_in,450,180,25,35,0.82,120,105,0.15,1.106,ohm,1.106,0.85,LSG181M2W--A2535,366,2000,105,180 25  x 35  0.82 0.15 1.106 0.85 LSG181M2W--A2535,parsed,false
177562727850.pdf,LSG,snap_in,450,180,30,25,0.8,120,105,0.15,1.106,ohm,1.106,0.85,LSG181M2W--A3025,367,2000,105,180 30  x 25  0.80 0.15 1.106 0.85 LSG181M2W--A3025,parsed,false
177562727850.pdf,LSG,snap_in,450,220,25,40,0.96,120,105,0.15,0.905,ohm,0.905,0.94,LSG221M2W--A2540,368,2000,105,220 25  x 40  0.96 0.15 0.905 0.94 LSG221M2W--A2540,parsed,false
177562727850.pdf,LSG,snap_in,450,220,30,30,0.95,120,105,0.15,0.905,ohm,0.905,0.94,LSG221M2W--A3030,369,2000,105,220 30  x 30  0.95 0.15 0.905 0.94 LSG221M2W--A3030,parsed,false
177562727850.pdf,LSG,snap_in,450,270,25,50,1.21,120,105,0.15,0.737,ohm,0.737,1.05,LSG271M2W--A2550,370,2000,105,270 25  x 50  1.21 0.15 0.737 1.05 LSG271M2W--A2550,parsed,false
177562727850.pdf,LSG,snap_in,450,270,30,35,1.12,120,105,0.15,0.737,ohm,0.737,1.05,LSG271M2W--A3035,371,2000,105,270 30  x 35  1.12 0.15 0.737 1.05 LSG271M2W--A3035,parsed,false
177562727850.pdf,LSG,snap_in,450,330,25,55,1.35,120,105,0.15,0.603,ohm,0.603,1.16,LSG331M2W--A2555,372,2000,105,330 25  x 55  1.35 0.15 0.603 1.16 LSG331M2W--A2555,parsed,false
177562727850.pdf,LSG,snap_in,450,330,30,40,1.31,120,105,0.15,0.603,ohm,0.603,1.16,LSG331M2W--A3040,373,2000,105,330 30  x 40  1.31 0.15 0.603 1.16 LSG331M2W--A3040,parsed,false
177562727850.pdf,LSG,snap_in,450,330,35,30,1.27,120,105,0.15,0.603,ohm,0.603,1.16,LSG331M2W--A3530,374,2000,105,330 35  x 30  1.27 0.15 0.603 1.16 LSG331M2W--A3530,parsed,false
177562727850.pdf,LSG,snap_in,450,390,30,45,1.49,120,105,0.15,0.51,ohm,0.51,1.26,LSG391M2W--A3045,375,2000,105,390 30  x 45  1.49 0.15 0.510 1.26 LSG391M2W--A3045,parsed,false
177562727850.pdf,LSG,snap_in,450,390,35,35,1.47,120,105,0.15,0.51,ohm,0.51,1.26,LSG391M2W--A3535,376,2000,105,390 35  x 35  1.47 0.15 0.510 1.26 LSG391M2W--A3535,parsed,false
177562727850.pdf,LSG,snap_in,450,390,40,30,1.51,120,105,0.15,0.51,ohm,0.51,1.26,LSG391M2W--A4030,377,2000,105,390 40  x 30  1.51 0.15 0.510 1.26 LSG391M2W--A4030,parsed,false
177562727850.pdf,LSG,snap_in,450,470,30,55,1.79,120,105,0.15,0.423,ohm,0.423,1.38,LSG471M2W--A3055,378,2000,105,450 470 30  x 55  1.79 0.15 0.423 1.38 LSG471M2W--A3055,parsed,false
177562727850.pdf,LSG,snap_in,450,470,35,40,1.71,120,105,0.15,0.423,ohm,0.423,1.38,LSG471M2W--A3540,379,2000,105,470 35  x 40  1.71 0.15 0.423 1.38 LSG471M2W--A3540,parsed,false
177562727850.pdf,LSG,snap_in,450,470,40,35,1.75,120,105,0.15,0.423,ohm,0.423,1.38,LSG471M2W--A4035,380,2000,105,470 40  x 35  1.75 0.15 0.423 1.38 LSG471M2W--A4035,parsed,false
177562727850.pdf,LSG,snap_in,450,560,35,45,1.96,120,105,0.15,0.355,ohm,0.355,1.5,LSG561M2W--A3545,381,2000,105,560 35  x 45  1.96 0.15 0.355 1.50 LSG561M2W--A3545,parsed,false
177562727850.pdf,LSG,snap_in,450,560,40,40,2.02,120,105,0.15,0.355,ohm,0.355,1.5,LSG561M2W--A4040,382,2000,105,560 40  x 40  2.02 0.15 0.355 1.50 LSG561M2W--A4040,parsed,false
177562727850.pdf,LSG,snap_in,450,680,35,55,2.35,120,105,0.15,0.293,ohm,0.293,1.5,LSG681M2W--A3555,383,2000,105,680 35  x 55  2.35 0.15 0.293 1.50 LSG681M2W--A3555,parsed,false
177562727850.pdf,LSG,snap_in,450,680,40,45,2.33,120,105,0.15,0.293,ohm,0.293,1.5,LSG681M2W--A4045,384,2000,105,680 40  x 45  2.33 0.15 0.293 1.50 LSG681M2W--A4045,parsed,false
177562727850.pdf,LSG,snap_in,450,820,40,50,2.68,120,105,0.15,0.243,ohm,0.243,1.5,LSG821M2W--A4050,385,2000,105,820 40  x 50  2.68 0.15 0.243 1.50 LSG821M2W--A4050,parsed,false
177562727850.pdf,LSG,snap_in,450,1000,40,60,3.03,120,105,0.15,0.199,ohm,0.199,1.5,LSG102M2W--A4060,386,2000,105,"1,000 40  x 60  3.03 0.15 0.199 1.50 LSG102M2W--A4060",parsed,false
177562727850.pdf,LSG,snap_in,450,1200,35,90,3.68,120,105,0.15,0.166,ohm,0.166,1.5,LSG122M2W--A3590,387,2000,105,"1,200 35  x 90  3.68 0.15 0.166 1.50 LSG122M2W--A3590",parsed,false
177562727850.pdf,LSG,snap_in,450,1200,40,70,3.54,120,105,0.15,0.166,ohm,0.166,1.5,LSG122M2W--A4070,388,2000,105,"1,200 40  x 70  3.54 0.15 0.166 1.50 LSG122M2W--A4070",parsed,false
177562727850.pdf,LSG,snap_in,450,1500,45,80,4.49,120,105,0.15,0.133,ohm,0.133,1.5,LSG152M2W--A4580,389,2000,105,"1,500 45  x 80  4.49 0.15 0.133 1.50 LSG152M2W--A4580",parsed,false
177562727850.pdf,LSG,snap_in,500,82,22,30,0.75,120,105,0.15,2.427,ohm,2.427,0.61,LSG820M2H--A2230,390,2000,105,500 82 22  x 30  0.75 0.15 2.427 0.61 LSG820M2H--A2230,parsed,false
177562727850.pdf,LSG,snap_in,500,82,25,30,0.81,120,105,0.15,2.427,ohm,2.427,0.61,LSG820M2H--A2530,391,2000,105,82 25  x 30  0.81 0.15 2.427 0.61 LSG820M2H--A2530,parsed,false
177562727850.pdf,LSG,snap_in,500,100,22,40,0.94,120,105,0.15,1.99,ohm,1.99,0.67,LSG101M2H--A2240,392,2000,105,100 22  x 40  0.94 0.15 1.990 0.67 LSG101M2H--A2240,parsed,false
177562727850.pdf,LSG,snap_in,500,100,25,40,1,120,105,0.15,1.99,ohm,1.99,0.67,LSG101M2H--A2540,393,2000,105,100 25  x 40  1.00 0.15 1.990 0.67 LSG101M2H--A2540,parsed,false
177562727850.pdf,LSG,snap_in,500,120,22,50,1.14,120,105,0.15,1.659,ohm,1.659,0.73,LSG121M2H--A2250,394,2000,105,120 22  x 50  1.14 0.15 1.659 0.73 LSG121M2H--A2250,parsed,false
177562727850.pdf,LSG,snap_in,500,120,25,50,1.22,120,105,0.15,1.659,ohm,1.659,0.73,LSG121M2H--A2550,395,2000,105,120 25  x 50  1.22 0.15 1.659 0.73 LSG121M2H--A2550,parsed,false
177562727850.pdf,LSG,snap_in,500,150,22,50,1.27,120,105,0.15,1.327,ohm,1.327,0.82,LSG151M2H--A2250,396,2000,105,150 22  x 50  1.27 0.15 1.327 0.82 LSG151M2H--A2250,parsed,false
177562727850.pdf,LSG,snap_in,500,150,25,55,1.42,120,105,0.15,1.327,ohm,1.327,0.82,LSG151M2H--A2555,397,2000,105,150 25  x 55  1.42 0.15 1.327 0.82 LSG151M2H--A2555,parsed,false
177562727850.pdf,LSG,snap_in,500,180,30,35,1.42,120,105,0.15,1.106,ohm,1.106,0.9,LSG181M2H--A3035,398,2000,105,180 30  x 35  1.42 0.15 1.106 0.90 LSG181M2H--A3035,parsed,false
177562727850.pdf,LSG,snap_in,500,220,30,35,1.57,120,105,0.15,0.905,ohm,0.905,0.99,LSG221M2H--A3035,399,2000,105,220 30  x 35  1.57 0.15 0.905 0.99 LSG221M2H--A3035,parsed,false
177562727850.pdf,LSG,snap_in,500,220,35,40,1.74,120,105,0.15,0.905,ohm,0.905,0.99,LSG221M2H--A3540,400,2000,105,220 35  x 40  1.74 0.15 0.905 0.99 LSG221M2H--A3540,parsed,false
177562727850.pdf,LSG,snap_in,500,270,35,45,2.02,120,105,0.15,0.737,ohm,0.737,1.1,LSG271M2H--A3545,401,2000,105,270 35  x 45  2.02 0.15 0.737 1.10 LSG271M2H--A3545,parsed,false
177562727850.pdf,LSG,snap_in,500,330,35,50,2.45,120,105,0.15,0.603,ohm,0.603,1.22,LSG331M2H--A3550,402,2000,105,330 35  x 50  2.45 0.15 0.603 1.22 LSG331M2H--A3550,parsed,false
177562727850.pdf,LSG,snap_in,500,470,35,60,2.62,120,105,0.15,0.423,ohm,0.423,1.45,LSG471M2H--A3560,403,2000,105,470 35  x 60  2.62 0.15 0.423 1.45 LSG471M2H--A3560,parsed,false
177562727850.pdf,LSG,snap_in,500,680,35,70,3.38,120,105,0.15,0.293,ohm,0.293,1.5,LSG681M2H--A3570,404,2000,105,680 35  x 70  3.38 0.15 0.293 1.50 LSG681M2H--A3570,parsed,false
177562727850.pdf,LSG,snap_in,500,820,40,70,4,120,105,0.15,0.243,ohm,0.243,1.5,LSG821M2H--A4070,405,2000,105,820 40  x 70  4.00 0.15 0.243 1.50 LSG821M2H--A4070,parsed,false
177562727850.pdf,LSG,snap_in,500,1000,40,80,4.68,120,105,0.15,0.199,ohm,0.199,1.5,LSG102M2H--A4080,406,2000,105,"1,000 40  x 80  4.68 0.15 0.199 1.50 LSG102M2H--A4080",parsed,false
177562730870.pdf,LSL,snap_in,160,150,20,15,0.55,120,105,0.15,1.327,ohm,1.327,0.46,LSL151M2C--A2015N,1,2000,105,160 150 20  x 15  0.55 0.15 1.327 0.46 LSL151M2C--A2015N,parsed,false
177562730870.pdf,LSL,snap_in,160,180,22,15,0.65,120,105,0.15,1.106,ohm,1.106,0.5,LSL181M2C--A2215N,2,2000,105,180 22  x 15  0.65 0.15 1.106 0.50 LSL181M2C--A2215N,parsed,false
177562730870.pdf,LSL,snap_in,160,220,25,15,0.8,120,105,0.15,0.905,ohm,0.905,0.56,LSL221M2C--A2515N,3,2000,105,220 25  x 15  0.80 0.15 0.905 0.56 LSL221M2C--A2515N,parsed,false
177562730870.pdf,LSL,snap_in,160,270,30,15,0.95,120,105,0.15,0.737,ohm,0.737,0.62,LSL271M2C--A3015N,4,2000,105,270 30  x 15  0.95 0.15 0.737 0.62 LSL271M2C--A3015N,parsed,false
177562730870.pdf,LSL,snap_in,160,330,30,15,1,120,105,0.15,0.603,ohm,0.603,0.68,LSL331M2C--A3015N,5,2000,105,330 30  x 15  1.00 0.15 0.603 0.68 LSL331M2C--A3015N,parsed,false
177562730870.pdf,LSL,snap_in,160,390,35,15,1.2,120,105,0.15,0.51,ohm,0.51,0.74,LSL391M2C--A3515N,6,2000,105,390 35  x 15  1.20 0.15 0.510 0.74 LSL391M2C--A3515N,parsed,false
177562730870.pdf,LSL,snap_in,180,120,20,15,0.5,120,105,0.15,1.659,ohm,1.659,0.44,LSL121M2S--A2015N,7,2000,105,180 120 20  x 15  0.50 0.15 1.659 0.44 LSL121M2S--A2015N,parsed,false
177562730870.pdf,LSL,snap_in,180,150,22,15,0.6,120,105,0.15,1.327,ohm,1.327,0.49,LSL151M2S--A2215N,8,2000,105,150 22  x 15  0.60 0.15 1.327 0.49 LSL151M2S--A2215N,parsed,false
177562730870.pdf,LSL,snap_in,180,180,25,15,0.75,120,105,0.15,1.106,ohm,1.106,0.54,LSL181M2S--A2515N,9,2000,105,180 25  x 15  0.75 0.15 1.106 0.54 LSL181M2S--A2515N,parsed,false
177562730870.pdf,LSL,snap_in,180,220,30,15,0.85,120,105,0.15,0.905,ohm,0.905,0.59,LSL221M2S--A3015N,10,2000,105,220 30  x 15  0.85 0.15 0.905 0.59 LSL221M2S--A3015N,parsed,false
177562730870.pdf,LSL,snap_in,180,270,30,15,1,120,105,0.15,0.737,ohm,0.737,0.66,LSL271M2S--A3015N,11,2000,105,270 30  x 15  1.00 0.15 0.737 0.66 LSL271M2S--A3015N,parsed,false
177562730870.pdf,LSL,snap_in,180,330,35,15,1.1,120,105,0.15,0.603,ohm,0.603,0.73,LSL331M2S--A3515N,12,2000,105,330 35  x 15  1.10 0.15 0.603 0.73 LSL331M2S--A3515N,parsed,false
177562730870.pdf,LSL,snap_in,180,390,35,15,1.2,120,105,0.15,0.51,ohm,0.51,0.79,LSL391M2S--A3515N,13,2000,105,390 35  x 15  1.20 0.15 0.510 0.79 LSL391M2S--A3515N,parsed,false
177562730870.pdf,LSL,snap_in,200,100,20,15,0.45,120,105,0.15,1.99,ohm,1.99,0.42,LSL101M2D--A2015N,14,2000,105,200 100 20  x 15  0.45 0.15 1.990 0.42 LSL101M2D--A2015N,parsed,false
177562730870.pdf,LSL,snap_in,200,120,22,15,0.55,120,105,0.15,1.659,ohm,1.659,0.46,LSL121M2D--A2215N,15,2000,105,120 22  x 15  0.55 0.15 1.659 0.46 LSL121M2D--A2215N,parsed,false
177562730870.pdf,LSL,snap_in,200,150,25,15,0.65,120,105,0.15,1.327,ohm,1.327,0.51,LSL151M2D--A2515N,16,2000,105,150 25  x 15  0.65 0.15 1.327 0.51 LSL151M2D--A2515N,parsed,false
177562730870.pdf,LSL,snap_in,200,180,25,15,0.75,120,105,0.15,1.106,ohm,1.106,0.56,LSL181M2D--A2515N,17,2000,105,180 25  x 15  0.75 0.15 1.106 0.56 LSL181M2D--A2515N,parsed,false
177562730870.pdf,LSL,snap_in,200,220,30,15,0.9,120,105,0.15,0.905,ohm,0.905,0.62,LSL221M2D--A3015N,18,2000,105,220 30  x 15  0.90 0.15 0.905 0.62 LSL221M2D--A3015N,parsed,false
177562730870.pdf,LSL,snap_in,200,270,30,15,1,120,105,0.15,0.737,ohm,0.737,0.69,LSL271M2D--A3015N,19,2000,105,270 30  x 15  1.00 0.15 0.737 0.69 LSL271M2D--A3015N,parsed,false
177562730870.pdf,LSL,snap_in,200,330,35,15,1.1,120,105,0.15,0.603,ohm,0.603,0.77,LSL331M2D--A3515N,20,2000,105,330 35  x 15  1.10 0.15 0.603 0.77 LSL331M2D--A3515N,parsed,false
177562730870.pdf,LSL,snap_in,250,100,22,15,0.5,120,105,0.15,1.99,ohm,1.99,0.47,LSL101M2E--A2215N,21,2000,105,250 100 22  x 15  0.50 0.15 1.990 0.47 LSL101M2E--A2215N,parsed,false
177562730870.pdf,LSL,snap_in,250,120,25,15,0.6,120,105,0.15,1.659,ohm,1.659,0.51,LSL121M2E--A2515N,22,2000,105,120 25  x 15  0.60 0.15 1.659 0.51 LSL121M2E--A2515N,parsed,false
177562730870.pdf,LSL,snap_in,250,150,30,15,0.7,120,105,0.15,1.327,ohm,1.327,0.58,LSL151M2E--A3015N,23,2000,105,150 30  x 15  0.70 0.15 1.327 0.58 LSL151M2E--A3015N,parsed,false
177562730870.pdf,LSL,snap_in,250,180,30,15,0.75,120,105,0.15,1.106,ohm,1.106,0.63,LSL181M2E--A3015N,24,2000,105,180 30  x 15  0.75 0.15 1.106 0.63 LSL181M2E--A3015N,parsed,false
177562730870.pdf,LSL,snap_in,250,220,35,15,0.9,120,105,0.15,0.905,ohm,0.905,0.7,LSL221M2E--A3515N,25,2000,105,220 35  x 15  0.90 0.15 0.905 0.70 LSL221M2E--A3515N,parsed,false
177562730870.pdf,LSL,snap_in,250,270,35,15,1,120,105,0.15,0.737,ohm,0.737,0.77,LSL271M2E--A3515N,26,2000,105,270 35  x 15  1.00 0.15 0.737 0.77 LSL271M2E--A3515N,parsed,false
177562730870.pdf,LSL,snap_in,315,56,22,15,0.35,120,105,0.15,3.554,ohm,3.554,0.39,LSL560M2F--A2215N,27,2000,105,315 56 22  x 15  0.35 0.15 3.554 0.39 LSL560M2F--A2215N,parsed,false
177562730870.pdf,LSL,snap_in,315,68,25,15,0.4,120,105,0.15,2.927,ohm,2.927,0.43,LSL680M2F--A2515N,28,2000,105,68 25  x 15  0.40 0.15 2.927 0.43 LSL680M2F--A2515N,parsed,false
177562730870.pdf,LSL,snap_in,315,82,30,15,0.45,120,105,0.15,2.427,ohm,2.427,0.48,LSL820M2F--A3015N,29,2000,105,82 30  x 15  0.45 0.15 2.427 0.48 LSL820M2F--A3015N,parsed,false
177562730870.pdf,LSL,snap_in,315,100,30,15,0.5,120,105,0.15,1.99,ohm,1.99,0.53,LSL101M2F--A3015N,30,2000,105,100 30  x 15  0.50 0.15 1.990 0.53 LSL101M2F--A3015N,parsed,false
177562730870.pdf,LSL,snap_in,315,120,35,15,0.55,120,105,0.15,1.659,ohm,1.659,0.58,LSL121M2F--A3515N,31,2000,105,120 35  x 15  0.55 0.15 1.659 0.58 LSL121M2F--A3515N,parsed,false
177562730870.pdf,LSL,snap_in,315,150,35,15,0.6,120,105,0.15,1.327,ohm,1.327,0.65,LSL151M2F--A3515N,32,2000,105,150 35  x 15  0.60 0.15 1.327 0.65 LSL151M2F--A3515N,parsed,false
177562730870.pdf,LSL,snap_in,400,39,22,15,0.3,120,105,0.15,5.104,ohm,5.104,0.37,LSL390M2G--A2215N,33,2000,105,400 39 22  x 15  0.30 0.15 5.104 0.37 LSL390M2G--A2215N,parsed,false
177562730870.pdf,LSL,snap_in,400,47,25,15,0.35,120,105,0.15,4.235,ohm,4.235,0.41,LSL470M2G--A2515N,34,2000,105,47 25  x 15  0.35 0.15 4.235 0.41 LSL470M2G--A2515N,parsed,false
177562730870.pdf,LSL,snap_in,400,56,30,15,0.4,120,105,0.15,3.554,ohm,3.554,0.44,LSL560M2G--A3015N,35,2000,105,56 30  x 15  0.40 0.15 3.554 0.44 LSL560M2G--A3015N,parsed,false
177562730870.pdf,LSL,snap_in,400,68,30,15,0.45,120,105,0.15,2.927,ohm,2.927,0.49,LSL680M2G--A3015N,36,2000,105,68 30  x 15  0.45 0.15 2.927 0.49 LSL680M2G--A3015N,parsed,false
177562730870.pdf,LSL,snap_in,400,82,35,15,0.5,120,105,0.15,2.427,ohm,2.427,0.54,LSL820M2G--A3515N,37,2000,105,82 35  x 15  0.50 0.15 2.427 0.54 LSL820M2G--A3515N,parsed,false
177562730870.pdf,LSL,snap_in,400,100,35,15,0.55,120,105,0.15,1.99,ohm,1.99,0.6,LSL101M2G--A3515N,38,2000,105,100 35  x 15  0.55 0.15 1.990 0.60 LSL101M2G--A3515N,parsed,false
177562735455.pdf,LGZ,snap_in,420,150,22,25,0.87,120,105,0.2,1.768,ohm,1.768,0.75,LGZ151M2P--A2225N,1,2000,105,420 150 22  x 25  0.87 0.20 1.768 0.75 LGZ151M2P--A2225N,parsed,false
177562735455.pdf,LGZ,snap_in,420,180,22,30,1,120,105,0.2,1.474,ohm,1.474,0.82,LGZ181M2P--A2230N,2,2000,105,180 22  x 30  1.00 0.20 1.474 0.82 LGZ181M2P--A2230N,parsed,false
177562735455.pdf,LGZ,snap_in,420,180,25,25,1.02,120,105,0.2,1.474,ohm,1.474,0.82,LGZ181M2P--A2525N,3,2000,105,180 25  x 25  1.02 0.20 1.474 0.82 LGZ181M2P--A2525N,parsed,false
177562735455.pdf,LGZ,snap_in,420,220,22,35,1.13,120,105,0.2,1.206,ohm,1.206,0.91,LGZ221M2P--A2235N,4,2000,105,220 22  x 35  1.13 0.20 1.206 0.91 LGZ221M2P--A2235N,parsed,false
177562735455.pdf,LGZ,snap_in,420,270,22,40,1.27,120,105,0.2,0.982,ohm,0.982,1.01,LGZ271M2P--A2240N,5,2000,105,270 22  x 40  1.27 0.20 0.982 1.01 LGZ271M2P--A2240N,parsed,false
177562735455.pdf,LGZ,snap_in,420,270,25,30,1.28,120,105,0.2,0.982,ohm,0.982,1.01,LGZ271M2P--A2530N,6,2000,105,270 25  x 30  1.28 0.20 0.982 1.01 LGZ271M2P--A2530N,parsed,false
177562735455.pdf,LGZ,snap_in,420,270,30,25,1.28,120,105,0.2,0.982,ohm,0.982,1.01,LGZ271M2P--A3025N,7,2000,105,270 30  x 25  1.28 0.20 0.982 1.01 LGZ271M2P--A3025N,parsed,false
177562735455.pdf,LGZ,snap_in,420,330,22,45,1.44,120,105,0.2,0.804,ohm,0.804,1.12,LGZ331M2P--A2245N,8,2000,105,330 22  x 45  1.44 0.20 0.804 1.12 LGZ331M2P--A2245N,parsed,false
177562735455.pdf,LGZ,snap_in,420,330,25,35,1.48,120,105,0.2,0.804,ohm,0.804,1.12,LGZ331M2P--A2535N,9,2000,105,330 25  x 35  1.48 0.20 0.804 1.12 LGZ331M2P--A2535N,parsed,false
177562735455.pdf,LGZ,snap_in,420,390,22,55,1.63,120,105,0.2,0.68,ohm,0.68,1.21,LGZ391M2P--A2255N,10,2000,105,390 22  x 55  1.63 0.20 0.680 1.21 LGZ391M2P--A2255N,parsed,false
177562735455.pdf,LGZ,snap_in,420,390,25,40,1.64,120,105,0.2,0.68,ohm,0.68,1.21,LGZ391M2P--A2540N,11,2000,105,390 25  x 40  1.64 0.20 0.680 1.21 LGZ391M2P--A2540N,parsed,false
177562735455.pdf,LGZ,snap_in,420,390,30,30,1.55,120,105,0.2,0.68,ohm,0.68,1.21,LGZ391M2P--A3030N,12,2000,105,390 30  x 30  1.55 0.20 0.680 1.21 LGZ391M2P--A3030N,parsed,false
177562735455.pdf,LGZ,snap_in,420,470,25,50,1.86,120,105,0.2,0.564,ohm,0.564,1.33,LGZ471M2P--A2550N,13,2000,105,470 25  x 50  1.86 0.20 0.564 1.33 LGZ471M2P--A2550N,parsed,false
177562735455.pdf,LGZ,snap_in,420,470,30,35,1.74,120,105,0.2,0.564,ohm,0.564,1.33,LGZ471M2P--A3035N,14,2000,105,470 30  x 35  1.74 0.20 0.564 1.33 LGZ471M2P--A3035N,parsed,false
177562735455.pdf,LGZ,snap_in,420,560,25,55,2.09,120,105,0.2,0.474,ohm,0.474,1.45,LGZ561M2P--A2555N,15,2000,105,560 25  x 55  2.09 0.20 0.474 1.45 LGZ561M2P--A2555N,parsed,false
177562735455.pdf,LGZ,snap_in,420,560,30,40,1.96,120,105,0.2,0.474,ohm,0.474,1.45,LGZ561M2P--A3040N,16,2000,105,560 30  x 40  1.96 0.20 0.474 1.45 LGZ561M2P--A3040N,parsed,false
177562735455.pdf,LGZ,snap_in,420,680,30,50,2.25,120,105,0.2,0.39,ohm,0.39,1.5,LGZ681M2P--A3050N,17,2000,105,680 30  x 50  2.25 0.20 0.390 1.50 LGZ681M2P--A3050N,parsed,false
177562735455.pdf,LGZ,snap_in,420,820,30,55,2.52,120,105,0.2,0.323,ohm,0.323,1.5,LGZ821M2P--A3055N,18,2000,105,820 30  x 55  2.52 0.20 0.323 1.50 LGZ821M2P--A3055N,parsed,false
177562735455.pdf,LGZ,snap_in,450,120,22,25,0.78,120,105,0.2,2.211,ohm,2.211,0.7,LGZ121M2W--A2225N,19,2000,105,450  120 22  x 25  0.78 0.20 2.211 0.70 LGZ121M2W--A2225N,parsed,false
177562735455.pdf,LGZ,snap_in,450,180,22,30,1,120,105,0.2,1.474,ohm,1.474,0.86,LGZ181M2W--A2230N,20,2000,105,180 22  x 30  1.00 0.20 1.474 0.86 LGZ181M2W--A2230N,parsed,false
177562735455.pdf,LGZ,snap_in,450,180,25,25,1.02,120,105,0.2,1.474,ohm,1.474,0.86,LGZ181M2W--A2525N,21,2000,105,180 25  x 25  1.02 0.20 1.474 0.86 LGZ181M2W--A2525N,parsed,false
177562735455.pdf,LGZ,snap_in,450,220,22,35,1.13,120,105,0.2,1.206,ohm,1.206,0.94,LGZ221M2W--A2235N,22,2000,105,220 22  x 35  1.13 0.20 1.206 0.94 LGZ221M2W--A2235N,parsed,false
177562735455.pdf,LGZ,snap_in,450,220,25,30,1.16,120,105,0.2,1.206,ohm,1.206,0.94,LGZ221M2W--A2530N,23,2000,105,220 25  x 30  1.16 0.20 1.206 0.94 LGZ221M2W--A2530N,parsed,false
177562735455.pdf,LGZ,snap_in,450,270,22,45,1.3,120,105,0.2,0.982,ohm,0.982,1.05,LGZ271M2W--A2245N,24,2000,105,270 22  x 45  1.30 0.20 0.982 1.05 LGZ271M2W--A2245N,parsed,false
177562735455.pdf,LGZ,snap_in,450,270,25,35,1.34,120,105,0.2,0.982,ohm,0.982,1.05,LGZ271M2W--A2535N,25,2000,105,270 25  x 35  1.34 0.20 0.982 1.05 LGZ271M2W--A2535N,parsed,false
177562735455.pdf,LGZ,snap_in,450,270,30,25,1.28,120,105,0.2,0.982,ohm,0.982,1.05,LGZ271M2W--A3025N,26,2000,105,270 30  x 25  1.28 0.20 0.982 1.05 LGZ271M2W--A3025N,parsed,false
177562735455.pdf,LGZ,snap_in,450,330,22,50,1.47,120,105,0.2,0.804,ohm,0.804,1.16,LGZ331M2W--A2250N,27,2000,105,330 22  x 50  1.47 0.20 0.804 1.16 LGZ331M2W--A2250N,parsed,false
177562735455.pdf,LGZ,snap_in,450,330,25,40,1.51,120,105,0.2,0.804,ohm,0.804,1.16,LGZ331M2W--A2540N,28,2000,105,330 25  x 40  1.51 0.20 0.804 1.16 LGZ331M2W--A2540N,parsed,false
177562735455.pdf,LGZ,snap_in,450,330,30,30,1.43,120,105,0.2,0.804,ohm,0.804,1.16,LGZ331M2W--A3030N,29,2000,105,330 30  x 30  1.43 0.20 0.804 1.16 LGZ331M2W--A3030N,parsed,false
177562735455.pdf,LGZ,snap_in,450,390,22,55,1.63,120,105,0.2,0.68,ohm,0.68,1.26,LGZ391M2W--A2255N,30,2000,105,390 22  x 55  1.63 0.20 0.680 1.26 LGZ391M2W--A2255N,parsed,false
177562735455.pdf,LGZ,snap_in,450,390,25,45,1.67,120,105,0.2,0.68,ohm,0.68,1.26,LGZ391M2W--A2545N,31,2000,105,390 25  x 45  1.67 0.20 0.680 1.26 LGZ391M2W--A2545N,parsed,false
177562735455.pdf,LGZ,snap_in,450,390,30,35,1.59,120,105,0.2,0.68,ohm,0.68,1.26,LGZ391M2W--A3035N,32,2000,105,390 30  x 35  1.59 0.20 0.680 1.26 LGZ391M2W--A3035N,parsed,false
177562735455.pdf,LGZ,snap_in,450,470,25,55,1.91,120,105,0.2,0.564,ohm,0.564,1.38,LGZ471M2W--A2555N,33,2000,105,470 25  x 55  1.91 0.20 0.564 1.38 LGZ471M2W--A2555N,parsed,false
177562735455.pdf,LGZ,snap_in,450,470,30,40,1.79,120,105,0.2,0.564,ohm,0.564,1.38,LGZ471M2W--A3040N,34,2000,105,470 30  x 40  1.79 0.20  0.564 1.38 LGZ471M2W--A3040N,parsed,false
177562735455.pdf,LGZ,snap_in,450,560,25,60,2.13,120,105,0.2,0.474,ohm,0.474,1.5,LGZ561M2W--A2560N,35,2000,105,560 25  x 60  2.13 0.20 0.474 1.50 LGZ561M2W--A2560N,parsed,false
177562735455.pdf,LGZ,snap_in,450,560,30,45,2.01,120,105,0.2,0.474,ohm,0.474,1.5,LGZ561M2W--A3045N,36,2000,105,560 30  x 45  2.01 0.20 0.474 1.50 LGZ561M2W--A3045N,parsed,false
177562735455.pdf,LGZ,snap_in,450,680,30,50,2.25,120,105,0.2,0.39,ohm,0.39,1.5,LGZ681M2W--A3050N,37,2000,105,680 30  x 50  2.25 0.20 0.390 1.50 LGZ681M2W--A3050N,parsed,false
177562735455.pdf,LGZ,snap_in,450,820,30,60,2.56,120,105,0.2,0.323,ohm,0.323,1.5,LGZ821M2W--A3060N,38,2000,105,820 30  x 60  2.56 0.20 0.323 1.50 LGZ821M2W--A3060N,parsed,false
177562739838.pdf,LSM,snap_in,16,4700,22,25,1.3,120,105,0.5,0.141,ohm,0.141,0.82,LSM472M1C--A2225,1,3000,105,"16 4,700 22  x 25  1.30 0.50 0.141 0.82 LSM472M1C--A2225",parsed,false
177562739838.pdf,LSM,snap_in,16,6800,22,35,1.8,120,105,0.5,0.098,ohm,0.098,0.99,LSM682M1C--A2235,2,3000,105,"6,800 22  x 35  1.80 0.50 0.098 0.99 LSM682M1C--A2235",parsed,false
177562739838.pdf,LSM,snap_in,16,6800,25,30,1.8,120,105,0.5,0.098,ohm,0.098,0.99,LSM682M1C--A2530,3,3000,105,"6,800 25  x 30  1.80 0.50 0.098 0.99 LSM682M1C--A2530",parsed,false
177562739838.pdf,LSM,snap_in,16,10000,22,45,2.34,120,105,0.5,0.066,ohm,0.066,1.2,LSM103M1C--A2245,4,3000,105,"10,000 22  x 45  2.34 0.50 0.066 1.20 LSM103M1C--A2245",parsed,false
177562739838.pdf,LSM,snap_in,16,10000,25,35,2.25,120,105,0.5,0.066,ohm,0.066,1.2,LSM103M1C--A2535,5,3000,105,"10,000 25  x 35  2.25 0.50 0.066 1.20 LSM103M1C--A2535",parsed,false
177562739838.pdf,LSM,snap_in,16,10000,30,25,2.19,120,105,0.5,0.066,ohm,0.066,1.2,LSM103M1C--A3025,6,3000,105,"10,000 30  x 25  2.19 0.50 0.066 1.20 LSM103M1C--A3025",parsed,false
177562739838.pdf,LSM,snap_in,16,15000,25,45,2.83,120,105,0.5,0.044,ohm,0.044,1.47,LSM153M1C--A2545,7,3000,105,"15,000 25  x 45  2.83 0.50 0.044 1.47 LSM153M1C--A2545",parsed,false
177562739838.pdf,LSM,snap_in,16,15000,30,35,2.82,120,105,0.5,0.044,ohm,0.044,1.47,LSM153M1C--A3035,8,3000,105,"15,000 30  x 35  2.82 0.50 0.044 1.47 LSM153M1C--A3035",parsed,false
177562739838.pdf,LSM,snap_in,16,15000,35,30,2.82,120,105,0.5,0.044,ohm,0.044,1.47,LSM153M1C--A3530,9,3000,105,"15,000 35  x 30  2.82 0.50 0.044 1.47 LSM153M1C--A3530",parsed,false
177562739838.pdf,LSM,snap_in,16,22000,30,45,3.13,120,105,0.5,0.03,ohm,0.03,1.5,LSM223M1C--A3045,10,3000,105,"22,000 30  x 45  3.13 0.50 0.030 1.50 LSM223M1C--A3045",parsed,false
177562739838.pdf,LSM,snap_in,16,22000,35,35,3.09,120,105,0.5,0.03,ohm,0.03,1.5,LSM223M1C--A3535,11,3000,105,"22,000 35  x 35  3.09 0.50 0.030 1.50 LSM223M1C--A3535",parsed,false
177562739838.pdf,LSM,snap_in,25,3300,22,25,1.25,120,105,0.45,0.181,ohm,0.181,0.86,LSM332M1E--A2225,12,3000,105,"25  3,300 22  x 25  1.25 0.45 0.181 0.86 LSM332M1E--A2225",parsed,false
177562739838.pdf,LSM,snap_in,25,4700,22,30,1.61,120,105,0.45,0.127,ohm,0.127,1.03,LSM472M1E--A2230,13,3000,105,"4,700 22  x 30  1.61 0.45 0.127 1.03 LSM472M1E--A2230",parsed,false
177562739838.pdf,LSM,snap_in,25,4700,25,25,1.61,120,105,0.45,0.127,ohm,0.127,1.03,LSM472M1E--A2525,14,3000,105,"4,700 25  x 25  1.61 0.45 0.127 1.03 LSM472M1E--A2525",parsed,false
177562739838.pdf,LSM,snap_in,25,6800,22,35,1.91,120,105,0.45,0.088,ohm,0.088,1.24,LSM682M1E--A2235,15,3000,105,"6,800 22  x 35  1.91 0.45 0.088 1.24 LSM682M1E--A2235",parsed,false
177562739838.pdf,LSM,snap_in,25,6800,25,30,1.91,120,105,0.45,0.088,ohm,0.088,1.24,LSM682M1E--A2530,16,3000,105,"6,800 25  x 30  1.91 0.45 0.088 1.24 LSM682M1E--A2530",parsed,false
177562739838.pdf,LSM,snap_in,25,6800,30,25,1.91,120,105,0.45,0.088,ohm,0.088,1.24,LSM682M1E--A3025,17,3000,105,"6,800 30  x 25  1.91 0.45 0.088 1.24 LSM682M1E--A3025",parsed,false
177562739838.pdf,LSM,snap_in,25,10000,22,45,2.51,120,105,0.45,0.06,ohm,0.06,1.5,LSM103M1E--A2245,18,3000,105,"10,000 22  x 45  2.51 0.45 0.060 1.50 LSM103M1E--A2245",parsed,false
177562739838.pdf,LSM,snap_in,25,10000,25,40,2.42,120,105,0.45,0.06,ohm,0.06,1.5,LSM103M1E--A2540,19,3000,105,"10,000 25  x 40  2.42 0.45 0.060 1.50 LSM103M1E--A2540",parsed,false
177562739838.pdf,LSM,snap_in,25,10000,30,30,2.42,120,105,0.45,0.06,ohm,0.06,1.5,LSM103M1E--A3030,20,3000,105,"10,000 30  x 30  2.42 0.45 0.060 1.50 LSM103M1E--A3030",parsed,false
177562739838.pdf,LSM,snap_in,25,10000,35,25,2.42,120,105,0.45,0.06,ohm,0.06,1.5,LSM103M1E--A3525,21,3000,105,"10,000 35  x 25  2.42 0.45 0.060 1.50 LSM103M1E--A3525",parsed,false
177562739838.pdf,LSM,snap_in,25,15000,25,45,3.12,120,105,0.45,0.04,ohm,0.04,1.5,LSM153M1E--A2545,22,3000,105,"15,000 25  x 45  3.12 0.45 0.040 1.50 LSM153M1E--A2545",parsed,false
177562739838.pdf,LSM,snap_in,25,15000,30,35,3.11,120,105,0.45,0.04,ohm,0.04,1.5,LSM153M1E--A3035,23,3000,105,"15,000 30  x 35  3.11 0.45 0.040 1.50 LSM153M1E--A3035",parsed,false
177562739838.pdf,LSM,snap_in,25,15000,35,30,3.11,120,105,0.45,0.04,ohm,0.04,1.5,LSM153M1E--A3530,24,3000,105,"15,000 35  x 30  3.11 0.45 0.040 1.50 LSM153M1E--A3530",parsed,false
177562739838.pdf,LSM,snap_in,25,22000,30,45,3.85,120,105,0.45,0.027,ohm,0.027,1.5,LSM223M1E--A3045,25,3000,105,"22,000 30  x 45  3.85 0.45 0.027 1.50 LSM223M1E--A3045",parsed,false
177562739838.pdf,LSM,snap_in,25,22000,35,40,3.85,120,105,0.45,0.027,ohm,0.027,1.5,LSM223M1E--A3540,26,3000,105,"22,000 35  x 40  3.85 0.45 0.027 1.50 LSM223M1E--A3540",parsed,false
177562739838.pdf,LSM,snap_in,35,2200,22,25,1.14,120,105,0.4,0.241,ohm,0.241,0.83,LSM222M1V--A2225,27,3000,105,"35  2,200 22  x 25  1.14 0.40 0.241 0.83 LSM222M1V--A2225",parsed,false
177562739838.pdf,LSM,snap_in,35,2200,25,25,1.51,120,105,0.4,0.241,ohm,0.241,0.83,LSM222M1V--A2525,28,3000,105,"2,200 25  x 25  1.51 0.40 0.241 0.83 LSM222M1V--A2525",parsed,false
177562739838.pdf,LSM,snap_in,35,3300,22,30,1.51,120,105,0.4,0.161,ohm,0.161,1.02,LSM332M1V--A2230,29,3000,105,"3,300 22  x 30  1.51 0.40 0.161 1.02 LSM332M1V--A2230",parsed,false
177562739838.pdf,LSM,snap_in,35,3300,25,30,1.92,120,105,0.4,0.161,ohm,0.161,1.02,LSM332M1V--A2530,30,3000,105,"3,300 25  x 30  1.92 0.40 0.161 1.02 LSM332M1V--A2530",parsed,false
177562739838.pdf,LSM,snap_in,35,4700,22,35,1.92,120,105,0.4,0.113,ohm,0.113,1.22,LSM472M1V--A2235,31,3000,105,"4,700 22  x 35  1.92 0.40 0.113 1.22 LSM472M1V--A2235",parsed,false
177562739838.pdf,LSM,snap_in,35,4700,25,40,2.31,120,105,0.4,0.113,ohm,0.113,1.22,LSM472M1V--A2540,32,3000,105,"4,700 25  x 40  2.31 0.40 0.113 1.22 LSM472M1V--A2540",parsed,false
177562739838.pdf,LSM,snap_in,35,4700,30,25,1.92,120,105,0.4,0.113,ohm,0.113,1.22,LSM472M1V--A3025,33,3000,105,"4,700 30  x 25  1.92 0.40 0.113 1.22 LSM472M1V--A3025",parsed,false
177562739838.pdf,LSM,snap_in,35,6800,22,45,2.31,120,105,0.4,0.078,ohm,0.078,1.46,LSM682M1V--A2245,34,3000,105,"6,800 22  x 45  2.31 0.40 0.078 1.46 LSM682M1V--A2245",parsed,false
177562739838.pdf,LSM,snap_in,35,6800,25,45,2.87,120,105,0.4,0.078,ohm,0.078,1.46,LSM682M1V--A2545,35,3000,105,"6,800 25  x 45  2.87 0.40 0.078 1.46 LSM682M1V--A2545",parsed,false
177562739838.pdf,LSM,snap_in,35,6800,30,30,2.33,120,105,0.4,0.078,ohm,0.078,1.46,LSM682M1V--A3030,36,3000,105,"6,800 30  x 30  2.33 0.40 0.078 1.46 LSM682M1V--A3030",parsed,false
177562739838.pdf,LSM,snap_in,35,6800,35,25,2.33,120,105,0.4,0.078,ohm,0.078,1.46,LSM682M1V--A3525,37,3000,105,"6,800 35  x 25  2.33 0.40 0.078 1.46 LSM682M1V--A3525",parsed,false
177562739838.pdf,LSM,snap_in,35,10000,30,35,2.87,120,105,0.4,0.053,ohm,0.053,1.5,LSM103M1V--A3035,38,3000,105,"10,000 30  x 35  2.87 0.40 0.053 1.50 LSM103M1V--A3035",parsed,false
177562739838.pdf,LSM,snap_in,35,10000,35,30,2.87,120,105,0.4,0.053,ohm,0.053,1.5,LSM103M1V--A3530,39,3000,105,"10,000 35  x 30  2.87 0.40 0.053 1.50 LSM103M1V--A3530",parsed,false
177562739838.pdf,LSM,snap_in,35,15000,30,45,3.66,120,105,0.4,0.035,ohm,0.035,1.5,LSM153M1V--A3045,40,3000,105,"15,000 30  x 45  3.66 0.40 0.035 1.50 LSM153M1V--A3045",parsed,false
177562739838.pdf,LSM,snap_in,35,15000,35,40,3.66,120,105,0.4,0.035,ohm,0.035,1.5,LSM153M1V--A3540,41,3000,105,"15,000 35  x 40  3.66 0.40 0.035 1.50 LSM153M1V--A3540",parsed,false
177562739838.pdf,LSM,snap_in,35,22000,35,45,4.53,120,105,0.4,0.024,ohm,0.024,1.5,LSM223M1V--A3545,42,3000,105,"22,000 35  x 45  4.53 0.40 0.024 1.50 LSM223M1V--A3545",parsed,false
177562739838.pdf,LSM,snap_in,50,1500,22,25,1.22,120,105,0.35,0.31,ohm,0.31,0.82,LSM152M1H--A2225,43,3000,105,"50  1,500 22  x 25  1.22 0.35 0.310 0.82 LSM152M1H--A2225",parsed,false
177562739838.pdf,LSM,snap_in,50,2200,22,30,1.59,120,105,0.35,0.211,ohm,0.211,0.99,LSM222M1H--A2230,44,3000,105,"2,200 22  x 30  1.59 0.35 0.211 0.99 LSM222M1H--A2230",parsed,false
177562739838.pdf,LSM,snap_in,50,2200,25,25,1.59,120,105,0.35,0.211,ohm,0.211,0.99,LSM222M1H--A2525,45,3000,105,"2,200 25  x 25  1.59 0.35 0.211 0.99 LSM222M1H--A2525",parsed,false
177562739838.pdf,LSM,snap_in,50,3300,22,35,1.93,120,105,0.35,0.141,ohm,0.141,1.22,LSM332M1H--A2235,46,3000,105,"3,300 22  x 35  1.93 0.35 0.141 1.22 LSM332M1H--A2235",parsed,false
177562739838.pdf,LSM,snap_in,50,3300,25,30,1.88,120,105,0.35,0.141,ohm,0.141,1.22,LSM332M1H--A2530,47,3000,105,"3,300 25  x 30  1.88 0.35 0.141 1.22 LSM332M1H--A2530",parsed,false
177562739838.pdf,LSM,snap_in,50,3300,30,25,1.88,120,105,0.35,0.141,ohm,0.141,1.22,LSM332M1H--A3025,48,3000,105,"3,300 30  x 25  1.88 0.35 0.141 1.22 LSM332M1H--A3025",parsed,false
177562739838.pdf,LSM,snap_in,50,4700,22,45,2.43,120,105,0.35,0.099,ohm,0.099,1.45,LSM472M1H--A2245,49,3000,105,"4,700 22  x 45  2.43 0.35 0.099 1.45 LSM472M1H--A2245",parsed,false
177562739838.pdf,LSM,snap_in,50,4700,25,35,2.34,120,105,0.35,0.099,ohm,0.099,1.45,LSM472M1H--A2535,50,3000,105,"4,700 25  x 35  2.34 0.35 0.099 1.45 LSM472M1H--A2535",parsed,false
177562739838.pdf,LSM,snap_in,50,4700,30,30,2.42,120,105,0.35,0.099,ohm,0.099,1.45,LSM472M1H--A3030,51,3000,105,"4,700 30  x 30  2.42 0.35 0.099 1.45 LSM472M1H--A3030",parsed,false
177562739838.pdf,LSM,snap_in,50,4700,35,25,2.42,120,105,0.35,0.099,ohm,0.099,1.45,LSM472M1H--A3525,52,3000,105,"4,700 35  x 25  2.42 0.35 0.099 1.45 LSM472M1H--A3525",parsed,false
177562739838.pdf,LSM,snap_in,50,6800,25,45,3.1,120,105,0.35,0.068,ohm,0.068,1.5,LSM682M1H--A2545,53,3000,105,"6,800 25  x 45  3.10 0.35 0.068 1.50 LSM682M1H--A2545",parsed,false
177562739838.pdf,LSM,snap_in,50,6800,30,35,3.1,120,105,0.35,0.068,ohm,0.068,1.5,LSM682M1H--A3035,54,3000,105,"6,800 30  x 35  3.10 0.35 0.068 1.50 LSM682M1H--A3035",parsed,false
177562739838.pdf,LSM,snap_in,50,6800,35,30,3.1,120,105,0.35,0.068,ohm,0.068,1.5,LSM682M1H--A3530,55,3000,105,"6,800 35  x 30  3.10 0.35 0.068 1.50 LSM682M1H--A3530",parsed,false
177562739838.pdf,LSM,snap_in,50,10000,30,45,4.18,120,105,0.35,0.046,ohm,0.046,1.5,LSM103M1H--A3045,56,3000,105,"10,000 30  x 45  4.18 0.35 0.046 1.50 LSM103M1H--A3045",parsed,false
177562739838.pdf,LSM,snap_in,50,10000,35,40,4.2,120,105,0.35,0.046,ohm,0.046,1.5,LSM103M1H--A3540,57,3000,105,"10,000 35  x 40  4.20 0.35 0.046 1.50 LSM103M1H--A3540",parsed,false
177562739838.pdf,LSM,snap_in,63,1000,20,20,0.9,120,105,0.3,0.398,ohm,0.398,0.75,LSM102M1J--A2020,58,3000,105,"63  1,000 20  x 20  0.90 0.30 0.398 0.75 LSM102M1J--A2020",parsed,false
177562739838.pdf,LSM,snap_in,63,1000,22,20,0.9,120,105,0.3,0.398,ohm,0.398,0.75,LSM102M1J--A2220,59,3000,105,"1,000 22  x 20  0.90 0.30 0.398 0.75 LSM102M1J--A2220",parsed,false
177562739838.pdf,LSM,snap_in,63,1200,20,25,1.08,120,105,0.3,0.332,ohm,0.332,0.82,LSM122M1J--A2025,60,3000,105,"1,200 20  x 25  1.08 0.30 0.332 0.82 LSM122M1J--A2025",parsed,false
177562739838.pdf,LSM,snap_in,63,1200,22,20,1.05,120,105,0.3,0.332,ohm,0.332,0.82,LSM122M1J--A2220,61,3000,105,"1,200 22  x 20  1.05 0.30 0.332 0.82 LSM122M1J--A2220",parsed,false
177562739838.pdf,LSM,snap_in,63,1500,20,30,1.31,120,105,0.3,0.265,ohm,0.265,0.92,LSM152M1J--A2030,62,3000,105,"1,500 20  x 30  1.31 0.30 0.265 0.92 LSM152M1J--A2030",parsed,false
177562739838.pdf,LSM,snap_in,63,1500,22,25,1.28,120,105,0.3,0.265,ohm,0.265,0.92,LSM152M1J--A2225,63,3000,105,"1,500 22  x 25  1.28 0.30 0.265 0.92 LSM152M1J--A2225",parsed,false
177562739838.pdf,LSM,snap_in,63,1500,25,20,1.27,120,105,0.3,0.265,ohm,0.265,0.92,LSM152M1J--A2520,64,3000,105,"63  1,500 25  x 20  1.27 0.30 0.265 0.92 LSM152M1J--A2520",parsed,false
177562739838.pdf,LSM,snap_in,63,2200,20,35,1.7,120,105,0.3,0.181,ohm,0.181,1.12,LSM222M1J--A2035,65,3000,105,"2,200 20  x 35  1.70 0.30 0.181 1.12 LSM222M1J--A2035",parsed,false
177562739838.pdf,LSM,snap_in,63,2200,22,35,1.78,120,105,0.3,0.181,ohm,0.181,1.12,LSM222M1J--A2235,66,3000,105,"2,200 22  x 35  1.78 0.30 0.181 1.12 LSM222M1J--A2235",parsed,false
177562739838.pdf,LSM,snap_in,63,2200,25,25,1.6,120,105,0.3,0.181,ohm,0.181,1.12,LSM222M1J--A2525,67,3000,105,"2,200 25  x 25  1.60 0.30 0.181 1.12 LSM222M1J--A2525",parsed,false
177562739838.pdf,LSM,snap_in,63,2200,30,25,1.78,120,105,0.3,0.181,ohm,0.181,1.12,LSM222M1J--A3025,68,3000,105,"2,200 30  x 25  1.78 0.30 0.181 1.12 LSM222M1J--A3025",parsed,false
177562739838.pdf,LSM,snap_in,63,2700,20,40,1.82,120,105,0.3,0.147,ohm,0.147,1.24,LSM272M1J--A2040,69,3000,105,"2,700 20  x 40  1.82 0.30 0.147 1.24 LSM272M1J--A2040",parsed,false
177562739838.pdf,LSM,snap_in,63,2700,22,35,1.81,120,105,0.3,0.147,ohm,0.147,1.24,LSM272M1J--A2235,70,3000,105,"2,700 22  x 35  1.81 0.30 0.147 1.24 LSM272M1J--A2235",parsed,false
177562739838.pdf,LSM,snap_in,63,2700,25,30,1.83,120,105,0.3,0.147,ohm,0.147,1.24,LSM272M1J--A2530,71,3000,105,"2,700 25  x 30  1.83 0.30 0.147 1.24 LSM272M1J--A2530",parsed,false
177562739838.pdf,LSM,snap_in,63,2700,30,25,1.89,120,105,0.3,0.147,ohm,0.147,1.24,LSM272M1J--A3025,72,3000,105,"2,700 30  x 25  1.89 0.30 0.147 1.24 LSM272M1J--A3025",parsed,false
177562739838.pdf,LSM,snap_in,63,3300,20,45,2,120,105,0.3,0.121,ohm,0.121,1.37,LSM332M1J--A2045,73,3000,105,"3,300 20  x 45  2.00 0.30 0.121 1.37 LSM332M1J--A2045",parsed,false
177562739838.pdf,LSM,snap_in,63,3300,22,40,2,120,105,0.3,0.121,ohm,0.121,1.37,LSM332M1J--A2240,74,3000,105,"3,300 22  x 40  2.00 0.30 0.121 1.37 LSM332M1J--A2240",parsed,false
177562739838.pdf,LSM,snap_in,63,3300,25,35,2.03,120,105,0.3,0.121,ohm,0.121,1.37,LSM332M1J--A2535,75,3000,105,"3,300 25  x 35  2.03 0.30 0.121 1.37 LSM332M1J--A2535",parsed,false
177562739838.pdf,LSM,snap_in,63,3300,30,25,1.81,120,105,0.3,0.121,ohm,0.121,1.37,LSM332M1J--A3025,76,3000,105,"3,300 30  x 25  1.81 0.30 0.121 1.37 LSM332M1J--A3025",parsed,false
177562739838.pdf,LSM,snap_in,63,3300,35,25,2.03,120,105,0.3,0.121,ohm,0.121,1.37,LSM332M1J--A3525,77,3000,105,"3,300 35  x 25  2.03 0.30 0.121 1.37 LSM332M1J--A3525",parsed,false
177562739838.pdf,LSM,snap_in,63,3900,20,50,2.16,120,105,0.3,0.102,ohm,0.102,1.49,LSM392M1J--A2050,78,3000,105,"3,900 20  x 50  2.16 0.30 0.102 1.49 LSM392M1J--A2050",parsed,false
177562739838.pdf,LSM,snap_in,63,3900,22,50,2.37,120,105,0.3,0.102,ohm,0.102,1.49,LSM392M1J--A2250,79,3000,105,"3,900 22  x 50  2.37 0.30 0.102 1.49 LSM392M1J--A2250",parsed,false
177562739838.pdf,LSM,snap_in,63,3900,25,40,2.22,120,105,0.3,0.102,ohm,0.102,1.49,LSM392M1J--A2540,80,3000,105,"3,900 25  x 40  2.22 0.30 0.102 1.49 LSM392M1J--A2540",parsed,false
177562739838.pdf,LSM,snap_in,63,3900,30,30,2.19,120,105,0.3,0.102,ohm,0.102,1.49,LSM392M1J--A3030,81,3000,105,"3,900 30  x 30  2.19 0.30 0.102 1.49 LSM392M1J--A3030",parsed,false
177562739838.pdf,LSM,snap_in,63,3900,35,25,2.24,120,105,0.3,0.102,ohm,0.102,1.49,LSM392M1J--A3525,82,3000,105,"3,900 35  x 25  2.24 0.30 0.102 1.49 LSM392M1J--A3525",parsed,false
177562739838.pdf,LSM,snap_in,63,4700,25,45,2.56,120,105,0.3,0.085,ohm,0.085,1.5,LSM472M1J--A2545,83,3000,105,"4,700 25  x 45  2.56 0.30 0.085 1.50 LSM472M1J--A2545",parsed,false
177562739838.pdf,LSM,snap_in,63,4700,30,35,2.66,120,105,0.3,0.085,ohm,0.085,1.5,LSM472M1J--A3035,84,3000,105,"4,700 30  x 35  2.66 0.30 0.085 1.50 LSM472M1J--A3035",parsed,false
177562739838.pdf,LSM,snap_in,63,4700,35,25,2.46,120,105,0.3,0.085,ohm,0.085,1.5,LSM472M1J--A3525,85,3000,105,"4,700 35  x 25  2.46 0.30 0.085 1.50 LSM472M1J--A3525",parsed,false
177562739838.pdf,LSM,snap_in,63,5600,25,50,2.93,120,105,0.3,0.071,ohm,0.071,1.5,LSM562M1J--A2550,86,3000,105,"5,600 25  x 50  2.93 0.30 0.071 1.50 LSM562M1J--A2550",parsed,false
177562739838.pdf,LSM,snap_in,63,5600,30,35,2.79,120,105,0.3,0.071,ohm,0.071,1.5,LSM562M1J--A3035,87,3000,105,"5,600 30  x 35  2.79 0.30 0.071 1.50 LSM562M1J--A3035",parsed,false
177562739838.pdf,LSM,snap_in,63,5600,35,30,2.88,120,105,0.3,0.071,ohm,0.071,1.5,LSM562M1J--A3530,88,3000,105,"5,600 35  x 30  2.88 0.30 0.071 1.50 LSM562M1J--A3530",parsed,false
177562739838.pdf,LSM,snap_in,63,6800,30,40,3.25,120,105,0.3,0.059,ohm,0.059,1.5,LSM682M1J--A3040,89,3000,105,"6,800 30  x 40  3.25 0.30 0.059 1.50 LSM682M1J--A3040",parsed,false
177562739838.pdf,LSM,snap_in,63,6800,35,35,3.26,120,105,0.3,0.059,ohm,0.059,1.5,LSM682M1J--A3535,90,3000,105,"6,800 35  x 35  3.26 0.30 0.059 1.50 LSM682M1J--A3535",parsed,false
177562739838.pdf,LSM,snap_in,63,6800,35,40,3.49,120,105,0.3,0.059,ohm,0.059,1.5,LSM682M1J--A3540,91,3000,105,"6,800 35  x 40  3.49 0.30 0.059 1.50 LSM682M1J--A3540",parsed,false
177562739838.pdf,LSM,snap_in,63,8200,35,40,3.52,120,105,0.3,0.049,ohm,0.049,1.5,LSM822M1J--A3540,92,3000,105,"8,200 35  x 40  3.52 0.30 0.049 1.50 LSM822M1J--A3540",parsed,false
177562739838.pdf,LSM,snap_in,80,1000,22,25,1.05,120,105,0.25,0.332,ohm,0.332,0.85,LSM102M1K--A2225,93,3000,105,"80  1,000 22  x 25  1.05 0.25 0.332 0.85 LSM102M1K--A2225",parsed,false
177562739838.pdf,LSM,snap_in,80,1000,25,20,1.04,120,105,0.25,0.332,ohm,0.332,0.85,LSM102M1K--A2520,94,3000,105,"1,000 25  x 20  1.04 0.25 0.332 0.85 LSM102M1K--A2520",parsed,false
177562739838.pdf,LSM,snap_in,80,1200,20,30,1.17,120,105,0.25,0.276,ohm,0.276,0.93,LSM122M1K--A2030,95,3000,105,"1,200 20  x 30  1.17 0.25 0.276 0.93 LSM122M1K--A2030",parsed,false
177562739838.pdf,LSM,snap_in,80,1200,22,30,1.24,120,105,0.25,0.276,ohm,0.276,0.93,LSM122M1K--A2230,96,3000,105,"1,200 22  x 30  1.24 0.25 0.276 0.93 LSM122M1K--A2230",parsed,false
177562739838.pdf,LSM,snap_in,80,1200,25,25,1.24,120,105,0.25,0.276,ohm,0.276,0.93,LSM122M1K--A2525,97,3000,105,"1,200 25  x 25  1.24 0.25 0.276 0.93 LSM122M1K--A2525",parsed,false
177562739838.pdf,LSM,snap_in,80,1500,20,40,1.49,120,105,0.25,0.221,ohm,0.221,1.04,LSM152M1K--A2040,98,3000,105,"1,500 20  x 40  1.49 0.25 0.221 1.04 LSM152M1K--A2040",parsed,false
177562739838.pdf,LSM,snap_in,80,1500,22,35,1.54,120,105,0.25,0.221,ohm,0.221,1.04,LSM152M1K--A2235,99,3000,105,"1,500 22  x 35  1.54 0.25 0.221 1.04 LSM152M1K--A2235",parsed,false
177562739838.pdf,LSM,snap_in,80,1500,25,30,1.54,120,105,0.25,0.221,ohm,0.221,1.04,LSM152M1K--A2530,100,3000,105,"1,500 25  x 30  1.54 0.25 0.221 1.04 LSM152M1K--A2530",parsed,false
177562739838.pdf,LSM,snap_in,80,1500,30,25,1.61,120,105,0.25,0.221,ohm,0.221,1.04,LSM152M1K--A3025,101,3000,105,"1,500 30  x 25  1.61 0.25 0.221 1.04 LSM152M1K--A3025",parsed,false
177562739838.pdf,LSM,snap_in,80,2200,20,50,1.94,120,105,0.25,0.151,ohm,0.151,1.26,LSM222M1K--A2050,102,3000,105,"2,200 20  x 50  1.94 0.25 0.151 1.26 LSM222M1K--A2050",parsed,false
177562739838.pdf,LSM,snap_in,80,2200,22,45,1.95,120,105,0.25,0.151,ohm,0.151,1.26,LSM222M1K--A2245,103,3000,105,"2,200 22  x 45  1.95 0.25 0.151 1.26 LSM222M1K--A2245",parsed,false
177562739838.pdf,LSM,snap_in,80,2200,25,35,1.94,120,105,0.25,0.151,ohm,0.151,1.26,LSM222M1K--A2535,104,3000,105,"2,200 25  x 35  1.94 0.25 0.151 1.26 LSM222M1K--A2535",parsed,false
177562739838.pdf,LSM,snap_in,80,2200,30,30,2.05,120,105,0.25,0.151,ohm,0.151,1.26,LSM222M1K--A3030,105,3000,105,"2,200 30  x 30  2.05 0.25 0.151 1.26 LSM222M1K--A3030",parsed,false
177562739838.pdf,LSM,snap_in,80,2200,35,25,2.1,120,105,0.25,0.151,ohm,0.151,1.26,LSM222M1K--A3525,106,3000,105,"2,200 35  x 25  2.10 0.25 0.151 1.26 LSM222M1K--A3525",parsed,false
177562739838.pdf,LSM,snap_in,80,3300,25,50,2.25,120,105,0.25,0.101,ohm,0.101,1.5,LSM332M1K--A2550,107,3000,105,"3,300 25  x 50  2.25 0.25 0.101 1.50 LSM332M1K--A2550",parsed,false
177562739838.pdf,LSM,snap_in,80,3300,30,35,2.24,120,105,0.25,0.101,ohm,0.101,1.5,LSM332M1K--A3035,108,3000,105,"3,300 30  x 35  2.24 0.25 0.101 1.50 LSM332M1K--A3035",parsed,false
177562739838.pdf,LSM,snap_in,80,3300,35,30,2.3,120,105,0.25,0.101,ohm,0.101,1.5,LSM332M1K--A3530,109,3000,105,"3,300 35  x 30  2.30 0.25 0.101 1.50 LSM332M1K--A3530",parsed,false
177562739838.pdf,LSM,snap_in,80,4700,30,45,2.84,120,105,0.25,0.071,ohm,0.071,1.5,LSM472M1K--A3045,110,3000,105,"4,700 30  x 45  2.84 0.25 0.071 1.50 LSM472M1K--A3045",parsed,false
177562739838.pdf,LSM,snap_in,80,4700,35,35,2.8,120,105,0.25,0.071,ohm,0.071,1.5,LSM472M1K--A3535,111,3000,105,"4,700 35  x 35  2.80 0.25 0.071 1.50 LSM472M1K--A3535",parsed,false
177562739838.pdf,LSM,snap_in,100,1000,20,35,1.28,120,105,0.2,0.265,ohm,0.265,0.95,LSM102M2A--A2035,112,3000,105,"100  1,000 20  x 35  1.28 0.20 0.265 0.95 LSM102M2A--A2035",parsed,false
177562739838.pdf,LSM,snap_in,100,1000,22,30,1.36,120,105,0.2,0.265,ohm,0.265,0.95,LSM102M2A--A2230,113,3000,105,"1,000 22  x 30  1.36 0.20 0.265 0.95 LSM102M2A--A2230",parsed,false
177562739838.pdf,LSM,snap_in,100,1000,25,25,1.36,120,105,0.2,0.265,ohm,0.265,0.95,LSM102M2A--A2525,114,3000,105,"1,000 25  x 25  1.36 0.20 0.265 0.95 LSM102M2A--A2525",parsed,false
177562739838.pdf,LSM,snap_in,100,1200,20,40,1.49,120,105,0.2,0.221,ohm,0.221,1.04,LSM122M2A--A2040,115,3000,105,"1,200 20  x 40  1.49 0.20 0.221 1.04 LSM122M2A--A2040",parsed,false
177562739838.pdf,LSM,snap_in,100,1200,22,35,1.48,120,105,0.2,0.221,ohm,0.221,1.04,LSM122M2A--A2235,116,3000,105,"1,200 22  x 35  1.48 0.20 0.221 1.04 LSM122M2A--A2235",parsed,false
177562739838.pdf,LSM,snap_in,100,1200,25,30,1.49,120,105,0.2,0.221,ohm,0.221,1.04,LSM122M2A--A2530,117,3000,105,"1,200 25  x 30  1.49 0.20 0.221 1.04 LSM122M2A--A2530",parsed,false
177562739838.pdf,LSM,snap_in,100,1500,20,45,1.75,120,105,0.2,0.177,ohm,0.177,1.16,LSM152M2A--A2045,118,3000,105,"1,500 20  x 45  1.75 0.20 0.177 1.16 LSM152M2A--A2045",parsed,false
177562739838.pdf,LSM,snap_in,100,1500,22,40,1.82,120,105,0.2,0.177,ohm,0.177,1.16,LSM152M2A--A2240,119,3000,105,"1,500 22  x 40  1.82 0.20 0.177 1.16 LSM152M2A--A2240",parsed,false
177562739838.pdf,LSM,snap_in,100,1500,25,35,1.85,120,105,0.2,0.177,ohm,0.177,1.16,LSM152M2A--A2535,120,3000,105,"1,500 25  x 35  1.85 0.20 0.177 1.16 LSM152M2A--A2535",parsed,false
177562739838.pdf,LSM,snap_in,100,1500,30,25,1.8,120,105,0.2,0.177,ohm,0.177,1.16,LSM152M2A--A3025,121,3000,105,"1,500 30  x 25  1.80 0.20 0.177 1.16 LSM152M2A--A3025",parsed,false
177562739838.pdf,LSM,snap_in,100,2200,25,45,2.5,120,105,0.2,0.121,ohm,0.121,1.41,LSM222M2A--A2545,122,3000,105,"2,200 25  x 45  2.50 0.20 0.121 1.41 LSM222M2A--A2545",parsed,false
177562739838.pdf,LSM,snap_in,100,2200,30,35,2.5,120,105,0.2,0.121,ohm,0.121,1.41,LSM222M2A--A3035,123,3000,105,"2,200 30  x 35  2.50 0.20 0.121 1.41 LSM222M2A--A3035",parsed,false
177562739838.pdf,LSM,snap_in,100,2200,35,30,2.5,120,105,0.2,0.121,ohm,0.121,1.41,LSM222M2A--A3530,124,3000,105,"2,200 35  x 30  2.50 0.20 0.121 1.41 LSM222M2A--A3530",parsed,false
177562739838.pdf,LSM,snap_in,100,2700,25,50,2.7,120,105,0.2,0.098,ohm,0.098,1.5,LSM272M2A--A2550,125,3000,105,"2,700 25  x 50  2.70 0.20 0.098 1.50 LSM272M2A--A2550",parsed,false
177562739838.pdf,LSM,snap_in,100,2700,30,40,2.72,120,105,0.2,0.098,ohm,0.098,1.5,LSM272M2A--A3040,126,3000,105,"2,700 30  x 40  2.72 0.20 0.098 1.50 LSM272M2A--A3040",parsed,false
177562739838.pdf,LSM,snap_in,100,2700,35,35,2.82,120,105,0.2,0.098,ohm,0.098,1.5,LSM272M2A--A3535,127,3000,105,"2,700 35  x 35  2.82 0.20 0.098 1.50 LSM272M2A--A3535",parsed,false
177562739838.pdf,LSM,snap_in,100,3300,30,45,3.11,120,105,0.2,0.08,ohm,0.08,1.5,LSM332M2A--A3045,128,3000,105,"3,300 30  x 45  3.11 0.20 0.080 1.50 LSM332M2A--A3045",parsed,false
177562739838.pdf,LSM,snap_in,100,3300,35,35,3.07,120,105,0.2,0.08,ohm,0.08,1.5,LSM332M2A--A3535,129,3000,105,"100  3,300 35  x 35  3.07 0.20 0.080 1.50 LSM332M2A--A3535",parsed,false
177562739838.pdf,LSM,snap_in,100,3900,30,50,3.4,120,105,0.2,0.068,ohm,0.068,1.5,LSM392M2A--A3050,130,3000,105,"3,900 30  x 50  3.40 0.20 0.068 1.50 LSM392M2A--A3050",parsed,false
177562739838.pdf,LSM,snap_in,100,3900,35,40,3.38,120,105,0.2,0.068,ohm,0.068,1.5,LSM392M2A--A3540,131,3000,105,"3,900 35  x 40  3.38 0.20 0.068 1.50 LSM392M2A--A3540",parsed,false
177562739838.pdf,LSM,snap_in,100,4700,35,45,3.9,120,105,0.2,0.056,ohm,0.056,1.5,LSM472M2A--A3545,132,3000,105,"4,700 35  x 45  3.90 0.20 0.056 1.50 LSM472M2A--A3545",parsed,false
177562739838.pdf,LSM,snap_in,160,180,20,20,0.61,120,105,0.1,0.737,ohm,0.737,0.51,LSM181M2C--A2020,133,3000,105,160  180 20  x 20  0.61 0.10 0.737 0.51 LSM181M2C--A2020,parsed,false
177562739838.pdf,LSM,snap_in,160,220,20,25,0.73,120,105,0.1,0.603,ohm,0.603,0.56,LSM221M2C--A2025,134,3000,105,220 20  x 25  0.73 0.10 0.603 0.56 LSM221M2C--A2025,parsed,false
177562739838.pdf,LSM,snap_in,160,220,22,20,0.71,120,105,0.1,0.603,ohm,0.603,0.56,LSM221M2C--A2220,135,3000,105,220 22  x 20  0.71 0.10 0.603 0.56 LSM221M2C--A2220,parsed,false
177562739838.pdf,LSM,snap_in,160,270,20,25,0.81,120,105,0.1,0.491,ohm,0.491,0.62,LSM271M2C--A2025,136,3000,105,270 20  x 25  0.81 0.10 0.491 0.62 LSM271M2C--A2025,parsed,false
177562739838.pdf,LSM,snap_in,160,270,25,20,0.85,120,105,0.1,0.491,ohm,0.491,0.62,LSM271M2C--A2520,137,3000,105,270 25  x 20  0.85 0.10 0.491 0.62 LSM271M2C--A2520,parsed,false
177562739838.pdf,LSM,snap_in,160,330,20,30,0.97,120,105,0.1,0.402,ohm,0.402,0.69,LSM331M2C--A2030,138,3000,105,330 20  x 30  0.97 0.10 0.402 0.69 LSM331M2C--A2030,parsed,false
177562739838.pdf,LSM,snap_in,160,330,22,25,0.98,120,105,0.1,0.402,ohm,0.402,0.69,LSM331M2C--A2225,139,3000,105,330 22  x 25  0.98 0.10 0.402 0.69 LSM331M2C--A2225,parsed,false
177562739838.pdf,LSM,snap_in,160,330,25,20,0.94,120,105,0.1,0.402,ohm,0.402,0.69,LSM331M2C--A2520,140,3000,105,330 25  x 20  0.94 0.10 0.402 0.69 LSM331M2C--A2520,parsed,false
177562739838.pdf,LSM,snap_in,160,390,20,30,1.06,120,105,0.1,0.34,ohm,0.34,0.75,LSM391M2C--A2030,141,3000,105,390 20  x 30  1.06 0.10 0.340 0.75 LSM391M2C--A2030,parsed,false
177562739838.pdf,LSM,snap_in,160,390,22,25,1.03,120,105,0.1,0.34,ohm,0.34,0.75,LSM391M2C--A2225,142,3000,105,390 22  x 25  1.03 0.10 0.340 0.75 LSM391M2C--A2225,parsed,false
177562739838.pdf,LSM,snap_in,160,390,25,25,1.09,120,105,0.1,0.34,ohm,0.34,0.75,LSM391M2C--A2525,143,3000,105,390 25  x 25  1.09 0.10 0.340 0.75 LSM391M2C--A2525,parsed,false
177562739838.pdf,LSM,snap_in,160,470,20,35,1.17,120,105,0.1,0.282,ohm,0.282,0.82,LSM471M2C--A2035,144,3000,105,470 20  x 35  1.17 0.10 0.282 0.82 LSM471M2C--A2035,parsed,false
177562739838.pdf,LSM,snap_in,160,470,22,30,1.21,120,105,0.1,0.282,ohm,0.282,0.82,LSM471M2C--A2230,145,3000,105,470 22  x 30  1.21 0.10 0.282 0.82 LSM471M2C--A2230,parsed,false
177562739838.pdf,LSM,snap_in,160,470,25,25,1.19,120,105,0.1,0.282,ohm,0.282,0.82,LSM471M2C--A2525,146,3000,105,470 25  x 25  1.19 0.10 0.282 0.82 LSM471M2C--A2525,parsed,false
177562739838.pdf,LSM,snap_in,160,560,20,40,1.35,120,105,0.1,0.237,ohm,0.237,0.9,LSM561M2C--A2040,147,3000,105,560 20  x 40  1.35 0.10 0.237 0.90 LSM561M2C--A2040,parsed,false
177562739838.pdf,LSM,snap_in,160,560,22,35,1.4,120,105,0.1,0.237,ohm,0.237,0.9,LSM561M2C--A2235,148,3000,105,560 22  x 35  1.40 0.10 0.237 0.90 LSM561M2C--A2235,parsed,false
177562739838.pdf,LSM,snap_in,160,560,25,30,1.4,120,105,0.1,0.237,ohm,0.237,0.9,LSM561M2C--A2530,149,3000,105,560 25  x 30  1.40 0.10 0.237 0.90 LSM561M2C--A2530,parsed,false
177562739838.pdf,LSM,snap_in,160,560,30,25,1.4,120,105,0.1,0.237,ohm,0.237,0.9,LSM561M2C--A3025,150,3000,105,560 30  x 25  1.40 0.10 0.237 0.90 LSM561M2C--A3025,parsed,false
177562739838.pdf,LSM,snap_in,160,680,20,45,1.57,120,105,0.1,0.195,ohm,0.195,0.99,LSM681M2C--A2045,151,3000,105,680 20  x 45  1.57 0.10 0.195 0.99 LSM681M2C--A2045,parsed,false
177562739838.pdf,LSM,snap_in,160,680,22,40,1.62,120,105,0.1,0.195,ohm,0.195,0.99,LSM681M2C--A2240,152,3000,105,680 22  x 40  1.62 0.10 0.195 0.99 LSM681M2C--A2240,parsed,false
177562739838.pdf,LSM,snap_in,160,680,25,35,1.61,120,105,0.1,0.195,ohm,0.195,0.99,LSM681M2C--A2535,153,3000,105,680 25  x 35  1.61 0.10 0.195 0.99 LSM681M2C--A2535,parsed,false
177562739838.pdf,LSM,snap_in,160,680,30,25,1.54,120,105,0.1,0.195,ohm,0.195,0.99,LSM681M2C--A3025,154,3000,105,680 30  x 25  1.54 0.10 0.195 0.99 LSM681M2C--A3025,parsed,false
177562739838.pdf,LSM,snap_in,160,820,22,45,1.86,120,105,0.1,0.162,ohm,0.162,1.09,LSM821M2C--A2245,155,3000,105,820 22  x 45  1.86 0.10 0.162 1.09 LSM821M2C--A2245,parsed,false
177562739838.pdf,LSM,snap_in,160,820,25,40,1.86,120,105,0.1,0.162,ohm,0.162,1.09,LSM821M2C--A2540,156,3000,105,820 25  x 40  1.86 0.10 0.162 1.09 LSM821M2C--A2540,parsed,false
177562739838.pdf,LSM,snap_in,160,820,30,30,1.79,120,105,0.1,0.162,ohm,0.162,1.09,LSM821M2C--A3030,157,3000,105,820 30  x 30  1.79 0.10 0.162 1.09 LSM821M2C--A3030,parsed,false
177562739838.pdf,LSM,snap_in,160,820,35,25,1.79,120,105,0.15,0.243,ohm,0.243,1.09,LSM821M2C--A3525,158,3000,105,820 35  x 25  1.79 0.15 0.243 1.09 LSM821M2C--A3525,parsed,false
177562739838.pdf,LSM,snap_in,160,1000,22,50,2.18,120,105,0.1,0.133,ohm,0.133,1.2,LSM102M2C--A2250,159,3000,105,"1,000 22  x 50  2.18 0.10 0.133 1.20 LSM102M2C--A2250",parsed,false
177562739838.pdf,LSM,snap_in,160,1000,25,45,2.15,120,105,0.1,0.133,ohm,0.133,1.2,LSM102M2C--A2545,160,3000,105,"1,000 25  x 45  2.15 0.10 0.133 1.20 LSM102M2C--A2545",parsed,false
177562739838.pdf,LSM,snap_in,160,1000,30,35,2.09,120,105,0.1,0.133,ohm,0.133,1.2,LSM102M2C--A3035,161,3000,105,"1,000 30  x 35  2.09 0.10 0.133 1.20 LSM102M2C--A3035",parsed,false
177562739838.pdf,LSM,snap_in,160,1000,35,25,1.98,120,105,0.15,0.199,ohm,0.199,1.2,LSM102M2C--A3525,162,3000,105,"1,000 35  x 25  1.98 0.15 0.199 1.20 LSM102M2C--A3525",parsed,false
177562739838.pdf,LSM,snap_in,160,1200,25,50,2.35,120,105,0.1,0.111,ohm,0.111,1.31,LSM122M2C--A2550,163,3000,105,"1,200 25  x 50  2.35 0.10 0.111 1.31 LSM122M2C--A2550",parsed,false
177562739838.pdf,LSM,snap_in,160,1200,30,40,2.35,120,105,0.1,0.111,ohm,0.111,1.31,LSM122M2C--A3040,164,3000,105,"1,200 30  x 40  2.35 0.10 0.111 1.31 LSM122M2C--A3040",parsed,false
177562739838.pdf,LSM,snap_in,160,1200,35,30,2.29,120,105,0.15,0.166,ohm,0.166,1.31,LSM122M2C--A3530,165,3000,105,"1,200 35  x 30  2.29 0.15 0.166 1.31 LSM122M2C--A3530",parsed,false
177562739838.pdf,LSM,snap_in,160,1500,30,35,2.56,120,105,0.1,0.088,ohm,0.088,1.47,LSM152M2C--A3035,166,3000,105,"1,500 30  x 35  2.56 0.10 0.088 1.47 LSM152M2C--A3035",parsed,false
177562739838.pdf,LSM,snap_in,160,1500,35,35,2.72,120,105,0.15,0.133,ohm,0.133,1.47,LSM152M2C--A3535,167,3000,105,"1,500 35  x 35  2.72 0.15 0.133 1.47 LSM152M2C--A3535",parsed,false
177562739838.pdf,LSM,snap_in,160,1800,30,45,2.97,120,105,0.1,0.074,ohm,0.074,1.5,LSM182M2C--A3045,168,3000,105,"1,800 30  x 45  2.97 0.10 0.074 1.50 LSM182M2C--A3045",parsed,false
177562739838.pdf,LSM,snap_in,160,1800,35,40,3.09,120,105,0.15,0.111,ohm,0.111,1.5,LSM182M2C--A3540,169,3000,105,"1,800 35  x 40  3.09 0.15 0.111 1.50 LSM182M2C--A3540",parsed,false
177562739838.pdf,LSM,snap_in,160,2200,30,60,3.48,120,105,0.1,0.06,ohm,0.06,1.5,LSM222M2C--A3060,170,3000,105,"2,200 30  x 60  3.48 0.10 0.060 1.50 LSM222M2C--A3060",parsed,false
177562739838.pdf,LSM,snap_in,160,2200,35,50,3.51,120,105,0.15,0.09,ohm,0.09,1.5,LSM222M2C--A3550,171,3000,105,"2,200 35  x 50  3.51 0.15 0.090 1.50 LSM222M2C--A3550",parsed,false
177562739838.pdf,LSM,snap_in,160,2700,35,55,4.05,120,105,0.15,0.074,ohm,0.074,1.5,LSM272M2C--A3555,172,3000,105,"2,700 35  x 55  4.05 0.15 0.074 1.50 LSM272M2C--A3555",parsed,false
177562739838.pdf,LSM,snap_in,200,180,22,20,0.7,120,105,0.1,0.737,ohm,0.737,0.57,LSM181M2D--A2220,173,3000,105,200  180 22  x 20  0.70 0.10 0.737 0.57 LSM181M2D--A2220,parsed,false
177562739838.pdf,LSM,snap_in,200,220,20,25,0.8,120,105,0.1,0.603,ohm,0.603,0.63,LSM221M2D--A2025,174,3000,105,220 20  x 25  0.80 0.10 0.603 0.63 LSM221M2D--A2025,parsed,false
177562739838.pdf,LSM,snap_in,200,220,25,20,0.84,120,105,0.1,0.603,ohm,0.603,0.63,LSM221M2D--A2520,175,3000,105,220 25  x 20  0.84 0.10 0.603 0.63 LSM221M2D--A2520,parsed,false
177562739838.pdf,LSM,snap_in,200,270,20,30,0.96,120,105,0.1,0.491,ohm,0.491,0.7,LSM271M2D--A2030,176,3000,105,270 20  x 30  0.96 0.10 0.491 0.70 LSM271M2D--A2030,parsed,false
177562739838.pdf,LSM,snap_in,200,270,22,25,1.03,120,105,0.1,0.491,ohm,0.491,0.7,LSM271M2D--A2225,177,3000,105,270 22  x 25  1.03 0.10 0.491 0.70 LSM271M2D--A2225,parsed,false
177562739838.pdf,LSM,snap_in,200,330,22,30,1.21,120,105,0.1,0.402,ohm,0.402,0.77,LSM331M2D--A2230,178,3000,105,330 22  x 30  1.21 0.10 0.402 0.77 LSM331M2D--A2230,parsed,false
177562739838.pdf,LSM,snap_in,200,390,20,35,1.24,120,105,0.1,0.34,ohm,0.34,0.84,LSM391M2D--A2035,179,3000,105,390 20  x 35  1.24 0.10 0.340 0.84 LSM391M2D--A2035,parsed,false
177562739838.pdf,LSM,snap_in,200,390,22,35,1.39,120,105,0.1,0.34,ohm,0.34,0.84,LSM391M2D--A2235,180,3000,105,390 22  x 35  1.39 0.10 0.340 0.84 LSM391M2D--A2235,parsed,false
177562739838.pdf,LSM,snap_in,200,390,25,25,1.31,120,105,0.1,0.34,ohm,0.34,0.84,LSM391M2D--A2525,181,3000,105,390 25  x 25  1.31 0.10 0.340 0.84 LSM391M2D--A2525,parsed,false
177562739838.pdf,LSM,snap_in,200,470,20,40,1.44,120,105,0.1,0.282,ohm,0.282,0.92,LSM471M2D--A2040,182,3000,105,470 20  x 40  1.44 0.10 0.282 0.92 LSM471M2D--A2040,parsed,false
177562739838.pdf,LSM,snap_in,200,470,22,35,1.52,120,105,0.1,0.282,ohm,0.282,0.92,LSM471M2D--A2235,183,3000,105,470 22  x 35  1.52 0.10 0.282 0.92 LSM471M2D--A2235,parsed,false
177562739838.pdf,LSM,snap_in,200,470,25,30,1.52,120,105,0.1,0.282,ohm,0.282,0.92,LSM471M2D--A2530,184,3000,105,470 25  x 30  1.52 0.10 0.282 0.92 LSM471M2D--A2530,parsed,false
177562739838.pdf,LSM,snap_in,200,560,20,50,1.74,120,105,0.1,0.237,ohm,0.237,1,LSM561M2D--A2050,185,3000,105,560 20  x 50  1.74 0.10 0.237 1.00 LSM561M2D--A2050,parsed,false
177562739838.pdf,LSM,snap_in,200,560,22,40,1.66,120,105,0.1,0.237,ohm,0.237,1,LSM561M2D--A2240,186,3000,105,560 22  x 40  1.66 0.10 0.237 1.00 LSM561M2D--A2240,parsed,false
177562739838.pdf,LSM,snap_in,200,560,25,35,1.75,120,105,0.1,0.237,ohm,0.237,1,LSM561M2D--A2535,187,3000,105,560 25  x 35  1.75 0.10 0.237 1.00 LSM561M2D--A2535,parsed,false
177562739838.pdf,LSM,snap_in,200,560,30,25,1.64,120,105,0.1,0.237,ohm,0.237,1,LSM561M2D--A3025,188,3000,105,560 30  x 25  1.64 0.10 0.237 1.00 LSM561M2D--A3025,parsed,false
177562739838.pdf,LSM,snap_in,200,680,22,45,2.04,120,105,0.1,0.195,ohm,0.195,1.11,LSM681M2D--A2245,189,3000,105,680 22  x 45  2.04 0.10 0.195 1.11 LSM681M2D--A2245,parsed,false
177562739838.pdf,LSM,snap_in,200,680,25,40,2.04,120,105,0.1,0.195,ohm,0.195,1.11,LSM681M2D--A2540,190,3000,105,680 25  x 40  2.04 0.10 0.195 1.11 LSM681M2D--A2540,parsed,false
177562739838.pdf,LSM,snap_in,200,680,30,30,1.96,120,105,0.1,0.195,ohm,0.195,1.11,LSM681M2D--A3030,191,3000,105,680 30  x 30  1.96 0.10 0.195 1.11 LSM681M2D--A3030,parsed,false
177562739838.pdf,LSM,snap_in,200,820,25,45,2.34,120,105,0.1,0.162,ohm,0.162,1.21,LSM821M2D--A2545,192,3000,105,820 25  x 45  2.34 0.10 0.162 1.21 LSM821M2D--A2545,parsed,false
177562739838.pdf,LSM,snap_in,200,820,30,35,2.27,120,105,0.1,0.162,ohm,0.162,1.21,LSM821M2D--A3035,193,3000,105,820 30  x 35  2.27 0.10 0.162 1.21 LSM821M2D--A3035,parsed,false
177562739838.pdf,LSM,snap_in,200,820,35,25,1.99,120,105,0.15,0.243,ohm,0.243,1.21,LSM821M2D--A3525,194,3000,105,200  820 35  x 25  1.99 0.15 0.243 1.21 LSM821M2D--A3525,parsed,false
177562739838.pdf,LSM,snap_in,200,1000,25,50,2.26,120,105,0.1,0.133,ohm,0.133,1.34,LSM102M2D--A2550,195,3000,105,"1,000 25  x 50  2.26 0.10 0.133 1.34 LSM102M2D--A2550",parsed,false
177562739838.pdf,LSM,snap_in,200,1000,30,40,2.63,120,105,0.1,0.133,ohm,0.133,1.34,LSM102M2D--A3040,196,3000,105,"1,000 30  x 40  2.63 0.10 0.133 1.34 LSM102M2D--A3040",parsed,false
177562739838.pdf,LSM,snap_in,200,1000,35,30,2.51,120,105,0.15,0.199,ohm,0.199,1.34,LSM102M2D--A3530,197,3000,105,"1,000 35  x 30  2.51 0.15 0.199 1.34 LSM102M2D--A3530",parsed,false
177562739838.pdf,LSM,snap_in,200,1200,30,45,3,120,105,0.1,0.111,ohm,0.111,1.47,LSM122M2D--A3045,198,3000,105,"1,200 30  x 45  3.00 0.10 0.111 1.47 LSM122M2D--A3045",parsed,false
177562739838.pdf,LSM,snap_in,200,1200,35,35,2.92,120,105,0.15,0.166,ohm,0.166,1.47,LSM122M2D--A3535,199,3000,105,"1,200 35  x 35  2.92 0.15 0.166 1.47 LSM122M2D--A3535",parsed,false
177562739838.pdf,LSM,snap_in,200,1500,30,50,3.36,120,105,0.1,0.088,ohm,0.088,1.5,LSM152M2D--A3050,200,3000,105,"1,500 30  x 50  3.36 0.10 0.088 1.50 LSM152M2D--A3050",parsed,false
177562739838.pdf,LSM,snap_in,200,1500,35,40,3.34,120,105,0.15,0.133,ohm,0.133,1.5,LSM152M2D--A3540,201,3000,105,"1,500 35  x 40  3.34 0.15 0.133 1.50 LSM152M2D--A3540",parsed,false
177562739838.pdf,LSM,snap_in,200,1800,30,60,3.64,120,105,0.1,0.074,ohm,0.074,1.5,LSM182M2D--A3060,202,3000,105,"1,800 30  x 60  3.64 0.10 0.074 1.50 LSM182M2D--A3060",parsed,false
177562739838.pdf,LSM,snap_in,200,1800,35,45,3.51,120,105,0.15,0.111,ohm,0.111,1.5,LSM182M2D--A3545,203,3000,105,"1,800 35  x 45  3.51 0.15 0.111 1.50 LSM182M2D--A3545",parsed,false
177562739838.pdf,LSM,snap_in,200,2200,35,55,4.01,120,105,0.15,0.09,ohm,0.09,1.5,LSM222M2D--A3555,204,3000,105,"2,200 35  x 55  4.01 0.15 0.090 1.50 LSM222M2D--A3555",parsed,false
177562739838.pdf,LSM,snap_in,250,180,22,25,0.77,120,105,0.1,0.737,ohm,0.737,0.64,LSM181M2E--A2225,205,3000,105,250  180 22  x 25  0.77 0.10 0.737 0.64 LSM181M2E--A2225,parsed,false
177562739838.pdf,LSM,snap_in,250,220,20,30,0.87,120,105,0.1,0.603,ohm,0.603,0.7,LSM221M2E--A2030,206,3000,105,220 20  x 30  0.87 0.10 0.603 0.70 LSM221M2E--A2030,parsed,false
177562739838.pdf,LSM,snap_in,250,270,20,35,1.03,120,105,0.1,0.491,ohm,0.491,0.78,LSM271M2E--A2035,207,3000,105,270 20  x 35  1.03 0.10 0.491 0.78 LSM271M2E--A2035,parsed,false
177562739838.pdf,LSM,snap_in,250,270,22,30,1.02,120,105,0.1,0.491,ohm,0.491,0.78,LSM271M2E--A2230,208,3000,105,270 22  x 30  1.02 0.10 0.491 0.78 LSM271M2E--A2230,parsed,false
177562739838.pdf,LSM,snap_in,250,270,25,25,1.08,120,105,0.1,0.491,ohm,0.491,0.78,LSM271M2E--A2525,209,3000,105,270 25  x 25  1.08 0.10 0.491 0.78 LSM271M2E--A2525,parsed,false
177562739838.pdf,LSM,snap_in,250,330,20,40,1.21,120,105,0.1,0.402,ohm,0.402,0.86,LSM331M2E--A2040,210,3000,105,330 20  x 40  1.21 0.10 0.402 0.86 LSM331M2E--A2040,parsed,false
177562739838.pdf,LSM,snap_in,250,330,22,35,1.2,120,105,0.1,0.402,ohm,0.402,0.86,LSM331M2E--A2235,211,3000,105,330 22  x 35  1.20 0.10 0.402 0.86 LSM331M2E--A2235,parsed,false
177562739838.pdf,LSM,snap_in,250,330,25,30,1.27,120,105,0.1,0.402,ohm,0.402,0.86,LSM331M2E--A2530,212,3000,105,330 25  x 30  1.27 0.10 0.402 0.86 LSM331M2E--A2530,parsed,false
177562739838.pdf,LSM,snap_in,250,390,20,50,1.45,120,105,0.1,0.34,ohm,0.34,0.94,LSM391M2E--A2050,213,3000,105,390 20  x 50  1.45 0.10 0.340 0.94 LSM391M2E--A2050,parsed,false
177562739838.pdf,LSM,snap_in,250,390,22,40,1.38,120,105,0.1,0.34,ohm,0.34,0.94,LSM391M2E--A2240,214,3000,105,390 22  x 40  1.38 0.10 0.340 0.94 LSM391M2E--A2240,parsed,false
177562739838.pdf,LSM,snap_in,250,390,25,35,1.46,120,105,0.1,0.34,ohm,0.34,0.94,LSM391M2E--A2535,215,3000,105,390 25  x 35  1.46 0.10 0.340 0.94 LSM391M2E--A2535,parsed,false
177562739838.pdf,LSM,snap_in,250,390,30,25,1.39,120,105,0.1,0.34,ohm,0.34,0.94,LSM391M2E--A3025,216,3000,105,390 30  x 25  1.39 0.10 0.340 0.94 LSM391M2E--A3025,parsed,false
177562739838.pdf,LSM,snap_in,250,470,22,45,1.46,120,105,0.1,0.282,ohm,0.282,1.03,LSM471M2E--A2245,217,3000,105,470 22  x 45  1.46 0.10 0.282 1.03 LSM471M2E--A2245,parsed,false
177562739838.pdf,LSM,snap_in,250,470,25,40,1.69,120,105,0.1,0.282,ohm,0.282,1.03,LSM471M2E--A2540,218,3000,105,470 25  x 40  1.69 0.10 0.282 1.03 LSM471M2E--A2540,parsed,false
177562739838.pdf,LSM,snap_in,250,470,30,30,1.63,120,105,0.1,0.282,ohm,0.282,1.03,LSM471M2E--A3030,219,3000,105,470 30  x 30  1.63 0.10 0.282 1.03 LSM471M2E--A3030,parsed,false
177562739838.pdf,LSM,snap_in,250,560,25,45,1.93,120,105,0.1,0.237,ohm,0.237,1.12,LSM561M2E--A2545,220,3000,105,560 25  x 45  1.93 0.10 0.237 1.12 LSM561M2E--A2545,parsed,false
177562739838.pdf,LSM,snap_in,250,560,35,25,1.78,120,105,0.15,0.355,ohm,0.355,1.12,LSM561M2E--A3525,221,3000,105,560 35  x 25  1.78 0.15 0.355 1.12 LSM561M2E--A3525,parsed,false
177562739838.pdf,LSM,snap_in,250,680,25,50,2.04,120,105,0.1,0.195,ohm,0.195,1.24,LSM681M2E--A2550,222,3000,105,680 25  x 50  2.04 0.10 0.195 1.24 LSM681M2E--A2550,parsed,false
177562739838.pdf,LSM,snap_in,250,680,30,35,2.06,120,105,0.1,0.195,ohm,0.195,1.24,LSM681M2E--A3035,223,3000,105,680 30  x 35  2.06 0.10 0.195 1.24 LSM681M2E--A3035,parsed,false
177562739838.pdf,LSM,snap_in,250,680,35,30,2.06,120,105,0.15,0.293,ohm,0.293,1.24,LSM681M2E--A3530,224,3000,105,680 35  x 30  2.06 0.15 0.293 1.24 LSM681M2E--A3530,parsed,false
177562739838.pdf,LSM,snap_in,250,820,30,45,2.48,120,105,0.1,0.162,ohm,0.162,1.36,LSM821M2E--A3045,225,3000,105,820 30  x 45  2.48 0.10 0.162 1.36 LSM821M2E--A3045,parsed,false
177562739838.pdf,LSM,snap_in,250,820,35,35,2.41,120,105,0.15,0.243,ohm,0.243,1.36,LSM821M2E--A3535,226,3000,105,820 35  x 35  2.41 0.15 0.243 1.36 LSM821M2E--A3535,parsed,false
177562739838.pdf,LSM,snap_in,250,1000,30,50,2.65,120,105,0.1,0.133,ohm,0.133,1.5,LSM102M2E--A3050,227,3000,105,"1,000 30  x 50  2.65 0.10 0.133 1.50 LSM102M2E--A3050",parsed,false
177562739838.pdf,LSM,snap_in,250,1000,35,40,2.76,120,105,0.15,0.199,ohm,0.199,1.5,LSM102M2E--A3540,228,3000,105,"1,000 35  x 40  2.76 0.15 0.199 1.50 LSM102M2E--A3540",parsed,false
177562739838.pdf,LSM,snap_in,250,1200,30,60,3.15,120,105,0.1,0.111,ohm,0.111,1.5,LSM122M2E--A3060,229,3000,105,"1,200 30  x 60  3.15 0.10 0.111 1.50 LSM122M2E--A3060",parsed,false
177562739838.pdf,LSM,snap_in,250,1200,35,45,3.14,120,105,0.15,0.166,ohm,0.166,1.5,LSM122M2E--A3545,230,3000,105,"1,200 35  x 45  3.14 0.15 0.166 1.50 LSM122M2E--A3545",parsed,false
177562739838.pdf,LSM,snap_in,250,1800,35,60,3.97,120,105,0.15,0.111,ohm,0.111,1.5,LSM182M2E--A3560,231,3000,105,"1,800 35  x 60  3.97 0.15 0.111 1.50 LSM182M2E--A3560",parsed,false
177562739838.pdf,LSM,snap_in,350,100,20,30,0.53,120,105,0.15,1.99,ohm,1.99,0.56,LSM101M2V--A2030,232,3000,105,350  100 20  x 30  0.53 0.15 1.990 0.56 LSM101M2V--A2030,parsed,false
177562739838.pdf,LSM,snap_in,350,100,22,25,0.52,120,105,0.15,1.99,ohm,1.99,0.56,LSM101M2V--A2225,233,3000,105,100 22  x 25  0.52 0.15 1.990 0.56 LSM101M2V--A2225,parsed,false
177562739838.pdf,LSM,snap_in,350,100,25,20,0.52,120,105,0.15,1.99,ohm,1.99,0.56,LSM101M2V--A2520,234,3000,105,100 25  x 20  0.52 0.15 1.990 0.56 LSM101M2V--A2520,parsed,false
177562739838.pdf,LSM,snap_in,350,120,20,35,0.63,120,105,0.15,1.659,ohm,1.659,0.61,LSM121M2V--A2035,235,3000,105,120 20  x 35  0.63 0.15 1.659 0.61 LSM121M2V--A2035,parsed,false
177562739838.pdf,LSM,snap_in,350,120,22,30,0.62,120,105,0.15,1.659,ohm,1.659,0.61,LSM121M2V--A2230,236,3000,105,120 22  x 30  0.62 0.15 1.659 0.61 LSM121M2V--A2230,parsed,false
177562739838.pdf,LSM,snap_in,350,120,25,25,0.65,120,105,0.15,1.659,ohm,1.659,0.61,LSM121M2V--A2525,237,3000,105,120 25  x 25  0.65 0.15 1.659 0.61 LSM121M2V--A2525,parsed,false
177562739838.pdf,LSM,snap_in,350,150,20,40,0.74,120,105,0.15,1.327,ohm,1.327,0.69,LSM151M2V--A2040,238,3000,105,150 20  x 40  0.74 0.15 1.327 0.69 LSM151M2V--A2040,parsed,false
177562739838.pdf,LSM,snap_in,350,150,22,35,0.74,120,105,0.15,1.327,ohm,1.327,0.69,LSM151M2V--A2235,239,3000,105,150 22  x 35  0.74 0.15 1.327 0.69 LSM151M2V--A2235,parsed,false
177562739838.pdf,LSM,snap_in,350,180,20,45,0.81,120,105,0.15,1.106,ohm,1.106,0.75,LSM181M2V--A2045,240,3000,105,180 20  x 45  0.81 0.15 1.106 0.75 LSM181M2V--A2045,parsed,false
177562739838.pdf,LSM,snap_in,350,180,22,40,0.81,120,105,0.15,1.106,ohm,1.106,0.75,LSM181M2V--A2240,241,3000,105,180 22  x 40  0.81 0.15 1.106 0.75 LSM181M2V--A2240,parsed,false
177562739838.pdf,LSM,snap_in,350,180,25,30,0.77,120,105,0.15,1.106,ohm,1.106,0.75,LSM181M2V--A2530,242,3000,105,180 25  x 30  0.77 0.15 1.106 0.75 LSM181M2V--A2530,parsed,false
177562739838.pdf,LSM,snap_in,350,180,30,25,0.8,120,105,0.15,1.106,ohm,1.106,0.75,LSM181M2V--A3025,243,3000,105,180 30  x 25  0.80 0.15 1.106 0.75 LSM181M2V--A3025,parsed,false
177562739838.pdf,LSM,snap_in,350,220,20,50,0.94,120,105,0.15,0.905,ohm,0.905,0.83,LSM221M2V--A2050,244,3000,105,220 20  x 50  0.94 0.15 0.905 0.83 LSM221M2V--A2050,parsed,false
177562739838.pdf,LSM,snap_in,350,220,22,45,0.94,120,105,0.15,0.905,ohm,0.905,0.83,LSM221M2V--A2245,245,3000,105,220 22  x 45  0.94 0.15 0.905 0.83 LSM221M2V--A2245,parsed,false
177562739838.pdf,LSM,snap_in,350,220,25,35,0.91,120,105,0.15,0.905,ohm,0.905,0.83,LSM221M2V--A2535,246,3000,105,220 25  x 35  0.91 0.15 0.905 0.83 LSM221M2V--A2535,parsed,false
177562739838.pdf,LSM,snap_in,350,270,22,50,1.09,120,105,0.15,0.737,ohm,0.737,0.92,LSM271M2V--A2250,247,3000,105,270 22  x 50  1.09 0.15 0.737 0.92 LSM271M2V--A2250,parsed,false
177562739838.pdf,LSM,snap_in,350,270,25,40,1.06,120,105,0.15,0.737,ohm,0.737,0.92,LSM271M2V--A2540,248,3000,105,270 25  x 40  1.06 0.15 0.737 0.92 LSM271M2V--A2540,parsed,false
177562739838.pdf,LSM,snap_in,350,270,30,30,1.05,120,105,0.15,0.737,ohm,0.737,0.92,LSM271M2V--A3030,249,3000,105,270 30  x 30  1.05 0.15 0.737 0.92 LSM271M2V--A3030,parsed,false
177562739838.pdf,LSM,snap_in,350,270,35,25,1.08,120,105,0.15,0.737,ohm,0.737,0.92,LSM271M2V--A3525,250,3000,105,270 35  x 25  1.08 0.15 0.737 0.92 LSM271M2V--A3525,parsed,false
177562739838.pdf,LSM,snap_in,350,330,25,45,1.24,120,105,0.15,0.603,ohm,0.603,1.02,LSM331M2V--A2545,251,3000,105,330 25  x 45  1.24 0.15 0.603 1.02 LSM331M2V--A2545,parsed,false
177562739838.pdf,LSM,snap_in,350,330,30,35,1.24,120,105,0.15,0.603,ohm,0.603,1.02,LSM331M2V--A3035,252,3000,105,330 30  x 35  1.24 0.15 0.603 1.02 LSM331M2V--A3035,parsed,false
177562739838.pdf,LSM,snap_in,350,330,35,30,1.33,120,105,0.15,0.603,ohm,0.603,1.02,LSM331M2V--A3530,253,3000,105,330 35  x 30  1.33 0.15 0.603 1.02 LSM331M2V--A3530,parsed,false
177562739838.pdf,LSM,snap_in,350,390,30,40,1.42,120,105,0.15,0.51,ohm,0.51,1.11,LSM391M2V--A3040,254,3000,105,390 30  x 40  1.42 0.15 0.510 1.11 LSM391M2V--A3040,parsed,false
177562739838.pdf,LSM,snap_in,350,390,35,30,1.39,120,105,0.15,0.51,ohm,0.51,1.11,LSM391M2V--A3530,255,3000,105,390 35  x 30  1.39 0.15 0.510 1.11 LSM391M2V--A3530,parsed,false
177562739838.pdf,LSM,snap_in,350,470,30,45,1.56,120,105,0.15,0.423,ohm,0.423,1.22,LSM471M2V--A3045,256,3000,105,470 30  x 45  1.56 0.15 0.423 1.22 LSM471M2V--A3045,parsed,false
177562739838.pdf,LSM,snap_in,350,470,35,35,1.53,120,105,0.15,0.423,ohm,0.423,1.22,LSM471M2V--A3535,257,3000,105,470 35  x 35  1.53 0.15 0.423 1.22 LSM471M2V--A3535,parsed,false
177562739838.pdf,LSM,snap_in,350,560,30,50,1.78,120,105,0.15,0.355,ohm,0.355,1.33,LSM561M2V--A3050,258,3000,105,560 30  x 50  1.78 0.15 0.355 1.33 LSM561M2V--A3050,parsed,false
177562739838.pdf,LSM,snap_in,350,560,35,40,1.77,120,105,0.15,0.355,ohm,0.355,1.33,LSM561M2V--A3540,259,3000,105,350  560 35  x 40  1.77 0.15 0.355 1.33 LSM561M2V--A3540,parsed,false
177562739838.pdf,LSM,snap_in,350,680,30,60,1.94,120,105,0.15,0.293,ohm,0.293,1.46,LSM681M2V--A3060,260,3000,105,680 30  x 60  1.94 0.15 0.293 1.46 LSM681M2V--A3060,parsed,false
177562739838.pdf,LSM,snap_in,350,680,35,50,1.95,120,105,0.15,0.293,ohm,0.293,1.46,LSM681M2V--A3550,261,3000,105,680 35  x 50  1.95 0.15 0.293 1.46 LSM681M2V--A3550,parsed,false
177562739838.pdf,LSM,snap_in,350,820,35,55,2.23,120,105,0.15,0.243,ohm,0.243,1.5,LSM821M2V--A3555,262,3000,105,820 35  x 55  2.23 0.15 0.243 1.50 LSM821M2V--A3555,parsed,false
177562739838.pdf,LSM,snap_in,400,56,22,20,0.41,120,105,0.15,3.554,ohm,3.554,0.45,LSM560M2G--A2220,263,3000,105,400 56 22  x 20  0.41 0.15 3.554 0.45 LSM560M2G--A2220,parsed,false
177562739838.pdf,LSM,snap_in,400,68,22,25,0.52,120,105,0.15,2.927,ohm,2.927,0.49,LSM680M2G--A2225,264,3000,105,68 22  x 25  0.52 0.15 2.927 0.49 LSM680M2G--A2225,parsed,false
177562739838.pdf,LSM,snap_in,400,68,25,20,0.49,120,105,0.15,2.927,ohm,2.927,0.49,LSM680M2G--A2520,265,3000,105,68 25  x 20  0.49 0.15 2.927 0.49 LSM680M2G--A2520,parsed,false
177562739838.pdf,LSM,snap_in,400,82,20,30,0.54,120,105,0.15,2.427,ohm,2.427,0.54,LSM820M2G--A2030,266,3000,105,82 20  x 30  0.54 0.15 2.427 0.54 LSM820M2G--A2030,parsed,false
177562739838.pdf,LSM,snap_in,400,100,20,35,0.64,120,105,0.15,1.99,ohm,1.99,0.6,LSM101M2G--A2035,267,3000,105,100 20  x 35  0.64 0.15 1.990 0.60 LSM101M2G--A2035,parsed,false
177562739838.pdf,LSM,snap_in,400,100,22,30,0.67,120,105,0.15,1.99,ohm,1.99,0.6,LSM101M2G--A2230,268,3000,105,100 22  x 30  0.67 0.15 1.990 0.60 LSM101M2G--A2230,parsed,false
177562739838.pdf,LSM,snap_in,400,120,20,40,0.74,120,105,0.15,1.659,ohm,1.659,0.66,LSM121M2G--A2040,269,3000,105,120 20  x 40  0.74 0.15 1.659 0.66 LSM121M2G--A2040,parsed,false
177562739838.pdf,LSM,snap_in,400,120,22,35,0.78,120,105,0.15,1.659,ohm,1.659,0.66,LSM121M2G--A2235,270,3000,105,120 22  x 35  0.78 0.15 1.659 0.66 LSM121M2G--A2235,parsed,false
177562739838.pdf,LSM,snap_in,400,120,25,25,0.69,120,105,0.15,1.659,ohm,1.659,0.66,LSM121M2G--A2525,271,3000,105,120 25  x 25  0.69 0.15 1.659 0.66 LSM121M2G--A2525,parsed,false
177562739838.pdf,LSM,snap_in,400,150,20,45,0.87,120,105,0.15,1.327,ohm,1.327,0.73,LSM151M2G--A2045,272,3000,105,150 20  x 45  0.87 0.15 1.327 0.73 LSM151M2G--A2045,parsed,false
177562739838.pdf,LSM,snap_in,400,150,22,40,0.91,120,105,0.15,1.327,ohm,1.327,0.73,LSM151M2G--A2240,273,3000,105,150 22  x 40  0.91 0.15 1.327 0.73 LSM151M2G--A2240,parsed,false
177562739838.pdf,LSM,snap_in,400,150,25,30,0.83,120,105,0.15,1.327,ohm,1.327,0.73,LSM151M2G--A2530,274,3000,105,150 25  x 30  0.83 0.15 1.327 0.73 LSM151M2G--A2530,parsed,false
177562739838.pdf,LSM,snap_in,400,150,30,25,0.86,120,105,0.15,1.327,ohm,1.327,0.73,LSM151M2G--A3025,275,3000,105,150 30  x 25  0.86 0.15 1.327 0.73 LSM151M2G--A3025,parsed,false
177562739838.pdf,LSM,snap_in,400,180,22,45,1.04,120,105,0.15,1.106,ohm,1.106,0.8,LSM181M2G--A2245,276,3000,105,180 22  x 45  1.04 0.15 1.106 0.80 LSM181M2G--A2245,parsed,false
177562739838.pdf,LSM,snap_in,400,180,25,35,0.97,120,105,0.15,1.106,ohm,1.106,0.8,LSM181M2G--A2535,277,3000,105,180 25  x 35  0.97 0.15 1.106 0.80 LSM181M2G--A2535,parsed,false
177562739838.pdf,LSM,snap_in,400,220,22,50,1.17,120,105,0.15,0.905,ohm,0.905,0.89,LSM221M2G--A2250,278,3000,105,220 22  x 50  1.17 0.15 0.905 0.89 LSM221M2G--A2250,parsed,false
177562739838.pdf,LSM,snap_in,400,220,25,40,1.14,120,105,0.15,0.905,ohm,0.905,0.89,LSM221M2G--A2540,279,3000,105,220 25  x 40  1.14 0.15 0.905 0.89 LSM221M2G--A2540,parsed,false
177562739838.pdf,LSM,snap_in,400,220,30,30,1.12,120,105,0.15,0.905,ohm,0.905,0.89,LSM221M2G--A3030,280,3000,105,220 30  x 30  1.12 0.15 0.905 0.89 LSM221M2G--A3030,parsed,false
177562739838.pdf,LSM,snap_in,400,220,35,25,1.15,120,105,0.15,0.905,ohm,0.905,0.89,LSM221M2G--A3525,281,3000,105,220 35  x 25  1.15 0.15 0.905 0.89 LSM221M2G--A3525,parsed,false
177562739838.pdf,LSM,snap_in,400,270,25,50,1.4,120,105,0.15,0.737,ohm,0.737,0.99,LSM271M2G--A2550,282,3000,105,270 25  x 50  1.40 0.15 0.737 0.99 LSM271M2G--A2550,parsed,false
177562739838.pdf,LSM,snap_in,400,270,30,35,1.31,120,105,0.15,0.737,ohm,0.737,0.99,LSM271M2G--A3035,283,3000,105,270 30  x 35  1.31 0.15 0.737 0.99 LSM271M2G--A3035,parsed,false
177562739838.pdf,LSM,snap_in,400,270,35,30,1.31,120,105,0.15,0.737,ohm,0.737,0.99,LSM271M2G--A3530,284,3000,105,270 35  x 30  1.31 0.15 0.737 0.99 LSM271M2G--A3530,parsed,false
177562739838.pdf,LSM,snap_in,400,330,30,40,1.39,120,105,0.15,0.603,ohm,0.603,1.09,LSM331M2G--A3040,285,3000,105,330 30  x 40  1.39 0.15 0.603 1.09 LSM331M2G--A3040,parsed,false
177562739838.pdf,LSM,snap_in,400,330,35,30,1.34,120,105,0.15,0.603,ohm,0.603,1.09,LSM331M2G--A3530,286,3000,105,330 35  x 30  1.34 0.15 0.603 1.09 LSM331M2G--A3530,parsed,false
177562739838.pdf,LSM,snap_in,400,390,30,45,1.49,120,105,0.15,0.51,ohm,0.51,1.18,LSM391M2G--A3045,287,3000,105,390 30  x 45  1.49 0.15 0.510 1.18 LSM391M2G--A3045,parsed,false
177562739838.pdf,LSM,snap_in,400,390,35,35,1.47,120,105,0.15,0.51,ohm,0.51,1.18,LSM391M2G--A3535,288,3000,105,390 35  x 35  1.47 0.15 0.510 1.18 LSM391M2G--A3535,parsed,false
177562739838.pdf,LSM,snap_in,400,470,30,50,1.72,120,105,0.15,0.423,ohm,0.423,1.3,LSM471M2G--A3050,289,3000,105,470 30  x 50  1.72 0.15 0.423 1.30 LSM471M2G--A3050,parsed,false
177562739838.pdf,LSM,snap_in,400,470,35,40,1.71,120,105,0.15,0.423,ohm,0.423,1.3,LSM471M2G--A3540,290,3000,105,470 35  x 40  1.71 0.15 0.423 1.30 LSM471M2G--A3540,parsed,false
177562739838.pdf,LSM,snap_in,400,560,30,60,2.03,120,105,0.15,0.355,ohm,0.355,1.42,LSM561M2G--A3060,291,3000,105,560 30  x 60  2.03 0.15 0.355 1.42 LSM561M2G--A3060,parsed,false
177562739838.pdf,LSM,snap_in,400,560,35,45,2.23,120,105,0.15,0.355,ohm,0.355,1.42,LSM561M2G--A3545,292,3000,105,560 35  x 45  2.23 0.15 0.355 1.42 LSM561M2G--A3545,parsed,false
177562739838.pdf,LSM,snap_in,400,680,35,55,2.31,120,105,0.15,0.293,ohm,0.293,1.5,LSM681M2G--A3555,293,3000,105,680 35  x 55  2.31 0.15 0.293 1.50 LSM681M2G--A3555,parsed,false
177562739838.pdf,LSM,snap_in,400,820,35,60,2.54,120,105,0.15,0.243,ohm,0.243,1.5,LSM821M2G--A3560,294,3000,105,820 35  x 60  2.54 0.15 0.243 1.50 LSM821M2G--A3560,parsed,false
177562739838.pdf,LSM,snap_in,420,56,20,25,0.41,120,105,0.15,3.554,ohm,3.554,0.46,LSM560M2P--A2025,295,3000,105,420 56 20  x 25  0.41 0.15 3.554 0.46 LSM560M2P--A2025,parsed,false
177562739838.pdf,LSM,snap_in,420,56,22,20,0.4,120,105,0.15,3.554,ohm,3.554,0.46,LSM560M2P--A2220,296,3000,105,56 22  x 20  0.40 0.15 3.554 0.46 LSM560M2P--A2220,parsed,false
177562739838.pdf,LSM,snap_in,420,68,20,30,0.49,120,105,0.15,2.927,ohm,2.927,0.51,LSM680M2P--A2030,297,3000,105,68 20  x 30  0.49 0.15 2.927 0.51 LSM680M2P--A2030,parsed,false
177562739838.pdf,LSM,snap_in,420,68,22,25,0.48,120,105,0.15,2.927,ohm,2.927,0.51,LSM680M2P--A2225,298,3000,105,68 22  x 25  0.48 0.15 2.927 0.51 LSM680M2P--A2225,parsed,false
177562739838.pdf,LSM,snap_in,420,82,20,30,0.54,120,105,0.15,2.427,ohm,2.427,0.56,LSM820M2P--A2030,299,3000,105,82 20  x 30  0.54 0.15 2.427 0.56 LSM820M2P--A2030,parsed,false
177562739838.pdf,LSM,snap_in,420,82,22,25,0.53,120,105,0.15,2.427,ohm,2.427,0.56,LSM820M2P--A2225,300,3000,105,82 22  x 25  0.53 0.15 2.427 0.56 LSM820M2P--A2225,parsed,false
177562739838.pdf,LSM,snap_in,420,100,20,35,0.64,120,105,0.15,1.99,ohm,1.99,0.61,LSM101M2P--A2035,301,3000,105,100 20  x 35  0.64 0.15 1.990 0.61 LSM101M2P--A2035,parsed,false
177562739838.pdf,LSM,snap_in,420,100,22,30,0.63,120,105,0.15,1.99,ohm,1.99,0.61,LSM101M2P--A2230,302,3000,105,100 22  x 30  0.63 0.15 1.990 0.61 LSM101M2P--A2230,parsed,false
177562739838.pdf,LSM,snap_in,420,100,25,25,0.63,120,105,0.15,1.99,ohm,1.99,0.61,LSM101M2P--A2525,303,3000,105,100 25  x 25  0.63 0.15 1.990 0.61 LSM101M2P--A2525,parsed,false
177562739838.pdf,LSM,snap_in,420,120,20,40,0.74,120,105,0.15,1.659,ohm,1.659,0.67,LSM121M2P--A2040,304,3000,105,120 20  x 40  0.74 0.15 1.659 0.67 LSM121M2P--A2040,parsed,false
177562739838.pdf,LSM,snap_in,420,120,22,35,0.74,120,105,0.15,1.659,ohm,1.659,0.67,LSM121M2P--A2235,305,3000,105,120 22  x 35  0.74 0.15 1.659 0.67 LSM121M2P--A2235,parsed,false
177562739838.pdf,LSM,snap_in,420,120,25,30,0.78,120,105,0.15,1.659,ohm,1.659,0.67,LSM121M2P--A2530,306,3000,105,120 25  x 30  0.78 0.15 1.659 0.67 LSM121M2P--A2530,parsed,false
177562739838.pdf,LSM,snap_in,420,150,20,50,0.92,120,105,0.15,1.327,ohm,1.327,0.75,LSM151M2P--A2050,307,3000,105,150 20  x 50  0.92 0.15 1.327 0.75 LSM151M2P--A2050,parsed,false
177562739838.pdf,LSM,snap_in,420,150,22,40,0.87,120,105,0.15,1.327,ohm,1.327,0.75,LSM151M2P--A2240,308,3000,105,150 22  x 40  0.87 0.15 1.327 0.75 LSM151M2P--A2240,parsed,false
177562739838.pdf,LSM,snap_in,420,150,30,25,0.8,120,105,0.15,1.327,ohm,1.327,0.75,LSM151M2P--A3025,309,3000,105,150 30  x 25  0.80 0.15 1.327 0.75 LSM151M2P--A3025,parsed,false
177562739838.pdf,LSM,snap_in,420,180,22,45,0.93,120,105,0.15,1.106,ohm,1.106,0.82,LSM181M2P--A2245,310,3000,105,180 22  x 45  0.93 0.15 1.106 0.82 LSM181M2P--A2245,parsed,false
177562739838.pdf,LSM,snap_in,420,180,25,35,0.9,120,105,0.15,1.106,ohm,1.106,0.82,LSM181M2P--A2535,311,3000,105,180 25  x 35  0.90 0.15 1.106 0.82 LSM181M2P--A2535,parsed,false
177562739838.pdf,LSM,snap_in,420,180,30,30,0.98,120,105,0.15,1.106,ohm,1.106,0.82,LSM181M2P--A3030,312,3000,105,180 30  x 30  0.98 0.15 1.106 0.82 LSM181M2P--A3030,parsed,false
177562739838.pdf,LSM,snap_in,420,220,25,45,1.01,120,105,0.15,0.905,ohm,0.905,0.91,LSM221M2P--A2545,313,3000,105,220 25  x 45  1.01 0.15 0.905 0.91 LSM221M2P--A2545,parsed,false
177562739838.pdf,LSM,snap_in,420,220,30,35,1.05,120,105,0.15,0.905,ohm,0.905,0.91,LSM221M2P--A3035,314,3000,105,220 30  x 35  1.05 0.15 0.905 0.91 LSM221M2P--A3035,parsed,false
177562739838.pdf,LSM,snap_in,420,220,35,25,0.97,120,105,0.15,0.905,ohm,0.905,0.91,LSM221M2P--A3525,315,3000,105,220 35  x 25  0.97 0.15 0.905 0.91 LSM221M2P--A3525,parsed,false
177562739838.pdf,LSM,snap_in,420,270,25,50,1.17,120,105,0.15,0.737,ohm,0.737,1.01,LSM271M2P--A2550,316,3000,105,270 25  x 50  1.17 0.15 0.737 1.01 LSM271M2P--A2550,parsed,false
177562739838.pdf,LSM,snap_in,420,270,30,40,1.22,120,105,0.15,0.737,ohm,0.737,1.01,LSM271M2P--A3040,317,3000,105,270 30  x 40  1.22 0.15 0.737 1.01 LSM271M2P--A3040,parsed,false
177562739838.pdf,LSM,snap_in,420,270,35,30,1.15,120,105,0.15,0.737,ohm,0.737,1.01,LSM271M2P--A3530,318,3000,105,270 35  x 30  1.15 0.15 0.737 1.01 LSM271M2P--A3530,parsed,false
177562739838.pdf,LSM,snap_in,420,330,30,45,1.37,120,105,0.15,0.603,ohm,0.603,1.12,LSM331M2P--A3045,319,3000,105,330 30  x 45  1.37 0.15 0.603 1.12 LSM331M2P--A3045,parsed,false
177562739838.pdf,LSM,snap_in,420,330,35,35,1.35,120,105,0.15,0.603,ohm,0.603,1.12,LSM331M2P--A3535,320,3000,105,330 35  x 35  1.35 0.15 0.603 1.12 LSM331M2P--A3535,parsed,false
177562739838.pdf,LSM,snap_in,420,390,30,50,1.56,120,105,0.15,0.51,ohm,0.51,1.21,LSM391M2P--A3050,321,3000,105,390 30  x 50  1.56 0.15 0.510 1.21 LSM391M2P--A3050,parsed,false
177562739838.pdf,LSM,snap_in,420,390,35,40,1.55,120,105,0.15,0.51,ohm,0.51,1.21,LSM391M2P--A3540,322,3000,105,390 35  x 40  1.55 0.15 0.510 1.21 LSM391M2P--A3540,parsed,false
177562739838.pdf,LSM,snap_in,420,470,30,60,1.76,120,105,0.15,0.423,ohm,0.423,1.33,LSM471M2P--A3060,323,3000,105,470 30  x 60  1.76 0.15 0.423 1.33 LSM471M2P--A3060,parsed,false
177562739838.pdf,LSM,snap_in,420,470,35,45,1.7,120,105,0.15,0.423,ohm,0.423,1.33,LSM471M2P--A3545,324,3000,105,420  470 35  x 45  1.70 0.15 0.423 1.33 LSM471M2P--A3545,parsed,false
177562739838.pdf,LSM,snap_in,420,560,35,50,1.94,120,105,0.15,0.355,ohm,0.355,1.45,LSM561M2P--A3550,325,3000,105,560 35  x 50  1.94 0.15 0.355 1.45 LSM561M2P--A3550,parsed,false
177562739838.pdf,LSM,snap_in,420,680,35,60,2.31,120,105,0.15,0.293,ohm,0.293,1.5,LSM681M2P--A3560,326,3000,105,680 35  x 60  2.31 0.15 0.293 1.50 LSM681M2P--A3560,parsed,false
177562739838.pdf,LSM,snap_in,450,56,20,25,0.41,120,105,0.15,3.554,ohm,3.554,0.48,LSM560M2W--A2025,327,3000,105,450 56 20  x 25  0.41 0.15 3.554 0.48 LSM560M2W--A2025,parsed,false
177562739838.pdf,LSM,snap_in,450,82,20,30,0.54,120,105,0.15,2.427,ohm,2.427,0.58,LSM820M2W--A2030,328,3000,105,82 20  x 30  0.54 0.15 2.427 0.58 LSM820M2W--A2030,parsed,false
177562739838.pdf,LSM,snap_in,450,82,25,25,0.57,120,105,0.15,2.427,ohm,2.427,0.58,LSM820M2W--A2525,329,3000,105,82 25  x 25  0.57 0.15 2.427 0.58 LSM820M2W--A2525,parsed,false
177562739838.pdf,LSM,snap_in,450,100,20,45,0.71,120,105,0.15,1.99,ohm,1.99,0.64,LSM101M2W--A2045,330,3000,105,100 20  x 45  0.71 0.15 1.990 0.64 LSM101M2W--A2045,parsed,false
177562739838.pdf,LSM,snap_in,450,100,22,35,0.67,120,105,0.15,1.99,ohm,1.99,0.64,LSM101M2W--A2235,331,3000,105,100 22  x 35  0.67 0.15 1.990 0.64 LSM101M2W--A2235,parsed,false
177562739838.pdf,LSM,snap_in,450,120,20,50,0.82,120,105,0.15,1.659,ohm,1.659,0.7,LSM121M2W--A2050,332,3000,105,120 20  x 50  0.82 0.15 1.659 0.70 LSM121M2W--A2050,parsed,false
177562739838.pdf,LSM,snap_in,450,120,22,40,0.78,120,105,0.15,1.659,ohm,1.659,0.7,LSM121M2W--A2240,333,3000,105,120 22  x 40  0.78 0.15 1.659 0.70 LSM121M2W--A2240,parsed,false
177562739838.pdf,LSM,snap_in,450,120,25,30,0.74,120,105,0.15,1.659,ohm,1.659,0.7,LSM121M2W--A2530,334,3000,105,120 25  x 30  0.74 0.15 1.659 0.70 LSM121M2W--A2530,parsed,false
177562739838.pdf,LSM,snap_in,450,120,30,25,0.77,120,105,0.15,1.659,ohm,1.659,0.7,LSM121M2W--A3025,335,3000,105,120 30  x 25  0.77 0.15 1.659 0.70 LSM121M2W--A3025,parsed,false
177562739838.pdf,LSM,snap_in,450,150,22,45,0.92,120,105,0.15,1.327,ohm,1.327,0.78,LSM151M2W--A2245,336,3000,105,150 22  x 45  0.92 0.15 1.327 0.78 LSM151M2W--A2245,parsed,false
177562739838.pdf,LSM,snap_in,450,150,25,35,0.89,120,105,0.15,1.327,ohm,1.327,0.78,LSM151M2W--A2535,337,3000,105,150 25  x 35  0.89 0.15 1.327 0.78 LSM151M2W--A2535,parsed,false
177562739838.pdf,LSM,snap_in,450,150,30,30,0.93,120,105,0.15,1.327,ohm,1.327,0.78,LSM151M2W--A3030,338,3000,105,150 30  x 30  0.93 0.15 1.327 0.78 LSM151M2W--A3030,parsed,false
177562739838.pdf,LSM,snap_in,450,150,35,25,0.95,120,105,0.15,1.327,ohm,1.327,0.78,LSM151M2W--A3525,339,3000,105,150 35  x 25  0.95 0.15 1.327 0.78 LSM151M2W--A3525,parsed,false
177562739838.pdf,LSM,snap_in,450,180,22,50,1.06,120,105,0.15,1.106,ohm,1.106,0.85,LSM181M2W--A2250,340,3000,105,180 22  x 50  1.06 0.15 1.106 0.85 LSM181M2W--A2250,parsed,false
177562739838.pdf,LSM,snap_in,450,180,25,40,1.03,120,105,0.15,1.106,ohm,1.106,0.85,LSM181M2W--A2540,341,3000,105,180 25  x 40  1.03 0.15 1.106 0.85 LSM181M2W--A2540,parsed,false
177562739838.pdf,LSM,snap_in,450,180,30,30,1.01,120,105,0.15,1.106,ohm,1.106,0.85,LSM181M2W--A3030,342,3000,105,180 30  x 30  1.01 0.15 1.106 0.85 LSM181M2W--A3030,parsed,false
177562739838.pdf,LSM,snap_in,450,180,35,25,1.04,120,105,0.15,1.106,ohm,1.106,0.85,LSM181M2W--A3525,343,3000,105,180 35  x 25  1.04 0.15 1.106 0.85 LSM181M2W--A3525,parsed,false
177562739838.pdf,LSM,snap_in,450,220,25,45,1.18,120,105,0.15,0.905,ohm,0.905,0.94,LSM221M2W--A2545,344,3000,105,220 25  x 45  1.18 0.15 0.905 0.94 LSM221M2W--A2545,parsed,false
177562739838.pdf,LSM,snap_in,450,220,30,35,1.18,120,105,0.15,0.905,ohm,0.905,0.94,LSM221M2W--A3035,345,3000,105,220 30  x 35  1.18 0.15 0.905 0.94 LSM221M2W--A3035,parsed,false
177562739838.pdf,LSM,snap_in,450,220,35,30,1.22,120,105,0.15,0.905,ohm,0.905,0.94,LSM221M2W--A3530,346,3000,105,220 35  x 30  1.22 0.15 0.905 0.94 LSM221M2W--A3530,parsed,false
177562739838.pdf,LSM,snap_in,450,270,30,40,1.17,120,105,0.15,0.737,ohm,0.737,1.05,LSM271M2W--A3040,347,3000,105,270 30  x 40  1.17 0.15 0.737 1.05 LSM271M2W--A3040,parsed,false
177562739838.pdf,LSM,snap_in,450,330,30,50,1.42,120,105,0.15,0.603,ohm,0.603,1.16,LSM331M2W--A3050,348,3000,105,330 30  x 50  1.42 0.15 0.603 1.16 LSM331M2W--A3050,parsed,false
177562739838.pdf,LSM,snap_in,450,330,35,35,1.64,120,105,0.15,0.603,ohm,0.603,1.16,LSM331M2W--A3535,349,3000,105,330 35  x 35  1.64 0.15 0.603 1.16 LSM331M2W--A3535,parsed,false
177562739838.pdf,LSM,snap_in,450,390,35,40,1.74,120,105,0.15,0.51,ohm,0.51,1.26,LSM391M2W--A3540,350,3000,105,390 35  x 40  1.74 0.15 0.510 1.26 LSM391M2W--A3540,parsed,false
177562739838.pdf,LSM,snap_in,450,470,35,50,1.85,120,105,0.15,0.423,ohm,0.423,1.38,LSM471M2W--A3550,351,3000,105,470 35  x 50  1.85 0.15 0.423 1.38 LSM471M2W--A3550,parsed,false
177562739838.pdf,LSM,snap_in,450,560,35,50,2.02,120,105,0.15,0.355,ohm,0.355,1.5,LSM561M2W--A3550,352,3000,105,560 35  x 50  2.02 0.15 0.355 1.50 LSM561M2W--A3550,parsed,false
177562739838.pdf,LSM,snap_in,500,82,22,35,0.68,120,105,0.15,2.427,ohm,2.427,0.61,LSM820M2H--A2235,353,3000,105,500  82 22  x 35  0.68 0.15 2.427 0.61 LSM820M2H--A2235,parsed,false
177562739838.pdf,LSM,snap_in,500,82,25,35,0.73,120,105,0.15,2.427,ohm,2.427,0.61,LSM820M2H--A2535,354,3000,105,82 25  x 35  0.73 0.15 2.427 0.61 LSM820M2H--A2535,parsed,false
177562739838.pdf,LSM,snap_in,500,100,22,40,0.79,120,105,0.15,1.99,ohm,1.99,0.67,LSM101M2H--A2240,355,3000,105,100 22  x 40  0.79 0.15 1.990 0.67 LSM101M2H--A2240,parsed,false
177562739838.pdf,LSM,snap_in,500,100,25,40,0.85,120,105,0.15,1.99,ohm,1.99,0.67,LSM101M2H--A2540,356,3000,105,100 25  x 40  0.85 0.15 1.990 0.67 LSM101M2H--A2540,parsed,false
177562739838.pdf,LSM,snap_in,500,100,30,35,1.2,120,105,0.15,1.99,ohm,1.99,0.67,LSM101M2H--A3035,357,3000,105,100 30  x 35  1.20 0.15 1.990 0.67 LSM101M2H--A3035,parsed,false
177562739838.pdf,LSM,snap_in,500,120,22,45,0.91,120,105,0.15,1.659,ohm,1.659,0.73,LSM121M2H--A2245,358,3000,105,120 22  x 45  0.91 0.15 1.659 0.73 LSM121M2H--A2245,parsed,false
177562739838.pdf,LSM,snap_in,500,120,25,45,0.98,120,105,0.15,1.659,ohm,1.659,0.73,LSM121M2H--A2545,359,3000,105,120 25  x 45  0.98 0.15 1.659 0.73 LSM121M2H--A2545,parsed,false
177562739838.pdf,LSM,snap_in,500,150,22,50,1.07,120,105,0.15,1.327,ohm,1.327,0.82,LSM151M2H--A2250,360,3000,105,150 22  x 50  1.07 0.15 1.327 0.82 LSM151M2H--A2250,parsed,false
177562739838.pdf,LSM,snap_in,500,150,25,55,1.2,120,105,0.15,1.327,ohm,1.327,0.82,LSM151M2H--A2555,361,3000,105,150 25  x 55  1.20 0.15 1.327 0.82 LSM151M2H--A2555,parsed,false
177562739838.pdf,LSM,snap_in,500,220,30,40,1.4,120,105,0.15,0.905,ohm,0.905,0.99,LSM221M2H--A3040,362,3000,105,220 30  x 40  1.40 0.15 0.905 0.99 LSM221M2H--A3040,parsed,false
177562739838.pdf,LSM,snap_in,500,270,35,35,1.61,120,105,0.15,0.737,ohm,0.737,1.1,LSM271M2H--A3535,363,3000,105,270 35  x 35  1.61 0.15 0.737 1.10 LSM271M2H--A3535,parsed,false
177562739838.pdf,LSM,snap_in,500,330,35,40,1.88,120,105,0.15,0.603,ohm,0.603,1.22,LSM331M2H--A3540,364,3000,105,330 35  x 40  1.88 0.15 0.603 1.22 LSM331M2H--A3540,parsed,false
177562739838.pdf,LSM,snap_in,500,390,35,45,2.15,120,105,0.15,0.51,ohm,0.51,1.32,LSM391M2H--A3545,365,3000,105,390 35  x 45  2.15 0.15 0.510 1.32 LSM391M2H--A3545,parsed,false
177562741846.pdf,LSK,snap_in,160,390,22,35,1.05,120,105,0.15,0.51,ohm,0.51,0.75,LSK391M2C--A2235,1,5000,105,160 390 22  x 35  1.05 0.15 0.510 0.75 LSK391M2C--A2235,parsed,false
177562741846.pdf,LSK,snap_in,160,470,20,40,1.16,120,105,0.15,0.423,ohm,0.423,0.82,LSK471M2C--A2040,2,5000,105,470 20  x 40  1.16 0.15 0.423 0.82 LSK471M2C--A2040,parsed,false
177562741846.pdf,LSK,snap_in,160,470,22,40,1.23,120,105,0.15,0.423,ohm,0.423,0.82,LSK471M2C--A2240,3,5000,105,470 22  x 40  1.23 0.15 0.423 0.82 LSK471M2C--A2240,parsed,false
177562741846.pdf,LSK,snap_in,160,470,25,30,1.17,120,105,0.15,0.423,ohm,0.423,0.82,LSK471M2C--A2530,4,5000,105,470 25  x 30  1.17 0.15 0.423 0.82 LSK471M2C--A2530,parsed,false
177562741846.pdf,LSK,snap_in,160,560,22,45,1.41,120,105,0.15,0.355,ohm,0.355,0.9,LSK561M2C--A2245,5,5000,105,560 22  x 45  1.41 0.15 0.355 0.90 LSK561M2C--A2245,parsed,false
177562741846.pdf,LSK,snap_in,160,560,25,35,1.36,120,105,0.15,0.355,ohm,0.355,0.9,LSK561M2C--A2535,6,5000,105,560 25  x 35  1.36 0.15 0.355 0.90 LSK561M2C--A2535,parsed,false
177562741846.pdf,LSK,snap_in,160,560,30,25,1.32,120,105,0.15,0.355,ohm,0.355,0.9,LSK561M2C--A3025,7,5000,105,560 30  x 25  1.32 0.15 0.355 0.90 LSK561M2C--A3025,parsed,false
177562741846.pdf,LSK,snap_in,160,680,22,50,1.63,120,105,0.15,0.293,ohm,0.293,0.99,LSK681M2C--A2250,8,5000,105,680 22  x 50  1.63 0.15 0.293 0.99 LSK681M2C--A2250,parsed,false
177562741846.pdf,LSK,snap_in,160,680,25,40,1.59,120,105,0.15,0.293,ohm,0.293,0.99,LSK681M2C--A2540,9,5000,105,680 25  x 40  1.59 0.15 0.293 0.99 LSK681M2C--A2540,parsed,false
177562741846.pdf,LSK,snap_in,160,680,30,30,1.56,120,105,0.15,0.293,ohm,0.293,0.99,LSK681M2C--A3030,10,5000,105,680 30  x 30  1.56 0.15 0.293 0.99 LSK681M2C--A3030,parsed,false
177562741846.pdf,LSK,snap_in,160,820,25,45,1.83,120,105,0.15,0.243,ohm,0.243,1.09,LSK821M2C--A2545,11,5000,105,820 25  x 45  1.83 0.15 0.243 1.09 LSK821M2C--A2545,parsed,false
177562741846.pdf,LSK,snap_in,160,820,30,35,1.83,120,105,0.15,0.243,ohm,0.243,1.09,LSK821M2C--A3035,12,5000,105,820 30  x 35  1.83 0.15 0.243 1.09 LSK821M2C--A3035,parsed,false
177562741846.pdf,LSK,snap_in,160,820,35,30,1.89,120,105,0.15,0.243,ohm,0.243,1.09,LSK821M2C--A3530,13,5000,105,820 35  x 30  1.89 0.15 0.243 1.09 LSK821M2C--A3530,parsed,false
177562741846.pdf,LSK,snap_in,160,1000,25,50,2.12,120,105,0.15,0.199,ohm,0.199,1.2,LSK102M2C--A2550,14,5000,105,"1,000 25  x 50  2.12 0.15 0.199 1.20 LSK102M2C--A2550",parsed,false
177562741846.pdf,LSK,snap_in,160,1000,30,40,2.13,120,105,0.15,0.199,ohm,0.199,1.2,LSK102M2C--A3040,15,5000,105,"1,000 30  x 40  2.13 0.15 0.199 1.20 LSK102M2C--A3040",parsed,false
177562741846.pdf,LSK,snap_in,160,1000,35,30,2.08,120,105,0.15,0.199,ohm,0.199,1.2,LSK102M2C--A3530,16,5000,105,"1,000 35  x 30  2.08 0.15 0.199 1.20 LSK102M2C--A3530",parsed,false
177562741846.pdf,LSK,snap_in,160,1200,30,45,2.46,120,105,0.15,0.166,ohm,0.166,1.31,LSK122M2C--A3045,17,5000,105,"1,200 30  x 45  2.46 0.15 0.166 1.31 LSK122M2C--A3045",parsed,false
177562741846.pdf,LSK,snap_in,160,1200,35,35,2.42,120,105,0.15,0.166,ohm,0.166,1.31,LSK122M2C--A3535,18,5000,105,"1,200 35  x 35  2.42 0.15 0.166 1.31 LSK122M2C--A3535",parsed,false
177562741846.pdf,LSK,snap_in,160,1500,30,50,2.88,120,105,0.15,0.133,ohm,0.133,1.47,LSK152M2C--A3050,19,5000,105,"1,500 30  x 50  2.88 0.15 0.133 1.47 LSK152M2C--A3050",parsed,false
177562741846.pdf,LSK,snap_in,160,1500,35,40,2.86,120,105,0.15,0.133,ohm,0.133,1.47,LSK152M2C--A3540,20,5000,105,"1,500 35  x 40  2.86 0.15 0.133 1.47 LSK152M2C--A3540",parsed,false
177562741846.pdf,LSK,snap_in,160,1800,35,45,3.29,120,105,0.15,0.111,ohm,0.111,1.5,LSK182M2C--A3545,21,5000,105,"1,800 35  x 45  3.29 0.15 0.111 1.50 LSK182M2C--A3545",parsed,false
177562741846.pdf,LSK,snap_in,200,180,22,20,0.59,120,105,0.15,1.106,ohm,1.106,0.57,LSK181M2D--A2220,22,5000,105,200  180 22  x 20  0.59 0.15 1.106 0.57 LSK181M2D--A2220,parsed,false
177562741846.pdf,LSK,snap_in,200,220,22,25,0.72,120,105,0.15,0.905,ohm,0.905,0.63,LSK221M2D--A2225,23,5000,105,220 22  x 25  0.72 0.15 0.905 0.63 LSK221M2D--A2225,parsed,false
177562741846.pdf,LSK,snap_in,200,220,25,20,0.71,120,105,0.15,0.905,ohm,0.905,0.63,LSK221M2D--A2520,24,5000,105,220 25  x 20  0.71 0.15 0.905 0.63 LSK221M2D--A2520,parsed,false
177562741846.pdf,LSK,snap_in,200,270,22,30,0.81,120,105,0.15,0.737,ohm,0.737,0.7,LSK271M2D--A2230,25,5000,105,270 22  x 30  0.81 0.15 0.737 0.70 LSK271M2D--A2230,parsed,false
177562741846.pdf,LSK,snap_in,200,270,25,25,0.81,120,105,0.15,0.737,ohm,0.737,0.7,LSK271M2D--A2525,26,5000,105,270 25  x 25  0.81 0.15 0.737 0.70 LSK271M2D--A2525,parsed,false
177562741846.pdf,LSK,snap_in,200,330,22,35,0.92,120,105,0.15,0.603,ohm,0.603,0.77,LSK331M2D--A2235,27,5000,105,330 22  x 35  0.92 0.15 0.603 0.77 LSK331M2D--A2235,parsed,false
177562741846.pdf,LSK,snap_in,200,330,30,20,0.87,120,105,0.15,0.603,ohm,0.603,0.77,LSK331M2D--A3020,28,5000,105,330 30  x 20  0.87 0.15 0.603 0.77 LSK331M2D--A3020,parsed,false
177562741846.pdf,LSK,snap_in,200,390,22,40,1.02,120,105,0.15,0.51,ohm,0.51,0.84,LSK391M2D--A2240,29,5000,105,390 22  x 40  1.02 0.15 0.510 0.84 LSK391M2D--A2240,parsed,false
177562741846.pdf,LSK,snap_in,200,390,25,30,1.01,120,105,0.15,0.51,ohm,0.51,0.84,LSK391M2D--A2530,30,5000,105,390 25  x 30  1.01 0.15 0.510 0.84 LSK391M2D--A2530,parsed,false
177562741846.pdf,LSK,snap_in,200,390,30,25,1.01,120,105,0.15,0.51,ohm,0.51,0.84,LSK391M2D--A3025,31,5000,105,390 30  x 25  1.01 0.15 0.510 0.84 LSK391M2D--A3025,parsed,false
177562741846.pdf,LSK,snap_in,200,390,35,20,1.02,120,105,0.15,0.51,ohm,0.51,0.84,LSK391M2D--A3520,32,5000,105,390 35  x 20  1.02 0.15 0.510 0.84 LSK391M2D--A3520,parsed,false
177562741846.pdf,LSK,snap_in,200,470,22,45,1.1,120,105,0.15,0.423,ohm,0.423,0.92,LSK471M2D--A2245,33,5000,105,470 22  x 45  1.10 0.15 0.423 0.92 LSK471M2D--A2245,parsed,false
177562741846.pdf,LSK,snap_in,200,470,25,35,1.15,120,105,0.15,0.423,ohm,0.423,0.92,LSK471M2D--A2535,34,5000,105,470 25  x 35  1.15 0.15 0.423 0.92 LSK471M2D--A2535,parsed,false
177562741846.pdf,LSK,snap_in,200,470,35,20,1.12,120,105,0.15,0.423,ohm,0.423,0.92,LSK471M2D--A3520,35,5000,105,470 35  x 20  1.12 0.15 0.423 0.92 LSK471M2D--A3520,parsed,false
177562741846.pdf,LSK,snap_in,200,560,22,50,1.22,120,105,0.15,0.355,ohm,0.355,1,LSK561M2D--A2250,36,5000,105,560 22  x 50  1.22 0.15 0.355 1.00 LSK561M2D--A2250,parsed,false
177562741846.pdf,LSK,snap_in,200,560,25,40,1.19,120,105,0.15,0.355,ohm,0.355,1,LSK561M2D--A2540,37,5000,105,560 25  x 40  1.19 0.15 0.355 1.00 LSK561M2D--A2540,parsed,false
177562741846.pdf,LSK,snap_in,200,560,30,30,1.17,120,105,0.15,0.355,ohm,0.355,1,LSK561M2D--A3030,38,5000,105,560 30  x 30  1.17 0.15 0.355 1.00 LSK561M2D--A3030,parsed,false
177562741846.pdf,LSK,snap_in,200,560,35,25,1.31,120,105,0.15,0.355,ohm,0.355,1,LSK561M2D--A3525,39,5000,105,560 35  x 25  1.31 0.15 0.355 1.00 LSK561M2D--A3525,parsed,false
177562741846.pdf,LSK,snap_in,200,680,25,45,1.38,120,105,0.15,0.293,ohm,0.293,1.11,LSK681M2D--A2545,40,5000,105,680 25  x 45  1.38 0.15 0.293 1.11 LSK681M2D--A2545,parsed,false
177562741846.pdf,LSK,snap_in,200,680,30,35,1.37,120,105,0.15,0.293,ohm,0.293,1.11,LSK681M2D--A3035,41,5000,105,680 30  x 35  1.37 0.15 0.293 1.11 LSK681M2D--A3035,parsed,false
177562741846.pdf,LSK,snap_in,200,820,30,40,1.5,120,105,0.15,0.243,ohm,0.243,1.21,LSK821M2D--A3040,42,5000,105,820 30  x 40  1.50 0.15 0.243 1.21 LSK821M2D--A3040,parsed,false
177562741846.pdf,LSK,snap_in,200,820,35,30,1.46,120,105,0.15,0.243,ohm,0.243,1.21,LSK821M2D--A3530,43,5000,105,820 35  x 30  1.46 0.15 0.243 1.21 LSK821M2D--A3530,parsed,false
177562741846.pdf,LSK,snap_in,200,1000,30,50,1.91,120,105,0.15,0.199,ohm,0.199,1.34,LSK102M2D--A3050,44,5000,105,"1,000 30  x 50  1.91 0.15 0.199 1.34 LSK102M2D--A3050",parsed,false
177562741846.pdf,LSK,snap_in,200,1000,35,35,1.72,120,105,0.15,0.199,ohm,0.199,1.34,LSK102M2D--A3535,45,5000,105,"1,000 35  x 35  1.72 0.15 0.199 1.34 LSK102M2D--A3535",parsed,false
177562741846.pdf,LSK,snap_in,200,1200,35,40,1.93,120,105,0.15,0.166,ohm,0.166,1.47,LSK122M2D--A3540,46,5000,105,"1,200 35  x 40  1.93 0.15 0.166 1.47 LSK122M2D--A3540",parsed,false
177562741846.pdf,LSK,snap_in,200,1500,35,50,2.37,120,105,0.15,0.133,ohm,0.133,1.5,LSK152M2D--A3550,47,5000,105,"1,500 35  x 50  2.37 0.15 0.133 1.50 LSK152M2D--A3550",parsed,false
177562741846.pdf,LSK,snap_in,200,1800,35,55,2.7,120,105,0.15,0.111,ohm,0.111,1.5,LSK182M2D--A3555,48,5000,105,"1,800 35  x 55  2.70 0.15 0.111 1.50 LSK182M2D--A3555",parsed,false
177562741846.pdf,LSK,snap_in,250,150,22,25,0.57,120,105,0.15,1.327,ohm,1.327,0.58,LSK151M2E--A2225,49,5000,105,250  150 22  x 25  0.57 0.15 1.327 0.58 LSK151M2E--A2225,parsed,false
177562741846.pdf,LSK,snap_in,250,180,25,20,0.61,120,105,0.15,1.106,ohm,1.106,0.64,LSK181M2E--A2520,50,5000,105,180 25  x 20  0.61 0.15 1.106 0.64 LSK181M2E--A2520,parsed,false
177562741846.pdf,LSK,snap_in,250,220,22,30,0.68,120,105,0.15,0.905,ohm,0.905,0.7,LSK221M2E--A2230,51,5000,105,220 22  x 30  0.68 0.15 0.905 0.70 LSK221M2E--A2230,parsed,false
177562741846.pdf,LSK,snap_in,250,220,25,25,0.75,120,105,0.15,0.905,ohm,0.905,0.7,LSK221M2E--A2525,52,5000,105,220 25  x 25  0.75 0.15 0.905 0.70 LSK221M2E--A2525,parsed,false
177562741846.pdf,LSK,snap_in,250,220,30,20,0.77,120,105,0.15,0.905,ohm,0.905,0.7,LSK221M2E--A3020,53,5000,105,220 30  x 20  0.77 0.15 0.905 0.70 LSK221M2E--A3020,parsed,false
177562741846.pdf,LSK,snap_in,250,270,22,35,0.78,120,105,0.15,0.737,ohm,0.737,0.78,LSK271M2E--A2235,54,5000,105,270 22  x 35  0.78 0.15 0.737 0.78 LSK271M2E--A2235,parsed,false
177562741846.pdf,LSK,snap_in,250,270,25,30,0.83,120,105,0.15,0.737,ohm,0.737,0.78,LSK271M2E--A2530,55,5000,105,270 25  x 30  0.83 0.15 0.737 0.78 LSK271M2E--A2530,parsed,false
177562741846.pdf,LSK,snap_in,250,270,30,20,0.79,120,105,0.15,0.737,ohm,0.737,0.78,LSK271M2E--A3020,56,5000,105,270 30  x 20  0.79 0.15 0.737 0.78 LSK271M2E--A3020,parsed,false
177562741846.pdf,LSK,snap_in,250,270,35,20,0.86,120,105,0.15,0.737,ohm,0.737,0.78,LSK271M2E--A3520,57,5000,105,270 35  x 20  0.86 0.15 0.737 0.78 LSK271M2E--A3520,parsed,false
177562741846.pdf,LSK,snap_in,250,330,22,40,0.91,120,105,0.15,0.603,ohm,0.603,0.86,LSK331M2E--A2240,58,5000,105,330 22  x 40  0.91 0.15 0.603 0.86 LSK331M2E--A2240,parsed,false
177562741846.pdf,LSK,snap_in,250,330,25,35,0.96,120,105,0.15,0.603,ohm,0.603,0.86,LSK331M2E--A2535,59,5000,105,330 25  x 35  0.96 0.15 0.603 0.86 LSK331M2E--A2535,parsed,false
177562741846.pdf,LSK,snap_in,250,390,22,50,1.08,120,105,0.15,0.51,ohm,0.51,0.94,LSK391M2E--A2250,60,5000,105,390 22  x 50  1.08 0.15 0.510 0.94 LSK391M2E--A2250,parsed,false
177562741846.pdf,LSK,snap_in,250,390,25,40,1.07,120,105,0.15,0.51,ohm,0.51,0.94,LSK391M2E--A2540,61,5000,105,390 25  x 40  1.07 0.15 0.510 0.94 LSK391M2E--A2540,parsed,false
177562741846.pdf,LSK,snap_in,250,390,30,30,1.07,120,105,0.15,0.51,ohm,0.51,0.94,LSK391M2E--A3030,62,5000,105,390 30  x 30  1.07 0.15 0.510 0.94 LSK391M2E--A3030,parsed,false
177562741846.pdf,LSK,snap_in,250,470,22,50,1.12,120,105,0.15,0.423,ohm,0.423,1.03,LSK471M2E--A2250,63,5000,105,470 22  x 50  1.12 0.15 0.423 1.03 LSK471M2E--A2250,parsed,false
177562741846.pdf,LSK,snap_in,250,470,25,45,1.15,120,105,0.15,0.423,ohm,0.423,1.03,LSK471M2E--A2545,64,5000,105,470 25  x 45  1.15 0.15 0.423 1.03 LSK471M2E--A2545,parsed,false
177562741846.pdf,LSK,snap_in,250,470,30,35,1.19,120,105,0.15,0.423,ohm,0.423,1.03,LSK471M2E--A3035,65,5000,105,470 30  x 35  1.19 0.15 0.423 1.03 LSK471M2E--A3035,parsed,false
177562741846.pdf,LSK,snap_in,250,470,35,25,1.1,120,105,0.15,0.423,ohm,0.423,1.03,LSK471M2E--A3525,66,5000,105,250  470 35  x 25  1.10 0.15 0.423 1.03 LSK471M2E--A3525,parsed,false
177562741846.pdf,LSK,snap_in,250,560,25,50,1.31,120,105,0.15,0.355,ohm,0.355,1.12,LSK561M2E--A2550,67,5000,105,560 25  x 50  1.31 0.15 0.355 1.12 LSK561M2E--A2550,parsed,false
177562741846.pdf,LSK,snap_in,250,560,30,35,1.25,120,105,0.15,0.355,ohm,0.355,1.12,LSK561M2E--A3035,68,5000,105,560 30  x 35  1.25 0.15 0.355 1.12 LSK561M2E--A3035,parsed,false
177562741846.pdf,LSK,snap_in,250,560,35,30,1.29,120,105,0.15,0.355,ohm,0.355,1.12,LSK561M2E--A3530,69,5000,105,560 35  x 30  1.29 0.15 0.355 1.12 LSK561M2E--A3530,parsed,false
177562741846.pdf,LSK,snap_in,250,680,30,40,1.36,120,105,0.15,0.293,ohm,0.293,1.24,LSK681M2E--A3040,70,5000,105,680 30  x 40  1.36 0.15 0.293 1.24 LSK681M2E--A3040,parsed,false
177562741846.pdf,LSK,snap_in,250,680,35,40,1.57,120,105,0.15,0.293,ohm,0.293,1.24,LSK681M2E--A3540,71,5000,105,680 35  x 40  1.57 0.15 0.293 1.24 LSK681M2E--A3540,parsed,false
177562741846.pdf,LSK,snap_in,250,820,30,50,1.65,120,105,0.15,0.243,ohm,0.243,1.36,LSK821M2E--A3050,72,5000,105,820 30  x 50  1.65 0.15 0.243 1.36 LSK821M2E--A3050,parsed,false
177562741846.pdf,LSK,snap_in,250,1000,35,40,1.76,120,105,0.15,0.199,ohm,0.199,1.5,LSK102M2E--A3540,73,5000,105,"1,000 35  x 40  1.76 0.15 0.199 1.50 LSK102M2E--A3540",parsed,false
177562741846.pdf,LSK,snap_in,315,120,22,25,0.51,120,105,0.15,1.659,ohm,1.659,0.58,LSK121M2F--A2225,74,5000,105,315  120 22  x 25  0.51 0.15 1.659 0.58 LSK121M2F--A2225,parsed,false
177562741846.pdf,LSK,snap_in,315,150,22,30,0.62,120,105,0.15,1.327,ohm,1.327,0.65,LSK151M2F--A2230,75,5000,105,150 22  x 30  0.62 0.15 1.327 0.65 LSK151M2F--A2230,parsed,false
177562741846.pdf,LSK,snap_in,315,180,22,35,0.72,120,105,0.15,1.106,ohm,1.106,0.71,LSK181M2F--A2235,76,5000,105,180 22  x 35  0.72 0.15 1.106 0.71 LSK181M2F--A2235,parsed,false
177562741846.pdf,LSK,snap_in,315,180,25,30,0.73,120,105,0.15,1.106,ohm,1.106,0.71,LSK181M2F--A2530,77,5000,105,180 25  x 30  0.73 0.15 1.106 0.71 LSK181M2F--A2530,parsed,false
177562741846.pdf,LSK,snap_in,315,220,22,40,0.85,120,105,0.15,0.905,ohm,0.905,0.79,LSK221M2F--A2240,78,5000,105,220 22  x 40  0.85 0.15 0.905 0.79 LSK221M2F--A2240,parsed,false
177562741846.pdf,LSK,snap_in,315,220,25,35,0.86,120,105,0.15,0.905,ohm,0.905,0.79,LSK221M2F--A2535,79,5000,105,220 25  x 35  0.86 0.15 0.905 0.79 LSK221M2F--A2535,parsed,false
177562741846.pdf,LSK,snap_in,315,220,30,25,0.84,120,105,0.15,0.905,ohm,0.905,0.79,LSK221M2F--A3025,80,5000,105,220 30  x 25  0.84 0.15 0.905 0.79 LSK221M2F--A3025,parsed,false
177562741846.pdf,LSK,snap_in,315,270,22,45,0.99,120,105,0.15,0.737,ohm,0.737,0.87,LSK271M2F--A2245,81,5000,105,270 22  x 45  0.99 0.15 0.737 0.87 LSK271M2F--A2245,parsed,false
177562741846.pdf,LSK,snap_in,315,270,25,40,1.01,120,105,0.15,0.737,ohm,0.737,0.87,LSK271M2F--A2540,82,5000,105,270 25  x 40  1.01 0.15 0.737 0.87 LSK271M2F--A2540,parsed,false
177562741846.pdf,LSK,snap_in,315,270,30,30,1,120,105,0.15,0.737,ohm,0.737,0.87,LSK271M2F--A3030,83,5000,105,270 30  x 30  1.00 0.15 0.737 0.87 LSK271M2F--A3030,parsed,false
177562741846.pdf,LSK,snap_in,315,330,22,55,1.2,120,105,0.15,0.603,ohm,0.603,0.97,LSK331M2F--A2255,84,5000,105,330 22  x 55  1.20 0.15 0.603 0.97 LSK331M2F--A2255,parsed,false
177562741846.pdf,LSK,snap_in,315,330,25,45,1.18,120,105,0.15,0.603,ohm,0.603,0.97,LSK331M2F--A2545,85,5000,105,330 25  x 45  1.18 0.15 0.603 0.97 LSK331M2F--A2545,parsed,false
177562741846.pdf,LSK,snap_in,315,330,30,35,1.17,120,105,0.15,0.603,ohm,0.603,0.97,LSK331M2F--A3035,86,5000,105,330 30  x 35  1.17 0.15 0.603 0.97 LSK331M2F--A3035,parsed,false
177562741846.pdf,LSK,snap_in,315,330,35,25,1.13,120,105,0.15,0.603,ohm,0.603,0.97,LSK331M2F--A3525,87,5000,105,330 35  x 25  1.13 0.15 0.603 0.97 LSK331M2F--A3525,parsed,false
177562741846.pdf,LSK,snap_in,315,390,25,50,1.34,120,105,0.15,0.51,ohm,0.51,1.05,LSK391M2F--A2550,88,5000,105,390 25  x 50  1.34 0.15 0.510 1.05 LSK391M2F--A2550,parsed,false
177562741846.pdf,LSK,snap_in,315,390,30,40,1.35,120,105,0.15,0.51,ohm,0.51,1.05,LSK391M2F--A3040,89,5000,105,390 30  x 40  1.35 0.15 0.510 1.05 LSK391M2F--A3040,parsed,false
177562741846.pdf,LSK,snap_in,315,390,35,30,1.31,120,105,0.15,0.51,ohm,0.51,1.05,LSK391M2F--A3530,90,5000,105,390 35  x 30  1.31 0.15 0.510 1.05 LSK391M2F--A3530,parsed,false
177562741846.pdf,LSK,snap_in,315,470,30,45,1.56,120,105,0.15,0.423,ohm,0.423,1.15,LSK471M2F--A3045,91,5000,105,470 30  x 45  1.56 0.15 0.423 1.15 LSK471M2F--A3045,parsed,false
177562741846.pdf,LSK,snap_in,315,470,35,35,1.53,120,105,0.15,0.423,ohm,0.423,1.15,LSK471M2F--A3535,92,5000,105,470 35  x 35  1.53 0.15 0.423 1.15 LSK471M2F--A3535,parsed,false
177562741846.pdf,LSK,snap_in,315,560,30,50,1.78,120,105,0.15,0.355,ohm,0.355,1.26,LSK561M2F--A3050,93,5000,105,560 30  x 50  1.78 0.15 0.355 1.26 LSK561M2F--A3050,parsed,false
177562741846.pdf,LSK,snap_in,315,560,35,40,1.77,120,105,0.15,0.355,ohm,0.355,1.26,LSK561M2F--A3540,94,5000,105,560 35  x 40  1.77 0.15 0.355 1.26 LSK561M2F--A3540,parsed,false
177562741846.pdf,LSK,snap_in,315,680,35,45,2.04,120,105,0.15,0.293,ohm,0.293,1.39,LSK681M2F--A3545,95,5000,105,680 35  x 45  2.04 0.15 0.293 1.39 LSK681M2F--A3545,parsed,false
177562741846.pdf,LSK,snap_in,315,820,35,50,2.35,120,105,0.15,0.243,ohm,0.243,1.5,LSK821M2F--A3550,96,5000,105,820 35  x 50  2.35 0.15 0.243 1.50 LSK821M2F--A3550,parsed,false
177562741846.pdf,LSK,snap_in,350,56,22,20,0.32,120,105,0.15,3.554,ohm,3.554,0.42,LSK560M2V--A2220,97,5000,105,350  56 22  x 20  0.32 0.15 3.554 0.42 LSK560M2V--A2220,parsed,false
177562741846.pdf,LSK,snap_in,350,68,22,25,0.39,120,105,0.15,2.927,ohm,2.927,0.46,LSK680M2V--A2225,98,5000,105,68 22  x 25  0.39 0.15 2.927 0.46 LSK680M2V--A2225,parsed,false
177562741846.pdf,LSK,snap_in,350,82,22,30,0.49,120,105,0.15,2.427,ohm,2.427,0.51,LSK820M2V--A2230,99,5000,105,82 22  x 30  0.49 0.15 2.427 0.51 LSK820M2V--A2230,parsed,false
177562741846.pdf,LSK,snap_in,350,82,25,20,0.44,120,105,0.15,2.427,ohm,2.427,0.51,LSK820M2V--A2520,100,5000,105,82 25  x 20  0.44 0.15 2.427 0.51 LSK820M2V--A2520,parsed,false
177562741846.pdf,LSK,snap_in,350,100,22,25,0.45,120,105,0.15,1.99,ohm,1.99,0.56,LSK101M2V--A2225,101,5000,105,100 22  x 25  0.45 0.15 1.990 0.56 LSK101M2V--A2225,parsed,false
177562741846.pdf,LSK,snap_in,350,100,25,25,0.49,120,105,0.15,1.99,ohm,1.99,0.56,LSK101M2V--A2525,102,5000,105,100 25  x 25  0.49 0.15 1.990 0.56 LSK101M2V--A2525,parsed,false
177562741846.pdf,LSK,snap_in,350,120,22,30,0.53,120,105,0.15,1.659,ohm,1.659,0.61,LSK121M2V--A2230,103,5000,105,120 22  x 30  0.53 0.15 1.659 0.61 LSK121M2V--A2230,parsed,false
177562741846.pdf,LSK,snap_in,350,120,25,30,0.55,120,105,0.15,1.659,ohm,1.659,0.61,LSK121M2V--A2530,104,5000,105,120 25  x 30  0.55 0.15 1.659 0.61 LSK121M2V--A2530,parsed,false
177562741846.pdf,LSK,snap_in,350,120,30,20,0.52,120,105,0.15,1.659,ohm,1.659,0.61,LSK121M2V--A3020,105,5000,105,120 30  x 20  0.52 0.15 1.659 0.61 LSK121M2V--A3020,parsed,false
177562741846.pdf,LSK,snap_in,350,150,22,35,0.58,120,105,0.15,1.327,ohm,1.327,0.69,LSK151M2V--A2235,106,5000,105,150 22  x 35  0.58 0.15 1.327 0.69 LSK151M2V--A2235,parsed,false
177562741846.pdf,LSK,snap_in,350,150,25,25,0.54,120,105,0.15,1.327,ohm,1.327,0.69,LSK151M2V--A2525,107,5000,105,150 25  x 25  0.54 0.15 1.327 0.69 LSK151M2V--A2525,parsed,false
177562741846.pdf,LSK,snap_in,350,150,30,25,0.63,120,105,0.15,1.327,ohm,1.327,0.69,LSK151M2V--A3025,108,5000,105,150 30  x 25  0.63 0.15 1.327 0.69 LSK151M2V--A3025,parsed,false
177562741846.pdf,LSK,snap_in,350,150,35,20,0.64,120,105,0.15,1.327,ohm,1.327,0.69,LSK151M2V--A3520,109,5000,105,150 35  x 20  0.64 0.15 1.327 0.69 LSK151M2V--A3520,parsed,false
177562741846.pdf,LSK,snap_in,350,180,22,40,0.67,120,105,0.15,1.106,ohm,1.106,0.75,LSK181M2V--A2240,110,5000,105,180 22  x 40  0.67 0.15 1.106 0.75 LSK181M2V--A2240,parsed,false
177562741846.pdf,LSK,snap_in,350,180,25,30,0.64,120,105,0.15,1.106,ohm,1.106,0.75,LSK181M2V--A2530,111,5000,105,180 25  x 30  0.64 0.15 1.106 0.75 LSK181M2V--A2530,parsed,false
177562741846.pdf,LSK,snap_in,350,220,22,45,0.78,120,105,0.15,0.905,ohm,0.905,0.83,LSK221M2V--A2245,112,5000,105,220 22  x 45  0.78 0.15 0.905 0.83 LSK221M2V--A2245,parsed,false
177562741846.pdf,LSK,snap_in,350,220,25,35,0.76,120,105,0.15,0.905,ohm,0.905,0.83,LSK221M2V--A2535,113,5000,105,220 25  x 35  0.76 0.15 0.905 0.83 LSK221M2V--A2535,parsed,false
177562741846.pdf,LSK,snap_in,350,220,30,25,0.73,120,105,0.15,0.905,ohm,0.905,0.83,LSK221M2V--A3025,114,5000,105,220 30  x 25  0.73 0.15 0.905 0.83 LSK221M2V--A3025,parsed,false
177562741846.pdf,LSK,snap_in,350,220,35,30,0.87,120,105,0.15,0.905,ohm,0.905,0.83,LSK221M2V--A3530,115,5000,105,220 35  x 30  0.87 0.15 0.905 0.83 LSK221M2V--A3530,parsed,false
177562741846.pdf,LSK,snap_in,350,270,22,50,0.88,120,105,0.15,0.737,ohm,0.737,0.92,LSK271M2V--A2250,116,5000,105,270 22  x 50  0.88 0.15 0.737 0.92 LSK271M2V--A2250,parsed,false
177562741846.pdf,LSK,snap_in,350,270,25,40,0.85,120,105,0.15,0.737,ohm,0.737,0.92,LSK271M2V--A2540,117,5000,105,270 25  x 40  0.85 0.15 0.737 0.92 LSK271M2V--A2540,parsed,false
177562741846.pdf,LSK,snap_in,350,270,30,30,0.84,120,105,0.15,0.737,ohm,0.737,0.92,LSK271M2V--A3030,118,5000,105,270 30  x 30  0.84 0.15 0.737 0.92 LSK271M2V--A3030,parsed,false
177562741846.pdf,LSK,snap_in,350,270,35,25,0.86,120,105,0.15,0.737,ohm,0.737,0.92,LSK271M2V--A3525,119,5000,105,270 35  x 25  0.86 0.15 0.737 0.92 LSK271M2V--A3525,parsed,false
177562741846.pdf,LSK,snap_in,350,330,25,45,0.99,120,105,0.15,0.603,ohm,0.603,1.02,LSK331M2V--A2545,120,5000,105,330 25  x 45  0.99 0.15 0.603 1.02 LSK331M2V--A2545,parsed,false
177562741846.pdf,LSK,snap_in,350,330,30,35,0.99,120,105,0.15,0.603,ohm,0.603,1.02,LSK331M2V--A3035,121,5000,105,330 30  x 35  0.99 0.15 0.603 1.02 LSK331M2V--A3035,parsed,false
177562741846.pdf,LSK,snap_in,350,390,30,40,1.14,120,105,0.15,0.51,ohm,0.51,1.11,LSK391M2V--A3040,122,5000,105,390 30  x 40  1.14 0.15 0.510 1.11 LSK391M2V--A3040,parsed,false
177562741846.pdf,LSK,snap_in,350,390,35,30,1.11,120,105,0.15,0.51,ohm,0.51,1.11,LSK391M2V--A3530,123,5000,105,390 35  x 30  1.11 0.15 0.510 1.11 LSK391M2V--A3530,parsed,false
177562741846.pdf,LSK,snap_in,350,470,30,45,1.19,120,105,0.15,0.423,ohm,0.423,1.22,LSK471M2V--A3045,124,5000,105,470 30  x 45  1.19 0.15 0.423 1.22 LSK471M2V--A3045,parsed,false
177562741846.pdf,LSK,snap_in,350,470,35,35,1.18,120,105,0.15,0.423,ohm,0.423,1.22,LSK471M2V--A3535,125,5000,105,470 35  x 35  1.18 0.15 0.423 1.22 LSK471M2V--A3535,parsed,false
177562741846.pdf,LSK,snap_in,350,560,30,50,1.32,120,105,0.15,0.355,ohm,0.355,1.33,LSK561M2V--A3050,126,5000,105,560 30  x 50  1.32 0.15 0.355 1.33 LSK561M2V--A3050,parsed,false
177562741846.pdf,LSK,snap_in,350,560,35,40,1.32,120,105,0.15,0.355,ohm,0.355,1.33,LSK561M2V--A3540,127,5000,105,560 35  x 40  1.32 0.15 0.355 1.33 LSK561M2V--A3540,parsed,false
177562741846.pdf,LSK,snap_in,350,680,35,45,1.52,120,105,0.15,0.293,ohm,0.293,1.46,LSK681M2V--A3545,128,5000,105,680 35  x 45  1.52 0.15 0.293 1.46 LSK681M2V--A3545,parsed,false
177562741846.pdf,LSK,snap_in,350,820,35,50,1.75,120,105,0.15,0.243,ohm,0.243,1.5,LSK821M2V--A3550,129,5000,105,820 35  x 50  1.75 0.15 0.243 1.50 LSK821M2V--A3550,parsed,false
177562741846.pdf,LSK,snap_in,400,56,22,25,0.34,120,105,0.15,3.554,ohm,3.554,0.45,LSK560M2G--A2225,130,5000,105,400 56 22  x 25  0.34 0.15 3.554 0.45 LSK560M2G--A2225,parsed,false
177562741846.pdf,LSK,snap_in,400,68,25,20,0.37,120,105,0.15,2.927,ohm,2.927,0.49,LSK680M2G--A2520,131,5000,105,68 25  x 20  0.37 0.15 2.927 0.49 LSK680M2G--A2520,parsed,false
177562741846.pdf,LSK,snap_in,400,82,22,35,0.5,120,105,0.15,2.427,ohm,2.427,0.54,LSK820M2G--A2235,132,5000,105,82 22  x 35  0.50 0.15 2.427 0.54 LSK820M2G--A2235,parsed,false
177562741846.pdf,LSK,snap_in,400,82,30,20,0.5,120,105,0.15,2.427,ohm,2.427,0.54,LSK820M2G--A3020,133,5000,105,82 30  x 20  0.50 0.15 2.427 0.54 LSK820M2G--A3020,parsed,false
177562741846.pdf,LSK,snap_in,400,100,22,30,0.51,120,105,0.15,1.99,ohm,1.99,0.6,LSK101M2G--A2230,134,5000,105,100 22  x 30  0.51 0.15 1.990 0.60 LSK101M2G--A2230,parsed,false
177562741846.pdf,LSK,snap_in,400,100,25,25,0.51,120,105,0.15,1.99,ohm,1.99,0.6,LSK101M2G--A2525,135,5000,105,100 25  x 25  0.51 0.15 1.990 0.60 LSK101M2G--A2525,parsed,false
177562741846.pdf,LSK,snap_in,400,100,30,25,0.58,120,105,0.15,1.99,ohm,1.99,0.6,LSK101M2G--A3025,136,5000,105,100 30  x 25  0.58 0.15 1.990 0.60 LSK101M2G--A3025,parsed,false
177562741846.pdf,LSK,snap_in,400,120,22,35,0.59,120,105,0.15,1.659,ohm,1.659,0.66,LSK121M2G--A2235,137,5000,105,120 22  x 35  0.59 0.15 1.659 0.66 LSK121M2G--A2235,parsed,false
177562741846.pdf,LSK,snap_in,400,120,25,25,0.55,120,105,0.15,1.659,ohm,1.659,0.66,LSK121M2G--A2525,138,5000,105,120 25  x 25  0.55 0.15 1.659 0.66 LSK121M2G--A2525,parsed,false
177562741846.pdf,LSK,snap_in,400,120,35,20,0.65,120,105,0.15,1.659,ohm,1.659,0.66,LSK121M2G--A3520,139,5000,105,120 35  x 20  0.65 0.15 1.659 0.66 LSK121M2G--A3520,parsed,false
177562741846.pdf,LSK,snap_in,400,150,22,40,0.7,120,105,0.15,1.327,ohm,1.327,0.73,LSK151M2G--A2240,140,5000,105,150 22  x 40  0.70 0.15 1.327 0.73 LSK151M2G--A2240,parsed,false
177562741846.pdf,LSK,snap_in,400,150,25,30,0.67,120,105,0.15,1.327,ohm,1.327,0.73,LSK151M2G--A2530,141,5000,105,150 25  x 30  0.67 0.15 1.327 0.73 LSK151M2G--A2530,parsed,false
177562741846.pdf,LSK,snap_in,400,180,22,45,0.81,120,105,0.15,1.106,ohm,1.106,0.8,LSK181M2G--A2245,142,5000,105,180 22  x 45  0.81 0.15 1.106 0.80 LSK181M2G--A2245,parsed,false
177562741846.pdf,LSK,snap_in,400,180,25,35,0.78,120,105,0.15,1.106,ohm,1.106,0.8,LSK181M2G--A2535,143,5000,105,180 25  x 35  0.78 0.15 1.106 0.80 LSK181M2G--A2535,parsed,false
177562741846.pdf,LSK,snap_in,400,180,30,25,0.76,120,105,0.15,1.106,ohm,1.106,0.8,LSK181M2G--A3025,144,5000,105,180 30  x 25  0.76 0.15 1.106 0.80 LSK181M2G--A3025,parsed,false
177562741846.pdf,LSK,snap_in,400,220,22,50,0.94,120,105,0.15,0.905,ohm,0.905,0.89,LSK221M2G--A2250,145,5000,105,220 22  x 50  0.94 0.15 0.905 0.89 LSK221M2G--A2250,parsed,false
177562741846.pdf,LSK,snap_in,400,220,25,40,0.91,120,105,0.15,0.905,ohm,0.905,0.89,LSK221M2G--A2540,146,5000,105,220 25  x 40  0.91 0.15 0.905 0.89 LSK221M2G--A2540,parsed,false
177562741846.pdf,LSK,snap_in,400,220,30,30,0.9,120,105,0.15,0.905,ohm,0.905,0.89,LSK221M2G--A3030,147,5000,105,220 30  x 30  0.90 0.15 0.905 0.89 LSK221M2G--A3030,parsed,false
177562741846.pdf,LSK,snap_in,400,270,25,45,1.06,120,105,0.15,0.737,ohm,0.737,0.99,LSK271M2G--A2545,148,5000,105,270 25  x 45  1.06 0.15 0.737 0.99 LSK271M2G--A2545,parsed,false
177562741846.pdf,LSK,snap_in,400,270,30,35,1.06,120,105,0.15,0.737,ohm,0.737,0.99,LSK271M2G--A3035,149,5000,105,270 30  x 35  1.06 0.15 0.737 0.99 LSK271M2G--A3035,parsed,false
177562741846.pdf,LSK,snap_in,400,270,35,25,1.02,120,105,0.15,0.737,ohm,0.737,0.99,LSK271M2G--A3525,150,5000,105,270 35  x 25  1.02 0.15 0.737 0.99 LSK271M2G--A3525,parsed,false
177562741846.pdf,LSK,snap_in,400,330,25,50,1.23,120,105,0.15,0.603,ohm,0.603,1.09,LSK331M2G--A2550,151,5000,105,330 25  x 50  1.23 0.15 0.603 1.09 LSK331M2G--A2550,parsed,false
177562741846.pdf,LSK,snap_in,400,330,30,40,1.24,120,105,0.15,0.603,ohm,0.603,1.09,LSK331M2G--A3040,152,5000,105,330 30  x 40  1.24 0.15 0.603 1.09 LSK331M2G--A3040,parsed,false
177562741846.pdf,LSK,snap_in,400,330,35,30,1.21,120,105,0.15,0.603,ohm,0.603,1.09,LSK331M2G--A3530,153,5000,105,330 35  x 30  1.21 0.15 0.603 1.09 LSK331M2G--A3530,parsed,false
177562741846.pdf,LSK,snap_in,400,390,30,45,1.42,120,105,0.15,0.51,ohm,0.51,1.18,LSK391M2G--A3045,154,5000,105,390 30  x 45  1.42 0.15 0.510 1.18 LSK391M2G--A3045,parsed,false
177562741846.pdf,LSK,snap_in,400,390,35,35,1.4,120,105,0.15,0.51,ohm,0.51,1.18,LSK391M2G--A3535,155,5000,105,390 35  x 35  1.40 0.15 0.510 1.18 LSK391M2G--A3535,parsed,false
177562741846.pdf,LSK,snap_in,400,470,30,50,1.63,120,105,0.15,0.423,ohm,0.423,1.3,LSK471M2G--A3050,156,5000,105,470 30  x 50  1.63 0.15 0.423 1.30 LSK471M2G--A3050,parsed,false
177562741846.pdf,LSK,snap_in,400,470,35,40,1.62,120,105,0.15,0.423,ohm,0.423,1.3,LSK471M2G--A3540,157,5000,105,470 35  x 40  1.62 0.15 0.423 1.30 LSK471M2G--A3540,parsed,false
177562741846.pdf,LSK,snap_in,400,560,35,45,1.86,120,105,0.15,0.355,ohm,0.355,1.42,LSK561M2G--A3545,158,5000,105,560 35  x 45  1.86 0.15 0.355 1.42 LSK561M2G--A3545,parsed,false
177562741846.pdf,LSK,snap_in,420,47,22,25,0.27,120,105,0.15,4.235,ohm,4.235,0.42,LSK470M2P--A2225,159,5000,105,420  47 22  x 25  0.27 0.15 4.235 0.42 LSK470M2P--A2225,parsed,false
177562741846.pdf,LSK,snap_in,420,68,25,25,0.36,120,105,0.15,2.927,ohm,2.927,0.51,LSK680M2P--A2525,160,5000,105,68 25  x 25  0.36 0.15 2.927 0.51 LSK680M2P--A2525,parsed,false
177562741846.pdf,LSK,snap_in,420,100,22,30,0.43,120,105,0.15,1.99,ohm,1.99,0.61,LSK101M2P--A2230,161,5000,105,100 22  x 30  0.43 0.15 1.990 0.61 LSK101M2P--A2230,parsed,false
177562741846.pdf,LSK,snap_in,420,100,25,25,0.43,120,105,0.15,1.99,ohm,1.99,0.61,LSK101M2P--A2525,162,5000,105,100 25  x 25  0.43 0.15 1.990 0.61 LSK101M2P--A2525,parsed,false
177562741846.pdf,LSK,snap_in,420,120,22,35,0.5,120,105,0.15,1.659,ohm,1.659,0.67,LSK121M2P--A2235,163,5000,105,120 22  x 35  0.50 0.15 1.659 0.67 LSK121M2P--A2235,parsed,false
177562741846.pdf,LSK,snap_in,420,120,35,25,0.59,120,105,0.15,1.659,ohm,1.659,0.67,LSK121M2P--A3525,164,5000,105,120 35  x 25  0.59 0.15 1.659 0.67 LSK121M2P--A3525,parsed,false
177562741846.pdf,LSK,snap_in,420,150,22,40,0.61,120,105,0.15,1.327,ohm,1.327,0.75,LSK151M2P--A2240,165,5000,105,150 22  x 40  0.61 0.15 1.327 0.75 LSK151M2P--A2240,parsed,false
177562741846.pdf,LSK,snap_in,420,150,25,30,0.58,120,105,0.15,1.327,ohm,1.327,0.75,LSK151M2P--A2530,166,5000,105,150 25  x 30  0.58 0.15 1.327 0.75 LSK151M2P--A2530,parsed,false
177562741846.pdf,LSK,snap_in,420,150,30,25,0.58,120,105,0.15,1.327,ohm,1.327,0.75,LSK151M2P--A3025,167,5000,105,150 30  x 25  0.58 0.15 1.327 0.75 LSK151M2P--A3025,parsed,false
177562741846.pdf,LSK,snap_in,420,180,22,45,0.7,120,105,0.15,1.106,ohm,1.106,0.82,LSK181M2P--A2245,168,5000,105,180 22  x 45  0.70 0.15 1.106 0.82 LSK181M2P--A2245,parsed,false
177562741846.pdf,LSK,snap_in,420,180,25,35,0.68,120,105,0.15,1.106,ohm,1.106,0.82,LSK181M2P--A2535,169,5000,105,180 25  x 35  0.68 0.15 1.106 0.82 LSK181M2P--A2535,parsed,false
177562741846.pdf,LSK,snap_in,420,180,30,30,0.71,120,105,0.15,1.106,ohm,1.106,0.82,LSK181M2P--A3030,170,5000,105,180 30  x 30  0.71 0.15 1.106 0.82 LSK181M2P--A3030,parsed,false
177562741846.pdf,LSK,snap_in,420,220,22,50,0.82,120,105,0.15,0.905,ohm,0.905,0.91,LSK221M2P--A2250,171,5000,105,220 22  x 50  0.82 0.15 0.905 0.91 LSK221M2P--A2250,parsed,false
177562741846.pdf,LSK,snap_in,420,220,25,40,0.8,120,105,0.15,0.905,ohm,0.905,0.91,LSK221M2P--A2540,172,5000,105,220 25  x 40  0.80 0.15 0.905 0.91 LSK221M2P--A2540,parsed,false
177562741846.pdf,LSK,snap_in,420,220,30,35,0.84,120,105,0.15,0.905,ohm,0.905,0.91,LSK221M2P--A3035,173,5000,105,220 30  x 35  0.84 0.15 0.905 0.91 LSK221M2P--A3035,parsed,false
177562741846.pdf,LSK,snap_in,420,220,35,25,0.78,120,105,0.15,0.905,ohm,0.905,0.91,LSK221M2P--A3525,174,5000,105,220 35  x 25  0.78 0.15 0.905 0.91 LSK221M2P--A3525,parsed,false
177562741846.pdf,LSK,snap_in,420,270,25,45,0.93,120,105,0.15,0.737,ohm,0.737,1.01,LSK271M2P--A2545,175,5000,105,270 25  x 45  0.93 0.15 0.737 1.01 LSK271M2P--A2545,parsed,false
177562741846.pdf,LSK,snap_in,420,270,30,40,0.98,120,105,0.15,0.737,ohm,0.737,1.01,LSK271M2P--A3040,176,5000,105,270 30  x 40  0.98 0.15 0.737 1.01 LSK271M2P--A3040,parsed,false
177562741846.pdf,LSK,snap_in,420,270,35,30,0.92,120,105,0.15,0.737,ohm,0.737,1.01,LSK271M2P--A3530,177,5000,105,270 35  x 30  0.92 0.15 0.737 1.01 LSK271M2P--A3530,parsed,false
177562741846.pdf,LSK,snap_in,420,330,25,55,1.12,120,105,0.15,0.603,ohm,0.603,1.12,LSK331M2P--A2555,178,5000,105,330 25  x 55  1.12 0.15 0.603 1.12 LSK331M2P--A2555,parsed,false
177562741846.pdf,LSK,snap_in,420,330,30,45,1.14,120,105,0.15,0.603,ohm,0.603,1.12,LSK331M2P--A3045,179,5000,105,330 30  x 45  1.14 0.15 0.603 1.12 LSK331M2P--A3045,parsed,false
177562741846.pdf,LSK,snap_in,420,330,35,35,1.09,120,105,0.15,0.603,ohm,0.603,1.12,LSK331M2P--A3535,180,5000,105,330 35  x 35  1.09 0.15 0.603 1.12 LSK331M2P--A3535,parsed,false
177562741846.pdf,LSK,snap_in,420,390,30,50,1.25,120,105,0.15,0.51,ohm,0.51,1.21,LSK391M2P--A3050,181,5000,105,390 30  x 50  1.25 0.15 0.510 1.21 LSK391M2P--A3050,parsed,false
177562741846.pdf,LSK,snap_in,420,390,35,40,1.25,120,105,0.15,0.51,ohm,0.51,1.21,LSK391M2P--A3540,182,5000,105,390 35  x 40  1.25 0.15 0.510 1.21 LSK391M2P--A3540,parsed,false
177562741846.pdf,LSK,snap_in,420,470,35,45,1.44,120,105,0.15,0.423,ohm,0.423,1.33,LSK471M2P--A3545,183,5000,105,470 35  x 45  1.44 0.15 0.423 1.33 LSK471M2P--A3545,parsed,false
177562741846.pdf,LSK,snap_in,420,560,35,50,1.64,120,105,0.15,0.355,ohm,0.355,1.45,LSK561M2P--A3550,184,5000,105,560 35  x 50  1.64 0.15 0.355 1.45 LSK561M2P--A3550,parsed,false
177562741846.pdf,LSK,snap_in,450,47,22,25,0.4,120,105,0.15,4.235,ohm,4.235,0.43,LSK470M2W--A2225,185,5000,105,450 47 22  x 25  0.40 0.15 4.235 0.43 LSK470M2W--A2225,parsed,false
177562741846.pdf,LSK,snap_in,450,68,25,25,0.47,120,105,0.15,2.927,ohm,2.927,0.52,LSK680M2W--A2525,186,5000,105,68 25  x 25  0.47 0.15 2.927 0.52 LSK680M2W--A2525,parsed,false
177562741846.pdf,LSK,snap_in,450,82,22,30,0.61,120,105,0.15,2.427,ohm,2.427,0.58,LSK820M2W--A2230,187,5000,105,82 22  x 30  0.61 0.15 2.427 0.58 LSK820M2W--A2230,parsed,false
177562741846.pdf,LSK,snap_in,450,100,22,45,0.64,120,105,0.15,1.99,ohm,1.99,0.64,LSK101M2W--A2245,188,5000,105,100 22  x 45  0.64 0.15 1.990 0.64 LSK101M2W--A2245,parsed,false
177562741846.pdf,LSK,snap_in,450,100,25,25,0.67,120,105,0.15,1.99,ohm,1.99,0.64,LSK101M2W--A2525,189,5000,105,100 25  x 25  0.67 0.15 1.990 0.64 LSK101M2W--A2525,parsed,false
177562741846.pdf,LSK,snap_in,450,100,30,25,0.57,120,105,0.15,1.99,ohm,1.99,0.64,LSK101M2W--A3025,190,5000,105,100 30  x 25  0.57 0.15 1.990 0.64 LSK101M2W--A3025,parsed,false
177562741846.pdf,LSK,snap_in,450,120,22,35,0.72,120,105,0.15,1.659,ohm,1.659,0.7,LSK121M2W--A2235,191,5000,105,120 22  x 35  0.72 0.15 1.659 0.70 LSK121M2W--A2235,parsed,false
177562741846.pdf,LSK,snap_in,450,120,25,30,0.73,120,105,0.15,1.659,ohm,1.659,0.7,LSK121M2W--A2530,192,5000,105,120 25  x 30  0.73 0.15 1.659 0.70 LSK121M2W--A2530,parsed,false
177562741846.pdf,LSK,snap_in,450,150,25,35,0.87,120,105,0.15,1.327,ohm,1.327,0.78,LSK151M2W--A2535,193,5000,105,150 25  x 35  0.87 0.15 1.327 0.78 LSK151M2W--A2535,parsed,false
177562741846.pdf,LSK,snap_in,450,150,30,30,0.71,120,105,0.15,1.327,ohm,1.327,0.78,LSK151M2W--A3030,194,5000,105,150 30  x 30  0.71 0.15 1.327 0.78 LSK151M2W--A3030,parsed,false
177562741846.pdf,LSK,snap_in,450,180,22,50,0.98,120,105,0.15,1.106,ohm,1.106,0.85,LSK181M2W--A2250,195,5000,105,450 180 22  x 50  0.98 0.15 1.106 0.85 LSK181M2W--A2250,parsed,false
177562741846.pdf,LSK,snap_in,450,180,25,40,1.01,120,105,0.15,1.106,ohm,1.106,0.85,LSK181M2W--A2540,196,5000,105,180 25  x 40  1.01 0.15 1.106 0.85 LSK181M2W--A2540,parsed,false
177562741846.pdf,LSK,snap_in,450,180,30,30,1,120,105,0.15,1.106,ohm,1.106,0.85,LSK181M2W--A3030,197,5000,105,180 30  x 30  1.00 0.15 1.106 0.85 LSK181M2W--A3030,parsed,false
177562741846.pdf,LSK,snap_in,450,220,25,45,1.07,120,105,0.15,0.905,ohm,0.905,0.94,LSK221M2W--A2545,198,5000,105,220 25  x 45  1.07 0.15 0.905 0.94 LSK221M2W--A2545,parsed,false
177562741846.pdf,LSK,snap_in,450,220,30,35,1.07,120,105,0.15,0.905,ohm,0.905,0.94,LSK221M2W--A3035,199,5000,105,220 30  x 35  1.07 0.15 0.905 0.94 LSK221M2W--A3035,parsed,false
177562741846.pdf,LSK,snap_in,450,220,35,25,1.03,120,105,0.15,0.905,ohm,0.905,0.94,LSK221M2W--A3525,200,5000,105,220 35  x 25  1.03 0.15 0.905 0.94 LSK221M2W--A3525,parsed,false
177562741846.pdf,LSK,snap_in,450,270,30,40,1.25,120,105,0.15,0.737,ohm,0.737,1.05,LSK271M2W--A3040,201,5000,105,270 30  x 40  1.25 0.15 0.737 1.05 LSK271M2W--A3040,parsed,false
177562741846.pdf,LSK,snap_in,450,270,35,30,1.3,120,105,0.15,0.737,ohm,0.737,1.05,LSK271M2W--A3530,202,5000,105,270 35  x 30  1.30 0.15 0.737 1.05 LSK271M2W--A3530,parsed,false
177562741846.pdf,LSK,snap_in,450,330,30,45,1.46,120,105,0.15,0.603,ohm,0.603,1.16,LSK331M2W--A3045,203,5000,105,330 30  x 45  1.46 0.15 0.603 1.16 LSK331M2W--A3045,parsed,false
177562741846.pdf,LSK,snap_in,450,330,35,35,1.44,120,105,0.15,0.603,ohm,0.603,1.16,LSK331M2W--A3535,204,5000,105,330 35  x 35  1.44 0.15 0.603 1.16 LSK331M2W--A3535,parsed,false
177562741846.pdf,LSK,snap_in,450,390,35,45,1.69,120,105,0.15,0.51,ohm,0.51,1.26,LSK391M2W--A3545,205,5000,105,390 35  x 45  1.69 0.15 0.510 1.26 LSK391M2W--A3545,parsed,false
177562741846.pdf,LSK,snap_in,450,470,35,50,1.87,120,105,0.15,0.423,ohm,0.423,1.38,LSK471M2W--A3550,206,5000,105,470 35  x 50  1.87 0.15 0.423 1.38 LSK471M2W--A3550,parsed,false
177562741846.pdf,LSK,snap_in,500,47,22,25,0.3,120,105,0.15,4.235,ohm,4.235,0.46,LSK470M2H--A2225,207,5000,105,500 47 22  x 25  0.30 0.15 4.235 0.46 LSK470M2H--A2225,parsed,false
177562741846.pdf,LSK,snap_in,500,56,22,30,0.35,120,105,0.15,3.554,ohm,3.554,0.5,LSK560M2H--A2230,208,5000,105,56 22  x 30  0.35 0.15 3.554 0.50 LSK560M2H--A2230,parsed,false
177562741846.pdf,LSK,snap_in,500,56,25,25,0.35,120,105,0.15,3.554,ohm,3.554,0.5,LSK560M2H--A2525,209,5000,105,56 25  x 25  0.35 0.15 3.554 0.50 LSK560M2H--A2525,parsed,false
177562741846.pdf,LSK,snap_in,500,68,22,30,0.39,120,105,0.15,2.927,ohm,2.927,0.55,LSK680M2H--A2230,210,5000,105,68 22  x 30  0.39 0.15 2.927 0.55 LSK680M2H--A2230,parsed,false
177562741846.pdf,LSK,snap_in,500,68,25,30,0.42,120,105,0.15,2.927,ohm,2.927,0.55,LSK680M2H--A2530,211,5000,105,68 25  x 30  0.42 0.15 2.927 0.55 LSK680M2H--A2530,parsed,false
177562741846.pdf,LSK,snap_in,500,82,22,35,0.46,120,105,0.15,2.427,ohm,2.427,0.61,LSK820M2H--A2235,212,5000,105,82 22  x 35  0.46 0.15 2.427 0.61 LSK820M2H--A2235,parsed,false
177562741846.pdf,LSK,snap_in,500,82,25,30,0.46,120,105,0.15,2.427,ohm,2.427,0.61,LSK820M2H--A2530,213,5000,105,82 25  x 30  0.46 0.15 2.427 0.61 LSK820M2H--A2530,parsed,false
177562741846.pdf,LSK,snap_in,500,100,22,40,0.54,120,105,0.15,1.99,ohm,1.99,0.67,LSK101M2H--A2240,214,5000,105,100 22  x 40  0.54 0.15 1.990 0.67 LSK101M2H--A2240,parsed,false
177562741846.pdf,LSK,snap_in,500,100,25,35,0.54,120,105,0.15,1.99,ohm,1.99,0.67,LSK101M2H--A2535,215,5000,105,100 25  x 35  0.54 0.15 1.990 0.67 LSK101M2H--A2535,parsed,false
177562741846.pdf,LSK,snap_in,500,120,22,45,0.62,120,105,0.15,1.659,ohm,1.659,0.73,LSK121M2H--A2245,216,5000,105,120 22  x 45  0.62 0.15 1.659 0.73 LSK121M2H--A2245,parsed,false
177562741846.pdf,LSK,snap_in,500,120,25,40,0.63,120,105,0.15,1.659,ohm,1.659,0.73,LSK121M2H--A2540,217,5000,105,120 25  x 40  0.63 0.15 1.659 0.73 LSK121M2H--A2540,parsed,false
177562741846.pdf,LSK,snap_in,500,150,22,50,0.73,120,105,0.15,1.327,ohm,1.327,0.82,LSK151M2H--A2250,218,5000,105,150 22  x 50  0.73 0.15 1.327 0.82 LSK151M2H--A2250,parsed,false
177562741846.pdf,LSK,snap_in,500,150,25,45,0.75,120,105,0.15,1.327,ohm,1.327,0.82,LSK151M2H--A2545,219,5000,105,150 25  x 45  0.75 0.15 1.327 0.82 LSK151M2H--A2545,parsed,false
177562741846.pdf,LSK,snap_in,500,150,30,30,0.7,120,105,0.15,1.327,ohm,1.327,0.82,LSK151M2H--A3030,220,5000,105,150 30  x 30  0.70 0.15 1.327 0.82 LSK151M2H--A3030,parsed,false
177562741846.pdf,LSK,snap_in,500,180,25,50,0.86,120,105,0.15,1.106,ohm,1.106,0.9,LSK181M2H--A2550,221,5000,105,180 25  x 50  0.86 0.15 1.106 0.90 LSK181M2H--A2550,parsed,false
177562741846.pdf,LSK,snap_in,500,180,30,35,0.81,120,105,0.15,1.106,ohm,1.106,0.9,LSK181M2H--A3035,222,5000,105,180 30  x 35  0.81 0.15 1.106 0.90 LSK181M2H--A3035,parsed,false
177562741846.pdf,LSK,snap_in,500,220,25,50,0.95,120,105,0.15,0.905,ohm,0.905,0.99,LSK221M2H--A2550,223,5000,105,220 25  x 50  0.95 0.15 0.905 0.99 LSK221M2H--A2550,parsed,false
177562741846.pdf,LSK,snap_in,500,220,30,45,1,120,105,0.15,0.905,ohm,0.905,0.99,LSK221M2H--A3045,224,5000,105,220 30  x 45  1.00 0.15 0.905 0.99 LSK221M2H--A3045,parsed,false
177562741846.pdf,LSK,snap_in,500,220,35,30,0.93,120,105,0.15,0.905,ohm,0.905,0.99,LSK221M2H--A3530,225,5000,105,220 35  x 30  0.93 0.15 0.905 0.99 LSK221M2H--A3530,parsed,false
177562741846.pdf,LSK,snap_in,500,270,35,35,1.09,120,105,0.15,0.737,ohm,0.737,1.1,LSK271M2H--A3535,226,5000,105,270 35  x 35  1.09 0.15 0.737 1.10 LSK271M2H--A3535,parsed,false
177562741846.pdf,LSK,snap_in,500,330,35,40,1.28,120,105,0.15,0.603,ohm,0.603,1.22,LSK331M2H--A3540,227,5000,105,330 35  x 40  1.28 0.15 0.603 1.22 LSK331M2H--A3540,parsed,false
177562743518.pdf,LSP,snap_in,350,100,22,25,0.67,120,105,0.105,1.474,ohm,1.474,0.56,LSP101M2V--A2225,1,7000,105,350V 100 22  x 25  0.67 0.105 1.474 0.56 LSP101M2V--A2225,parsed,false
177562743518.pdf,LSP,snap_in,350,120,22,30,0.77,120,105,0.105,1.228,ohm,1.228,0.61,LSP121M2V--A2230,2,7000,105,120 22  x 30  0.77 0.105 1.228 0.61 LSP121M2V--A2230,parsed,false
177562743518.pdf,LSP,snap_in,350,120,25,25,0.76,120,105,0.105,1.228,ohm,1.228,0.61,LSP121M2V--A2525,3,7000,105,120 25  x 25  0.76 0.105 1.228 0.61 LSP121M2V--A2525,parsed,false
177562743518.pdf,LSP,snap_in,350,150,22,35,0.88,120,105,0.105,0.982,ohm,0.982,0.69,LSP151M2V--A2235,4,7000,105,150 22  x 35  0.88 0.105 0.982 0.69 LSP151M2V--A2235,parsed,false
177562743518.pdf,LSP,snap_in,350,150,25,30,0.88,120,105,0.105,0.982,ohm,0.982,0.69,LSP151M2V--A2530,5,7000,105,150 25  x 30  0.88 0.105 0.982 0.69 LSP151M2V--A2530,parsed,false
177562743518.pdf,LSP,snap_in,350,180,22,40,0.99,120,105,0.105,0.819,ohm,0.819,0.75,LSP181M2V--A2240,6,7000,105,180 22  x 40  0.99 0.105 0.819 0.75 LSP181M2V--A2240,parsed,false
177562743518.pdf,LSP,snap_in,350,180,25,30,0.96,120,105,0.105,0.819,ohm,0.819,0.75,LSP181M2V--A2530,7,7000,105,180 25  x 30  0.96 0.105 0.819 0.75 LSP181M2V--A2530,parsed,false
177562743518.pdf,LSP,snap_in,350,180,30,25,0.98,120,105,0.105,0.819,ohm,0.819,0.75,LSP181M2V--A3025,8,7000,105,180 30  x 25  0.98 0.105 0.819 0.75 LSP181M2V--A3025,parsed,false
177562743518.pdf,LSP,snap_in,350,220,22,45,1.12,120,105,0.105,0.737,ohm,0.737,0.83,LSP221M2V--A2245,9,7000,105,220 22  x 45  1.12 0.105 0.737 0.83 LSP221M2V--A2245,parsed,false
177562743518.pdf,LSP,snap_in,350,220,25,35,1.11,120,105,0.105,0.737,ohm,0.737,0.83,LSP221M2V--A2535,10,7000,105,220 25  x 35  1.11 0.105 0.737 0.83 LSP221M2V--A2535,parsed,false
177562743518.pdf,LSP,snap_in,350,220,30,30,1.11,120,105,0.105,0.737,ohm,0.737,0.83,LSP221M2V--A3030,11,7000,105,220 30  x 30  1.11 0.105 0.737 0.83 LSP221M2V--A3030,parsed,false
177562743518.pdf,LSP,snap_in,350,270,25,40,1.26,120,105,0.105,0.6,ohm,0.6,0.92,LSP271M2V--A2540,12,7000,105,270 25  x 40  1.26 0.105 0.600 0.92 LSP271M2V--A2540,parsed,false
177562743518.pdf,LSP,snap_in,350,270,30,35,1.28,120,105,0.105,0.6,ohm,0.6,0.92,LSP271M2V--A3035,13,7000,105,270 30  x 35  1.28 0.105 0.600 0.92 LSP271M2V--A3035,parsed,false
177562743518.pdf,LSP,snap_in,350,330,25,45,1.4,120,105,0.105,0.491,ohm,0.491,1.02,LSP331M2V--A2545,14,7000,105,330 25  x 45  1.40 0.105 0.491 1.02 LSP331M2V--A2545,parsed,false
177562743518.pdf,LSP,snap_in,350,330,30,35,1.42,120,105,0.105,0.491,ohm,0.491,1.02,LSP331M2V--A3035,15,7000,105,330 30  x 35  1.42 0.105 0.491 1.02 LSP331M2V--A3035,parsed,false
177562743518.pdf,LSP,snap_in,350,330,35,30,1.45,120,105,0.105,0.491,ohm,0.491,1.02,LSP331M2V--A3530,16,7000,105,330 35  x 30  1.45 0.105 0.491 1.02 LSP331M2V--A3530,parsed,false
177562743518.pdf,LSP,snap_in,350,390,30,40,1.6,120,105,0.105,0.453,ohm,0.453,1.11,LSP391M2V--A3040,17,7000,105,390 30  x 40  1.60 0.105 0.453 1.11 LSP391M2V--A3040,parsed,false
177562743518.pdf,LSP,snap_in,350,390,35,35,1.61,120,105,0.105,0.453,ohm,0.453,1.11,LSP391M2V--A3535,18,7000,105,390 35  x 35  1.61 0.105 0.453 1.11 LSP391M2V--A3535,parsed,false
177562743518.pdf,LSP,snap_in,350,470,30,50,1.86,120,105,0.105,0.376,ohm,0.376,1.22,LSP471M2V--A3050,19,7000,105,470 30  x 50  1.86 0.105 0.376 1.22 LSP471M2V--A3050,parsed,false
177562743518.pdf,LSP,snap_in,350,470,35,40,1.85,120,105,0.105,0.376,ohm,0.376,1.22,LSP471M2V--A3540,20,7000,105,470 35  x 40  1.85 0.105 0.376 1.22 LSP471M2V--A3540,parsed,false
177562743518.pdf,LSP,snap_in,350,560,35,40,2.02,120,105,0.105,0.316,ohm,0.316,1.33,LSP561M2V--A3540,21,7000,105,560 35  x 40  2.02 0.105 0.316 1.33 LSP561M2V--A3540,parsed,false
177562743518.pdf,LSP,snap_in,350,680,35,50,2.36,120,105,0.105,0.26,ohm,0.26,1.39,LSP681M2V--A3550,22,7000,105,680 35  x 50  2.36 0.105 0.260 1.39 LSP681M2V--A3550,parsed,false
177562743518.pdf,LSP,snap_in,400,68,22,25,0.55,120,105,0.105,2.167,ohm,2.167,0.49,LSP680M2G--A2225,23,7000,105,400V 68 22  x 25  0.55 0.105 2.167 0.49 LSP680M2G--A2225,parsed,false
177562743518.pdf,LSP,snap_in,400,82,22,30,0.63,120,105,0.105,1.797,ohm,1.797,0.54,LSP820M2G--A2230,24,7000,105,82 22  x 30  0.63 0.105 1.797 0.54 LSP820M2G--A2230,parsed,false
177562743518.pdf,LSP,snap_in,400,100,22,30,0.7,120,105,0.105,1.474,ohm,1.474,0.6,LSP101M2G--A2230,25,7000,105,100 22  x 30  0.70 0.105 1.474 0.60 LSP101M2G--A2230,parsed,false
177562743518.pdf,LSP,snap_in,400,100,25,25,0.7,120,105,0.105,1.474,ohm,1.474,0.6,LSP101M2G--A2525,26,7000,105,100 25  x 25  0.70 0.105 1.474 0.60 LSP101M2G--A2525,parsed,false
177562743518.pdf,LSP,snap_in,400,120,22,35,0.79,120,105,0.105,1.228,ohm,1.228,0.66,LSP121M2G--A2235,27,7000,105,120 22  x 35  0.79 0.105 1.228 0.66 LSP121M2G--A2235,parsed,false
177562743518.pdf,LSP,snap_in,400,120,25,30,0.79,120,105,0.105,1.228,ohm,1.228,0.66,LSP121M2G--A2530,28,7000,105,120 25  x 30  0.79 0.105 1.228 0.66 LSP121M2G--A2530,parsed,false
177562743518.pdf,LSP,snap_in,400,150,22,40,0.9,120,105,0.105,0.982,ohm,0.982,0.73,LSP151M2G--A2240,29,7000,105,150 22  x 40  0.90 0.105 0.982 0.73 LSP151M2G--A2240,parsed,false
177562743518.pdf,LSP,snap_in,400,150,25,30,0.88,120,105,0.105,0.982,ohm,0.982,0.73,LSP151M2G--A2530,30,7000,105,150 25  x 30  0.88 0.105 0.982 0.73 LSP151M2G--A2530,parsed,false
177562743518.pdf,LSP,snap_in,400,150,30,25,0.9,120,105,0.105,0.982,ohm,0.982,0.73,LSP151M2G--A3025,31,7000,105,150 30  x 25  0.90 0.105 0.982 0.73 LSP151M2G--A3025,parsed,false
177562743518.pdf,LSP,snap_in,400,180,22,45,0.99,120,105,0.105,0.819,ohm,0.819,0.8,LSP181M2G--A2245,32,7000,105,180 22  x 45  0.99 0.105 0.819 0.80 LSP181M2G--A2245,parsed,false
177562743518.pdf,LSP,snap_in,400,180,25,35,1.01,120,105,0.105,0.819,ohm,0.819,0.8,LSP181M2G--A2535,33,7000,105,180 25  x 35  1.01 0.105 0.819 0.80 LSP181M2G--A2535,parsed,false
177562743518.pdf,LSP,snap_in,400,180,30,30,1.01,120,105,0.105,0.819,ohm,0.819,0.8,LSP181M2G--A3030,34,7000,105,180 30  x 30  1.01 0.105 0.819 0.80 LSP181M2G--A3030,parsed,false
177562743518.pdf,LSP,snap_in,400,220,25,40,1.14,120,105,0.105,0.67,ohm,0.67,0.89,LSP221M2G--A2540,35,7000,105,220 25  x 40  1.14 0.105 0.670 0.89 LSP221M2G--A2540,parsed,false
177562743518.pdf,LSP,snap_in,400,220,30,35,1.16,120,105,0.105,0.67,ohm,0.67,0.89,LSP221M2G--A3035,36,7000,105,220 30  x 35  1.16 0.105 0.670 0.89 LSP221M2G--A3035,parsed,false
177562743518.pdf,LSP,snap_in,400,270,25,50,1.32,120,105,0.105,0.546,ohm,0.546,0.99,LSP271M2G--A2550,37,7000,105,270 25  x 50  1.32 0.105 0.546 0.99 LSP271M2G--A2550,parsed,false
177562743518.pdf,LSP,snap_in,400,270,30,40,1.33,120,105,0.105,0.546,ohm,0.546,0.99,LSP271M2G--A3040,38,7000,105,270 30  x 40  1.33 0.105 0.546 0.99 LSP271M2G--A3040,parsed,false
177562743518.pdf,LSP,snap_in,400,270,35,30,1.31,120,105,0.105,0.546,ohm,0.546,0.99,LSP271M2G--A3530,39,7000,105,270 35  x 30  1.31 0.105 0.546 0.99 LSP271M2G--A3530,parsed,false
177562743518.pdf,LSP,snap_in,400,330,30,45,1.52,120,105,0.105,0.447,ohm,0.447,1.09,LSP331M2G--A3045,40,7000,105,330 30  x 45  1.52 0.105 0.447 1.09 LSP331M2G--A3045,parsed,false
177562743518.pdf,LSP,snap_in,400,330,35,35,1.48,120,105,0.105,0.447,ohm,0.447,1.09,LSP331M2G--A3535,41,7000,105,330 35  x 35  1.48 0.105 0.447 1.09 LSP331M2G--A3535,parsed,false
177562743518.pdf,LSP,snap_in,400,390,30,50,1.69,120,105,0.105,0.378,ohm,0.378,1.18,LSP391M2G--A3050,42,7000,105,390 30  x 50  1.69 0.105 0.378 1.18 LSP391M2G--A3050,parsed,false
177562743518.pdf,LSP,snap_in,400,390,35,40,1.68,120,105,0.105,0.378,ohm,0.378,1.18,LSP391M2G--A3540,43,7000,105,390 35  x 40  1.68 0.105 0.378 1.18 LSP391M2G--A3540,parsed,false
177562743518.pdf,LSP,snap_in,400,470,35,45,1.91,120,105,0.105,0.314,ohm,0.314,1.3,LSP471M2G--A3545,44,7000,105,470 35  x 45  1.91 0.105 0.314 1.30 LSP471M2G--A3545,parsed,false
177562743518.pdf,LSP,snap_in,400,560,35,50,2.14,120,105,0.105,0.263,ohm,0.263,1.42,LSP561M2G--A3550,45,7000,105,560 35  x 50  2.14 0.105 0.263 1.42 LSP561M2G--A3550,parsed,false
177562743518.pdf,LSP,snap_in,450,47,22,25,0.46,120,105,0.105,3.135,ohm,3.135,0.44,LSP470M2W--A2225,46,7000,105,450V 47 22  x 25  0.46 0.105 3.135 0.44 LSP470M2W--A2225,parsed,false
177562743518.pdf,LSP,snap_in,450,56,22,30,0.52,120,105,0.105,2.843,ohm,2.843,0.48,LSP560M2W--A2230,47,7000,105,56 22  x 30  0.52 0.105 2.843 0.48 LSP560M2W--A2230,parsed,false
177562743518.pdf,LSP,snap_in,450,68,22,30,0.58,120,105,0.105,2.631,ohm,2.631,0.52,LSP680M2W--A2230,48,7000,105,68 22  x 30  0.58 0.105 2.631 0.52 LSP680M2W--A2230,parsed,false
177562743518.pdf,LSP,snap_in,450,68,25,25,0.58,120,105,0.105,2.631,ohm,2.631,0.52,LSP680M2W--A2525,49,7000,105,68 25  x 25  0.58 0.105 2.631 0.52 LSP680M2W--A2525,parsed,false
177562743518.pdf,LSP,snap_in,450,82,22,35,0.65,120,105,0.105,1.797,ohm,1.797,0.58,LSP820M2W--A2235,50,7000,105,82 22  x 35  0.65 0.105 1.797 0.58 LSP820M2W--A2235,parsed,false
177562743518.pdf,LSP,snap_in,450,82,25,30,0.65,120,105,0.105,1.797,ohm,1.797,0.58,LSP820M2W--A2530,51,7000,105,82 25  x 30  0.65 0.105 1.797 0.58 LSP820M2W--A2530,parsed,false
177562743518.pdf,LSP,snap_in,450,100,22,40,0.74,120,105,0.105,1.474,ohm,1.474,0.64,LSP101M2W--A2240,52,7000,105,100 22  x 40  0.74 0.105 1.474 0.64 LSP101M2W--A2240,parsed,false
177562743518.pdf,LSP,snap_in,450,100,25,30,0.72,120,105,0.105,1.474,ohm,1.474,0.64,LSP101M2W--A2530,53,7000,105,100 25  x 30  0.72 0.105 1.474 0.64 LSP101M2W--A2530,parsed,false
177562743518.pdf,LSP,snap_in,450,100,30,25,0.73,120,105,0.105,1.474,ohm,1.474,0.64,LSP101M2W--A3025,54,7000,105,100 30  x 25  0.73 0.105 1.474 0.64 LSP101M2W--A3025,parsed,false
177562743518.pdf,LSP,snap_in,450,120,22,45,0.83,120,105,0.105,1.228,ohm,1.228,0.7,LSP121M2W--A2245,55,7000,105,120 22  x 45  0.83 0.105 1.228 0.70 LSP121M2W--A2245,parsed,false
177562743518.pdf,LSP,snap_in,450,120,25,35,0.82,120,105,0.105,1.228,ohm,1.228,0.7,LSP121M2W--A2535,56,7000,105,120 25  x 35  0.82 0.105 1.228 0.70 LSP121M2W--A2535,parsed,false
177562743518.pdf,LSP,snap_in,450,120,30,30,0.82,120,105,0.105,1.228,ohm,1.228,0.7,LSP121M2W--A3030,57,7000,105,120 30  x 30  0.82 0.105 1.228 0.70 LSP121M2W--A3030,parsed,false
177562743518.pdf,LSP,snap_in,450,150,25,40,0.94,120,105,0.105,0.982,ohm,0.982,0.78,LSP151M2W--A2540,58,7000,105,150 25  x 40  0.94 0.105 0.982 0.78 LSP151M2W--A2540,parsed,false
177562743518.pdf,LSP,snap_in,450,150,30,35,0.96,120,105,0.105,0.982,ohm,0.982,0.78,LSP151M2W--A3035,59,7000,105,150 30  x 35  0.96 0.105 0.982 0.78 LSP151M2W--A3035,parsed,false
177562743518.pdf,LSP,snap_in,450,180,30,35,1.05,120,105,0.105,0.819,ohm,0.819,0.85,LSP181M2W--A3035,60,7000,105,180 30  x 35  1.05 0.105 0.819 0.85 LSP181M2W--A3035,parsed,false
177562743518.pdf,LSP,snap_in,450,180,35,30,1.07,120,105,0.105,0.819,ohm,0.819,0.85,LSP181M2W--A3530,61,7000,105,180 35  x 30  1.07 0.105 0.819 0.85 LSP181M2W--A3530,parsed,false
177562743518.pdf,LSP,snap_in,450,220,30,40,1.2,120,105,0.105,0.67,ohm,0.67,0.94,LSP221M2W--A3040,62,7000,105,220 30  x 40  1.20 0.105 0.670 0.94 LSP221M2W--A3040,parsed,false
177562743518.pdf,LSP,snap_in,450,220,35,35,1.21,120,105,0.105,0.67,ohm,0.67,0.94,LSP221M2W--A3535,63,7000,105,220 35  x 35  1.21 0.105 0.670 0.94 LSP221M2W--A3535,parsed,false
177562743518.pdf,LSP,snap_in,450,270,30,50,1.41,120,105,0.105,0.546,ohm,0.546,1.05,LSP271M2W--A3050,64,7000,105,450V 270 30  x 50  1.41 0.105 0.546 1.05 LSP271M2W--A3050,parsed,false
177562743518.pdf,LSP,snap_in,450,270,35,40,1.4,120,105,0.105,0.546,ohm,0.546,1.05,LSP271M2W--A3540,65,7000,105,270 35  x 40  1.40 0.105 0.546 1.05 LSP271M2W--A3540,parsed,false
177562743518.pdf,LSP,snap_in,450,330,35,45,1.6,120,105,0.105,0.447,ohm,0.447,1.16,LSP331M2W--A3545,66,7000,105,330 35  x 45  1.60 0.105 0.447 1.16 LSP331M2W--A3545,parsed,false
177562743518.pdf,LSP,snap_in,450,390,35,50,1.79,120,105,0.105,0.378,ohm,0.378,1.26,LSP391M2W--A3550,67,7000,105,390 35  x 50  1.79 0.105 0.378 1.26 LSP391M2W--A3550,parsed,false
177562745562.pdf,LSR,snap_in,400,100,22,25,1.02,120,105,0.15,1.194,ohm,1.194,0.6,LSR101M2G--A2225,1,3000,105,400 100 22  x 25  1.02 0.15 1.194 0.60 LSR101M2G--A2225,parsed,false
177562745562.pdf,LSR,snap_in,400,120,22,30,1.22,120,105,0.15,0.995,ohm,0.995,0.66,LSR121M2G--A2230,2,3000,105,120 22  x 30  1.22 0.15 0.995 0.66 LSR121M2G--A2230,parsed,false
177562745562.pdf,LSR,snap_in,400,120,25,25,1.22,120,105,0.15,0.995,ohm,0.995,0.66,LSR121M2G--A2525,3,3000,105,120 25  x 25  1.22 0.15 0.995 0.66 LSR121M2G--A2525,parsed,false
177562745562.pdf,LSR,snap_in,400,150,22,35,1.33,120,105,0.15,0.796,ohm,0.796,0.73,LSR151M2G--A2235,4,3000,105,150 22  x 35  1.33 0.15 0.796 0.73 LSR151M2G--A2235,parsed,false
177562745562.pdf,LSR,snap_in,400,180,22,40,1.43,120,105,0.15,0.664,ohm,0.664,0.8,LSR181M2G--A2240,5,3000,105,180 22  x 40  1.43 0.15 0.664 0.80 LSR181M2G--A2240,parsed,false
177562745562.pdf,LSR,snap_in,400,180,25,30,1.43,120,105,0.15,0.664,ohm,0.664,0.8,LSR181M2G--A2530,6,3000,105,180 25  x 30  1.43 0.15 0.664 0.80 LSR181M2G--A2530,parsed,false
177562745562.pdf,LSR,snap_in,400,180,30,25,1.68,120,105,0.15,0.664,ohm,0.664,0.8,LSR181M2G--A3025,7,3000,105,180 30  x 25  1.68 0.15 0.664 0.80 LSR181M2G--A3025,parsed,false
177562745562.pdf,LSR,snap_in,400,220,22,45,1.55,120,105,0.15,0.543,ohm,0.543,0.89,LSR221M2G--A2245,8,3000,105,220 22  x 45  1.55 0.15 0.543 0.89 LSR221M2G--A2245,parsed,false
177562745562.pdf,LSR,snap_in,400,220,25,35,1.65,120,105,0.15,0.543,ohm,0.543,0.89,LSR221M2G--A2535,9,3000,105,220 25  x 35  1.65 0.15 0.543 0.89 LSR221M2G--A2535,parsed,false
177562745562.pdf,LSR,snap_in,400,220,30,30,1.79,120,105,0.15,0.543,ohm,0.543,0.89,LSR221M2G--A3030,10,3000,105,220 30  x 30  1.79 0.15 0.543 0.89 LSR221M2G--A3030,parsed,false
177562745562.pdf,LSR,snap_in,400,270,22,50,1.68,120,105,0.15,0.442,ohm,0.442,0.99,LSR271M2G--A2250,11,3000,105,270 22  x 50  1.68 0.15 0.442 0.99 LSR271M2G--A2250,parsed,false
177562745562.pdf,LSR,snap_in,400,270,25,40,1.83,120,105,0.15,0.442,ohm,0.442,0.99,LSR271M2G--A2540,12,3000,105,270 25  x 40  1.83 0.15 0.442 0.99 LSR271M2G--A2540,parsed,false
177562745562.pdf,LSR,snap_in,400,270,30,35,2.12,120,105,0.15,0.442,ohm,0.442,0.99,LSR271M2G--A3035,13,3000,105,270 30  x 35  2.12 0.15 0.442 0.99 LSR271M2G--A3035,parsed,false
177562745562.pdf,LSR,snap_in,400,270,35,25,2.12,120,105,0.15,0.442,ohm,0.442,0.99,LSR271M2G--A3525,14,3000,105,270 35  x 25  2.12 0.15 0.442 0.99 LSR271M2G--A3525,parsed,false
177562745562.pdf,LSR,snap_in,400,330,25,50,2.12,120,105,0.15,0.362,ohm,0.362,1.09,LSR331M2G--A2550,15,3000,105,330 25  x 50  2.12 0.15 0.362 1.09 LSR331M2G--A2550,parsed,false
177562745562.pdf,LSR,snap_in,400,330,30,40,2.33,120,105,0.15,0.362,ohm,0.362,1.09,LSR331M2G--A3040,16,3000,105,330 30  x 40  2.33 0.15 0.362 1.09 LSR331M2G--A3040,parsed,false
177562745562.pdf,LSR,snap_in,400,330,35,30,2.33,120,105,0.15,0.362,ohm,0.362,1.09,LSR331M2G--A3530,17,3000,105,330 35  x 30  2.33 0.15 0.362 1.09 LSR331M2G--A3530,parsed,false
177562745562.pdf,LSR,snap_in,400,390,30,45,2.52,120,105,0.15,0.306,ohm,0.306,1.18,LSR391M2G--A3045,18,3000,105,390 30  x 45  2.52 0.15 0.306 1.18 LSR391M2G--A3045,parsed,false
177562745562.pdf,LSR,snap_in,400,390,35,35,2.52,120,105,0.15,0.306,ohm,0.306,1.18,LSR391M2G--A3535,19,3000,105,390 35  x 35  2.52 0.15 0.306 1.18 LSR391M2G--A3535,parsed,false
177562745562.pdf,LSR,snap_in,400,470,30,50,2.85,120,105,0.15,0.254,ohm,0.254,1.3,LSR471M2G--A3050,20,3000,105,470 30  x 50  2.85 0.15 0.254 1.30 LSR471M2G--A3050,parsed,false
177562745562.pdf,LSR,snap_in,400,470,35,40,2.85,120,105,0.15,0.254,ohm,0.254,1.3,LSR471M2G--A3540,21,3000,105,470 35  x 40  2.85 0.15 0.254 1.30 LSR471M2G--A3540,parsed,false
177562745562.pdf,LSR,snap_in,400,560,35,45,3.18,120,105,0.15,0.213,ohm,0.213,1.42,LSR561M2G--A3545,22,3000,105,560 35  x 45  3.18 0.15 0.213 1.42 LSR561M2G--A3545,parsed,false
177562745562.pdf,LSR,snap_in,400,680,35,50,3.21,120,105,0.15,0.176,ohm,0.176,1.5,LSR681M2G--A3550,23,3000,105,680 35  x 50  3.21 0.15 0.176 1.50 LSR681M2G--A3550,parsed,false
177562745562.pdf,LSR,snap_in,450,82,22,25,0.96,120,105,0.15,1.456,ohm,1.456,0.58,LSR820M2W--A2225,24,3000,105,450 82 22  x 25  0.96 0.15 1.456 0.58 LSR820M2W--A2225,parsed,false
177562745562.pdf,LSR,snap_in,450,100,22,30,1.04,120,105,0.15,1.194,ohm,1.194,0.64,LSR101M2W--A2230,25,3000,105,100 22  x 30  1.04 0.15 1.194 0.64 LSR101M2W--A2230,parsed,false
177562745562.pdf,LSR,snap_in,450,100,25,25,1.04,120,105,0.15,1.194,ohm,1.194,0.64,LSR101M2W--A2525,26,3000,105,100 25  x 25  1.04 0.15 1.194 0.64 LSR101M2W--A2525,parsed,false
177562745562.pdf,LSR,snap_in,450,120,22,35,1.15,120,105,0.15,0.995,ohm,0.995,0.7,LSR121M2W--A2235,27,3000,105,120 22  x 35  1.15 0.15 0.995 0.70 LSR121M2W--A2235,parsed,false
177562745562.pdf,LSR,snap_in,450,120,25,30,1.22,120,105,0.15,0.995,ohm,0.995,0.7,LSR121M2W--A2530,28,3000,105,120 25  x 30  1.22 0.15 0.995 0.70 LSR121M2W--A2530,parsed,false
177562745562.pdf,LSR,snap_in,450,150,22,40,1.22,120,105,0.15,0.796,ohm,0.796,0.78,LSR151M2W--A2240,29,3000,105,150 22  x 40  1.22 0.15 0.796 0.78 LSR151M2W--A2240,parsed,false
177562745562.pdf,LSR,snap_in,450,150,25,35,1.31,120,105,0.15,0.796,ohm,0.796,0.78,LSR151M2W--A2535,30,3000,105,150 25  x 35  1.31 0.15 0.796 0.78 LSR151M2W--A2535,parsed,false
177562745562.pdf,LSR,snap_in,450,150,30,25,1.31,120,105,0.15,0.796,ohm,0.796,0.78,LSR151M2W--A3025,31,3000,105,150 30  x 25  1.31 0.15 0.796 0.78 LSR151M2W--A3025,parsed,false
177562745562.pdf,LSR,snap_in,450,180,22,45,1.35,120,105,0.15,0.664,ohm,0.664,0.85,LSR181M2W--A2245,32,3000,105,180 22  x 45  1.35 0.15 0.664 0.85 LSR181M2W--A2245,parsed,false
177562745562.pdf,LSR,snap_in,450,180,25,40,1.35,120,105,0.15,0.664,ohm,0.664,0.85,LSR181M2W--A2540,33,3000,105,180 25  x 40  1.35 0.15 0.664 0.85 LSR181M2W--A2540,parsed,false
177562745562.pdf,LSR,snap_in,450,180,30,30,1.6,120,105,0.15,0.664,ohm,0.664,0.85,LSR181M2W--A3030,34,3000,105,180 30  x 30  1.60 0.15 0.664 0.85 LSR181M2W--A3030,parsed,false
177562745562.pdf,LSR,snap_in,450,180,35,25,1.6,120,105,0.15,0.664,ohm,0.664,0.85,LSR181M2W--A3525,35,3000,105,180 35  x 25  1.60 0.15 0.664 0.85 LSR181M2W--A3525,parsed,false
177562745562.pdf,LSR,snap_in,450,220,25,45,1.55,120,105,0.15,0.543,ohm,0.543,0.94,LSR221M2W--A2545,36,3000,105,220 25  x 45  1.55 0.15 0.543 0.94 LSR221M2W--A2545,parsed,false
177562745562.pdf,LSR,snap_in,450,220,30,35,1.71,120,105,0.15,0.543,ohm,0.543,0.94,LSR221M2W--A3035,37,3000,105,220 30  x 35  1.71 0.15 0.543 0.94 LSR221M2W--A3035,parsed,false
177562745562.pdf,LSR,snap_in,450,270,25,50,1.74,120,105,0.15,0.442,ohm,0.442,1.05,LSR271M2W--A2550,38,3000,105,270 25  x 50  1.74 0.15 0.442 1.05 LSR271M2W--A2550,parsed,false
177562745562.pdf,LSR,snap_in,450,270,30,40,1.9,120,105,0.15,0.442,ohm,0.442,1.05,LSR271M2W--A3040,39,3000,105,270 30  x 40  1.90 0.15  0.442 1.05 LSR271M2W--A3040,parsed,false
177562745562.pdf,LSR,snap_in,450,270,35,30,1.9,120,105,0.15,0.442,ohm,0.442,1.05,LSR271M2W--A3530,40,3000,105,270 35  x 30  1.90 0.15 0.442 1.05 LSR271M2W--A3530,parsed,false
177562745562.pdf,LSR,snap_in,450,330,30,45,2.2,120,105,0.15,0.362,ohm,0.362,1.16,LSR331M2W--A3045,41,3000,105,330 30  x 45  2.20 0.15 0.362 1.16 LSR331M2W--A3045,parsed,false
177562745562.pdf,LSR,snap_in,450,330,35,35,2.2,120,105,0.15,0.362,ohm,0.362,1.16,LSR331M2W--A3535,42,3000,105,330 35  x 35  2.20 0.15 0.362 1.16 LSR331M2W--A3535,parsed,false
177562745562.pdf,LSR,snap_in,450,390,30,50,2.4,120,105,0.15,0.306,ohm,0.306,1.26,LSR391M2W--A3050,43,3000,105,390 30  x 50  2.40 0.15 0.306 1.26 LSR391M2W--A3050,parsed,false
177562745562.pdf,LSR,snap_in,450,390,35,40,2.42,120,105,0.15,0.306,ohm,0.306,1.26,LSR391M2W--A3540,44,3000,105,390 35  x 40  2.42 0.15 0.306 1.26 LSR391M2W--A3540,parsed,false
177562745562.pdf,LSR,snap_in,450,470,35,45,2.67,120,105,0.15,0.254,ohm,0.254,1.38,LSR471M2W--A3545,45,3000,105,470 35  x 45  2.67 0.15 0.254 1.38 LSR471M2W--A3545,parsed,false
177562745562.pdf,LSR,snap_in,450,560,35,50,2.85,120,105,0.15,0.213,ohm,0.213,1.5,LSR561M2W--A3550,46,3000,105,560 35  x 50  2.85 0.15 0.213 1.50 LSR561M2W--A3550,parsed,false
177562748349.pdf,LS2,snap_in,200,560,35,20,2.08,120,85,0.15,0.355,ohm,0.355,1,LS2561M2D--A3520,1,2000,85,200 560 35  x 20  2.08 0.15 0.355 1.00 LS2561M2D--A3520,parsed,false
177562748349.pdf,LS2,snap_in,200,680,35,20,2.23,120,85,0.15,0.293,ohm,0.293,1.11,LS2681M2D--A3520,2,2000,85,680 35  x 20  2.23 0.15 0.293 1.11 LS2681M2D--A3520,parsed,false
177562748349.pdf,LS2,snap_in,200,680,35,25,2.3,120,85,0.15,0.293,ohm,0.293,1.11,LS2681M2D--A3525,3,2000,85,680 35  x 25  2.30 0.15 0.293 1.11 LS2681M2D--A3525,parsed,false
177562748349.pdf,LS2,snap_in,200,820,35,25,2.53,120,85,0.15,0.243,ohm,0.243,1.21,LS2821M2D--A3525,4,2000,85,820 35  x 25  2.53 0.15 0.243 1.21 LS2821M2D--A3525,parsed,false
177562748349.pdf,LS2,snap_in,200,1000,35,30,2.96,120,85,0.15,0.199,ohm,0.199,1.34,LS2102M2D--A3530,5,2000,85,"1,000 35  x 30  2.96 0.15 0.199 1.34 LS2102M2D--A3530",parsed,false
177562748349.pdf,LS2,snap_in,200,1200,35,35,3.4,120,85,0.15,0.166,ohm,0.166,1.47,LS2122M2D--A3535,6,2000,85,"1,200 35  x 35  3.40 0.15 0.166 1.47 LS2122M2D--A3535",parsed,false
177562748349.pdf,LS2,snap_in,200,1500,35,40,3.87,120,85,0.15,0.133,ohm,0.133,1.5,LS2152M2D--A3540,7,2000,85,"1,500 35  x 40  3.87 0.15 0.133 1.50 LS2152M2D--A3540",parsed,false
177562748349.pdf,LS2,snap_in,200,1800,35,45,4.37,120,85,0.15,0.111,ohm,0.111,1.5,LS2182M2D--A3545,8,2000,85,"1,800 35  x 45  4.37 0.15 0.111 1.50 LS2182M2D--A3545",parsed,false
177562748349.pdf,LS2,snap_in,250,390,35,20,1.68,120,85,0.15,0.51,ohm,0.51,0.94,LS2391M2E--A3520,9,2000,85,250 390 35  x 20  1.68 0.15 0.510 0.94 LS2391M2E--A3520,parsed,false
177562748349.pdf,LS2,snap_in,250,470,35,20,1.85,120,85,0.15,0.423,ohm,0.423,1.03,LS2471M2E--A3520,10,2000,85,470 35  x 20  1.85 0.15 0.423 1.03 LS2471M2E--A3520,parsed,false
177562748349.pdf,LS2,snap_in,250,470,35,25,2.01,120,85,0.15,0.423,ohm,0.423,1.03,LS2471M2E--A3525,11,2000,85,470 35  x 25  2.01 0.15 0.423 1.03 LS2471M2E--A3525,parsed,false
177562748349.pdf,LS2,snap_in,250,560,35,25,2.21,120,85,0.15,0.355,ohm,0.355,1.12,LS2561M2E--A3525,12,2000,85,560 35  x 25  2.21 0.15 0.355 1.12 LS2561M2E--A3525,parsed,false
177562748349.pdf,LS2,snap_in,250,680,35,30,2.54,120,85,0.15,0.293,ohm,0.293,1.24,LS2681M2E--A3530,13,2000,85,680 35  x 30  2.54 0.15 0.293 1.24 LS2681M2E--A3530,parsed,false
177562748349.pdf,LS2,snap_in,250,820,35,35,2.9,120,85,0.15,0.243,ohm,0.243,1.36,LS2821M2E--A3535,14,2000,85,820 35  x 35  2.90 0.15 0.243 1.36 LS2821M2E--A3535,parsed,false
177562748349.pdf,LS2,snap_in,250,1000,35,35,3.21,120,85,0.15,0.199,ohm,0.199,1.5,LS2102M2E--A3535,15,2000,85,"1,000 35  x 35  3.21 0.15 0.199 1.50 LS2102M2E--A3535",parsed,false
177562748349.pdf,LS2,snap_in,250,1200,35,40,3.56,120,85,0.15,0.166,ohm,0.166,1.5,LS2122M2E--A3540,16,2000,85,"1,200 35  x 40  3.56 0.15 0.166 1.50 LS2122M2E--A3540",parsed,false
177562748349.pdf,LS2,snap_in,250,1500,35,50,4.26,120,85,0.15,0.133,ohm,0.133,1.5,LS2152M2E--A3550,17,2000,85,"1,500 35  x 50  4.26 0.15 0.133 1.50 LS2152M2E--A3550",parsed,false
177562748349.pdf,LS2,snap_in,400,220,35,25,1.6,120,85,0.2,1.206,ohm,1.206,0.89,LS2221M2G--A3525,18,2000,85,400 220 35  x 25  1.60 0.20 1.206 0.89 LS2221M2G--A3525,parsed,false
177562748349.pdf,LS2,snap_in,400,270,35,30,1.75,120,85,0.2,0.983,ohm,0.983,0.99,LS2271M2G--A3530,19,2000,85,270 35  x 30  1.75 0.20 0.983 0.99 LS2271M2G--A3530,parsed,false
177562748349.pdf,LS2,snap_in,400,330,35,30,1.95,120,85,0.2,0.804,ohm,0.804,1.09,LS2331M2G--A3530,20,2000,85,330 35  x 30  1.95 0.20 0.804 1.09 LS2331M2G--A3530,parsed,false
177562748349.pdf,LS2,snap_in,400,390,35,35,2.17,120,85,0.2,0.68,ohm,0.68,1.18,LS2391M2G--A3535,21,2000,85,390 35  x 35  2.17 0.20 0.680 1.18 LS2391M2G--A3535,parsed,false
177562748349.pdf,LS2,snap_in,400,470,35,40,2.42,120,85,0.2,0.565,ohm,0.565,1.3,LS2471M2G--A3540,22,2000,85,470 35  x 40  2.42 0.20 0.565 1.30 LS2471M2G--A3540,parsed,false
177562748349.pdf,LS2,snap_in,400,560,35,45,2.71,120,85,0.2,0.474,ohm,0.474,1.42,LS2561M2G--A3545,23,2000,85,560 35  x 45  2.71 0.20 0.474 1.42 LS2561M2G--A3545,parsed,false
177562748349.pdf,LS2,snap_in,450,120,35,20,1.11,120,85,0.2,2.212,ohm,2.212,0.7,LS2121M2W--A3520,24,2000,85,450 120 35  x 20  1.11 0.20 2.212 0.70 LS2121M2W--A3520,parsed,false
177562748349.pdf,LS2,snap_in,450,150,35,20,1.24,120,85,0.2,1.769,ohm,1.769,0.78,LS2151M2W--A3520,25,2000,85,150 35  x 20  1.24 0.20 1.769 0.78 LS2151M2W--A3520,parsed,false
177562748349.pdf,LS2,snap_in,450,150,35,25,1.35,120,85,0.2,1.769,ohm,1.769,0.78,LS2151M2W--A3525,26,2000,85,150 35  x 25  1.35 0.20 1.769 0.78 LS2151M2W--A3525,parsed,false
177562748349.pdf,LS2,snap_in,450,180,35,25,1.39,120,85,0.2,1.474,ohm,1.474,0.85,LS2181M2W--A3525,27,2000,85,180 35  x 25  1.39 0.20 1.474 0.85 LS2181M2W--A3525,parsed,false
177562748349.pdf,LS2,snap_in,450,220,35,30,1.61,120,85,0.2,1.206,ohm,1.206,0.94,LS2221M2W--A3530,28,2000,85,220 35  x 30  1.61 0.20 1.206 0.94 LS2221M2W--A3530,parsed,false
177562748349.pdf,LS2,snap_in,450,270,35,35,1.86,120,85,0.2,0.983,ohm,0.983,1.05,LS2271M2W--A3535,29,2000,85,270 35  x 35  1.86 0.20 0.983 1.05 LS2271M2W--A3535,parsed,false
177562748349.pdf,LS2,snap_in,450,330,35,35,2.06,120,85,0.2,0.804,ohm,0.804,1.16,LS2331M2W--A3535,30,2000,85,330 35  x 35  2.06 0.20 0.804 1.16 LS2331M2W--A3535,parsed,false
177562748349.pdf,LS2,snap_in,450,390,35,45,2.34,120,85,0.2,0.68,ohm,0.68,1.26,LS2391M2W--A3545,31,2000,85,390 35  x 45  2.34 0.20 0.680 1.26 LS2391M2W--A3545,parsed,false
177562748349.pdf,LS2,snap_in,450,470,35,50,2.63,120,85,0.2,0.565,ohm,0.565,1.38,LS2471M2W--A3550,32,2000,85,470 35  x 50  2.63 0.20 0.565 1.38 LS2471M2W--A3550,parsed,false
177562750481.pdf,LHM,snap_in,350,120,22,25,0.75,120,105,0.15,1.659,ohm,1.659,0.61,LHM121M2V--A2225,1,2000,105,350 120 22  x 25  0.75 0.15 1.659 0.61 LHM121M2V--A2225,parsed,false
177562750481.pdf,LHM,snap_in,350,150,22,30,0.82,120,105,0.15,1.327,ohm,1.327,0.69,LHM151M2V--A2230,2,2000,105,150 22  x 30  0.82 0.15 1.327 0.69 LHM151M2V--A2230,parsed,false
177562750481.pdf,LHM,snap_in,350,180,22,30,0.9,120,105,0.15,1.106,ohm,1.106,0.75,LHM181M2V--A2230,3,2000,105,180 22  x 30  0.90 0.15 1.106 0.75 LHM181M2V--A2230,parsed,false
177562750481.pdf,LHM,snap_in,350,180,25,25,0.9,120,105,0.15,1.106,ohm,1.106,0.75,LHM181M2V--A2525,4,2000,105,180 25  x 25  0.90 0.15 1.106 0.75 LHM181M2V--A2525,parsed,false
177562750481.pdf,LHM,snap_in,350,220,22,35,1,120,105,0.15,0.905,ohm,0.905,0.83,LHM221M2V--A2235,5,2000,105,220 22  x 35  1.00 0.15 0.905 0.83 LHM221M2V--A2235,parsed,false
177562750481.pdf,LHM,snap_in,350,220,25,30,1,120,105,0.15,0.905,ohm,0.905,0.83,LHM221M2V--A2530,6,2000,105,220 25  x 30  1.00 0.15 0.905 0.83 LHM221M2V--A2530,parsed,false
177562750481.pdf,LHM,snap_in,350,270,22,40,1.1,120,105,0.15,0.737,ohm,0.737,0.92,LHM271M2V--A2240,7,2000,105,270 22  x 40  1.10 0.15 0.737 0.92 LHM271M2V--A2240,parsed,false
177562750481.pdf,LHM,snap_in,350,270,25,35,1.1,120,105,0.15,0.737,ohm,0.737,0.92,LHM271M2V--A2535,8,2000,105,270 25  x 35  1.10 0.15 0.737 0.92 LHM271M2V--A2535,parsed,false
177562750481.pdf,LHM,snap_in,350,270,30,25,1.1,120,105,0.15,0.737,ohm,0.737,0.92,LHM271M2V--A3025,9,2000,105,270 30  x 25  1.10 0.15 0.737 0.92 LHM271M2V--A3025,parsed,false
177562750481.pdf,LHM,snap_in,350,330,22,45,1.2,120,105,0.15,0.603,ohm,0.603,1.02,LHM331M2V--A2245,10,2000,105,330 22  x 45  1.20 0.15 0.603 1.02 LHM331M2V--A2245,parsed,false
177562750481.pdf,LHM,snap_in,350,330,25,40,1.2,120,105,0.15,0.603,ohm,0.603,1.02,LHM331M2V--A2540,11,2000,105,330 25  x 40  1.20 0.15 0.603 1.02 LHM331M2V--A2540,parsed,false
177562750481.pdf,LHM,snap_in,350,330,30,30,1.2,120,105,0.15,0.603,ohm,0.603,1.02,LHM331M2V--A3030,12,2000,105,330 30  x 30  1.20 0.15 0.603 1.02 LHM331M2V--A3030,parsed,false
177562750481.pdf,LHM,snap_in,350,390,25,45,1.3,120,105,0.15,0.51,ohm,0.51,1.11,LHM391M2V--A2545,13,2000,105,390 25  x 45  1.30 0.15 0.510 1.11 LHM391M2V--A2545,parsed,false
177562750481.pdf,LHM,snap_in,350,390,30,35,1.3,120,105,0.15,0.51,ohm,0.51,1.11,LHM391M2V--A3035,14,2000,105,390 30  x 35  1.30 0.15 0.510 1.11 LHM391M2V--A3035,parsed,false
177562750481.pdf,LHM,snap_in,350,470,25,50,1.4,120,105,0.15,0.423,ohm,0.423,1.22,LHM471M2V--A2550,15,2000,105,470 25  x 50  1.40 0.15 0.423 1.22 LHM471M2V--A2550,parsed,false
177562750481.pdf,LHM,snap_in,350,470,30,40,1.4,120,105,0.15,0.423,ohm,0.423,1.22,LHM471M2V--A3040,16,2000,105,470 30  x 40  1.40 0.15 0.423 1.22 LHM471M2V--A3040,parsed,false
177562750481.pdf,LHM,snap_in,350,470,35,30,1.4,120,105,0.15,0.423,ohm,0.423,1.22,LHM471M2V--A3530,17,2000,105,470 35  x 30  1.40 0.15 0.423 1.22 LHM471M2V--A3530,parsed,false
177562750481.pdf,LHM,snap_in,350,560,30,45,1.5,120,105,0.15,0.355,ohm,0.355,1.33,LHM561M2V--A3045,18,2000,105,560 30  x 45  1.50 0.15 0.355 1.33 LHM561M2V--A3045,parsed,false
177562750481.pdf,LHM,snap_in,350,560,35,35,1.5,120,105,0.15,0.355,ohm,0.355,1.33,LHM561M2V--A3535,19,2000,105,560 35  x 35  1.50 0.15 0.355 1.33 LHM561M2V--A3535,parsed,false
177562750481.pdf,LHM,snap_in,350,680,30,50,1.7,120,105,0.15,0.293,ohm,0.293,1.46,LHM681M2V--A3050,20,2000,105,680 30  x 50  1.70 0.15 0.293 1.46 LHM681M2V--A3050,parsed,false
177562750481.pdf,LHM,snap_in,350,680,35,40,1.7,120,105,0.15,0.293,ohm,0.293,1.46,LHM681M2V--A3540,21,2000,105,680 35  x 40  1.70 0.15 0.293 1.46 LHM681M2V--A3540,parsed,false
177562750481.pdf,LHM,snap_in,350,820,35,45,1.9,120,105,0.15,0.243,ohm,0.243,1.5,LHM821M2V--A3545,22,2000,105,820 35  x 45  1.90 0.15 0.243 1.50 LHM821M2V--A3545,parsed,false
177562750481.pdf,LHM,snap_in,400,100,22,25,0.68,120,105,0.15,1.99,ohm,1.99,0.6,LHM101M2G--A2225,23,2000,105,400 100 22  x 25  0.68 0.15 1.990 0.60 LHM101M2G--A2225,parsed,false
177562750481.pdf,LHM,snap_in,400,120,22,30,0.73,120,105,0.15,1.659,ohm,1.659,0.66,LHM121M2G--A2230,24,2000,105,120 22  x 30  0.73 0.15 1.659 0.66 LHM121M2G--A2230,parsed,false
177562750481.pdf,LHM,snap_in,400,150,22,35,0.85,120,105,0.15,1.327,ohm,1.327,0.73,LHM151M2G--A2235,25,2000,105,150 22  x 35  0.85 0.15 1.327 0.73 LHM151M2G--A2235,parsed,false
177562750481.pdf,LHM,snap_in,400,180,22,35,0.95,120,105,0.15,1.106,ohm,1.106,0.8,LHM181M2G--A2235,26,2000,105,180 22  x 35  0.95 0.15 1.106 0.80 LHM181M2G--A2235,parsed,false
177562750481.pdf,LHM,snap_in,400,180,25,30,0.95,120,105,0.15,1.106,ohm,1.106,0.8,LHM181M2G--A2530,27,2000,105,180 25  x 30  0.95 0.15 1.106 0.80 LHM181M2G--A2530,parsed,false
177562750481.pdf,LHM,snap_in,400,180,30,25,0.95,120,105,0.15,1.106,ohm,1.106,0.8,LHM181M2G--A3025,28,2000,105,180 30  x 25  0.95 0.15 1.106 0.80 LHM181M2G--A3025,parsed,false
177562750481.pdf,LHM,snap_in,400,220,22,45,1.1,120,105,0.15,0.905,ohm,0.905,0.89,LHM221M2G--A2245,29,2000,105,220 22  x 45  1.10 0.15 0.905 0.89 LHM221M2G--A2245,parsed,false
177562750481.pdf,LHM,snap_in,400,220,25,35,1.1,120,105,0.15,0.905,ohm,0.905,0.89,LHM221M2G--A2535,30,2000,105,220 25  x 35  1.10 0.15 0.905 0.89 LHM221M2G--A2535,parsed,false
177562750481.pdf,LHM,snap_in,400,220,30,25,1.1,120,105,0.15,0.905,ohm,0.905,0.89,LHM221M2G--A3025,31,2000,105,220 30  x 25  1.10 0.15 0.905 0.89 LHM221M2G--A3025,parsed,false
177562750481.pdf,LHM,snap_in,400,270,22,50,1.22,120,105,0.15,0.737,ohm,0.737,0.99,LHM271M2G--A2250,32,2000,105,270 22  x 50  1.22 0.15 0.737 0.99 LHM271M2G--A2250,parsed,false
177562750481.pdf,LHM,snap_in,400,270,25,40,1.22,120,105,0.15,0.737,ohm,0.737,0.99,LHM271M2G--A2540,33,2000,105,270 25  x 40  1.22 0.15 0.737 0.99 LHM271M2G--A2540,parsed,false
177562750481.pdf,LHM,snap_in,400,270,30,30,1.22,120,105,0.15,0.737,ohm,0.737,0.99,LHM271M2G--A3030,34,2000,105,270 30  x 30  1.22 0.15 0.737 0.99 LHM271M2G--A3030,parsed,false
177562750481.pdf,LHM,snap_in,400,270,35,25,1.22,120,105,0.15,0.737,ohm,0.737,0.99,LHM271M2G--A3525,35,2000,105,270 35  x 25  1.22 0.15 0.737 0.99 LHM271M2G--A3525,parsed,false
177562750481.pdf,LHM,snap_in,400,330,25,45,1.44,120,105,0.15,0.603,ohm,0.603,1.09,LHM331M2G--A2545,36,2000,105,330 25  x 45  1.44 0.15 0.603 1.09 LHM331M2G--A2545,parsed,false
177562750481.pdf,LHM,snap_in,400,330,30,35,1.44,120,105,0.15,0.603,ohm,0.603,1.09,LHM331M2G--A3035,37,2000,105,330 30  x 35  1.44 0.15 0.603 1.09 LHM331M2G--A3035,parsed,false
177562750481.pdf,LHM,snap_in,400,390,25,50,1.55,120,105,0.15,0.51,ohm,0.51,1.18,LHM391M2G--A2550,38,2000,105,390 25  x 50  1.55 0.15 0.510 1.18 LHM391M2G--A2550,parsed,false
177562750481.pdf,LHM,snap_in,400,390,30,40,1.55,120,105,0.15,0.51,ohm,0.51,1.18,LHM391M2G--A3040,39,2000,105,390 30  x 40  1.55 0.15 0.510 1.18 LHM391M2G--A3040,parsed,false
177562750481.pdf,LHM,snap_in,400,390,35,30,1.55,120,105,0.15,0.51,ohm,0.51,1.18,LHM391M2G--A3530,40,2000,105,390 35  x 30  1.55 0.15 0.510 1.18 LHM391M2G--A3530,parsed,false
177562750481.pdf,LHM,snap_in,400,470,30,45,1.68,120,105,0.15,0.423,ohm,0.423,1.3,LHM471M2G--A3045,41,2000,105,470 30  x 45  1.68 0.15 0.423 1.30 LHM471M2G--A3045,parsed,false
177562750481.pdf,LHM,snap_in,400,470,35,35,1.68,120,105,0.15,0.423,ohm,0.423,1.3,LHM471M2G--A3535,42,2000,105,470 35  x 35  1.68 0.15 0.423 1.30 LHM471M2G--A3535,parsed,false
177562750481.pdf,LHM,snap_in,400,560,30,50,1.9,120,105,0.15,0.355,ohm,0.355,1.42,LHM561M2G--A3050,43,2000,105,560 30  x 50  1.90 0.15 0.355 1.42 LHM561M2G--A3050,parsed,false
177562750481.pdf,LHM,snap_in,400,560,35,40,1.9,120,105,0.15,0.355,ohm,0.355,1.42,LHM561M2G--A3540,44,2000,105,560 35  x 40  1.90 0.15 0.355 1.42 LHM561M2G--A3540,parsed,false
177562750481.pdf,LHM,snap_in,400,680,35,50,2.12,120,105,0.15,0.293,ohm,0.293,1.5,LHM681M2G--A3550,45,2000,105,680 35  x 50  2.12 0.15 0.293 1.50 LHM681M2G--A3550,parsed,false
177562750481.pdf,LHM,snap_in,420,100,22,25,0.66,120,105,0.15,1.99,ohm,1.99,0.61,LHM101M2P--A2225,46,2000,105,420 100 22  x 25  0.66 0.15 1.990 0.61 LHM101M2P--A2225,parsed,false
177562750481.pdf,LHM,snap_in,420,120,22,30,0.81,120,105,0.15,1.659,ohm,1.659,0.67,LHM121M2P--A2230,47,2000,105,120 22  x 30  0.81 0.15 1.659 0.67 LHM121M2P--A2230,parsed,false
177562750481.pdf,LHM,snap_in,420,120,25,25,0.81,120,105,0.15,1.659,ohm,1.659,0.67,LHM121M2P--A2525,48,2000,105,120 25  x 25  0.81 0.15 1.659 0.67 LHM121M2P--A2525,parsed,false
177562750481.pdf,LHM,snap_in,420,150,22,35,0.84,120,105,0.15,1.327,ohm,1.327,0.75,LHM151M2P--A2235,49,2000,105,150 22  x 35  0.84 0.15 1.327 0.75 LHM151M2P--A2235,parsed,false
177562750481.pdf,LHM,snap_in,420,150,25,30,0.84,120,105,0.15,1.327,ohm,1.327,0.75,LHM151M2P--A2530,50,2000,105,150 25  x 30  0.84 0.15 1.327 0.75 LHM151M2P--A2530,parsed,false
177562750481.pdf,LHM,snap_in,420,180,22,40,0.91,120,105,0.15,1.106,ohm,1.106,0.82,LHM181M2P--A2240,51,2000,105,180 22  x 40  0.91 0.15 1.106 0.82 LHM181M2P--A2240,parsed,false
177562750481.pdf,LHM,snap_in,420,180,25,30,0.91,120,105,0.15,1.106,ohm,1.106,0.82,LHM181M2P--A2530,52,2000,105,180 25  x 30  0.91 0.15 1.106 0.82 LHM181M2P--A2530,parsed,false
177562750481.pdf,LHM,snap_in,420,180,30,25,0.91,120,105,0.15,1.106,ohm,1.106,0.82,LHM181M2P--A3025,53,2000,105,180 30  x 25  0.91 0.15 1.106 0.82 LHM181M2P--A3025,parsed,false
177562750481.pdf,LHM,snap_in,420,220,22,45,1.05,120,105,0.15,0.905,ohm,0.905,0.91,LHM221M2P--A2245,54,2000,105,220 22  x 45  1.05 0.15 0.905 0.91 LHM221M2P--A2245,parsed,false
177562750481.pdf,LHM,snap_in,420,220,25,35,1.05,120,105,0.15,0.905,ohm,0.905,0.91,LHM221M2P--A2535,55,2000,105,220 25  x 35  1.05 0.15 0.905 0.91 LHM221M2P--A2535,parsed,false
177562750481.pdf,LHM,snap_in,420,220,30,30,1.05,120,105,0.15,0.905,ohm,0.905,0.91,LHM221M2P--A3030,56,2000,105,220 30  x 30  1.05 0.15 0.905 0.91 LHM221M2P--A3030,parsed,false
177562750481.pdf,LHM,snap_in,420,270,25,40,1.25,120,105,0.15,0.737,ohm,0.737,1.01,LHM271M2P--A2540,57,2000,105,270 25  x 40  1.25 0.15 0.737 1.01 LHM271M2P--A2540,parsed,false
177562750481.pdf,LHM,snap_in,420,270,30,30,1.25,120,105,0.15,0.737,ohm,0.737,1.01,LHM271M2P--A3030,58,2000,105,270 30  x 30  1.25 0.15 0.737 1.01 LHM271M2P--A3030,parsed,false
177562750481.pdf,LHM,snap_in,420,270,35,25,1.25,120,105,0.15,0.737,ohm,0.737,1.01,LHM271M2P--A3525,59,2000,105,270 35  x 25  1.25 0.15 0.737 1.01 LHM271M2P--A3525,parsed,false
177562750481.pdf,LHM,snap_in,420,330,25,50,1.42,120,105,0.15,0.603,ohm,0.603,1.12,LHM331M2P--A2550,60,2000,105,330 25  x 50  1.42 0.15 0.603 1.12 LHM331M2P--A2550,parsed,false
177562750481.pdf,LHM,snap_in,420,330,30,35,1.42,120,105,0.15,0.603,ohm,0.603,1.12,LHM331M2P--A3035,61,2000,105,330 30  x 35  1.42 0.15 0.603 1.12 LHM331M2P--A3035,parsed,false
177562750481.pdf,LHM,snap_in,420,330,35,30,1.42,120,105,0.15,0.603,ohm,0.603,1.12,LHM331M2P--A3530,62,2000,105,330 35  x 30  1.42 0.15 0.603 1.12 LHM331M2P--A3530,parsed,false
177562750481.pdf,LHM,snap_in,420,390,30,40,1.61,120,105,0.15,0.51,ohm,0.51,1.21,LHM391M2P--A3040,63,2000,105,390 30  x 40  1.61 0.15 0.510 1.21 LHM391M2P--A3040,parsed,false
177562750481.pdf,LHM,snap_in,420,390,35,35,1.61,120,105,0.15,0.51,ohm,0.51,1.21,LHM391M2P--A3535,64,2000,105,390 35  x 35  1.61 0.15 0.510 1.21 LHM391M2P--A3535,parsed,false
177562750481.pdf,LHM,snap_in,420,470,30,50,1.86,120,105,0.15,0.423,ohm,0.423,1.33,LHM471M2P--A3050,65,2000,105,470 30  x 50  1.86 0.15 0.423 1.33 LHM471M2P--A3050,parsed,false
177562750481.pdf,LHM,snap_in,420,470,35,40,1.86,120,105,0.15,0.423,ohm,0.423,1.33,LHM471M2P--A3540,66,2000,105,420 470 35  x 40  1.86 0.15 0.423 1.33 LHM471M2P--A3540,parsed,false
177562750481.pdf,LHM,snap_in,420,560,35,45,2.1,120,105,0.15,0.355,ohm,0.355,1.45,LHM561M2P--A3545,67,2000,105,560 35  x 45  2.10 0.15 0.355 1.45 LHM561M2P--A3545,parsed,false
177562750481.pdf,LHM,snap_in,420,680,35,50,2.2,120,105,0.15,0.293,ohm,0.293,1.5,LHM681M2P--A3550,68,2000,105,680 35  x 50  2.20 0.15 0.293 1.50 LHM681M2P--A3550,parsed,false
177562750481.pdf,LHM,snap_in,450,82,22,25,0.64,120,105,0.15,2.427,ohm,2.427,0.58,LHM820M2W--A2225,69,2000,105,450 82 22  x 25  0.64 0.15 2.427 0.58 LHM820M2W--A2225,parsed,false
177562750481.pdf,LHM,snap_in,450,100,22,30,0.69,120,105,0.15,1.99,ohm,1.99,0.64,LHM101M2W--A2230,70,2000,105,100 22  x 30  0.69 0.15 1.990 0.64 LHM101M2W--A2230,parsed,false
177562750481.pdf,LHM,snap_in,450,100,25,25,0.69,120,105,0.15,1.99,ohm,1.99,0.64,LHM101M2W--A2525,71,2000,105,100 25  x 25  0.69 0.15 1.990 0.64 LHM101M2W--A2525,parsed,false
177562750481.pdf,LHM,snap_in,450,120,22,35,0.72,120,105,0.15,1.659,ohm,1.659,0.7,LHM121M2W--A2235,72,2000,105,120 22  x 35  0.72 0.15 1.659 0.70 LHM121M2W--A2235,parsed,false
177562750481.pdf,LHM,snap_in,450,120,25,30,0.72,120,105,0.15,1.659,ohm,1.659,0.7,LHM121M2W--A2530,73,2000,105,120 25  x 30  0.72 0.15 1.659 0.70 LHM121M2W--A2530,parsed,false
177562750481.pdf,LHM,snap_in,450,150,22,40,0.79,120,105,0.15,1.327,ohm,1.327,0.78,LHM151M2W--A2240,74,2000,105,150 22  x 40  0.79 0.15 1.327 0.78 LHM151M2W--A2240,parsed,false
177562750481.pdf,LHM,snap_in,450,150,25,30,0.79,120,105,0.15,1.327,ohm,1.327,0.78,LHM151M2W--A2530,75,2000,105,150 25  x 30  0.79 0.15 1.327 0.78 LHM151M2W--A2530,parsed,false
177562750481.pdf,LHM,snap_in,450,150,30,25,0.79,120,105,0.15,1.327,ohm,1.327,0.78,LHM151M2W--A3025,76,2000,105,150 30  x 25  0.79 0.15 1.327 0.78 LHM151M2W--A3025,parsed,false
177562750481.pdf,LHM,snap_in,450,180,22,45,0.87,120,105,0.15,1.106,ohm,1.106,0.85,LHM181M2W--A2245,77,2000,105,180 22  x 45  0.87 0.15 1.106 0.85 LHM181M2W--A2245,parsed,false
177562750481.pdf,LHM,snap_in,450,180,25,35,0.87,120,105,0.15,1.106,ohm,1.106,0.85,LHM181M2W--A2535,78,2000,105,180 25  x 35  0.87 0.15 1.106 0.85 LHM181M2W--A2535,parsed,false
177562750481.pdf,LHM,snap_in,450,180,30,30,0.87,120,105,0.15,1.106,ohm,1.106,0.85,LHM181M2W--A3030,79,2000,105,180 30  x 30  0.87 0.15 1.106 0.85 LHM181M2W--A3030,parsed,false
177562750481.pdf,LHM,snap_in,450,220,25,40,1.05,120,105,0.15,0.905,ohm,0.905,0.94,LHM221M2W--A2540,80,2000,105,220 25  x 40  1.05 0.15 0.905 0.94 LHM221M2W--A2540,parsed,false
177562750481.pdf,LHM,snap_in,450,220,30,30,1.05,120,105,0.15,0.905,ohm,0.905,0.94,LHM221M2W--A3030,81,2000,105,220 30  x 30  1.05 0.15 0.905 0.94 LHM221M2W--A3030,parsed,false
177562750481.pdf,LHM,snap_in,450,220,35,25,1.05,120,105,0.15,0.905,ohm,0.905,0.94,LHM221M2W--A3525,82,2000,105,220 35  x 25  1.05 0.15 0.905 0.94 LHM221M2W--A3525,parsed,false
177562750481.pdf,LHM,snap_in,450,270,25,50,1.23,120,105,0.15,0.737,ohm,0.737,1.05,LHM271M2W--A2550,83,2000,105,270 25  x 50  1.23 0.15 0.737 1.05 LHM271M2W--A2550,parsed,false
177562750481.pdf,LHM,snap_in,450,270,30,35,1.23,120,105,0.15,0.737,ohm,0.737,1.05,LHM271M2W--A3035,84,2000,105,270 30  x 35  1.23 0.15 0.737 1.05 LHM271M2W--A3035,parsed,false
177562750481.pdf,LHM,snap_in,450,270,35,30,1.23,120,105,0.15,0.737,ohm,0.737,1.05,LHM271M2W--A3530,85,2000,105,270 35  x 30  1.23 0.15 0.737 1.05 LHM271M2W--A3530,parsed,false
177562750481.pdf,LHM,snap_in,450,330,30,40,1.38,120,105,0.15,0.603,ohm,0.603,1.16,LHM331M2W--A3040,86,2000,105,330 30  x 40  1.38 0.15 0.603 1.16 LHM331M2W--A3040,parsed,false
177562750481.pdf,LHM,snap_in,450,330,35,35,1.38,120,105,0.15,0.603,ohm,0.603,1.16,LHM331M2W--A3535,87,2000,105,330 35  x 35  1.38 0.15 0.603 1.16 LHM331M2W--A3535,parsed,false
177562750481.pdf,LHM,snap_in,450,390,30,50,1.61,120,105,0.15,0.51,ohm,0.51,1.26,LHM391M2W--A3050,88,2000,105,390 30  x 50  1.61 0.15 0.510 1.26 LHM391M2W--A3050,parsed,false
177562750481.pdf,LHM,snap_in,450,390,35,40,1.61,120,105,0.15,0.51,ohm,0.51,1.26,LHM391M2W--A3540,89,2000,105,390 35  x 40  1.61 0.15 0.510 1.26 LHM391M2W--A3540,parsed,false
177562750481.pdf,LHM,snap_in,450,470,35,45,1.78,120,105,0.15,0.423,ohm,0.423,1.38,LHM471M2W--A3545,90,2000,105,470 35  x 45  1.78 0.15 0.423 1.38 LHM471M2W--A3545,parsed,false
177562750481.pdf,LHM,snap_in,450,560,35,50,1.99,120,105,0.15,0.355,ohm,0.355,1.5,LHM561M2W--A3550,91,2000,105,560 35  x 50  1.99 0.15 0.355 1.50 LHM561M2W--A3550,parsed,false
177562753533.pdf,MEA,screw_terminal,10,33000,35,53,4.4,120,85,0.6,24.1,mohm,0.0241,1.72,MEA333M1A-AA053,1,2000,85,"10 33,000 35  x 53  4.4 0.60 24.1 1.72 MEA333M1A-AA053",parsed,false
177562753533.pdf,MEA,screw_terminal,10,39000,35,50,4.6,120,85,0.6,20.4,mohm,0.0204,1.87,MEA393M1A-AA050,2,2000,85,"39,000 35  x 50  4.6 0.60 20.4 1.87 MEA393M1A-AA050",parsed,false
177562753533.pdf,MEA,screw_terminal,10,39000,35,53,4.7,120,85,0.6,20.4,mohm,0.0204,1.87,MEA393M1A-AA053,3,2000,85,"39,000 35  x 53  4.7 0.60 20.4 1.87 MEA393M1A-AA053",parsed,false
177562753533.pdf,MEA,screw_terminal,10,47000,35,65,5.6,120,85,0.6,16.9,mohm,0.0169,2.06,MEA473M1A-AA065,4,2000,85,"47,000 35  x 65  5.6 0.60 16.9 2.06 MEA473M1A-AA065",parsed,false
177562753533.pdf,MEA,screw_terminal,10,56000,35,65,5.9,120,85,0.6,14.2,mohm,0.0142,2.24,MEA563M1A-AA065,5,2000,85,"56,000 35  x 65  5.9 0.60 14.2 2.24 MEA563M1A-AA065",parsed,false
177562753533.pdf,MEA,screw_terminal,10,68000,35,83,7.5,120,85,0.6,11.7,mohm,0.0117,2.47,MEA683M1A-AA083,6,2000,85,"68,000 35  x 83  7.5 0.60 11.7 2.47 MEA683M1A-AA083",parsed,false
177562753533.pdf,MEA,screw_terminal,10,82000,35,80,7.6,120,85,0.6,9.7,mohm,0.0097,2.72,MEA823M1A-AA080,7,2000,85,"82,000 35  x 80  7.6 0.60 9.7 2.72 MEA823M1A-AA080",parsed,false
177562753533.pdf,MEA,screw_terminal,10,82000,35,83,7.7,120,85,0.6,9.7,mohm,0.0097,2.72,MEA823M1A-AA083,8,2000,85,"82,000 35  x 83  7.7 0.60 9.7 2.72 MEA823M1A-AA083",parsed,false
177562753533.pdf,MEA,screw_terminal,10,82000,35,100,8.3,120,85,0.6,9.7,mohm,0.0097,2.72,MEA823M1A-AA100,9,2000,85,"82,000 35  x 100  8.3 0.60 9.7 2.72 MEA823M1A-AA100",parsed,false
177562753533.pdf,MEA,screw_terminal,10,100000,35,100,8.4,120,85,0.7,9.3,mohm,0.0093,3,MEA104M1A-AA100,10,2000,85,"100,000 35  x 100  8.4  0.70 9.3 3.00 MEA104M1A-AA100",parsed,false
177562753533.pdf,MEA,screw_terminal,10,100000,35,121,9.2,120,85,0.7,9.3,mohm,0.0093,3,MEA104M1A-AA121,11,2000,85,"100,000 35  x 121  9.2 0.70 9.3 3.00 MEA104M1A-AA121",parsed,false
177562753533.pdf,MEA,screw_terminal,10,120000,35,121,9.4,120,85,0.7,7.7,mohm,0.0077,3.29,MEA124M1A-AA121,12,2000,85,"120,000 35  x 121  9.4 0.70 7.7 3.29 MEA124M1A-AA121",parsed,false
177562753533.pdf,MEA,screw_terminal,10,150000,35,121,10.5,120,85,0.9,8,mohm,0.008,3.67,MEA154M1A-AA121,13,2000,85,"150,000 35  x 121  10.5 0.90 8.0 3.67 MEA154M1A-AA121",parsed,false
177562753533.pdf,MEA,screw_terminal,10,150000,51,80,10,120,85,0.9,8,mohm,0.008,3.67,MEA154M1A--B080,14,2000,85,"150,000 51  x 80  10.0 0.90 8.0 3.67 MEA154M1A--B080",parsed,false
177562753533.pdf,MEA,screw_terminal,10,150000,51,83,10.2,120,85,0.9,8,mohm,0.008,3.67,MEA154M1A--B083,15,2000,85,"150,000 51  x 83  10.2 0.90 8.0 3.67 MEA154M1A--B083",parsed,false
177562753533.pdf,MEA,screw_terminal,10,180000,51,83,10.7,120,85,0.9,6.6,mohm,0.0066,4.02,MEA184M1A--B083,16,2000,85,"180,000 51  x 83  10.7 0.90 6.6 4.02 MEA184M1A--B083",parsed,false
177562753533.pdf,MEA,screw_terminal,10,220000,51,100,12.8,120,85,1,6,mohm,0.006,4.45,MEA224M1A--B100,17,2000,85,"220,000 51  x 100  12.8 1.00 6.0 4.45 MEA224M1A--B100",parsed,false
177562753533.pdf,MEA,screw_terminal,10,220000,51,121,13.9,120,85,1,6,mohm,0.006,4.45,MEA224M1A--B121,18,2000,85,"220,000 51  x 121  13.9 1.00 6.0 4.45 MEA224M1A--B121",parsed,false
177562753533.pdf,MEA,screw_terminal,10,270000,51,121,15.2,120,85,1.2,5.9,mohm,0.0059,4.93,MEA274M1A--B121,19,2000,85,"270,000 51  x 121  15.2 1.20 5.9 4.93 MEA274M1A--B121",parsed,false
177562753533.pdf,MEA,screw_terminal,10,330000,63.5,96,15.5,120,85,1.4,5.6,mohm,0.0056,5,MEA334M1A--C096,20,2000,85,"330,000 63.5  x 96  15.5 1.40 5.6 5.00 MEA334M1A--C096",parsed,false
177562753533.pdf,MEA,screw_terminal,10,330000,63.5,121,17.2,120,85,1.4,5.6,mohm,0.0056,5,MEA334M1A--C121,21,2000,85,"330,000 63.5  x 121  17.2 1.40 5.6 5.00 MEA334M1A--C121",parsed,false
177562753533.pdf,MEA,screw_terminal,10,390000,63.5,100,16.7,120,85,1.5,5.1,mohm,0.0051,5,MEA394M1A--C100,22,2000,85,"390,000 63.5  x 100  16.7 1.50 5.1 5.00 MEA394M1A--C100",parsed,false
177562753533.pdf,MEA,screw_terminal,10,390000,63.5,115,17.7,120,85,1.5,5.1,mohm,0.0051,5,MEA394M1A--C115,23,2000,85,"390,000 63.5  x 115  17.7 1.50 5.1 5.00 MEA394M1A--C115",parsed,false
177562753533.pdf,MEA,screw_terminal,10,390000,63.5,121,18.1,120,85,1.5,5.1,mohm,0.0051,5,MEA394M1A--C121,24,2000,85,"390,000 63.5  x 121  18.1 1.50 5.1 5.00 MEA394M1A--C121",parsed,false
177562753533.pdf,MEA,screw_terminal,10,470000,63.5,121,18.3,120,85,2,5.6,mohm,0.0056,5,MEA474M1A--C121,25,2000,85,"470,000 63.5  x 121  18.3 2.00 5.6 5.00 MEA474M1A--C121",parsed,false
177562753533.pdf,MEA,screw_terminal,10,470000,63.5,130,18.5,120,85,2,5.6,mohm,0.0056,5,MEA474M1A--C130,26,2000,85,"470,000 63.5  x 130  18.5 2.00 5.6 5.00 MEA474M1A--C130",parsed,false
177562753533.pdf,MEA,screw_terminal,10,470000,76.2,121,19.2,120,85,2,5.6,mohm,0.0056,5,MEA474M1A--D121,27,2000,85,"470,000 76.2  x 121  19.2 2.00 5.6 5.00 MEA474M1A--D121",parsed,false
177562753533.pdf,MEA,screw_terminal,10,560000,76.2,100,18.3,120,85,2.5,5.9,mohm,0.0059,5,MEA564M1A--D100,28,2000,85,"560,000 76.2  x 100  18.3 2.50 5.9 5.00 MEA564M1A--D100",parsed,false
177562753533.pdf,MEA,screw_terminal,10,560000,76.2,115,19.4,120,85,2.5,5.9,mohm,0.0059,5,MEA564M1A--D115,29,2000,85,"560,000 76.2  x 115  19.4 2.50 5.9 5.00 MEA564M1A--D115",parsed,false
177562753533.pdf,MEA,screw_terminal,10,560000,76.2,121,19.8,120,85,2.5,5.9,mohm,0.0059,5,MEA564M1A--D121,30,2000,85,"560,000 76.2  x 121  19.8 2.50 5.9 5.00 MEA564M1A--D121",parsed,false
177562753533.pdf,MEA,screw_terminal,10,680000,76.2,121,21,120,85,3,5.9,mohm,0.0059,5,MEA684M1A--D121,31,2000,85,"680,000 76.2  x 121  21.0 3.00 5.9 5.00 MEA684M1A--D121",parsed,false
177562753533.pdf,MEA,screw_terminal,10,820000,76.2,155,23.8,120,85,3.5,5.7,mohm,0.0057,5,MEA824M1A--D155,32,2000,85,"820,000 76.2  x 155  23.8 3.50 5.7 5.00 MEA824M1A--D155",parsed,false
177562753533.pdf,MEA,screw_terminal,16,22000,35,53,3.7,120,85,0.4,24.1,mohm,0.0241,1.78,MEA223M1C-AA053,33,2000,85,"16  22,000 35  x 53  3.7 0.40 24.1 1.78 MEA223M1C-AA053",parsed,false
177562753533.pdf,MEA,screw_terminal,16,27000,35,50,4.1,120,85,0.45,22.1,mohm,0.0221,1.97,MEA273M1C-AA050,34,2000,85,"27,000 35  x 50  4.1 0.45 22.1 1.97 MEA273M1C-AA050",parsed,false
177562753533.pdf,MEA,screw_terminal,16,27000,35,53,4.2,120,85,0.45,22.1,mohm,0.0221,1.97,MEA273M1C-AA053,35,2000,85,"27,000 35  x 53  4.2 0.45 22.1 1.97 MEA273M1C-AA053",parsed,false
177562753533.pdf,MEA,screw_terminal,16,33000,35,53,5,120,85,0.5,20.1,mohm,0.0201,2.18,MEA333M1C-AA053,36,2000,85,"33,000 35  x 53  5.0 0.50 20.1 2.18 MEA333M1C-AA053",parsed,false
177562753533.pdf,MEA,screw_terminal,16,33000,35,55,5.1,120,85,0.5,20.1,mohm,0.0201,2.18,MEA333M1C-AA055,37,2000,85,"33,000 35  x 55  5.1 0.50 20.1 2.18 MEA333M1C-AA055",parsed,false
177562753533.pdf,MEA,screw_terminal,16,33000,35,65,5.5,120,85,0.5,20.1,mohm,0.0201,2.18,MEA333M1C-AA065,38,2000,85,"33,000 35  x 65  5.5 0.50 20.1 2.18 MEA333M1C-AA065",parsed,false
177562753533.pdf,MEA,screw_terminal,16,39000,35,65,5.8,120,85,0.5,17,mohm,0.017,2.37,MEA393M1C-AA065,39,2000,85,"39,000 35  x 65  5.8 0.50 17.0 2.37 MEA393M1C-AA065",parsed,false
177562753533.pdf,MEA,screw_terminal,16,47000,35,80,7.1,120,85,0.55,15.5,mohm,0.0155,2.6,MEA473M1C-AA080,40,2000,85,"47,000 35  x 80  7.1 0.55 15.5 2.60 MEA473M1C-AA080",parsed,false
177562753533.pdf,MEA,screw_terminal,16,47000,35,83,7.2,120,85,0.55,15.5,mohm,0.0155,2.6,MEA473M1C-AA083,41,2000,85,"47,000 35  x 83  7.2 0.55 15.5 2.60 MEA473M1C-AA083",parsed,false
177562753533.pdf,MEA,screw_terminal,16,56000,35,80,7.4,120,85,0.6,14.2,mohm,0.0142,2.84,MEA563M1C-AA080,42,2000,85,"56,000 35  x 80  7.4 0.60 14.2 2.84 MEA563M1C-AA080",parsed,false
177562753533.pdf,MEA,screw_terminal,16,56000,35,83,7.5,120,85,0.6,14.2,mohm,0.0142,2.84,MEA563M1C-AA083,43,2000,85,"56,000 35  x 83  7.5 0.60 14.2 2.84 MEA563M1C-AA083",parsed,false
177562753533.pdf,MEA,screw_terminal,16,68000,35,100,9.3,120,85,0.6,11.7,mohm,0.0117,3.13,MEA683M1C-AA100,44,2000,85,"68,000 35  x 100  9.3 0.60 11.7 3.13 MEA683M1C-AA100",parsed,false
177562753533.pdf,MEA,screw_terminal,16,68000,35,105,9.6,120,85,0.6,11.7,mohm,0.0117,3.13,MEA683M1C-AA105,45,2000,85,"68,000 35  x 105  9.6 0.60 11.7 3.13 MEA683M1C-AA105",parsed,false
177562753533.pdf,MEA,screw_terminal,16,68000,35,121,10.2,120,85,0.6,11.7,mohm,0.0117,3.13,MEA683M1C-AA121,46,2000,85,"68,000 35  x 121  10.2 0.60 11.7 3.13 MEA683M1C-AA121",parsed,false
177562753533.pdf,MEA,screw_terminal,16,82000,35,100,9.5,120,85,0.7,11.3,mohm,0.0113,3.44,MEA823M1C-AA100,47,2000,85,"82,000 35  x 100  9.5 0.70 11.3 3.44 MEA823M1C-AA100",parsed,false
177562753533.pdf,MEA,screw_terminal,16,82000,35,121,10.4,120,85,0.7,11.3,mohm,0.0113,3.44,MEA823M1C-AA121,48,2000,85,"82,000 35  x 121  10.4 0.70 11.3 3.44 MEA823M1C-AA121",parsed,false
177562753533.pdf,MEA,screw_terminal,16,100000,35,121,11.5,120,85,0.7,9.3,mohm,0.0093,3.79,MEA104M1C-AA121,49,2000,85,"100,000 35  x 121  11.5 0.70 9.3 3.79 MEA104M1C-AA121",parsed,false
177562753533.pdf,MEA,screw_terminal,16,100000,51,80,10.7,120,85,0.7,9.3,mohm,0.0093,3.79,MEA104M1C--B080,50,2000,85,"16 100,000 51  x 80  10.7 0.70 9.3 3.79 MEA104M1C--B080",parsed,false
177562753533.pdf,MEA,screw_terminal,16,100000,51,83,10.9,120,85,0.7,9.3,mohm,0.0093,3.79,MEA104M1C--B083,51,2000,85,"100,000 51  x 83  10.9 0.70 9.3 3.79 MEA104M1C--B083",parsed,false
177562753533.pdf,MEA,screw_terminal,16,120000,35,121,11.5,120,85,0.8,8.8,mohm,0.0088,4.16,MEA124M1C-AA121,52,2000,85,"120,000 35  x 121  11.5 0.80 8.8 4.16 MEA124M1C-AA121",parsed,false
177562753533.pdf,MEA,screw_terminal,16,120000,51,80,11.1,120,85,0.8,8.8,mohm,0.0088,4.16,MEA124M1C--B080,53,2000,85,"120,000 51  x 80  11.1 0.80 8.8 4.16 MEA124M1C--B080",parsed,false
177562753533.pdf,MEA,screw_terminal,16,120000,51,83,11.3,120,85,0.8,8.8,mohm,0.0088,4.16,MEA124M1C--B083,54,2000,85,"120,000 51  x 83  11.3 0.80 8.8 4.16 MEA124M1C--B083",parsed,false
177562753533.pdf,MEA,screw_terminal,16,150000,51,80,11.4,120,85,0.9,8,mohm,0.008,4.65,MEA154M1C--B080,55,2000,85,"150,000 51  x 80  11.4 0.90 8.0 4.65 MEA154M1C--B080",parsed,false
177562753533.pdf,MEA,screw_terminal,16,150000,51,96,11.6,120,85,0.9,8,mohm,0.008,4.65,MEA154M1C--B096,56,2000,85,"150,000 51  x 96  11.6 0.90 8.0 4.65 MEA154M1C--B096",parsed,false
177562753533.pdf,MEA,screw_terminal,16,150000,51,100,11.7,120,85,0.9,8,mohm,0.008,4.65,MEA154M1C--B100,57,2000,85,"150,000 51  x 100  11.7 0.90 8.0 4.65 MEA154M1C--B100",parsed,false
177562753533.pdf,MEA,screw_terminal,16,150000,51,121,12.6,120,85,0.9,8,mohm,0.008,4.65,MEA154M1C--B121,58,2000,85,"150,000 51  x 121  12.6 0.90 8.0 4.65 MEA154M1C--B121",parsed,false
177562753533.pdf,MEA,screw_terminal,16,180000,51,115,12.7,120,85,0.9,6.6,mohm,0.0066,5,MEA184M1C--B115,59,2000,85,"180,000 51  x 115  12.7 0.90 6.6 5.00 MEA184M1C--B115",parsed,false
177562753533.pdf,MEA,screw_terminal,16,180000,51,121,13,120,85,0.9,6.6,mohm,0.0066,5,MEA184M1C--B121,60,2000,85,"180,000 51  x 121  13.0 0.90 6.6 5.00 MEA184M1C--B121",parsed,false
177562753533.pdf,MEA,screw_terminal,16,220000,51,121,14.4,120,85,1,6,mohm,0.006,5,MEA224M1C--B121,61,2000,85,"220,000 51  x 121  14.4 1.00 6.0 5.00 MEA224M1C--B121",parsed,false
177562753533.pdf,MEA,screw_terminal,16,220000,51,130,14.8,120,85,1,6,mohm,0.006,5,MEA224M1C--B130,62,2000,85,"220,000 51  x 130  14.8 1.00 6.0 5.00 MEA224M1C--B130",parsed,false
177562753533.pdf,MEA,screw_terminal,16,220000,63.5,100,14.7,120,85,1,6,mohm,0.006,5,MEA224M1C--C100,63,2000,85,"220,000 63.5  x 100  14.7 1.00 6.0 5.00 MEA224M1C--C100",parsed,false
177562753533.pdf,MEA,screw_terminal,16,270000,63.5,96,15,120,85,1.2,5.9,mohm,0.0059,5,MEA274M1C--C096,64,2000,85,"270,000 63.5  x 96  15.0 1.20 5.9 5.00 MEA274M1C--C096",parsed,false
177562753533.pdf,MEA,screw_terminal,16,270000,63.5,100,15.3,120,85,1.2,5.9,mohm,0.0059,5,MEA274M1C--C100,65,2000,85,"270,000 63.5  x 100  15.3 1.20 5.9 5.00 MEA274M1C--C100",parsed,false
177562753533.pdf,MEA,screw_terminal,16,330000,63.5,105,15.8,120,85,1.3,5.2,mohm,0.0052,5,MEA334M1C--C105,66,2000,85,"330,000 63.5  x 105  15.8 1.30 5.2 5.00 MEA334M1C--C105",parsed,false
177562753533.pdf,MEA,screw_terminal,16,330000,63.5,115,16.4,120,85,1.3,5.2,mohm,0.0052,5,MEA334M1C--C115,67,2000,85,"330,000 63.5  x 115  16.4 1.30 5.2 5.00 MEA334M1C--C115",parsed,false
177562753533.pdf,MEA,screw_terminal,16,330000,63.5,121,16.7,120,85,1.3,5.2,mohm,0.0052,5,MEA334M1C--C121,68,2000,85,"330,000 63.5  x 121  16.7 1.30 5.2 5.00 MEA334M1C--C121",parsed,false
177562753533.pdf,MEA,screw_terminal,16,330000,76.2,121,18.2,120,85,1.3,5.2,mohm,0.0052,5,MEA334M1C--D121,69,2000,85,"330,000 76.2  x 121  18.2 1.30 5.2 5.00 MEA334M1C--D121",parsed,false
177562753533.pdf,MEA,screw_terminal,16,390000,63.5,130,17.3,120,85,1.6,5.4,mohm,0.0054,5,MEA394M1C--C130,70,2000,85,"390,000 63.5  x 130  17.3 1.60 5.4 5.00 MEA394M1C--C130",parsed,false
177562753533.pdf,MEA,screw_terminal,16,390000,76.2,100,17.2,120,85,1.6,5.4,mohm,0.0054,5,MEA394M1C--D100,71,2000,85,"390,000 76.2  x 100  17.2 1.60 5.4 5.00 MEA394M1C--D100",parsed,false
177562753533.pdf,MEA,screw_terminal,16,390000,76.2,121,18.6,120,85,1.6,5.4,mohm,0.0054,5,MEA394M1C--D121,72,2000,85,"390,000 76.2  x 121  18.6 1.60 5.4 5.00 MEA394M1C--D121",parsed,false
177562753533.pdf,MEA,screw_terminal,16,470000,76.2,115,18.9,120,85,1.8,5.1,mohm,0.0051,5,MEA474M1C--D115,73,2000,85,"470,000 76.2  x 115  18.9 1.80 5.1 5.00 MEA474M1C--D115",parsed,false
177562753533.pdf,MEA,screw_terminal,16,470000,76.2,121,19.3,120,85,1.8,5.1,mohm,0.0051,5,MEA474M1C--D121,74,2000,85,"470,000 76.2  x 121  19.3 1.80 5.1 5.00 MEA474M1C--D121",parsed,false
177562753533.pdf,MEA,screw_terminal,16,560000,76.2,130,19.9,120,85,2,4.7,mohm,0.0047,5,MEA564M1C--D130,75,2000,85,"560,000 76.2  x 130  19.9 2.00 4.7 5.00 MEA564M1C--D130",parsed,false
177562753533.pdf,MEA,screw_terminal,16,560000,76.2,140,20.5,120,85,2,4.7,mohm,0.0047,5,MEA564M1C--D140,76,2000,85,"560,000 76.2  x 140  20.5 2.00 4.7 5.00 MEA564M1C--D140",parsed,false
177562753533.pdf,MEA,screw_terminal,16,560000,76.2,144,20.7,120,85,2,4.7,mohm,0.0047,5,MEA564M1C--D144,77,2000,85,"560,000 76.2  x 144  20.7 2.00 4.7 5.00 MEA564M1C--D144",parsed,false
177562753533.pdf,MEA,screw_terminal,16,680000,76.2,144,21.8,120,85,2.4,4.7,mohm,0.0047,5,MEA684M1C--D144,78,2000,85,"680,000 76.2  x 144  21.8 2.40 4.7 5.00 MEA684M1C--D144",parsed,false
177562753533.pdf,MEA,screw_terminal,16,680000,76.2,155,22.3,120,85,2.4,4.7,mohm,0.0047,5,MEA684M1C--D155,79,2000,85,"680,000 76.2  x 155  22.3 2.40 4.7 5.00 MEA684M1C--D155",parsed,false
177562753533.pdf,MEA,screw_terminal,16,820000,89,157,24.1,120,85,2.8,4.5,mohm,0.0045,5,MEA824M1C--E157,80,2000,85,"820,000 89  x 157  24.1 2.80 4.5 5.00 MEA824M1C--E157",parsed,false
177562753533.pdf,MEA,screw_terminal,25,15000,35,53,3.7,120,85,0.3,26.5,mohm,0.0265,1.84,MEA153M1E-AA053,81,2000,85,"25  15,000 35  x 53  3.7 0.30 26.5 1.84 MEA153M1E-AA053",parsed,false
177562753533.pdf,MEA,screw_terminal,25,18000,35,50,3.9,120,85,0.3,22.1,mohm,0.0221,2.01,MEA183M1E-AA050,82,2000,85,"18,000 35  x 50  3.9 0.30 22.1 2.01 MEA183M1E-AA050",parsed,false
177562753533.pdf,MEA,screw_terminal,25,18000,35,53,4,120,85,0.3,22.1,mohm,0.0221,2.01,MEA183M1E-AA053,83,2000,85,"18,000 35  x 53  4.0 0.30 22.1 2.01 MEA183M1E-AA053",parsed,false
177562753533.pdf,MEA,screw_terminal,25,22000,35,53,4.1,120,85,0.35,21.1,mohm,0.0211,2.22,MEA223M1E-AA053,84,2000,85,"22,000 35  x 53  4.1 0.35 21.1 2.22 MEA223M1E-AA053",parsed,false
177562753533.pdf,MEA,screw_terminal,25,22000,35,55,4.2,120,85,0.35,21.1,mohm,0.0211,2.22,MEA223M1E-AA055,85,2000,85,"22,000 35  x 55  4.2 0.35 21.1 2.22 MEA223M1E-AA055",parsed,false
177562753533.pdf,MEA,screw_terminal,25,22000,35,65,4.5,120,85,0.35,21.1,mohm,0.0211,2.22,MEA223M1E-AA065,86,2000,85,"22,000 35  x 65  4.5 0.35 21.1 2.22 MEA223M1E-AA065",parsed,false
177562753533.pdf,MEA,screw_terminal,25,27000,35,65,5,120,85,0.35,17.2,mohm,0.0172,2.46,MEA273M1E-AA065,87,2000,85,"27,000 35  x 65  5.0 0.35 17.2 2.46 MEA273M1E-AA065",parsed,false
177562753533.pdf,MEA,screw_terminal,25,33000,35,80,5.4,120,85,0.4,16.1,mohm,0.0161,2.72,MEA333M1E-AA080,88,2000,85,"33,000 35  x 80  5.4 0.40 16.1 2.72 MEA333M1E-AA080",parsed,false
177562753533.pdf,MEA,screw_terminal,25,33000,35,83,5.5,120,85,0.4,16.1,mohm,0.0161,2.72,MEA333M1E-AA083,89,2000,85,"33,000 35  x 83  5.5 0.40 16.1 2.72 MEA333M1E-AA083",parsed,false
177562753533.pdf,MEA,screw_terminal,25,39000,35,80,6.1,120,85,0.4,13.6,mohm,0.0136,2.96,MEA393M1E-AA080,90,2000,85,"39,000 35  x 80  6.1 0.40 13.6 2.96 MEA393M1E-AA080",parsed,false
177562753533.pdf,MEA,screw_terminal,25,39000,35,83,6.2,120,85,0.4,13.6,mohm,0.0136,2.96,MEA393M1E-AA083,91,2000,85,"39,000 35  x 83  6.2 0.40 13.6 2.96 MEA393M1E-AA083",parsed,false
177562753533.pdf,MEA,screw_terminal,25,47000,35,100,6.8,120,85,0.4,11.3,mohm,0.0113,3.25,MEA473M1E-AA100,92,2000,85,"47,000 35  x 100  6.8 0.40 11.3 3.25 MEA473M1E-AA100",parsed,false
177562753533.pdf,MEA,screw_terminal,25,47000,35,105,6.9,120,85,0.4,11.3,mohm,0.0113,3.25,MEA473M1E-AA105,93,2000,85,"47,000 35  x 105  6.9 0.40 11.3 3.25 MEA473M1E-AA105",parsed,false
177562753533.pdf,MEA,screw_terminal,25,47000,35,121,7.4,120,85,0.4,11.3,mohm,0.0113,3.25,MEA473M1E-AA121,94,2000,85,"47,000 35  x 121  7.4 0.40 11.3 3.25 MEA473M1E-AA121",parsed,false
177562753533.pdf,MEA,screw_terminal,25,56000,35,100,7.6,120,85,0.4,9.5,mohm,0.0095,3.55,MEA563M1E-AA100,95,2000,85,"56,000 35  x 100  7.6 0.40 9.5 3.55 MEA563M1E-AA100",parsed,false
177562753533.pdf,MEA,screw_terminal,25,56000,35,121,8.3,120,85,0.4,9.5,mohm,0.0095,3.55,MEA563M1E-AA121,96,2000,85,"56,000 35  x 121  8.3 0.40 9.5 3.55 MEA563M1E-AA121",parsed,false
177562753533.pdf,MEA,screw_terminal,25,68000,35,121,9,120,85,0.45,8.8,mohm,0.0088,3.91,MEA683M1E-AA121,97,2000,85,"68,000 35  x 121  9.0 0.45 8.8 3.91 MEA683M1E-AA121",parsed,false
177562753533.pdf,MEA,screw_terminal,25,68000,51,80,8.4,120,85,0.45,8.8,mohm,0.0088,3.91,MEA683M1E--B080,98,2000,85,"68,000 51  x 80  8.4 0.45 8.8 3.91 MEA683M1E--B080",parsed,false
177562753533.pdf,MEA,screw_terminal,25,68000,51,100,9.3,120,85,0.45,8.8,mohm,0.0088,3.91,MEA683M1E--B100,99,2000,85,"68,000 51  x 100  9.3 0.45 8.8 3.91 MEA683M1E--B100",parsed,false
177562753533.pdf,MEA,screw_terminal,25,82000,35,121,7.9,120,85,0.5,8.1,mohm,0.0081,4.3,MEA823M1E-AA121,100,2000,85,"82,000 35  x 121  7.9 0.50 8.1 4.30 MEA823M1E-AA121",parsed,false
177562753533.pdf,MEA,screw_terminal,25,82000,51,80,9.2,120,85,0.5,8.1,mohm,0.0081,4.3,MEA823M1E--B080,101,2000,85,"82,000 51  x 80  9.2 0.50 8.1 4.30 MEA823M1E--B080",parsed,false
177562753533.pdf,MEA,screw_terminal,25,82000,51,121,9.7,120,85,0.5,8.1,mohm,0.0081,4.3,MEA823M1E--B121,102,2000,85,"82,000 51  x 121  9.7 0.50 8.1 4.30 MEA823M1E--B121",parsed,false
177562753533.pdf,MEA,screw_terminal,25,100000,51,96,9.5,120,85,0.5,6.6,mohm,0.0066,4.74,MEA104M1E--B096,103,2000,85,"100,000 51  x 96  9.5 0.50 6.6 4.74 MEA104M1E--B096",parsed,false
177562753533.pdf,MEA,screw_terminal,25,100000,51,100,9.6,120,85,0.5,6.6,mohm,0.0066,4.74,MEA104M1E--B100,104,2000,85,"100,000 51  x 100  9.6 0.50 6.6 4.74 MEA104M1E--B100",parsed,false
177562753533.pdf,MEA,screw_terminal,25,100000,51,105,9.8,120,85,0.5,6.6,mohm,0.0066,4.74,MEA104M1E--B105,105,2000,85,"100,000 51  x 105  9.8 0.50 6.6 4.74 MEA104M1E--B105",parsed,false
177562753533.pdf,MEA,screw_terminal,25,100000,51,121,10.5,120,85,0.5,6.6,mohm,0.0066,4.74,MEA104M1E--B121,106,2000,85,"100,000 51  x 121  10.5 0.50 6.6 4.74 MEA104M1E--B121",parsed,false
177562753533.pdf,MEA,screw_terminal,25,120000,51,115,11.2,120,85,0.6,6.6,mohm,0.0066,5,MEA124M1E--B115,107,2000,85,"120,000 51  x 115  11.2 0.60 6.6 5.00 MEA124M1E--B115",parsed,false
177562753533.pdf,MEA,screw_terminal,25,120000,51,121,11.5,120,85,0.6,6.6,mohm,0.0066,5,MEA124M1E--B121,108,2000,85,"120,000 51  x 121  11.5 0.60 6.6 5.00 MEA124M1E--B121",parsed,false
177562753533.pdf,MEA,screw_terminal,25,150000,51,130,12.8,120,85,0.6,5.3,mohm,0.0053,5,MEA154M1E--B130,109,2000,85,"150,000 51  x 130  12.8 0.60 5.3 5.00 MEA154M1E--B130",parsed,false
177562753533.pdf,MEA,screw_terminal,25,150000,63.5,100,12.9,120,85,0.6,5.3,mohm,0.0053,5,MEA154M1E--C100,110,2000,85,"150,000 63.5  x 100  12.9 0.60 5.3 5.00 MEA154M1E--C100",parsed,false
177562753533.pdf,MEA,screw_terminal,25,150000,63.5,105,13.2,120,85,0.6,5.3,mohm,0.0053,5,MEA154M1E--C105,111,2000,85,"150,000 63.5  x 105  13.2 0.60 5.3 5.00 MEA154M1E--C105",parsed,false
177562753533.pdf,MEA,screw_terminal,25,180000,63.5,96,13.3,120,85,0.7,5.2,mohm,0.0052,5,MEA184M1E--C096,112,2000,85,"180,000 63.5  x 96  13.3 0.70 5.2 5.00 MEA184M1E--C096",parsed,false
177562753533.pdf,MEA,screw_terminal,25,180000,63.5,100,13.5,120,85,0.7,5.2,mohm,0.0052,5,MEA184M1E--C100,113,2000,85,"180,000 63.5  x 100  13.5 0.70 5.2 5.00 MEA184M1E--C100",parsed,false
177562753533.pdf,MEA,screw_terminal,25,180000,63.5,121,14.7,120,85,0.7,5.2,mohm,0.0052,5,MEA184M1E--C121,114,2000,85,"180,000 63.5  x 121  14.7 0.70 5.2 5.00 MEA184M1E--C121",parsed,false
177562753533.pdf,MEA,screw_terminal,25,220000,63.5,105,15.7,120,85,0.75,4.5,mohm,0.0045,5,MEA224M1E--C105,115,2000,85,"220,000 63.5  x 105  15.7 0.75 4.5 5.00 MEA224M1E--C105",parsed,false
177562753533.pdf,MEA,screw_terminal,25,220000,63.5,115,16.3,120,85,0.75,4.5,mohm,0.0045,5,MEA224M1E--C115,116,2000,85,"25 220,000 63.5  x 115  16.3 0.75 4.5 5.00 MEA224M1E--C115",parsed,false
177562753533.pdf,MEA,screw_terminal,25,220000,63.5,121,16.7,120,85,0.75,4.5,mohm,0.0045,5,MEA224M1E--C121,117,2000,85,"220,000 63.5  x 121  16.7 0.75 4.5 5.00 MEA224M1E--C121",parsed,false
177562753533.pdf,MEA,screw_terminal,25,220000,63.5,144,18,120,85,0.75,4.5,mohm,0.0045,5,MEA224M1E--C144,118,2000,85,"220,000 63.5  x 144  18.0 0.75 4.5 5.00 MEA224M1E--C144",parsed,false
177562753533.pdf,MEA,screw_terminal,25,270000,63.5,130,17.5,120,85,0.8,3.9,mohm,0.0039,5,MEA274M1E--C130,119,2000,85,"270,000 63.5  x 130  17.5 0.80 3.9 5.00 MEA274M1E--C130",parsed,false
177562753533.pdf,MEA,screw_terminal,25,270000,63.5,144,18.3,120,85,0.8,3.9,mohm,0.0039,5,MEA274M1E--C144,120,2000,85,"270,000 63.5  x 144  18.3 0.80 3.9 5.00 MEA274M1E--C144",parsed,false
177562753533.pdf,MEA,screw_terminal,25,270000,76.2,100,16.8,120,85,0.8,3.9,mohm,0.0039,5,MEA274M1E--D100,121,2000,85,"270,000 76.2  x 100  16.8 0.80 3.9 5.00 MEA274M1E--D100",parsed,false
177562753533.pdf,MEA,screw_terminal,25,330000,63.5,155,20.3,120,85,0.9,3.6,mohm,0.0036,5,MEA334M1E--C155,122,2000,85,"330,000 63.5  x 155  20.3 0.90 3.6 5.00 MEA334M1E--C155",parsed,false
177562753533.pdf,MEA,screw_terminal,25,330000,76.2,121,18.1,120,85,0.9,3.6,mohm,0.0036,5,MEA334M1E--D121,123,2000,85,"330,000 76.2  x 121  18.1 0.90 3.6 5.00 MEA334M1E--D121",parsed,false
177562753533.pdf,MEA,screw_terminal,25,330000,76.2,144,19.5,120,85,0.9,3.6,mohm,0.0036,5,MEA334M1E--D144,124,2000,85,"330,000 76.2  x 144  19.5 0.90 3.6 5.00 MEA334M1E--D144",parsed,false
177562753533.pdf,MEA,screw_terminal,25,390000,76.2,115,18.9,120,85,1,3.4,mohm,0.0034,5,MEA394M1E--D115,125,2000,85,"390,000 76.2  x 115  18.9 1.00 3.4 5.00 MEA394M1E--D115",parsed,false
177562753533.pdf,MEA,screw_terminal,25,390000,76.2,140,20.5,120,85,1,3.4,mohm,0.0034,5,MEA394M1E--D140,126,2000,85,"390,000 76.2  x 140  20.5 1.00 3.4 5.00 MEA394M1E--D140",parsed,false
177562753533.pdf,MEA,screw_terminal,25,390000,76.2,144,20.8,120,85,1,3.4,mohm,0.0034,5,MEA394M1E--D144,127,2000,85,"390,000 76.2  x 144  20.8 1.00 3.4 5.00 MEA394M1E--D144",parsed,false
177562753533.pdf,MEA,screw_terminal,25,470000,76.2,155,21.5,120,85,1.2,3.4,mohm,0.0034,5,MEA474M1E--D155,128,2000,85,"470,000 76.2  x 155  21.5 1.20 3.4 5.00 MEA474M1E--D155",parsed,false
177562753533.pdf,MEA,screw_terminal,25,470000,76.2,220,25.2,120,85,1.2,3.4,mohm,0.0034,5,MEA474M1E--D220,129,2000,85,"470,000 76.2  x 220  25.2 1.20 3.4 5.00 MEA474M1E--D220",parsed,false
177562753533.pdf,MEA,screw_terminal,25,560000,89,130,22.4,120,85,1.4,3.3,mohm,0.0033,5,MEA564M1E--E130,130,2000,85,"560,000 89  x 130  22.4 1.40 3.3 5.00 MEA564M1E--E130",parsed,false
177562753533.pdf,MEA,screw_terminal,25,560000,89,140,23,120,85,1.4,3.3,mohm,0.0033,5,MEA564M1E--E140,131,2000,85,"560,000  89  x 140  23.0  1.40  3.3  5.00  MEA564M1E -- E140",parsed,false
177562753533.pdf,MEA,screw_terminal,25,680000,89,157,25,120,85,1.6,3.1,mohm,0.0031,5,MEA684M1E--E157,132,2000,85,"680,000 89  x 157  25.0 1.60 3.1 5.00 MEA684M1E--E157",parsed,false
177562753533.pdf,MEA,screw_terminal,35,10000,35,53,3.5,120,85,0.3,39.8,mohm,0.0398,1.77,MEA103M1V-AA053,133,2000,85,"35  10,000  35  x 53  3.5  0.30  39.8  1.77  MEA103M1V -AA053",parsed,false
177562753533.pdf,MEA,screw_terminal,35,12000,35,53,3.7,120,85,0.3,33.2,mohm,0.0332,1.94,MEA123M1V-AA053,134,2000,85,"12,000 35  x 53  3.7 0.30 33.2 1.94 MEA123M1V-AA053",parsed,false
177562753533.pdf,MEA,screw_terminal,35,15000,35,50,3.7,120,85,0.3,26.5,mohm,0.0265,2.17,MEA153M1V-AA050,135,2000,85,"15,000 35  x 50  3.7 0.30 26.5 2.17 MEA153M1V-AA050",parsed,false
177562753533.pdf,MEA,screw_terminal,35,15000,35,65,3.9,120,85,0.3,26.5,mohm,0.0265,2.17,MEA153M1V-AA065,136,2000,85,"15,000 35  x 65  3.9 0.30 26.5 2.17 MEA153M1V-AA065",parsed,false
177562753533.pdf,MEA,screw_terminal,35,18000,35,65,4.2,120,85,0.35,25.8,mohm,0.0258,2.38,MEA183M1V-AA065,137,2000,85,"18,000 35  x 65  4.2 0.35 25.8 2.38 MEA183M1V-AA065",parsed,false
177562753533.pdf,MEA,screw_terminal,35,18000,35,83,4.7,120,85,0.35,25.8,mohm,0.0258,2.38,MEA183M1V-AA083,138,2000,85,"18,000 35  x 83  4.7 0.35 25.8 2.38 MEA183M1V-AA083",parsed,false
177562753533.pdf,MEA,screw_terminal,35,22000,35,83,4.9,120,85,0.35,21.1,mohm,0.0211,2.63,MEA223M1V-AA083,139,2000,85,"22,000 35  x 83  4.9 0.35 21.1 2.63 MEA223M1V-AA083",parsed,false
177562753533.pdf,MEA,screw_terminal,35,27000,35,83,5.2,120,85,0.4,19.7,mohm,0.0197,2.92,MEA273M1V-AA083,141,2000,85,"27,000 35  x 83  5.2 0.40 19.7 2.92 MEA273M1V-AA083",parsed,false
177562753533.pdf,MEA,screw_terminal,35,27000,35,100,5.7,120,85,0.4,19.7,mohm,0.0197,2.92,MEA273M1V-AA100,140,2000,85,"27,000 35  x 100  5.7 0.40 19.7 2.92 MEA273M1V-AA100",parsed,false
177562753533.pdf,MEA,screw_terminal,35,33000,35,80,5.9,120,85,0.4,16.1,mohm,0.0161,3.22,MEA333M1V-AA080,142,2000,85,"33,000 35  x 80  5.9 0.40 16.1 3.22 MEA333M1V-AA080",parsed,false
177562753533.pdf,MEA,screw_terminal,35,33000,35,100,6.5,120,85,0.4,16.1,mohm,0.0161,3.22,MEA333M1V-AA100,143,2000,85,"33,000 35  x 100  6.5 0.40 16.1 3.22 MEA333M1V-AA100",parsed,false
177562753533.pdf,MEA,screw_terminal,35,33000,35,121,7.1,120,85,0.4,16.1,mohm,0.0161,3.22,MEA333M1V-AA121,144,2000,85,"33,000 35  x 121  7.1 0.40 16.1 3.22 MEA333M1V-AA121",parsed,false
177562753533.pdf,MEA,screw_terminal,35,39000,35,100,6.7,120,85,0.4,13.6,mohm,0.0136,3.5,MEA393M1V-AA100,145,2000,85,"39,000 35  x 100  6.7 0.40 13.6 3.50 MEA393M1V-AA100",parsed,false
177562753533.pdf,MEA,screw_terminal,35,39000,35,121,7.3,120,85,0.4,13.6,mohm,0.0136,3.5,MEA393M1V-AA121,146,2000,85,"39,000 35  x 121  7.3 0.40 13.6 3.50 MEA393M1V-AA121",parsed,false
177562753533.pdf,MEA,screw_terminal,35,47000,35,121,8,120,85,0.45,12.7,mohm,0.0127,3.85,MEA473M1V-AA121,147,2000,85,"47,000 35  x 121  8.0 0.45 12.7 3.85 MEA473M1V-AA121",parsed,false
177562753533.pdf,MEA,screw_terminal,35,47000,51,83,8.3,120,85,0.45,12.7,mohm,0.0127,3.85,MEA473M1V--B083,148,2000,85,"47,000 51  x 83  8.3 0.45 12.7 3.85 MEA473M1V--B083",parsed,false
177562753533.pdf,MEA,screw_terminal,35,47000,51,96,8.8,120,85,0.45,12.7,mohm,0.0127,3.85,MEA473M1V--B096,149,2000,85,"47,000 51  x 96  8.8 0.45 12.7 3.85 MEA473M1V--B096",parsed,false
177562753533.pdf,MEA,screw_terminal,35,56000,51,83,8.7,120,85,0.5,11.8,mohm,0.0118,4.2,MEA563M1V--B083,150,2000,85,"56,000 51  x 83  8.7 0.50 11.8 4.20 MEA563M1V--B083",parsed,false
177562753533.pdf,MEA,screw_terminal,35,56000,51,96,9.3,120,85,0.5,11.8,mohm,0.0118,4.2,MEA563M1V--B096,151,2000,85,"56,000 51  x 96  9.3 0.50 11.8 4.20 MEA563M1V--B096",parsed,false
177562753533.pdf,MEA,screw_terminal,35,68000,51,80,9.3,120,85,0.5,9.8,mohm,0.0098,4.63,MEA683M1V--B080,152,2000,85,"68,000 51  x 80  9.3 0.50 9.8 4.63 MEA683M1V--B080",parsed,false
177562753533.pdf,MEA,screw_terminal,35,68000,51,100,10.2,120,85,0.5,9.8,mohm,0.0098,4.63,MEA683M1V--B100,153,2000,85,"68,000 51  x 100  10.2 0.50 9.8 4.63 MEA683M1V--B100",parsed,false
177562753533.pdf,MEA,screw_terminal,35,68000,51,115,10.9,120,85,0.5,9.8,mohm,0.0098,4.63,MEA683M1V--B115,154,2000,85,"68,000 51  x 115  10.9 0.50 9.8 4.63 MEA683M1V--B115",parsed,false
177562753533.pdf,MEA,screw_terminal,35,82000,51,100,10.5,120,85,0.55,8.9,mohm,0.0089,5,MEA823M1V--B100,155,2000,85,"82,000 51  x 100  10.5 0.55 8.9 5.00 MEA823M1V--B100",parsed,false
177562753533.pdf,MEA,screw_terminal,35,82000,63.5,96,10.7,120,85,0.55,8.9,mohm,0.0089,5,MEA823M1V--C096,156,2000,85,"82,000 63.5  x 96  10.7 0.55 8.9 5.00 MEA823M1V--C096",parsed,false
177562753533.pdf,MEA,screw_terminal,35,100000,63.5,100,10.9,120,85,0.6,8,mohm,0.008,5,MEA104M1V--C100,157,2000,85,"100,000 63.5  x 100  10.9 0.60 8.0 5.00 MEA104M1V--C100",parsed,false
177562753533.pdf,MEA,screw_terminal,35,100000,63.5,115,11.6,120,85,0.6,8,mohm,0.008,5,MEA104M1V--C115,158,2000,85,"100,000 63.5  x 115  11.6 0.60 8.0 5.00 MEA104M1V--C115",parsed,false
177562753533.pdf,MEA,screw_terminal,35,120000,51,121,12.4,120,85,0.6,6.6,mohm,0.0066,5,MEA124M1V--B121,159,2000,85,"120,000 51  x 121  12.4 0.60 6.6 5.00 MEA124M1V--B121",parsed,false
177562753533.pdf,MEA,screw_terminal,35,120000,63.5,121,12.8,120,85,0.6,6.6,mohm,0.0066,5,MEA124M1V--C121,160,2000,85,"120,000 63.5  x 121  12.8 0.60 6.6 5.00 MEA124M1V--C121",parsed,false
177562753533.pdf,MEA,screw_terminal,35,150000,63.5,100,13,120,85,0.7,6.2,mohm,0.0062,5,MEA154M1V--C100,161,2000,85,"150,000 63.5  x 100  13.0 0.70 6.2 5.00 MEA154M1V--C100",parsed,false
177562753533.pdf,MEA,screw_terminal,35,150000,63.5,130,14.6,120,85,0.7,6.2,mohm,0.0062,5,MEA154M1V--C130,162,2000,85,"150,000 63.5  x 130  14.6 0.70 6.2 5.00 MEA154M1V--C130",parsed,false
177562753533.pdf,MEA,screw_terminal,35,150000,63.5,144,15.3,120,85,0.7,6.2,mohm,0.0062,5,MEA154M1V--C144,163,2000,85,"150,000 63.5  x 144  15.3 0.70 6.2 5.00 MEA154M1V--C144",parsed,false
177562753533.pdf,MEA,screw_terminal,35,180000,63.5,121,14.6,120,85,0.7,5.2,mohm,0.0052,5,MEA184M1V--C121,164,2000,85,"180,000 63.5  x 121  14.6 0.70 5.2 5.00 MEA184M1V--C121",parsed,false
177562753533.pdf,MEA,screw_terminal,35,180000,63.5,144,15.8,120,85,0.7,5.2,mohm,0.0052,5,MEA184M1V--C144,165,2000,85,"180,000 63.5  x 144  15.8 0.70 5.2 5.00 MEA184M1V--C144",parsed,false
177562753533.pdf,MEA,screw_terminal,35,180000,76.2,115,14.2,120,85,0.7,5.2,mohm,0.0052,5,MEA184M1V--D115,166,2000,85,"180,000 76.2  x 115  14.2 0.70 5.2 5.00 MEA184M1V--D115",parsed,false
177562753533.pdf,MEA,screw_terminal,35,220000,76.2,100,14.8,120,85,0.75,4.5,mohm,0.0045,5,MEA224M1V--D100,167,2000,85,"220,000 76.2  x 100  14.8 0.75 4.5 5.00 MEA224M1V--D100",parsed,false
177562753533.pdf,MEA,screw_terminal,35,220000,76.2,130,16.5,120,85,0.75,4.5,mohm,0.0045,5,MEA224M1V--D130,168,2000,85,"220,000 76.2  x 130  16.5 0.75 4.5 5.00 MEA224M1V--D130",parsed,false
177562753533.pdf,MEA,screw_terminal,35,220000,76.2,144,17.3,120,85,0.75,4.5,mohm,0.0045,5,MEA224M1V--D144,169,2000,85,"220,000 76.2  x 144  17.3 0.75 4.5 5.00 MEA224M1V--D144",parsed,false
177562753533.pdf,MEA,screw_terminal,35,270000,76.2,121,17.1,120,85,0.8,3.9,mohm,0.0039,5,MEA274M1V--D121,170,2000,85,"270,000 76.2  x 121  17.1 0.80 3.9 5.00 MEA274M1V--D121",parsed,false
177562753533.pdf,MEA,screw_terminal,35,270000,76.2,155,19.2,120,85,0.8,3.9,mohm,0.0039,5,MEA274M1V--D155,171,2000,85,"270,000 76.2  x 155  19.2 0.80 3.9 5.00 MEA274M1V--D155",parsed,false
177562753533.pdf,MEA,screw_terminal,35,330000,76.2,140,19.6,120,85,0.85,3.4,mohm,0.0034,5,MEA334M1V--D140,172,2000,85,"330,000 76.2  x 140  19.6 0.85 3.4 5.00 MEA334M1V--D140",parsed,false
177562753533.pdf,MEA,screw_terminal,35,330000,89,130,20.9,120,85,0.85,3.4,mohm,0.0034,5,MEA334M1V--E130,173,2000,85,"330,000 89  x 130  20.9 0.85 3.4 5.00 MEA334M1V--E130",parsed,false
177562753533.pdf,MEA,screw_terminal,35,390000,89,157,23.8,120,85,0.9,3.1,mohm,0.0031,5,MEA394M1V--E157,174,2000,85,"390,000 89  x 157  23.8 0.90 3.1 5.00 MEA394M1V--E157",parsed,false
177562753533.pdf,MEA,screw_terminal,35,470000,89,140,24.3,120,85,0.95,2.7,mohm,0.0027,5,MEA474M1V--E140,175,2000,85,"470,000 89  x 140  24.3 0.95 2.7 5.00 MEA474M1V--E140",parsed,false
177562753533.pdf,MEA,screw_terminal,35,470000,89,157,25.5,120,85,0.95,2.7,mohm,0.0027,5,MEA474M1V--E157,176,2000,85,"470,000 89  x 157  25.5 0.95 2.7 5.00 MEA474M1V--E157",parsed,false
177562753533.pdf,MEA,screw_terminal,50,5600,35,53,2.9,120,85,0.25,59.2,mohm,0.0592,1.59,MEA562M1H-AA053,177,2000,85,"50 5,600 35  x 53  2.9 0.25 59.2 1.59 MEA562M1H-AA053",parsed,false
177562753533.pdf,MEA,screw_terminal,50,6800,35,53,3.2,120,85,0.25,48.8,mohm,0.0488,1.75,MEA682M1H-AA053,178,2000,85,"6,800 35  x 53  3.2 0.25 48.8 1.75 MEA682M1H-AA053",parsed,false
177562753533.pdf,MEA,screw_terminal,50,8200,35,53,3.4,120,85,0.25,40.4,mohm,0.0404,1.92,MEA822M1H-AA053,179,2000,85,"8,200 35  x 53  3.4 0.25 40.4 1.92 MEA822M1H-AA053",parsed,false
177562753533.pdf,MEA,screw_terminal,50,10000,35,50,3.8,120,85,0.25,33.2,mohm,0.0332,2.12,MEA103M1H-AA050,180,2000,85,"10,000 35  x 50  3.8 0.25 33.2 2.12 MEA103M1H-AA050",parsed,false
177562753533.pdf,MEA,screw_terminal,50,10000,35,65,4.3,120,85,0.25,33.2,mohm,0.0332,2.12,MEA103M1H-AA065,181,2000,85,"10,000 35  x 65  4.3 0.25 33.2 2.12 MEA103M1H-AA065",parsed,false
177562753533.pdf,MEA,screw_terminal,50,12000,35,65,4.5,120,85,0.25,27.6,mohm,0.0276,2.32,MEA123M1H-AA065,182,2000,85,"12,000 35  x 65  4.5 0.25 27.6 2.32 MEA123M1H-AA065",parsed,false
177562753533.pdf,MEA,screw_terminal,50,12000,35,83,4.6,120,85,0.25,27.6,mohm,0.0276,2.32,MEA123M1H-AA083,183,2000,85,"12,000 35  x 83  4.6 0.25 27.6 2.32 MEA123M1H-AA083",parsed,false
177562753533.pdf,MEA,screw_terminal,50,15000,35,83,4.7,120,85,0.25,22.1,mohm,0.0221,2.6,MEA153M1H-AA083,184,2000,85,"15,000 35  x 83  4.7 0.25 22.1 2.60 MEA153M1H-AA083",parsed,false
177562753533.pdf,MEA,screw_terminal,50,18000,35,80,4.8,120,85,0.25,18.4,mohm,0.0184,2.85,MEA183M1H-AA080,185,2000,85,"18,000 35  x 80  4.8 0.25 18.4 2.85 MEA183M1H-AA080",parsed,false
177562753533.pdf,MEA,screw_terminal,50,18000,35,83,4.9,120,85,0.25,18.4,mohm,0.0184,2.85,MEA183M1H-AA083,186,2000,85,"18,000 35  x 83  4.9 0.25 18.4 2.85 MEA183M1H-AA083",parsed,false
177562753533.pdf,MEA,screw_terminal,50,18000,35,100,5.3,120,85,0.25,18.4,mohm,0.0184,2.85,MEA183M1H-AA100,187,2000,85,"18,000 35  x 100  5.3 0.25 18.4 2.85 MEA183M1H-AA100",parsed,false
177562753533.pdf,MEA,screw_terminal,50,22000,35,100,5.8,120,85,0.3,18.1,mohm,0.0181,3.15,MEA223M1H-AA100,188,2000,85,"22,000 35  x 100  5.8 0.30 18.1 3.15 MEA223M1H-AA100",parsed,false
177562753533.pdf,MEA,screw_terminal,50,22000,35,121,6.3,120,85,0.3,18.1,mohm,0.0181,3.15,MEA223M1H-AA121,189,2000,85,"22,000 35  x 121  6.3 0.30 18.1 3.15 MEA223M1H-AA121",parsed,false
177562753533.pdf,MEA,screw_terminal,50,27000,35,121,6.6,120,85,0.35,17.2,mohm,0.0172,3.49,MEA273M1H-AA121,190,2000,85,"27,000 35  x 121  6.6 0.35 17.2 3.49 MEA273M1H-AA121",parsed,false
177562753533.pdf,MEA,screw_terminal,50,33000,51,83,7.5,120,85,0.4,16.1,mohm,0.0161,3.85,MEA333M1H--B083,191,2000,85,"33,000 51  x 83  7.5 0.40 16.1 3.85 MEA333M1H--B083",parsed,false
177562753533.pdf,MEA,screw_terminal,50,33000,51,96,8,120,85,0.4,16.1,mohm,0.0161,3.85,MEA333M1H--B096,192,2000,85,"33,000 51  x 96  8.0 0.40 16.1 3.85 MEA333M1H--B096",parsed,false
177562753533.pdf,MEA,screw_terminal,50,39000,51,80,7.6,120,85,0.4,13.6,mohm,0.0136,4.19,MEA393M1H--B080,193,2000,85,"39,000 51  x 80  7.6 0.40 13.6 4.19 MEA393M1H--B080",parsed,false
177562753533.pdf,MEA,screw_terminal,50,39000,51,83,7.7,120,85,0.4,13.6,mohm,0.0136,4.19,MEA393M1H--B083,194,2000,85,"39,000 51  x 83  7.7 0.40 13.6 4.19 MEA393M1H--B083",parsed,false
177562753533.pdf,MEA,screw_terminal,50,39000,51,96,8.2,120,85,0.4,13.6,mohm,0.0136,4.19,MEA393M1H--B096,195,2000,85,"39,000 51  x 96  8.2 0.40 13.6 4.19 MEA393M1H--B096",parsed,false
177562753533.pdf,MEA,screw_terminal,50,47000,51,100,9.6,120,85,0.4,11.3,mohm,0.0113,4.6,MEA473M1H--B100,196,2000,85,"47,000 51  x 100  9.6 0.40 11.3 4.60 MEA473M1H--B100",parsed,false
177562753533.pdf,MEA,screw_terminal,50,47000,51,115,10.2,120,85,0.4,11.3,mohm,0.0113,4.6,MEA473M1H--B115,197,2000,85,"47,000 51  x 115  10.2 0.40 11.3 4.60 MEA473M1H--B115",parsed,false
177562753533.pdf,MEA,screw_terminal,50,56000,51,100,9.8,120,85,0.4,9.5,mohm,0.0095,5,MEA563M1H--B100,198,2000,85,"56,000 51  x 100  9.8 0.40 9.5 5.00 MEA563M1H--B100",parsed,false
177562753533.pdf,MEA,screw_terminal,50,56000,63.5,96,10.9,120,85,0.4,9.5,mohm,0.0095,5,MEA563M1H--C096,199,2000,85,"56,000 63.5  x 96  10.9 0.40 9.5 5.00 MEA563M1H--C096",parsed,false
177562753533.pdf,MEA,screw_terminal,50,68000,51,121,11.4,120,85,0.45,8.8,mohm,0.0088,5,MEA683M1H--B121,200,2000,85,"68,000 51  x 121  11.4 0.45 8.8 5.00 MEA683M1H--B121",parsed,false
177562753533.pdf,MEA,screw_terminal,50,68000,63.5,96,11.7,120,85,0.45,8.8,mohm,0.0088,5,MEA683M1H--C096,201,2000,85,"68,000 63.5  x 96  11.7 0.45 8.8 5.00 MEA683M1H--C096",parsed,false
177562753533.pdf,MEA,screw_terminal,50,68000,63.5,100,11.9,120,85,0.45,8.8,mohm,0.0088,5,MEA683M1H--C100,202,2000,85,"68,000 63.5  x 100  11.9 0.45 8.8 5.00 MEA683M1H--C100",parsed,false
177562753533.pdf,MEA,screw_terminal,50,82000,63.5,100,12.2,120,85,0.5,8.1,mohm,0.0081,5,MEA823M1H--C100,203,2000,85,"82,000 63.5  x 100  12.2 0.50 8.1 5.00 MEA823M1H--C100",parsed,false
177562753533.pdf,MEA,screw_terminal,50,82000,63.5,115,13,120,85,0.5,8.1,mohm,0.0081,5,MEA823M1H--C115,204,2000,85,"82,000 63.5  x 115  13.0 0.50 8.1 5.00 MEA823M1H--C115",parsed,false
177562753533.pdf,MEA,screw_terminal,50,100000,63.5,144,14.2,120,85,0.5,6.6,mohm,0.0066,5,MEA104M1H--C144,205,2000,85,"100,000 63.5  x 144  14.2 0.50 6.6 5.00 MEA104M1H--C144",parsed,false
177562753533.pdf,MEA,screw_terminal,50,100000,76.2,115,14.3,120,85,0.5,6.6,mohm,0.0066,5,MEA104M1H--D115,206,2000,85,"100,000 76.2  x 115  14.3 0.50 6.6 5.00 MEA104M1H--D115",parsed,false
177562753533.pdf,MEA,screw_terminal,50,120000,63.5,121,13.4,120,85,0.5,5.5,mohm,0.0055,5,MEA124M1H--C121,207,2000,85,"120,000 63.5  x 121  13.4 0.50 5.5 5.00 MEA124M1H--C121",parsed,false
177562753533.pdf,MEA,screw_terminal,50,120000,63.5,144,14.5,120,85,0.5,5.5,mohm,0.0055,5,MEA124M1H--C144,208,2000,85,"120,000 63.5  x 144  14.5 0.50 5.5 5.00 MEA124M1H--C144",parsed,false
177562753533.pdf,MEA,screw_terminal,50,120000,76.2,115,14.6,120,85,0.5,5.5,mohm,0.0055,5,MEA124M1H--D115,209,2000,85,"120,000 76.2  x 115  14.6 0.50 5.5 5.00 MEA124M1H--D115",parsed,false
177562753533.pdf,MEA,screw_terminal,50,150000,76.2,121,15.3,120,85,0.6,5.3,mohm,0.0053,5,MEA154M1H--D121,210,2000,85,"150,000 76.2  x 121  15.3 0.60 5.3 5.00 MEA154M1H--D121",parsed,false
177562753533.pdf,MEA,screw_terminal,50,150000,76.2,130,15.8,120,85,0.6,5.3,mohm,0.0053,5,MEA154M1H--D130,211,2000,85,"150,000 76.2  x 130  15.8 0.60 5.3 5.00 MEA154M1H--D130",parsed,false
177562753533.pdf,MEA,screw_terminal,50,150000,76.2,144,16.5,120,85,0.6,5.3,mohm,0.0053,5,MEA154M1H--D144,212,2000,85,"150,000 76.2  x 144  16.5 0.60 5.3 5.00 MEA154M1H--D144",parsed,false
177562753533.pdf,MEA,screw_terminal,50,180000,76.2,140,16.6,120,85,0.7,5.2,mohm,0.0052,5,MEA184M1H--D140,213,2000,85,"180,000 76.2  x 140  16.6 0.70 5.2 5.00 MEA184M1H--D140",parsed,false
177562753533.pdf,MEA,screw_terminal,50,180000,76.2,144,16.8,120,85,0.7,5.2,mohm,0.0052,5,MEA184M1H--D144,214,2000,85,"180,000 76.2  x 144  16.8 0.70 5.2 5.00 MEA184M1H--D144",parsed,false
177562753533.pdf,MEA,screw_terminal,50,180000,76.2,155,17.4,120,85,0.7,5.2,mohm,0.0052,5,MEA184M1H--D155,215,2000,85,"180,000 76.2  x 155  17.4 0.70 5.2 5.00 MEA184M1H--D155",parsed,false
177562753533.pdf,MEA,screw_terminal,50,220000,89,130,18.2,120,85,0.8,4.8,mohm,0.0048,5,MEA224M1H--E130,216,2000,85,"220,000 89  x 130  18.2 0.80 4.8 5.00 MEA224M1H--E130",parsed,false
177562753533.pdf,MEA,screw_terminal,50,270000,89,140,18.7,120,85,1,4.9,mohm,0.0049,5,MEA274M1H--E140,217,2000,85,"270,000 89  x 140  18.7 1.00 4.9 5.00 MEA274M1H--E140",parsed,false
177562753533.pdf,MEA,screw_terminal,50,270000,89,157,19.7,120,85,1,4.9,mohm,0.0049,5,MEA274M1H--E157,218,2000,85,"270,000 89  x 157  19.7 1.00 4.9 5.00 MEA274M1H--E157",parsed,false
177562753533.pdf,MEA,screw_terminal,63,3900,35,53,2.5,120,85,0.2,68,mohm,0.068,1.49,MEA392M1J-AA053,219,2000,85,"63 3,900 35  x 53   2.5 0.20 68.0 1.49 MEA392M1J-AA053",parsed,false
177562753533.pdf,MEA,screw_terminal,63,4700,35,53,2.7,120,85,0.2,56.4,mohm,0.0564,1.63,MEA472M1J-AA053,220,2000,85,"4,700 35  x 53   2.7 0.20 56.4 1.63 MEA472M1J-AA053",parsed,false
177562753533.pdf,MEA,screw_terminal,63,4700,35,55,2.8,120,85,0.2,56.4,mohm,0.0564,1.63,MEA472M1J-AA055,221,2000,85,"4,700 35  x 55   2.8 0.20 56.4 1.63 MEA472M1J-AA055",parsed,false
177562753533.pdf,MEA,screw_terminal,63,5600,35,50,2.9,120,85,0.2,47.4,mohm,0.0474,1.78,MEA562M1J-AA050,222,2000,85,"5,600 35  x 50   2.9 0.20 47.4 1.78 MEA562M1J-AA050",parsed,false
177562753533.pdf,MEA,screw_terminal,63,5600,35,53,3,120,85,0.2,47.4,mohm,0.0474,1.78,MEA562M1J-AA053,223,2000,85,"5,600 35  x 53   3.0 0.20 47.4 1.78 MEA562M1J-AA053",parsed,false
177562753533.pdf,MEA,screw_terminal,63,6800,35,53,3.7,120,85,0.2,39,mohm,0.039,1.96,MEA682M1J-AA053,224,2000,85,"6,800 35  x 53   3.7 0.20 39.0 1.96 MEA682M1J-AA053",parsed,false
177562753533.pdf,MEA,screw_terminal,63,6800,35,55,3.8,120,85,0.2,39,mohm,0.039,1.96,MEA682M1J-AA055,225,2000,85,"6,800 35  x 55   3.8 0.20 39.0 1.96 MEA682M1J-AA055",parsed,false
177562753533.pdf,MEA,screw_terminal,63,6800,35,65,4.1,120,85,0.2,39,mohm,0.039,1.96,MEA682M1J-AA065,226,2000,85,"6,800 35  x 65   4.1 0.20 39.0 1.96 MEA682M1J-AA065",parsed,false
177562753533.pdf,MEA,screw_terminal,63,8200,35,65,4.4,120,85,0.25,40.4,mohm,0.0404,2.16,MEA822M1J-AA065,227,2000,85,"8,200 35  x 65  4.4 0.25 40.4 2.16 MEA822M1J-AA065",parsed,false
177562753533.pdf,MEA,screw_terminal,63,8200,35,83,4.6,120,85,0.25,40.4,mohm,0.0404,2.16,MEA822M1J-AA083,228,2000,85,"8,200 35  x 83  4.6 0.25 40.4 2.16 MEA822M1J-AA083",parsed,false
177562753533.pdf,MEA,screw_terminal,63,10000,35,80,4.6,120,85,0.25,33.2,mohm,0.0332,2.38,MEA103M1J-AA080,229,2000,85,"10,000 35  x 80  4.6 0.25 33.2 2.38 MEA103M1J-AA080",parsed,false
177562753533.pdf,MEA,screw_terminal,63,10000,35,83,4.7,120,85,0.25,33.2,mohm,0.0332,2.38,MEA103M1J-AA083,230,2000,85,"10,000 35  x 83  4.7 0.25 33.2 2.38 MEA103M1J-AA083",parsed,false
177562753533.pdf,MEA,screw_terminal,63,12000,35,83,4.8,120,85,0.25,27.6,mohm,0.0276,2.61,MEA123M1J-AA083,231,2000,85,"12,000 35  x 83  4.8 0.25 27.6 2.61 MEA123M1J-AA083",parsed,false
177562753533.pdf,MEA,screw_terminal,63,12000,35,100,5.1,120,85,0.25,27.6,mohm,0.0276,2.61,MEA123M1J-AA100,232,2000,85,"12,000 35  x 100  5.1 0.25 27.6 2.61 MEA123M1J-AA100",parsed,false
177562753533.pdf,MEA,screw_terminal,63,15000,35,100,5.6,120,85,0.25,22.1,mohm,0.0221,2.92,MEA153M1J-AA100,233,2000,85,"15,000 35  x 100  5.6 0.25 22.1 2.92 MEA153M1J-AA100",parsed,false
177562753533.pdf,MEA,screw_terminal,63,15000,35,105,5.7,120,85,0.25,22.1,mohm,0.0221,2.92,MEA153M1J-AA105,234,2000,85,"15,000 35  x 105  5.7 0.25 22.1 2.92 MEA153M1J-AA105",parsed,false
177562753533.pdf,MEA,screw_terminal,63,18000,35,100,6.2,120,85,0.25,18.4,mohm,0.0184,3.19,MEA183M1J-AA100,235,2000,85,"18,000 35  x 100  6.2 0.25 18.4 3.19 MEA183M1J-AA100",parsed,false
177562753533.pdf,MEA,screw_terminal,63,18000,35,121,6.8,120,85,0.25,18.4,mohm,0.0184,3.19,MEA183M1J-AA121,236,2000,85,"18,000 35  x 121  6.8 0.25 18.4 3.19 MEA183M1J-AA121",parsed,false
177562753533.pdf,MEA,screw_terminal,63,22000,35,121,7.4,120,85,0.3,18.1,mohm,0.0181,3.53,MEA223M1J-AA121,237,2000,85,"22,000 35  x 121  7.4 0.30 18.1 3.53 MEA223M1J-AA121",parsed,false
177562753533.pdf,MEA,screw_terminal,63,22000,51,80,7.6,120,85,0.3,18.1,mohm,0.0181,3.53,MEA223M1J--B080,238,2000,85,"22,000 51  x 80  7.6 0.30 18.1 3.53 MEA223M1J--B080",parsed,false
177562753533.pdf,MEA,screw_terminal,63,22000,51,83,7.7,120,85,0.3,18.1,mohm,0.0181,3.53,MEA223M1J--B083,239,2000,85,"22,000 51  x 83  7.7 0.30 18.1 3.53 MEA223M1J--B083",parsed,false
177562753533.pdf,MEA,screw_terminal,63,27000,51,83,8.2,120,85,0.3,14.7,mohm,0.0147,3.91,MEA273M1J--B083,240,2000,85,"27,000 51  x 83  8.2 0.30 14.7 3.91 MEA273M1J--B083",parsed,false
177562753533.pdf,MEA,screw_terminal,63,27000,51,96,8.5,120,85,0.3,14.7,mohm,0.0147,3.91,MEA273M1J--B096,241,2000,85,"27,000 51  x 96  8.5 0.30 14.7 3.91 MEA273M1J--B096",parsed,false
177562753533.pdf,MEA,screw_terminal,63,33000,51,96,8.6,120,85,0.35,14.1,mohm,0.0141,4.33,MEA333M1J--B096,242,2000,85,"33,000 51  x 96  8.6 0.35 14.1 4.33 MEA333M1J--B096",parsed,false
177562753533.pdf,MEA,screw_terminal,63,33000,51,100,8.7,120,85,0.35,14.1,mohm,0.0141,4.33,MEA333M1J--B100,243,2000,85,"63 33,000 51  x 100  8.7 0.35 14.1 4.33 MEA333M1J--B100",parsed,false
177562753533.pdf,MEA,screw_terminal,63,33000,51,105,8.9,120,85,0.35,14.1,mohm,0.0141,4.33,MEA333M1J--B105,244,2000,85,"33,000 51  x 105  8.9 0.35 14.1 4.33 MEA333M1J--B105",parsed,false
177562753533.pdf,MEA,screw_terminal,63,39000,51,100,9.6,120,85,0.35,11.9,mohm,0.0119,4.7,MEA393M1J--B100,245,2000,85,"39,000 51  x 100  9.6 0.35 11.9 4.70 MEA393M1J--B100",parsed,false
177562753533.pdf,MEA,screw_terminal,63,39000,51,115,10.2,120,85,0.35,11.9,mohm,0.0119,4.7,MEA393M1J--B115,246,2000,85,"39,000 51  x 115  10.2 0.35 11.9 4.70 MEA393M1J--B115",parsed,false
177562753533.pdf,MEA,screw_terminal,63,39000,51,121,10.5,120,85,0.35,11.9,mohm,0.0119,4.7,MEA393M1J--B121,247,2000,85,"39,000 51  x 121  10.5 0.35 11.9 4.70 MEA393M1J--B121",parsed,false
177562753533.pdf,MEA,screw_terminal,63,47000,51,130,11.4,120,85,0.4,11.3,mohm,0.0113,5,MEA473M1J--B130,248,2000,85,"47,000 51  x 130  11.4 0.40 11.3 5.00 MEA473M1J--B130",parsed,false
177562753533.pdf,MEA,screw_terminal,63,47000,63.5,100,11.5,120,85,0.4,11.3,mohm,0.0113,5,MEA473M1J--C100,249,2000,85,"47,000 63.5  x 100  11.5 0.40 11.3 5.00 MEA473M1J--C100",parsed,false
177562753533.pdf,MEA,screw_terminal,63,47000,63.5,105,11.8,120,85,0.4,11.3,mohm,0.0113,5,MEA473M1J--C105,250,2000,85,"47,000 63.5  x 105  11.8 0.40 11.3 5.00 MEA473M1J--C105",parsed,false
177562753533.pdf,MEA,screw_terminal,63,56000,63.5,100,11.8,120,85,0.4,9.5,mohm,0.0095,5,MEA563M1J--C100,251,2000,85,"56,000 63.5  x 100  11.8 0.40 9.5 5.00 MEA563M1J--C100",parsed,false
177562753533.pdf,MEA,screw_terminal,63,56000,63.5,115,12.5,120,85,0.4,9.5,mohm,0.0095,5,MEA563M1J--C115,252,2000,85,"56,000 63.5  x 115  12.5 0.40 9.5 5.00 MEA563M1J--C115",parsed,false
177562753533.pdf,MEA,screw_terminal,63,68000,63.5,121,12.7,120,85,0.4,7.8,mohm,0.0078,5,MEA683M1J--C121,253,2000,85,"68,000 63.5  x 121  12.7 0.40 7.8 5.00 MEA683M1J--C121",parsed,false
177562753533.pdf,MEA,screw_terminal,63,68000,63.5,144,13.7,120,85,0.4,7.8,mohm,0.0078,5,MEA683M1J--C144,254,2000,85,"68,000 63.5  x 144  13.7 0.40 7.8 5.00 MEA683M1J--C144",parsed,false
177562753533.pdf,MEA,screw_terminal,63,68000,76.2,105,13.3,120,85,0.4,7.8,mohm,0.0078,5,MEA683M1J--D105,255,2000,85,"68,000 76.2  x 105  13.3 0.40 7.8 5.00 MEA683M1J--D105",parsed,false
177562753533.pdf,MEA,screw_terminal,63,82000,63.5,130,13.6,120,85,0.45,7.3,mohm,0.0073,5,MEA823M1J--C130,256,2000,85,"82,000 63.5  x 130  13.6 0.45 7.3 5.00 MEA823M1J--C130",parsed,false
177562753533.pdf,MEA,screw_terminal,63,82000,63.5,144,14.2,120,85,0.45,7.3,mohm,0.0073,5,MEA823M1J--C144,257,2000,85,"82,000 63.5  x 144  14.2 0.45 7.3 5.00 MEA823M1J--C144",parsed,false
177562753533.pdf,MEA,screw_terminal,63,100000,76.2,115,13.8,120,85,0.45,6,mohm,0.006,5,MEA104M1J--D115,258,2000,85,"100,000 76.2  x 115  13.8 0.45 6.0 5.00 MEA104M1J--D115",parsed,false
177562753533.pdf,MEA,screw_terminal,63,100000,76.2,121,14.1,120,85,0.45,6,mohm,0.006,5,MEA104M1J--D121,259,2000,85,"100,000 76.2  x 121  14.1 0.45 6.0 5.00 MEA104M1J--D121",parsed,false
177562753533.pdf,MEA,screw_terminal,63,100000,76.2,144,15.2,120,85,0.45,6,mohm,0.006,5,MEA104M1J--D144,260,2000,85,"100,000 76.2  x 144  15.2 0.45 6.0 5.00 MEA104M1J--D144",parsed,false
177562753533.pdf,MEA,screw_terminal,63,120000,76.2,130,15.1,120,85,0.5,5.5,mohm,0.0055,5,MEA124M1J--D130,261,2000,85,"120,000 76.2  x 130  15.1 0.50 5.5 5.00 MEA124M1J--D130",parsed,false
177562753533.pdf,MEA,screw_terminal,63,120000,76.2,140,15.6,120,85,0.5,5.5,mohm,0.0055,5,MEA124M1J--D140,262,2000,85,"120,000 76.2  x 140  15.6 0.50 5.5 5.00 MEA124M1J--D140",parsed,false
177562753533.pdf,MEA,screw_terminal,63,120000,76.2,144,15.8,120,85,0.5,5.5,mohm,0.0055,5,MEA124M1J--D144,263,2000,85,"120,000 76.2  x 144  15.8 0.50 5.5 5.00 MEA124M1J--D144",parsed,false
177562753533.pdf,MEA,screw_terminal,63,150000,76.2,155,17.4,120,85,0.55,4.9,mohm,0.0049,5,MEA154M1J--D155,264,2000,85,"150,000 76.2  x 155  17.4 0.55 4.9 5.00 MEA154M1J--D155",parsed,false
177562753533.pdf,MEA,screw_terminal,63,150000,76.2,220,20.4,120,85,0.55,4.9,mohm,0.0049,5,MEA154M1J--D220,265,2000,85,"150,000 76.2  x 220  20.4 0.55 4.9 5.00 MEA154M1J--D220",parsed,false
177562753533.pdf,MEA,screw_terminal,63,150000,89,140,18.2,120,85,0.55,4.9,mohm,0.0049,5,MEA154M1J--E140,266,2000,85,"150,000 89  x 140  18.2 0.55 4.9 5.00 MEA154M1J--E140",parsed,false
177562753533.pdf,MEA,screw_terminal,63,180000,89,130,18.6,120,85,0.6,4.4,mohm,0.0044,5,MEA184M1J--E130,267,2000,85,"180,000 89  x 130  18.6 0.60 4.4 5.00 MEA184M1J--E130",parsed,false
177562753533.pdf,MEA,screw_terminal,63,220000,89,157,21.4,120,85,0.65,3.9,mohm,0.0039,5,MEA224M1J--E157,268,2000,85,"220,000 89  x 157  21.4 0.65 3.9 5.00 MEA224M1J--E157",parsed,false
177562753533.pdf,MEA,screw_terminal,80,3300,35,50,2.4,120,85,0.15,60.3,mohm,0.0603,1.54,MEA332M1K-AA050,269,2000,85,"80 3,300 35 x  50  2.4 0.15 60.3 1.54 MEA332M1K-AA050",parsed,false
177562753533.pdf,MEA,screw_terminal,80,3300,35,53,2.5,120,85,0.15,60.3,mohm,0.0603,1.54,MEA332M1K-AA053,270,2000,85,"3,300 35 x 53  2.5 0.15 60.3 1.54 MEA332M1K-AA053",parsed,false
177562753533.pdf,MEA,screw_terminal,80,3900,35,53,2.7,120,85,0.15,51,mohm,0.051,1.68,MEA392M1K-AA053,271,2000,85,"3,900 35 x  53  2.7 0.15 51.0 1.68 MEA392M1K-AA053",parsed,false
177562753533.pdf,MEA,screw_terminal,80,4700,35,65,2.9,120,85,0.15,42.3,mohm,0.0423,1.84,MEA472M1K-AA065,272,2000,85,"4,700 35 x 65  2.9 0.15 42.3 1.84 MEA472M1K-AA065",parsed,false
177562753533.pdf,MEA,screw_terminal,80,5600,35,65,3.7,120,85,0.2,47.4,mohm,0.0474,2.01,MEA562M1K-AA065,273,2000,85,"5,600 35 x  65  3.7 0.20 47.4 2.01 MEA562M1K-AA065",parsed,false
177562753533.pdf,MEA,screw_terminal,80,5600,35,83,4.1,120,85,0.2,47.4,mohm,0.0474,2.01,MEA562M1K-AA083,274,2000,85,"5,600 35 x 83  4.1 0.20 47.4 2.01 MEA562M1K-AA083",parsed,false
177562753533.pdf,MEA,screw_terminal,80,6800,35,80,4.2,120,85,0.2,39,mohm,0.039,2.21,MEA682M1K-AA080,275,2000,85,"6,800 35 x  80  4.2 0.20 39.0 2.21 MEA682M1K-AA080",parsed,false
177562753533.pdf,MEA,screw_terminal,80,6800,35,83,4.3,120,85,0.2,39,mohm,0.039,2.21,MEA682M1K-AA083,276,2000,85,"6,800 35 x 83  4.3 0.20 39.0 2.21 MEA682M1K-AA083",parsed,false
177562753533.pdf,MEA,screw_terminal,80,8200,35,83,4.5,120,85,0.2,32.3,mohm,0.0323,2.43,MEA822M1K-AA083,277,2000,85,"8,200 35 x  83  4.5 0.20 32.3 2.43 MEA822M1K-AA083",parsed,false
177562753533.pdf,MEA,screw_terminal,80,10000,35,100,5.4,120,85,0.2,26.5,mohm,0.0265,2.68,MEA103M1K-AA100,278,2000,85,"10,000 35 x 100  5.4 0.20 26.5 2.68 MEA103M1K-AA100",parsed,false
177562753533.pdf,MEA,screw_terminal,80,12000,35,100,5.6,120,85,0.2,22.1,mohm,0.0221,2.94,MEA123M1K-AA100,279,2000,85,"12,000 35 x  100  5.6 0.20 22.1 2.94 MEA123M1K-AA100",parsed,false
177562753533.pdf,MEA,screw_terminal,80,12000,35,121,6.1,120,85,0.2,22.1,mohm,0.0221,2.94,MEA123M1K-AA121,280,2000,85,"12,000 35 x 121  6.1 0.20 22.1 2.94 MEA123M1K-AA121",parsed,false
177562753533.pdf,MEA,screw_terminal,80,15000,35,121,7.1,120,85,0.25,22.1,mohm,0.0221,3.29,MEA153M1K-AA121,281,2000,85,"15,000 35 x  121  7.1 0.25 22.1 3.29 MEA153M1K-AA121",parsed,false
177562753533.pdf,MEA,screw_terminal,80,15000,51,80,7.2,120,85,0.25,22.1,mohm,0.0221,3.29,MEA153M1K--B080,282,2000,85,"15,000 51 x 80  7.2 0.25 22.1 3.29 MEA153M1K--B080",parsed,false
177562753533.pdf,MEA,screw_terminal,80,15000,51,83,7.3,120,85,0.25,22.1,mohm,0.0221,3.29,MEA153M1K--B083,283,2000,85,"15,000 51 x  83  7.3 0.25 22.1 3.29 MEA153M1K--B083",parsed,false
177562753533.pdf,MEA,screw_terminal,80,18000,35,121,7.4,120,85,0.25,18.4,mohm,0.0184,3.6,MEA183M1K-AA121,284,2000,85,"18,000 35 x 121  7.4 0.25 18.4 3.60 MEA183M1K-AA121",parsed,false
177562753533.pdf,MEA,screw_terminal,80,18000,51,83,7.7,120,85,0.25,18.4,mohm,0.0184,3.6,MEA183M1K--B083,285,2000,85,"18,000 51 x  83  7.7 0.25 18.4 3.60 MEA183M1K--B083",parsed,false
177562753533.pdf,MEA,screw_terminal,80,22000,51,96,8.2,120,85,0.3,18.1,mohm,0.0181,3.98,MEA223M1K--B096,286,2000,85,"22,000 51 x 96  8.2 0.30 18.1 3.98 MEA223M1K--B096",parsed,false
177562753533.pdf,MEA,screw_terminal,80,22000,51,100,8.5,120,85,0.3,18.1,mohm,0.0181,3.98,MEA223M1K--B100,287,2000,85,"22,000 51 x  100  8.5 0.30 18.1 3.98 MEA223M1K--B100",parsed,false
177562753533.pdf,MEA,screw_terminal,80,27000,51,96,8.4,120,85,0.3,14.7,mohm,0.0147,4.41,MEA273M1K--B096,288,2000,85,"27,000 51 x 96  8.4 0.30 14.7 4.41 MEA273M1K--B096",parsed,false
177562753533.pdf,MEA,screw_terminal,80,27000,51,121,8.6,120,85,0.3,14.7,mohm,0.0147,4.41,MEA273M1K--B121,289,2000,85,"27,000 51 x  121  8.6 0.30 14.7 4.41 MEA273M1K--B121",parsed,false
177562753533.pdf,MEA,screw_terminal,80,27000,63.5,100,8.6,120,85,0.3,14.7,mohm,0.0147,4.41,MEA273M1K--C100,290,2000,85,"27,000 63.5  x 100  8.6 0.30 14.7 4.41 MEA273M1K--C100",parsed,false
177562753533.pdf,MEA,screw_terminal,80,33000,51,115,9.8,120,85,0.35,14.1,mohm,0.0141,4.87,MEA333M1K--B115,291,2000,85,"33,000 51 x  115  9.8 0.35 14.1 4.87 MEA333M1K--B115",parsed,false
177562753533.pdf,MEA,screw_terminal,80,33000,63.5,100,10.5,120,85,0.35,14.1,mohm,0.0141,4.87,MEA333M1K--C100,292,2000,85,"33,000 63.5  x 100  10.5 0.35 14.1 4.87 MEA333M1K--C100",parsed,false
177562753533.pdf,MEA,screw_terminal,80,39000,51,130,10.8,120,85,0.35,11.9,mohm,0.0119,5,MEA393M1K--B130,293,2000,85,"39,000 51 x  130  10.8 0.35 11.9 5.00 MEA393M1K--B130",parsed,false
177562753533.pdf,MEA,screw_terminal,80,39000,63.5,121,11.8,120,85,0.35,11.9,mohm,0.0119,5,MEA393M1K--C121,294,2000,85,"39,000 63.5  x 121  11.8 0.35 11.9 5.00 MEA393M1K--C121",parsed,false
177562753533.pdf,MEA,screw_terminal,80,47000,63.5,115,12.7,120,85,0.35,9.9,mohm,0.0099,5,MEA473M1K--C115,295,2000,85,"47,000 63.5  x 115  12.7 0.35 9.9 5.00 MEA473M1K--C115",parsed,false
177562753533.pdf,MEA,screw_terminal,80,47000,63.5,121,13,120,85,0.35,9.9,mohm,0.0099,5,MEA473M1K--C121,296,2000,85,"47,000 63.5  x 121  13.0 0.35 9.9 5.00 MEA473M1K--C121",parsed,false
177562753533.pdf,MEA,screw_terminal,80,47000,63.5,144,14,120,85,0.35,9.9,mohm,0.0099,5,MEA473M1K--C144,297,2000,85,"47,000 63.5  x 144  14.0 0.35 9.9 5.00 MEA473M1K--C144",parsed,false
177562753533.pdf,MEA,screw_terminal,80,56000,63.5,130,13.6,120,85,0.35,8.3,mohm,0.0083,5,MEA563M1K--C130,298,2000,85,"56,000 63.5  x 130  13.6 0.35 8.3 5.00 MEA563M1K--C130",parsed,false
177562753533.pdf,MEA,screw_terminal,80,56000,63.5,144,14.2,120,85,0.35,8.3,mohm,0.0083,5,MEA563M1K--C144,299,2000,85,"56,000 63.5  x 144  14.2 0.35 8.3 5.00 MEA563M1K--C144",parsed,false
177562753533.pdf,MEA,screw_terminal,80,68000,76.2,115,15.2,120,85,0.35,6.8,mohm,0.0068,5,MEA683M1K--D115,300,2000,85,"68,000 76.2  x 115  15.2 0.35 6.8 5.00 MEA683M1K--D115",parsed,false
177562753533.pdf,MEA,screw_terminal,80,68000,76.2,121,15.5,120,85,0.35,6.8,mohm,0.0068,5,MEA683M1K--D121,301,2000,85,"68,000 76.2  x 121  15.5 0.35 6.8 5.00 MEA683M1K--D121",parsed,false
177562753533.pdf,MEA,screw_terminal,80,68000,76.2,144,16.7,120,85,0.35,6.8,mohm,0.0068,5,MEA683M1K--D144,302,2000,85,"68,000 76.2  x 144  16.7 0.35 6.8 5.00 MEA683M1K--D144",parsed,false
177562753533.pdf,MEA,screw_terminal,80,82000,76.2,130,16.4,120,85,0.35,5.7,mohm,0.0057,5,MEA823M1K--D130,303,2000,85,"82,000 76.2  x 130  16.4 0.35 5.7 5.00 MEA823M1K--D130",parsed,false
177562753533.pdf,MEA,screw_terminal,80,82000,76.2,140,16.9,120,85,0.35,5.7,mohm,0.0057,5,MEA823M1K--D140,304,2000,85,"82,000 76.2  x 140  16.9 0.35 5.7 5.00 MEA823M1K--D140",parsed,false
177562753533.pdf,MEA,screw_terminal,80,82000,76.2,144,17.1,120,85,0.35,5.7,mohm,0.0057,5,MEA823M1K--D144,305,2000,85,"82,000 76.2  x 144  17.1 0.35 5.7 5.00 MEA823M1K--D144",parsed,false
177562753533.pdf,MEA,screw_terminal,80,100000,76.2,155,18.3,120,85,0.4,5.3,mohm,0.0053,5,MEA104M1K--D155,306,2000,85,"100,000 76.2  x 155  18.3 0.40 5.3 5.00 MEA104M1K--D155",parsed,false
177562753533.pdf,MEA,screw_terminal,80,100000,89,140,19.1,120,85,0.4,5.3,mohm,0.0053,5,MEA104M1K--E140,307,2000,85,"100,000 89 x  140  19.1 0.40 5.3 5.00 MEA104M1K--E140",parsed,false
177562753533.pdf,MEA,screw_terminal,80,120000,89,130,20.3,120,85,0.4,4.4,mohm,0.0044,5,MEA124M1K--E130,308,2000,85,"120,000 89 x 130  20.3 0.40 4.4 5.00 MEA124M1K--E130",parsed,false
177562753533.pdf,MEA,screw_terminal,80,150000,89,157,24.6,120,85,0.4,3.5,mohm,0.0035,5,MEA154M1K--E157,309,2000,85,"150,000 89 x  157  24.6 0.40 3.5 5.00 MEA154M1K--E157",parsed,false
177562753533.pdf,MEA,screw_terminal,100,1800,35,53,2.3,120,85,0.15,111,mohm,0.111,1.27,MEA182M2A-AA053,310,2000,85,"100 1,800 35  x 53  2.3 0.15 111 1.27 MEA182M2A-AA053",parsed,false
177562753533.pdf,MEA,screw_terminal,100,2200,35,50,2.4,120,85,0.15,90.4,mohm,0.0904,1.41,MEA222M2A-AA050,311,2000,85,"2,200 35  x 50  2.4 0.15 90.4 1.41 MEA222M2A-AA050",parsed,false
177562753533.pdf,MEA,screw_terminal,100,2200,35,53,2.5,120,85,0.15,90.4,mohm,0.0904,1.41,MEA222M2A-AA053,312,2000,85,"2,200 35  x 53  2.5 0.15 90.4 1.41 MEA222M2A-AA053",parsed,false
177562753533.pdf,MEA,screw_terminal,100,2700,35,53,2.7,120,85,0.15,73.7,mohm,0.0737,1.56,MEA272M2A-AA053,313,2000,85,"2,700 35  x 53  2.7 0.15 73.7 1.56 MEA272M2A-AA053",parsed,false
177562753533.pdf,MEA,screw_terminal,100,3300,35,65,2.9,120,85,0.15,60.3,mohm,0.0603,1.72,MEA332M2A-AA065,314,2000,85,"3,300 35  x 65  2.9 0.15 60.3 1.72 MEA332M2A-AA065",parsed,false
177562753533.pdf,MEA,screw_terminal,100,3300,35,80,3.2,120,85,0.15,60.3,mohm,0.0603,1.72,MEA332M2A-AA080,315,2000,85,"3,300 35  x 80  3.2 0.15 60.3 1.72 MEA332M2A-AA080",parsed,false
177562753533.pdf,MEA,screw_terminal,100,3900,35,83,3.5,120,85,0.15,51,mohm,0.051,1.87,MEA392M2A-AA083,316,2000,85,"3,900 35  x 83  3.5 0.15 51.0 1.87 MEA392M2A-AA083",parsed,false
177562753533.pdf,MEA,screw_terminal,100,4700,35,80,3.6,120,85,0.15,42.3,mohm,0.0423,2.06,MEA472M2A-AA080,317,2000,85,"4,700 35  x 80  3.6 0.15 42.3 2.06 MEA472M2A-AA080",parsed,false
177562753533.pdf,MEA,screw_terminal,100,4700,35,83,3.7,120,85,0.15,42.3,mohm,0.0423,2.06,MEA472M2A-AA083,318,2000,85,"4,700 35  x 83  3.7 0.15 42.3 2.06 MEA472M2A-AA083",parsed,false
177562753533.pdf,MEA,screw_terminal,100,5600,35,100,4.6,120,85,0.15,35.5,mohm,0.0355,2.24,MEA562M2A-AA100,319,2000,85,"5,600 35  x 100  4.6 0.15 35.5 2.24 MEA562M2A-AA100",parsed,false
177562753533.pdf,MEA,screw_terminal,100,6800,35,100,4.9,120,85,0.2,39,mohm,0.039,2.47,MEA682M2A-AA100,320,2000,85,"6,800 35  x 100  4.9 0.20 39.0 2.47 MEA682M2A-AA100",parsed,false
177562753533.pdf,MEA,screw_terminal,100,6800,35,105,5,120,85,0.2,39,mohm,0.039,2.47,MEA682M2A-AA105,321,2000,85,"6,800 35  x 105  5.0 0.20 39.0 2.47 MEA682M2A-AA105",parsed,false
177562753533.pdf,MEA,screw_terminal,100,8200,35,121,5.6,120,85,0.2,32.3,mohm,0.0323,2.72,MEA822M2A-AA121,322,2000,85,"8,200 35  x 121  5.6 0.20 32.3 2.72 MEA822M2A-AA121",parsed,false
177562753533.pdf,MEA,screw_terminal,100,8200,51,83,5.8,120,85,0.2,32.3,mohm,0.0323,2.72,MEA822M2A--B083,323,2000,85,"8,200 51  x 83  5.8 0.20 32.3 2.72 MEA822M2A--B083",parsed,false
177562753533.pdf,MEA,screw_terminal,100,10000,35,121,6,120,85,0.2,26.5,mohm,0.0265,3,MEA103M2A-AA121,324,2000,85,"10,000 35  x 121  6.0 0.20 26.5 3.00 MEA103M2A-AA121",parsed,false
177562753533.pdf,MEA,screw_terminal,100,10000,51,80,6.1,120,85,0.2,26.5,mohm,0.0265,3,MEA103M2A--B080,325,2000,85,"10,000 51  x 80  6.1 0.20 26.5 3.00 MEA103M2A--B080",parsed,false
177562753533.pdf,MEA,screw_terminal,100,10000,51,83,6.2,120,85,0.2,26.5,mohm,0.0265,3,MEA103M2A--B083,326,2000,85,"10,000 51  x 83  6.2 0.20 26.5 3.00 MEA103M2A--B083",parsed,false
177562753533.pdf,MEA,screw_terminal,100,12000,51,75,6.6,120,85,0.2,22.1,mohm,0.0221,3.29,MEA123M2A--B075,327,2000,85,"12,000 51  x 75  6.6 0.20 22.1 3.29 MEA123M2A--B075",parsed,false
177562753533.pdf,MEA,screw_terminal,100,12000,51,100,7.5,120,85,0.2,22.1,mohm,0.0221,3.29,MEA123M2A--B100,328,2000,85,"12,000 51  x 100  7.5 0.20 22.1 3.29 MEA123M2A--B100",parsed,false
177562753533.pdf,MEA,screw_terminal,100,15000,51,96,7.7,120,85,0.2,17.7,mohm,0.0177,3.67,MEA153M2A--B096,329,2000,85,"15,000 51  x 96  7.7 0.20 17.7 3.67 MEA153M2A--B096",parsed,false
177562753533.pdf,MEA,screw_terminal,100,15000,51,105,8,120,85,0.2,17.7,mohm,0.0177,3.67,MEA153M2A--B105,330,2000,85,"15,000 51  x 105  8.0 0.20 17.7 3.67 MEA153M2A--B105",parsed,false
177562753533.pdf,MEA,screw_terminal,100,15000,51,121,8.5,120,85,0.2,17.7,mohm,0.0177,3.67,MEA153M2A--B121,331,2000,85,"15,000 51  x 121  8.5 0.20 17.7 3.67 MEA153M2A--B121",parsed,false
177562753533.pdf,MEA,screw_terminal,100,18000,51,115,8.2,120,85,0.2,14.7,mohm,0.0147,4.02,MEA183M2A--B115,332,2000,85,"18,000 51  x 115  8.2 0.20 14.7 4.02 MEA183M2A--B115",parsed,false
177562753533.pdf,MEA,screw_terminal,100,18000,51,121,8.6,120,85,0.2,14.7,mohm,0.0147,4.02,MEA183M2A--B121,333,2000,85,"18,000 51  x 121  8.6 0.20 14.7 4.02 MEA183M2A--B121",parsed,false
177562753533.pdf,MEA,screw_terminal,100,18000,63.5,100,8.8,120,85,0.2,14.7,mohm,0.0147,4.02,MEA183M2A--C100,334,2000,85,"18,000 63.5  x 100  8.8 0.20 14.7 4.02 MEA183M2A--C100",parsed,false
177562753533.pdf,MEA,screw_terminal,100,22000,51,130,9.5,120,85,0.25,15.1,mohm,0.0151,4.45,MEA223M2A--B130,335,2000,85,"22,000 51  x 130  9.5 0.25 15.1 4.45 MEA223M2A--B130",parsed,false
177562753533.pdf,MEA,screw_terminal,100,22000,63.5,100,9.6,120,85,0.25,15.1,mohm,0.0151,4.45,MEA223M2A--C100,336,2000,85,"22,000 63.5  x 100  9.6 0.25 15.1 4.45 MEA223M2A--C100",parsed,false
177562753533.pdf,MEA,screw_terminal,100,22000,63.5,105,9.8,120,85,0.25,15.1,mohm,0.0151,4.45,MEA223M2A--C105,337,2000,85,"22,000 63.5  x 105  9.8 0.25 15.1 4.45 MEA223M2A--C105",parsed,false
177562753533.pdf,MEA,screw_terminal,100,27000,63.5,115,10.1,120,85,0.25,12.3,mohm,0.0123,4.93,MEA273M2A--C115,338,2000,85,"27,000 63.5  x 115  10.1 0.25 12.3 4.93 MEA273M2A--C115",parsed,false
177562753533.pdf,MEA,screw_terminal,100,27000,63.5,121,10.3,120,85,0.25,12.3,mohm,0.0123,4.93,MEA273M2A--C121,339,2000,85,"27,000 63.5  x 121  10.3 0.25 12.3 4.93 MEA273M2A--C121",parsed,false
177562753533.pdf,MEA,screw_terminal,100,33000,63.5,130,11.6,120,85,0.25,10,mohm,0.01,5,MEA333M2A--C130,340,2000,85,"33,000 63.5  x 130  11.6 0.25 10.0 5.00 MEA333M2A--C130",parsed,false
177562753533.pdf,MEA,screw_terminal,100,33000,63.5,144,12.1,120,85,0.25,10,mohm,0.01,5,MEA333M2A--C144,341,2000,85,"33,000 63.5  x 144  12.1 0.25 10.0 5.00 MEA333M2A--C144",parsed,false
177562753533.pdf,MEA,screw_terminal,100,33000,76.2,100,11.5,120,85,0.25,10,mohm,0.01,5,MEA333M2A--D100,342,2000,85,"33,000 76.2  x 100  11.5 0.25 10.0 5.00 MEA333M2A--D100",parsed,false
177562753533.pdf,MEA,screw_terminal,100,33000,76.2,105,11.7,120,85,0.25,10,mohm,0.01,5,MEA333M2A--D105,343,2000,85,"33,000 76.2  x 105  11.7 0.25 10.0 5.00 MEA333M2A--D105",parsed,false
177562753533.pdf,MEA,screw_terminal,100,39000,76.2,115,13.8,120,85,0.25,8.5,mohm,0.0085,5,MEA393M2A--D115,344,2000,85,"39,000 76.2  x 115  13.8 0.25 8.5 5.00 MEA393M2A--D115",parsed,false
177562753533.pdf,MEA,screw_terminal,100,39000,76.2,121,14.1,120,85,0.25,8.5,mohm,0.0085,5,MEA393M2A--D121,345,2000,85,"39,000 76.2  x 121  14.1 0.25 8.5 5.00 MEA393M2A--D121",parsed,false
177562753533.pdf,MEA,screw_terminal,100,39000,76.2,144,12.4,120,85,0.25,8.5,mohm,0.0085,5,MEA393M2A--D144,346,2000,85,"39,000 76.2  x 144  12.4 0.25 8.5 5.00 MEA393M2A--D144",parsed,false
177562753533.pdf,MEA,screw_terminal,100,47000,76.2,130,13.3,120,85,0.25,7.1,mohm,0.0071,5,MEA473M2A--D130,347,2000,85,"47,000 76.2  x 130  13.3 0.25 7.1 5.00 MEA473M2A--D130",parsed,false
177562753533.pdf,MEA,screw_terminal,100,47000,76.2,140,13.7,120,85,0.25,7.1,mohm,0.0071,5,MEA473M2A--D140,348,2000,85,"47,000 76.2  x 140  13.7 0.25 7.1 5.00 MEA473M2A--D140",parsed,false
177562753533.pdf,MEA,screw_terminal,100,47000,76.2,144,13.9,120,85,0.25,7.1,mohm,0.0071,5,MEA473M2A--D144,349,2000,85,"47,000 76.2  x 144  13.9 0.25 7.1 5.00 MEA473M2A--D144",parsed,false
177562753533.pdf,MEA,screw_terminal,100,56000,76.2,144,15.3,120,85,0.3,7.1,mohm,0.0071,5,MEA563M2A--D144,350,2000,85,"56,000 76.2  x 144  15.3 0.30 7.1 5.00 MEA563M2A--D144",parsed,false
177562753533.pdf,MEA,screw_terminal,100,56000,76.2,155,15.8,120,85,0.3,7.1,mohm,0.0071,5,MEA563M2A--D155,351,2000,85,"56,000 76.2  x 155  15.8 0.30 7.1 5.00 MEA563M2A--D155",parsed,false
177562753533.pdf,MEA,screw_terminal,100,68000,89,130,16.4,120,85,0.35,6.8,mohm,0.0068,5,MEA683M2A--E130,352,2000,85,"68,000 89  x 130  16.4 0.35 6.8 5.00 MEA683M2A--E130",parsed,false
177562753533.pdf,MEA,screw_terminal,100,68000,89,140,16.9,120,85,0.35,6.8,mohm,0.0068,5,MEA683M2A--E140,353,2000,85,"68,000 89  x 140  16.9 0.35 6.8 5.00 MEA683M2A--E140",parsed,false
177562753533.pdf,MEA,screw_terminal,100,82000,89,157,19.5,120,85,0.35,5.7,mohm,0.0057,5,MEA823M2A--E157,354,2000,85,"82,000 89  x 157  19.5 0.35 5.7 5.00 MEA823M2A--E157",parsed,false
177562753533.pdf,MEA,screw_terminal,100,100000,89,170,22.3,120,85,0.35,4.6,mohm,0.0046,5,MEA104M2A--E170,355,2000,85,"100,000 89  x 170  22.3 0.35 4.6 5.00 MEA104M2A--E170",parsed,false
177562753533.pdf,MEA,screw_terminal,160,3300,35,121,5.2,120,85,0.15,60.3,mohm,0.0603,2.18,MEA332M2C-AA121,356,2000,85,"160 3,300 35  x 121  5.2 0.15 60.3 2.18 MEA332M2C-AA121",parsed,false
177562753533.pdf,MEA,screw_terminal,160,3900,51,75,5.3,120,85,0.15,51,mohm,0.051,2.37,MEA392M2C--B075,357,2000,85,"3,900 51  x 75  5.3 0.15 51.0 2.37 MEA392M2C--B075",parsed,false
177562753533.pdf,MEA,screw_terminal,160,4700,51,75,5.8,120,85,0.15,42.3,mohm,0.0423,2.6,MEA472M2C--B075,358,2000,85,"4,700 51  x 75  5.8 0.15 42.3 2.60 MEA472M2C--B075",parsed,false
177562753533.pdf,MEA,screw_terminal,160,5600,51,96,7,120,85,0.15,35.5,mohm,0.0355,2.84,MEA562M2C--B096,359,2000,85,"5,600 51  x 96  7.0 0.15 35.5 2.84 MEA562M2C--B096",parsed,false
177562753533.pdf,MEA,screw_terminal,160,6800,51,96,7.7,120,85,0.15,29.3,mohm,0.0293,3.13,MEA682M2C--B096,360,2000,85,"6,800 51  x 96  7.7 0.15 29.3 3.13 MEA682M2C--B096",parsed,false
177562753533.pdf,MEA,screw_terminal,160,8200,51,115,9.1,120,85,0.15,24.3,mohm,0.0243,3.44,MEA822M2C--B115,361,2000,85,"8,200 51  x 115  9.1 0.15 24.3 3.44 MEA822M2C--B115",parsed,false
177562753533.pdf,MEA,screw_terminal,160,10000,63.5,96,10.3,120,85,0.15,19.9,mohm,0.0199,3.79,MEA103M2C--C096,362,2000,85,"10,000 63.5  x 96  10.3 0.15 19.9 3.79 MEA103M2C--C096",parsed,false
177562753533.pdf,MEA,screw_terminal,160,12000,63.5,96,11.3,120,85,0.15,16.6,mohm,0.0166,4.16,MEA123M2C--C096,363,2000,85,"12,000 63.5  x 96  11.3 0.15 16.6 4.16 MEA123M2C--C096",parsed,false
177562753533.pdf,MEA,screw_terminal,160,15000,63.5,130,14.3,120,85,0.15,13.3,mohm,0.0133,4.65,MEA153M2C--C130,364,2000,85,"15,000 63.5  x 130  14.3 0.15 13.3 4.65 MEA153M2C--C130",parsed,false
177562753533.pdf,MEA,screw_terminal,160,18000,63.5,130,15.6,120,85,0.15,11.1,mohm,0.0111,5,MEA183M2C--C130,365,2000,85,"18,000 63.5  x 130  15.6 0.15 11.1 5.00 MEA183M2C--C130",parsed,false
177562753533.pdf,MEA,screw_terminal,160,22000,76.2,130,18.2,120,85,0.15,9,mohm,0.009,5,MEA223M2C--D130,366,2000,85,"22,000 76.2  x 130  18.2 0.15 9.0 5.00 MEA223M2C--D130",parsed,false
177562753533.pdf,MEA,screw_terminal,160,27000,76.2,130,20.2,120,85,0.15,7.4,mohm,0.0074,5,MEA273M2C--D130,367,2000,85,"27,000 76.2  x 130  20.2 0.15 7.4 5.00 MEA273M2C--D130",parsed,false
177562753533.pdf,MEA,screw_terminal,160,33000,89,130,23.7,120,85,0.15,6,mohm,0.006,5,MEA333M2C--E130,368,2000,85,"33,000 89  x 130  23.7 0.15 6.0 5.00 MEA333M2C--E130",parsed,false
177562753533.pdf,MEA,screw_terminal,160,39000,89,157,27.8,120,85,0.15,5.1,mohm,0.0051,5,MEA393M2C--E157,369,2000,85,"39,000 89  x 157  27.8 0.15 5.1 5.00 MEA393M2C--E157",parsed,false
177562753533.pdf,MEA,screw_terminal,200,2200,35,100,3.9,120,85,0.15,90.4,mohm,0.0904,1.99,MEA222M2D-AA100,370,2000,85,"200 2,200 35  x 100  3.9 0.15 90.4 1.99 MEA222M2D-AA100",parsed,false
177562753533.pdf,MEA,screw_terminal,200,2700,35,121,4.7,120,85,0.15,73.7,mohm,0.0737,2.2,MEA272M2D-AA121,371,2000,85,"2,700 35  x 121  4.7 0.15 73.7 2.20 MEA272M2D-AA121",parsed,false
177562753533.pdf,MEA,screw_terminal,200,3300,51,75,4.9,120,85,0.15,60.3,mohm,0.0603,2.44,MEA332M2D--B075,372,2000,85,"3,300 51  x 75  4.9 0.15 60.3 2.44 MEA332M2D--B075",parsed,false
177562753533.pdf,MEA,screw_terminal,200,3900,51,75,5.3,120,85,0.15,51,mohm,0.051,2.65,MEA392M2D--B075,373,2000,85,"3,900 51  x 75  5.3 0.15 51.0 2.65 MEA392M2D--B075",parsed,false
177562753533.pdf,MEA,screw_terminal,200,4700,51,96,6.4,120,85,0.15,42.3,mohm,0.0423,2.91,MEA472M2D--B096,374,2000,85,"4,700 51  x 96  6.4 0.15 42.3 2.91 MEA472M2D--B096",parsed,false
177562753533.pdf,MEA,screw_terminal,200,5600,51,115,7.5,120,85,0.15,35.5,mohm,0.0355,3.17,MEA562M2D--B115,375,2000,85,"5,600 51  x 115  7.5 0.15 35.5 3.17 MEA562M2D--B115",parsed,false
177562753533.pdf,MEA,screw_terminal,200,6800,51,130,8.7,120,85,0.15,29.3,mohm,0.0293,3.5,MEA682M2D--B130,376,2000,85,"200 6,800 51  x 130  8.7 0.15 29.3 3.50 MEA682M2D--B130",parsed,false
177562753533.pdf,MEA,screw_terminal,200,8200,63.5,96,9.4,120,85,0.15,24.3,mohm,0.0243,3.84,MEA822M2D--C096,377,2000,85,"8,200 63.5  x 96  9.4 0.15 24.3 3.84 MEA822M2D--C096",parsed,false
177562753533.pdf,MEA,screw_terminal,200,10000,63.5,96,10.3,120,85,0.15,19.9,mohm,0.0199,4.24,MEA103M2D--C096,378,2000,85,"10,000 63.5  x 96  10.3 0.15 19.9 4.24 MEA103M2D--C096",parsed,false
177562753533.pdf,MEA,screw_terminal,200,12000,76.2,96,12,120,85,0.15,16.6,mohm,0.0166,4.65,MEA123M2D--D096,379,2000,85,"12,000 76.2  x 96  12.0 0.15 16.6 4.65 MEA123M2D--D096",parsed,false
177562753533.pdf,MEA,screw_terminal,200,15000,76.2,96,14.4,120,85,0.15,13.3,mohm,0.0133,5,MEA153M2D--D096,380,2000,85,"15,000 76.2  x 96  14.4 0.15 13.3 5.00 MEA153M2D--D096",parsed,false
177562753533.pdf,MEA,screw_terminal,200,18000,76.2,130,16.5,120,85,0.15,11.1,mohm,0.0111,5,MEA183M2D--D130,381,2000,85,"18,000 76.2  x 130  16.5 0.15 11.1 5.00 MEA183M2D--D130",parsed,false
177562753533.pdf,MEA,screw_terminal,200,22000,76.2,155,19.6,120,85,0.15,9,mohm,0.009,5,MEA223M2D--D155,382,2000,85,"22,000 76.2  x 155  19.6 0.15 9.0 5.00 MEA223M2D--D155",parsed,false
177562753533.pdf,MEA,screw_terminal,200,27000,89,130,21.5,120,85,0.15,7.4,mohm,0.0074,5,MEA273M2D--E130,383,2000,85,"27,000 89  x 130  21.5 0.15 7.4 5.00 MEA273M2D--E130",parsed,false
177562753533.pdf,MEA,screw_terminal,200,33000,89,157,25.5,120,85,0.15,6,mohm,0.006,5,MEA333M2D--E157,384,2000,85,"33,000 89  x 157  25.5 0.15 6.0 5.00 MEA333M2D--E157",parsed,false
177562753533.pdf,MEA,screw_terminal,250,1500,35,100,3.2,120,85,0.15,132.6,mohm,0.1326,1.84,MEA152M2E-AA100,385,2000,85,"250 1,500 35  x 100  3.2 0.15 132.6 1.84 MEA152M2E-AA100",parsed,false
177562753533.pdf,MEA,screw_terminal,250,1800,35,100,3.5,120,85,0.15,110.5,mohm,0.1105,2.01,MEA182M2E-AA100,386,2000,85,"1,800 35  x 100  3.5 0.15 110.5 2.01 MEA182M2E-AA100",parsed,false
177562753533.pdf,MEA,screw_terminal,250,2200,51,75,4,120,85,0.15,90.4,mohm,0.0904,2.22,MEA222M2E--B075,387,2000,85,"2,200 51  x 75  4.0 0.15 90.4 2.22 MEA222M2E--B075",parsed,false
177562753533.pdf,MEA,screw_terminal,250,2700,51,75,4.4,120,85,0.15,73.7,mohm,0.0737,2.46,MEA272M2E--B075,388,2000,85,"2,700 51  x 75  4.4 0.15 73.7 2.46 MEA272M2E--B075",parsed,false
177562753533.pdf,MEA,screw_terminal,250,3300,51,96,5.4,120,85,0.15,60.3,mohm,0.0603,2.72,MEA332M2E--B096,389,2000,85,"3,300 51  x 96  5.4 0.15 60.3 2.72 MEA332M2E--B096",parsed,false
177562753533.pdf,MEA,screw_terminal,250,3900,51,115,6.3,120,85,0.15,51,mohm,0.051,2.96,MEA392M2E--B115,390,2000,85,"3,900 51  x 115  6.3 0.15 51.0 2.96 MEA392M2E--B115",parsed,false
177562753533.pdf,MEA,screw_terminal,250,4700,63.5,96,7.1,120,85,0.15,42.3,mohm,0.0423,3.25,MEA472M2E--C096,391,2000,85,"4,700 63.5  x 96  7.1 0.15 42.3 3.25 MEA472M2E--C096",parsed,false
177562753533.pdf,MEA,screw_terminal,250,5600,63.5,96,7.7,120,85,0.15,35.5,mohm,0.0355,3.55,MEA562M2E--C096,392,2000,85,"5,600 63.5  x 96  7.7 0.15 35.5 3.55 MEA562M2E--C096",parsed,false
177562753533.pdf,MEA,screw_terminal,250,6800,63.5,115,9.1,120,85,0.15,29.3,mohm,0.0293,3.91,MEA682M2E--C115,393,2000,85,"6,800 63.5  x 115  9.1 0.15 29.3 3.91 MEA682M2E--C115",parsed,false
177562753533.pdf,MEA,screw_terminal,250,8200,63.5,115,10,120,85,0.15,24.3,mohm,0.0243,4.3,MEA822M2E--C115,394,2000,85,"8,200 63.5  x 115  10.0 0.15 24.3 4.30 MEA822M2E--C115",parsed,false
177562753533.pdf,MEA,screw_terminal,250,10000,63.5,130,11.6,120,85,0.15,19.9,mohm,0.0199,4.74,MEA103M2E--C130,395,2000,85,"10,000 63.5  x 130  11.6 0.15 19.9 4.74 MEA103M2E--C130",parsed,false
177562753533.pdf,MEA,screw_terminal,250,12000,76.2,115,12.8,120,85,0.15,16.6,mohm,0.0166,5,MEA123M2E--D115,396,2000,85,"12,000 76.2  x 115  12.8 0.15 16.6 5.00 MEA123M2E--D115",parsed,false
177562753533.pdf,MEA,screw_terminal,250,15000,76.2,130,15.1,120,85,0.15,13.3,mohm,0.0133,5,MEA153M2E--D130,397,2000,85,"15,000 76.2  x 130  15.1 0.15 13.3 5.00 MEA153M2E--D130",parsed,false
177562753533.pdf,MEA,screw_terminal,250,18000,76.2,155,17.7,120,85,0.15,11.1,mohm,0.0111,5,MEA183M2E--D155,398,2000,85,"18,000 76.2  x 155  17.7 0.15 11.1 5.00 MEA183M2E--D155",parsed,false
177562753533.pdf,MEA,screw_terminal,250,22000,89,157,20.9,120,85,0.15,9,mohm,0.009,5,MEA223M2E--E157,399,2000,85,"22,000 89  x 157  20.9 0.15 9.0 5.00 MEA223M2E--E157",parsed,false
177562753533.pdf,MEA,screw_terminal,350,390,35,50,1.5,120,85,0.15,510,mohm,0.51,1.11,MEA391M2V-AA050,400,2000,85,350 390 35  x 50  1.5 0.15 510 1.11 MEA391M2V-AA050,parsed,false
177562753533.pdf,MEA,screw_terminal,350,390,35,53,1.6,120,85,0.15,510,mohm,0.51,1.11,MEA391M2V-AA053,401,2000,85,390 35  x 53  1.6 0.15 510 1.11 MEA391M2V-AA053,parsed,false
177562753533.pdf,MEA,screw_terminal,350,470,35,60,2,120,85,0.15,423,mohm,0.423,1.22,MEA471M2V-AA060,402,2000,85,470 35  x 60  2.0 0.15 423 1.22 MEA471M2V-AA060,parsed,false
177562753533.pdf,MEA,screw_terminal,350,470,35,65,2.1,120,85,0.15,423,mohm,0.423,1.22,MEA471M2V-AA065,403,2000,85,470 35  x 65  2.1 0.15 423 1.22 MEA471M2V-AA065,parsed,false
177562753533.pdf,MEA,screw_terminal,350,470,35,83,2.3,120,85,0.15,423,mohm,0.423,1.22,MEA471M2V-AA083,404,2000,85,470 35  x 83  2.3 0.15 423 1.22 MEA471M2V-AA083,parsed,false
177562753533.pdf,MEA,screw_terminal,350,560,35,70,2.2,120,85,0.15,355,mohm,0.355,1.33,MEA561M2V-AA070,405,2000,85,560 35  x 70  2.2 0.15 355 1.33 MEA561M2V-AA070,parsed,false
177562753533.pdf,MEA,screw_terminal,350,560,35,83,2.3,120,85,0.15,355,mohm,0.355,1.33,MEA561M2V-AA083,406,2000,85,560 35  x 83  2.3 0.15 355 1.33 MEA561M2V-AA083,parsed,false
177562753533.pdf,MEA,screw_terminal,350,680,35,80,2.5,120,85,0.15,293,mohm,0.293,1.46,MEA681M2V-AA080,407,2000,85,680 35  x 80  2.5 0.15 293 1.46 MEA681M2V-AA080,parsed,false
177562753533.pdf,MEA,screw_terminal,350,680,35,83,2.6,120,85,0.15,293,mohm,0.293,1.46,MEA681M2V-AA083,408,2000,85,680 35  x 83  2.6 0.15 293 1.46 MEA681M2V-AA083,parsed,false
177562753533.pdf,MEA,screw_terminal,350,820,35,90,2.9,120,85,0.15,243,mohm,0.243,1.61,MEA821M2V-AA090,409,2000,85,820 35  x 90  2.9 0.15 243 1.61 MEA821M2V-AA090,parsed,false
177562753533.pdf,MEA,screw_terminal,350,820,35,100,3,120,85,0.15,243,mohm,0.243,1.61,MEA821M2V-AA100,410,2000,85,820 35  x 100  3.0 0.15 243 1.61 MEA821M2V-AA100,parsed,false
177562753533.pdf,MEA,screw_terminal,350,1000,35,100,3.4,120,85,0.15,199,mohm,0.199,1.77,MEA102M2V-AA100,411,2000,85,"1,000 35  x 100  3.4 0.15 199 1.77 MEA102M2V-AA100",parsed,false
177562753533.pdf,MEA,screw_terminal,350,1200,35,121,4.1,120,85,0.15,166,mohm,0.166,1.94,MEA122M2V-AA121,412,2000,85,"1,200 35  x 121  4.1 0.15 166 1.94 MEA122M2V-AA121",parsed,false
177562753533.pdf,MEA,screw_terminal,350,1200,51,75,3.8,120,85,0.15,166,mohm,0.166,1.94,MEA122M2V--B075,413,2000,85,"1,200 51  x 75  3.8 0.15 166 1.94 MEA122M2V--B075",parsed,false
177562753533.pdf,MEA,screw_terminal,350,1500,51,75,4.2,120,85,0.15,133,mohm,0.133,2.17,MEA152M2V--B075,414,2000,85,"1,500 51  x 75  4.2 0.15 133 2.17 MEA152M2V--B075",parsed,false
177562753533.pdf,MEA,screw_terminal,350,1800,51,85,4.8,120,85,0.15,111,mohm,0.111,2.38,MEA182M2V--B085,415,2000,85,"1,800 51  x 85  4.8 0.15 111 2.38 MEA182M2V--B085",parsed,false
177562753533.pdf,MEA,screw_terminal,350,1800,51,96,5.1,120,85,0.15,111,mohm,0.111,2.38,MEA182M2V--B096,416,2000,85,"1,800 51  x 96  5.1 0.15 111 2.38 MEA182M2V--B096",parsed,false
177562753533.pdf,MEA,screw_terminal,350,2200,51,96,5.7,120,85,0.15,90.4,mohm,0.0904,2.63,MEA222M2V--B096,417,2000,85,"2,200 51  x 96  5.7 0.15 90.4 2.63 MEA222M2V--B096",parsed,false
177562753533.pdf,MEA,screw_terminal,350,2700,51,115,6.8,120,85,0.15,73.7,mohm,0.0737,2.92,MEA272M2V--B115,418,2000,85,"2,700 51  x 115  6.8 0.15 73.7 2.92 MEA272M2V--B115",parsed,false
177562753533.pdf,MEA,screw_terminal,350,2700,51,130,7.1,120,85,0.15,73.7,mohm,0.0737,2.92,MEA272M2V--B130,419,2000,85,"2,700 51  x 130  7.1 0.15 73.7 2.92 MEA272M2V--B130",parsed,false
177562753533.pdf,MEA,screw_terminal,350,3300,51,130,8.1,120,85,0.15,60.3,mohm,0.0603,3.22,MEA332M2V--B130,420,2000,85,"3,300 51  x 130  8.1 0.15 60.3 3.22 MEA332M2V--B130",parsed,false
177562753533.pdf,MEA,screw_terminal,350,3300,63.5,96,7.3,120,85,0.15,60.3,mohm,0.0603,3.22,MEA332M2V--C096,421,2000,85,"3,300 63.5  x 96  7.3 0.15 60.3 3.22 MEA332M2V--C096",parsed,false
177562753533.pdf,MEA,screw_terminal,350,3300,63.5,115,7.9,120,85,0.15,60.3,mohm,0.0603,3.22,MEA332M2V--C115,422,2000,85,"3,300 63.5  x 115  7.9 0.15 60.3 3.22 MEA332M2V--C115",parsed,false
177562753533.pdf,MEA,screw_terminal,350,3900,63.5,115,8.9,120,85,0.15,51,mohm,0.051,3.5,MEA392M2V--C115,423,2000,85,"3,900 63.5  x 115  8.9 0.15 51.0 3.50 MEA392M2V--C115",parsed,false
177562753533.pdf,MEA,screw_terminal,350,4700,63.5,130,10.3,120,85,0.15,42.3,mohm,0.0423,3.85,MEA472M2V--C130,424,2000,85,"4,700 63.5  x 130  10.3 0.15 42.3 3.85 MEA472M2V--C130",parsed,false
177562753533.pdf,MEA,screw_terminal,350,4700,76.2,96,10.1,120,85,0.15,42.3,mohm,0.0423,3.85,MEA472M2V--D096,425,2000,85,"4,700 76.2  x 96  10.1 0.15 42.3 3.85 MEA472M2V--D096",parsed,false
177562753533.pdf,MEA,screw_terminal,350,5600,76.2,115,11.3,120,85,0.15,35.5,mohm,0.0355,4.2,MEA562M2V--D115,426,2000,85,"5,600 76.2  x 115  11.3 0.15 35.5 4.20 MEA562M2V--D115",parsed,false
177562753533.pdf,MEA,screw_terminal,350,6800,76.2,130,13.1,120,85,0.15,29.3,mohm,0.0293,4.63,MEA682M2V--D130,427,2000,85,"6,800 76.2  x 130  13.1 0.15 29.3 4.63 MEA682M2V--D130",parsed,false
177562753533.pdf,MEA,screw_terminal,350,8200,76.2,155,15.4,120,85,0.15,24.3,mohm,0.0243,5,MEA822M2V--D155,428,2000,85,"8,200 76.2  x 155  15.4 0.15 24.3 5.00 MEA822M2V--D155",parsed,false
177562753533.pdf,MEA,screw_terminal,350,10000,76.2,170,17.3,120,85,0.15,19.9,mohm,0.0199,5,MEA103M2V--D170,429,2000,85,"10,000 76.2  x 170  17.3 0.15 19.9 5.00 MEA103M2V--D170",parsed,false
177562753533.pdf,MEA,screw_terminal,350,10000,89,130,16.7,120,85,0.15,19.9,mohm,0.0199,5,MEA103M2V--E130,430,2000,85,"10,000 89  x 130  16.7 0.15 19.9 5.00 MEA103M2V--E130",parsed,false
177562753533.pdf,MEA,screw_terminal,350,10000,89,157,18.1,120,85,0.15,19.9,mohm,0.0199,5,MEA103M2V--E157,431,2000,85,"10,000 89  x 157  18.1 0.15 19.9 5.00 MEA103M2V--E157",parsed,false
177562753533.pdf,MEA,screw_terminal,350,12000,89,155,19.9,120,85,0.15,16.6,mohm,0.0166,5,MEA123M2V--E155,432,2000,85,"12,000 89  x 155  19.9 0.15 16.6 5.00 MEA123M2V--E155",parsed,false
177562753533.pdf,MEA,screw_terminal,350,12000,89,157,20,120,85,0.15,16.6,mohm,0.0166,5,MEA123M2V--E157,433,2000,85,"12,000 89  x 157  20.0 0.15 16.6 5.00 MEA123M2V--E157",parsed,false
177562753533.pdf,MEA,screw_terminal,350,15000,89,196,24.4,120,85,0.15,13.3,mohm,0.0133,5,MEA153M2V--E196,434,2000,85,"15,000 89  x 196  24.4 0.15 13.3 5.00 MEA153M2V--E196",parsed,false
177562753533.pdf,MEA,screw_terminal,350,18000,89,236,28.8,120,85,0.15,11.1,mohm,0.0111,5,MEA183M2V--E236,435,2000,85,"18,000 89  x 236  28.8 0.15 11.1 5.00 MEA183M2V--E236",parsed,false
177562753533.pdf,MEA,screw_terminal,400,330,35,50,1.5,120,85,0.15,603,mohm,0.603,1.09,MEA331M2G-AA050,436,2000,85,400 330 35  x 50   1.5 0.15 603 1.09 MEA331M2G-AA050,parsed,false
177562753533.pdf,MEA,screw_terminal,400,330,35,53,1.5,120,85,0.15,603,mohm,0.603,1.09,MEA331M2G-AA053,437,2000,85,330 35  x 53   1.5 0.15 603 1.09 MEA331M2G-AA053,parsed,false
177562753533.pdf,MEA,screw_terminal,400,390,35,60,1.9,120,85,0.15,510,mohm,0.51,1.18,MEA391M2G-AA060,438,2000,85,390 35  x 60   1.9 0.15 510 1.18 MEA391M2G-AA060,parsed,false
177562753533.pdf,MEA,screw_terminal,400,390,35,65,2,120,85,0.15,510,mohm,0.51,1.18,MEA391M2G-AA065,439,2000,85,390 35  x 65   2.0 0.15 510 1.18 MEA391M2G-AA065,parsed,false
177562753533.pdf,MEA,screw_terminal,400,390,35,83,2.1,120,85,0.15,510,mohm,0.51,1.18,MEA391M2G-AA083,440,2000,85,400 390 35  x 83   2.1 0.15 510 1.18 MEA391M2G-AA083,parsed,false
177562753533.pdf,MEA,screw_terminal,400,470,35,70,2,120,85,0.15,423,mohm,0.423,1.3,MEA471M2G-AA070,441,2000,85,470 35  x 70   2.0 0.15 423 1.30 MEA471M2G-AA070,parsed,false
177562753533.pdf,MEA,screw_terminal,400,470,35,83,2.1,120,85,0.15,423,mohm,0.423,1.3,MEA471M2G-AA083,442,2000,85,470 35  x 83   2.1 0.15 423 1.30 MEA471M2G-AA083,parsed,false
177562753533.pdf,MEA,screw_terminal,400,560,35,80,2.2,120,85,0.15,355,mohm,0.355,1.42,MEA561M2G-AA080,443,2000,85,560 35  x 80   2.2 0.15 355 1.42 MEA561M2G-AA080,parsed,false
177562753533.pdf,MEA,screw_terminal,400,560,35,83,2.3,120,85,0.15,355,mohm,0.355,1.42,MEA561M2G-AA083,444,2000,85,560 35  x 83   2.3 0.15 355 1.42 MEA561M2G-AA083,parsed,false
177562753533.pdf,MEA,screw_terminal,400,680,35,90,2.7,120,85,0.15,293,mohm,0.293,1.56,MEA681M2G-AA090,445,2000,85,680 35  x 90   2.7 0.15 293 1.56 MEA681M2G-AA090,parsed,false
177562753533.pdf,MEA,screw_terminal,400,680,35,100,2.8,120,85,0.15,293,mohm,0.293,1.56,MEA681M2G-AA100,446,2000,85,680 35  x 100   2.8 0.15 293 1.56 MEA681M2G-AA100,parsed,false
177562753533.pdf,MEA,screw_terminal,400,820,35,100,3.1,120,85,0.15,243,mohm,0.243,1.72,MEA821M2G-AA100,447,2000,85,820 35  x 100   3.1 0.15 243 1.72 MEA821M2G-AA100,parsed,false
177562753533.pdf,MEA,screw_terminal,400,1000,35,121,3.5,120,85,0.15,199,mohm,0.199,1.9,MEA102M2G-AA121,448,2000,85,"1,000 35  x 121   3.5 0.15 199 1.90 MEA102M2G-AA121",parsed,false
177562753533.pdf,MEA,screw_terminal,400,1000,51,75,3.5,120,85,0.15,199,mohm,0.199,1.9,MEA102M2G--B075,449,2000,85,"1,000 51  x 75   3.5 0.15 199 1.90 MEA102M2G--B075",parsed,false
177562753533.pdf,MEA,screw_terminal,400,1200,51,75,3.8,120,85,0.15,166,mohm,0.166,2.08,MEA122M2G--B075,450,2000,85,"1,200 51  x 75   3.8 0.15 166 2.08 MEA122M2G--B075",parsed,false
177562753533.pdf,MEA,screw_terminal,400,1500,51,85,4.4,120,85,0.15,133,mohm,0.133,2.32,MEA152M2G--B085,451,2000,85,"1,500 51  x 85   4.4 0.15 133 2.32 MEA152M2G--B085",parsed,false
177562753533.pdf,MEA,screw_terminal,400,1500,51,96,4.7,120,85,0.15,133,mohm,0.133,2.32,MEA152M2G--B096,452,2000,85,"1,500 51  x 96   4.7 0.15 133 2.32 MEA152M2G--B096",parsed,false
177562753533.pdf,MEA,screw_terminal,400,1800,51,96,5.1,120,85,0.15,111,mohm,0.111,2.55,MEA182M2G--B096,453,2000,85,"1,800 51  x 96   5.1 0.15 111 2.55 MEA182M2G--B096",parsed,false
177562753533.pdf,MEA,screw_terminal,400,2200,51,121,6.2,120,85,0.15,90.4,mohm,0.0904,2.81,MEA222M2G--B121,454,2000,85,"2,200 51  x 121   6.2 0.15 90.4 2.81 MEA222M2G--B121",parsed,false
177562753533.pdf,MEA,screw_terminal,400,2200,51,130,6.4,120,85,0.15,90.4,mohm,0.0904,2.81,MEA222M2G--B130,455,2000,85,"2,200 51  x 130   6.4 0.15 90.4 2.81 MEA222M2G--B130",parsed,false
177562753533.pdf,MEA,screw_terminal,400,2200,63.5,96,6.3,120,85,0.15,90.4,mohm,0.0904,2.81,MEA222M2G--C096,456,2000,85,"2,200 63.5  x 96   6.3 0.15 90.4 2.81 MEA222M2G--C096",parsed,false
177562753533.pdf,MEA,screw_terminal,400,2700,63.5,96,6.9,120,85,0.15,73.7,mohm,0.0737,3.12,MEA272M2G--C096,457,2000,85,"2,700 63.5  x 96   6.9 0.15 73.7 3.12 MEA272M2G--C096",parsed,false
177562753533.pdf,MEA,screw_terminal,400,3300,63.5,115,8.2,120,85,0.15,60.3,mohm,0.0603,3.45,MEA332M2G--C115,458,2000,85,"3,300 63.5  x 115   8.2 0.15 60.3 3.45 MEA332M2G--C115",parsed,false
177562753533.pdf,MEA,screw_terminal,400,3900,63.5,130,9.4,120,85,0.15,51,mohm,0.051,3.75,MEA392M2G--C130,459,2000,85,"3,900 63.5  x 130   9.4 0.15 51.0 3.75 MEA392M2G--C130",parsed,false
177562753533.pdf,MEA,screw_terminal,400,3900,76.2,96,9.1,120,85,0.15,51,mohm,0.051,3.75,MEA392M2G--D096,460,2000,85,"3,900 76.2  x 96   9.1 0.15 51.0 3.75 MEA392M2G--D096",parsed,false
177562753533.pdf,MEA,screw_terminal,400,4700,76.2,115,10.4,120,85,0.15,42.3,mohm,0.0423,4.11,MEA472M2G--D115,461,2000,85,"4,700 76.2  x 115  10.4 0.15 42.3 4.11 MEA472M2G--D115",parsed,false
177562753533.pdf,MEA,screw_terminal,400,5600,76.2,130,11.9,120,85,0.15,35.5,mohm,0.0355,4.49,MEA562M2G--D130,462,2000,85,"5,600 76.2  x 130  11.9 0.15 35.5 4.49 MEA562M2G--D130",parsed,false
177562753533.pdf,MEA,screw_terminal,400,6800,76.2,155,14,120,85,0.15,29.3,mohm,0.0293,4.95,MEA682M2G--D155,463,2000,85,"6,800 76.2  x 155  14.0 0.15 29.3 4.95 MEA682M2G--D155",parsed,false
177562753533.pdf,MEA,screw_terminal,400,6800,89,157,14.9,120,85,0.15,29.3,mohm,0.0293,4.95,MEA682M2G--E157,464,2000,85,"6,800 89  x 157  14.9 0.15 29.3 4.95 MEA682M2G--E157",parsed,false
177562753533.pdf,MEA,screw_terminal,400,8200,76.2,170,15.6,120,85,0.15,24.3,mohm,0.0243,5,MEA822M2G--D170,465,2000,85,"8,200 76.2  x 170  15.6 0.15 24.3 5.00 MEA822M2G--D170",parsed,false
177562753533.pdf,MEA,screw_terminal,400,8200,89,130,15.1,120,85,0.15,24.3,mohm,0.0243,5,MEA822M2G--E130,466,2000,85,"8,200 89  x 130  15.1 0.15 24.3 5.00 MEA822M2G--E130",parsed,false
177562753533.pdf,MEA,screw_terminal,400,8200,89,157,16.4,120,85,0.15,24.3,mohm,0.0243,5,MEA822M2G--E157,467,2000,85,"8,200 89  x 157  16.4 0.15 24.3 5.00 MEA822M2G--E157",parsed,false
177562753533.pdf,MEA,screw_terminal,400,10000,89,155,18.1,120,85,0.15,19.9,mohm,0.0199,5,MEA103M2G--E155,468,2000,85,"10,000 89  x 155  18.1 0.15 19.9 5.00 MEA103M2G--E155",parsed,false
177562753533.pdf,MEA,screw_terminal,400,10000,89,157,18.2,120,85,0.15,19.9,mohm,0.0199,5,MEA103M2G--E157,469,2000,85,"10,000 89  x 157  18.2 0.15 19.9 5.00 MEA103M2G--E157",parsed,false
177562753533.pdf,MEA,screw_terminal,400,12000,89,196,21.8,120,85,0.15,16.6,mohm,0.0166,5,MEA123M2G--E196,470,2000,85,"12,000 89  x 196  21.8 0.15 16.6 5.00 MEA123M2G--E196",parsed,false
177562753533.pdf,MEA,screw_terminal,400,15000,89,220,25.4,120,85,0.15,13.3,mohm,0.0133,5,MEA153M2G--E220,471,2000,85,"15,000 89  x 220  25.4 0.15 13.3 5.00 MEA153M2G--E220",parsed,false
177562753533.pdf,MEA,screw_terminal,400,15000,89,236,26.3,120,85,0.15,13.3,mohm,0.0133,5,MEA153M2G--E236,472,2000,85,"15,000 89  x 236  26.3 0.15 13.3 5.00 MEA153M2G--E236",parsed,false
177562753533.pdf,MEA,screw_terminal,450,270,35,50,1.2,120,85,0.15,736,mohm,0.736,1.05,MEA271M2W-AA050,473,2000,85,450 270 35  x 50   1.2 0.15 736 1.05 MEA271M2W-AA050,parsed,false
177562753533.pdf,MEA,screw_terminal,450,270,35,53,1.3,120,85,0.15,736,mohm,0.736,1.05,MEA271M2W-AA053,474,2000,85,270 35  x 53   1.3 0.15 736 1.05 MEA271M2W-AA053,parsed,false
177562753533.pdf,MEA,screw_terminal,450,330,35,60,1.7,120,85,0.15,602,mohm,0.602,1.16,MEA331M2W-AA060,475,2000,85,330 35  x 60   1.7 0.15 602 1.16 MEA331M2W-AA060,parsed,false
177562753533.pdf,MEA,screw_terminal,450,330,35,65,1.8,120,85,0.15,602,mohm,0.602,1.16,MEA331M2W-AA065,476,2000,85,330 35  x 65   1.8 0.15 602 1.16 MEA331M2W-AA065,parsed,false
177562753533.pdf,MEA,screw_terminal,450,390,35,70,1.9,120,85,0.15,510,mohm,0.51,1.26,MEA391M2W-AA070,477,2000,85,390 35  x 70   1.9 0.15 510 1.26 MEA391M2W-AA070,parsed,false
177562753533.pdf,MEA,screw_terminal,450,390,35,83,2,120,85,0.15,510,mohm,0.51,1.26,MEA391M2W-AA083,478,2000,85,390 35  x 83   2.0 0.15 510 1.26 MEA391M2W-AA083,parsed,false
177562753533.pdf,MEA,screw_terminal,450,470,35,80,2.1,120,85,0.15,423,mohm,0.423,1.38,MEA471M2W-AA080,479,2000,85,470 35  x 80   2.1 0.15 423 1.38 MEA471M2W-AA080,parsed,false
177562753533.pdf,MEA,screw_terminal,450,470,35,83,2.1,120,85,0.15,423,mohm,0.423,1.38,MEA471M2W-AA083,480,2000,85,470 35  x 83   2.1 0.15 423 1.38 MEA471M2W-AA083,parsed,false
177562753533.pdf,MEA,screw_terminal,450,560,35,90,2.4,120,85,0.15,355,mohm,0.355,1.51,MEA561M2W-AA090,481,2000,85,560 35  x 90   2.4 0.15 355 1.51 MEA561M2W-AA090,parsed,false
177562753533.pdf,MEA,screw_terminal,450,560,35,100,2.5,120,85,0.15,355,mohm,0.355,1.51,MEA561M2W-AA100,482,2000,85,560 35  x 100   2.5 0.15 355 1.51 MEA561M2W-AA100,parsed,false
177562753533.pdf,MEA,screw_terminal,450,680,35,100,2.8,120,85,0.15,293,mohm,0.293,1.66,MEA681M2W-AA100,483,2000,85,680 35  x 100   2.8 0.15 293 1.66 MEA681M2W-AA100,parsed,false
177562753533.pdf,MEA,screw_terminal,450,820,35,121,3.2,120,85,0.15,243,mohm,0.243,1.82,MEA821M2W-AA121,484,2000,85,820 35  x 121   3.2 0.15 243 1.82 MEA821M2W-AA121,parsed,false
177562753533.pdf,MEA,screw_terminal,450,820,51,75,3.2,120,85,0.15,243,mohm,0.243,1.82,MEA821M2W--B075,485,2000,85,820 51  x 75   3.2 0.15 243 1.82 MEA821M2W--B075,parsed,false
177562753533.pdf,MEA,screw_terminal,450,1000,51,75,3.5,120,85,0.15,199,mohm,0.199,2.01,MEA102M2W--B075,486,2000,85,"1,000 51  x 75   3.5 0.15 199 2.01 MEA102M2W--B075",parsed,false
177562753533.pdf,MEA,screw_terminal,450,1200,51,96,4.2,120,85,0.15,166,mohm,0.166,2.2,MEA122M2W--B096,487,2000,85,"1,200 51  x 96   4.2 0.15 166 2.20 MEA122M2W--B096",parsed,false
177562753533.pdf,MEA,screw_terminal,450,1500,51,115,5,120,85,0.15,133,mohm,0.133,2.46,MEA152M2W--B115,488,2000,85,"1,500 51  x 115   5.0 0.15 133 2.46 MEA152M2W--B115",parsed,false
177562753533.pdf,MEA,screw_terminal,450,1800,51,130,5.8,120,85,0.15,111,mohm,0.111,2.7,MEA182M2W--B130,489,2000,85,"1,800 51  x 130   5.8 0.15 111 2.70 MEA182M2W--B130",parsed,false
177562753533.pdf,MEA,screw_terminal,450,2200,63.5,96,6.3,120,85,0.15,90.4,mohm,0.0904,2.98,MEA222M2W--C096,490,2000,85,"2,200 63.5  x 96   6.3 0.15 90.4 2.98 MEA222M2W--C096",parsed,false
177562753533.pdf,MEA,screw_terminal,450,2700,63.5,115,7.5,120,85,0.15,73.7,mohm,0.0737,3.31,MEA272M2W--C115,491,2000,85,"2,700 63.5  x 115   7.5 0.15 73.7 3.31 MEA272M2W--C115",parsed,false
177562753533.pdf,MEA,screw_terminal,450,3300,63.5,130,8.6,120,85,0.15,60.3,mohm,0.0603,3.66,MEA332M2W--C130,492,2000,85,"3,300 63.5  x 130   8.6 0.15 60.3 3.66 MEA332M2W--C130",parsed,false
177562753533.pdf,MEA,screw_terminal,450,3300,76.2,96,8.4,120,85,0.15,60.3,mohm,0.0603,3.66,MEA332M2W--D096,493,2000,85,"3,300 76.2  x 96   8.4 0.15 60.3 3.66 MEA332M2W--D096",parsed,false
177562753533.pdf,MEA,screw_terminal,450,3900,76.2,115,9.5,120,85,0.15,51,mohm,0.051,3.97,MEA392M2W--D115,494,2000,85,"3,900 76.2  x 115   9.5 0.15 51.0 3.97 MEA392M2W--D115",parsed,false
177562753533.pdf,MEA,screw_terminal,450,4700,76.2,130,10.8,120,85,0.15,42.3,mohm,0.0423,4.36,MEA472M2W--D130,495,2000,85,"4,700 76.2  x 130  10.8 0.15 42.3 4.36 MEA472M2W--D130",parsed,false
177562753533.pdf,MEA,screw_terminal,450,5600,76.2,155,12.8,120,85,0.15,35.5,mohm,0.0355,4.76,MEA562M2W--D155,496,2000,85,"5,600 76.2  x 155  12.8 0.15 35.5 4.76 MEA562M2W--D155",parsed,false
177562753533.pdf,MEA,screw_terminal,450,6800,76.2,170,14.3,120,85,0.15,29.3,mohm,0.0293,5,MEA682M2W--D170,497,2000,85,"6,800 76.2  x 170  14.3 0.15 29.3 5.00 MEA682M2W--D170",parsed,false
177562753533.pdf,MEA,screw_terminal,450,6800,89,130,13.8,120,85,0.15,29.3,mohm,0.0293,5,MEA682M2W--E130,498,2000,85,"6,800 89  x 130  13.8 0.15 29.3 5.00 MEA682M2W--E130",parsed,false
177562753533.pdf,MEA,screw_terminal,450,6800,89,157,15,120,85,0.15,29.3,mohm,0.0293,5,MEA682M2W--E157,499,2000,85,"6,800 89  x 157  15.0 0.15 29.3 5.00 MEA682M2W--E157",parsed,false
177562753533.pdf,MEA,screw_terminal,450,8200,89,155,16.3,120,85,0.15,24.3,mohm,0.0243,5,MEA822M2W--E155,500,2000,85,"8,200 89  x 155  16.3 0.15 24.3 5.00 MEA822M2W--E155",parsed,false
177562753533.pdf,MEA,screw_terminal,450,8200,89,157,16.4,120,85,0.15,24.3,mohm,0.0243,5,MEA822M2W--E157,501,2000,85,"8,200 89  x 157  16.4 0.15 24.3 5.00 MEA822M2W--E157",parsed,false
177562753533.pdf,MEA,screw_terminal,450,10000,89,196,19.9,120,85,0.15,19.9,mohm,0.0199,5,MEA103M2W--E196,502,2000,85,"10,000 89  x 196  19.9 0.15 19.9 5.00 MEA103M2W--E196",parsed,false
177562753533.pdf,MEA,screw_terminal,450,12000,89,220,22.8,120,85,0.15,16.6,mohm,0.0166,5,MEA123M2W--E220,503,2000,85,"12,000 89  x 220  22.8 0.15 16.6 5.00 MEA123M2W--E220",parsed,false
177562753533.pdf,MEA,screw_terminal,450,12000,89,236,23.6,120,85,0.15,16.6,mohm,0.0166,5,MEA123M2W--E236,504,2000,85,"12,000 89  x 236  23.6 0.15 16.6 5.00 MEA123M2W--E236",parsed,false
177562755482.pdf,MGA,screw_terminal,16,18000,35,53,4.2,120,105,0.4,29.5,mohm,0.0295,1.61,MGA183M1C-AA053,1,2000,105,"16 18,000 35  x 53  4.2 0.40 29.5 1.61 MGA183M1C-AA053",parsed,false
177562755482.pdf,MGA,screw_terminal,16,22000,35,53,4.7,120,105,0.4,24.1,mohm,0.0241,1.78,MGA223M1C-AA053,2,2000,105,"22,000 35  x 53  4.7 0.40 24.1 1.78 MGA223M1C-AA053",parsed,false
177562755482.pdf,MGA,screw_terminal,16,27000,35,53,5.5,120,105,0.4,19.7,mohm,0.0197,1.97,MGA273M1C-AA053,3,2000,105,"27,000 35  x 53  5.5 0.40 19.7 1.97 MGA273M1C-AA053",parsed,false
177562755482.pdf,MGA,screw_terminal,16,33000,35,65,5.7,120,105,0.45,18.1,mohm,0.0181,2.18,MGA333M1C-AA065,4,2000,105,"33,000 35  x 65  5.7 0.45 18.1 2.18 MGA333M1C-AA065",parsed,false
177562755482.pdf,MGA,screw_terminal,16,39000,35,65,6.8,120,105,0.45,15.3,mohm,0.0153,2.37,MGA393M1C-AA065,5,2000,105,"39,000 35  x 65  6.8 0.45 15.3 2.37 MGA393M1C-AA065",parsed,false
177562755482.pdf,MGA,screw_terminal,16,47000,35,83,7.1,120,105,0.5,14.1,mohm,0.0141,2.6,MGA473M1C-AA083,6,2000,105,"47,000 35  x 83  7.1 0.50 14.1 2.60 MGA473M1C-AA083",parsed,false
177562755482.pdf,MGA,screw_terminal,16,56000,35,100,8.4,120,105,0.5,11.8,mohm,0.0118,2.84,MGA563M1C-AA100,7,2000,105,"56,000 35  x 100  8.4 0.50 11.8 2.84 MGA563M1C-AA100",parsed,false
177562755482.pdf,MGA,screw_terminal,16,68000,35,121,8.8,120,105,0.55,10.7,mohm,0.0107,3.13,MGA683M1C-AA121,8,2000,105,"68,000 35  x 121  8.8 0.55 10.7 3.13 MGA683M1C-AA121",parsed,false
177562755482.pdf,MGA,screw_terminal,16,82000,51,83,10.7,120,105,0.55,8.9,mohm,0.0089,3.44,MGA823M1C--B083,9,2000,105,"82,000 51  x 83  10.7 0.55 8.9 3.44 MGA823M1C--B083",parsed,false
177562755482.pdf,MGA,screw_terminal,16,100000,51,83,10.8,120,105,0.65,8.6,mohm,0.0086,3.79,MGA104M1C--B083,10,2000,105,"100,000 51  x 83  10.8 0.65 8.6 3.79 MGA104M1C--B083",parsed,false
177562755482.pdf,MGA,screw_terminal,16,120000,51,100,13.1,120,105,0.65,7.2,mohm,0.0072,4.16,MGA124M1C--B100,11,2000,105,"120,000 51  x 100  13.1 0.65 7.2 4.16 MGA124M1C--B100",parsed,false
177562755482.pdf,MGA,screw_terminal,16,150000,51,121,15.3,120,105,0.7,6.2,mohm,0.0062,4.65,MGA154M1C--B121,12,2000,105,"150,000 51  x 121  15.3 0.70 6.2 4.65 MGA154M1C--B121",parsed,false
177562755482.pdf,MGA,screw_terminal,16,180000,51,121,15.7,120,105,0.8,5.9,mohm,0.0059,5,MGA184M1C--B121,13,2000,105,"180,000 51  x 121  15.7 0.80 5.9 5.00 MGA184M1C--B121",parsed,false
177562755482.pdf,MGA,screw_terminal,16,220000,63.5,121,19.2,120,105,0.85,5.1,mohm,0.0051,5,MGA224M1C--C121,14,2000,105,"220,000 63.5  x 121  19.2 0.85 5.1 5.00 MGA224M1C--C121",parsed,false
177562755482.pdf,MGA,screw_terminal,16,270000,63.5,121,19.6,120,105,1,4.9,mohm,0.0049,5,MGA274M1C--C121,15,2000,105,"270,000 63.5  x 121  19.6 1.00 4.9 5.00 MGA274M1C--C121",parsed,false
177562755482.pdf,MGA,screw_terminal,16,330000,76.2,121,21.1,120,105,1.3,5.2,mohm,0.0052,5,MGA334M1C--D121,16,2000,105,"330,000 76.2  x 121  21.1 1.30 5.2 5.00 MGA334M1C--D121",parsed,false
177562755482.pdf,MGA,screw_terminal,16,390000,76.2,121,21.3,120,105,1.5,5.1,mohm,0.0051,5,MGA394M1C--D121,17,2000,105,"390,000 76.2  x 121  21.3 1.50 5.1 5.00 MGA394M1C--D121",parsed,false
177562755482.pdf,MGA,screw_terminal,16,470000,76.2,144,24.2,120,105,1.6,4.5,mohm,0.0045,5,MGA474M1C--D144,18,2000,105,"470,000 76.2  x 144  24.2 1.60 4.5 5.00 MGA474M1C--D144",parsed,false
177562755482.pdf,MGA,screw_terminal,25,12000,35,53,3.7,120,105,0.35,38.7,mohm,0.0387,1.64,MGA123M1E-AA053,19,2000,105,"25 12,000 35  x 53  3.7 0.35 38.7 1.64 MGA123M1E-AA053",parsed,false
177562755482.pdf,MGA,screw_terminal,25,15000,35,53,4.1,120,105,0.35,31,mohm,0.031,1.84,MGA153M1E-AA053,20,2000,105,"15,000 35  x 53  4.1 0.35 31.0 1.84 MGA153M1E-AA053",parsed,false
177562755482.pdf,MGA,screw_terminal,25,18000,35,65,4.8,120,105,0.35,25.8,mohm,0.0258,2.01,MGA183M1E-AA065,21,2000,105,"18,000 35  x 65  4.8 0.35 25.8 2.01 MGA183M1E-AA065",parsed,false
177562755482.pdf,MGA,screw_terminal,25,22000,35,65,5.3,120,105,0.35,21.1,mohm,0.0211,2.22,MGA223M1E-AA065,22,2000,105,"22,000 35  x 65  5.3 0.35 21.1 2.22 MGA223M1E-AA065",parsed,false
177562755482.pdf,MGA,screw_terminal,25,27000,35,83,6.4,120,105,0.4,19.7,mohm,0.0197,2.46,MGA273M1E-AA083,23,2000,105,"27,000 35  x 83  6.4 0.40 19.7 2.46 MGA273M1E-AA083",parsed,false
177562755482.pdf,MGA,screw_terminal,25,33000,35,83,6.7,120,105,0.4,16.1,mohm,0.0161,2.72,MGA333M1E-AA083,24,2000,105,"33,000 35  x 83  6.7 0.40 16.1 2.72 MGA333M1E-AA083",parsed,false
177562755482.pdf,MGA,screw_terminal,25,39000,35,100,7.8,120,105,0.4,13.6,mohm,0.0136,2.96,MGA393M1E-AA100,25,2000,105,"39,000 35  x 100  7.8 0.40 13.6 2.96 MGA393M1E-AA100",parsed,false
177562755482.pdf,MGA,screw_terminal,25,47000,35,121,9.3,120,105,0.4,11.3,mohm,0.0113,3.25,MGA473M1E-AA121,26,2000,105,"47,000 35  x 121  9.3 0.40 11.3 3.25 MGA473M1E-AA121",parsed,false
177562755482.pdf,MGA,screw_terminal,25,56000,51,75,9.7,120,105,0.5,11.8,mohm,0.0118,3.55,MGA563M1E--B075,27,2000,105,"56,000 51  x 75  9.7 0.50 11.8 3.55 MGA563M1E--B075",parsed,false
177562755482.pdf,MGA,screw_terminal,25,68000,51,100,11.2,120,105,0.5,9.8,mohm,0.0098,3.91,MGA683M1E--B100,28,2000,105,"68,000 51  x 100  11.2 0.50 9.8 3.91 MGA683M1E--B100",parsed,false
177562755482.pdf,MGA,screw_terminal,25,82000,51,100,11.2,120,105,0.6,9.7,mohm,0.0097,4.3,MGA823M1E--B100,29,2000,105,"82,000 51  x 100  11.2 0.60 9.7 4.30 MGA823M1E--B100",parsed,false
177562755482.pdf,MGA,screw_terminal,25,100000,51,121,14.8,120,105,0.6,8,mohm,0.008,4.74,MGA104M1E--B121,30,2000,105,"100,000 51  x 121  14.8 0.60 8.0 4.74 MGA104M1E--B121",parsed,false
177562755482.pdf,MGA,screw_terminal,25,120000,63.5,100,14.9,120,105,0.8,8.8,mohm,0.0088,5,MGA124M1E--C100,31,2000,105,"120,000 63.5  x 100  14.9 0.80 8.8 5.00 MGA124M1E--C100",parsed,false
177562755482.pdf,MGA,screw_terminal,25,150000,63.5,121,17.9,120,105,0.8,7.1,mohm,0.0071,5,MGA154M1E--C121,32,2000,105,"150,000 63.5  x 121  17.9 0.80 7.1 5.00 MGA154M1E--C121",parsed,false
177562755482.pdf,MGA,screw_terminal,25,180000,64,121,17.9,120,105,1,7.4,mohm,0.0074,5,MGA184M1E--C121,33,2000,105,"180,000 64  x 121  17.9 1.00 7.4 5.00 MGA184M1E--C121",parsed,false
177562755482.pdf,MGA,screw_terminal,25,220000,76.2,121,21.3,120,105,1,6,mohm,0.006,5,MGA224M1E--D121,34,2000,105,"220,000 76.2  x 121  21.3 1.00 6.0 5.00 MGA224M1E--D121",parsed,false
177562755482.pdf,MGA,screw_terminal,25,270000,76.2,121,21.7,120,105,1,4.9,mohm,0.0049,5,MGA274M1E--D121,35,2000,105,"270,000 76.2  x 121  21.7 1.00 4.9 5.00 MGA274M1E--D121",parsed,false
177562755482.pdf,MGA,screw_terminal,25,330000,76.2,144,23.4,120,105,1,4,mohm,0.004,5,MGA334M1E--D144,36,2000,105,"330,000 76.2  x 144  23.4 1.00 4.0 5.00 MGA334M1E--D144",parsed,false
177562755482.pdf,MGA,screw_terminal,25,390000,89,130,24.9,120,105,1,3.4,mohm,0.0034,5,MGA394M1E--E130,37,2000,105,"390,000 89  x 130  24.9 1.00 3.4 5.00 MGA394M1E--E130",parsed,false
177562755482.pdf,MGA,screw_terminal,35,8200,35,53,3.3,120,105,0.3,48.5,mohm,0.0485,1.61,MGA822M1V-AA053,38,2000,105,"35 8,200 35  x 53  3.3 0.30 48.5 1.61 MGA822M1V-AA053",parsed,false
177562755482.pdf,MGA,screw_terminal,35,10000,35,53,3.6,120,105,0.3,39.8,mohm,0.0398,1.77,MGA103M1V-AA053,39,2000,105,"10,000 35  x 53  3.6 0.30 39.8 1.77 MGA103M1V-AA053",parsed,false
177562755482.pdf,MGA,screw_terminal,35,12000,35,65,4.2,120,105,0.3,33.2,mohm,0.0332,1.94,MGA123M1V-AA065,40,2000,105,"12,000 35  x 65  4.2 0.30 33.2 1.94 MGA123M1V-AA065",parsed,false
177562755482.pdf,MGA,screw_terminal,35,15000,35,65,4.7,120,105,0.3,26.5,mohm,0.0265,2.17,MGA153M1V-AA065,41,2000,105,"15,000 35  x 65  4.7 0.30 26.5 2.17 MGA153M1V-AA065",parsed,false
177562755482.pdf,MGA,screw_terminal,35,18000,35,83,5.7,120,105,0.35,25.8,mohm,0.0258,2.38,MGA183M1V-AA083,42,2000,105,"18,000 35  x 83  5.7 0.35 25.8 2.38 MGA183M1V-AA083",parsed,false
177562755482.pdf,MGA,screw_terminal,35,22000,35,83,6.3,120,105,0.35,21.1,mohm,0.0211,2.63,MGA223M1V-AA083,43,2000,105,"22,000 35  x 83  6.3 0.35 21.1 2.63 MGA223M1V-AA083",parsed,false
177562755482.pdf,MGA,screw_terminal,35,27000,35,100,7.5,120,105,0.4,19.7,mohm,0.0197,2.92,MGA273M1V-AA100,44,2000,105,"27,000 35  x 100  7.5 0.40 19.7 2.92 MGA273M1V-AA100",parsed,false
177562755482.pdf,MGA,screw_terminal,35,33000,35,121,9,120,105,0.4,16.1,mohm,0.0161,3.22,MGA333M1V-AA121,45,2000,105,"33,000 35  x 121  9.0 0.40 16.1 3.22 MGA333M1V-AA121",parsed,false
177562755482.pdf,MGA,screw_terminal,35,39000,51,75,9.2,120,105,0.45,15.3,mohm,0.0153,3.5,MGA393M1V--B075,46,2000,105,"39,000 51  x 75  9.2 0.45 15.3 3.50 MGA393M1V--B075",parsed,false
177562755482.pdf,MGA,screw_terminal,35,47000,51,100,11.2,120,105,0.45,12.7,mohm,0.0127,3.85,MGA473M1V--B100,47,2000,105,"47,000 51  x 100  11.2 0.45 12.7 3.85 MGA473M1V--B100",parsed,false
177562755482.pdf,MGA,screw_terminal,35,56000,51,100,11.4,120,105,0.5,11.8,mohm,0.0118,4.2,MGA563M1V--B100,48,2000,105,"56,000 51  x 100  11.4 0.50 11.8 4.20 MGA563M1V--B100",parsed,false
177562755482.pdf,MGA,screw_terminal,35,68000,51,121,13.6,120,105,0.5,9.8,mohm,0.0098,4.63,MGA683M1V--B121,49,2000,105,"68,000 51  x 121  13.6 0.50 9.8 4.63 MGA683M1V--B121",parsed,false
177562755482.pdf,MGA,screw_terminal,35,82000,63.5,100,14.8,120,105,0.6,9.7,mohm,0.0097,5,MGA823M1V--C100,50,2000,105,"82,000 63.5  x 100  14.8 0.60 9.7 5.00 MGA823M1V--C100",parsed,false
177562755482.pdf,MGA,screw_terminal,35,100000,63.5,121,17.6,120,105,0.6,8,mohm,0.008,5,MGA104M1V--C121,51,2000,105,"100,000 63.5  x 121  17.6 0.60 8.0 5.00 MGA104M1V--C121",parsed,false
177562755482.pdf,MGA,screw_terminal,35,120000,63.5,121,17.6,120,105,0.7,7.7,mohm,0.0077,5,MGA124M1V--C121,52,2000,105,"120,000 63.5  x 121  17.6 0.70 7.7 5.00 MGA124M1V--C121",parsed,false
177562755482.pdf,MGA,screw_terminal,35,150000,76.2,121,19.8,120,105,0.7,6.2,mohm,0.0062,5,MGA154M1V--D121,53,2000,105,"150,000 76.2  x 121  19.8 0.70 6.2 5.00 MGA154M1V--D121",parsed,false
177562755482.pdf,MGA,screw_terminal,35,180000,76.2,121,19.8,120,105,0.7,5.2,mohm,0.0052,5,MGA184M1V--D121,54,2000,105,"180,000 76.2  x 121  19.8 0.70 5.2 5.00 MGA184M1V--D121",parsed,false
177562755482.pdf,MGA,screw_terminal,35,220000,76.2,144,23.4,120,105,0.7,4.2,mohm,0.0042,5,MGA224M1V--D144,55,2000,105,"220,000 76.2  x 144  23.4 0.70 4.2 5.00 MGA224M1V--D144",parsed,false
177562755482.pdf,MGA,screw_terminal,35,270000,89,157,25.5,120,105,0.7,3.4,mohm,0.0034,5,MGA274M1V--E157,56,2000,105,"270,000 89 x 157  25.5 0.70 3.4 5.00 MGA274M1V--E157",parsed,false
177562755482.pdf,MGA,screw_terminal,50,3900,35,53,2.8,120,105,0.25,85.1,mohm,0.0851,1.32,MGA392M1H-AA053,57,2000,105,"50 3,900 35  x 53  2.8 0.25 85.1 1.32 MGA392M1H-AA053",parsed,false
177562755482.pdf,MGA,screw_terminal,50,4700,35,53,3.1,120,105,0.25,70.6,mohm,0.0706,1.45,MGA472M1H-AA053,58,2000,105,"4,700 35  x 53  3.1 0.25 70.6 1.45 MGA472M1H-AA053",parsed,false
177562755482.pdf,MGA,screw_terminal,50,5600,35,53,3.3,120,105,0.25,59.2,mohm,0.0592,1.59,MGA562M1H-AA053,59,2000,105,"5,600 35  x 53  3.3 0.25 59.2 1.59 MGA562M1H-AA053",parsed,false
177562755482.pdf,MGA,screw_terminal,50,6800,35,53,3.3,120,105,0.25,48.8,mohm,0.0488,1.75,MGA682M1H-AA053,60,2000,105,"6,800 35  x 53  3.3 0.25 48.8 1.75 MGA682M1H-AA053",parsed,false
177562755482.pdf,MGA,screw_terminal,50,8200,35,65,3.8,120,105,0.25,40.5,mohm,0.0405,1.92,MGA822M1H-AA065,61,2000,105,"8,200 35  x 65  3.8 0.25 40.5 1.92 MGA822M1H-AA065",parsed,false
177562755482.pdf,MGA,screw_terminal,50,10000,35,83,4.6,120,105,0.25,33.2,mohm,0.0332,2.12,MGA103M1H-AA083,62,2000,105,"10,000 35  x 83  4.6 0.25 33.2 2.12 MGA103M1H-AA083",parsed,false
177562755482.pdf,MGA,screw_terminal,50,12000,35,83,5.1,120,105,0.3,33.2,mohm,0.0332,2.32,MGA123M1H-AA083,63,2000,105,"12,000 35  x 83  5.1 0.30 33.2 2.32 MGA123M1H-AA083",parsed,false
177562755482.pdf,MGA,screw_terminal,50,15000,35,83,5.7,120,105,0.3,26.5,mohm,0.0265,2.6,MGA153M1H-AA083,64,2000,105,"15,000 35  x 83  5.7 0.30 26.5 2.60 MGA153M1H-AA083",parsed,false
177562755482.pdf,MGA,screw_terminal,50,18000,35,100,6.7,120,105,0.35,25.8,mohm,0.0258,2.85,MGA183M1H-AA100,65,2000,105,"50 18,000 35  x 100  6.7 0.35 25.8 2.85 MGA183M1H-AA100",parsed,false
177562755482.pdf,MGA,screw_terminal,50,22000,35,121,8.1,120,105,0.35,21.1,mohm,0.0211,3.15,MGA223M1H-AA121,66,2000,105,"22,000 35  x 121  8.1 0.35 21.1 3.15 MGA223M1H-AA121",parsed,false
177562755482.pdf,MGA,screw_terminal,50,27000,51,75,9.1,120,105,0.4,19.7,mohm,0.0197,3.49,MGA273M1H--B075,67,2000,105,"27,000 51  x 75  9.1 0.40 19.7 3.49 MGA273M1H--B075",parsed,false
177562755482.pdf,MGA,screw_terminal,50,33000,51,100,11.1,120,105,0.4,16.1,mohm,0.0161,3.85,MGA333M1H--B100,68,2000,105,"33,000 51  x 100  11.1 0.40 16.1 3.85 MGA333M1H--B100",parsed,false
177562755482.pdf,MGA,screw_terminal,50,39000,51,121,13.1,120,105,0.4,13.6,mohm,0.0136,4.19,MGA393M1H--B121,69,2000,105,"39,000 51  x 121  13.1 0.40 13.6 4.19 MGA393M1H--B121",parsed,false
177562755482.pdf,MGA,screw_terminal,50,47000,51,121,13.9,120,105,0.4,11.3,mohm,0.0113,4.6,MGA473M1H--B121,70,2000,105,"47,000 51  x 121  13.9 0.40 11.3 4.60 MGA473M1H--B121",parsed,false
177562755482.pdf,MGA,screw_terminal,50,56000,63.5,100,13.9,120,105,0.45,10.7,mohm,0.0107,5,MGA563M1H--C100,71,2000,105,"56,000 63.5  x 100  13.9 0.45 10.7 5.00 MGA563M1H--C100",parsed,false
177562755482.pdf,MGA,screw_terminal,50,68000,63.5,121,16.6,120,105,0.45,8.8,mohm,0.0088,5,MGA683M1H--C121,72,2000,105,"68,000 63.5  x 121  16.6 0.45 8.8 5.00 MGA683M1H--C121",parsed,false
177562755482.pdf,MGA,screw_terminal,50,82000,76.2,121,18.9,120,105,0.5,8.1,mohm,0.0081,5,MGA823M1H--D121,73,2000,105,"82,000 76.2  x 121  18.9 0.50 8.1 5.00 MGA823M1H--D121",parsed,false
177562755482.pdf,MGA,screw_terminal,50,100000,76.2,121,19.5,120,105,0.5,6.6,mohm,0.0066,5,MGA104M1H--D121,74,2000,105,"100,000 76.2  x 121  19.5 0.50 6.6 5.00 MGA104M1H--D121",parsed,false
177562755482.pdf,MGA,screw_terminal,50,120000,76.2,121,19.5,120,105,0.5,5.5,mohm,0.0055,5,MGA124M1H--D121,75,2000,105,"120,000 76.2  x 121  19.5 0.50 5.5 5.00 MGA124M1H--D121",parsed,false
177562755482.pdf,MGA,screw_terminal,50,150000,89,130,22.5,120,105,0.5,4.4,mohm,0.0044,5,MGA154M1H--E130,76,2000,105,"150,000 89 x 130  22.5 0.50 4.4 5.00 MGA154M1H--E130",parsed,false
177562755482.pdf,MGA,screw_terminal,50,180000,89,157,23.9,120,105,0.5,3.7,mohm,0.0037,5,MGA184M1H--E157,77,2000,105,"180,000 89  x 157  23.9 0.50 3.7 5.00 MGA184M1H--E157",parsed,false
177562755482.pdf,MGA,screw_terminal,63,2700,35,53,2.3,120,105,0.2,98.3,mohm,0.0983,1.24,MGA272M1J-AA053,78,2000,105,"63 2,700 35  x 53  2.3 0.20 98.3 1.24 MGA272M1J-AA053",parsed,false
177562755482.pdf,MGA,screw_terminal,63,3300,35,53,2.5,120,105,0.2,80.4,mohm,0.0804,1.37,MGA332M1J-AA053,79,2000,105,"3,300 35  x 53  2.5 0.20 80.4 1.37 MGA332M1J-AA053",parsed,false
177562755482.pdf,MGA,screw_terminal,63,3900,35,53,2.8,120,105,0.2,68,mohm,0.068,1.49,MGA392M1J-AA053,80,2000,105,"3,900 35  x 53  2.8 0.20 68.0 1.49 MGA392M1J-AA053",parsed,false
177562755482.pdf,MGA,screw_terminal,63,4700,35,53,3.1,120,105,0.2,56.5,mohm,0.0565,1.63,MGA472M1J-AA053,81,2000,105,"4,700 35  x 53  3.1 0.20 56.5 1.63 MGA472M1J-AA053",parsed,false
177562755482.pdf,MGA,screw_terminal,63,5600,35,65,3.5,120,105,0.2,47.4,mohm,0.0474,1.78,MGA562M1J-AA065,82,2000,105,"5,600 35  x 65  3.5 0.20 47.4 1.78 MGA562M1J-AA065",parsed,false
177562755482.pdf,MGA,screw_terminal,63,6800,35,65,3.9,120,105,0.2,39,mohm,0.039,1.96,MGA682M1J-AA065,83,2000,105,"6,800 35  x 65  3.9 0.20 39.0 1.96 MGA682M1J-AA065",parsed,false
177562755482.pdf,MGA,screw_terminal,63,8200,35,83,4.4,120,105,0.25,40.5,mohm,0.0405,2.16,MGA822M1J-AA083,84,2000,105,"8,200 35  x 83  4.4 0.25 40.5 2.16 MGA822M1J-AA083",parsed,false
177562755482.pdf,MGA,screw_terminal,63,10000,35,83,4.7,120,105,0.25,33.2,mohm,0.0332,2.38,MGA103M1J-AA083,85,2000,105,"10,000 35  x 83  4.7 0.25 33.2 2.38 MGA103M1J-AA083",parsed,false
177562755482.pdf,MGA,screw_terminal,63,12000,35,100,5.5,120,105,0.25,27.6,mohm,0.0276,2.61,MGA123M1J-AA100,86,2000,105,"12,000 35  x 100  5.5 0.25 27.6 2.61 MGA123M1J-AA100",parsed,false
177562755482.pdf,MGA,screw_terminal,63,15000,35,121,6.6,120,105,0.25,22.1,mohm,0.0221,2.92,MGA153M1J-AA121,87,2000,105,"15,000 35  x 121  6.6 0.25 22.1 2.92 MGA153M1J-AA121",parsed,false
177562755482.pdf,MGA,screw_terminal,63,18000,51,75,7.4,120,105,0.3,22.1,mohm,0.0221,3.19,MGA183M1J--B075,88,2000,105,"18,000 51  x 75  7.4 0.30 22.1 3.19 MGA183M1J--B075",parsed,false
177562755482.pdf,MGA,screw_terminal,63,22000,51,100,9,120,105,0.3,18.1,mohm,0.0181,3.53,MGA223M1J--B100,89,2000,105,"22,000 51  x 100  9.0 0.30 18.1 3.53 MGA223M1J--B100",parsed,false
177562755482.pdf,MGA,screw_terminal,63,27000,51,121,10.9,120,105,0.3,14.7,mohm,0.0147,3.91,MGA273M1J--B121,90,2000,105,"27,000 51  x 121  10.9 0.30 14.7 3.91 MGA273M1J--B121",parsed,false
177562755482.pdf,MGA,screw_terminal,63,33000,51,121,12,120,105,0.3,12.1,mohm,0.0121,4.33,MGA333M1J--B121,91,2000,105,"33,000 51  x 121  12.0 0.30 12.1 4.33 MGA333M1J--B121",parsed,false
177562755482.pdf,MGA,screw_terminal,63,39000,63.5,100,12.5,120,105,0.35,11.9,mohm,0.0119,4.7,MGA393M1J--C100,92,2000,105,"39,000 63.5  x 100  12.5 0.35 11.9 4.70 MGA393M1J--C100",parsed,false
177562755482.pdf,MGA,screw_terminal,63,47000,63.5,121,14.9,120,105,0.35,9.9,mohm,0.0099,5,MGA473M1J--C121,93,2000,105,"47,000 63.5  x 121  14.9 0.35 9.9 5.00 MGA473M1J--C121",parsed,false
177562755482.pdf,MGA,screw_terminal,63,56000,63.5,121,16.3,120,105,0.4,9.5,mohm,0.0095,5,MGA563M1J--C121,94,2000,105,"56,000 63.5  x 121  16.3 0.40 9.5 5.00 MGA563M1J--C121",parsed,false
177562755482.pdf,MGA,screw_terminal,63,68000,76.2,121,18.4,120,105,0.4,7.8,mohm,0.0078,5,MGA683M1J--D121,95,2000,105,"68,000 76.2  x 121  18.4 0.40 7.8 5.00 MGA683M1J--D121",parsed,false
177562755482.pdf,MGA,screw_terminal,63,82000,76.2,144,20,120,105,0.4,6.5,mohm,0.0065,5,MGA823M1J--D144,96,2000,105,"82,000 76.2  x 144  20.0 0.40 6.5 5.00 MGA823M1J--D144",parsed,false
177562755482.pdf,MGA,screw_terminal,63,100000,76.2,144,20,120,105,0.4,5.3,mohm,0.0053,5,MGA104M1J--D144,97,2000,105,"100,000 76.2  x 144  20.0 0.40 5.3 5.00 MGA104M1J--D144",parsed,false
177562755482.pdf,MGA,screw_terminal,63,120000,89,157,21.8,120,105,0.4,4.4,mohm,0.0044,5,MGA124M1J--E157,98,2000,105,"120,000 89 x 157  21.8 0.40 4.4 5.00 MGA124M1J--E157",parsed,false
177562755482.pdf,MGA,screw_terminal,80,2200,35,53,2.4,120,105,0.15,90.5,mohm,0.0905,1.26,MGA222M1K-AA053,99,2000,105,"80 2,200 35  x 53  2.4 0.15 90.5 1.26 MGA222M1K-AA053",parsed,false
177562755482.pdf,MGA,screw_terminal,80,2700,35,53,2.7,120,105,0.15,73.7,mohm,0.0737,1.39,MGA272M1K-AA053,100,2000,105,"2,700 35  x 53  2.7 0.15 73.7 1.39 MGA272M1K-AA053",parsed,false
177562755482.pdf,MGA,screw_terminal,80,3300,35,53,3,120,105,0.15,60.3,mohm,0.0603,1.54,MGA332M1K-AA053,101,2000,105,"3,300 35  x 53  3.0 0.15 60.3 1.54 MGA332M1K-AA053",parsed,false
177562755482.pdf,MGA,screw_terminal,80,3900,35,65,3.4,120,105,0.15,51,mohm,0.051,1.68,MGA392M1K-AA065,102,2000,105,"3,900 35  x 65  3.4 0.15 51.0 1.68 MGA392M1K-AA065",parsed,false
177562755482.pdf,MGA,screw_terminal,80,4700,35,65,3.7,120,105,0.15,42.3,mohm,0.0423,1.84,MGA472M1K-AA065,103,2000,105,"4,700 35  x 65  3.7 0.15 42.3 1.84 MGA472M1K-AA065",parsed,false
177562755482.pdf,MGA,screw_terminal,80,5600,35,83,4.5,120,105,0.2,47.4,mohm,0.0474,2.01,MGA562M1K-AA083,104,2000,105,"5,600 35  x 83  4.5 0.20 47.4 2.01 MGA562M1K-AA083",parsed,false
177562755482.pdf,MGA,screw_terminal,80,6800,35,83,4.9,120,105,0.2,39,mohm,0.039,2.21,MGA682M1K-AA083,105,2000,105,"6,800 35  x 83  4.9 0.20 39.0 2.21 MGA682M1K-AA083",parsed,false
177562755482.pdf,MGA,screw_terminal,80,8200,35,100,5.1,120,105,0.2,32.4,mohm,0.0324,2.43,MGA822M1K-AA100,106,2000,105,"8,200 35  x 100  5.1 0.20 32.4 2.43 MGA822M1K-AA100",parsed,false
177562755482.pdf,MGA,screw_terminal,80,10000,35,121,6.1,120,105,0.2,26.5,mohm,0.0265,2.68,MGA103M1K-AA121,107,2000,105,"10,000 35  x 121  6.1 0.20 26.5 2.68 MGA103M1K-AA121",parsed,false
177562755482.pdf,MGA,screw_terminal,80,12000,51,75,6.7,120,105,0.25,27.6,mohm,0.0276,2.94,MGA123M1K--B075,108,2000,105,"12,000 51  x 75  6.7 0.25 27.6 2.94 MGA123M1K--B075",parsed,false
177562755482.pdf,MGA,screw_terminal,80,15000,51,100,8.3,120,105,0.25,22.1,mohm,0.0221,3.29,MGA153M1K--B100,109,2000,105,"15,000 51  x 100  8.3 0.25 22.1 3.29 MGA153M1K--B100",parsed,false
177562755482.pdf,MGA,screw_terminal,80,18000,51,121,9.9,120,105,0.25,18.4,mohm,0.0184,3.6,MGA183M1K--B121,110,2000,105,"18,000 51  x 121  9.9 0.25 18.4 3.60 MGA183M1K--B121",parsed,false
177562755482.pdf,MGA,screw_terminal,80,22000,51,121,11,120,105,0.25,15.1,mohm,0.0151,3.98,MGA223M1K--B121,111,2000,105,"22,000 51  x 121  11.0 0.25 15.1 3.98 MGA223M1K--B121",parsed,false
177562755482.pdf,MGA,screw_terminal,80,27000,63.5,100,11.4,120,105,0.3,14.7,mohm,0.0147,4.41,MGA273M1K--C100,112,2000,105,"27,000 63.5  x 100  11.4 0.30 14.7 4.41 MGA273M1K--C100",parsed,false
177562755482.pdf,MGA,screw_terminal,80,33000,76.2,100,13.9,120,105,0.3,12.1,mohm,0.0121,4.87,MGA333M1K--D100,113,2000,105,"33,000 76.2  x 100  13.9 0.30 12.1 4.87 MGA333M1K--D100",parsed,false
177562755482.pdf,MGA,screw_terminal,80,39000,76.2,100,13.9,120,105,0.3,10.2,mohm,0.0102,5,MGA393M1K--D100,114,2000,105,"39,000 76.2  x 100  13.9 0.30 10.2 5.00 MGA393M1K--D100",parsed,false
177562755482.pdf,MGA,screw_terminal,80,47000,76.2,121,16.5,120,105,0.3,8.5,mohm,0.0085,5,MGA473M1K--D121,115,2000,105,"47,000 76.2  x 121  16.5 0.30 8.5 5.00 MGA473M1K--D121",parsed,false
177562755482.pdf,MGA,screw_terminal,80,56000,76.2,121,18.1,120,105,0.3,7.1,mohm,0.0071,5,MGA563M1K--D121,116,2000,105,"56,000 76.2  x 121  18.1 0.30 7.1 5.00 MGA563M1K--D121",parsed,false
177562755482.pdf,MGA,screw_terminal,80,68000,76.2,144,19.7,120,105,0.3,5.9,mohm,0.0059,5,MGA683M1K--D144,117,2000,105,"68,000 76.2  x 144  19.7 0.30 5.9 5.00 MGA683M1K--D144",parsed,false
177562755482.pdf,MGA,screw_terminal,80,82000,89,130,22.1,120,105,0.3,4.9,mohm,0.0049,5,MGA823M1K--E130,118,2000,105,"82,000 89 x 130  22.1 0.30 4.9 5.00 MGA823M1K--E130",parsed,false
177562755482.pdf,MGA,screw_terminal,100,1800,35,53,2.7,120,105,0.15,111,mohm,0.111,1.27,MGA182M2A-AA053,119,2000,105,"100 1,800 35  x 53  2.7 0.15 111 1.27 MGA182M2A-AA053",parsed,false
177562755482.pdf,MGA,screw_terminal,100,2200,35,53,3,120,105,0.15,90.5,mohm,0.0905,1.41,MGA222M2A-AA053,120,2000,105,"2,200 35  x 53  3.0 0.15 90.5 1.41 MGA222M2A-AA053",parsed,false
177562755482.pdf,MGA,screw_terminal,100,2700,35,65,3.5,120,105,0.15,73.7,mohm,0.0737,1.56,MGA272M2A-AA065,121,2000,105,"2,700 35  x 65  3.5 0.15 73.7 1.56 MGA272M2A-AA065",parsed,false
177562755482.pdf,MGA,screw_terminal,100,3300,35,83,4.2,120,105,0.15,60.3,mohm,0.0603,1.72,MGA332M2A-AA083,122,2000,105,"3,300 35  x 83  4.2 0.15 60.3 1.72 MGA332M2A-AA083",parsed,false
177562755482.pdf,MGA,screw_terminal,100,3900,35,83,4.2,120,105,0.15,51,mohm,0.051,1.87,MGA392M2A-AA083,123,2000,105,"3,900 35  x 83  4.2 0.15 51.0 1.87 MGA392M2A-AA083",parsed,false
177562755482.pdf,MGA,screw_terminal,100,4700,35,100,5,120,105,0.15,42.3,mohm,0.0423,2.06,MGA472M2A-AA100,124,2000,105,"4,700 35  x 100  5.0 0.15 42.3 2.06 MGA472M2A-AA100",parsed,false
177562755482.pdf,MGA,screw_terminal,100,5600,35,100,5.4,120,105,0.15,35.5,mohm,0.0355,2.24,MGA562M2A-AA100,125,2000,105,"5,600 35  x 100  5.4 0.15 35.5 2.24 MGA562M2A-AA100",parsed,false
177562755482.pdf,MGA,screw_terminal,100,6800,35,121,5.8,120,105,0.15,29.3,mohm,0.0293,2.47,MGA682M2A-AA121,126,2000,105,"6,800 35  x 121  5.8 0.15 29.3 2.47 MGA682M2A-AA121",parsed,false
177562755482.pdf,MGA,screw_terminal,100,8200,51,75,6.4,120,105,0.15,24.3,mohm,0.0243,2.72,MGA822M2A--B075,127,2000,105,"8,200 51  x 75  6.4 0.15 24.3 2.72 MGA822M2A--B075",parsed,false
177562755482.pdf,MGA,screw_terminal,100,10000,51,100,7.8,120,105,0.15,19.9,mohm,0.0199,3,MGA103M2A--B100,128,2000,105,"10,000 51  x 100  7.8 0.15 19.9 3.00 MGA103M2A--B100",parsed,false
177562755482.pdf,MGA,screw_terminal,100,12000,51,121,9.3,120,105,0.2,22.1,mohm,0.0221,3.29,MGA123M2A--B121,129,2000,105,"100 12,000 51  x 121  9.3 0.20 22.1 3.29 MGA123M2A--B121",parsed,false
177562755482.pdf,MGA,screw_terminal,100,15000,51,121,10.4,120,105,0.2,17.7,mohm,0.0177,3.67,MGA153M2A--B121,130,2000,105,"15,000 51  x 121  10.4 0.20 17.7 3.67 MGA153M2A--B121",parsed,false
177562755482.pdf,MGA,screw_terminal,100,18000,63.5,100,10.4,120,105,0.2,14.7,mohm,0.0147,4.02,MGA183M2A--C100,131,2000,105,"18,000 63.5  x 100  10.4 0.20 14.7 4.02 MGA183M2A--C100",parsed,false
177562755482.pdf,MGA,screw_terminal,100,22000,63.5,121,12.5,120,105,0.2,12.1,mohm,0.0121,4.45,MGA223M2A--C121,132,2000,105,"22,000 63.5  x 121  12.5 0.20 12.1 4.45 MGA223M2A--C121",parsed,false
177562755482.pdf,MGA,screw_terminal,100,27000,76.2,121,13.7,120,105,0.25,12.3,mohm,0.0123,4.93,MGA273M2A--D121,133,2000,105,"27,000 76.2  x 121  13.7 0.25 12.3 4.93 MGA273M2A--D121",parsed,false
177562755482.pdf,MGA,screw_terminal,100,33000,76.2,121,15.2,120,105,0.25,10.1,mohm,0.0101,5,MGA333M2A--D121,134,2000,105,"33,000 76.2  x 121  15.2 0.25 10.1 5.00 MGA333M2A--D121",parsed,false
177562755482.pdf,MGA,screw_terminal,100,39000,76.2,144,16.1,120,105,0.25,8.5,mohm,0.0085,5,MGA393M2A--D144,135,2000,105,"39,000 76.2  x 144  16.1 0.25 8.5 5.00 MGA393M2A--D144",parsed,false
177562755482.pdf,MGA,screw_terminal,100,47000,89,130,19.3,120,105,0.25,7.1,mohm,0.0071,5,MGA473M2A--E130,136,2000,105,"47,000 89 x 130  19.3 0.25 7.1 5.00 MGA473M2A--E130",parsed,false
177562755482.pdf,MGA,screw_terminal,100,56000,89,157,21.1,120,105,0.25,5.9,mohm,0.0059,5,MGA563M2A--E157,137,2000,105,"56,000 89  x 157  21.1 0.25 5.9 5.00 MGA563M2A--E157",parsed,false
177562755482.pdf,MGA,screw_terminal,160,560,35,53,1.2,120,105,0.15,355,mohm,0.355,0.9,MGA561M2C-AA053,138,2000,105,160 560 35  x 53  1.2 0.15 355 0.90 MGA561M2C-AA053,parsed,false
177562755482.pdf,MGA,screw_terminal,160,680,35,53,1.3,120,105,0.15,293,mohm,0.293,0.99,MGA681M2C-AA053,139,2000,105,680 35  x 53  1.3 0.15 293 0.99 MGA681M2C-AA053,parsed,false
177562755482.pdf,MGA,screw_terminal,160,820,35,65,1.4,120,105,0.15,243,mohm,0.243,1.09,MGA821M2C-AA065,140,2000,105,820 35  x 65  1.4 0.15 243 1.09 MGA821M2C-AA065,parsed,false
177562755482.pdf,MGA,screw_terminal,160,1000,35,83,1.8,120,105,0.15,199,mohm,0.199,1.2,MGA102M2C-AA083,141,2000,105,"1,000 35  x 83  1.8 0.15 199 1.20 MGA102M2C-AA083",parsed,false
177562755482.pdf,MGA,screw_terminal,160,1200,35,83,1.9,120,105,0.15,166,mohm,0.166,1.31,MGA122M2C-AA083,142,2000,105,"1,200 35  x 83  1.9 0.15 166 1.31 MGA122M2C-AA083",parsed,false
177562755482.pdf,MGA,screw_terminal,160,1500,35,83,2.1,120,105,0.15,133,mohm,0.133,1.47,MGA152M2C-AA083,143,2000,105,"1,500 35  x 83  2.1 0.15 133 1.47 MGA152M2C-AA083",parsed,false
177562755482.pdf,MGA,screw_terminal,160,1800,35,83,2.5,120,105,0.15,111,mohm,0.111,1.61,MGA182M2C-AA083,144,2000,105,"1,800 35  x 83  2.5 0.15 111 1.61 MGA182M2C-AA083",parsed,false
177562755482.pdf,MGA,screw_terminal,160,2200,35,100,2.8,120,105,0.15,90.5,mohm,0.0905,1.78,MGA222M2C-AA100,145,2000,105,"2,200 35  x 100  2.8 0.15 90.5 1.78 MGA222M2C-AA100",parsed,false
177562755482.pdf,MGA,screw_terminal,160,2700,35,100,3.3,120,105,0.15,73.7,mohm,0.0737,1.97,MGA272M2C-AA100,146,2000,105,"2,700 35  x 100  3.3 0.15 73.7 1.97 MGA272M2C-AA100",parsed,false
177562755482.pdf,MGA,screw_terminal,160,3300,51,75,3.8,120,105,0.15,60.3,mohm,0.0603,2.18,MGA332M2C--B075,147,2000,105,"3,300 51  x 75  3.8 0.15 60.3 2.18 MGA332M2C--B075",parsed,false
177562755482.pdf,MGA,screw_terminal,160,3900,51,75,3.8,120,105,0.15,51,mohm,0.051,2.37,MGA392M2C--B075,148,2000,105,"3,900 51  x 75  3.8 0.15 51.0 2.37 MGA392M2C--B075",parsed,false
177562755482.pdf,MGA,screw_terminal,160,4700,51,96,4.6,120,105,0.15,42.3,mohm,0.0423,2.6,MGA472M2C--B096,149,2000,105,"4,700 51  x 96  4.6 0.15 42.3 2.60 MGA472M2C--B096",parsed,false
177562755482.pdf,MGA,screw_terminal,160,5600,51,96,5.1,120,105,0.15,35.5,mohm,0.0355,2.84,MGA562M2C--B096,150,2000,105,"5,600 51  x 96  5.1 0.15 35.5 2.84 MGA562M2C--B096",parsed,false
177562755482.pdf,MGA,screw_terminal,160,6800,63.5,96,6.1,120,105,0.15,29.3,mohm,0.0293,3.13,MGA682M2C--C096,151,2000,105,"6,800 63.5  x 96  6.1 0.15 29.3 3.13 MGA682M2C--C096",parsed,false
177562755482.pdf,MGA,screw_terminal,160,8200,63.5,96,7,120,105,0.15,24.3,mohm,0.0243,3.44,MGA822M2C--C096,152,2000,105,"8,200 63.5  x 96  7.0 0.15 24.3 3.44 MGA822M2C--C096",parsed,false
177562755482.pdf,MGA,screw_terminal,160,10000,76.2,96,8.4,120,105,0.15,19.9,mohm,0.0199,3.79,MGA103M2C--D096,153,2000,105,"10,000 76.2  x 96  8.4 0.15 19.9 3.79 MGA103M2C--D096",parsed,false
177562755482.pdf,MGA,screw_terminal,160,12000,76.2,115,9.4,120,105,0.15,16.6,mohm,0.0166,4.16,MGA123M2C--D115,154,2000,105,"12,000 76.2  x 115  9.4 0.15 16.6 4.16 MGA123M2C--D115",parsed,false
177562755482.pdf,MGA,screw_terminal,160,15000,76.2,130,11.4,120,105,0.15,13.3,mohm,0.0133,4.65,MGA153M2C--D130,155,2000,105,"15,000 76.2  x 130  11.4 0.15 13.3 4.65 MGA153M2C--D130",parsed,false
177562755482.pdf,MGA,screw_terminal,160,18000,76.2,144,13.4,120,105,0.15,11.1,mohm,0.0111,5,MGA183M2C--D144,156,2000,105,"18,000 76.2  x 144  13.4 0.15 11.1 5.00 MGA183M2C--D144",parsed,false
177562755482.pdf,MGA,screw_terminal,160,22000,89,130,14.5,120,105,0.15,9,mohm,0.009,5,MGA223M2C--E130,157,2000,105,"22,000 89  x 130  14.5 0.15 9.0 5.00 MGA223M2C--E130",parsed,false
177562755482.pdf,MGA,screw_terminal,160,27000,89,157,16,120,105,0.15,7.4,mohm,0.0074,5,MGA273M2C--E157,158,2000,105,"27,000 89 x 157  16.0 0.15 7.4 5.00 MGA273M2C--E157",parsed,false
177562755482.pdf,MGA,screw_terminal,200,330,35,53,0.9,120,105,0.15,603,mohm,0.603,0.77,MGA331M2D-AA053,159,2000,105,200 330 35  x 53  0.9 0.15 603 0.77 MGA331M2D-AA053,parsed,false
177562755482.pdf,MGA,screw_terminal,200,390,35,53,1,120,105,0.15,510,mohm,0.51,0.84,MGA391M2D-AA053,160,2000,105,390 35  x 53  1.0 0.15 510 0.84 MGA391M2D-AA053,parsed,false
177562755482.pdf,MGA,screw_terminal,200,470,35,53,1.1,120,105,0.15,423,mohm,0.423,0.92,MGA471M2D-AA053,161,2000,105,470 35  x 53  1.1 0.15 423 0.92 MGA471M2D-AA053,parsed,false
177562755482.pdf,MGA,screw_terminal,200,560,35,53,1.2,120,105,0.15,355,mohm,0.355,1,MGA561M2D-AA053,162,2000,105,560 35  x 53  1.2 0.15 355 1.00 MGA561M2D-AA053,parsed,false
177562755482.pdf,MGA,screw_terminal,200,680,35,53,1.3,120,105,0.15,293,mohm,0.293,1.11,MGA681M2D-AA053,163,2000,105,680 35  x 53  1.3 0.15 293 1.11 MGA681M2D-AA053,parsed,false
177562755482.pdf,MGA,screw_terminal,200,820,35,65,1.5,120,105,0.15,243,mohm,0.243,1.21,MGA821M2D-AA065,164,2000,105,820 35  x 65  1.5 0.15 243 1.21 MGA821M2D-AA065,parsed,false
177562755482.pdf,MGA,screw_terminal,200,1000,35,83,1.7,120,105,0.15,199,mohm,0.199,1.34,MGA102M2D-AA083,165,2000,105,"1,000 35  x 83  1.7 0.15 199 1.34 MGA102M2D-AA083",parsed,false
177562755482.pdf,MGA,screw_terminal,200,1200,35,83,1.9,120,105,0.15,166,mohm,0.166,1.47,MGA122M2D-AA083,166,2000,105,"1,200 35  x 83  1.9 0.15 166 1.47 MGA122M2D-AA083",parsed,false
177562755482.pdf,MGA,screw_terminal,200,1500,35,100,2.3,120,105,0.15,133,mohm,0.133,1.64,MGA152M2D-AA100,167,2000,105,"1,500 35  x 100  2.3 0.15 133 1.64 MGA152M2D-AA100",parsed,false
177562755482.pdf,MGA,screw_terminal,200,1800,35,100,2.5,120,105,0.15,111,mohm,0.111,1.8,MGA182M2D-AA100,168,2000,105,"1,800 35  x 100  2.5 0.15 111 1.80 MGA182M2D-AA100",parsed,false
177562755482.pdf,MGA,screw_terminal,200,2200,51,75,3,120,105,0.15,90.5,mohm,0.0905,1.99,MGA222M2D--B075,169,2000,105,"2,200 51  x 75  3.0 0.15 90.5 1.99 MGA222M2D--B075",parsed,false
177562755482.pdf,MGA,screw_terminal,200,2700,51,96,3.6,120,105,0.15,73.7,mohm,0.0737,2.2,MGA272M2D--B096,170,2000,105,"2,700 51  x 96  3.6 0.15 73.7 2.20 MGA272M2D--B096",parsed,false
177562755482.pdf,MGA,screw_terminal,200,3300,51,96,4.1,120,105,0.15,60.3,mohm,0.0603,2.44,MGA332M2D--B096,171,2000,105,"3,300 51  x 96  4.1 0.15 60.3 2.44 MGA332M2D--B096",parsed,false
177562755482.pdf,MGA,screw_terminal,200,3900,51,115,4.9,120,105,0.15,51,mohm,0.051,2.65,MGA392M2D--B115,172,2000,105,"3,900 51  x 115  4.9 0.15 51.0 2.65 MGA392M2D--B115",parsed,false
177562755482.pdf,MGA,screw_terminal,200,4700,63.5,96,5.3,120,105,0.15,42.3,mohm,0.0423,2.91,MGA472M2D--C096,173,2000,105,"4,700 63.5  x 96  5.3 0.15 42.3 2.91 MGA472M2D--C096",parsed,false
177562755482.pdf,MGA,screw_terminal,200,5600,63.5,96,5.8,120,105,0.15,35.5,mohm,0.0355,3.17,MGA562M2D--C096,174,2000,105,"5,600 63.5  x 96  5.8 0.15 35.5 3.17 MGA562M2D--C096",parsed,false
177562755482.pdf,MGA,screw_terminal,200,6800,63.5,115,6.9,120,105,0.15,29.3,mohm,0.0293,3.5,MGA682M2D--C115,175,2000,105,"6,800 63.5  x 115  6.9 0.15 29.3 3.50 MGA682M2D--C115",parsed,false
177562755482.pdf,MGA,screw_terminal,200,8200,63.5,130,7.6,120,105,0.15,24.3,mohm,0.0243,3.84,MGA822M2D--C130,176,2000,105,"8,200 63.5  x 130  7.6 0.15 24.3 3.84 MGA822M2D--C130",parsed,false
177562755482.pdf,MGA,screw_terminal,200,10000,76.2,115,9.6,120,105,0.15,19.9,mohm,0.0199,4.24,MGA103M2D--D115,177,2000,105,"10,000 76.2  x 115  9.6 0.15 19.9 4.24 MGA103M2D--D115",parsed,false
177562755482.pdf,MGA,screw_terminal,200,12000,76.2,130,10.2,120,105,0.15,16.6,mohm,0.0166,4.65,MGA123M2D--D130,178,2000,105,"12,000 76.2  x 130  10.2 0.15 16.6 4.65 MGA123M2D--D130",parsed,false
177562755482.pdf,MGA,screw_terminal,200,15000,89,130,12.2,120,105,0.15,13.3,mohm,0.0133,5,MGA153M2D--E130,179,2000,105,"15,000 89  x 130  12.2 0.15 13.3 5.00 MGA153M2D--E130",parsed,false
177562755482.pdf,MGA,screw_terminal,200,18000,89,157,13.1,120,105,0.15,11.1,mohm,0.0111,5,MGA183M2D--E157,180,2000,105,"18,000 89 x 157  13.1 0.15 11.1 5.00 MGA183M2D--E157",parsed,false
177562755482.pdf,MGA,screw_terminal,250,270,35,53,0.8,120,105,0.15,737,mohm,0.737,0.78,MGA271M2E-AA053,181,2000,105,250 270 35  x 53  0.8 0.15 737 0.78 MGA271M2E-AA053,parsed,false
177562755482.pdf,MGA,screw_terminal,250,330,35,53,0.9,120,105,0.15,603,mohm,0.603,0.86,MGA331M2E-AA053,182,2000,105,330 35  x 53  0.9 0.15 603 0.86 MGA331M2E-AA053,parsed,false
177562755482.pdf,MGA,screw_terminal,250,390,35,53,1,120,105,0.15,510,mohm,0.51,0.94,MGA391M2E-AA053,183,2000,105,390 35  x 53  1.0 0.15 510 0.94 MGA391M2E-AA053,parsed,false
177562755482.pdf,MGA,screw_terminal,250,470,35,53,1.1,120,105,0.15,423,mohm,0.423,1.03,MGA471M2E-AA053,184,2000,105,470 35  x 53  1.1 0.15 423 1.03 MGA471M2E-AA053,parsed,false
177562755482.pdf,MGA,screw_terminal,250,560,35,65,1.4,120,105,0.15,355,mohm,0.355,1.12,MGA561M2E-AA065,185,2000,105,560 35  x 65  1.4 0.15 355 1.12 MGA561M2E-AA065,parsed,false
177562755482.pdf,MGA,screw_terminal,250,680,35,83,1.5,120,105,0.15,293,mohm,0.293,1.24,MGA681M2E-AA083,186,2000,105,680 35  x 83  1.5 0.15 293 1.24 MGA681M2E-AA083,parsed,false
177562755482.pdf,MGA,screw_terminal,250,820,35,83,1.6,120,105,0.15,243,mohm,0.243,1.36,MGA821M2E-AA083,187,2000,105,820 35  x 83  1.6 0.15 243 1.36 MGA821M2E-AA083,parsed,false
177562755482.pdf,MGA,screw_terminal,250,1000,35,100,1.8,120,105,0.15,199,mohm,0.199,1.5,MGA102M2E-AA100,188,2000,105,"1,000 35  x 100  1.8 0.15 199 1.50 MGA102M2E-AA100",parsed,false
177562755482.pdf,MGA,screw_terminal,250,1200,35,100,1.9,120,105,0.15,166,mohm,0.166,1.64,MGA122M2E-AA100,189,2000,105,"1,200 35  x 100  1.9 0.15 166 1.64 MGA122M2E-AA100",parsed,false
177562755482.pdf,MGA,screw_terminal,250,1500,51,75,2.3,120,105,0.15,133,mohm,0.133,1.84,MGA152M2E--B075,190,2000,105,"1,500 51  x 75  2.3 0.15 133 1.84 MGA152M2E--B075",parsed,false
177562755482.pdf,MGA,screw_terminal,250,1800,51,75,2.5,120,105,0.15,111,mohm,0.111,2.01,MGA182M2E--B075,191,2000,105,"1,800 51  x 75  2.5 0.15 111 2.01 MGA182M2E--B075",parsed,false
177562755482.pdf,MGA,screw_terminal,250,2200,51,96,3,120,105,0.15,90.5,mohm,0.0905,2.22,MGA222M2E--B096,192,2000,105,"2,200 51  x 96  3.0 0.15 90.5 2.22 MGA222M2E--B096",parsed,false
177562755482.pdf,MGA,screw_terminal,250,2700,51,115,3.5,120,105,0.15,73.7,mohm,0.0737,2.46,MGA272M2E--B115,193,2000,105,"250 2,700 51  x 115  3.5 0.15 73.7 2.46 MGA272M2E--B115",parsed,false
177562755482.pdf,MGA,screw_terminal,250,3300,63.5,96,4.2,120,105,0.15,60.3,mohm,0.0603,2.72,MGA332M2E--C096,194,2000,105,"3,300 63.5  x 96  4.2 0.15 60.3 2.72 MGA332M2E--C096",parsed,false
177562755482.pdf,MGA,screw_terminal,250,3900,63.5,96,4.6,120,105,0.15,51,mohm,0.051,2.96,MGA392M2E--C096,195,2000,105,"3,900 63.5  x 96  4.6 0.15 51.0 2.96 MGA392M2E--C096",parsed,false
177562755482.pdf,MGA,screw_terminal,250,4700,63.5,115,5.7,120,105,0.15,42.3,mohm,0.0423,3.25,MGA472M2E--C115,196,2000,105,"4,700 63.5  x 115  5.7 0.15 42.3 3.25 MGA472M2E--C115",parsed,false
177562755482.pdf,MGA,screw_terminal,250,5600,63.5,130,6.3,120,105,0.15,35.5,mohm,0.0355,3.55,MGA562M2E--C130,197,2000,105,"5,600 63.5  x 130  6.3 0.15 35.5 3.55 MGA562M2E--C130",parsed,false
177562755482.pdf,MGA,screw_terminal,250,6800,76.2,115,7.7,120,105,0.15,29.3,mohm,0.0293,3.91,MGA682M2E--D115,198,2000,105,"6,800 76.2  x 115  7.7 0.15 29.3 3.91 MGA682M2E--D115",parsed,false
177562755482.pdf,MGA,screw_terminal,250,8200,76.2,130,8.4,120,105,0.15,24.3,mohm,0.0243,4.3,MGA822M2E--D130,199,2000,105,"8,200 76.2  x 130  8.4 0.15 24.3 4.30 MGA822M2E--D130",parsed,false
177562755482.pdf,MGA,screw_terminal,250,10000,76.2,155,10,120,105,0.15,19.9,mohm,0.0199,4.74,MGA103M2E--D155,200,2000,105,"10,000 76.2  x 155  10.0 0.15 19.9 4.74 MGA103M2E--D155",parsed,false
177562755482.pdf,MGA,screw_terminal,250,12000,89,140,11.9,120,105,0.15,16.6,mohm,0.0166,5,MGA123M2E--E140,201,2000,105,"12,000 89  x 140  11.9 0.15 16.6 5.00 MGA123M2E--E140",parsed,false
177562755482.pdf,MGA,screw_terminal,250,15000,89,157,12.5,120,105,0.15,13.3,mohm,0.0133,5,MGA153M2E--E157,202,2000,105,"15,000 89 x 157  12.5 0.15 13.3 5.00 MGA153M2E--E157",parsed,false
177562755482.pdf,MGA,screw_terminal,350,180,35,53,0.8,120,105,0.15,1106,mohm,1.106,0.75,MGA181M2V-AA053,203,2000,105,350 180 35  x 53  0.8 0.15 1106 0.75 MGA181M2V-AA053,parsed,false
177562755482.pdf,MGA,screw_terminal,350,220,35,53,0.9,120,105,0.15,905,mohm,0.905,0.83,MGA221M2V-AA053,204,2000,105,220 35  x 53  0.9 0.15 905 0.83 MGA221M2V-AA053,parsed,false
177562755482.pdf,MGA,screw_terminal,350,270,35,53,1,120,105,0.15,737,mohm,0.737,0.92,MGA271M2V-AA053,205,2000,105,270 35  x 53  1.0 0.15 737 0.92 MGA271M2V-AA053,parsed,false
177562755482.pdf,MGA,screw_terminal,350,330,35,65,1.2,120,105,0.15,603,mohm,0.603,1.02,MGA331M2V-AA065,206,2000,105,330 35  x 65  1.2 0.15 603 1.02 MGA331M2V-AA065,parsed,false
177562755482.pdf,MGA,screw_terminal,350,390,35,65,1.3,120,105,0.15,510,mohm,0.51,1.11,MGA391M2V-AA065,207,2000,105,390 35  x 65  1.3 0.15 510 1.11 MGA391M2V-AA065,parsed,false
177562755482.pdf,MGA,screw_terminal,350,470,35,83,1.5,120,105,0.15,423,mohm,0.423,1.22,MGA471M2V-AA083,208,2000,105,470 35  x 83  1.5 0.15 423 1.22 MGA471M2V-AA083,parsed,false
177562755482.pdf,MGA,screw_terminal,350,560,35,83,1.6,120,105,0.15,355,mohm,0.355,1.33,MGA561M2V-AA083,209,2000,105,560 35  x 83  1.6 0.15 355 1.33 MGA561M2V-AA083,parsed,false
177562755482.pdf,MGA,screw_terminal,350,680,35,100,1.7,120,105,0.15,293,mohm,0.293,1.46,MGA681M2V-AA100,210,2000,105,680 35  x 100  1.7 0.15 293 1.46 MGA681M2V-AA100,parsed,false
177562755482.pdf,MGA,screw_terminal,350,820,35,100,1.8,120,105,0.15,243,mohm,0.243,1.61,MGA821M2V-AA100,211,2000,105,820 35  x 100  1.8 0.15 243 1.61 MGA821M2V-AA100,parsed,false
177562755482.pdf,MGA,screw_terminal,350,1000,51,75,2.2,120,105,0.15,199,mohm,0.199,1.77,MGA102M2V--B075,212,2000,105,"1,000 51  x 75  2.2 0.15 199 1.77 MGA102M2V--B075",parsed,false
177562755482.pdf,MGA,screw_terminal,350,1200,51,75,2.3,120,105,0.15,166,mohm,0.166,1.94,MGA122M2V--B075,213,2000,105,"1,200 51  x 75  2.3 0.15 166 1.94 MGA122M2V--B075",parsed,false
177562755482.pdf,MGA,screw_terminal,350,1500,51,96,3,120,105,0.15,133,mohm,0.133,2.17,MGA152M2V--B096,214,2000,105,"1,500 51  x 96  3.0 0.15 133 2.17 MGA152M2V--B096",parsed,false
177562755482.pdf,MGA,screw_terminal,350,1800,51,115,3.6,120,105,0.15,111,mohm,0.111,2.38,MGA182M2V--B115,215,2000,105,"1,800 51  x 115  3.6 0.15 111 2.38 MGA182M2V--B115",parsed,false
177562755482.pdf,MGA,screw_terminal,350,2200,51,130,4,120,105,0.15,90.5,mohm,0.0905,2.63,MGA222M2V--B130,216,2000,105,"2,200 51  x 130  4.0 0.15 90.5 2.63 MGA222M2V--B130",parsed,false
177562755482.pdf,MGA,screw_terminal,350,2700,63.5,96,4.6,120,105,0.15,73.7,mohm,0.0737,2.92,MGA272M2V--C096,217,2000,105,"2,700 63.5  x 96  4.6 0.15 73.7 2.92 MGA272M2V--C096",parsed,false
177562755482.pdf,MGA,screw_terminal,350,3300,63.5,115,5.6,120,105,0.15,60.3,mohm,0.0603,3.22,MGA332M2V--C115,218,2000,105,"3,300 63.5  x 115  5.6 0.15 60.3 3.22 MGA332M2V--C115",parsed,false
177562755482.pdf,MGA,screw_terminal,350,3900,63.5,130,6.7,120,105,0.15,51,mohm,0.051,3.5,MGA392M2V--C130,219,2000,105,"3,900 63.5  x 130  6.7 0.15 51.0 3.50 MGA392M2V--C130",parsed,false
177562755482.pdf,MGA,screw_terminal,350,4700,76.2,121,7.5,120,105,0.15,42.3,mohm,0.0423,3.85,MGA472M2V--D121,220,2000,105,"4,700 76.2  x 121  7.5 0.15 42.3 3.85 MGA472M2V--D121",parsed,false
177562755482.pdf,MGA,screw_terminal,350,5600,76.2,130,8.3,120,105,0.15,35.5,mohm,0.0355,4.2,MGA562M2V--D130,221,2000,105,"5,600 76.2  x 130  8.3 0.15 35.5 4.20 MGA562M2V--D130",parsed,false
177562755482.pdf,MGA,screw_terminal,350,6800,76.2,155,9.4,120,105,0.15,29.3,mohm,0.0293,4.63,MGA682M2V--D155,222,2000,105,"6,800 76.2  x 155  9.4 0.15 29.3 4.63 MGA682M2V--D155",parsed,false
177562755482.pdf,MGA,screw_terminal,350,8200,89,157,11.4,120,105,0.15,24.3,mohm,0.0243,5,MGA822M2V--E157,223,2000,105,"8,200 89  x 157  11.4 0.15 24.3 5.00 MGA822M2V--E157",parsed,false
177562755482.pdf,MGA,screw_terminal,400,180,35,53,0.8,120,105,0.15,1106,mohm,1.106,0.8,MGA181M2G-AA053,224,2000,105,400 180 35  x 53  0.8 0.15 1106 0.80 MGA181M2G-AA053,parsed,false
177562755482.pdf,MGA,screw_terminal,400,220,35,53,0.9,120,105,0.15,905,mohm,0.905,0.89,MGA221M2G-AA053,225,2000,105,220 35  x 53  0.9 0.15 905 0.89 MGA221M2G-AA053,parsed,false
177562755482.pdf,MGA,screw_terminal,400,270,35,65,1.1,120,105,0.15,737,mohm,0.737,0.99,MGA271M2G-AA065,226,2000,105,270 35  x 65  1.1 0.15 737 0.99 MGA271M2G-AA065,parsed,false
177562755482.pdf,MGA,screw_terminal,400,330,35,65,1.2,120,105,0.15,603,mohm,0.603,1.09,MGA331M2G-AA065,227,2000,105,330 35  x 65  1.2 0.15 603 1.09 MGA331M2G-AA065,parsed,false
177562755482.pdf,MGA,screw_terminal,400,390,35,83,1.3,120,105,0.15,510,mohm,0.51,1.18,MGA391M2G-AA083,228,2000,105,390 35  x 83  1.3 0.15 510 1.18 MGA391M2G-AA083,parsed,false
177562755482.pdf,MGA,screw_terminal,400,470,35,83,1.4,120,105,0.15,423,mohm,0.423,1.3,MGA471M2G-AA083,229,2000,105,470 35  x 83  1.4 0.15 423 1.30 MGA471M2G-AA083,parsed,false
177562755482.pdf,MGA,screw_terminal,400,560,35,100,1.6,120,105,0.15,355,mohm,0.355,1.42,MGA561M2G-AA100,230,2000,105,560 35  x 100  1.6 0.15 355 1.42 MGA561M2G-AA100,parsed,false
177562755482.pdf,MGA,screw_terminal,400,680,35,100,1.7,120,105,0.15,293,mohm,0.293,1.56,MGA681M2G-AA100,231,2000,105,680 35  x 100  1.7 0.15 293 1.56 MGA681M2G-AA100,parsed,false
177562755482.pdf,MGA,screw_terminal,400,820,35,121,2,120,105,0.15,243,mohm,0.243,1.72,MGA821M2G-AA121,232,2000,105,820 35  x 121  2.0 0.15 243 1.72 MGA821M2G-AA121,parsed,false
177562755482.pdf,MGA,screw_terminal,400,1000,51,75,2.2,120,105,0.15,199,mohm,0.199,1.9,MGA102M2G--B075,233,2000,105,"1,000 51  x 75  2.2 0.15 199 1.90 MGA102M2G--B075",parsed,false
177562755482.pdf,MGA,screw_terminal,400,1200,51,96,2.7,120,105,0.15,166,mohm,0.166,2.08,MGA122M2G--B096,234,2000,105,"1,200 51  x 96  2.7 0.15 166 2.08 MGA122M2G--B096",parsed,false
177562755482.pdf,MGA,screw_terminal,400,1500,51,115,3.3,120,105,0.15,133,mohm,0.133,2.32,MGA152M2G--B115,235,2000,105,"1,500 51  x 115  3.3 0.15 133 2.32 MGA152M2G--B115",parsed,false
177562755482.pdf,MGA,screw_terminal,400,1800,51,130,3.7,120,105,0.15,111,mohm,0.111,2.55,MGA182M2G--B130,236,2000,105,"1,800 51  x 130  3.7 0.15 111 2.55 MGA182M2G--B130",parsed,false
177562755482.pdf,MGA,screw_terminal,400,2200,63.5,96,4.2,120,105,0.15,90.5,mohm,0.0905,2.81,MGA222M2G--C096,237,2000,105,"2,200 63.5  x 96  4.2 0.15 90.5 2.81 MGA222M2G--C096",parsed,false
177562755482.pdf,MGA,screw_terminal,400,2700,63.5,115,4.8,120,105,0.15,73.7,mohm,0.0737,3.12,MGA272M2G--C115,238,2000,105,"2,700 63.5  x 115  4.8 0.15 73.7 3.12 MGA272M2G--C115",parsed,false
177562755482.pdf,MGA,screw_terminal,400,3300,63.5,130,5.5,120,105,0.15,60.3,mohm,0.0603,3.45,MGA332M2G--C130,239,2000,105,"3,300 63.5  x 130  5.5 0.15 60.3 3.45 MGA332M2G--C130",parsed,false
177562755482.pdf,MGA,screw_terminal,400,3900,76.2,115,6.5,120,105,0.15,51,mohm,0.051,3.75,MGA392M2G--D115,240,2000,105,"3,900 76.2  x 115  6.5 0.15 51.0 3.75 MGA392M2G--D115",parsed,false
177562755482.pdf,MGA,screw_terminal,400,4700,76.2,130,7.6,120,105,0.15,42.3,mohm,0.0423,4.11,MGA472M2G--D130,241,2000,105,"4,700 76.2  x 130  7.6 0.15 42.3 4.11 MGA472M2G--D130",parsed,false
177562755482.pdf,MGA,screw_terminal,400,5600,76.2,155,9.4,120,105,0.15,35.5,mohm,0.0355,4.49,MGA562M2G--D155,242,2000,105,"5,600 76.2  x 155  9.4 0.15 35.5 4.49 MGA562M2G--D155",parsed,false
177562755482.pdf,MGA,screw_terminal,400,6800,89,157,10.4,120,105,0.15,29.3,mohm,0.0293,4.95,MGA682M2G--E157,243,2000,105,"6,800 89  x 157  10.4 0.15 29.3 4.95 MGA682M2G--E157",parsed,false
177562755482.pdf,MGA,screw_terminal,400,8200,89,157,11.8,120,105,0.15,24.3,mohm,0.0243,5,MGA822M2G--E157,244,2000,105,"8,200 89 x 157  11.8 0.15 24.3 5.00 MGA822M2G--E157",parsed,false
177562757589.pdf,MEK,screw_terminal,350,1000,51,60,4.5,120,85,0.15,199,mohm,0.199,1.77,MEK102M2V--B060,1,2000,85,"350 1,000 51  x 60  4.5 0.15 199 1.77 MEK102M2V--B060",parsed,false
177562757589.pdf,MEK,screw_terminal,350,1200,51,70,5.3,120,85,0.15,166,mohm,0.166,1.94,MEK122M2V--B070,2,2000,85,"1,200 51  x 70  5.3 0.15 166 1.94 MEK122M2V--B070",parsed,false
177562757589.pdf,MEK,screw_terminal,350,1200,51,75,5.5,120,85,0.15,166,mohm,0.166,1.94,MEK122M2V--B075,3,2000,85,"1,200 51  x 75  5.5 0.15 166 1.94 MEK122M2V--B075",parsed,false
177562757589.pdf,MEK,screw_terminal,350,1200,51,83,5.7,120,85,0.15,166,mohm,0.166,1.94,MEK122M2V--B083,4,2000,85,"1,200 51  x 83  5.7 0.15 166 1.94 MEK122M2V--B083",parsed,false
177562757589.pdf,MEK,screw_terminal,350,1500,51,75,6.1,120,85,0.15,133,mohm,0.133,2.17,MEK152M2V--B075,5,2000,85,"1,500 51  x 75  6.1 0.15 133 2.17 MEK152M2V--B075",parsed,false
177562757589.pdf,MEK,screw_terminal,350,1500,51,83,6.3,120,85,0.15,133,mohm,0.133,2.17,MEK152M2V--B083,6,2000,85,"1,500 51  x 83  6.3 0.15 133 2.17 MEK152M2V--B083",parsed,false
177562757589.pdf,MEK,screw_terminal,350,1800,51,96,7.4,120,85,0.15,111,mohm,0.111,2.38,MEK182M2V--B096,7,2000,85,"1,800 51  x 96  7.4 0.15 111 2.38 MEK182M2V--B096",parsed,false
177562757589.pdf,MEK,screw_terminal,350,2200,51,96,8.2,120,85,0.15,90.4,mohm,0.0904,2.63,MEK222M2V--B096,8,2000,85,"2,200 51  x 96  8.2 0.15 90.4 2.63 MEK222M2V--B096",parsed,false
177562757589.pdf,MEK,screw_terminal,350,2700,51,115,9.8,120,85,0.15,73.7,mohm,0.0737,2.92,MEK272M2V--B115,9,2000,85,"2,700 51  x 115  9.8 0.15 73.7 2.92 MEK272M2V--B115",parsed,false
177562757589.pdf,MEK,screw_terminal,350,2700,51,130,10.2,120,85,0.15,73.7,mohm,0.0737,2.92,MEK272M2V--B130,10,2000,85,"2,700 51  x 130  10.2 0.15 73.7 2.92 MEK272M2V--B130",parsed,false
177562757589.pdf,MEK,screw_terminal,350,2700,63.5,85,9.3,120,85,0.15,73.7,mohm,0.0737,2.92,MEK272M2V--C085,11,2000,85,"2,700 63.5  x 85  9.3 0.15 73.7 2.92 MEK272M2V--C085",parsed,false
177562757589.pdf,MEK,screw_terminal,350,3300,51,130,11.3,120,85,0.15,60.3,mohm,0.0603,3.22,MEK332M2V--B130,12,2000,85,"3,300 51  x 130  11.3 0.15 60.3 3.22 MEK332M2V--B130",parsed,false
177562757589.pdf,MEK,screw_terminal,350,3300,63.5,96,10.8,120,85,0.15,60.3,mohm,0.0603,3.22,MEK332M2V--C096,13,2000,85,"3,300 63.5  x 96  10.8 0.15 60.3 3.22 MEK332M2V--C096",parsed,false
177562757589.pdf,MEK,screw_terminal,350,3900,63.5,115,12.8,120,85,0.15,51,mohm,0.051,3.5,MEK392M2V--C115,14,2000,85,"3,900 63.5  x 115  12.8 0.15 51.0 3.50 MEK392M2V--C115",parsed,false
177562757589.pdf,MEK,screw_terminal,350,3900,76.2,85,12,120,85,0.15,51,mohm,0.051,3.5,MEK392M2V--D085,15,2000,85,"3,900 76.2  x 85  12.0 0.15 51.0 3.50 MEK392M2V--D085",parsed,false
177562757589.pdf,MEK,screw_terminal,350,4700,63.5,115,14,120,85,0.15,42.3,mohm,0.0423,3.85,MEK472M2V--C115,16,2000,85,"4,700 63.5  x 115  14.0 0.15 42.3 3.85 MEK472M2V--C115",parsed,false
177562757589.pdf,MEK,screw_terminal,350,4700,63.5,130,14.8,120,85,0.15,42.3,mohm,0.0423,3.85,MEK472M2V--C130,17,2000,85,"4,700 63.5  x 130  14.8 0.15 42.3 3.85 MEK472M2V--C130",parsed,false
177562757589.pdf,MEK,screw_terminal,350,4700,76.2,90,13.5,120,85,0.15,42.3,mohm,0.0423,3.85,MEK472M2V--D090,18,2000,85,"4,700 76.2  x 90  13.5 0.15 42.3 3.85 MEK472M2V--D090",parsed,false
177562757589.pdf,MEK,screw_terminal,350,5600,63.5,155,17.3,120,85,0.15,35.5,mohm,0.0355,4.2,MEK562M2V--C155,19,2000,85,"5,600 63.5  x 155  17.3 0.15 35.5 4.20 MEK562M2V--C155",parsed,false
177562757589.pdf,MEK,screw_terminal,350,5600,76.2,100,15.4,120,85,0.15,35.5,mohm,0.0355,4.2,MEK562M2V--D100,20,2000,85,"5,600 76.2  x 100  15.4 0.15 35.5 4.20 MEK562M2V--D100",parsed,false
177562757589.pdf,MEK,screw_terminal,350,5600,76.2,115,16.3,120,85,0.15,35.5,mohm,0.0355,4.2,MEK562M2V--D115,21,2000,85,"5,600 76.2  x 115  16.3 0.15 35.5 4.20 MEK562M2V--D115",parsed,false
177562757589.pdf,MEK,screw_terminal,350,6800,76.2,130,18.8,120,85,0.15,29.3,mohm,0.0293,4.63,MEK682M2V--D130,22,2000,85,"6,800 76.2  x 130  18.8 0.15 29.3 4.63 MEK682M2V--D130",parsed,false
177562757589.pdf,MEK,screw_terminal,350,8200,63.5,190,22.1,120,85,0.15,24.3,mohm,0.0243,5,MEK822M2V--C190,23,2000,85,"8,200 63.5  x 190  22.1 0.15 24.3 5.00 MEK822M2V--C190",parsed,false
177562757589.pdf,MEK,screw_terminal,350,8200,76.2,155,22.1,120,85,0.15,24.3,mohm,0.0243,5,MEK822M2V--D155,24,2000,85,"8,200 76.2  x 155  22.1 0.15 24.3 5.00 MEK822M2V--D155",parsed,false
177562757589.pdf,MEK,screw_terminal,350,8200,89,121,20.2,120,85,0.15,24.3,mohm,0.0243,5,MEK822M2V--E121,25,2000,85,"8,200 89  x 121  20.2 0.15 24.3 5.00 MEK822M2V--E121",parsed,false
177562757589.pdf,MEK,screw_terminal,350,10000,76.2,170,25.7,120,85,0.15,19.9,mohm,0.0199,5,MEK103M2V--D170,26,2000,85,"10,000 76.2  x 170  25.7 0.15 19.9 5.00 MEK103M2V--D170",parsed,false
177562757589.pdf,MEK,screw_terminal,350,10000,89,140,24.7,120,85,0.15,19.9,mohm,0.0199,5,MEK103M2V--E140,27,2000,85,"10,000 89  x 140  24.7 0.15 19.9 5.00 MEK103M2V--E140",parsed,false
177562757589.pdf,MEK,screw_terminal,350,10000,89,157,25.9,120,85,0.15,19.9,mohm,0.0199,5,MEK103M2V--E157,28,2000,85,"10,000 89  x 157  25.9 0.15 19.9 5.00 MEK103M2V--E157",parsed,false
177562757589.pdf,MEK,screw_terminal,350,12000,89,150,27.6,120,85,0.15,16.6,mohm,0.0166,5,MEK123M2V--E150,29,2000,85,"12,000 89  x 150  27.6 0.15 16.6 5.00 MEK123M2V--E150",parsed,false
177562757589.pdf,MEK,screw_terminal,350,12000,89,155,28,120,85,0.15,16.6,mohm,0.0166,5,MEK123M2V--E155,30,2000,85,"12,000 89  x 155  28.0 0.15 16.6 5.00 MEK123M2V--E155",parsed,false
177562757589.pdf,MEK,screw_terminal,350,12000,89,157,28.4,120,85,0.15,16.6,mohm,0.0166,5,MEK123M2V--E157,31,2000,85,"12,000 89  x 157  28.4 0.15 16.6 5.00 MEK123M2V--E157",parsed,false
177562757589.pdf,MEK,screw_terminal,350,15000,89,190,34.2,120,85,0.15,13.3,mohm,0.0133,5,MEK153M2V--E190,32,2000,85,"15,000 89  x 190  34.2 0.15 13.3 5.00 MEK153M2V--E190",parsed,false
177562757589.pdf,MEK,screw_terminal,350,15000,89,196,34.6,120,85,0.15,13.3,mohm,0.0133,5,MEK153M2V--E196,33,2000,85,"15,000 89  x 196  34.6 0.15 13.3 5.00 MEK153M2V--E196",parsed,false
177562757589.pdf,MEK,screw_terminal,350,18000,89,236,41.4,120,85,0.15,11.1,mohm,0.0111,5,MEK183M2V--E236,34,2000,85,"18,000 89  x 236  41.4 0.15 11.1 5.00 MEK183M2V--E236",parsed,false
177562757589.pdf,MEK,screw_terminal,400,1000,51,65,4.7,120,85,0.15,199,mohm,0.199,1.9,MEK102M2G--B065,35,2000,85,"400 1,000 51  x 65  4.7 0.15 199 1.90 MEK102M2G--B065",parsed,false
177562757589.pdf,MEK,screw_terminal,400,1000,51,75,5,120,85,0.15,199,mohm,0.199,1.9,MEK102M2G--B075,36,2000,85,"1,000 51  x 75  5.0 0.15 199 1.90 MEK102M2G--B075",parsed,false
177562757589.pdf,MEK,screw_terminal,400,1000,51,83,5.2,120,85,0.15,199,mohm,0.199,1.9,MEK102M2G--B083,37,2000,85,"1,000 51  x 83  5.2 0.15 199 1.90 MEK102M2G--B083",parsed,false
177562757589.pdf,MEK,screw_terminal,400,1200,51,75,5.5,120,85,0.15,166,mohm,0.166,2.08,MEK122M2G--B075,38,2000,85,"1,200 51  x 75  5.5 0.15 166 2.08 MEK122M2G--B075",parsed,false
177562757589.pdf,MEK,screw_terminal,400,1200,51,83,5.7,120,85,0.15,166,mohm,0.166,2.08,MEK122M2G--B083,39,2000,85,"1,200 51  x 83  5.7 0.15 166 2.08 MEK122M2G--B083",parsed,false
177562757589.pdf,MEK,screw_terminal,400,1500,51,96,6.7,120,85,0.15,133,mohm,0.133,2.32,MEK152M2G--B096,40,2000,85,"1,500 51  x 96  6.7 0.15 133 2.32 MEK152M2G--B096",parsed,false
177562757589.pdf,MEK,screw_terminal,400,1800,51,96,7.4,120,85,0.15,111,mohm,0.111,2.55,MEK182M2G--B096,41,2000,85,"1,800 51  x 96  7.4 0.15 111 2.55 MEK182M2G--B096",parsed,false
177562757589.pdf,MEK,screw_terminal,400,2200,51,115,8.9,120,85,0.15,90.4,mohm,0.0904,2.81,MEK222M2G--B115,42,2000,85,"2,200 51  x 115  8.9 0.15 90.4 2.81 MEK222M2G--B115",parsed,false
177562757589.pdf,MEK,screw_terminal,400,2200,51,130,9.2,120,85,0.15,90.4,mohm,0.0904,2.81,MEK222M2G--B130,43,2000,85,"2,200 51  x 130  9.2 0.15 90.4 2.81 MEK222M2G--B130",parsed,false
177562757589.pdf,MEK,screw_terminal,400,2200,63.5,85,8.5,120,85,0.15,90.4,mohm,0.0904,2.81,MEK222M2G--C085,44,2000,85,"2,200 63.5  x 85  8.5 0.15 90.4 2.81 MEK222M2G--C085",parsed,false
177562757589.pdf,MEK,screw_terminal,400,2700,51,130,10.4,120,85,0.15,73.7,mohm,0.0737,3.12,MEK272M2G--B130,45,2000,85,"2,700 51  x 130  10.4 0.15 73.7 3.12 MEK272M2G--B130",parsed,false
177562757589.pdf,MEK,screw_terminal,400,2700,63.5,96,9.9,120,85,0.15,73.7,mohm,0.0737,3.12,MEK272M2G--C096,46,2000,85,"2,700 63.5  x 96  9.9 0.15 73.7 3.12 MEK272M2G--C096",parsed,false
177562757589.pdf,MEK,screw_terminal,400,2700,76.2,75,9.4,120,85,0.15,73.7,mohm,0.0737,3.12,MEK272M2G--D075,47,2000,85,"2,700 76.2  x 75  9.4 0.15 73.7 3.12 MEK272M2G--D075",parsed,false
177562757589.pdf,MEK,screw_terminal,400,3300,63.5,96,11,120,85,0.15,60.3,mohm,0.0603,3.45,MEK332M2G--C096,48,2000,85,"3,300 63.5  x 96  11.0 0.15 60.3 3.45 MEK332M2G--C096",parsed,false
177562757589.pdf,MEK,screw_terminal,400,3300,63.5,115,11.8,120,85,0.15,60.3,mohm,0.0603,3.45,MEK332M2G--C115,49,2000,85,"3,300 63.5  x 115  11.8 0.15 60.3 3.45 MEK332M2G--C115",parsed,false
177562757589.pdf,MEK,screw_terminal,400,3300,76.2,90,11.2,120,85,0.15,60.3,mohm,0.0603,3.45,MEK332M2G--D090,50,2000,85,"3,300 76.2  x 90  11.2 0.15 60.3 3.45 MEK332M2G--D090",parsed,false
177562757589.pdf,MEK,screw_terminal,400,3900,63.5,115,12.8,120,85,0.15,51,mohm,0.051,3.75,MEK392M2G--C115,51,2000,85,"3,900 63.5  x 115  12.8 0.15 51.0 3.75 MEK392M2G--C115",parsed,false
177562757589.pdf,MEK,screw_terminal,400,3900,63.5,130,13.5,120,85,0.15,51,mohm,0.051,3.75,MEK392M2G--C130,52,2000,85,"3,900 63.5  x 130  13.5 0.15 51.0 3.75 MEK392M2G--C130",parsed,false
177562757589.pdf,MEK,screw_terminal,400,3900,76.2,96,12.5,120,85,0.15,51,mohm,0.051,3.75,MEK392M2G--D096,53,2000,85,"3,900 76.2  x 96  12.5 0.15 51.0 3.75 MEK392M2G--D096",parsed,false
177562757589.pdf,MEK,screw_terminal,400,4700,63.5,130,14.8,120,85,0.15,42.3,mohm,0.0423,4.11,MEK472M2G--C130,54,2000,85,"4,700 63.5  x 130  14.8 0.15 42.3 4.11 MEK472M2G--C130",parsed,false
177562757589.pdf,MEK,screw_terminal,400,4700,63.5,155,15.9,120,85,0.15,42.3,mohm,0.0423,4.11,MEK472M2G--C155,55,2000,85,"4,700 63.5  x 155  15.9 0.15 42.3 4.11 MEK472M2G--C155",parsed,false
177562757589.pdf,MEK,screw_terminal,400,4700,76.2,110,14.5,120,85,0.15,42.3,mohm,0.0423,4.11,MEK472M2G--D110,56,2000,85,"4,700 76.2  x 110  14.5 0.15 42.3 4.11 MEK472M2G--D110",parsed,false
177562757589.pdf,MEK,screw_terminal,400,4700,76.2,115,14.9,120,85,0.15,42.3,mohm,0.0423,4.11,MEK472M2G--D115,57,2000,85,"4,700 76.2  x 115  14.9 0.15 42.3 4.11 MEK472M2G--D115",parsed,false
177562757589.pdf,MEK,screw_terminal,400,5600,63.5,155,16.6,120,85,0.15,35.5,mohm,0.0355,4.49,MEK562M2G--C155,58,2000,85,"5,600 63.5  x 155  16.6 0.15 35.5 4.49 MEK562M2G--C155",parsed,false
177562757589.pdf,MEK,screw_terminal,400,5600,63.5,190,18.3,120,85,0.15,35.5,mohm,0.0355,4.49,MEK562M2G--C190,59,2000,85,"5,600 63.5  x 190  18.3 0.15 35.5 4.49 MEK562M2G--C190",parsed,false
177562757589.pdf,MEK,screw_terminal,400,5600,63.5,195,19.1,120,85,0.15,35.5,mohm,0.0355,4.49,MEK562M2G--C195,60,2000,85,"5,600 63.5  x 195  19.1 0.15 35.5 4.49 MEK562M2G--C195",parsed,false
177562757589.pdf,MEK,screw_terminal,400,5600,76.2,115,16.2,120,85,0.15,35.5,mohm,0.0355,4.49,MEK562M2G--D115,61,2000,85,"5,600 76.2  x 115  16.2 0.15 35.5 4.49 MEK562M2G--D115",parsed,false
177562757589.pdf,MEK,screw_terminal,400,5600,76.2,130,17,120,85,0.15,35.5,mohm,0.0355,4.49,MEK562M2G--D130,62,2000,85,"5,600 76.2  x 130  17.0 0.15 35.5 4.49 MEK562M2G--D130",parsed,false
177562757589.pdf,MEK,screw_terminal,400,6800,63.5,190,20.1,120,85,0.15,29.3,mohm,0.0293,4.95,MEK682M2G--C190,63,2000,85,"6,800 63.5  x 190  20.1 0.15 29.3 4.95 MEK682M2G--C190",parsed,false
177562757589.pdf,MEK,screw_terminal,400,6800,76.2,130,18.8,120,85,0.15,29.3,mohm,0.0293,4.95,MEK682M2G--D130,64,2000,85,"6,800 76.2  x 130  18.8 0.15 29.3 4.95 MEK682M2G--D130",parsed,false
177562757589.pdf,MEK,screw_terminal,400,6800,76.2,155,20.2,120,85,0.15,29.3,mohm,0.0293,4.95,MEK682M2G--D155,65,2000,85,"6,800 76.2  x 155  20.2 0.15 29.3 4.95 MEK682M2G--D155",parsed,false
177562757589.pdf,MEK,screw_terminal,400,6800,89,121,19.3,120,85,0.15,29.3,mohm,0.0293,4.95,MEK682M2G--E121,66,2000,85,"6,800 89  x 121  19.3 0.15 29.3 4.95 MEK682M2G--E121",parsed,false
177562757589.pdf,MEK,screw_terminal,400,8200,76.2,155,22.3,120,85,0.15,24.3,mohm,0.0243,5,MEK822M2G--D155,67,2000,85,"400 8,200 76.2  x 155  22.3 0.15 24.3 5.00 MEK822M2G--D155",parsed,false
177562757589.pdf,MEK,screw_terminal,400,8200,76.2,170,23.2,120,85,0.15,24.3,mohm,0.0243,5,MEK822M2G--D170,68,2000,85,"8,200 76.2  x 170  23.2 0.15 24.3 5.00 MEK822M2G--D170",parsed,false
177562757589.pdf,MEK,screw_terminal,400,8200,89,157,23.5,120,85,0.15,24.3,mohm,0.0243,5,MEK822M2G--E157,69,2000,85,"8,200 89  x 157  23.5 0.15 24.3 5.00 MEK822M2G--E157",parsed,false
177562757589.pdf,MEK,screw_terminal,400,10000,76.2,195,27.3,120,85,0.15,19.9,mohm,0.0199,5,MEK103M2G--D195,70,2000,85,"10,000 76.2  x 195  27.3 0.15 19.9 5.00 MEK103M2G--D195",parsed,false
177562757589.pdf,MEK,screw_terminal,400,10000,89,155,25.8,120,85,0.15,19.9,mohm,0.0199,5,MEK103M2G--E155,71,2000,85,"10,000 89  x 155  25.8 0.15 19.9 5.00 MEK103M2G--E155",parsed,false
177562757589.pdf,MEK,screw_terminal,400,10000,89,157,25.9,120,85,0.15,19.9,mohm,0.0199,5,MEK103M2G--E157,72,2000,85,"10,000 89  x 157  25.9 0.15 19.9 5.00 MEK103M2G--E157",parsed,false
177562757589.pdf,MEK,screw_terminal,400,12000,89,155,28,120,85,0.15,16.6,mohm,0.0166,5,MEK123M2G--E155,73,2000,85,"12,000 89  x 155  28.0 0.15 16.6 5.00 MEK123M2G--E155",parsed,false
177562757589.pdf,MEK,screw_terminal,400,12000,89,157,28.2,120,85,0.15,16.6,mohm,0.0166,5,MEK123M2G--E157,74,2000,85,"12,000 89  x 157  28.2 0.15 16.6 5.00 MEK123M2G--E157",parsed,false
177562757589.pdf,MEK,screw_terminal,400,12000,89,170,29.2,120,85,0.15,16.6,mohm,0.0166,5,MEK123M2G--E170,75,2000,85,"12,000 89  x 170  29.2 0.15 16.6 5.00 MEK123M2G--E170",parsed,false
177562757589.pdf,MEK,screw_terminal,400,12000,89,196,31,120,85,0.15,16.6,mohm,0.0166,5,MEK123M2G--E196,76,2000,85,"12,000 89  x 196  31.0 0.15 16.6 5.00 MEK123M2G--E196",parsed,false
177562757589.pdf,MEK,screw_terminal,400,15000,89,190,34,120,85,0.15,13.3,mohm,0.0133,5,MEK153M2G--E190,77,2000,85,"15,000 89  x 190  34.0 0.15 13.3 5.00 MEK153M2G--E190",parsed,false
177562757589.pdf,MEK,screw_terminal,400,15000,89,196,34.4,120,85,0.15,13.3,mohm,0.0133,5,MEK153M2G--E196,78,2000,85,"15,000 89  x 196  34.4 0.15 13.3 5.00 MEK153M2G--E196",parsed,false
177562757589.pdf,MEK,screw_terminal,400,15000,89,236,37.5,120,85,0.15,13.3,mohm,0.0133,5,MEK153M2G--E236,79,2000,85,"15,000 89  x 236  37.5 0.15 13.3 5.00 MEK153M2G--E236",parsed,false
177562757589.pdf,MEK,screw_terminal,400,18000,89,236,41,120,85,0.15,11.1,mohm,0.0111,5,MEK183M2G--E236,80,2000,85,"18,000 89  x 236  41.0 0.15 11.1 5.00 MEK183M2G--E236",parsed,false
177562757589.pdf,MEK,screw_terminal,450,1000,51,75,5,120,85,0.15,199,mohm,0.199,2.01,MEK102M2W--B075,81,2000,85,"450 1,000 51  x 75  5.0 0.15 199 2.01 MEK102M2W--B075",parsed,false
177562757589.pdf,MEK,screw_terminal,450,1000,51,83,5.2,120,85,0.15,199,mohm,0.199,2.01,MEK102M2W--B083,82,2000,85,"1,000 51  x 83  5.2 0.15 199 2.01 MEK102M2W--B083",parsed,false
177562757589.pdf,MEK,screw_terminal,450,1200,51,96,6,120,85,0.15,166,mohm,0.166,2.2,MEK122M2W--B096,83,2000,85,"1,200 51  x 96  6.0 0.15 166 2.20 MEK122M2W--B096",parsed,false
177562757589.pdf,MEK,screw_terminal,450,1500,51,96,6.7,120,85,0.15,133,mohm,0.133,2.46,MEK152M2W--B096,84,2000,85,"1,500 51  x 96  6.7 0.15 133 2.46 MEK152M2W--B096",parsed,false
177562757589.pdf,MEK,screw_terminal,450,1500,51,115,7.2,120,85,0.15,133,mohm,0.133,2.46,MEK152M2W--B115,85,2000,85,"1,500 51  x 115  7.2 0.15 133 2.46 MEK152M2W--B115",parsed,false
177562757589.pdf,MEK,screw_terminal,450,1800,51,130,8.3,120,85,0.15,111,mohm,0.111,2.7,MEK182M2W--B130,86,2000,85,"1,800 51  x 130  8.3 0.15 111 2.70 MEK182M2W--B130",parsed,false
177562757589.pdf,MEK,screw_terminal,450,2200,63.5,96,9,120,85,0.15,90.4,mohm,0.0904,2.98,MEK222M2W--C096,87,2000,85,"2,200 63.5  x 96  9.0 0.15 90.4 2.98 MEK222M2W--C096",parsed,false
177562757589.pdf,MEK,screw_terminal,450,2700,63.5,115,10.7,120,85,0.15,73.7,mohm,0.0737,3.31,MEK272M2W--C115,88,2000,85,"2,700 63.5  x 115  10.7 0.15 73.7 3.31 MEK272M2W--C115",parsed,false
177562757589.pdf,MEK,screw_terminal,450,3300,63.5,130,12.4,120,85,0.15,60.3,mohm,0.0603,3.66,MEK332M2W--C130,89,2000,85,"3,300 63.5  x 130  12.4 0.15 60.3 3.66 MEK332M2W--C130",parsed,false
177562757589.pdf,MEK,screw_terminal,450,3300,76.2,100,11.8,120,85,0.15,60.3,mohm,0.0603,3.66,MEK332M2W--D100,90,2000,85,"3,300 76.2  x 100  11.8 0.15 60.3 3.66 MEK332M2W--D100",parsed,false
177562757589.pdf,MEK,screw_terminal,450,3900,63.5,155,14.4,120,85,0.15,51,mohm,0.051,3.97,MEK392M2W--C155,91,2000,85,"3,900 63.5  x 155  14.4 0.15 51.0 3.97 MEK392M2W--C155",parsed,false
177562757589.pdf,MEK,screw_terminal,450,3900,76.2,110,13.4,120,85,0.15,51,mohm,0.051,3.97,MEK392M2W--D110,92,2000,85,"3,900 76.2  x 110  13.4 0.15 51.0 3.97 MEK392M2W--D110",parsed,false
177562757589.pdf,MEK,screw_terminal,450,3900,76.2,115,13.6,120,85,0.15,51,mohm,0.051,3.97,MEK392M2W--D115,93,2000,85,"3,900 76.2  x 115  13.6 0.15 51.0 3.97 MEK392M2W--D115",parsed,false
177562757589.pdf,MEK,screw_terminal,450,4700,63.5,190,17.4,120,85,0.15,42.3,mohm,0.0423,4.36,MEK472M2W--C190,94,2000,85,"4,700 63.5  x 190  17.4 0.15 42.3 4.36 MEK472M2W--C190",parsed,false
177562757589.pdf,MEK,screw_terminal,450,4700,63.5,195,17.5,120,85,0.15,42.3,mohm,0.0423,4.36,MEK472M2W--C195,95,2000,85,"4,700 63.5  x 195  17.5 0.15 42.3 4.36 MEK472M2W--C195",parsed,false
177562757589.pdf,MEK,screw_terminal,450,4700,76.2,130,15.6,120,85,0.15,42.3,mohm,0.0423,4.36,MEK472M2W--D130,96,2000,85,"4,700 76.2  x 130  15.6 0.15 42.3 4.36 MEK472M2W--D130",parsed,false
177562757589.pdf,MEK,screw_terminal,450,5600,63.5,190,19,120,85,0.15,35.5,mohm,0.0355,4.76,MEK562M2W--C190,97,2000,85,"5,600 63.5  x 190  19.0 0.15 35.5 4.76 MEK562M2W--C190",parsed,false
177562757589.pdf,MEK,screw_terminal,450,5600,76.2,155,18.3,120,85,0.15,35.5,mohm,0.0355,4.76,MEK562M2W--D155,98,2000,85,"5,600 76.2  x 155  18.3 0.15 35.5 4.76 MEK562M2W--D155",parsed,false
177562757589.pdf,MEK,screw_terminal,450,5600,89,121,17.3,120,85,0.15,35.5,mohm,0.0355,4.76,MEK562M2W--E121,99,2000,85,"5,600 89  x 121  17.3 0.15 35.5 4.76 MEK562M2W--E121",parsed,false
177562757589.pdf,MEK,screw_terminal,450,6800,76.2,170,21.2,120,85,0.15,29.3,mohm,0.0293,5,MEK682M2W--D170,100,2000,85,"6,800 76.2  x 170  21.2 0.15 29.3 5.00 MEK682M2W--D170",parsed,false
177562757589.pdf,MEK,screw_terminal,450,6800,89,130,19.7,120,85,0.15,29.3,mohm,0.0293,5,MEK682M2W--E130,101,2000,85,"6,800 89  x 130  19.7 0.15 29.3 5.00 MEK682M2W--E130",parsed,false
177562757589.pdf,MEK,screw_terminal,450,6800,89,157,21.4,120,85,0.15,29.3,mohm,0.0293,5,MEK682M2W--E157,102,2000,85,"6,800 89  x 157  21.4 0.15 29.3 5.00 MEK682M2W--E157",parsed,false
177562757589.pdf,MEK,screw_terminal,450,8200,76.2,190,24.2,120,85,0.15,24.3,mohm,0.0243,5,MEK822M2W--D190,103,2000,85,"8,200 76.2  x 190  24.2 0.15 24.3 5.00 MEK822M2W--D190",parsed,false
177562757589.pdf,MEK,screw_terminal,450,8200,89,155,23.4,120,85,0.15,24.3,mohm,0.0243,5,MEK822M2W--E155,104,2000,85,"8,200 89  x 155  23.4 0.15 24.3 5.00 MEK822M2W--E155",parsed,false
177562757589.pdf,MEK,screw_terminal,450,8200,89,157,23.5,120,85,0.15,24.3,mohm,0.0243,5,MEK822M2W--E157,105,2000,85,"8,200 89  x 157  23.5 0.15 24.3 5.00 MEK822M2W--E157",parsed,false
177562757589.pdf,MEK,screw_terminal,450,10000,89,170,26.7,120,85,0.15,19.9,mohm,0.0199,5,MEK103M2W--E170,106,2000,85,"10,000 89  x 170  26.7 0.15 19.9 5.00 MEK103M2W--E170",parsed,false
177562757589.pdf,MEK,screw_terminal,450,10000,89,196,28.3,120,85,0.15,19.9,mohm,0.0199,5,MEK103M2W--E196,107,2000,85,"10,000 89  x 196  28.3 0.15 19.9 5.00 MEK103M2W--E196",parsed,false
177562757589.pdf,MEK,screw_terminal,450,12000,89,236,33.6,120,85,0.15,16.6,mohm,0.0166,5,MEK123M2W--E236,108,2000,85,"12,000 89  x 236  33.6 0.15 16.6 5.00 MEK123M2W--E236",parsed,false
177562757589.pdf,MEK,screw_terminal,500,1000,51,96,5.5,120,85,0.2,265,mohm,0.265,2.12,MEK102M2H--B096,109,2000,85,"500 1,000 51  x 96  5.5 0.20 265 2.12 MEK102M2H--B096",parsed,false
177562757589.pdf,MEK,screw_terminal,500,1000,51,100,5.6,120,85,0.2,265,mohm,0.265,2.12,MEK102M2H--B100,110,2000,85,"1,000 51  x 100  5.6 0.20 265 2.12 MEK102M2H--B100",parsed,false
177562757589.pdf,MEK,screw_terminal,500,1000,63.5,80,5.8,120,85,0.2,265,mohm,0.265,2.12,MEK102M2H--C080,111,2000,85,"1,000 63.5  x 80  5.8 0.20 265 2.12 MEK102M2H--C080",parsed,false
177562757589.pdf,MEK,screw_terminal,500,1200,51,115,6.6,120,85,0.2,221,mohm,0.221,2.32,MEK122M2H--B115,112,2000,85,"1,200 51  x 115  6.6 0.20 221 2.32 MEK122M2H--B115",parsed,false
177562757589.pdf,MEK,screw_terminal,500,1200,63.5,85,6.5,120,85,0.2,221,mohm,0.221,2.32,MEK122M2H--C085,113,2000,85,"1,200 63.5  x 85  6.5 0.20 221 2.32 MEK122M2H--C085",parsed,false
177562757589.pdf,MEK,screw_terminal,500,1200,63.5,96,6.9,120,85,0.2,221,mohm,0.221,2.32,MEK122M2H--C096,114,2000,85,"1,200 63.5  x 96  6.9 0.20 221 2.32 MEK122M2H--C096",parsed,false
177562757589.pdf,MEK,screw_terminal,500,1500,51,130,7.8,120,85,0.2,177,mohm,0.177,2.6,MEK152M2H--B130,115,2000,85,"1,500 51  x 130  7.8 0.20 177 2.60 MEK152M2H--B130",parsed,false
177562757589.pdf,MEK,screw_terminal,500,1500,63.5,90,7.5,120,85,0.2,177,mohm,0.177,2.6,MEK152M2H--C090,116,2000,85,"1,500 63.5  x 90  7.5 0.20 177 2.60 MEK152M2H--C090",parsed,false
177562757589.pdf,MEK,screw_terminal,500,1500,63.5,96,7.7,120,85,0.2,177,mohm,0.177,2.6,MEK152M2H--C096,117,2000,85,"1,500 63.5  x 96  7.7 0.20 177 2.60 MEK152M2H--C096",parsed,false
177562757589.pdf,MEK,screw_terminal,500,1800,63.5,105,8.3,120,85,0.2,147,mohm,0.147,2.85,MEK182M2H--C105,118,2000,85,"1,800 63.5  x 105  8.3 0.20 147 2.85 MEK182M2H--C105",parsed,false
177562757589.pdf,MEK,screw_terminal,500,1800,63.5,115,8.6,120,85,0.2,147,mohm,0.147,2.85,MEK182M2H--C115,119,2000,85,"1,800 63.5  x 115  8.6 0.20 147 2.85 MEK182M2H--C115",parsed,false
177562757589.pdf,MEK,screw_terminal,500,2200,63.5,115,8.9,120,85,0.2,121,mohm,0.121,3.15,MEK222M2H--C115,120,2000,85,"2,200 63.5  x 115  8.9 0.20 121 3.15 MEK222M2H--C115",parsed,false
177562757589.pdf,MEK,screw_terminal,500,2200,63.5,121,9.1,120,85,0.2,121,mohm,0.121,3.15,MEK222M2H--C121,121,2000,85,"2,200 63.5  x 121  9.1 0.20 121 3.15 MEK222M2H--C121",parsed,false
177562757589.pdf,MEK,screw_terminal,500,2200,63.5,130,9.4,120,85,0.2,121,mohm,0.121,3.15,MEK222M2H--C130,122,2000,85,"2,200 63.5  x 130  9.4 0.20 121 3.15 MEK222M2H--C130",parsed,false
177562757589.pdf,MEK,screw_terminal,500,2700,76.2,110,9.8,120,85,0.2,98.2,mohm,0.0982,3.49,MEK272M2H--D110,123,2000,85,"2,700 76.2  x 110  9.8 0.20 98.2 3.49 MEK272M2H--D110",parsed,false
177562757589.pdf,MEK,screw_terminal,500,2700,76.2,115,9.9,120,85,0.2,98.2,mohm,0.0982,3.49,MEK272M2H--D115,124,2000,85,"2,700 76.2  x 115  9.9 0.20 98.2 3.49 MEK272M2H--D115",parsed,false
177562757589.pdf,MEK,screw_terminal,500,3300,76.2,115,10.1,120,85,0.2,80.4,mohm,0.0804,3.85,MEK332M2H--D115,125,2000,85,"3,300 76.2  x 115  10.1 0.20 80.4 3.85 MEK332M2H--D115",parsed,false
177562757589.pdf,MEK,screw_terminal,500,3300,76.2,130,10.4,120,85,0.2,80.4,mohm,0.0804,3.85,MEK332M2H--D130,126,2000,85,"3,300 76.2  x 130  10.4 0.20 80.4 3.85 MEK332M2H--D130",parsed,false
177562757589.pdf,MEK,screw_terminal,500,3900,76.2,150,10.9,120,85,0.2,68,mohm,0.068,4.19,MEK392M2H--D150,127,2000,85,"3,900 76.2  x 150  10.9 0.20 68.0 4.19 MEK392M2H--D150",parsed,false
177562757589.pdf,MEK,screw_terminal,500,3900,76.2,155,11,120,85,0.2,68,mohm,0.068,4.19,MEK392M2H--D155,128,2000,85,"3,900 76.2  x 155  11.0 0.20 68.0 4.19 MEK392M2H--D155",parsed,false
177562757589.pdf,MEK,screw_terminal,500,3900,89,121,11.9,120,85,0.2,68,mohm,0.068,4.19,MEK392M2H--E121,129,2000,85,"3,900 89  x 121  11.9 0.20 68.0 4.19 MEK392M2H--E121",parsed,false
177562757589.pdf,MEK,screw_terminal,500,4700,76.2,170,12.7,120,85,0.2,56.4,mohm,0.0564,4.6,MEK472M2H--D170,130,2000,85,"4,700 76.2  x 170  12.7 0.20 56.4 4.60 MEK472M2H--D170",parsed,false
177562757589.pdf,MEK,screw_terminal,500,4700,89,130,13.5,120,85,0.2,56.4,mohm,0.0564,4.6,MEK472M2H--E130,131,2000,85,"4,700 89  x 130  13.5 0.20 56.4 4.60 MEK472M2H--E130",parsed,false
177562757589.pdf,MEK,screw_terminal,500,5600,76.2,190,14.6,120,85,0.2,47.4,mohm,0.0474,5,MEK562M2H--D190,132,2000,85,"500 5,600 76.2  x 190  14.6 0.20 47.4 5.00 MEK562M2H--D190",parsed,false
177562757589.pdf,MEK,screw_terminal,500,5600,76.2,195,14.8,120,85,0.2,47.4,mohm,0.0474,5,MEK562M2H--D195,133,2000,85,"5,600 76.2  x 195  14.8 0.20 47.4 5.00 MEK562M2H--D195",parsed,false
177562757589.pdf,MEK,screw_terminal,500,5600,89,150,15,120,85,0.2,47.4,mohm,0.0474,5,MEK562M2H--E150,134,2000,85,"5,600 89  x 150  15.0 0.20 47.4 5.00 MEK562M2H--E150",parsed,false
177562757589.pdf,MEK,screw_terminal,500,5600,89,157,15.5,120,85,0.2,47.4,mohm,0.0474,5,MEK562M2H--E157,135,2000,85,"5,600 89  x 157  15.5 0.20 47.4 5.00 MEK562M2H--E157",parsed,false
177562757589.pdf,MEK,screw_terminal,500,6800,89,170,16.7,120,85,0.2,39,mohm,0.039,5,MEK682M2H--E170,136,2000,85,"6,800 89  x 170  16.7 0.20 39.0 5.00 MEK682M2H--E170",parsed,false
177562757589.pdf,MEK,screw_terminal,500,8200,89,190,19.3,120,85,0.2,32.3,mohm,0.0323,5,MEK822M2H--E190,137,2000,85,"8,200 89  x 190  19.3 0.20 32.3 5.00 MEK822M2H--E190",parsed,false
177562757589.pdf,MEK,screw_terminal,500,8200,89,196,19.5,120,85,0.2,32.3,mohm,0.0323,5,MEK822M2H--E196,138,2000,85,"8,200 89  x 196  19.5 0.20 32.3 5.00 MEK822M2H--E196",parsed,false
177562757589.pdf,MEK,screw_terminal,525,1000,51,115,6.7,120,85,0.2,265,mohm,0.265,2.17,MEK102M2Y--B115,139,2000,85,"525 1,000 51  x 115  6.7 0.20 265 2.17 MEK102M2Y--B115",parsed,false
177562757589.pdf,MEK,screw_terminal,525,1200,51,130,7.6,120,85,0.2,221,mohm,0.221,2.38,MEK122M2Y--B130,140,2000,85,"1,200 51  x 130  7.6 0.20 221 2.38 MEK122M2Y--B130",parsed,false
177562757589.pdf,MEK,screw_terminal,525,1200,63.5,96,7.5,120,85,0.2,221,mohm,0.221,2.38,MEK122M2Y--C096,141,2000,85,"1,200 63.5  x 96  7.5 0.20 221 2.38 MEK122M2Y--C096",parsed,false
177562757589.pdf,MEK,screw_terminal,525,1500,63.5,115,8.4,120,85,0.2,177,mohm,0.177,2.66,MEK152M2Y--C115,142,2000,85,"1,500 63.5  x 115  8.4 0.20 177 2.66 MEK152M2Y--C115",parsed,false
177562757589.pdf,MEK,screw_terminal,525,1800,63.5,130,9.1,120,85,0.2,147,mohm,0.147,2.92,MEK182M2Y--C130,143,2000,85,"1,800 63.5  x 130  9.1 0.20 147 2.92 MEK182M2Y--C130",parsed,false
177562757589.pdf,MEK,screw_terminal,525,2200,76.2,115,9.9,120,85,0.2,121,mohm,0.121,3.22,MEK222M2Y--D115,144,2000,85,"2,200 76.2  x 115  9.9 0.20 121 3.22 MEK222M2Y--D115",parsed,false
177562757589.pdf,MEK,screw_terminal,525,2700,76.2,130,10.5,120,85,0.2,98.2,mohm,0.0982,3.57,MEK272M2Y--D130,145,2000,85,"2,700 76.2  x 130  10.5 0.20 98.2 3.57 MEK272M2Y--D130",parsed,false
177562757589.pdf,MEK,screw_terminal,525,3300,76.2,155,11.2,120,85,0.2,80.4,mohm,0.0804,3.95,MEK332M2Y--D155,146,2000,85,"3,300 76.2  x 155  11.2 0.20 80.4 3.95 MEK332M2Y--D155",parsed,false
177562757589.pdf,MEK,screw_terminal,525,3900,89,157,12.1,120,85,0.2,68,mohm,0.068,4.29,MEK392M2Y--E157,147,2000,85,"3,900 89  x 157  12.1 0.20 68.0 4.29 MEK392M2Y--E157",parsed,false
177562760178.pdf,MGK,screw_terminal,350,1000,51,75,3.9,120,105,0.15,199,mohm,0.199,1.77,MGK102M2V--B075,1,2000,105,"350 1,000 51  x 75  3.9 0.15 199 1.77 MGK102M2V--B075",parsed,false
177562760178.pdf,MGK,screw_terminal,350,1200,51,75,4.2,120,105,0.15,166,mohm,0.166,1.94,MGK122M2V--B075,2,2000,105,"1,200 51  x 75  4.2 0.15 166 1.94 MGK122M2V--B075",parsed,false
177562760178.pdf,MGK,screw_terminal,350,1500,51,96,5.2,120,105,0.15,133,mohm,0.133,2.17,MGK152M2V--B096,3,2000,105,"1,500 51  x 96  5.2 0.15 133 2.17 MGK152M2V--B096",parsed,false
177562760178.pdf,MGK,screw_terminal,350,1800,51,96,5.7,120,105,0.15,111,mohm,0.111,2.38,MGK182M2V--B096,4,2000,105,"1,800 51  x 96  5.7 0.15 111 2.38 MGK182M2V--B096",parsed,false
177562760178.pdf,MGK,screw_terminal,350,2200,51,130,7.1,120,105,0.15,90.5,mohm,0.0905,2.63,MGK222M2V--B130,5,2000,105,"2,200 51  x 130  7.1 0.15 90.5 2.63 MGK222M2V--B130",parsed,false
177562760178.pdf,MGK,screw_terminal,350,2700,63.5,96,7.7,120,105,0.15,73.7,mohm,0.0737,2.92,MGK272M2V--C096,6,2000,105,"2,700 63.5  x 96  7.7 0.15 73.7 2.92 MGK272M2V--C096",parsed,false
177562760178.pdf,MGK,screw_terminal,350,3300,63.5,115,9.1,120,105,0.15,60.3,mohm,0.0603,3.22,MGK332M2V--C115,7,2000,105,"3,300 63.5  x 115  9.1 0.15 60.3 3.22 MGK332M2V--C115",parsed,false
177562760178.pdf,MGK,screw_terminal,350,3900,63.5,130,10.4,120,105,0.15,51,mohm,0.051,3.5,MGK392M2V--C130,8,2000,105,"3,900 63.5  x 130  10.4 0.15 51.0 3.50 MGK392M2V--C130",parsed,false
177562760178.pdf,MGK,screw_terminal,350,4700,63.5,155,12.2,120,105,0.15,42.3,mohm,0.0423,3.85,MGK472M2V--C155,9,2000,105,"4,700 63.5  x 155  12.2 0.15 42.3 3.85 MGK472M2V--C155",parsed,false
177562760178.pdf,MGK,screw_terminal,350,4700,76.2,115,11.5,120,105,0.15,42.3,mohm,0.0423,3.85,MGK472M2V--D115,10,2000,105,"4,700 76.2  x 115  11.5 0.15 42.3 3.85 MGK472M2V--D115",parsed,false
177562760178.pdf,MGK,screw_terminal,350,5600,76.2,130,13.1,120,105,0.15,35.5,mohm,0.0355,4.2,MGK562M2V--D130,11,2000,105,"5,600 76.2  x 130  13.1 0.15 35.5 4.20 MGK562M2V--D130",parsed,false
177562760178.pdf,MGK,screw_terminal,350,6800,76.2,155,15.5,120,105,0.15,29.3,mohm,0.0293,4.63,MGK682M2V--D155,12,2000,105,"6,800 76.2  x 155  15.5 0.15 29.3 4.63 MGK682M2V--D155",parsed,false
177562760178.pdf,MGK,screw_terminal,350,8200,89,157,18.1,120,105,0.15,24.3,mohm,0.0243,5,MGK822M2V--E157,13,2000,105,"8,200 89  x 157  18.1 0.15 24.3 5.00 MGK822M2V--E157",parsed,false
177562760178.pdf,MGK,screw_terminal,350,10000,89,157,19.9,120,105,0.15,19.9,mohm,0.0199,5,MGK103M2V--E157,14,2000,105,"10,000 89 x 157  19.9 0.15 19.9 5.00 MGK103M2V--E157",parsed,false
177562760178.pdf,MGK,screw_terminal,400,1000,51,75,3.9,120,105,0.15,199,mohm,0.199,1.9,MGK102M2G--B075,15,2000,105,"400 1,000 51  x 75  3.9 0.15 199 1.90 MGK102M2G--B075",parsed,false
177562760178.pdf,MGK,screw_terminal,400,1200,51,96,4.6,120,105,0.15,166,mohm,0.166,2.08,MGK122M2G--B096,16,2000,105,"1,200 51  x 96  4.6 0.15 166 2.08 MGK122M2G--B096",parsed,false
177562760178.pdf,MGK,screw_terminal,400,1500,51,115,5.6,120,105,0.15,133,mohm,0.133,2.32,MGK152M2G--B115,17,2000,105,"1,500 51  x 115  5.6 0.15 133 2.32 MGK152M2G--B115",parsed,false
177562760178.pdf,MGK,screw_terminal,400,1800,51,130,6.4,120,105,0.15,111,mohm,0.111,2.55,MGK182M2G--B130,18,2000,105,"1,800 51  x 130  6.4 0.15 111 2.55 MGK182M2G--B130",parsed,false
177562760178.pdf,MGK,screw_terminal,400,2200,63.5,96,6.9,120,105,0.15,90.5,mohm,0.0905,2.81,MGK222M2G--C096,19,2000,105,"2,200 63.5  x 96  6.9 0.15 90.5 2.81 MGK222M2G--C096",parsed,false
177562760178.pdf,MGK,screw_terminal,400,2700,63.5,115,8.2,120,105,0.15,73.7,mohm,0.0737,3.12,MGK272M2G--C115,20,2000,105,"2,700 63.5  x 115  8.2 0.15 73.7 3.12 MGK272M2G--C115",parsed,false
177562760178.pdf,MGK,screw_terminal,400,3300,63.5,130,9.5,120,105,0.15,60.3,mohm,0.0603,3.45,MGK332M2G--C130,21,2000,105,"3,300 63.5  x 130  9.5 0.15 60.3 3.45 MGK332M2G--C130",parsed,false
177562760178.pdf,MGK,screw_terminal,400,3900,63.5,155,11.1,120,105,0.15,51,mohm,0.051,3.75,MGK392M2G--C155,22,2000,105,"3,900 63.5  x 155  11.1 0.15 51.0 3.75 MGK392M2G--C155",parsed,false
177562760178.pdf,MGK,screw_terminal,400,3900,76.2,115,10.4,120,105,0.15,51,mohm,0.051,3.75,MGK392M2G--D115,23,2000,105,"3,900 76.2  x 115  10.4 0.15 51.0 3.75 MGK392M2G--D115",parsed,false
177562760178.pdf,MGK,screw_terminal,400,4700,76.2,130,12,120,105,0.15,42.3,mohm,0.0423,4.11,MGK472M2G--D130,24,2000,105,"4,700 76.2  x 130  12.0 0.15 42.3 4.11 MGK472M2G--D130",parsed,false
177562760178.pdf,MGK,screw_terminal,400,5600,76.2,155,14,120,105,0.15,35.5,mohm,0.0355,4.49,MGK562M2G--D155,25,2000,105,"5,600 76.2  x 155  14.0 0.15 35.5 4.49 MGK562M2G--D155",parsed,false
177562760178.pdf,MGK,screw_terminal,400,6800,89,157,16.5,120,105,0.15,29.3,mohm,0.0293,4.95,MGK682M2G--E157,26,2000,105,"6,800 89 x 157  16.5 0.15 29.3 4.95 MGK682M2G--E157",parsed,false
177562760178.pdf,MGK,screw_terminal,400,8200,89,157,18.1,120,105,0.15,24.3,mohm,0.0243,5,MGK822M2G--E157,27,2000,105,"8,200 89  x 157  18.1 0.15 24.3 5.00 MGK822M2G--E157",parsed,false
177562760178.pdf,MGK,screw_terminal,450,1000,51,96,4.2,120,105,0.15,199,mohm,0.199,2.01,MGK102M2W--B096,28,2000,105,"450 1,000 51  x 96  4.2 0.15 199 2.01 MGK102M2W--B096",parsed,false
177562760178.pdf,MGK,screw_terminal,450,1200,51,115,5,120,105,0.15,166,mohm,0.166,2.2,MGK122M2W--B115,29,2000,105,"1,200 51  x 115  5.0 0.15 166 2.20 MGK122M2W--B115",parsed,false
177562760178.pdf,MGK,screw_terminal,450,1500,51,130,5.9,120,105,0.15,133,mohm,0.133,2.46,MGK152M2W--B130,30,2000,105,"1,500 51  x 130  5.9 0.15 133 2.46 MGK152M2W--B130",parsed,false
177562760178.pdf,MGK,screw_terminal,450,1800,63.5,96,6.3,120,105,0.15,111,mohm,0.111,2.7,MGK182M2W--C096,31,2000,105,"1,800 63.5  x 96  6.3 0.15 111 2.70 MGK182M2W--C096",parsed,false
177562760178.pdf,MGK,screw_terminal,450,2200,63.5,115,7.4,120,105,0.15,90.5,mohm,0.0905,2.98,MGK222M2W--C115,32,2000,105,"2,200 63.5  x 115  7.4 0.15 90.5 2.98 MGK222M2W--C115",parsed,false
177562760178.pdf,MGK,screw_terminal,450,2700,63.5,130,8.6,120,105,0.15,73.7,mohm,0.0737,3.31,MGK272M2W--C130,33,2000,105,"2,700 63.5  x 130  8.6 0.15 73.7 3.31 MGK272M2W--C130",parsed,false
177562760178.pdf,MGK,screw_terminal,450,2700,76.2,115,8.7,120,105,0.15,73.7,mohm,0.0737,3.31,MGK272M2W--D115,34,2000,105,"2,700 76.2  x 115  8.7 0.15 73.7 3.31 MGK272M2W--D115",parsed,false
177562760178.pdf,MGK,screw_terminal,450,3300,63.5,155,10.2,120,105,0.15,60.3,mohm,0.0603,3.66,MGK332M2W--C155,35,2000,105,"3,300 63.5  x 155  10.2 0.15 60.3 3.66 MGK332M2W--C155",parsed,false
177562760178.pdf,MGK,screw_terminal,450,3300,76.2,130,10.1,120,105,0.15,60.3,mohm,0.0603,3.66,MGK332M2W--D130,36,2000,105,"3,300 76.2  x 130  10.1 0.15 60.3 3.66 MGK332M2W--D130",parsed,false
177562760178.pdf,MGK,screw_terminal,450,3900,76.2,155,11.7,120,105,0.15,51,mohm,0.051,3.97,MGK392M2W--D155,37,2000,105,"3,900 76.2  x 155  11.7 0.15 51.0 3.97 MGK392M2W--D155",parsed,false
177562760178.pdf,MGK,screw_terminal,450,4700,76.2,155,12.9,120,105,0.15,42.3,mohm,0.0423,4.36,MGK472M2W--D155,38,2000,105,"4,700 76.2  x 155  12.9 0.15 42.3 4.36 MGK472M2W--D155",parsed,false
177562760178.pdf,MGK,screw_terminal,450,5600,89,157,14.9,120,105,0.15,35.5,mohm,0.0355,4.76,MGK562M2W--E157,39,2000,105,"5,600 89  x 157  14.9 0.15 35.5 4.76 MGK562M2W--E157",parsed,false
177562761870.pdf,MEQ,screw_terminal,350,1000,51,75,3.8,120,85,0.15,199,mohm,0.199,1.77,MEQ102M2V--B075,1,2000,85,"350 1,000 51  x 75  3.8 0.15 199 1.77 MEQ102M2V--B075",parsed,false
177562761870.pdf,MEQ,screw_terminal,350,1200,51,75,4.2,120,85,0.15,166,mohm,0.166,1.94,MEQ122M2V--B075,2,2000,85,"1,200 51  x 75  4.2 0.15 166 1.94 MEQ122M2V--B075",parsed,false
177562761870.pdf,MEQ,screw_terminal,350,1500,51,96,5.2,120,85,0.15,133,mohm,0.133,2.17,MEQ152M2V--B096,3,2000,85,"1,500 51  x 96  5.2 0.15 133 2.17 MEQ152M2V--B096",parsed,false
177562761870.pdf,MEQ,screw_terminal,350,1800,51,96,5.6,120,85,0.15,111,mohm,0.111,2.38,MEQ182M2V--B096,4,2000,85,"1,800 51  x 96  5.6 0.15 111 2.38 MEQ182M2V--B096",parsed,false
177562761870.pdf,MEQ,screw_terminal,350,2200,51,110,6.6,120,85,0.15,90.4,mohm,0.0904,2.63,MEQ222M2V--B110,5,2000,85,"2,200 51  x 110  6.6 0.15 90.4 2.63 MEQ222M2V--B110",parsed,false
177562761870.pdf,MEQ,screw_terminal,350,2200,51,130,7.1,120,85,0.15,90.4,mohm,0.0904,2.63,MEQ222M2V--B130,6,2000,85,"2,200 51  x 130  7.1 0.15 90.4 2.63 MEQ222M2V--B130",parsed,false
177562761870.pdf,MEQ,screw_terminal,350,2700,51,130,7.9,120,85,0.15,73.7,mohm,0.0737,2.92,MEQ272M2V--B130,7,2000,85,"2,700 51  x 130  7.9 0.15 73.7 2.92 MEQ272M2V--B130",parsed,false
177562761870.pdf,MEQ,screw_terminal,350,2700,63.5,90,7.3,120,85,0.15,73.7,mohm,0.0737,2.92,MEQ272M2V--C090,8,2000,85,"2,700 63.5  x 90  7.3 0.15 73.7 2.92 MEQ272M2V--C090",parsed,false
177562761870.pdf,MEQ,screw_terminal,350,2700,63.5,96,7.6,120,85,0.15,73.7,mohm,0.0737,2.92,MEQ272M2V--C096,9,2000,85,"2,700 63.5  x 96  7.6 0.15 73.7 2.92 MEQ272M2V--C096",parsed,false
177562761870.pdf,MEQ,screw_terminal,350,3300,51,150,9.4,120,85,0.15,60.3,mohm,0.0603,3.22,MEQ332M2V--B150,10,2000,85,"3,300 51  x 150  9.4 0.15 60.3 3.22 MEQ332M2V--B150",parsed,false
177562761870.pdf,MEQ,screw_terminal,350,3300,63.5,100,8.5,120,85,0.15,60.3,mohm,0.0603,3.22,MEQ332M2V--C100,11,2000,85,"3,300 63.5  x 100  8.5 0.15 60.3 3.22 MEQ332M2V--C100",parsed,false
177562761870.pdf,MEQ,screw_terminal,350,3300,63.5,115,9,120,85,0.15,60.3,mohm,0.0603,3.22,MEQ332M2V--C115,12,2000,85,"3,300 63.5  x 115  9.0 0.15 60.3 3.22 MEQ332M2V--C115",parsed,false
177562761870.pdf,MEQ,screw_terminal,350,3900,63.5,110,9.6,120,85,0.15,51,mohm,0.051,3.5,MEQ392M2V--C110,13,2000,85,"3,900 63.5  x 110  9.6 0.15 51.0 3.50 MEQ392M2V--C110",parsed,false
177562761870.pdf,MEQ,screw_terminal,350,3900,63.5,130,10.3,120,85,0.15,51,mohm,0.051,3.5,MEQ392M2V--C130,14,2000,85,"3,900 63.5  x 130  10.3 0.15 51.0 3.50 MEQ392M2V--C130",parsed,false
177562761870.pdf,MEQ,screw_terminal,350,3900,76.2,90,9.4,120,85,0.15,51,mohm,0.051,3.5,MEQ392M2V--D090,15,2000,85,"3,900 76.2  x 90  9.4 0.15 51.0 3.50 MEQ392M2V--D090",parsed,false
177562761870.pdf,MEQ,screw_terminal,350,4700,63.5,130,11.4,120,85,0.15,42.3,mohm,0.0423,3.85,MEQ472M2V--C130,16,2000,85,"4,700 63.5  x 130  11.4 0.15 42.3 3.85 MEQ472M2V--C130",parsed,false
177562761870.pdf,MEQ,screw_terminal,350,4700,63.5,155,12.2,120,85,0.15,42.3,mohm,0.0423,3.85,MEQ472M2V--C155,17,2000,85,"4,700 63.5  x 155  12.2 0.15 42.3 3.85 MEQ472M2V--C155",parsed,false
177562761870.pdf,MEQ,screw_terminal,350,4700,76.2,100,10.8,120,85,0.15,42.3,mohm,0.0423,3.85,MEQ472M2V--D100,18,2000,85,"4,700 76.2  x 100  10.8 0.15 42.3 3.85 MEQ472M2V--D100",parsed,false
177562761870.pdf,MEQ,screw_terminal,350,4700,76.2,115,11.5,120,85,0.15,42.3,mohm,0.0423,3.85,MEQ472M2V--D115,19,2000,85,"4,700 76.2  x 115  11.5 0.15 42.3 3.85 MEQ472M2V--D115",parsed,false
177562761870.pdf,MEQ,screw_terminal,350,5600,63.5,150,13.3,120,85,0.15,35.5,mohm,0.0355,4.2,MEQ562M2V--C150,20,2000,85,"5,600 63.5  x 150  13.3 0.15 35.5 4.20 MEQ562M2V--C150",parsed,false
177562761870.pdf,MEQ,screw_terminal,350,5600,63.5,170,14,120,85,0.15,35.5,mohm,0.0355,4.2,MEQ562M2V--C170,21,2000,85,"5,600 63.5  x 170  14.0 0.15 35.5 4.20 MEQ562M2V--C170",parsed,false
177562761870.pdf,MEQ,screw_terminal,350,5600,63.5,195,15,120,85,0.15,35.5,mohm,0.0355,4.2,MEQ562M2V--C195,22,2000,85,"5,600 63.5  x 195  15.0 0.15 35.5 4.20 MEQ562M2V--C195",parsed,false
177562761870.pdf,MEQ,screw_terminal,350,5600,76.2,110,12.2,120,85,0.15,35.5,mohm,0.0355,4.2,MEQ562M2V--D110,23,2000,85,"5,600 76.2  x 110  12.2 0.15 35.5 4.20 MEQ562M2V--D110",parsed,false
177562761870.pdf,MEQ,screw_terminal,350,5600,76.2,130,13.1,120,85,0.15,35.5,mohm,0.0355,4.2,MEQ562M2V--D130,24,2000,85,"5,600 76.2  x 130  13.1 0.15 35.5 4.20 MEQ562M2V--D130",parsed,false
177562761870.pdf,MEQ,screw_terminal,350,6800,63.5,190,16.3,120,85,0.15,29.3,mohm,0.0293,4.63,MEQ682M2V--C190,25,2000,85,"6,800 63.5  x 190  16.3 0.15 29.3 4.63 MEQ682M2V--C190",parsed,false
177562761870.pdf,MEQ,screw_terminal,350,6800,76.2,130,14.3,120,85,0.15,29.3,mohm,0.0293,4.63,MEQ682M2V--D130,26,2000,85,"6,800 76.2  x 130  14.3 0.15 29.3 4.63 MEQ682M2V--D130",parsed,false
177562761870.pdf,MEQ,screw_terminal,350,6800,76.2,155,15.5,120,85,0.15,29.3,mohm,0.0293,4.63,MEQ682M2V--D155,27,2000,85,"6,800 76.2  x 155  15.5 0.15 29.3 4.63 MEQ682M2V--D155",parsed,false
177562761870.pdf,MEQ,screw_terminal,350,8200,76.2,150,16.7,120,85,0.15,24.3,mohm,0.0243,5,MEQ822M2V--D150,28,2000,85,"8,200 76.2  x 150  16.7 0.15 24.3 5.00 MEQ822M2V--D150",parsed,false
177562761870.pdf,MEQ,screw_terminal,350,8200,76.2,170,17.7,120,85,0.15,24.3,mohm,0.0243,5,MEQ822M2V--D170,29,2000,85,"8,200 76.2  x 170  17.7 0.15 24.3 5.00 MEQ822M2V--D170",parsed,false
177562761870.pdf,MEQ,screw_terminal,350,8200,89,130,16.6,120,85,0.15,24.3,mohm,0.0243,5,MEQ822M2V--E130,30,2000,85,"8,200 89  x 130  16.6 0.15 24.3 5.00 MEQ822M2V--E130",parsed,false
177562761870.pdf,MEQ,screw_terminal,350,8200,89,157,18.1,120,85,0.15,24.3,mohm,0.0243,5,MEQ822M2V--E157,31,2000,85,"8,200 89  x 157  18.1 0.15 24.3 5.00 MEQ822M2V--E157",parsed,false
177562761870.pdf,MEQ,screw_terminal,350,10000,89,150,19.5,120,85,0.15,19.9,mohm,0.0199,5,MEQ103M2V--E150,32,2000,85,"10,000 89  x 150  19.5 0.15 19.9 5.00 MEQ103M2V--E150",parsed,false
177562761870.pdf,MEQ,screw_terminal,350,10000,89,155,19.8,120,85,0.15,19.9,mohm,0.0199,5,MEQ103M2V--E155,33,2000,85,"10,000 89  x 155  19.8 0.15 19.9 5.00 MEQ103M2V--E155",parsed,false
177562761870.pdf,MEQ,screw_terminal,350,10000,89,157,19.9,120,85,0.15,19.9,mohm,0.0199,5,MEQ103M2V--E157,34,2000,85,"10,000 89  x 157  19.9 0.15 19.9 5.00 MEQ103M2V--E157",parsed,false
177562761870.pdf,MEQ,screw_terminal,350,12000,89,150,21.4,120,85,0.15,16.6,mohm,0.0166,5,MEQ123M2V--E150,35,2000,85,"12,000 89  x 150  21.4 0.15 16.6 5.00 MEQ123M2V--E150",parsed,false
177562761870.pdf,MEQ,screw_terminal,350,12000,89,190,23.7,120,85,0.15,16.6,mohm,0.0166,5,MEQ123M2V--E190,36,2000,85,"12,000 89  x 190  23.7 0.15 16.6 5.00 MEQ123M2V--E190",parsed,false
177562761870.pdf,MEQ,screw_terminal,350,12000,89,196,24,120,85,0.15,16.6,mohm,0.0166,5,MEQ123M2V--E196,37,2000,85,"12,000 89  x 196  24.0 0.15 16.6 5.00 MEQ123M2V--E196",parsed,false
177562761870.pdf,MEQ,screw_terminal,350,15000,89,190,26.5,120,85,0.15,13.3,mohm,0.0133,5,MEQ153M2V--E190,38,2000,85,"15,000 89  x 190  26.5 0.15 13.3 5.00 MEQ153M2V--E190",parsed,false
177562761870.pdf,MEQ,screw_terminal,350,15000,89,236,29.2,120,85,0.15,13.3,mohm,0.0133,5,MEQ153M2V--E236,39,2000,85,"15,000 89  x 236  29.2 0.15 13.3 5.00 MEQ153M2V--E236",parsed,false
177562761870.pdf,MEQ,screw_terminal,350,18000,89,220,31,120,85,0.15,11.1,mohm,0.0111,5,MEQ183M2V--E220,40,2000,85,"18,000 89  x 220  31.0 0.15 11.1 5.00 MEQ183M2V--E220",parsed,false
177562761870.pdf,MEQ,screw_terminal,400,1000,51,75,3.8,120,85,0.15,199,mohm,0.199,1.9,MEQ102M2G--B075,41,2000,85,"400 1,000 51  x 75  3.8 0.15 199 1.90 MEQ102M2G--B075",parsed,false
177562761870.pdf,MEQ,screw_terminal,400,1200,51,96,4.6,120,85,0.15,166,mohm,0.166,2.08,MEQ122M2G--B096,42,2000,85,"1,200 51  x 96  4.6 0.15 166 2.08 MEQ122M2G--B096",parsed,false
177562761870.pdf,MEQ,screw_terminal,400,1500,51,100,5.2,120,85,0.15,133,mohm,0.133,2.32,MEQ152M2G--B100,43,2000,85,"1,500 51  x 100  5.2 0.15 133 2.32 MEQ152M2G--B100",parsed,false
177562761870.pdf,MEQ,screw_terminal,400,1500,51,115,5.5,120,85,0.15,133,mohm,0.133,2.32,MEQ152M2G--B115,44,2000,85,"1,500 51  x 115  5.5 0.15 133 2.32 MEQ152M2G--B115",parsed,false
177562761870.pdf,MEQ,screw_terminal,400,1800,51,110,6,120,85,0.15,111,mohm,0.111,2.55,MEQ182M2G--B110,45,2000,85,"1,800 51  x 110  6.0 0.15 111 2.55 MEQ182M2G--B110",parsed,false
177562761870.pdf,MEQ,screw_terminal,400,1800,51,130,6.4,120,85,0.15,111,mohm,0.111,2.55,MEQ182M2G--B130,46,2000,85,"1,800 51  x 130  6.4 0.15 111 2.55 MEQ182M2G--B130",parsed,false
177562761870.pdf,MEQ,screw_terminal,400,2200,51,130,7.1,120,85,0.15,90.4,mohm,0.0904,2.81,MEQ222M2G--B130,48,2000,85,"2,200 51  x 130  7.1 0.15 90.4 2.81 MEQ222M2G--B130",parsed,false
177562761870.pdf,MEQ,screw_terminal,400,2200,63.5,90,6.6,120,85,0.15,90.4,mohm,0.0904,2.81,MEQ222M2G--C090,47,2000,85,"2,200 63.5  x 90  6.6 0.15 90.4 2.81 MEQ222M2G--C090",parsed,false
177562761870.pdf,MEQ,screw_terminal,400,2200,63.5,96,6.9,120,85,0.15,90.4,mohm,0.0904,2.81,MEQ222M2G--C096,49,2000,85,"2,200 63.5  x 96  6.9 0.15 90.4 2.81 MEQ222M2G--C096",parsed,false
177562761870.pdf,MEQ,screw_terminal,400,2700,63.5,110,8,120,85,0.15,73.7,mohm,0.0737,3.12,MEQ272M2G--C110,50,2000,85,"2,700 63.5  x 110  8.0 0.15 73.7 3.12 MEQ272M2G--C110",parsed,false
177562761870.pdf,MEQ,screw_terminal,400,2700,63.5,115,8.2,120,85,0.15,73.7,mohm,0.0737,3.12,MEQ272M2G--C115,51,2000,85,"2,700 63.5  x 115  8.2 0.15 73.7 3.12 MEQ272M2G--C115",parsed,false
177562761870.pdf,MEQ,screw_terminal,400,2700,76.2,90,7.7,120,85,0.15,73.7,mohm,0.0737,3.12,MEQ272M2G--D090,52,2000,85,"2,700 76.2  x 90  7.7 0.15 73.7 3.12 MEQ272M2G--D090",parsed,false
177562761870.pdf,MEQ,screw_terminal,400,3300,63.5,130,9.5,120,85,0.15,60.3,mohm,0.0603,3.45,MEQ332M2G--C130,53,2000,85,"3,300 63.5  x 130  9.5 0.15 60.3 3.45 MEQ332M2G--C130",parsed,false
177562761870.pdf,MEQ,screw_terminal,400,3300,76.2,100,9,120,85,0.15,60.3,mohm,0.0603,3.45,MEQ332M2G--D100,54,2000,85,"3,300 76.2  x 100  9.0 0.15 60.3 3.45 MEQ332M2G--D100",parsed,false
177562761870.pdf,MEQ,screw_terminal,400,3900,63.5,150,11,120,85,0.15,51,mohm,0.051,3.75,MEQ392M2G--C150,55,2000,85,"3,900 63.5  x 150  11.0 0.15 51.0 3.75 MEQ392M2G--C150",parsed,false
177562761870.pdf,MEQ,screw_terminal,400,3900,63.5,155,11.1,120,85,0.15,51,mohm,0.051,3.75,MEQ392M2G--C155,56,2000,85,"3,900 63.5  x 155  11.1 0.15 51.0 3.75 MEQ392M2G--C155",parsed,false
177562761870.pdf,MEQ,screw_terminal,400,3900,76.2,100,9.7,120,85,0.15,51,mohm,0.051,3.75,MEQ392M2G--D100,57,2000,85,"3,900 76.2  x 100  9.7 0.15 51.0 3.75 MEQ392M2G--D100",parsed,false
177562761870.pdf,MEQ,screw_terminal,400,3900,76.2,115,10.4,120,85,0.15,51,mohm,0.051,3.75,MEQ392M2G--D115,58,2000,85,"3,900 76.2  x 115  10.4 0.15 51.0 3.75 MEQ392M2G--D115",parsed,false
177562761870.pdf,MEQ,screw_terminal,400,4700,63.5,170,12.8,120,85,0.15,42.3,mohm,0.0423,4.11,MEQ472M2G--C170,59,2000,85,"4,700 63.5  x 170  12.8 0.15 42.3 4.11 MEQ472M2G--C170",parsed,false
177562761870.pdf,MEQ,screw_terminal,400,4700,63.5,195,13.6,120,85,0.15,42.3,mohm,0.0423,4.11,MEQ472M2G--C195,60,2000,85,"4,700 63.5  x 195  13.6 0.15 42.3 4.11 MEQ472M2G--C195",parsed,false
177562761870.pdf,MEQ,screw_terminal,400,4700,76.2,130,12,120,85,0.15,42.3,mohm,0.0423,4.11,MEQ472M2G--D130,61,2000,85,"4,700 76.2  x 130  12.0 0.15 42.3 4.11 MEQ472M2G--D130",parsed,false
177562761870.pdf,MEQ,screw_terminal,400,5600,63.5,190,14.7,120,85,0.15,35.5,mohm,0.0355,4.49,MEQ562M2G--C190,62,2000,85,"5,600 63.5  x 190  14.7 0.15 35.5 4.49 MEQ562M2G--C190",parsed,false
177562761870.pdf,MEQ,screw_terminal,400,5600,63.5,195,14.8,120,85,0.15,35.5,mohm,0.0355,4.49,MEQ562M2G--C195,63,2000,85,"5,600 63.5  x 195  14.8 0.15 35.5 4.49 MEQ562M2G--C195",parsed,false
177562761870.pdf,MEQ,screw_terminal,400,5600,76.2,150,14.2,120,85,0.15,35.5,mohm,0.0355,4.49,MEQ562M2G--D150,64,2000,85,"5,600 76.2  x 150  14.2 0.15 35.5 4.49 MEQ562M2G--D150",parsed,false
177562761870.pdf,MEQ,screw_terminal,400,5600,76.2,155,14.4,120,85,0.15,35.5,mohm,0.0355,4.49,MEQ562M2G--D155,65,2000,85,"5,600 76.2  x 155  14.4 0.15 35.5 4.49 MEQ562M2G--D155",parsed,false
177562761870.pdf,MEQ,screw_terminal,400,6800,76.2,170,16.5,120,85,0.15,29.3,mohm,0.0293,4.95,MEQ682M2G--D170,66,2000,85,"6,800 76.2  x 170  16.5 0.15 29.3 4.95 MEQ682M2G--D170",parsed,false
177562761870.pdf,MEQ,screw_terminal,400,6800,89,130,15.3,120,85,0.15,29.3,mohm,0.0293,4.95,MEQ682M2G--E130,67,2000,85,"400 6,800 89  x 130  15.3 0.15 29.3 4.95 MEQ682M2G--E130",parsed,false
177562761870.pdf,MEQ,screw_terminal,400,6800,89,157,16.5,120,85,0.15,29.3,mohm,0.0293,4.95,MEQ682M2G--E157,68,2000,85,"6,800 89  x 157  16.5 0.15 29.3 4.95 MEQ682M2G--E157",parsed,false
177562761870.pdf,MEQ,screw_terminal,400,8200,76.2,190,19.1,120,85,0.15,24.3,mohm,0.0243,5,MEQ822M2G--D190,69,2000,85,"8,200 76.2  x 190  19.1 0.15 24.3 5.00 MEQ822M2G--D190",parsed,false
177562761870.pdf,MEQ,screw_terminal,400,8200,89,150,17.8,120,85,0.15,24.3,mohm,0.0243,5,MEQ822M2G--E150,70,2000,85,"8,200 89  x 150  17.8 0.15 24.3 5.00 MEQ822M2G--E150",parsed,false
177562761870.pdf,MEQ,screw_terminal,400,8200,89,155,18.1,120,85,0.15,24.3,mohm,0.0243,5,MEQ822M2G--E155,71,2000,85,"8,200 89  x 155  18.1 0.15 24.3 5.00 MEQ822M2G--E155",parsed,false
177562761870.pdf,MEQ,screw_terminal,400,8200,89,157,18.1,120,85,0.15,24.3,mohm,0.0243,5,MEQ822M2G--E157,72,2000,85,"8,200 89  x 157  18.1 0.15 24.3 5.00 MEQ822M2G--E157",parsed,false
177562761870.pdf,MEQ,screw_terminal,400,10000,76.2,220,22.5,120,85,0.15,19.9,mohm,0.0199,5,MEQ103M2G--D220,73,2000,85,"10,000 76.2  x 220  22.5 0.15 19.9 5.00 MEQ103M2G--D220",parsed,false
177562761870.pdf,MEQ,screw_terminal,400,10000,89,170,20.8,120,85,0.15,19.9,mohm,0.0199,5,MEQ103M2G--E170,74,2000,85,"10,000 89  x 170  20.8 0.15 19.9 5.00 MEQ103M2G--E170",parsed,false
177562761870.pdf,MEQ,screw_terminal,400,10000,89,190,21.8,120,85,0.15,19.9,mohm,0.0199,5,MEQ103M2G--E190,75,2000,85,"10,000 89  x 190  21.8 0.15 19.9 5.00 MEQ103M2G--E190",parsed,false
177562761870.pdf,MEQ,screw_terminal,400,10000,89,196,22.1,120,85,0.15,19.9,mohm,0.0199,5,MEQ103M2G--E196,76,2000,85,"10,000 89  x 196  22.1 0.15 19.9 5.00 MEQ103M2G--E196",parsed,false
177562761870.pdf,MEQ,screw_terminal,400,12000,89,190,23.9,120,85,0.15,16.6,mohm,0.0166,5,MEQ123M2G--E190,77,2000,85,"12,000 89  x 190  23.9 0.15 16.6 5.00 MEQ123M2G--E190",parsed,false
177562761870.pdf,MEQ,screw_terminal,400,12000,89,236,26.4,120,85,0.15,16.6,mohm,0.0166,5,MEQ123M2G--E236,78,2000,85,"12,000 89  x 236  26.4 0.15 16.6 5.00 MEQ123M2G--E236",parsed,false
177562761870.pdf,MEQ,screw_terminal,450,1000,51,96,4.2,120,85,0.15,199,mohm,0.199,2.01,MEQ102M2W--B096,79,2000,85,"450 1,000 51  x 96  4.2 0.15 199 2.01 MEQ102M2W--B096",parsed,false
177562761870.pdf,MEQ,screw_terminal,450,1200,51,100,4.7,120,85,0.15,166,mohm,0.166,2.2,MEQ122M2W--B100,80,2000,85,"1,200 51  x 100  4.7 0.15 166 2.20 MEQ122M2W--B100",parsed,false
177562761870.pdf,MEQ,screw_terminal,450,1200,51,115,5,120,85,0.15,166,mohm,0.166,2.2,MEQ122M2W--B115,81,2000,85,"1,200 51  x 115  5.0 0.15 166 2.20 MEQ122M2W--B115",parsed,false
177562761870.pdf,MEQ,screw_terminal,450,1500,51,130,5.8,120,85,0.15,133,mohm,0.133,2.46,MEQ152M2W--B130,82,2000,85,"1,500 51  x 130  5.8 0.15 133 2.46 MEQ152M2W--B130",parsed,false
177562761870.pdf,MEQ,screw_terminal,450,1800,63.5,96,6.2,120,85,0.15,111,mohm,0.111,2.7,MEQ182M2W--C096,83,2000,85,"1,800 63.5  x 96  6.2 0.15 111 2.70 MEQ182M2W--C096",parsed,false
177562761870.pdf,MEQ,screw_terminal,450,2200,63.5,110,7.2,120,85,0.15,90.4,mohm,0.0904,2.98,MEQ222M2W--C110,84,2000,85,"2,200 63.5  x 110  7.2 0.15 90.4 2.98 MEQ222M2W--C110",parsed,false
177562761870.pdf,MEQ,screw_terminal,450,2200,63.5,115,7.4,120,85,0.15,90.4,mohm,0.0904,2.98,MEQ222M2W--C115,85,2000,85,"2,200 63.5  x 115  7.4 0.15 90.4 2.98 MEQ222M2W--C115",parsed,false
177562761870.pdf,MEQ,screw_terminal,450,2200,76.2,90,7,120,85,0.15,90.4,mohm,0.0904,2.98,MEQ222M2W--D090,86,2000,85,"2,200 76.2  x 90  7.0 0.15 90.4 2.98 MEQ222M2W--D090",parsed,false
177562761870.pdf,MEQ,screw_terminal,450,2700,63.5,130,8.6,120,85,0.15,73.7,mohm,0.0737,3.31,MEQ272M2W--C130,87,2000,85,"2,700 63.5  x 130  8.6 0.15 73.7 3.31 MEQ272M2W--C130",parsed,false
177562761870.pdf,MEQ,screw_terminal,450,2700,76.2,100,8.2,120,85,0.15,73.7,mohm,0.0737,3.31,MEQ272M2W--D100,88,2000,85,"2,700 76.2  x 100  8.2 0.15 73.7 3.31 MEQ272M2W--D100",parsed,false
177562761870.pdf,MEQ,screw_terminal,450,2700,76.2,115,8.7,120,85,0.15,73.7,mohm,0.0737,3.31,MEQ272M2W--D115,89,2000,85,"2,700 76.2  x 115  8.7 0.15 73.7 3.31 MEQ272M2W--D115",parsed,false
177562761870.pdf,MEQ,screw_terminal,450,3300,63.5,150,10.1,120,85,0.15,60.3,mohm,0.0603,3.66,MEQ332M2W--C150,90,2000,85,"3,300 63.5  x 150  10.1 0.15 60.3 3.66 MEQ332M2W--C150",parsed,false
177562761870.pdf,MEQ,screw_terminal,450,3300,63.5,155,10.2,120,85,0.15,60.3,mohm,0.0603,3.66,MEQ332M2W--C155,91,2000,85,"3,300 63.5  x 155  10.2 0.15 60.3 3.66 MEQ332M2W--C155",parsed,false
177562761870.pdf,MEQ,screw_terminal,450,3300,76.2,100,9,120,85,0.15,60.3,mohm,0.0603,3.66,MEQ332M2W--D100,92,2000,85,"3,300 76.2  x 100  9.0 0.15 60.3 3.66 MEQ332M2W--D100",parsed,false
177562761870.pdf,MEQ,screw_terminal,450,3300,76.2,130,10,120,85,0.15,60.3,mohm,0.0603,3.66,MEQ332M2W--D130,93,2000,85,"3,300 76.2  x 130  10.0 0.15 60.3 3.66 MEQ332M2W--D130",parsed,false
177562761870.pdf,MEQ,screw_terminal,450,3900,63.5,170,11.6,120,85,0.15,51,mohm,0.051,3.97,MEQ392M2W--C170,94,2000,85,"3,900 63.5  x 170  11.6 0.15 51.0 3.97 MEQ392M2W--C170",parsed,false
177562761870.pdf,MEQ,screw_terminal,450,3900,63.5,195,12.4,120,85,0.15,51,mohm,0.051,3.97,MEQ392M2W--C195,95,2000,85,"3,900 63.5  x 195  12.4 0.15 51.0 3.97 MEQ392M2W--C195",parsed,false
177562761870.pdf,MEQ,screw_terminal,450,3900,76.2,130,10.8,120,85,0.15,51,mohm,0.051,3.97,MEQ392M2W--D130,96,2000,85,"3,900 76.2  x 130  10.8 0.15 51.0 3.97 MEQ392M2W--D130",parsed,false
177562761870.pdf,MEQ,screw_terminal,450,3900,76.2,155,11.7,120,85,0.15,51,mohm,0.051,3.97,MEQ392M2W--D155,97,2000,85,"3,900 76.2  x 155  11.7 0.15 51.0 3.97 MEQ392M2W--D155",parsed,false
177562761870.pdf,MEQ,screw_terminal,450,4700,63.5,190,13.4,120,85,0.15,42.3,mohm,0.0423,4.36,MEQ472M2W--C190,98,2000,85,"4,700 63.5  x 190  13.4 0.15 42.3 4.36 MEQ472M2W--C190",parsed,false
177562761870.pdf,MEQ,screw_terminal,450,4700,76.2,150,12.7,120,85,0.15,42.3,mohm,0.0423,4.36,MEQ472M2W--D150,99,2000,85,"4,700 76.2  x 150  12.7 0.15 42.3 4.36 MEQ472M2W--D150",parsed,false
177562761870.pdf,MEQ,screw_terminal,450,4700,76.2,155,12.9,120,85,0.15,42.3,mohm,0.0423,4.36,MEQ472M2W--D155,100,2000,85,"4,700 76.2  x 155  12.9 0.15 42.3 4.36 MEQ472M2W--D155",parsed,false
177562761870.pdf,MEQ,screw_terminal,450,5600,76.2,170,14.6,120,85,0.15,35.5,mohm,0.0355,4.76,MEQ562M2W--D170,101,2000,85,"5,600 76.2  x 170  14.6 0.15 35.5 4.76 MEQ562M2W--D170",parsed,false
177562761870.pdf,MEQ,screw_terminal,450,5600,76.2,190,15.4,120,85,0.15,35.5,mohm,0.0355,4.76,MEQ562M2W--D190,102,2000,85,"5,600 76.2  x 190  15.4 0.15 35.5 4.76 MEQ562M2W--D190",parsed,false
177562761870.pdf,MEQ,screw_terminal,450,5600,76.2,195,15.6,120,85,0.15,35.5,mohm,0.0355,4.76,MEQ562M2W--D195,103,2000,85,"5,600 76.2  x 195  15.6 0.15 35.5 4.76 MEQ562M2W--D195",parsed,false
177562761870.pdf,MEQ,screw_terminal,450,5600,89,150,14.6,120,85,0.15,35.5,mohm,0.0355,4.76,MEQ562M2W--E150,104,2000,85,"5,600 89  x 150  14.6 0.15 35.5 4.76 MEQ562M2W--E150",parsed,false
177562761870.pdf,MEQ,screw_terminal,450,5600,89,155,14.8,120,85,0.15,35.5,mohm,0.0355,4.76,MEQ562M2W--E155,105,2000,85,"5,600 89  x 155  14.8 0.15 35.5 4.76 MEQ562M2W--E155",parsed,false
177562761870.pdf,MEQ,screw_terminal,450,5600,89,157,14.9,120,85,0.15,35.5,mohm,0.0355,4.76,MEQ562M2W--E157,106,2000,85,"5,600 89  x 157  14.9 0.15 35.5 4.76 MEQ562M2W--E157",parsed,false
177562761870.pdf,MEQ,screw_terminal,450,6800,76.2,190,16.9,120,85,0.15,29.3,mohm,0.0293,5,MEQ682M2W--D190,107,2000,85,"6,800 76.2  x 190  16.9 0.15 29.3 5.00 MEQ682M2W--D190",parsed,false
177562761870.pdf,MEQ,screw_terminal,450,6800,89,150,16.1,120,85,0.15,29.3,mohm,0.0293,5,MEQ682M2W--E150,108,2000,85,"6,800 89  x 150  16.1 0.15 29.3 5.00 MEQ682M2W--E150",parsed,false
177562761870.pdf,MEQ,screw_terminal,450,6800,89,170,17,120,85,0.15,29.3,mohm,0.0293,5,MEQ682M2W--E170,109,2000,85,"6,800 89  x 170  17.0 0.15 29.3 5.00 MEQ682M2W--E170",parsed,false
177562761870.pdf,MEQ,screw_terminal,450,6800,89,196,18.1,120,85,0.15,29.3,mohm,0.0293,5,MEQ682M2W--E196,110,2000,85,"6,800 89  x 196  18.1 0.15 29.3 5.00 MEQ682M2W--E196",parsed,false
177562761870.pdf,MEQ,screw_terminal,450,8200,76.2,220,19.9,120,85,0.15,24.3,mohm,0.0243,5,MEQ822M2W--D220,111,2000,85,"8,200 76.2  x 220  19.9 0.15 24.3 5.00 MEQ822M2W--D220",parsed,false
177562761870.pdf,MEQ,screw_terminal,450,8200,89,170,18.7,120,85,0.15,24.3,mohm,0.0243,5,MEQ822M2W--E170,112,2000,85,"8,200 89  x 170  18.7 0.15 24.3 5.00 MEQ822M2W--E170",parsed,false
177562761870.pdf,MEQ,screw_terminal,450,8200,89,190,19.6,120,85,0.15,24.3,mohm,0.0243,5,MEQ822M2W--E190,113,2000,85,"8,200 89  x 190  19.6 0.15 24.3 5.00 MEQ822M2W--E190",parsed,false
177562761870.pdf,MEQ,screw_terminal,450,8200,89,196,19.9,120,85,0.15,24.3,mohm,0.0243,5,MEQ822M2W--E196,114,2000,85,"8,200 89  x 196  19.9 0.15 24.3 5.00 MEQ822M2W--E196",parsed,false
177562761870.pdf,MEQ,screw_terminal,450,10000,89,190,21.6,120,85,0.15,19.9,mohm,0.0199,5,MEQ103M2W--E190,115,2000,85,"10,000 89  x 190  21.6 0.15 19.9 5.00 MEQ103M2W--E190",parsed,false
177562761870.pdf,MEQ,screw_terminal,450,10000,89,236,23.9,120,85,0.15,19.9,mohm,0.0199,5,MEQ103M2W--E236,116,2000,85,"10,000 89  x 236  23.9 0.15 19.9 5.00 MEQ103M2W--E236",parsed,false
177562763937.pdf,MKR,screw_terminal,350,1200,51,75,5.6,120,85,0.15,166,mohm,0.166,1.94,MKR122M2V--B075,1,2000,85,"350 1,200 51  x 75  5.6 0.15 166 1.94 MKR122M2V--B075",parsed,false
177562763937.pdf,MKR,screw_terminal,350,1500,51,75,6.3,120,85,0.15,133,mohm,0.133,2.17,MKR152M2V--B075,2,2000,85,"1,500 51  x 75  6.3 0.15 133 2.17 MKR152M2V--B075",parsed,false
177562763937.pdf,MKR,screw_terminal,350,1800,51,96,7.7,120,85,0.15,111,mohm,0.111,2.38,MKR182M2V--B096,3,2000,85,"1,800 51  x 96  7.7 0.15 111 2.38 MKR182M2V--B096",parsed,false
177562763937.pdf,MKR,screw_terminal,350,2200,51,96,8.5,120,85,0.15,90.5,mohm,0.0905,2.63,MKR222M2V--B096,4,2000,85,"2,200 51  x 96  8.5 0.15 90.5 2.63 MKR222M2V--B096",parsed,false
177562763937.pdf,MKR,screw_terminal,350,2700,51,130,10.7,120,85,0.15,73.7,mohm,0.0737,2.92,MKR272M2V--B130,5,2000,85,"2,700 51  x 130  10.7 0.15 73.7 2.92 MKR272M2V--B130",parsed,false
177562763937.pdf,MKR,screw_terminal,350,3300,51,130,11.9,120,85,0.15,60.3,mohm,0.0603,3.22,MKR332M2V--B130,6,2000,85,"3,300 51  x 130  11.9 0.15 60.3 3.22 MKR332M2V--B130",parsed,false
177562763937.pdf,MKR,screw_terminal,350,3900,63.5,115,13.8,120,85,0.15,51,mohm,0.051,3.5,MKR392M2V--C115,7,2000,85,"3,900 63.5  x 115  13.8 0.15 51.0 3.50 MKR392M2V--C115",parsed,false
177562763937.pdf,MKR,screw_terminal,350,4700,63.5,130,15.9,120,85,0.15,42.3,mohm,0.0423,3.85,MKR472M2V--C130,8,2000,85,"4,700 63.5  x 130  15.9 0.15 42.3 3.85 MKR472M2V--C130",parsed,false
177562763937.pdf,MKR,screw_terminal,350,5600,63.5,155,18.6,120,85,0.15,35.5,mohm,0.0355,4.2,MKR562M2V--C155,9,2000,85,"5,600 63.5  x 155  18.6 0.15 35.5 4.20 MKR562M2V--C155",parsed,false
177562763937.pdf,MKR,screw_terminal,350,5600,76.2,115,18.6,120,85,0.15,35.5,mohm,0.0355,4.2,MKR562M2V--D115,10,2000,85,"5,600 76.2  x 115  18.6 0.15 35.5 4.20 MKR562M2V--D115",parsed,false
177562763937.pdf,MKR,screw_terminal,350,6800,76.2,130,21.6,120,85,0.15,29.3,mohm,0.0293,4.63,MKR682M2V--D130,11,2000,85,"6,800 76.2  x 130  21.6 0.15 29.3 4.63 MKR682M2V--D130",parsed,false
177562763937.pdf,MKR,screw_terminal,350,8200,76.2,155,25.7,120,85,0.15,24.3,mohm,0.0243,5,MKR822M2V--D155,12,2000,85,"8,200 76.2  x 155  25.7 0.15 24.3 5.00 MKR822M2V--D155",parsed,false
177562763937.pdf,MKR,screw_terminal,350,10000,89,157,28.8,120,85,0.15,19.9,mohm,0.0199,5,MKR103M2V--E157,13,2000,85,"10,000 89  x 157  28.8 0.15 19.9 5.00 MKR103M2V--E157",parsed,false
177562763937.pdf,MKR,screw_terminal,350,12000,89,157,31.5,120,85,0.15,16.6,mohm,0.0166,5,MKR123M2V--E157,14,2000,85,"12,000 89  x 157  31.5 0.15 16.6 5.00 MKR123M2V--E157",parsed,false
177562763937.pdf,MKR,screw_terminal,350,15000,89,196,38.9,120,85,0.15,13.3,mohm,0.0133,5,MKR153M2V--E196,15,2000,85,"15,000 89  x 196  38.9 0.15 13.3 5.00 MKR153M2V--E196",parsed,false
177562763937.pdf,MKR,screw_terminal,350,18000,89,236,45.2,120,85,0.15,11.1,mohm,0.0111,5,MKR183M2V--E236,16,2000,85,"18,000 89  x 236  45.2 0.15 11.1 5.00 MKR183M2V--E236",parsed,false
177562763937.pdf,MKR,screw_terminal,400,1000,51,75,5.2,120,85,0.15,199,mohm,0.199,1.9,MKR102M2G--B075,17,2000,85,"400 1,000 51  x 75  5.2 0.15 199 1.90 MKR102M2G--B075",parsed,false
177562763937.pdf,MKR,screw_terminal,400,1200,51,75,5.7,120,85,0.15,166,mohm,0.166,2.08,MKR122M2G--B075,18,2000,85,"1,200 51  x 75  5.7 0.15 166 2.08 MKR122M2G--B075",parsed,false
177562763937.pdf,MKR,screw_terminal,400,1500,51,96,7.1,120,85,0.15,133,mohm,0.133,2.32,MKR152M2G--B096,19,2000,85,"1,500 51  x 96  7.1 0.15 133 2.32 MKR152M2G--B096",parsed,false
177562763937.pdf,MKR,screw_terminal,400,1800,51,96,7.7,120,85,0.15,111,mohm,0.111,2.55,MKR182M2G--B096,20,2000,85,"1,800 51  x 96  7.7 0.15 111 2.55 MKR182M2G--B096",parsed,false
177562763937.pdf,MKR,screw_terminal,400,2200,51,130,9.9,120,85,0.15,90.5,mohm,0.0905,2.81,MKR222M2G--B130,21,2000,85,"2,200 51  x 130  9.9 0.15 90.5 2.81 MKR222M2G--B130",parsed,false
177562763937.pdf,MKR,screw_terminal,400,2700,63.5,96,10.7,120,85,0.15,73.7,mohm,0.0737,3.12,MKR272M2G--C096,22,2000,85,"2,700 63.5  x 96  10.7 0.15 73.7 3.12 MKR272M2G--C096",parsed,false
177562763937.pdf,MKR,screw_terminal,400,3300,63.5,115,12.7,120,85,0.15,60.3,mohm,0.0603,3.45,MKR332M2G--C115,23,2000,85,"3,300 63.5  x 115  12.7 0.15 60.3 3.45 MKR332M2G--C115",parsed,false
177562763937.pdf,MKR,screw_terminal,400,3900,63.5,130,14.7,120,85,0.15,51,mohm,0.051,3.75,MKR392M2G--C130,24,2000,85,"3,900 63.5  x 130  14.7 0.15 51.0 3.75 MKR392M2G--C130",parsed,false
177562763937.pdf,MKR,screw_terminal,400,3900,76.2,100,15.3,120,85,0.15,51,mohm,0.051,3.75,MKR392M2G--D100,25,2000,85,"3,900 76.2  x 100  15.3 0.15 51.0 3.75 MKR392M2G--D100",parsed,false
177562763937.pdf,MKR,screw_terminal,400,4700,63.5,155,17.5,120,85,0.15,42.3,mohm,0.0423,4.11,MKR472M2G--C155,26,2000,85,"4,700 63.5  x 155  17.5 0.15 42.3 4.11 MKR472M2G--C155",parsed,false
177562763937.pdf,MKR,screw_terminal,400,4700,76.2,110,18.3,120,85,0.15,42.3,mohm,0.0423,4.11,MKR472M2G--D110,27,2000,85,"4,700 76.2  x 110  18.3 0.15 42.3 4.11 MKR472M2G--D110",parsed,false
177562763937.pdf,MKR,screw_terminal,400,5600,63.5,195,21.1,120,85,0.15,35.5,mohm,0.0355,4.49,MKR562M2G--C195,28,2000,85,"5,600 63.5  x 195  21.1 0.15 35.5 4.49 MKR562M2G--C195",parsed,false
177562763937.pdf,MKR,screw_terminal,400,5600,76.2,130,19.9,120,85,0.15,35.5,mohm,0.0355,4.49,MKR562M2G--D130,29,2000,85,"5,600 76.2  x 130  19.9 0.15 35.5 4.49 MKR562M2G--D130",parsed,false
177562763937.pdf,MKR,screw_terminal,400,6800,76.2,155,23,120,85,0.15,29.3,mohm,0.0293,4.95,MKR682M2G--D155,30,2000,85,"6,800 76.2  x 155  23.0 0.15 29.3 4.95 MKR682M2G--D155",parsed,false
177562763937.pdf,MKR,screw_terminal,400,8200,89,157,26.3,120,85,0.15,24.3,mohm,0.0243,5,MKR822M2G--E157,31,2000,85,"8,200 89  x 157  26.3 0.15 24.3 5.00 MKR822M2G--E157",parsed,false
177562763937.pdf,MKR,screw_terminal,400,10000,89,157,28.8,120,85,0.15,19.9,mohm,0.0199,5,MKR103M2G--E157,32,2000,85,"10,000 89  x 157  28.8 0.15 19.9 5.00 MKR103M2G--E157",parsed,false
177562763937.pdf,MKR,screw_terminal,400,12000,89,196,34.6,120,85,0.15,16.6,mohm,0.0166,5,MKR123M2G--E196,33,2000,85,"12,000 89  x 196  34.6 0.15 16.6 5.00 MKR123M2G--E196",parsed,false
177562763937.pdf,MKR,screw_terminal,400,15000,89,236,41.9,120,85,0.15,13.3,mohm,0.0133,5,MKR153M2G--E236,34,2000,85,"15,000 89  x 236  41.9 0.15 13.3 5.00 MKR153M2G--E236",parsed,false
177562763937.pdf,MKR,screw_terminal,450,1000,51,75,4.5,120,85,0.15,199,mohm,0.199,2.01,MKR102M2W--B075,35,2000,85,"450 1,000 51  x 75  4.5 0.15 199 2.01 MKR102M2W--B075",parsed,false
177562763937.pdf,MKR,screw_terminal,450,1200,51,96,5.3,120,85,0.15,166,mohm,0.166,2.2,MKR122M2W--B096,36,2000,85,"1,200 51  x 96  5.3 0.15 166 2.20 MKR122M2W--B096",parsed,false
177562763937.pdf,MKR,screw_terminal,450,1500,51,115,6.8,120,85,0.15,133,mohm,0.133,2.46,MKR152M2W--B115,37,2000,85,"1,500 51  x 115  6.8 0.15 133 2.46 MKR152M2W--B115",parsed,false
177562763937.pdf,MKR,screw_terminal,450,1800,51,130,7.9,120,85,0.15,111,mohm,0.111,2.7,MKR182M2W--B130,38,2000,85,"1,800 51  x 130  7.9 0.15 111 2.70 MKR182M2W--B130",parsed,false
177562763937.pdf,MKR,screw_terminal,450,2200,63.5,96,8.4,120,85,0.15,90.5,mohm,0.0905,2.98,MKR222M2W--C096,39,2000,85,"2,200 63.5  x 96  8.4 0.15 90.5 2.98 MKR222M2W--C096",parsed,false
177562763937.pdf,MKR,screw_terminal,450,2700,63.5,115,10.5,120,85,0.15,73.7,mohm,0.0737,3.31,MKR272M2W--C115,40,2000,85,"2,700 63.5  x 115  10.5 0.15 73.7 3.31 MKR272M2W--C115",parsed,false
177562763937.pdf,MKR,screw_terminal,450,3300,63.5,130,12.5,120,85,0.15,60.3,mohm,0.0603,3.66,MKR332M2W--C130,41,2000,85,"3,300  63.5  x 130  12.5  0.15  60.3  3.66  MKR332M2 W-- C130",parsed,false
177562763937.pdf,MKR,screw_terminal,450,3900,76.2,115,14.3,120,85,0.15,51,mohm,0.051,3.97,MKR392M2W--D115,42,2000,85,"3,900 76.2  x 115  14.3 0.15 51.0 3.97 MKR392M2W--D115",parsed,false
177562763937.pdf,MKR,screw_terminal,450,4700,63.5,195,17.5,120,85,0.15,42.3,mohm,0.0423,4.36,MKR472M2W--C195,43,2000,85,"4,700 63.5  x 195  17.5 0.15 42.3 4.36 MKR472M2W--C195",parsed,false
177562763937.pdf,MKR,screw_terminal,450,4700,76.2,130,16.1,120,85,0.15,42.3,mohm,0.0423,4.36,MKR472M2W--D130,44,2000,85,"4,700 76.2  x 130  16.1 0.15 42.3 4.36 MKR472M2W--D130",parsed,false
177562763937.pdf,MKR,screw_terminal,450,5600,76.2,155,19.2,120,85,0.15,35.5,mohm,0.0355,4.76,MKR562M2W--D155,45,2000,85,"5,600 76.2  x 155  19.2 0.15 35.5 4.76 MKR562M2W--D155",parsed,false
177562763937.pdf,MKR,screw_terminal,450,6800,89,157,23.6,120,85,0.15,29.3,mohm,0.0293,5,MKR682M2W--E157,46,2000,85,"6,800 89  x 157  23.6 0.15 29.3 5.00 MKR682M2W--E157",parsed,false
177562763937.pdf,MKR,screw_terminal,450,8200,89,157,25.3,120,85,0.15,24.3,mohm,0.0243,5,MKR822M2W--E157,47,2000,85,"8,200 89  x 157  25.3 0.15 24.3 5.00 MKR822M2W--E157",parsed,false
177562763937.pdf,MKR,screw_terminal,450,10000,89,196,30.2,120,85,0.15,19.9,mohm,0.0199,5,MKR103M2W--E196,48,2000,85,"10,000 89  x 196  30.2 0.15 19.9 5.00 MKR103M2W--E196",parsed,false
177562763937.pdf,MKR,screw_terminal,450,12000,89,236,35,120,85,0.15,16.6,mohm,0.0166,5,MKR123M2W--E236,49,2000,85,"12,000 89  x 236  35.0 0.15 16.6 5.00 MKR123M2W--E236",parsed,false
