"part_number","material","material_name","relative_permeability","al_nh_per_turn2","od_in","id_in","ht_in","od_mm","id_mm","ht_mm","ae_cm2","le_cm","ve_cm3","fmax_mhz","stock_qty","analyzer_url"
"MS-014014-8","MS","MS - Sendust","14","3","0.14","0.07","0.06","3.556","1.778","1.524","0.0137","0.817","0.0107","6.6",,"/design-and-applications/design-tools/inductor-analyzer/?partnumber=MS-014014-8"
"MS-014026-8","MS","MS - Sendust","26","5.5","0.14","0.07","0.06","3.556","1.778","1.524","0.0137","0.817","0.0107","3.1",,"/design-and-applications/design-tools/inductor-analyzer/?partnumber=MS-014026-8"
"MS-014040-8","MS","MS - Sendust","40","9","0.14","0.07","0.06","3.556","1.778","1.524","0.0137","0.817","0.0107","1.7",,"/design-and-applications/design-tools/inductor-analyzer/?partnumber=MS-014040-8"
"MS-014060-8","MS","MS - Sendust","60","13","0.14","0.07","0.06","3.556","1.778","1.524","0.0137","0.817","0.0107","1.4",,"/design-and-applications/design-tools/inductor-analyzer/?partnumber=MS-014060-8"
"MS-014075-8","MS","MS - Sendust","75","16","0.14","0.07","0.06","3.556","1.778","1.524","0.0137","0.817","0.0107","1.1",,"/design-and-applications/design-tools/inductor-analyzer/?partnumber=MS-014075-8"
"MS-014090-8","MS","MS - Sendust","90","19","0.14","0.07","0.06","3.556","1.778","1.524","0.0137","0.817","0.0107","0.88",,"/design-and-applications/design-tools/inductor-analyzer/?partnumber=MS-014090-8"
"MS-014125-8","MS","MS - Sendust","125","26","0.14","0.07","0.06","3.556","1.778","1.524","0.0137","0.817","0.0107","0.54","15593","/design-and-applications/design-tools/inductor-analyzer/?partnumber=MS-014125-8"
"MS-014147-8","MS","MS - Sendust","147","31","0.14","0.07","0.06","3.556","1.778","1.524","0.0137","0.817","0.0107","0.45",,"/design-and-applications/design-tools/inductor-analyzer/?partnumber=MS-014147-8"
"MS-014160-8","MS","MS - Sendust","160","33","0.14","0.07","0.06","3.556","1.778","1.524","0.0137","0.817","0.0107","0.41",,"/design-and-applications/design-tools/inductor-analyzer/?partnumber=MS-014160-8"
"MS-015014-8","MS","MS - Sendust","14","4","0.155","0.087","0.1","3.937","2.2098","2.54","0.0211","0.942","0.0197","6.6",,"/design-and-applications/design-tools/inductor-analyzer/?partnumber=MS-015014-8"
"MS-015026-8","MS","MS - Sendust","26","7","0.155","0.087","0.1","3.937","2.2098","2.54","0.0211","0.942","0.0197","3.1",,"/design-and-applications/design-tools/inductor-analyzer/?partnumber=MS-015026-8"
"MS-015040-8","MS","MS - Sendust","40","11","0.155","0.087","0.1","3.937","2.2098","2.54","0.0211","0.942","0.0197","1.7",,"/design-and-applications/design-tools/inductor-analyzer/?partnumber=MS-015040-8"
"MS-015060-8","MS","MS - Sendust","60","17","0.155","0.087","0.1","3.937","2.2098","2.54","0.0211","0.942","0.0197","1.4",,"/design-and-applications/design-tools/inductor-analyzer/?partnumber=MS-015060-8"
"MS-015075-8","MS","MS - Sendust","75","21","0.155","0.087","0.1","3.937","2.2098","2.54","0.0211","0.942","0.0197","1.1",,"/design-and-applications/design-tools/inductor-analyzer/?partnumber=MS-015075-8"
"MS-015090-8","MS","MS - Sendust","90","25","0.155","0.087","0.1","3.937","2.2098","2.54","0.0211","0.942","0.0197","0.88","0","/design-and-applications/design-tools/inductor-analyzer/?partnumber=MS-015090-8"
"MS-015125-8","MS","MS - Sendust","125","35","0.155","0.087","0.1","3.937","2.2098","2.54","0.0211","0.942","0.0197","0.54",,"/design-and-applications/design-tools/inductor-analyzer/?partnumber=MS-015125-8"
"MS-015147-8","MS","MS - Sendust","147","41","0.155","0.087","0.1","3.937","2.2098","2.54","0.0211","0.942","0.0197","0.45","1020","/design-and-applications/design-tools/inductor-analyzer/?partnumber=MS-015147-8"
"MS-015160-8","MS","MS - Sendust","160","45","0.155","0.087","0.1","3.937","2.2098","2.54","0.0211","0.942","0.0197","0.41","416","/design-and-applications/design-tools/inductor-analyzer/?partnumber=MS-015160-8"
"MS-018014-8","MS","MS - Sendust","14","5","0.183","0.093","0.1","4.6482","2.3622","2.54","0.0285","1.06","0.0302","6.6",,"/design-and-applications/design-tools/inductor-analyzer/?partnumber=MS-018014-8"
"MS-018026-8","MS","MS - Sendust","26","9","0.183","0.093","0.1","4.6482","2.3622","2.54","0.0285","1.06","0.0302","3.1",,"/design-and-applications/design-tools/inductor-analyzer/?partnumber=MS-018026-8"
"MS-018040-8","MS","MS - Sendust","40","13","0.183","0.093","0.1","4.6482","2.3622","2.54","0.0285","1.06","0.0302","1.7",,"/design-and-applications/design-tools/inductor-analyzer/?partnumber=MS-018040-8"
"MS-018060-8","MS","MS - Sendust","60","20","0.183","0.093","0.1","4.6482","2.3622","2.54","0.0285","1.06","0.0302","1.4",,"/design-and-applications/design-tools/inductor-analyzer/?partnumber=MS-018060-8"
"MS-018075-8","MS","MS - Sendust","75","25","0.183","0.093","0.1","4.6482","2.3622","2.54","0.0285","1.06","0.0302","1.1",,"/design-and-applications/design-tools/inductor-analyzer/?partnumber=MS-018075-8"
"MS-018090-8","MS","MS - Sendust","90","30","0.183","0.093","0.1","4.6482","2.3622","2.54","0.0285","1.06","0.0302","0.88",,"/design-and-applications/design-tools/inductor-analyzer/?partnumber=MS-018090-8"
"MS-018125-8","MS","MS - Sendust","125","42","0.183","0.093","0.1","4.6482","2.3622","2.54","0.0285","1.06","0.0302","0.54","10619","/design-and-applications/design-tools/inductor-analyzer/?partnumber=MS-018125-8"
"MS-018147-8","MS","MS - Sendust","147","49","0.183","0.093","0.1","4.6482","2.3622","2.54","0.0285","1.06","0.0302","0.45",,"/design-and-applications/design-tools/inductor-analyzer/?partnumber=MS-018147-8"
"MS-018160-8","MS","MS - Sendust","160","53","0.183","0.093","0.1","4.6482","2.3622","2.54","0.0285","1.06","0.0302","0.41",,"/design-and-applications/design-tools/inductor-analyzer/?partnumber=MS-018160-8"
"MS-025014-8","MS","MS - Sendust","14","6","0.25","0.11","0.11","6.35","2.794","2.794","0.0476","1.36","0.0642","6.6",,"/design-and-applications/design-tools/inductor-analyzer/?partnumber=MS-025014-8"
"MS-025014-2","MS","MS - Sendust","14","6","0.25","0.11","0.11","6.35","2.794","2.794","0.0476","1.36","0.0642","6.6",,"/design-and-applications/design-tools/inductor-analyzer/?partnumber=MS-025014-2"
"MS-025026-2","MS","MS - Sendust","26","10","0.25","0.11","0.11","6.35","2.794","2.794","0.0476","1.36","0.0642","3.1",,"/design-and-applications/design-tools/inductor-analyzer/?partnumber=MS-025026-2"
"MS-025026-8","MS","MS - Sendust","26","10","0.25","0.11","0.11","6.35","2.794","2.794","0.0476","1.36","0.0642","3.1",,"/design-and-applications/design-tools/inductor-analyzer/?partnumber=MS-025026-8"
"MS-025040-8","MS","MS - Sendust","40","16","0.25","0.11","0.11","6.35","2.794","2.794","0.0476","1.36","0.0642","1.7",,"/design-and-applications/design-tools/inductor-analyzer/?partnumber=MS-025040-8"
"MS-025040-2","MS","MS - Sendust","40","16","0.25","0.11","0.11","6.35","2.794","2.794","0.0476","1.36","0.0642","1.7",,"/design-and-applications/design-tools/inductor-analyzer/?partnumber=MS-025040-2"
"MS-025060-8","MS","MS - Sendust","60","24","0.25","0.11","0.11","6.35","2.794","2.794","0.0476","1.36","0.0642","1.4","350","/design-and-applications/design-tools/inductor-analyzer/?partnumber=MS-025060-8"
"MS-025060-2","MS","MS - Sendust","60","24","0.25","0.11","0.11","6.35","2.794","2.794","0.0476","1.36","0.0642","1.4",,"/design-and-applications/design-tools/inductor-analyzer/?partnumber=MS-025060-2"
"MS-025075-2","MS","MS - Sendust","75","30","0.25","0.11","0.11","6.35","2.794","2.794","0.0476","1.36","0.0642","1.1",,"/design-and-applications/design-tools/inductor-analyzer/?partnumber=MS-025075-2"
"MS-025075-8","MS","MS - Sendust","75","30","0.25","0.11","0.11","6.35","2.794","2.794","0.0476","1.36","0.0642","1.1",,"/design-and-applications/design-tools/inductor-analyzer/?partnumber=MS-025075-8"
"MS-025090-8","MS","MS - Sendust","90","36","0.25","0.11","0.11","6.35","2.794","2.794","0.0476","1.36","0.0642","0.88","20409","/design-and-applications/design-tools/inductor-analyzer/?partnumber=MS-025090-8"
"MS-025090-2","MS","MS - Sendust","90","36","0.25","0.11","0.11","6.35","2.794","2.794","0.0476","1.36","0.0642","0.88",,"/design-and-applications/design-tools/inductor-analyzer/?partnumber=MS-025090-2"
"MS-025125-8","MS","MS - Sendust","125","52","0.25","0.11","0.11","6.35","2.794","2.794","0.0476","1.36","0.0642","0.54","9473","/design-and-applications/design-tools/inductor-analyzer/?partnumber=MS-025125-8"
"MS-025125-2","MS","MS - Sendust","125","52","0.25","0.11","0.11","6.35","2.794","2.794","0.0476","1.36","0.0642","0.54",,"/design-and-applications/design-tools/inductor-analyzer/?partnumber=MS-025125-2"
"MS-025147-2","MS","MS - Sendust","147","58","0.25","0.11","0.11","6.35","2.794","2.794","0.0476","1.36","0.0642","0.45",,"/design-and-applications/design-tools/inductor-analyzer/?partnumber=MS-025147-2"
"MS-025147-8","MS","MS - Sendust","147","58","0.25","0.11","0.11","6.35","2.794","2.794","0.0476","1.36","0.0642","0.45","0","/design-and-applications/design-tools/inductor-analyzer/?partnumber=MS-025147-8"
"MS-025160-8","MS","MS - Sendust","160","64","0.25","0.11","0.11","6.35","2.794","2.794","0.0476","1.36","0.0642","0.41","0","/design-and-applications/design-tools/inductor-analyzer/?partnumber=MS-025160-8"
"MS-025160-2","MS","MS - Sendust","160","64","0.25","0.11","0.11","6.35","2.794","2.794","0.0476","1.36","0.0642","0.41",,"/design-and-applications/design-tools/inductor-analyzer/?partnumber=MS-025160-2"
"MS-027014-8","MS","MS - Sendust","14","6.05","0.26","0.105","0.1","6.604","2.667","2.54","0.0467","1.36","0.064","6.6",,"/design-and-applications/design-tools/inductor-analyzer/?partnumber=MS-027014-8"
"MS-027014-2","MS","MS - Sendust","14","6.05","0.26","0.105","0.1","6.604","2.667","2.54","0.0467","1.36","0.064","6.6",,"/design-and-applications/design-tools/inductor-analyzer/?partnumber=MS-027014-2"
"MS-027026-2","MS","MS - Sendust","26","11","0.26","0.105","0.1","6.604","2.667","2.54","0.0467","1.36","0.064","3.1",,"/design-and-applications/design-tools/inductor-analyzer/?partnumber=MS-027026-2"
"MS-027026-8","MS","MS - Sendust","26","11","0.26","0.105","0.1","6.604","2.667","2.54","0.0467","1.36","0.064","3.1",,"/design-and-applications/design-tools/inductor-analyzer/?partnumber=MS-027026-8"
"MS-027040-8","MS","MS - Sendust","40","17","0.26","0.105","0.1","6.604","2.667","2.54","0.0467","1.36","0.064","1.7",,"/design-and-applications/design-tools/inductor-analyzer/?partnumber=MS-027040-8"
"MS-027040-2","MS","MS - Sendust","40","17","0.26","0.105","0.1","6.604","2.667","2.54","0.0467","1.36","0.064","1.7",,"/design-and-applications/design-tools/inductor-analyzer/?partnumber=MS-027040-2"
"MS-027060-8","MS","MS - Sendust","60","26","0.26","0.105","0.1","6.604","2.667","2.54","0.0467","1.36","0.064","1.4",,"/design-and-applications/design-tools/inductor-analyzer/?partnumber=MS-027060-8"
"MS-027060-2","MS","MS - Sendust","60","26","0.26","0.105","0.1","6.604","2.667","2.54","0.0467","1.36","0.064","1.4",,"/design-and-applications/design-tools/inductor-analyzer/?partnumber=MS-027060-2"
"MS-027075-2","MS","MS - Sendust","75","32","0.26","0.105","0.1","6.604","2.667","2.54","0.0467","1.36","0.064","1.1",,"/design-and-applications/design-tools/inductor-analyzer/?partnumber=MS-027075-2"
"MS-027075-8","MS","MS - Sendust","75","32","0.26","0.105","0.1","6.604","2.667","2.54","0.0467","1.36","0.064","1.1",,"/design-and-applications/design-tools/inductor-analyzer/?partnumber=MS-027075-8"
"MS-027090-8","MS","MS - Sendust","90","39","0.26","0.105","0.1","6.604","2.667","2.54","0.0467","1.36","0.064","0.88",,"/design-and-applications/design-tools/inductor-analyzer/?partnumber=MS-027090-8"
"MS-027090-2","MS","MS - Sendust","90","39","0.26","0.105","0.1","6.604","2.667","2.54","0.0467","1.36","0.064","0.88",,"/design-and-applications/design-tools/inductor-analyzer/?partnumber=MS-027090-2"
"MS-027125-8","MS","MS - Sendust","125","54","0.26","0.105","0.1","6.604","2.667","2.54","0.0467","1.36","0.064","0.54","2262","/design-and-applications/design-tools/inductor-analyzer/?partnumber=MS-027125-8"
"MS-027125-2","MS","MS - Sendust","125","54","0.26","0.105","0.1","6.604","2.667","2.54","0.0467","1.36","0.064","0.54",,"/design-and-applications/design-tools/inductor-analyzer/?partnumber=MS-027125-2"
"MS-027147-2","MS","MS - Sendust","147","64","0.26","0.105","0.1","6.604","2.667","2.54","0.0467","1.36","0.064","0.45",,"/design-and-applications/design-tools/inductor-analyzer/?partnumber=MS-027147-2"
"MS-027147-8","MS","MS - Sendust","147","64","0.26","0.105","0.1","6.604","2.667","2.54","0.0467","1.36","0.064","0.45",,"/design-and-applications/design-tools/inductor-analyzer/?partnumber=MS-027147-8"
"MS-027160-8","MS","MS - Sendust","160","69","0.26","0.105","0.1","6.604","2.667","2.54","0.0467","1.36","0.064","0.41","591","/design-and-applications/design-tools/inductor-analyzer/?partnumber=MS-027160-8"
"MS-027160-2","MS","MS - Sendust","160","69","0.26","0.105","0.1","6.604","2.667","2.54","0.0467","1.36","0.064","0.41",,"/design-and-applications/design-tools/inductor-analyzer/?partnumber=MS-027160-2"
"MS-026014-8","MS","MS - Sendust","14","12","0.26","0.105","0.188","6.604","2.667","4.7752","0.092","1.36","0.125","6.6","0","/design-and-applications/design-tools/inductor-analyzer/?partnumber=MS-026014-8"
"MS-026014-2","MS","MS - Sendust","14","12","0.26","0.105","0.188","6.604","2.667","4.7752","0.092","1.36","0.125","6.6",,"/design-and-applications/design-tools/inductor-analyzer/?partnumber=MS-026014-2"
"MS-026026-8","MS","MS - Sendust","26","21","0.26","0.105","0.188","6.604","2.667","4.7752","0.092","1.36","0.125","3.1",,"/design-and-applications/design-tools/inductor-analyzer/?partnumber=MS-026026-8"
"MS-026026-2","MS","MS - Sendust","26","21","0.26","0.105","0.188","6.604","2.667","4.7752","0.092","1.36","0.125","3.1",,"/design-and-applications/design-tools/inductor-analyzer/?partnumber=MS-026026-2"
"MS-026040-2","MS","MS - Sendust","40","33","0.26","0.105","0.188","6.604","2.667","4.7752","0.092","1.36","0.125","1.7",,"/design-and-applications/design-tools/inductor-analyzer/?partnumber=MS-026040-2"
"MS-026040-8","MS","MS - Sendust","40","33","0.26","0.105","0.188","6.604","2.667","4.7752","0.092","1.36","0.125","1.7",,"/design-and-applications/design-tools/inductor-analyzer/?partnumber=MS-026040-8"
"MS-026060-8","MS","MS - Sendust","60","50","0.26","0.105","0.188","6.604","2.667","4.7752","0.092","1.36","0.125","1.4","0","/design-and-applications/design-tools/inductor-analyzer/?partnumber=MS-026060-8"
"MS-026060-2","MS","MS - Sendust","60","50","0.26","0.105","0.188","6.604","2.667","4.7752","0.092","1.36","0.125","1.4",,"/design-and-applications/design-tools/inductor-analyzer/?partnumber=MS-026060-2"
"MS-026075-8","MS","MS - Sendust","75","62","0.26","0.105","0.188","6.604","2.667","4.7752","0.092","1.36","0.125","1.1",,"/design-and-applications/design-tools/inductor-analyzer/?partnumber=MS-026075-8"
"MS-026075-2","MS","MS - Sendust","75","62","0.26","0.105","0.188","6.604","2.667","4.7752","0.092","1.36","0.125","1.1",,"/design-and-applications/design-tools/inductor-analyzer/?partnumber=MS-026075-2"
"MS-026090-2","MS","MS - Sendust","90","74","0.26","0.105","0.188","6.604","2.667","4.7752","0.092","1.36","0.125","0.88",,"/design-and-applications/design-tools/inductor-analyzer/?partnumber=MS-026090-2"
"MS-026090-8","MS","MS - Sendust","90","74","0.26","0.105","0.188","6.604","2.667","4.7752","0.092","1.36","0.125","0.88",,"/design-and-applications/design-tools/inductor-analyzer/?partnumber=MS-026090-8"
"MS-026125-2","MS","MS - Sendust","125","103","0.26","0.105","0.188","6.604","2.667","4.7752","0.092","1.36","0.125","0.54",,"/design-and-applications/design-tools/inductor-analyzer/?partnumber=MS-026125-2"
"MS-026125-8","MS","MS - Sendust","125","103","0.26","0.105","0.188","6.604","2.667","4.7752","0.092","1.36","0.125","0.54",,"/design-and-applications/design-tools/inductor-analyzer/?partnumber=MS-026125-8"
"MS-026147-2","MS","MS - Sendust","147","122","0.26","0.105","0.188","6.604","2.667","4.7752","0.092","1.36","0.125","0.45",,"/design-and-applications/design-tools/inductor-analyzer/?partnumber=MS-026147-2"
"MS-026147-8","MS","MS - Sendust","147","122","0.26","0.105","0.188","6.604","2.667","4.7752","0.092","1.36","0.125","0.45","0","/design-and-applications/design-tools/inductor-analyzer/?partnumber=MS-026147-8"
"MS-026160-8","MS","MS - Sendust","160","132","0.26","0.105","0.188","6.604","2.667","4.7752","0.092","1.36","0.125","0.41","896","/design-and-applications/design-tools/inductor-analyzer/?partnumber=MS-026160-8"
"MS-026160-2","MS","MS - Sendust","160","132","0.26","0.105","0.188","6.604","2.667","4.7752","0.092","1.36","0.125","0.41",,"/design-and-applications/design-tools/inductor-analyzer/?partnumber=MS-026160-2"
"MS-028014-8","MS","MS - Sendust","14","8","0.277","0.156","0.2","7.0358","3.9624","5.08","0.075","1.68","0.126","6.6",,"/design-and-applications/design-tools/inductor-analyzer/?partnumber=MS-028014-8"
"MS-028014-2","MS","MS - Sendust","14","8","0.277","0.156","0.2","7.0358","3.9624","5.08","0.075","1.68","0.126","6.6",,"/design-and-applications/design-tools/inductor-analyzer/?partnumber=MS-028014-2"
"MS-028026-8","MS","MS - Sendust","26","14","0.277","0.156","0.2","7.0358","3.9624","5.08","0.075","1.68","0.126","3.1",,"/design-and-applications/design-tools/inductor-analyzer/?partnumber=MS-028026-8"
"MS-028026-2","MS","MS - Sendust","26","14","0.277","0.156","0.2","7.0358","3.9624","5.08","0.075","1.68","0.126","3.1",,"/design-and-applications/design-tools/inductor-analyzer/?partnumber=MS-028026-2"
"MS-028040-2","MS","MS - Sendust","40","22","0.277","0.156","0.2","7.0358","3.9624","5.08","0.075","1.68","0.126","1.7",,"/design-and-applications/design-tools/inductor-analyzer/?partnumber=MS-028040-2"
"MS-028040-8","MS","MS - Sendust","40","22","0.277","0.156","0.2","7.0358","3.9624","5.08","0.075","1.68","0.126","1.7",,"/design-and-applications/design-tools/inductor-analyzer/?partnumber=MS-028040-8"
"MS-028060-8","MS","MS - Sendust","60","33","0.277","0.156","0.2","7.0358","3.9624","5.08","0.075","1.68","0.126","1.4","0","/design-and-applications/design-tools/inductor-analyzer/?partnumber=MS-028060-8"
"MS-028060-2","MS","MS - Sendust","60","33","0.277","0.156","0.2","7.0358","3.9624","5.08","0.075","1.68","0.126","1.4",,"/design-and-applications/design-tools/inductor-analyzer/?partnumber=MS-028060-2"
"MS-028075-8","MS","MS - Sendust","75","42","0.277","0.156","0.2","7.0358","3.9624","5.08","0.075","1.68","0.126","1.1",,"/design-and-applications/design-tools/inductor-analyzer/?partnumber=MS-028075-8"
"MS-028075-2","MS","MS - Sendust","75","42","0.277","0.156","0.2","7.0358","3.9624","5.08","0.075","1.68","0.126","1.1",,"/design-and-applications/design-tools/inductor-analyzer/?partnumber=MS-028075-2"
"MS-028090-2","MS","MS - Sendust","90","50","0.277","0.156","0.2","7.0358","3.9624","5.08","0.075","1.68","0.126","0.88",,"/design-and-applications/design-tools/inductor-analyzer/?partnumber=MS-028090-2"
"MS-028090-8","MS","MS - Sendust","90","50","0.277","0.156","0.2","7.0358","3.9624","5.08","0.075","1.68","0.126","0.88",,"/design-and-applications/design-tools/inductor-analyzer/?partnumber=MS-028090-8"
"MS-028125-8","MS","MS - Sendust","125","70","0.277","0.156","0.2","7.0358","3.9624","5.08","0.075","1.68","0.126","0.54",,"/design-and-applications/design-tools/inductor-analyzer/?partnumber=MS-028125-8"
"MS-028125-2","MS","MS - Sendust","125","70","0.277","0.156","0.2","7.0358","3.9624","5.08","0.075","1.68","0.126","0.54",,"/design-and-applications/design-tools/inductor-analyzer/?partnumber=MS-028125-2"
"MS-028147-8","MS","MS - Sendust","147","81","0.277","0.156","0.2","7.0358","3.9624","5.08","0.075","1.68","0.126","0.45",,"/design-and-applications/design-tools/inductor-analyzer/?partnumber=MS-028147-8"
"MS-028147-2","MS","MS - Sendust","147","81","0.277","0.156","0.2","7.0358","3.9624","5.08","0.075","1.68","0.126","0.45",,"/design-and-applications/design-tools/inductor-analyzer/?partnumber=MS-028147-2"
"MS-028160-2","MS","MS - Sendust","160","89","0.277","0.156","0.2","7.0358","3.9624","5.08","0.075","1.68","0.126","0.41",,"/design-and-applications/design-tools/inductor-analyzer/?partnumber=MS-028160-2"
"MS-028160-8","MS","MS - Sendust","160","89","0.277","0.156","0.2","7.0358","3.9624","5.08","0.075","1.68","0.126","0.41","233","/design-and-applications/design-tools/inductor-analyzer/?partnumber=MS-028160-8"
"MS-031014-8","MS","MS - Sendust","14","6","0.31","0.156","0.125","7.874","3.9624","3.175","0.0615","1.79","0.11","6.6",,"/design-and-applications/design-tools/inductor-analyzer/?partnumber=MS-031014-8"
"MS-031014-2","MS","MS - Sendust","14","6","0.31","0.156","0.125","7.874","3.9624","3.175","0.0615","1.79","0.11","6.6",,"/design-and-applications/design-tools/inductor-analyzer/?partnumber=MS-031014-2"
"MS-031026-8","MS","MS - Sendust","26","14","0.31","0.156","0.125","7.874","3.9624","3.175","0.0615","1.79","0.11","3.1","175","/design-and-applications/design-tools/inductor-analyzer/?partnumber=MS-031026-8"
"MS-031026-2","MS","MS - Sendust","26","14","0.31","0.156","0.125","7.874","3.9624","3.175","0.0615","1.79","0.11","3.1",,"/design-and-applications/design-tools/inductor-analyzer/?partnumber=MS-031026-2"
"MS-031040-2","MS","MS - Sendust","40","17","0.31","0.156","0.125","7.874","3.9624","3.175","0.0615","1.79","0.11","1.7",,"/design-and-applications/design-tools/inductor-analyzer/?partnumber=MS-031040-2"
"MS-031040-8","MS","MS - Sendust","40","17","0.31","0.156","0.125","7.874","3.9624","3.175","0.0615","1.79","0.11","1.7",,"/design-and-applications/design-tools/inductor-analyzer/?partnumber=MS-031040-8"
"MS-031060-8","MS","MS - Sendust","60","25","0.31","0.156","0.125","7.874","3.9624","3.175","0.0615","1.79","0.11","1.4","640","/design-and-applications/design-tools/inductor-analyzer/?partnumber=MS-031060-8"
"MS-031060-2","MS","MS - Sendust","60","25","0.31","0.156","0.125","7.874","3.9624","3.175","0.0615","1.79","0.11","1.4",,"/design-and-applications/design-tools/inductor-analyzer/?partnumber=MS-031060-2"
"MS-031075-8","MS","MS - Sendust","75","31","0.31","0.156","0.125","7.874","3.9624","3.175","0.0615","1.79","0.11","1.1",,"/design-and-applications/design-tools/inductor-analyzer/?partnumber=MS-031075-8"
"MS-031075-2","MS","MS - Sendust","75","31","0.31","0.156","0.125","7.874","3.9624","3.175","0.0615","1.79","0.11","1.1","3054","/design-and-applications/design-tools/inductor-analyzer/?partnumber=MS-031075-2"
"MS-031090-2","MS","MS - Sendust","90","37","0.31","0.156","0.125","7.874","3.9624","3.175","0.0615","1.79","0.11","0.88",,"/design-and-applications/design-tools/inductor-analyzer/?partnumber=MS-031090-2"
"MS-031090-8","MS","MS - Sendust","90","37","0.31","0.156","0.125","7.874","3.9624","3.175","0.0615","1.79","0.11","0.88",,"/design-and-applications/design-tools/inductor-analyzer/?partnumber=MS-031090-8"
"MS-031125-8","MS","MS - Sendust","125","52","0.31","0.156","0.125","7.874","3.9624","3.175","0.0615","1.79","0.11","0.54","11692","/design-and-applications/design-tools/inductor-analyzer/?partnumber=MS-031125-8"
"MS-031125-2","MS","MS - Sendust","125","52","0.31","0.156","0.125","7.874","3.9624","3.175","0.0615","1.79","0.11","0.54","24247","/design-and-applications/design-tools/inductor-analyzer/?partnumber=MS-031125-2"
"MS-031147-8","MS","MS - Sendust","147","62","0.31","0.156","0.125","7.874","3.9624","3.175","0.0615","1.79","0.11","0.45",,"/design-and-applications/design-tools/inductor-analyzer/?partnumber=MS-031147-8"
"MS-031147-2","MS","MS - Sendust","147","62","0.31","0.156","0.125","7.874","3.9624","3.175","0.0615","1.79","0.11","0.45",,"/design-and-applications/design-tools/inductor-analyzer/?partnumber=MS-031147-2"
"MS-031160-8","MS","MS - Sendust","160","66","0.31","0.156","0.125","7.874","3.9624","3.175","0.0615","1.79","0.11","0.41","0","/design-and-applications/design-tools/inductor-analyzer/?partnumber=MS-031160-8"
"MS-031160-2","MS","MS - Sendust","160","66","0.31","0.156","0.125","7.874","3.9624","3.175","0.0615","1.79","0.11","0.41",,"/design-and-applications/design-tools/inductor-analyzer/?partnumber=MS-031160-2"
"MS-039014-8","MS","MS - Sendust","14","6","0.38","0.188","0.125","9.652","4.7752","3.175","0.0752","2.18","0.164","6.6",,"/design-and-applications/design-tools/inductor-analyzer/?partnumber=MS-039014-8"
"MS-039014-2","MS","MS - Sendust","14","6","0.38","0.188","0.125","9.652","4.7752","3.175","0.0752","2.18","0.164","6.6",,"/design-and-applications/design-tools/inductor-analyzer/?partnumber=MS-039014-2"
"MS-039026-8","MS","MS - Sendust","26","11","0.38","0.188","0.125","9.652","4.7752","3.175","0.0752","2.18","0.164","3.1",,"/design-and-applications/design-tools/inductor-analyzer/?partnumber=MS-039026-8"
"MS-039026-2","MS","MS - Sendust","26","11","0.38","0.188","0.125","9.652","4.7752","3.175","0.0752","2.18","0.164","3.1",,"/design-and-applications/design-tools/inductor-analyzer/?partnumber=MS-039026-2"
"MS-039040-2","MS","MS - Sendust","40","17","0.38","0.188","0.125","9.652","4.7752","3.175","0.0752","2.18","0.164","1.7",,"/design-and-applications/design-tools/inductor-analyzer/?partnumber=MS-039040-2"
"MS-039040-8","MS","MS - Sendust","40","17","0.38","0.188","0.125","9.652","4.7752","3.175","0.0752","2.18","0.164","1.7",,"/design-and-applications/design-tools/inductor-analyzer/?partnumber=MS-039040-8"
"MS-039060-8","MS","MS - Sendust","60","25","0.38","0.188","0.125","9.652","4.7752","3.175","0.0752","2.18","0.164","1.4",,"/design-and-applications/design-tools/inductor-analyzer/?partnumber=MS-039060-8"
"MS-039060-2","MS","MS - Sendust","60","25","0.38","0.188","0.125","9.652","4.7752","3.175","0.0752","2.18","0.164","1.4",,"/design-and-applications/design-tools/inductor-analyzer/?partnumber=MS-039060-2"
"MS-039075-8","MS","MS - Sendust","75","32","0.38","0.188","0.125","9.652","4.7752","3.175","0.0752","2.18","0.164","1.1",,"/design-and-applications/design-tools/inductor-analyzer/?partnumber=MS-039075-8"
"MS-039075-2","MS","MS - Sendust","75","32","0.38","0.188","0.125","9.652","4.7752","3.175","0.0752","2.18","0.164","1.1",,"/design-and-applications/design-tools/inductor-analyzer/?partnumber=MS-039075-2"
"MS-039090-8","MS","MS - Sendust","90","38","0.38","0.188","0.125","9.652","4.7752","3.175","0.0752","2.18","0.164","0.88",,"/design-and-applications/design-tools/inductor-analyzer/?partnumber=MS-039090-8"
"MS-039090-2","MS","MS - Sendust","90","38","0.38","0.188","0.125","9.652","4.7752","3.175","0.0752","2.18","0.164","0.88",,"/design-and-applications/design-tools/inductor-analyzer/?partnumber=MS-039090-2"
"MS-039125-2","MS","MS - Sendust","125","53","0.38","0.188","0.125","9.652","4.7752","3.175","0.0752","2.18","0.164","0.54",,"/design-and-applications/design-tools/inductor-analyzer/?partnumber=MS-039125-2"
"MS-039125-8","MS","MS - Sendust","125","53","0.38","0.188","0.125","9.652","4.7752","3.175","0.0752","2.18","0.164","0.54","50","/design-and-applications/design-tools/inductor-analyzer/?partnumber=MS-039125-8"
"MS-039147-8","MS","MS - Sendust","147","63","0.38","0.188","0.125","9.652","4.7752","3.175","0.0752","2.18","0.164","0.45",,"/design-and-applications/design-tools/inductor-analyzer/?partnumber=MS-039147-8"
"MS-039147-2","MS","MS - Sendust","147","63","0.38","0.188","0.125","9.652","4.7752","3.175","0.0752","2.18","0.164","0.45",,"/design-and-applications/design-tools/inductor-analyzer/?partnumber=MS-039147-2"
"MS-039160-8","MS","MS - Sendust","160","68","0.38","0.188","0.125","9.652","4.7752","3.175","0.0752","2.18","0.164","0.41","0","/design-and-applications/design-tools/inductor-analyzer/?partnumber=MS-039160-8"
"MS-039160-2","MS","MS - Sendust","160","68","0.38","0.188","0.125","9.652","4.7752","3.175","0.0752","2.18","0.164","0.41",,"/design-and-applications/design-tools/inductor-analyzer/?partnumber=MS-039160-2"
"MS-038014-8","MS","MS - Sendust","14","7","0.38","0.188","0.156","9.652","4.7752","3.9624","0.0945","2.18","0.206","6.6","0","/design-and-applications/design-tools/inductor-analyzer/?partnumber=MS-038014-8"
"MS-038014-2","MS","MS - Sendust","14","7","0.38","0.188","0.156","9.652","4.7752","3.9624","0.0945","2.18","0.206","6.6",,"/design-and-applications/design-tools/inductor-analyzer/?partnumber=MS-038014-2"
"MS-038026-8","MS","MS - Sendust","26","14","0.38","0.188","0.156","9.652","4.7752","3.9624","0.0945","2.18","0.206","3.1","0","/design-and-applications/design-tools/inductor-analyzer/?partnumber=MS-038026-8"
"MS-038026-2","MS","MS - Sendust","26","14","0.38","0.188","0.156","9.652","4.7752","3.9624","0.0945","2.18","0.206","3.1",,"/design-and-applications/design-tools/inductor-analyzer/?partnumber=MS-038026-2"
"MS-038040-2","MS","MS - Sendust","40","21","0.38","0.188","0.156","9.652","4.7752","3.9624","0.0945","2.18","0.206","1.7",,"/design-and-applications/design-tools/inductor-analyzer/?partnumber=MS-038040-2"
"MS-038040-8","MS","MS - Sendust","40","21","0.38","0.188","0.156","9.652","4.7752","3.9624","0.0945","2.18","0.206","1.7","0","/design-and-applications/design-tools/inductor-analyzer/?partnumber=MS-038040-8"
"MS-038060-8","MS","MS - Sendust","60","32","0.38","0.188","0.156","9.652","4.7752","3.9624","0.0945","2.18","0.206","1.4","0","/design-and-applications/design-tools/inductor-analyzer/?partnumber=MS-038060-8"
"MS-038060-2","MS","MS - Sendust","60","32","0.38","0.188","0.156","9.652","4.7752","3.9624","0.0945","2.18","0.206","1.4",,"/design-and-applications/design-tools/inductor-analyzer/?partnumber=MS-038060-2"
"MS-038075-8","MS","MS - Sendust","75","40","0.38","0.188","0.156","9.652","4.7752","3.9624","0.0945","2.18","0.206","1.1","0","/design-and-applications/design-tools/inductor-analyzer/?partnumber=MS-038075-8"
"MS-038075-2","MS","MS - Sendust","75","40","0.38","0.188","0.156","9.652","4.7752","3.9624","0.0945","2.18","0.206","1.1",,"/design-and-applications/design-tools/inductor-analyzer/?partnumber=MS-038075-2"
"MS-038090-2","MS","MS - Sendust","90","48","0.38","0.188","0.156","9.652","4.7752","3.9624","0.0945","2.18","0.206","0.88",,"/design-and-applications/design-tools/inductor-analyzer/?partnumber=MS-038090-2"
"MS-038090-8","MS","MS - Sendust","90","48","0.38","0.188","0.156","9.652","4.7752","3.9624","0.0945","2.18","0.206","0.88","0","/design-and-applications/design-tools/inductor-analyzer/?partnumber=MS-038090-8"
"MS-038125-8","MS","MS - Sendust","125","66","0.38","0.188","0.156","9.652","4.7752","3.9624","0.0945","2.18","0.206","0.54","43","/design-and-applications/design-tools/inductor-analyzer/?partnumber=MS-038125-8"
"MS-038125-2","MS","MS - Sendust","125","66","0.38","0.188","0.156","9.652","4.7752","3.9624","0.0945","2.18","0.206","0.54",,"/design-and-applications/design-tools/inductor-analyzer/?partnumber=MS-038125-2"
"MS-038147-8","MS","MS - Sendust","147","78","0.38","0.188","0.156","9.652","4.7752","3.9624","0.0945","2.18","0.206","0.45","0","/design-and-applications/design-tools/inductor-analyzer/?partnumber=MS-038147-8"
"MS-038147-2","MS","MS - Sendust","147","78","0.38","0.188","0.156","9.652","4.7752","3.9624","0.0945","2.18","0.206","0.45",,"/design-and-applications/design-tools/inductor-analyzer/?partnumber=MS-038147-2"
"MS-038160-2","MS","MS - Sendust","160","84","0.38","0.188","0.156","9.652","4.7752","3.9624","0.0945","2.18","0.206","0.41",,"/design-and-applications/design-tools/inductor-analyzer/?partnumber=MS-038160-2"
"MS-038160-8","MS","MS - Sendust","160","84","0.38","0.188","0.156","9.652","4.7752","3.9624","0.0945","2.18","0.206","0.41","0","/design-and-applications/design-tools/inductor-analyzer/?partnumber=MS-038160-8"
"MS-040014-2","MS","MS - Sendust","14","7","0.4","0.2","0.156","10.16","5.08","3.9624","0.1","2.38","0.238","6.6",,"/design-and-applications/design-tools/inductor-analyzer/?partnumber=MS-040014-2"
"MS-040026-2","MS","MS - Sendust","26","14","0.4","0.2","0.156","10.16","5.08","3.9624","0.1","2.38","0.238","3.1","4790","/design-and-applications/design-tools/inductor-analyzer/?partnumber=MS-040026-2"
"MS-040040-2","MS","MS - Sendust","40","21","0.4","0.2","0.156","10.16","5.08","3.9624","0.1","2.38","0.238","1.7",,"/design-and-applications/design-tools/inductor-analyzer/?partnumber=MS-040040-2"
"MS-040060-2","MS","MS - Sendust","60","32","0.4","0.2","0.156","10.16","5.08","3.9624","0.1","2.38","0.238","1.4","9990","/design-and-applications/design-tools/inductor-analyzer/?partnumber=MS-040060-2"
"MS-040075-2","MS","MS - Sendust","75","40","0.4","0.2","0.156","10.16","5.08","3.9624","0.1","2.38","0.238","1.1",,"/design-and-applications/design-tools/inductor-analyzer/?partnumber=MS-040075-2"
"MS-040090-2","MS","MS - Sendust","90","48","0.4","0.2","0.156","10.16","5.08","3.9624","0.1","2.38","0.238","0.88",,"/design-and-applications/design-tools/inductor-analyzer/?partnumber=MS-040090-2"
"MS-040125-2","MS","MS - Sendust","125","66","0.4","0.2","0.156","10.16","5.08","3.9624","0.1","2.38","0.238","0.54","523","/design-and-applications/design-tools/inductor-analyzer/?partnumber=MS-040125-2"
"MS-040147-2","MS","MS - Sendust","147","78","0.4","0.2","0.156","10.16","5.08","3.9624","0.1","2.38","0.238","0.45",,"/design-and-applications/design-tools/inductor-analyzer/?partnumber=MS-040147-2"
"MS-040160-2","MS","MS - Sendust","160","84","0.4","0.2","0.156","10.16","5.08","3.9624","0.1","2.38","0.238","0.41","6350","/design-and-applications/design-tools/inductor-analyzer/?partnumber=MS-040160-2"
"MS-044014-2","MS","MS - Sendust","14","6","0.44","0.25","0.156","11.176","6.35","3.9624","0.0906","2.69","0.244","6.6",,"/design-and-applications/design-tools/inductor-analyzer/?partnumber=MS-044014-2"
"MS-044026-2","MS","MS - Sendust","26","11","0.44","0.25","0.156","11.176","6.35","3.9624","0.0906","2.69","0.244","3.1",,"/design-and-applications/design-tools/inductor-analyzer/?partnumber=MS-044026-2"
"MS-044040-2","MS","MS - Sendust","40","17","0.44","0.25","0.156","11.176","6.35","3.9624","0.0906","2.69","0.244","1.7",,"/design-and-applications/design-tools/inductor-analyzer/?partnumber=MS-044040-2"
"MS-044060-2","MS","MS - Sendust","60","26","0.44","0.25","0.156","11.176","6.35","3.9624","0.0906","2.69","0.244","1.4","121","/design-and-applications/design-tools/inductor-analyzer/?partnumber=MS-044060-2"
"MS-044075-2","MS","MS - Sendust","75","32","0.44","0.25","0.156","11.176","6.35","3.9624","0.0906","2.69","0.244","1.1",,"/design-and-applications/design-tools/inductor-analyzer/?partnumber=MS-044075-2"
"MS-044090-2","MS","MS - Sendust","90","38","0.44","0.25","0.156","11.176","6.35","3.9624","0.0906","2.69","0.244","0.88","1435","/design-and-applications/design-tools/inductor-analyzer/?partnumber=MS-044090-2"
"MS-044125-2","MS","MS - Sendust","125","53","0.44","0.25","0.156","11.176","6.35","3.9624","0.0906","2.69","0.244","0.54","5147","/design-and-applications/design-tools/inductor-analyzer/?partnumber=MS-044125-2"
"MS-044147-2","MS","MS - Sendust","147","63","0.44","0.25","0.156","11.176","6.35","3.9624","0.0906","2.69","0.244","0.45",,"/design-and-applications/design-tools/inductor-analyzer/?partnumber=MS-044147-2"
"MS-044160-2","MS","MS - Sendust","160","68","0.44","0.25","0.156","11.176","6.35","3.9624","0.0906","2.69","0.244","0.41",,"/design-and-applications/design-tools/inductor-analyzer/?partnumber=MS-044160-2"
"MS-050014-2","MS","MS - Sendust","14","6.4","0.5","0.3","0.187","12.7","7.62","4.7498","0.114","3.12","0.356","6.6","4542","/design-and-applications/design-tools/inductor-analyzer/?partnumber=MS-050014-2"
"MS-050026-2","MS","MS - Sendust","26","12","0.5","0.3","0.187","12.7","7.62","4.7498","0.114","3.12","0.356","3.1","50","/design-and-applications/design-tools/inductor-analyzer/?partnumber=MS-050026-2"
"MS-050040-2","MS","MS - Sendust","40","18","0.5","0.3","0.187","12.7","7.62","4.7498","0.114","3.12","0.356","1.7",,"/design-and-applications/design-tools/inductor-analyzer/?partnumber=MS-050040-2"
"MS-050060-2","MS","MS - Sendust","60","27","0.5","0.3","0.187","12.7","7.62","4.7498","0.114","3.12","0.356","1.4","2470","/design-and-applications/design-tools/inductor-analyzer/?partnumber=MS-050060-2"
"MS-050075-2","MS","MS - Sendust","75","34","0.5","0.3","0.187","12.7","7.62","4.7498","0.114","3.12","0.356","1.1","1562","/design-and-applications/design-tools/inductor-analyzer/?partnumber=MS-050075-2"
"MS-050090-2","MS","MS - Sendust","90","40","0.5","0.3","0.187","12.7","7.62","4.7498","0.114","3.12","0.356","0.88","1633","/design-and-applications/design-tools/inductor-analyzer/?partnumber=MS-050090-2"
"MS-050125-2","MS","MS - Sendust","125","56","0.5","0.3","0.187","12.7","7.62","4.7498","0.114","3.12","0.356","0.54","6409","/design-and-applications/design-tools/inductor-analyzer/?partnumber=MS-050125-2"
"MS-050147-2","MS","MS - Sendust","147","67","0.5","0.3","0.187","12.7","7.62","4.7498","0.114","3.12","0.356","0.45","545","/design-and-applications/design-tools/inductor-analyzer/?partnumber=MS-050147-2"
"MS-050160-2","MS","MS - Sendust","160","72","0.5","0.3","0.187","12.7","7.62","4.7498","0.114","3.12","0.356","0.41","252","/design-and-applications/design-tools/inductor-analyzer/?partnumber=MS-050160-2"
"MS-050014-2H095","MS","MS - Sendust","14","12.8","0.5","0.3","0.374","12.7","7.62","9.4996","0.228","3.12","0.712","6.6",,"/design-and-applications/design-tools/inductor-analyzer/?partnumber=MS-050014-2H095"
"MS-050026-2H095","MS","MS - Sendust","26","24","0.5","0.3","0.374","12.7","7.62","9.4996","0.228","3.12","0.712","3.1",,"/design-and-applications/design-tools/inductor-analyzer/?partnumber=MS-050026-2H095"
"MS-050040-2H095","MS","MS - Sendust","40","36","0.5","0.3","0.374","12.7","7.62","9.4996","0.228","3.12","0.712","1.7",,"/design-and-applications/design-tools/inductor-analyzer/?partnumber=MS-050040-2H095"
"MS-050060-2H095","MS","MS - Sendust","60","54","0.5","0.3","0.374","12.7","7.62","9.4996","0.228","3.12","0.712","1.4",,"/design-and-applications/design-tools/inductor-analyzer/?partnumber=MS-050060-2H095"
"MS-050075-2H095","MS","MS - Sendust","75","68","0.5","0.3","0.374","12.7","7.62","9.4996","0.228","3.12","0.712","1.1",,"/design-and-applications/design-tools/inductor-analyzer/?partnumber=MS-050075-2H095"
"MS-050090-2H095","MS","MS - Sendust","90","80","0.5","0.3","0.374","12.7","7.62","9.4996","0.228","3.12","0.712","0.88",,"/design-and-applications/design-tools/inductor-analyzer/?partnumber=MS-050090-2H095"
"MS-050125-2H095","MS","MS - Sendust","125","112","0.5","0.3","0.374","12.7","7.62","9.4996","0.228","3.12","0.712","0.54",,"/design-and-applications/design-tools/inductor-analyzer/?partnumber=MS-050125-2H095"
"MS-050147-2H095","MS","MS - Sendust","147","134","0.5","0.3","0.374","12.7","7.62","9.4996","0.228","3.12","0.712","0.45",,"/design-and-applications/design-tools/inductor-analyzer/?partnumber=MS-050147-2H095"
"MS-050160-2H095","MS","MS - Sendust","160","144","0.5","0.3","0.374","12.7","7.62","9.4996","0.228","3.12","0.712","0.41",,"/design-and-applications/design-tools/inductor-analyzer/?partnumber=MS-050160-2H095"
"MS-065014-2","MS","MS - Sendust","14","8","0.655","0.4","0.25","16.637","10.16","6.35","0.192","4.11","0.789","6.6","489","/design-and-applications/design-tools/inductor-analyzer/?partnumber=MS-065014-2"
"MS-065026-2","MS","MS - Sendust","26","15","0.655","0.4","0.25","16.637","10.16","6.35","0.192","4.11","0.789","3.1",,"/design-and-applications/design-tools/inductor-analyzer/?partnumber=MS-065026-2"
"MS-065040-2","MS","MS - Sendust","40","23","0.655","0.4","0.25","16.637","10.16","6.35","0.192","4.11","0.789","1.7",,"/design-and-applications/design-tools/inductor-analyzer/?partnumber=MS-065040-2"
"MS-065060-2","MS","MS - Sendust","60","35","0.655","0.4","0.25","16.637","10.16","6.35","0.192","4.11","0.789","1.4","60","/design-and-applications/design-tools/inductor-analyzer/?partnumber=MS-065060-2"
"MS-065075-2","MS","MS - Sendust","75","43","0.655","0.4","0.25","16.637","10.16","6.35","0.192","4.11","0.789","1.1","9229","/design-and-applications/design-tools/inductor-analyzer/?partnumber=MS-065075-2"
"MS-065090-2","MS","MS - Sendust","90","52","0.655","0.4","0.25","16.637","10.16","6.35","0.192","4.11","0.789","0.88",,"/design-and-applications/design-tools/inductor-analyzer/?partnumber=MS-065090-2"
"MS-065125-2","MS","MS - Sendust","125","72","0.655","0.4","0.25","16.637","10.16","6.35","0.192","4.11","0.789","0.54","0","/design-and-applications/design-tools/inductor-analyzer/?partnumber=MS-065125-2"
"MS-065147-2","MS","MS - Sendust","147","88","0.655","0.4","0.25","16.637","10.16","6.35","0.192","4.11","0.789","0.45",,"/design-and-applications/design-tools/inductor-analyzer/?partnumber=MS-065147-2"
"MS-065160-2","MS","MS - Sendust","160","92","0.655","0.4","0.25","16.637","10.16","6.35","0.192","4.11","0.789","0.41","561","/design-and-applications/design-tools/inductor-analyzer/?partnumber=MS-065160-2"
"MS-068014-2","MS","MS - Sendust","14","10","0.68","0.38","0.25","17.272","9.652","6.35","0.232","4.14","0.96","6.6",,"/design-and-applications/design-tools/inductor-analyzer/?partnumber=MS-068014-2"
"MS-068026-2","MS","MS - Sendust","26","19","0.68","0.38","0.25","17.272","9.652","6.35","0.232","4.14","0.96","3.1",,"/design-and-applications/design-tools/inductor-analyzer/?partnumber=MS-068026-2"
"MS-068040-2","MS","MS - Sendust","40","29","0.68","0.38","0.25","17.272","9.652","6.35","0.232","4.14","0.96","1.7",,"/design-and-applications/design-tools/inductor-analyzer/?partnumber=MS-068040-2"
"MS-068060-2","MS","MS - Sendust","60","43","0.68","0.38","0.25","17.272","9.652","6.35","0.232","4.14","0.96","1.4","11336","/design-and-applications/design-tools/inductor-analyzer/?partnumber=MS-068060-2"
"MS-068075-2","MS","MS - Sendust","75","53","0.68","0.38","0.25","17.272","9.652","6.35","0.232","4.14","0.96","1.1","10032","/design-and-applications/design-tools/inductor-analyzer/?partnumber=MS-068075-2"
"MS-068090-2","MS","MS - Sendust","90","64","0.68","0.38","0.25","17.272","9.652","6.35","0.232","4.14","0.96","0.88","9132","/design-and-applications/design-tools/inductor-analyzer/?partnumber=MS-068090-2"
"MS-068125-2","MS","MS - Sendust","125","89","0.68","0.38","0.25","17.272","9.652","6.35","0.232","4.14","0.96","0.54","616","/design-and-applications/design-tools/inductor-analyzer/?partnumber=MS-068125-2"
"MS-068147-2","MS","MS - Sendust","147","105","0.68","0.38","0.25","17.272","9.652","6.35","0.232","4.14","0.96","0.45","50","/design-and-applications/design-tools/inductor-analyzer/?partnumber=MS-068147-2"
"MS-068160-2","MS","MS - Sendust","160","114","0.68","0.38","0.25","17.272","9.652","6.35","0.232","4.14","0.96","0.41","0","/design-and-applications/design-tools/inductor-analyzer/?partnumber=MS-068160-2"
"MS-068014-2H127","MS","MS - Sendust","14","20","0.68","0.38","0.5","17.272","9.652","12.7","0.464","4.14","1.92","6.6",,"/design-and-applications/design-tools/inductor-analyzer/?partnumber=MS-068014-2H127"
"MS-068026-2H127","MS","MS - Sendust","26","38","0.68","0.38","0.5","17.272","9.652","12.7","0.464","4.14","1.92","3.1",,"/design-and-applications/design-tools/inductor-analyzer/?partnumber=MS-068026-2H127"
"MS-068040-2H127","MS","MS - Sendust","40","58","0.68","0.38","0.5","17.272","9.652","12.7","0.464","4.14","1.92","1.7",,"/design-and-applications/design-tools/inductor-analyzer/?partnumber=MS-068040-2H127"
"MS-068060-2H127","MS","MS - Sendust","60","86","0.68","0.38","0.5","17.272","9.652","12.7","0.464","4.14","1.92","1.4",,"/design-and-applications/design-tools/inductor-analyzer/?partnumber=MS-068060-2H127"
"MS-068075-2H127","MS","MS - Sendust","75","106","0.68","0.38","0.5","17.272","9.652","12.7","0.464","4.14","1.92","1.1",,"/design-and-applications/design-tools/inductor-analyzer/?partnumber=MS-068075-2H127"
"MS-068090-2H127","MS","MS - Sendust","90","128","0.68","0.38","0.5","17.272","9.652","12.7","0.464","4.14","1.92","0.88",,"/design-and-applications/design-tools/inductor-analyzer/?partnumber=MS-068090-2H127"
"MS-068125-2H127","MS","MS - Sendust","125","178","0.68","0.38","0.5","17.272","9.652","12.7","0.464","4.14","1.92","0.54",,"/design-and-applications/design-tools/inductor-analyzer/?partnumber=MS-068125-2H127"
"MS-068147-2H127","MS","MS - Sendust","147","210","0.68","0.38","0.5","17.272","9.652","12.7","0.464","4.14","1.92","0.45",,"/design-and-applications/design-tools/inductor-analyzer/?partnumber=MS-068147-2H127"
"MS-068160-2H127","MS","MS - Sendust","160","228","0.68","0.38","0.5","17.272","9.652","12.7","0.464","4.14","1.92","0.41","420","/design-and-applications/design-tools/inductor-analyzer/?partnumber=MS-068160-2H127"
"MS-080014-2","MS","MS - Sendust","14","7.8","0.8","0.5","0.25","20.32","12.7","6.35","0.226","5.09","1.15","6.6","709","/design-and-applications/design-tools/inductor-analyzer/?partnumber=MS-080014-2"
"MS-080026-2","MS","MS - Sendust","26","14","0.8","0.5","0.25","20.32","12.7","6.35","0.226","5.09","1.15","3.1","1867","/design-and-applications/design-tools/inductor-analyzer/?partnumber=MS-080026-2"
"MS-080040-2","MS","MS - Sendust","40","21","0.8","0.5","0.25","20.32","12.7","6.35","0.226","5.09","1.15","1.7","957","/design-and-applications/design-tools/inductor-analyzer/?partnumber=MS-080040-2"
"MS-080060-2","MS","MS - Sendust","60","32","0.8","0.5","0.25","20.32","12.7","6.35","0.226","5.09","1.15","1.4","1941","/design-and-applications/design-tools/inductor-analyzer/?partnumber=MS-080060-2"
"MS-080075-2","MS","MS - Sendust","75","41","0.8","0.5","0.25","20.32","12.7","6.35","0.226","5.09","1.15","1.1","87","/design-and-applications/design-tools/inductor-analyzer/?partnumber=MS-080075-2"
"MS-080090-2","MS","MS - Sendust","90","49","0.8","0.5","0.25","20.32","12.7","6.35","0.226","5.09","1.15","0.88","61","/design-and-applications/design-tools/inductor-analyzer/?partnumber=MS-080090-2"
"MS-080125-2","MS","MS - Sendust","125","68","0.8","0.5","0.25","20.32","12.7","6.35","0.226","5.09","1.15","0.54","953","/design-and-applications/design-tools/inductor-analyzer/?partnumber=MS-080125-2"
"MS-080147-2","MS","MS - Sendust","147","81","0.8","0.5","0.25","20.32","12.7","6.35","0.226","5.09","1.15","0.45","0","/design-and-applications/design-tools/inductor-analyzer/?partnumber=MS-080147-2"
"MS-080160-2","MS","MS - Sendust","160","87","0.8","0.5","0.25","20.32","12.7","6.35","0.226","5.09","1.15","0.41","0","/design-and-applications/design-tools/inductor-analyzer/?partnumber=MS-080160-2"
"MS-080014-2H127","MS","MS - Sendust","14","15.6","0.8","0.5","0.5","20.32","12.7","12.7","0.452","5.09","2.3","6.6",,"/design-and-applications/design-tools/inductor-analyzer/?partnumber=MS-080014-2H127"
"MS-080026-2H127","MS","MS - Sendust","26","28","0.8","0.5","0.5","20.32","12.7","12.7","0.452","5.09","2.3","3.1",,"/design-and-applications/design-tools/inductor-analyzer/?partnumber=MS-080026-2H127"
"MS-080040-2H127","MS","MS - Sendust","40","42","0.8","0.5","0.5","20.32","12.7","12.7","0.452","5.09","2.3","1.7",,"/design-and-applications/design-tools/inductor-analyzer/?partnumber=MS-080040-2H127"
"MS-080060-2H127","MS","MS - Sendust","60","64","0.8","0.5","0.5","20.32","12.7","12.7","0.452","5.09","2.3","1.4",,"/design-and-applications/design-tools/inductor-analyzer/?partnumber=MS-080060-2H127"
"MS-080075-2H127","MS","MS - Sendust","75","82","0.8","0.5","0.5","20.32","12.7","12.7","0.452","5.09","2.3","1.1","610","/design-and-applications/design-tools/inductor-analyzer/?partnumber=MS-080075-2H127"
"MS-080090-2H127","MS","MS - Sendust","90","98","0.8","0.5","0.5","20.32","12.7","12.7","0.452","5.09","2.3","0.88",,"/design-and-applications/design-tools/inductor-analyzer/?partnumber=MS-080090-2H127"
"MS-080125-2H127","MS","MS - Sendust","125","136","0.8","0.5","0.5","20.32","12.7","12.7","0.452","5.09","2.3","0.54",,"/design-and-applications/design-tools/inductor-analyzer/?partnumber=MS-080125-2H127"
"MS-080147-2H127","MS","MS - Sendust","147","162","0.8","0.5","0.5","20.32","12.7","12.7","0.452","5.09","2.3","0.45",,"/design-and-applications/design-tools/inductor-analyzer/?partnumber=MS-080147-2H127"
"MS-080160-2H127","MS","MS - Sendust","160","174","0.8","0.5","0.5","20.32","12.7","12.7","0.452","5.09","2.3","0.41",,"/design-and-applications/design-tools/inductor-analyzer/?partnumber=MS-080160-2H127"
"MS-090014-2","MS","MS - Sendust","14","9.9","0.9","0.55","0.3","22.86","13.97","7.62","0.331","5.67","1.88","6.6",,"/design-and-applications/design-tools/inductor-analyzer/?partnumber=MS-090014-2"
"MS-090026-2","MS","MS - Sendust","26","19","0.9","0.55","0.3","22.86","13.97","7.62","0.331","5.67","1.88","3.1",,"/design-and-applications/design-tools/inductor-analyzer/?partnumber=MS-090026-2"
"MS-090040-2","MS","MS - Sendust","40","29","0.9","0.55","0.3","22.86","13.97","7.62","0.331","5.67","1.88","1.7",,"/design-and-applications/design-tools/inductor-analyzer/?partnumber=MS-090040-2"
"MS-090060-2","MS","MS - Sendust","60","43","0.9","0.55","0.3","22.86","13.97","7.62","0.331","5.67","1.88","1.4","12930","/design-and-applications/design-tools/inductor-analyzer/?partnumber=MS-090060-2"
"MS-090075-2","MS","MS - Sendust","75","54","0.9","0.55","0.3","22.86","13.97","7.62","0.331","5.67","1.88","1.1","2034","/design-and-applications/design-tools/inductor-analyzer/?partnumber=MS-090075-2"
"MS-090090-2","MS","MS - Sendust","90","65","0.9","0.55","0.3","22.86","13.97","7.62","0.331","5.67","1.88","0.88","799","/design-and-applications/design-tools/inductor-analyzer/?partnumber=MS-090090-2"
"MS-090125-2","MS","MS - Sendust","125","90","0.9","0.55","0.3","22.86","13.97","7.62","0.331","5.67","1.88","0.54","3105","/design-and-applications/design-tools/inductor-analyzer/?partnumber=MS-090125-2"
"MS-090147-2","MS","MS - Sendust","147","106","0.9","0.55","0.3","22.86","13.97","7.62","0.331","5.67","1.88","0.45","47","/design-and-applications/design-tools/inductor-analyzer/?partnumber=MS-090147-2"
"MS-090160-2","MS","MS - Sendust","160","115","0.9","0.55","0.3","22.86","13.97","7.62","0.331","5.67","1.88","0.41","46","/design-and-applications/design-tools/inductor-analyzer/?partnumber=MS-090160-2"
"MS-092014-2","MS","MS - Sendust","14","12","0.928","0.567","0.35","23.5712","14.4018","8.89","0.388","5.88","2.28","6.6","1199","/design-and-applications/design-tools/inductor-analyzer/?partnumber=MS-092014-2"
"MS-092026-2","MS","MS - Sendust","26","22","0.928","0.567","0.35","23.5712","14.4018","8.89","0.388","5.88","2.28","3.1","562","/design-and-applications/design-tools/inductor-analyzer/?partnumber=MS-092026-2"
"MS-092040-2","MS","MS - Sendust","40","34","0.928","0.567","0.35","23.5712","14.4018","8.89","0.388","5.88","2.28","1.7","0","/design-and-applications/design-tools/inductor-analyzer/?partnumber=MS-092040-2"
"MS-092060-2","MS","MS - Sendust","60","51","0.928","0.567","0.35","23.5712","14.4018","8.89","0.388","5.88","2.28","1.4","28697","/design-and-applications/design-tools/inductor-analyzer/?partnumber=MS-092060-2"
"MS-092075-2","MS","MS - Sendust","75","63","0.928","0.567","0.35","23.5712","14.4018","8.89","0.388","5.88","2.28","1.1","100","/design-and-applications/design-tools/inductor-analyzer/?partnumber=MS-092075-2"
"MS-092090-2","MS","MS - Sendust","90","76","0.928","0.567","0.35","23.5712","14.4018","8.89","0.388","5.88","2.28","0.88","111","/design-and-applications/design-tools/inductor-analyzer/?partnumber=MS-092090-2"
"MS-092125-2","MS","MS - Sendust","125","105","0.928","0.567","0.35","23.5712","14.4018","8.89","0.388","5.88","2.28","0.54","0","/design-and-applications/design-tools/inductor-analyzer/?partnumber=MS-092125-2"
"MS-092147-2","MS","MS - Sendust","147","124","0.928","0.567","0.35","23.5712","14.4018","8.89","0.388","5.88","2.28","0.45",,"/design-and-applications/design-tools/inductor-analyzer/?partnumber=MS-092147-2"
"MS-092160-2","MS","MS - Sendust","160","135","0.928","0.567","0.35","23.5712","14.4018","8.89","0.388","5.88","2.28","0.41","408","/design-and-applications/design-tools/inductor-analyzer/?partnumber=MS-092160-2"
"MS-107014-2","MS","MS - Sendust","14","13.8","1.06","0.58","0.34","26.924","14.732","8.636","0.497","6.35","3.16","6.6",,"/design-and-applications/design-tools/inductor-analyzer/?partnumber=MS-107014-2"
"MS-107026-2","MS","MS - Sendust","26","25.5","1.06","0.58","0.34","26.924","14.732","8.636","0.497","6.35","3.16","3.1",,"/design-and-applications/design-tools/inductor-analyzer/?partnumber=MS-107026-2"
"MS-107040-2","MS","MS - Sendust","40","39","1.06","0.58","0.34","26.924","14.732","8.636","0.497","6.35","3.16","1.7",,"/design-and-applications/design-tools/inductor-analyzer/?partnumber=MS-107040-2"
"MS-107060-2","MS","MS - Sendust","60","59","1.06","0.58","0.34","26.924","14.732","8.636","0.497","6.35","3.16","1.4","95","/design-and-applications/design-tools/inductor-analyzer/?partnumber=MS-107060-2"
"MS-107075-2","MS","MS - Sendust","75","73.699997","1.06","0.58","0.34","26.924","14.732","8.636","0.497","6.35","3.16","1.1",,"/design-and-applications/design-tools/inductor-analyzer/?partnumber=MS-107075-2"
"MS-107090-2","MS","MS - Sendust","90","88.400002","1.06","0.58","0.34","26.924","14.732","8.636","0.497","6.35","3.16","0.88",,"/design-and-applications/design-tools/inductor-analyzer/?partnumber=MS-107090-2"
"MS-107125-2","MS","MS - Sendust","125","123","1.06","0.58","0.34","26.924","14.732","8.636","0.497","6.35","3.16","0.54","174","/design-and-applications/design-tools/inductor-analyzer/?partnumber=MS-107125-2"
"MS-107147-2","MS","MS - Sendust","147","145","1.06","0.58","0.34","26.924","14.732","8.636","0.497","6.35","3.16","0.45",,"/design-and-applications/design-tools/inductor-analyzer/?partnumber=MS-107147-2"
"MS-107160-2","MS","MS - Sendust","160","157","1.06","0.58","0.34","26.924","14.732","8.636","0.497","6.35","3.16","0.41",,"/design-and-applications/design-tools/inductor-analyzer/?partnumber=MS-107160-2"
"MS-106014-2","MS","MS - Sendust","14","18","1.06","0.58","0.44","26.924","14.732","11.176","0.654","6.35","4.15","6.6","0","/design-and-applications/design-tools/inductor-analyzer/?partnumber=MS-106014-2"
"MS-106026-2","MS","MS - Sendust","26","32","1.06","0.58","0.44","26.924","14.732","11.176","0.654","6.35","4.15","3.1","213","/design-and-applications/design-tools/inductor-analyzer/?partnumber=MS-106026-2"
"MS-106040-2","MS","MS - Sendust","40","50","1.06","0.58","0.44","26.924","14.732","11.176","0.654","6.35","4.15","1.7",,"/design-and-applications/design-tools/inductor-analyzer/?partnumber=MS-106040-2"
"MS-106060-2","MS","MS - Sendust","60","75","1.06","0.58","0.44","26.924","14.732","11.176","0.654","6.35","4.15","1.4","6292","/design-and-applications/design-tools/inductor-analyzer/?partnumber=MS-106060-2"
"MS-106075-2","MS","MS - Sendust","75","94","1.06","0.58","0.44","26.924","14.732","11.176","0.654","6.35","4.15","1.1","94","/design-and-applications/design-tools/inductor-analyzer/?partnumber=MS-106075-2"
"MS-106090-2","MS","MS - Sendust","90","113","1.06","0.58","0.44","26.924","14.732","11.176","0.654","6.35","4.15","0.88","3659","/design-and-applications/design-tools/inductor-analyzer/?partnumber=MS-106090-2"
"MS-106125-2","MS","MS - Sendust","125","157","1.06","0.58","0.44","26.924","14.732","11.176","0.654","6.35","4.15","0.54","1616","/design-and-applications/design-tools/inductor-analyzer/?partnumber=MS-106125-2"
"MS-106147-2","MS","MS - Sendust","147","185","1.06","0.58","0.44","26.924","14.732","11.176","0.654","6.35","4.15","0.45","50","/design-and-applications/design-tools/inductor-analyzer/?partnumber=MS-106147-2"
"MS-106160-2","MS","MS - Sendust","160","201","1.06","0.58","0.44","26.924","14.732","11.176","0.654","6.35","4.15","0.41","653","/design-and-applications/design-tools/inductor-analyzer/?partnumber=MS-106160-2"
"MS-108014-2","MS","MS - Sendust","14","22","1.06","0.58","0.551","26.924","14.732","13.9954","0.819","6.35","5.2","6.6","0","/design-and-applications/design-tools/inductor-analyzer/?partnumber=MS-108014-2"
"MS-108026-2","MS","MS - Sendust","26","40.700001","1.06","0.58","0.551","26.924","14.732","13.9954","0.819","6.35","5.2","3.1",,"/design-and-applications/design-tools/inductor-analyzer/?partnumber=MS-108026-2"
"MS-108040-2","MS","MS - Sendust","40","62.700001","1.06","0.58","0.551","26.924","14.732","13.9954","0.819","6.35","5.2","1.7",,"/design-and-applications/design-tools/inductor-analyzer/?partnumber=MS-108040-2"
"MS-108060-2","MS","MS - Sendust","60","94","1.06","0.58","0.551","26.924","14.732","13.9954","0.819","6.35","5.2","1.4","756","/design-and-applications/design-tools/inductor-analyzer/?partnumber=MS-108060-2"
"MS-108075-2","MS","MS - Sendust","75","117.5","1.06","0.58","0.551","26.924","14.732","13.9954","0.819","6.35","5.2","1.1",,"/design-and-applications/design-tools/inductor-analyzer/?partnumber=MS-108075-2"
"MS-108090-2","MS","MS - Sendust","90","141","1.06","0.58","0.551","26.924","14.732","13.9954","0.819","6.35","5.2","0.88","90","/design-and-applications/design-tools/inductor-analyzer/?partnumber=MS-108090-2"
"MS-108125-2","MS","MS - Sendust","125","195.800003","1.06","0.58","0.551","26.924","14.732","13.9954","0.819","6.35","5.2","0.54","756","/design-and-applications/design-tools/inductor-analyzer/?partnumber=MS-108125-2"
"MS-108147-2","MS","MS - Sendust","147","230.300003","1.06","0.58","0.551","26.924","14.732","13.9954","0.819","6.35","5.2","0.45",,"/design-and-applications/design-tools/inductor-analyzer/?partnumber=MS-108147-2"
"MS-108160-2","MS","MS - Sendust","160","250.600006","1.06","0.58","0.551","26.924","14.732","13.9954","0.819","6.35","5.2","0.41","1640","/design-and-applications/design-tools/inductor-analyzer/?partnumber=MS-108160-2"
"MS-109014-2","MS","MS - Sendust","14","28","1.06","0.58","0.709","26.924","14.732","18.0086","1.01","6.35","6.43","6.6","0","/design-and-applications/design-tools/inductor-analyzer/?partnumber=MS-109014-2"
"MS-109026-2","MS","MS - Sendust","26","52","1.06","0.58","0.709","26.924","14.732","18.0086","1.01","6.35","6.43","3.1","258","/design-and-applications/design-tools/inductor-analyzer/?partnumber=MS-109026-2"
"MS-109040-2","MS","MS - Sendust","40","80","1.06","0.58","0.709","26.924","14.732","18.0086","1.01","6.35","6.43","1.7",,"/design-and-applications/design-tools/inductor-analyzer/?partnumber=MS-109040-2"
"MS-109060-2","MS","MS - Sendust","60","120","1.06","0.58","0.709","26.924","14.732","18.0086","1.01","6.35","6.43","1.4","756","/design-and-applications/design-tools/inductor-analyzer/?partnumber=MS-109060-2"
"MS-109075-2","MS","MS - Sendust","75","150","1.06","0.58","0.709","26.924","14.732","18.0086","1.01","6.35","6.43","1.1","242","/design-and-applications/design-tools/inductor-analyzer/?partnumber=MS-109075-2"
"MS-109090-2","MS","MS - Sendust","90","180","1.06","0.58","0.709","26.924","14.732","18.0086","1.01","6.35","6.43","0.88",,"/design-and-applications/design-tools/inductor-analyzer/?partnumber=MS-109090-2"
"MS-109125-2","MS","MS - Sendust","125","250","1.06","0.58","0.709","26.924","14.732","18.0086","1.01","6.35","6.43","0.54","552","/design-and-applications/design-tools/inductor-analyzer/?partnumber=MS-109125-2"
"MS-109147-2","MS","MS - Sendust","147","294","1.06","0.58","0.709","26.924","14.732","18.0086","1.01","6.35","6.43","0.45",,"/design-and-applications/design-tools/inductor-analyzer/?partnumber=MS-109147-2"
"MS-109160-2","MS","MS - Sendust","160","320","1.06","0.58","0.709","26.924","14.732","18.0086","1.01","6.35","6.43","0.41",,"/design-and-applications/design-tools/inductor-analyzer/?partnumber=MS-109160-2"
"MS-131014-2","MS","MS - Sendust","14","11.9","1.3","0.785","0.345","33.02","19.939","8.763","0.551","8.15","4.49","6.6",,"/design-and-applications/design-tools/inductor-analyzer/?partnumber=MS-131014-2"
"MS-131026-2","MS","MS - Sendust","26","22.1","1.3","0.785","0.345","33.02","19.939","8.763","0.551","8.15","4.49","3.1",,"/design-and-applications/design-tools/inductor-analyzer/?partnumber=MS-131026-2"
"MS-131040-2","MS","MS - Sendust","40","34","1.3","0.785","0.345","33.02","19.939","8.763","0.551","8.15","4.49","1.7",,"/design-and-applications/design-tools/inductor-analyzer/?partnumber=MS-131040-2"
"MS-131060-2","MS","MS - Sendust","60","51","1.3","0.785","0.345","33.02","19.939","8.763","0.551","8.15","4.49","1.4",,"/design-and-applications/design-tools/inductor-analyzer/?partnumber=MS-131060-2"
"MS-131075-2","MS","MS - Sendust","75","63.799999","1.3","0.785","0.345","33.02","19.939","8.763","0.551","8.15","4.49","1.1",,"/design-and-applications/design-tools/inductor-analyzer/?partnumber=MS-131075-2"
"MS-131090-2","MS","MS - Sendust","90","76.5","1.3","0.785","0.345","33.02","19.939","8.763","0.551","8.15","4.49","0.88",,"/design-and-applications/design-tools/inductor-analyzer/?partnumber=MS-131090-2"
"MS-131125-2","MS","MS - Sendust","125","109","1.3","0.785","0.345","33.02","19.939","8.763","0.551","8.15","4.49","0.54",,"/design-and-applications/design-tools/inductor-analyzer/?partnumber=MS-131125-2"
"MS-131147-2","MS","MS - Sendust","147","129","1.3","0.785","0.345","33.02","19.939","8.763","0.551","8.15","4.49","0.45",,"/design-and-applications/design-tools/inductor-analyzer/?partnumber=MS-131147-2"
"MS-131160-2","MS","MS - Sendust","160","136","1.3","0.785","0.345","33.02","19.939","8.763","0.551","8.15","4.49","0.41",,"/design-and-applications/design-tools/inductor-analyzer/?partnumber=MS-131160-2"
"MS-130014-2","MS","MS - Sendust","14","14","1.3","0.785","0.42","33.02","19.939","10.668","0.672","8.15","5.48","6.6","412","/design-and-applications/design-tools/inductor-analyzer/?partnumber=MS-130014-2"
"MS-130026-2","MS","MS - Sendust","26","28","1.3","0.785","0.42","33.02","19.939","10.668","0.672","8.15","5.48","3.1","1773","/design-and-applications/design-tools/inductor-analyzer/?partnumber=MS-130026-2"
"MS-130040-2","MS","MS - Sendust","40","41","1.3","0.785","0.42","33.02","19.939","10.668","0.672","8.15","5.48","1.7","0","/design-and-applications/design-tools/inductor-analyzer/?partnumber=MS-130040-2"
"MS-130060-2","MS","MS - Sendust","60","61","1.3","0.785","0.42","33.02","19.939","10.668","0.672","8.15","5.48","1.4","2133","/design-and-applications/design-tools/inductor-analyzer/?partnumber=MS-130060-2"
"MS-130075-2","MS","MS - Sendust","75","76","1.3","0.785","0.42","33.02","19.939","10.668","0.672","8.15","5.48","1.1","116","/design-and-applications/design-tools/inductor-analyzer/?partnumber=MS-130075-2"
"MS-130090-2","MS","MS - Sendust","90","91","1.3","0.785","0.42","33.02","19.939","10.668","0.672","8.15","5.48","0.88","0","/design-and-applications/design-tools/inductor-analyzer/?partnumber=MS-130090-2"
"MS-130125-2","MS","MS - Sendust","125","127","1.3","0.785","0.42","33.02","19.939","10.668","0.672","8.15","5.48","0.54","0","/design-and-applications/design-tools/inductor-analyzer/?partnumber=MS-130125-2"
"MS-130147-2","MS","MS - Sendust","147","150","1.3","0.785","0.42","33.02","19.939","10.668","0.672","8.15","5.48","0.45",,"/design-and-applications/design-tools/inductor-analyzer/?partnumber=MS-130147-2"
"MS-130160-2","MS","MS - Sendust","160","163","1.3","0.785","0.42","33.02","19.939","10.668","0.672","8.15","5.48","0.41",,"/design-and-applications/design-tools/inductor-analyzer/?partnumber=MS-130160-2"
"MS-132014-2","MS","MS - Sendust","14","15","1.3","0.785","0.44","33.02","19.939","11.176","0.6981","8.15","5.69","6.6","159","/design-and-applications/design-tools/inductor-analyzer/?partnumber=MS-132014-2"
"MS-132026-2","MS","MS - Sendust","26","28","1.3","0.785","0.44","33.02","19.939","11.176","0.6981","8.15","5.69","3.1",,"/design-and-applications/design-tools/inductor-analyzer/?partnumber=MS-132026-2"
"MS-132040-2","MS","MS - Sendust","40","43","1.3","0.785","0.44","33.02","19.939","11.176","0.6981","8.15","5.69","1.7",,"/design-and-applications/design-tools/inductor-analyzer/?partnumber=MS-132040-2"
"MS-132060-2","MS","MS - Sendust","60","65","1.3","0.785","0.44","33.02","19.939","11.176","0.6981","8.15","5.69","1.4","0","/design-and-applications/design-tools/inductor-analyzer/?partnumber=MS-132060-2"
"MS-132075-2","MS","MS - Sendust","75","80.800003","1.3","0.785","0.44","33.02","19.939","11.176","0.6981","8.15","5.69","1.1","151","/design-and-applications/design-tools/inductor-analyzer/?partnumber=MS-132075-2"
"MS-132090-2","MS","MS - Sendust","90","96.900002","1.3","0.785","0.44","33.02","19.939","11.176","0.6981","8.15","5.69","0.88","166","/design-and-applications/design-tools/inductor-analyzer/?partnumber=MS-132090-2"
"MS-132125-2","MS","MS - Sendust","125","135","1.3","0.785","0.44","33.02","19.939","11.176","0.6981","8.15","5.69","0.54","653","/design-and-applications/design-tools/inductor-analyzer/?partnumber=MS-132125-2"
"MS-132147-2","MS","MS - Sendust","147","158","1.3","0.785","0.44","33.02","19.939","11.176","0.6981","8.15","5.69","0.45",,"/design-and-applications/design-tools/inductor-analyzer/?partnumber=MS-132147-2"
"MS-132160-2","MS","MS - Sendust","160","172","1.3","0.785","0.44","33.02","19.939","11.176","0.6981","8.15","5.69","0.41",,"/design-and-applications/design-tools/inductor-analyzer/?partnumber=MS-132160-2"
"MS-133014-2","MS","MS - Sendust","14","18.700001","1.3","0.785","0.551","33.02","19.939","13.9954","0.874","8.15","7.12","6.6","0","/design-and-applications/design-tools/inductor-analyzer/?partnumber=MS-133014-2"
"MS-133026-2","MS","MS - Sendust","26","34.700001","1.3","0.785","0.551","33.02","19.939","13.9954","0.874","8.15","7.12","3.1","0","/design-and-applications/design-tools/inductor-analyzer/?partnumber=MS-133026-2"
"MS-133040-2","MS","MS - Sendust","40","53.299999","1.3","0.785","0.551","33.02","19.939","13.9954","0.874","8.15","7.12","1.7",,"/design-and-applications/design-tools/inductor-analyzer/?partnumber=MS-133040-2"
"MS-133060-2","MS","MS - Sendust","60","80","1.3","0.785","0.551","33.02","19.939","13.9954","0.874","8.15","7.12","1.4","1057","/design-and-applications/design-tools/inductor-analyzer/?partnumber=MS-133060-2"
"MS-133075-2","MS","MS - Sendust","75","100","1.3","0.785","0.551","33.02","19.939","13.9954","0.874","8.15","7.12","1.1","259","/design-and-applications/design-tools/inductor-analyzer/?partnumber=MS-133075-2"
"MS-133090-2","MS","MS - Sendust","90","120","1.3","0.785","0.551","33.02","19.939","13.9954","0.874","8.15","7.12","0.88","0","/design-and-applications/design-tools/inductor-analyzer/?partnumber=MS-133090-2"
"MS-133125-2","MS","MS - Sendust","125","166.699997","1.3","0.785","0.551","33.02","19.939","13.9954","0.874","8.15","7.12","0.54","679","/design-and-applications/design-tools/inductor-analyzer/?partnumber=MS-133125-2"
"MS-133147-2","MS","MS - Sendust","147","196","1.3","0.785","0.551","33.02","19.939","13.9954","0.874","8.15","7.12","0.45",,"/design-and-applications/design-tools/inductor-analyzer/?partnumber=MS-133147-2"
"MS-133160-2","MS","MS - Sendust","160","213","1.3","0.785","0.551","33.02","19.939","13.9954","0.874","8.15","7.12","0.41",,"/design-and-applications/design-tools/inductor-analyzer/?partnumber=MS-133160-2"
"MS-134014-2","MS","MS - Sendust","14","23.799999","1.3","0.785","0.709","33.02","19.939","18.0086","1.1","8.15","8.98","6.6",,"/design-and-applications/design-tools/inductor-analyzer/?partnumber=MS-134014-2"
"MS-134026-2","MS","MS - Sendust","26","44","1.3","0.785","0.709","33.02","19.939","18.0086","1.1","8.15","8.98","3.1","68","/design-and-applications/design-tools/inductor-analyzer/?partnumber=MS-134026-2"
"MS-134040-2","MS","MS - Sendust","40","68","1.3","0.785","0.709","33.02","19.939","18.0086","1.1","8.15","8.98","1.7",,"/design-and-applications/design-tools/inductor-analyzer/?partnumber=MS-134040-2"
"MS-134060-2","MS","MS - Sendust","60","102","1.3","0.785","0.709","33.02","19.939","18.0086","1.1","8.15","8.98","1.4","318","/design-and-applications/design-tools/inductor-analyzer/?partnumber=MS-134060-2"
"MS-134075-2","MS","MS - Sendust","75","127.5","1.3","0.785","0.709","33.02","19.939","18.0086","1.1","8.15","8.98","1.1","458","/design-and-applications/design-tools/inductor-analyzer/?partnumber=MS-134075-2"
"MS-134090-2","MS","MS - Sendust","90","153","1.3","0.785","0.709","33.02","19.939","18.0086","1.1","8.15","8.98","0.88",,"/design-and-applications/design-tools/inductor-analyzer/?partnumber=MS-134090-2"
"MS-134125-2","MS","MS - Sendust","125","214","1.3","0.785","0.709","33.02","19.939","18.0086","1.1","8.15","8.98","0.54","0","/design-and-applications/design-tools/inductor-analyzer/?partnumber=MS-134125-2"
"MS-134147-2","MS","MS - Sendust","147","250","1.3","0.785","0.709","33.02","19.939","18.0086","1.1","8.15","8.98","0.45",,"/design-and-applications/design-tools/inductor-analyzer/?partnumber=MS-134147-2"
"MS-134160-2","MS","MS - Sendust","160","272","1.3","0.785","0.709","33.02","19.939","18.0086","1.1","8.15","8.98","0.41",,"/design-and-applications/design-tools/inductor-analyzer/?partnumber=MS-134160-2"
"MS-135014-2","MS","MS - Sendust","14","9","1.35","0.92","0.35","34.29","23.368","8.89","0.454","8.95","4.06","6.6",,"/design-and-applications/design-tools/inductor-analyzer/?partnumber=MS-135014-2"
"MS-135026-2","MS","MS - Sendust","26","16","1.35","0.92","0.35","34.29","23.368","8.89","0.454","8.95","4.06","3.1",,"/design-and-applications/design-tools/inductor-analyzer/?partnumber=MS-135026-2"
"MS-135040-2","MS","MS - Sendust","40","25","1.35","0.92","0.35","34.29","23.368","8.89","0.454","8.95","4.06","1.7",,"/design-and-applications/design-tools/inductor-analyzer/?partnumber=MS-135040-2"
"MS-135060-2","MS","MS - Sendust","60","38","1.35","0.92","0.35","34.29","23.368","8.89","0.454","8.95","4.06","1.4",,"/design-and-applications/design-tools/inductor-analyzer/?partnumber=MS-135060-2"
"MS-135075-2","MS","MS - Sendust","75","47","1.35","0.92","0.35","34.29","23.368","8.89","0.454","8.95","4.06","1.1","89","/design-and-applications/design-tools/inductor-analyzer/?partnumber=MS-135075-2"
"MS-135090-2","MS","MS - Sendust","90","56","1.35","0.92","0.35","34.29","23.368","8.89","0.454","8.95","4.06","0.88","766","/design-and-applications/design-tools/inductor-analyzer/?partnumber=MS-135090-2"
"MS-135125-2","MS","MS - Sendust","125","79","1.35","0.92","0.35","34.29","23.368","8.89","0.454","8.95","4.06","0.54",,"/design-and-applications/design-tools/inductor-analyzer/?partnumber=MS-135125-2"
"MS-135147-2","MS","MS - Sendust","147","93","1.35","0.92","0.35","34.29","23.368","8.89","0.454","8.95","4.06","0.45",,"/design-and-applications/design-tools/inductor-analyzer/?partnumber=MS-135147-2"
"MS-135160-2","MS","MS - Sendust","160","101","1.35","0.92","0.35","34.29","23.368","8.89","0.454","8.95","4.06","0.41",,"/design-and-applications/design-tools/inductor-analyzer/?partnumber=MS-135160-2"
"MS-141014-2","MS","MS - Sendust","14","13","1.41","0.88","0.412","35.814","22.352","10.4648","0.678","8.98","6.09","6.6","92","/design-and-applications/design-tools/inductor-analyzer/?partnumber=MS-141014-2"
"MS-141026-2","MS","MS - Sendust","26","24","1.41","0.88","0.412","35.814","22.352","10.4648","0.678","8.98","6.09","3.1","446","/design-and-applications/design-tools/inductor-analyzer/?partnumber=MS-141026-2"
"MS-141040-2","MS","MS - Sendust","40","37","1.41","0.88","0.412","35.814","22.352","10.4648","0.678","8.98","6.09","1.7",,"/design-and-applications/design-tools/inductor-analyzer/?partnumber=MS-141040-2"
"MS-141060-2","MS","MS - Sendust","60","56","1.41","0.88","0.412","35.814","22.352","10.4648","0.678","8.98","6.09","1.4","1374","/design-and-applications/design-tools/inductor-analyzer/?partnumber=MS-141060-2"
"MS-141075-2","MS","MS - Sendust","75","70","1.41","0.88","0.412","35.814","22.352","10.4648","0.678","8.98","6.09","1.1","252","/design-and-applications/design-tools/inductor-analyzer/?partnumber=MS-141075-2"
"MS-141090-2","MS","MS - Sendust","90","84.300003","1.41","0.88","0.412","35.814","22.352","10.4648","0.678","8.98","6.09","0.88","39","/design-and-applications/design-tools/inductor-analyzer/?partnumber=MS-141090-2"
"MS-141125-2","MS","MS - Sendust","125","117","1.41","0.88","0.412","35.814","22.352","10.4648","0.678","8.98","6.09","0.54","2388","/design-and-applications/design-tools/inductor-analyzer/?partnumber=MS-141125-2"
"MS-141147-2","MS","MS - Sendust","147","138","1.41","0.88","0.412","35.814","22.352","10.4648","0.678","8.98","6.09","0.45",,"/design-and-applications/design-tools/inductor-analyzer/?partnumber=MS-141147-2"
"MS-141160-2","MS","MS - Sendust","160","150","1.41","0.88","0.412","35.814","22.352","10.4648","0.678","8.98","6.09","0.41",,"/design-and-applications/design-tools/inductor-analyzer/?partnumber=MS-141160-2"
"MS-157014-2","MS","MS - Sendust","14","19","1.57","0.95","0.57","39.878","24.13","14.478","1.07","9.85","10.5","6.6","314","/design-and-applications/design-tools/inductor-analyzer/?partnumber=MS-157014-2"
"MS-157026-2","MS","MS - Sendust","26","35","1.57","0.95","0.57","39.878","24.13","14.478","1.07","9.85","10.5","3.1","1150","/design-and-applications/design-tools/inductor-analyzer/?partnumber=MS-157026-2"
"MS-157040-2","MS","MS - Sendust","40","54","1.57","0.95","0.57","39.878","24.13","14.478","1.07","9.85","10.5","1.7",,"/design-and-applications/design-tools/inductor-analyzer/?partnumber=MS-157040-2"
"MS-157060-2","MS","MS - Sendust","60","81","1.57","0.95","0.57","39.878","24.13","14.478","1.07","9.85","10.5","1.4","127","/design-and-applications/design-tools/inductor-analyzer/?partnumber=MS-157060-2"
"MS-157075-2","MS","MS - Sendust","75","101","1.57","0.95","0.57","39.878","24.13","14.478","1.07","9.85","10.5","1.1","0","/design-and-applications/design-tools/inductor-analyzer/?partnumber=MS-157075-2"
"MS-157090-2","MS","MS - Sendust","90","121","1.57","0.95","0.57","39.878","24.13","14.478","1.07","9.85","10.5","0.88","1160","/design-and-applications/design-tools/inductor-analyzer/?partnumber=MS-157090-2"
"MS-157125-2","MS","MS - Sendust","125","168","1.57","0.95","0.57","39.878","24.13","14.478","1.07","9.85","10.5","0.54","0","/design-and-applications/design-tools/inductor-analyzer/?partnumber=MS-157125-2"
"MS-157147-2","MS","MS - Sendust","147","198","1.57","0.95","0.57","39.878","24.13","14.478","1.07","9.85","10.5","0.45",,"/design-and-applications/design-tools/inductor-analyzer/?partnumber=MS-157147-2"
"MS-157160-2","MS","MS - Sendust","160","215","1.57","0.95","0.57","39.878","24.13","14.478","1.07","9.85","10.5","0.41",,"/design-and-applications/design-tools/inductor-analyzer/?partnumber=MS-157160-2"
"MS-159014-2","MS","MS - Sendust","14","29","1.594","0.689","0.531","40.4876","17.5006","13.4874","1.521","9.11","13.9","6.6",,"/design-and-applications/design-tools/inductor-analyzer/?partnumber=MS-159014-2"
"MS-159026-2","MS","MS - Sendust","26","54","1.594","0.689","0.531","40.4876","17.5006","13.4874","1.521","9.11","13.9","3.1",,"/design-and-applications/design-tools/inductor-analyzer/?partnumber=MS-159026-2"
"MS-159040-2","MS","MS - Sendust","40","83","1.594","0.689","0.531","40.4876","17.5006","13.4874","1.521","9.11","13.9","1.7",,"/design-and-applications/design-tools/inductor-analyzer/?partnumber=MS-159040-2"
"MS-159060-2","MS","MS - Sendust","60","125","1.594","0.689","0.531","40.4876","17.5006","13.4874","1.521","9.11","13.9","1.4",,"/design-and-applications/design-tools/inductor-analyzer/?partnumber=MS-159060-2"
"MS-159075-2","MS","MS - Sendust","75","157","1.594","0.689","0.531","40.4876","17.5006","13.4874","1.521","9.11","13.9","1.1",,"/design-and-applications/design-tools/inductor-analyzer/?partnumber=MS-159075-2"
"MS-159090-2","MS","MS - Sendust","90","188","1.594","0.689","0.531","40.4876","17.5006","13.4874","1.521","9.11","13.9","0.88",,"/design-and-applications/design-tools/inductor-analyzer/?partnumber=MS-159090-2"
"MS-159125-2","MS","MS - Sendust","125","262","1.594","0.689","0.531","40.4876","17.5006","13.4874","1.521","9.11","13.9","0.54",,"/design-and-applications/design-tools/inductor-analyzer/?partnumber=MS-159125-2"
"MS-159147-2","MS","MS - Sendust","147","308","1.594","0.689","0.531","40.4876","17.5006","13.4874","1.521","9.11","13.9","0.45",,"/design-and-applications/design-tools/inductor-analyzer/?partnumber=MS-159147-2"
"MS-159160-2","MS","MS - Sendust","160","335","1.594","0.689","0.531","40.4876","17.5006","13.4874","1.521","9.11","13.9","0.41",,"/design-and-applications/design-tools/inductor-analyzer/?partnumber=MS-159160-2"
"MS-170014-2","MS","MS - Sendust","14","31.5","1.701","0.732","0.571","43.2054","18.5928","14.5034","1.74","9.71","16.9","6.6",,"/design-and-applications/design-tools/inductor-analyzer/?partnumber=MS-170014-2"
"MS-170026-2","MS","MS - Sendust","26","58","1.701","0.732","0.571","43.2054","18.5928","14.5034","1.74","9.71","16.9","3.1",,"/design-and-applications/design-tools/inductor-analyzer/?partnumber=MS-170026-2"
"MS-170040-2","MS","MS - Sendust","40","90","1.701","0.732","0.571","43.2054","18.5928","14.5034","1.74","9.71","16.9","1.7",,"/design-and-applications/design-tools/inductor-analyzer/?partnumber=MS-170040-2"
"MS-170060-2","MS","MS - Sendust","60","135","1.701","0.732","0.571","43.2054","18.5928","14.5034","1.74","9.71","16.9","1.4",,"/design-and-applications/design-tools/inductor-analyzer/?partnumber=MS-170060-2"
"MS-170075-2","MS","MS - Sendust","75","169","1.701","0.732","0.571","43.2054","18.5928","14.5034","1.74","9.71","16.9","1.1",,"/design-and-applications/design-tools/inductor-analyzer/?partnumber=MS-170075-2"
"MS-170090-2","MS","MS - Sendust","90","203","1.701","0.732","0.571","43.2054","18.5928","14.5034","1.74","9.71","16.9","0.88",,"/design-and-applications/design-tools/inductor-analyzer/?partnumber=MS-170090-2"
"MS-170125-2","MS","MS - Sendust","125","281","1.701","0.732","0.571","43.2054","18.5928","14.5034","1.74","9.71","16.9","0.54",,"/design-and-applications/design-tools/inductor-analyzer/?partnumber=MS-170125-2"
"MS-170147-2","MS","MS - Sendust","147","331","1.701","0.732","0.571","43.2054","18.5928","14.5034","1.74","9.71","16.9","0.45",,"/design-and-applications/design-tools/inductor-analyzer/?partnumber=MS-170147-2"
"MS-170160-2","MS","MS - Sendust","160","360","1.701","0.732","0.571","43.2054","18.5928","14.5034","1.74","9.71","16.9","0.41",,"/design-and-applications/design-tools/inductor-analyzer/?partnumber=MS-170160-2"
"MS-171014-2","MS","MS - Sendust","14","21","1.709","1.039","0.638","43.4086","26.3906","16.2052","1.308","10.7","14","6.6",,"/design-and-applications/design-tools/inductor-analyzer/?partnumber=MS-171014-2"
"MS-171026-2","MS","MS - Sendust","26","40","1.709","1.039","0.638","43.4086","26.3906","16.2052","1.308","10.7","14","3.1",,"/design-and-applications/design-tools/inductor-analyzer/?partnumber=MS-171026-2"
"MS-171040-2","MS","MS - Sendust","40","61","1.709","1.039","0.638","43.4086","26.3906","16.2052","1.308","10.7","14","1.7",,"/design-and-applications/design-tools/inductor-analyzer/?partnumber=MS-171040-2"
"MS-171060-2","MS","MS - Sendust","60","92","1.709","1.039","0.638","43.4086","26.3906","16.2052","1.308","10.7","14","1.4",,"/design-and-applications/design-tools/inductor-analyzer/?partnumber=MS-171060-2"
"MS-171075-2","MS","MS - Sendust","75","115","1.709","1.039","0.638","43.4086","26.3906","16.2052","1.308","10.7","14","1.1",,"/design-and-applications/design-tools/inductor-analyzer/?partnumber=MS-171075-2"
"MS-171090-2","MS","MS - Sendust","90","138","1.709","1.039","0.638","43.4086","26.3906","16.2052","1.308","10.7","14","0.88",,"/design-and-applications/design-tools/inductor-analyzer/?partnumber=MS-171090-2"
"MS-171125-2","MS","MS - Sendust","125","191","1.709","1.039","0.638","43.4086","26.3906","16.2052","1.308","10.7","14","0.54",,"/design-and-applications/design-tools/inductor-analyzer/?partnumber=MS-171125-2"
"MS-171147-2","MS","MS - Sendust","147","225","1.709","1.039","0.638","43.4086","26.3906","16.2052","1.308","10.7","14","0.45",,"/design-and-applications/design-tools/inductor-analyzer/?partnumber=MS-171147-2"
"MS-171160-2","MS","MS - Sendust","160","245","1.709","1.039","0.638","43.4086","26.3906","16.2052","1.308","10.7","14","0.41",,"/design-and-applications/design-tools/inductor-analyzer/?partnumber=MS-171160-2"
"MS-185014-2","MS","MS - Sendust","14","20","1.84","1.13","0.6","46.736","28.702","15.24","1.34","11.6","15.6","6.6","30","/design-and-applications/design-tools/inductor-analyzer/?partnumber=MS-185014-2"
"MS-185026-2","MS","MS - Sendust","26","37","1.84","1.13","0.6","46.736","28.702","15.24","1.34","11.6","15.6","3.1","740","/design-and-applications/design-tools/inductor-analyzer/?partnumber=MS-185026-2"
"MS-185040-2","MS","MS - Sendust","40","57","1.84","1.13","0.6","46.736","28.702","15.24","1.34","11.6","15.6","1.7","260","/design-and-applications/design-tools/inductor-analyzer/?partnumber=MS-185040-2"
"MS-185060-2","MS","MS - Sendust","60","86","1.84","1.13","0.6","46.736","28.702","15.24","1.34","11.6","15.6","1.4","371","/design-and-applications/design-tools/inductor-analyzer/?partnumber=MS-185060-2"
"MS-185075-2","MS","MS - Sendust","75","107","1.84","1.13","0.6","46.736","28.702","15.24","1.34","11.6","15.6","1.1","0","/design-and-applications/design-tools/inductor-analyzer/?partnumber=MS-185075-2"
"MS-185090-2","MS","MS - Sendust","90","128","1.84","1.13","0.6","46.736","28.702","15.24","1.34","11.6","15.6","0.88","309","/design-and-applications/design-tools/inductor-analyzer/?partnumber=MS-185090-2"
"MS-185125-2","MS","MS - Sendust","125","178","1.84","1.13","0.6","46.736","28.702","15.24","1.34","11.6","15.6","0.54","221","/design-and-applications/design-tools/inductor-analyzer/?partnumber=MS-185125-2"
"MS-185147-2","MS","MS - Sendust","147","210","1.84","1.13","0.6","46.736","28.702","15.24","1.34","11.6","15.6","0.45","64","/design-and-applications/design-tools/inductor-analyzer/?partnumber=MS-185147-2"
"MS-185160-2","MS","MS - Sendust","160","228","1.84","1.13","0.6","46.736","28.702","15.24","1.34","11.6","15.6","0.41",,"/design-and-applications/design-tools/inductor-analyzer/?partnumber=MS-185160-2"
"MS-184014-2","MS","MS - Sendust","14","32","1.84","0.95","0.71","46.736","24.13","18.034","1.99","10.7","21.4","6.6","201","/design-and-applications/design-tools/inductor-analyzer/?partnumber=MS-184014-2"
"MS-184026-2","MS","MS - Sendust","26","59","1.84","0.95","0.71","46.736","24.13","18.034","1.99","10.7","21.4","3.1","4681","/design-and-applications/design-tools/inductor-analyzer/?partnumber=MS-184026-2"
"MS-184040-2","MS","MS - Sendust","40","90","1.84","0.95","0.71","46.736","24.13","18.034","1.99","10.7","21.4","1.7","92","/design-and-applications/design-tools/inductor-analyzer/?partnumber=MS-184040-2"
"MS-184060-2","MS","MS - Sendust","60","135","1.84","0.95","0.71","46.736","24.13","18.034","1.99","10.7","21.4","1.4","0","/design-and-applications/design-tools/inductor-analyzer/?partnumber=MS-184060-2"
"MS-184075-2","MS","MS - Sendust","75","169","1.84","0.95","0.71","46.736","24.13","18.034","1.99","10.7","21.4","1.1","0","/design-and-applications/design-tools/inductor-analyzer/?partnumber=MS-184075-2"
"MS-184090-2","MS","MS - Sendust","90","202","1.84","0.95","0.71","46.736","24.13","18.034","1.99","10.7","21.4","0.88","50","/design-and-applications/design-tools/inductor-analyzer/?partnumber=MS-184090-2"
"MS-184125-2","MS","MS - Sendust","125","281","1.84","0.95","0.71","46.736","24.13","18.034","1.99","10.7","21.4","0.54","520","/design-and-applications/design-tools/inductor-analyzer/?partnumber=MS-184125-2"
"MS-184147-2","MS","MS - Sendust","147","330","1.84","0.95","0.71","46.736","24.13","18.034","1.99","10.7","21.4","0.45",,"/design-and-applications/design-tools/inductor-analyzer/?partnumber=MS-184147-2"
"MS-184160-2","MS","MS - Sendust","160","360","1.84","0.95","0.71","46.736","24.13","18.034","1.99","10.7","21.4","0.41","150","/design-and-applications/design-tools/inductor-analyzer/?partnumber=MS-184160-2"
"MS-200014-2","MS","MS - Sendust","14","17","2","1.25","0.53","50.8","31.75","13.462","1.25","12.7","15.9","6.6","154","/design-and-applications/design-tools/inductor-analyzer/?partnumber=MS-200014-2"
"MS-200026-2","MS","MS - Sendust","26","32","2","1.25","0.53","50.8","31.75","13.462","1.25","12.7","15.9","3.1","463","/design-and-applications/design-tools/inductor-analyzer/?partnumber=MS-200026-2"
"MS-200040-2","MS","MS - Sendust","40","49","2","1.25","0.53","50.8","31.75","13.462","1.25","12.7","15.9","1.7","0","/design-and-applications/design-tools/inductor-analyzer/?partnumber=MS-200040-2"
"MS-200060-2","MS","MS - Sendust","60","73","2","1.25","0.53","50.8","31.75","13.462","1.25","12.7","15.9","1.4","494","/design-and-applications/design-tools/inductor-analyzer/?partnumber=MS-200060-2"
"MS-200075-2","MS","MS - Sendust","75","91","2","1.25","0.53","50.8","31.75","13.462","1.25","12.7","15.9","1.1","50","/design-and-applications/design-tools/inductor-analyzer/?partnumber=MS-200075-2"
"MS-200090-2","MS","MS - Sendust","90","109","2","1.25","0.53","50.8","31.75","13.462","1.25","12.7","15.9","0.88","162","/design-and-applications/design-tools/inductor-analyzer/?partnumber=MS-200090-2"
"MS-200125-2","MS","MS - Sendust","125","152","2","1.25","0.53","50.8","31.75","13.462","1.25","12.7","15.9","0.54","0","/design-and-applications/design-tools/inductor-analyzer/?partnumber=MS-200125-2"
"MS-200147-2","MS","MS - Sendust","147","179","2","1.25","0.53","50.8","31.75","13.462","1.25","12.7","15.9","0.45",,"/design-and-applications/design-tools/inductor-analyzer/?partnumber=MS-200147-2"
"MS-200160-2","MS","MS - Sendust","160","195","2","1.25","0.53","50.8","31.75","13.462","1.25","12.7","15.9","0.41",,"/design-and-applications/design-tools/inductor-analyzer/?partnumber=MS-200160-2"
"MS-199014-2","MS","MS - Sendust","14","41","2","0.975","0.82","50.8","24.765","20.828","2.65","11.4","30.2","6.6",,"/design-and-applications/design-tools/inductor-analyzer/?partnumber=MS-199014-2"
"MS-199026-2","MS","MS - Sendust","26","76","2","0.975","0.82","50.8","24.765","20.828","2.65","11.4","30.2","3.1",,"/design-and-applications/design-tools/inductor-analyzer/?partnumber=MS-199026-2"
"MS-199040-2","MS","MS - Sendust","40","117","2","0.975","0.82","50.8","24.765","20.828","2.65","11.4","30.2","1.7",,"/design-and-applications/design-tools/inductor-analyzer/?partnumber=MS-199040-2"
"MS-199060-2","MS","MS - Sendust","60","175","2","0.975","0.82","50.8","24.765","20.828","2.65","11.4","30.2","1.4",,"/design-and-applications/design-tools/inductor-analyzer/?partnumber=MS-199060-2"
"MS-199075-2","MS","MS - Sendust","75","219","2","0.975","0.82","50.8","24.765","20.828","2.65","11.4","30.2","1.1",,"/design-and-applications/design-tools/inductor-analyzer/?partnumber=MS-199075-2"
"MS-199090-2","MS","MS - Sendust","90","263","2","0.975","0.82","50.8","24.765","20.828","2.65","11.4","30.2","0.88",,"/design-and-applications/design-tools/inductor-analyzer/?partnumber=MS-199090-2"
"MS-199125-2","MS","MS - Sendust","125","366","2","0.975","0.82","50.8","24.765","20.828","2.65","11.4","30.2","0.54",,"/design-and-applications/design-tools/inductor-analyzer/?partnumber=MS-199125-2"
"MS-199147-2","MS","MS - Sendust","147","430","2","0.975","0.82","50.8","24.765","20.828","2.65","11.4","30.2","0.45",,"/design-and-applications/design-tools/inductor-analyzer/?partnumber=MS-199147-2"
"MS-199160-2","MS","MS - Sendust","160","468","2","0.975","0.82","50.8","24.765","20.828","2.65","11.4","30.2","0.41",,"/design-and-applications/design-tools/inductor-analyzer/?partnumber=MS-199160-2"
"MS-225014-2","MS","MS - Sendust","14","18","2.25","1.4","0.55","57.15","35.56","13.97","1.44","14.3","20.6","6.6","130","/design-and-applications/design-tools/inductor-analyzer/?partnumber=MS-225014-2"
"MS-225026-2","MS","MS - Sendust","26","33","2.25","1.4","0.55","57.15","35.56","13.97","1.44","14.3","20.6","3.1","417","/design-and-applications/design-tools/inductor-analyzer/?partnumber=MS-225026-2"
"MS-225040-2","MS","MS - Sendust","40","50","2.25","1.4","0.55","57.15","35.56","13.97","1.44","14.3","20.6","1.7","0","/design-and-applications/design-tools/inductor-analyzer/?partnumber=MS-225040-2"
"MS-225060-2","MS","MS - Sendust","60","75","2.25","1.4","0.55","57.15","35.56","13.97","1.44","14.3","20.6","1.4","1447","/design-and-applications/design-tools/inductor-analyzer/?partnumber=MS-225060-2"
"MS-225075-2","MS","MS - Sendust","75","94","2.25","1.4","0.55","57.15","35.56","13.97","1.44","14.3","20.6","1.1","48","/design-and-applications/design-tools/inductor-analyzer/?partnumber=MS-225075-2"
"MS-225090-2","MS","MS - Sendust","90","112","2.25","1.4","0.55","57.15","35.56","13.97","1.44","14.3","20.6","0.88","30","/design-and-applications/design-tools/inductor-analyzer/?partnumber=MS-225090-2"
"MS-225125-2","MS","MS - Sendust","125","156","2.25","1.4","0.55","57.15","35.56","13.97","1.44","14.3","20.6","0.54","743","/design-and-applications/design-tools/inductor-analyzer/?partnumber=MS-225125-2"
"MS-225147-2","MS","MS - Sendust","147","185","2.25","1.4","0.55","57.15","35.56","13.97","1.44","14.3","20.6","0.45",,"/design-and-applications/design-tools/inductor-analyzer/?partnumber=MS-225147-2"
"MS-225160-2","MS","MS - Sendust","160","200","2.25","1.4","0.55","57.15","35.56","13.97","1.44","14.3","20.6","0.41","0","/design-and-applications/design-tools/inductor-analyzer/?partnumber=MS-225160-2"
"MS-226014-2","MS","MS - Sendust","14","32","2.25","1.039","0.6","57.15","26.3906","15.24","2.29","12.5","28.6","6.6","130","/design-and-applications/design-tools/inductor-analyzer/?partnumber=MS-226014-2"
"MS-226026-2","MS","MS - Sendust","26","60","2.25","1.039","0.6","57.15","26.3906","15.24","2.29","12.5","28.6","3.1","1725","/design-and-applications/design-tools/inductor-analyzer/?partnumber=MS-226026-2"
"MS-226040-2","MS","MS - Sendust","40","92","2.25","1.039","0.6","57.15","26.3906","15.24","2.29","12.5","28.6","1.7","0","/design-and-applications/design-tools/inductor-analyzer/?partnumber=MS-226040-2"
"MS-226060-2","MS","MS - Sendust","60","138","2.25","1.039","0.6","57.15","26.3906","15.24","2.29","12.5","28.6","1.4","86","/design-and-applications/design-tools/inductor-analyzer/?partnumber=MS-226060-2"
"MS-226075-2","MS","MS - Sendust","75","172","2.25","1.039","0.6","57.15","26.3906","15.24","2.29","12.5","28.6","1.1","75","/design-and-applications/design-tools/inductor-analyzer/?partnumber=MS-226075-2"
"MS-226090-2","MS","MS - Sendust","90","207","2.25","1.039","0.6","57.15","26.3906","15.24","2.29","12.5","28.6","0.88","0","/design-and-applications/design-tools/inductor-analyzer/?partnumber=MS-226090-2"
"MS-226125-2","MS","MS - Sendust","125","287","2.25","1.039","0.6","57.15","26.3906","15.24","2.29","12.5","28.6","0.54","229","/design-and-applications/design-tools/inductor-analyzer/?partnumber=MS-226125-2"
"MS-226147-2","MS","MS - Sendust","147","338","2.25","1.039","0.6","57.15","26.3906","15.24","2.29","12.5","28.6","0.45",,"/design-and-applications/design-tools/inductor-analyzer/?partnumber=MS-226147-2"
"MS-226160-2","MS","MS - Sendust","160","368","2.25","1.039","0.6","57.15","26.3906","15.24","2.29","12.5","28.6","0.41","0","/design-and-applications/design-tools/inductor-analyzer/?partnumber=MS-226160-2"
"MS-226014-2H305","MS","MS - Sendust","14","64","2.25","1.039","1.2","57.15","26.3906","30.48","4.57","12.5","57.2","6.6","0","/design-and-applications/design-tools/inductor-analyzer/?partnumber=MS-226014-2H305"
"MS-226026-2H305","MS","MS - Sendust","26","120","2.25","1.039","1.2","57.15","26.3906","30.48","4.57","12.5","57.2","3.1","0","/design-and-applications/design-tools/inductor-analyzer/?partnumber=MS-226026-2H305"
"MS-226040-2H305","MS","MS - Sendust","40","184","2.25","1.039","1.2","57.15","26.3906","30.48","4.57","12.5","57.2","1.7","0","/design-and-applications/design-tools/inductor-analyzer/?partnumber=MS-226040-2H305"
"MS-226060-2H305","MS","MS - Sendust","60","276","2.25","1.039","1.2","57.15","26.3906","30.48","4.57","12.5","57.2","1.4","0","/design-and-applications/design-tools/inductor-analyzer/?partnumber=MS-226060-2H305"
"MS-226075-2H305","MS","MS - Sendust","75","344","2.25","1.039","1.2","57.15","26.3906","30.48","4.57","12.5","57.2","1.1","21562","/design-and-applications/design-tools/inductor-analyzer/?partnumber=MS-226075-2H305"
"MS-226090-2H305","MS","MS - Sendust","90","414","2.25","1.039","1.2","57.15","26.3906","30.48","4.57","12.5","57.2","0.88",,"/design-and-applications/design-tools/inductor-analyzer/?partnumber=MS-226090-2H305"
"MS-226125-2H305","MS","MS - Sendust","125","574","2.25","1.039","1.2","57.15","26.3906","30.48","4.57","12.5","57.2","0.54",,"/design-and-applications/design-tools/inductor-analyzer/?partnumber=MS-226125-2H305"
"MS-226147-2H305","MS","MS - Sendust","147","676","2.25","1.039","1.2","57.15","26.3906","30.48","4.57","12.5","57.2","0.45",,"/design-and-applications/design-tools/inductor-analyzer/?partnumber=MS-226147-2H305"
"MS-250014-2","MS","MS - Sendust","14","48","2.5","1.235","0.984","63.5","31.369","24.9936","3.89","14.3","55.8","6.6","1100","/design-and-applications/design-tools/inductor-analyzer/?partnumber=MS-250014-2"
"MS-250026-2","MS","MS - Sendust","26","89","2.5","1.235","0.984","63.5","31.369","24.9936","3.89","14.3","55.8","3.1","0","/design-and-applications/design-tools/inductor-analyzer/?partnumber=MS-250026-2"
"MS-250040-2","MS","MS - Sendust","40","137","2.5","1.235","0.984","63.5","31.369","24.9936","3.89","14.3","55.8","1.7","0","/design-and-applications/design-tools/inductor-analyzer/?partnumber=MS-250040-2"
"MS-250060-2","MS","MS - Sendust","60","206","2.5","1.235","0.984","63.5","31.369","24.9936","3.89","14.3","55.8","1.4","0","/design-and-applications/design-tools/inductor-analyzer/?partnumber=MS-250060-2"
"MS-250075-2","MS","MS - Sendust","75","258","2.5","1.235","0.984","63.5","31.369","24.9936","3.89","14.3","55.8","1.1","123","/design-and-applications/design-tools/inductor-analyzer/?partnumber=MS-250075-2"
"MS-250090-2","MS","MS - Sendust","90","310","2.5","1.235","0.984","63.5","31.369","24.9936","3.89","14.3","55.8","0.88","0","/design-and-applications/design-tools/inductor-analyzer/?partnumber=MS-250090-2"
"MS-250125-2","MS","MS - Sendust","125","430","2.5","1.235","0.984","63.5","31.369","24.9936","3.89","14.3","55.8","0.54","0","/design-and-applications/design-tools/inductor-analyzer/?partnumber=MS-250125-2"
"MS-250147-2","MS","MS - Sendust","147","506","2.5","1.235","0.984","63.5","31.369","24.9936","3.89","14.3","55.8","0.45","0","/design-and-applications/design-tools/inductor-analyzer/?partnumber=MS-250147-2"
"MS-268014-2","MS","MS - Sendust","14","35","2.677","1.417","0.787","67.9958","35.9918","19.9898","3.14","15.8","49.7","6.6",,"/design-and-applications/design-tools/inductor-analyzer/?partnumber=MS-268014-2"
"MS-268026-2","MS","MS - Sendust","26","65","2.677","1.417","0.787","67.9958","35.9918","19.9898","3.14","15.8","49.7","3.1",,"/design-and-applications/design-tools/inductor-analyzer/?partnumber=MS-268026-2"
"MS-268040-2","MS","MS - Sendust","40","100","2.677","1.417","0.787","67.9958","35.9918","19.9898","3.14","15.8","49.7","1.7",,"/design-and-applications/design-tools/inductor-analyzer/?partnumber=MS-268040-2"
"MS-268060-2","MS","MS - Sendust","60","143","2.677","1.417","0.787","67.9958","35.9918","19.9898","3.14","15.8","49.7","1.4","0","/design-and-applications/design-tools/inductor-analyzer/?partnumber=MS-268060-2"
"MS-268075-2","MS","MS - Sendust","75","187","2.677","1.417","0.787","67.9958","35.9918","19.9898","3.14","15.8","49.7","1.1",,"/design-and-applications/design-tools/inductor-analyzer/?partnumber=MS-268075-2"
"MS-268090-2","MS","MS - Sendust","90","225","2.677","1.417","0.787","67.9958","35.9918","19.9898","3.14","15.8","49.7","0.88",,"/design-and-applications/design-tools/inductor-analyzer/?partnumber=MS-268090-2"
"MS-268125-2","MS","MS - Sendust","125","312","2.677","1.417","0.787","67.9958","35.9918","19.9898","3.14","15.8","49.7","0.54",,"/design-and-applications/design-tools/inductor-analyzer/?partnumber=MS-268125-2"
"MS-268147-2","MS","MS - Sendust","147","367","2.677","1.417","0.787","67.9958","35.9918","19.9898","3.14","15.8","49.7","0.45",,"/design-and-applications/design-tools/inductor-analyzer/?partnumber=MS-268147-2"
"MS-292014-2","MS","MS - Sendust","14","48","2.917","1.783","1.378","74.0918","45.2882","35.0012","4.94","18.4","90.9","6.6","0","/design-and-applications/design-tools/inductor-analyzer/?partnumber=MS-292014-2"
"MS-292026-2","MS","MS - Sendust","26","89","2.917","1.783","1.378","74.0918","45.2882","35.0012","4.94","18.4","90.9","3.1","35","/design-and-applications/design-tools/inductor-analyzer/?partnumber=MS-292026-2"
"MS-292040-2","MS","MS - Sendust","40","137","2.917","1.783","1.378","74.0918","45.2882","35.0012","4.94","18.4","90.9","1.7","0","/design-and-applications/design-tools/inductor-analyzer/?partnumber=MS-292040-2"
"MS-292060-2","MS","MS - Sendust","60","206","2.917","1.783","1.378","74.0918","45.2882","35.0012","4.94","18.4","90.9","1.4","4241","/design-and-applications/design-tools/inductor-analyzer/?partnumber=MS-292060-2"
"MS-292075-2","MS","MS - Sendust","75","257","2.917","1.783","1.378","74.0918","45.2882","35.0012","4.94","18.4","90.9","1.1","0","/design-and-applications/design-tools/inductor-analyzer/?partnumber=MS-292075-2"
"MS-292090-2","MS","MS - Sendust","90","309","2.917","1.783","1.378","74.0918","45.2882","35.0012","4.94","18.4","90.9","0.88",,"/design-and-applications/design-tools/inductor-analyzer/?partnumber=MS-292090-2"
"MS-292125-2","MS","MS - Sendust","125","429","2.917","1.783","1.378","74.0918","45.2882","35.0012","4.94","18.4","90.9","0.54","0","/design-and-applications/design-tools/inductor-analyzer/?partnumber=MS-292125-2"
"MS-292147-2","MS","MS - Sendust","147","505","2.917","1.783","1.378","74.0918","45.2882","35.0012","4.94","18.4","90.9","0.45","0","/design-and-applications/design-tools/inductor-analyzer/?partnumber=MS-292147-2"
"MS-300014-2","MS","MS - Sendust","14","16","3.063","1.938","0.5","77.8002","49.2252","12.7","1.77","19.6","34.8","6.6","104","/design-and-applications/design-tools/inductor-analyzer/?partnumber=MS-300014-2"
"MS-300026-2","MS","MS - Sendust","26","30","3.063","1.938","0.5","77.8002","49.2252","12.7","1.77","19.6","34.8","3.1","59","/design-and-applications/design-tools/inductor-analyzer/?partnumber=MS-300026-2"
"MS-300040-2","MS","MS - Sendust","40","45","3.063","1.938","0.5","77.8002","49.2252","12.7","1.77","19.6","34.8","1.7",,"/design-and-applications/design-tools/inductor-analyzer/?partnumber=MS-300040-2"
"MS-300060-2","MS","MS - Sendust","60","68","3.063","1.938","0.5","77.8002","49.2252","12.7","1.77","19.6","34.8","1.4","31","/design-and-applications/design-tools/inductor-analyzer/?partnumber=MS-300060-2"
"MS-300075-2","MS","MS - Sendust","75","85","3.063","1.938","0.5","77.8002","49.2252","12.7","1.77","19.6","34.8","1.1",,"/design-and-applications/design-tools/inductor-analyzer/?partnumber=MS-300075-2"
"MS-300090-2","MS","MS - Sendust","90","102","3.063","1.938","0.5","77.8002","49.2252","12.7","1.77","19.6","34.8","0.88","0","/design-and-applications/design-tools/inductor-analyzer/?partnumber=MS-300090-2"
"MS-300125-2","MS","MS - Sendust","125","142","3.063","1.938","0.5","77.8002","49.2252","12.7","1.77","19.6","34.8","0.54","209","/design-and-applications/design-tools/inductor-analyzer/?partnumber=MS-300125-2"
"MS-300147-2","MS","MS - Sendust","147","167","3.063","1.938","0.5","77.8002","49.2252","12.7","1.77","19.6","34.8","0.45",,"/design-and-applications/design-tools/inductor-analyzer/?partnumber=MS-300147-2"
"MS-301014-2","MS","MS - Sendust","14","19.9","3.063","1.938","0.625","77.8002","49.2252","15.875","2.22","19.6","43.5","6.6","124","/design-and-applications/design-tools/inductor-analyzer/?partnumber=MS-301014-2"
"MS-301026-2","MS","MS - Sendust","26","37","3.063","1.938","0.625","77.8002","49.2252","15.875","2.22","19.6","43.5","3.1","0","/design-and-applications/design-tools/inductor-analyzer/?partnumber=MS-301026-2"
"MS-301040-2","MS","MS - Sendust","40","57","3.063","1.938","0.625","77.8002","49.2252","15.875","2.22","19.6","43.5","1.7",,"/design-and-applications/design-tools/inductor-analyzer/?partnumber=MS-301040-2"
"MS-301060-2","MS","MS - Sendust","60","85","3.063","1.938","0.625","77.8002","49.2252","15.875","2.22","19.6","43.5","1.4","1204","/design-and-applications/design-tools/inductor-analyzer/?partnumber=MS-301060-2"
"MS-301075-2","MS","MS - Sendust","75","107","3.063","1.938","0.625","77.8002","49.2252","15.875","2.22","19.6","43.5","1.1",,"/design-and-applications/design-tools/inductor-analyzer/?partnumber=MS-301075-2"
"MS-301090-2","MS","MS - Sendust","90","128","3.063","1.938","0.625","77.8002","49.2252","15.875","2.22","19.6","43.5","0.88",,"/design-and-applications/design-tools/inductor-analyzer/?partnumber=MS-301090-2"
"MS-301125-2","MS","MS - Sendust","125","178","3.063","1.938","0.625","77.8002","49.2252","15.875","2.22","19.6","43.5","0.54","33","/design-and-applications/design-tools/inductor-analyzer/?partnumber=MS-301125-2"
"MS-301147-2","MS","MS - Sendust","147","209","3.063","1.938","0.625","77.8002","49.2252","15.875","2.22","19.6","43.5","0.45","0","/design-and-applications/design-tools/inductor-analyzer/?partnumber=MS-301147-2"
"MS-306014-2","MS","MS - Sendust","14","47","3.063","1.549","1.018","77.8002","39.3446","25.8572","4.78","17","81.5","6.6",,"/design-and-applications/design-tools/inductor-analyzer/?partnumber=MS-306014-2"
"MS-306026-2","MS","MS - Sendust","26","88","3.063","1.549","1.018","77.8002","39.3446","25.8572","4.78","17","81.5","3.1",,"/design-and-applications/design-tools/inductor-analyzer/?partnumber=MS-306026-2"
"MS-306040-2","MS","MS - Sendust","40","135","3.063","1.549","1.018","77.8002","39.3446","25.8572","4.78","17","81.5","1.7",,"/design-and-applications/design-tools/inductor-analyzer/?partnumber=MS-306040-2"
"MS-306060-2","MS","MS - Sendust","60","205","3.063","1.549","1.018","77.8002","39.3446","25.8572","4.78","17","81.5","1.4","33","/design-and-applications/design-tools/inductor-analyzer/?partnumber=MS-306060-2"
"MS-306075-2","MS","MS - Sendust","75","255","3.063","1.549","1.018","77.8002","39.3446","25.8572","4.78","17","81.5","1.1","0","/design-and-applications/design-tools/inductor-analyzer/?partnumber=MS-306075-2"
"MS-306090-2","MS","MS - Sendust","90","306","3.063","1.549","1.018","77.8002","39.3446","25.8572","4.78","17","81.5","0.88","70","/design-and-applications/design-tools/inductor-analyzer/?partnumber=MS-306090-2"
"MS-306125-2","MS","MS - Sendust","125","425","3.063","1.549","1.018","77.8002","39.3446","25.8572","4.78","17","81.5","0.54",,"/design-and-applications/design-tools/inductor-analyzer/?partnumber=MS-306125-2"
"MS-306147-2","MS","MS - Sendust","147","500","3.063","1.549","1.018","77.8002","39.3446","25.8572","4.78","17","81.5","0.45",,"/design-and-applications/design-tools/inductor-analyzer/?partnumber=MS-306147-2"
"MS-350014-2","MS","MS - Sendust","14","13","3.498","2.599","0.627","88.8492","66.0146","15.9258","1.83","24","43.9","6.6",,"/design-and-applications/design-tools/inductor-analyzer/?partnumber=MS-350014-2"
"MS-350026-2","MS","MS - Sendust","26","24","3.498","2.599","0.627","88.8492","66.0146","15.9258","1.83","24","43.9","3.1",,"/design-and-applications/design-tools/inductor-analyzer/?partnumber=MS-350026-2"
"MS-350040-2","MS","MS - Sendust","40","38","3.498","2.599","0.627","88.8492","66.0146","15.9258","1.83","24","43.9","1.7",,"/design-and-applications/design-tools/inductor-analyzer/?partnumber=MS-350040-2"
"MS-350060-2","MS","MS - Sendust","60","57","3.498","2.599","0.627","88.8492","66.0146","15.9258","1.83","24","43.9","1.4",,"/design-and-applications/design-tools/inductor-analyzer/?partnumber=MS-350060-2"
"MS-350075-2","MS","MS - Sendust","75","72","3.498","2.599","0.627","88.8492","66.0146","15.9258","1.83","24","43.9","1.1",,"/design-and-applications/design-tools/inductor-analyzer/?partnumber=MS-350075-2"
"MS-350090-2","MS","MS - Sendust","90","86","3.498","2.599","0.627","88.8492","66.0146","15.9258","1.83","24","43.9","0.88",,"/design-and-applications/design-tools/inductor-analyzer/?partnumber=MS-350090-2"
"MS-350125-2","MS","MS - Sendust","125","120","3.498","2.599","0.627","88.8492","66.0146","15.9258","1.83","24","43.9","0.54",,"/design-and-applications/design-tools/inductor-analyzer/?partnumber=MS-350125-2"
"MS-350147-2","MS","MS - Sendust","147","141","3.498","2.599","0.627","88.8492","66.0146","15.9258","1.83","24","43.9","0.45",,"/design-and-applications/design-tools/inductor-analyzer/?partnumber=MS-350147-2"
"MS-401014-2","MS","MS - Sendust","14","21.5","4","2.25","0.535","101.6","57.15","13.589","2.97","24.3","72.1","6.6",,"/design-and-applications/design-tools/inductor-analyzer/?partnumber=MS-401014-2"
"MS-401026-2","MS","MS - Sendust","26","40","4","2.25","0.535","101.6","57.15","13.589","2.97","24.3","72.1","3.1",,"/design-and-applications/design-tools/inductor-analyzer/?partnumber=MS-401026-2"
"MS-401040-2","MS","MS - Sendust","40","62","4","2.25","0.535","101.6","57.15","13.589","2.97","24.3","72.1","1.7","0","/design-and-applications/design-tools/inductor-analyzer/?partnumber=MS-401040-2"
"MS-401060-2","MS","MS - Sendust","60","92.300003","4","2.25","0.535","101.6","57.15","13.589","2.97","24.3","72.1","1.4","0","/design-and-applications/design-tools/inductor-analyzer/?partnumber=MS-401060-2"
"MS-401075-2","MS","MS - Sendust","75","115","4","2.25","0.535","101.6","57.15","13.589","2.97","24.3","72.1","1.1",,"/design-and-applications/design-tools/inductor-analyzer/?partnumber=MS-401075-2"
"MS-401090-2","MS","MS - Sendust","90","139","4","2.25","0.535","101.6","57.15","13.589","2.97","24.3","72.1","0.88",,"/design-and-applications/design-tools/inductor-analyzer/?partnumber=MS-401090-2"
"MS-401125-2","MS","MS - Sendust","125","192","4","2.25","0.535","101.6","57.15","13.589","2.97","24.3","72.1","0.54","0","/design-and-applications/design-tools/inductor-analyzer/?partnumber=MS-401125-2"
"MS-401147-2","MS","MS - Sendust","147","226","4","2.25","0.535","101.6","57.15","13.589","2.97","24.3","72.1","0.45",,"/design-and-applications/design-tools/inductor-analyzer/?partnumber=MS-401147-2"
"MS-400014-2","MS","MS - Sendust","14","25.6","4","2.25","0.65","101.6","57.15","16.51","3.52","24.3","85.5","6.6","120","/design-and-applications/design-tools/inductor-analyzer/?partnumber=MS-400014-2"
"MS-400026-2","MS","MS - Sendust","26","47.400002","4","2.25","0.65","101.6","57.15","16.51","3.52","24.3","85.5","3.1","241","/design-and-applications/design-tools/inductor-analyzer/?partnumber=MS-400026-2"
"MS-400040-2","MS","MS - Sendust","40","75","4","2.25","0.65","101.6","57.15","16.51","3.52","24.3","85.5","1.7",,"/design-and-applications/design-tools/inductor-analyzer/?partnumber=MS-400040-2"
"MS-400060-2","MS","MS - Sendust","60","112","4","2.25","0.65","101.6","57.15","16.51","3.52","24.3","85.5","1.4","0","/design-and-applications/design-tools/inductor-analyzer/?partnumber=MS-400060-2"
"MS-400075-2","MS","MS - Sendust","75","137","4","2.25","0.65","101.6","57.15","16.51","3.52","24.3","85.5","1.1",,"/design-and-applications/design-tools/inductor-analyzer/?partnumber=MS-400075-2"
"MS-400090-2","MS","MS - Sendust","90","164","4","2.25","0.65","101.6","57.15","16.51","3.52","24.3","85.5","0.88","0","/design-and-applications/design-tools/inductor-analyzer/?partnumber=MS-400090-2"
"MS-400125-2","MS","MS - Sendust","125","228","4","2.25","0.65","101.6","57.15","16.51","3.52","24.3","85.5","0.54","0","/design-and-applications/design-tools/inductor-analyzer/?partnumber=MS-400125-2"
"MS-400147-2","MS","MS - Sendust","147","268","4","2.25","0.65","101.6","57.15","16.51","3.52","24.3","85.5","0.45",,"/design-and-applications/design-tools/inductor-analyzer/?partnumber=MS-400147-2"
"MS-456060-2","MS","MS - Sendust","60","106","4.564","3.032","0.866","115.9256","77.0128","21.9964","4.19","29.9","125","1.4",,"/design-and-applications/design-tools/inductor-analyzer/?partnumber=MS-456060-2"
"MS-500060-2","MS","MS - Sendust","60","90","5","3.425","0.8","127","86.995","20.32","3.98","33.2","132","1.4",,"/design-and-applications/design-tools/inductor-analyzer/?partnumber=MS-500060-2"
"MS-520014-2","MS","MS - Sendust","14","26","5.218","3.094","0.8","132.5372","78.5876","20.32","5.35","32.4","173","5.3",,"/design-and-applications/design-tools/inductor-analyzer/?partnumber=MS-520014-2"
"MS-520026-2","MS","MS - Sendust","26","54","5.218","3.094","0.8","132.5372","78.5876","20.32","5.35","32.4","173","3.1","54","/design-and-applications/design-tools/inductor-analyzer/?partnumber=MS-520026-2"
"MS-520040-2","MS","MS - Sendust","40","83","5.218","3.094","0.8","132.5372","78.5876","20.32","5.35","32.4","173","1.7","0","/design-and-applications/design-tools/inductor-analyzer/?partnumber=MS-520040-2"
"MS-520060-2","MS","MS - Sendust","60","124","5.218","3.094","0.8","132.5372","78.5876","20.32","5.35","32.4","173","1.4","0","/design-and-applications/design-tools/inductor-analyzer/?partnumber=MS-520060-2"
"MS-520075-2","MS","MS - Sendust","75","155","5.218","3.094","0.8","132.5372","78.5876","20.32","5.35","32.4","173","1.1","0","/design-and-applications/design-tools/inductor-analyzer/?partnumber=MS-520075-2"
"MS-520090-2","MS","MS - Sendust","90","187","5.218","3.094","0.8","132.5372","78.5876","20.32","5.35","32.4","173","0.88",,"/design-and-applications/design-tools/inductor-analyzer/?partnumber=MS-520090-2"
"MS-520125-2","MS","MS - Sendust","125","259","5.218","3.094","0.8","132.5372","78.5876","20.32","5.35","32.4","173","0.54","0","/design-and-applications/design-tools/inductor-analyzer/?partnumber=MS-520125-2"
"MS-521014-2","MS","MS - Sendust","14","36.400002","5.218","3.094","1","132.5372","78.5876","25.4","6.71","32.4","218","5.3",,"/design-and-applications/design-tools/inductor-analyzer/?partnumber=MS-521014-2"
"MS-521026-2","MS","MS - Sendust","26","67.599998","5.218","3.094","1","132.5372","78.5876","25.4","6.71","32.4","218","3.1","0","/design-and-applications/design-tools/inductor-analyzer/?partnumber=MS-521026-2"
"MS-521040-2","MS","MS - Sendust","40","104","5.218","3.094","1","132.5372","78.5876","25.4","6.71","32.4","218","1.7",,"/design-and-applications/design-tools/inductor-analyzer/?partnumber=MS-521040-2"
"MS-521060-2","MS","MS - Sendust","60","156","5.218","3.094","1","132.5372","78.5876","25.4","6.71","32.4","218","1.4","0","/design-and-applications/design-tools/inductor-analyzer/?partnumber=MS-521060-2"
"MS-521075-2","MS","MS - Sendust","75","195","5.218","3.094","1","132.5372","78.5876","25.4","6.71","32.4","218","1.1","0","/design-and-applications/design-tools/inductor-analyzer/?partnumber=MS-521075-2"
"MS-521090-2","MS","MS - Sendust","90","234","5.218","3.094","1","132.5372","78.5876","25.4","6.71","32.4","218","0.88",,"/design-and-applications/design-tools/inductor-analyzer/?partnumber=MS-521090-2"
"MS-521125-2","MS","MS - Sendust","125","325","5.218","3.094","1","132.5372","78.5876","25.4","6.71","32.4","218","0.54",,"/design-and-applications/design-tools/inductor-analyzer/?partnumber=MS-521125-2"
"MS-600014-2","MS","MS - Sendust","14","35.299999","6","3.2","0.8","152.4","81.28","20.32","7.05","36","253","5.3","0","/design-and-applications/design-tools/inductor-analyzer/?partnumber=MS-600014-2"
"MS-600026-2","MS","MS - Sendust","26","66","6","3.2","0.8","152.4","81.28","20.32","7.05","36","253","3.1","26","/design-and-applications/design-tools/inductor-analyzer/?partnumber=MS-600026-2"
"MS-600040-2","MS","MS - Sendust","40","102","6","3.2","0.8","152.4","81.28","20.32","7.05","36","253","1.7",,"/design-and-applications/design-tools/inductor-analyzer/?partnumber=MS-600040-2"
"MS-600060-2","MS","MS - Sendust","60","152.5","6","3.2","0.8","152.4","81.28","20.32","7.05","36","253","1.4","0","/design-and-applications/design-tools/inductor-analyzer/?partnumber=MS-600060-2"
"MS-600075-2","MS","MS - Sendust","75","190.5","6","3.2","0.8","152.4","81.28","20.32","7.05","36","253","1.1",,"/design-and-applications/design-tools/inductor-analyzer/?partnumber=MS-600075-2"
"MS-600090-2","MS","MS - Sendust","90","229","6","3.2","0.8","152.4","81.28","20.32","7.05","36","253","0.88","0","/design-and-applications/design-tools/inductor-analyzer/?partnumber=MS-600090-2"
"MS-601014-2","MS","MS - Sendust","14","44.5","6","3.2","1","152.4","81.28","25.4","8.81","36","317","5.3",,"/design-and-applications/design-tools/inductor-analyzer/?partnumber=MS-601014-2"
"MS-601026-2","MS","MS - Sendust","26","82.5","6","3.2","1","152.4","81.28","25.4","8.81","36","317","3.1","0","/design-and-applications/design-tools/inductor-analyzer/?partnumber=MS-601026-2"
"MS-601040-2","MS","MS - Sendust","40","127","6","3.2","1","152.4","81.28","25.4","8.81","36","317","1.7",,"/design-and-applications/design-tools/inductor-analyzer/?partnumber=MS-601040-2"
"MS-601060-2","MS","MS - Sendust","60","190.5","6","3.2","1","152.4","81.28","25.4","8.81","36","317","1.4","0","/design-and-applications/design-tools/inductor-analyzer/?partnumber=MS-601060-2"
"MS-601075-2","MS","MS - Sendust","75","238","6","3.2","1","152.4","81.28","25.4","8.81","36","317","1.1","0","/design-and-applications/design-tools/inductor-analyzer/?partnumber=MS-601075-2"
"MS-601090-2","MS","MS - Sendust","90","286","6","3.2","1","152.4","81.28","25.4","8.81","36","317","0.88","29","/design-and-applications/design-tools/inductor-analyzer/?partnumber=MS-601090-2"
"MS-649014-2","MS","MS - Sendust","14","44","6.5","3.504","1","165.1","89.0016","25.4","9.59","38.7","371","5.3",,"/design-and-applications/design-tools/inductor-analyzer/?partnumber=MS-649014-2"
"MS-649026-2","MS","MS - Sendust","26","81","6.5","3.504","1","165.1","89.0016","25.4","9.59","38.7","371","3.1",,"/design-and-applications/design-tools/inductor-analyzer/?partnumber=MS-649026-2"
"MS-649040-2","MS","MS - Sendust","40","125","6.5","3.504","1","165.1","89.0016","25.4","9.59","38.7","371","1.7",,"/design-and-applications/design-tools/inductor-analyzer/?partnumber=MS-649040-2"
"MS-649060-2","MS","MS - Sendust","60","187","6.5","3.504","1","165.1","89.0016","25.4","9.59","38.7","371","1.4",,"/design-and-applications/design-tools/inductor-analyzer/?partnumber=MS-649060-2"
"MS-649075-2","MS","MS - Sendust","75","234","6.5","3.504","1","165.1","89.0016","25.4","9.59","38.7","371","1.1",,"/design-and-applications/design-tools/inductor-analyzer/?partnumber=MS-649075-2"
"MS-649090-2","MS","MS - Sendust","90","280","6.5","3.504","1","165.1","89.0016","25.4","9.59","38.7","371","0.88",,"/design-and-applications/design-tools/inductor-analyzer/?partnumber=MS-649090-2"
"MS-650014-2","MS","MS - Sendust","14","42","6.5","4.031","1.25","165.1","102.3874","31.75","9.87","41.2","415","5.3","0","/design-and-applications/design-tools/inductor-analyzer/?partnumber=MS-650014-2"
"MS-650026-2","MS","MS - Sendust","26","78","6.5","4.031","1.25","165.1","102.3874","31.75","9.87","41.2","415","3.1","0","/design-and-applications/design-tools/inductor-analyzer/?partnumber=MS-650026-2"
"MS-650040-2","MS","MS - Sendust","40","120","6.5","4.031","1.25","165.1","102.3874","31.75","9.87","41.2","415","1.7","0","/design-and-applications/design-tools/inductor-analyzer/?partnumber=MS-650040-2"
"MS-650060-2","MS","MS - Sendust","60","181","6.5","4.031","1.25","165.1","102.3874","31.75","9.87","41.2","415","1.4","0","/design-and-applications/design-tools/inductor-analyzer/?partnumber=MS-650060-2"
"MS-650075-2","MS","MS - Sendust","75","226","6.5","4.031","1.25","165.1","102.3874","31.75","9.87","41.2","415","1.1",,"/design-and-applications/design-tools/inductor-analyzer/?partnumber=MS-650075-2"
"MS-650090-2","MS","MS - Sendust","90","271","6.5","4.031","1.25","165.1","102.3874","31.75","9.87","41.2","415","0.88",,"/design-and-applications/design-tools/inductor-analyzer/?partnumber=MS-650090-2"
"MS-775014-2","MS","MS - Sendust","14","20.5","7.75","5.75","1","196.85","146.05","25.4","6.26","53.9","337","5.3","0","/design-and-applications/design-tools/inductor-analyzer/?partnumber=MS-775014-2"
"MS-775026-2","MS","MS - Sendust","26","38","7.75","5.75","1","196.85","146.05","25.4","6.26","53.9","337","3.1","0","/design-and-applications/design-tools/inductor-analyzer/?partnumber=MS-775026-2"
"MS-775040-2","MS","MS - Sendust","40","58.5","7.75","5.75","1","196.85","146.05","25.4","6.26","53.9","337","1.7",,"/design-and-applications/design-tools/inductor-analyzer/?partnumber=MS-775040-2"
"MS-775060-2","MS","MS - Sendust","60","88","7.75","5.75","1","196.85","146.05","25.4","6.26","53.9","337","1.4","0","/design-and-applications/design-tools/inductor-analyzer/?partnumber=MS-775060-2"
"MS-775075-2","MS","MS - Sendust","75","110","7.75","5.75","1","196.85","146.05","25.4","6.26","53.9","337","1.1",,"/design-and-applications/design-tools/inductor-analyzer/?partnumber=MS-775075-2"
"MS-775090-2","MS","MS - Sendust","90","131","7.75","5.75","1","196.85","146.05","25.4","6.26","53.9","337","0.88",,"/design-and-applications/design-tools/inductor-analyzer/?partnumber=MS-775090-2"
