"pdf_filename","series_pair","rated_voltage_V","capacitance_uF","diameter_mm","length_mm","ordering_code_template","esr_value_1_header","esr_value_1_raw","esr_value_2_header","esr_value_2_raw","esr_raw_values","impedance_value_1_header","impedance_value_1_raw","impedance_raw_values","ripple_value_1_header","ripple_value_1_raw","ripple_value_2_header","ripple_value_2_raw","ripple_value_3_header","ripple_value_3_raw","ripple_raw_values","table_header_context","raw_electrical_values","raw_row_text","parse_status","parse_warning"
"B41456_B41458.pdf","B41456/B41458","16","100000","51.6","80.7","B4145*B4100M60#","ESRtyp 100 Hz 20 C mOhm","5.0","ESRmax 100 Hz 20 C mOhm","10","ESRtyp 100 Hz 20 C mOhm=5.0; ESRmax 100 Hz 20 C mOhm=10","Zmax 10 kHz 20 C mOhm","8.2","Zmax 10 kHz 20 C mOhm=8.2","IAC,max 100 Hz 40 C A","34","IAC,R 100 Hz 85 C A","14","","","IAC,max 100 Hz 40 C A=34; IAC,R 100 Hz 85 C A=14","CR Case ESRtyp ESRmax Zmax IAC,max IAC,R Ordering code | 100 Hz dimensions 100 Hz 100 Hz 10 kHz 100 Hz 100 Hz (composition see | 20 C dxl 20 C 20 C 20 C 40 C 85 C below) | uF mm mOhm mOhm mOhm A A","5.0;10;8.2;34;14","100000 51.6 x 80.7 5.0 10 8.2 34 14 B4145*B4100M60#","parsed",""
"B41456_B41458.pdf","B41456/B41458","16","150000","51.6","80.7","B4145*B4150M60#","ESRtyp 100 Hz 20 C mOhm","4.2","ESRmax 100 Hz 20 C mOhm","8.4","ESRtyp 100 Hz 20 C mOhm=4.2; ESRmax 100 Hz 20 C mOhm=8.4","Zmax 10 kHz 20 C mOhm","6.8","Zmax 10 kHz 20 C mOhm=6.8","IAC,max 100 Hz 40 C A","34","IAC,R 100 Hz 85 C A","15","","","IAC,max 100 Hz 40 C A=34; IAC,R 100 Hz 85 C A=15","CR Case ESRtyp ESRmax Zmax IAC,max IAC,R Ordering code | 100 Hz dimensions 100 Hz 100 Hz 10 kHz 100 Hz 100 Hz (composition see | 20 C dxl 20 C 20 C 20 C 40 C 85 C below) | uF mm mOhm mOhm mOhm A A","4.2;8.4;6.8;34;15","150000 51.6 x 80.7 4.2 8.4 6.8 34 15 B4145*B4150M60#","parsed",""
"B41456_B41458.pdf","B41456/B41458","16","220000","64.3","105.7","B4145*B4220M60#","ESRtyp 100 Hz 20 C mOhm","3.7","ESRmax 100 Hz 20 C mOhm","7.3","ESRtyp 100 Hz 20 C mOhm=3.7; ESRmax 100 Hz 20 C mOhm=7.3","Zmax 10 kHz 20 C mOhm","5.9","Zmax 10 kHz 20 C mOhm=5.9","IAC,max 100 Hz 40 C A","45","IAC,R 100 Hz 85 C A","20","","","IAC,max 100 Hz 40 C A=45; IAC,R 100 Hz 85 C A=20","CR Case ESRtyp ESRmax Zmax IAC,max IAC,R Ordering code | 100 Hz dimensions 100 Hz 100 Hz 10 kHz 100 Hz 100 Hz (composition see | 20 C dxl 20 C 20 C 20 C 40 C 85 C below) | uF mm mOhm mOhm mOhm A A","3.7;7.3;5.9;45;20","220000 64.3 x 105.7 3.7 7.3 5.9 45 20 B4145*B4220M60#","parsed",""
"B41456_B41458.pdf","B41456/B41458","16","330000","64.3","105.7","B4145*B4330M60#","ESRtyp 100 Hz 20 C mOhm","3.3","ESRmax 100 Hz 20 C mOhm","6.6","ESRtyp 100 Hz 20 C mOhm=3.3; ESRmax 100 Hz 20 C mOhm=6.6","Zmax 10 kHz 20 C mOhm","5.3","Zmax 10 kHz 20 C mOhm=5.3","IAC,max 100 Hz 40 C A","45","IAC,R 100 Hz 85 C A","21","","","IAC,max 100 Hz 40 C A=45; IAC,R 100 Hz 85 C A=21","CR Case ESRtyp ESRmax Zmax IAC,max IAC,R Ordering code | 100 Hz dimensions 100 Hz 100 Hz 10 kHz 100 Hz 100 Hz (composition see | 20 C dxl 20 C 20 C 20 C 40 C 85 C below) | uF mm mOhm mOhm mOhm A A","3.3;6.6;5.3;45;21","330000 64.3 x 105.7 3.3 6.6 5.3 45 21 B4145*B4330M60#","parsed",""
"B41456_B41458.pdf","B41456/B41458","16","470000","76.9","143.2","B4145*B4470M60#","ESRtyp 100 Hz 20 C mOhm","3.0","ESRmax 100 Hz 20 C mOhm","6.1","ESRtyp 100 Hz 20 C mOhm=3.0; ESRmax 100 Hz 20 C mOhm=6.1","Zmax 10 kHz 20 C mOhm","4.9","Zmax 10 kHz 20 C mOhm=4.9","IAC,max 100 Hz 40 C A","57","IAC,R 100 Hz 85 C A","25","","","IAC,max 100 Hz 40 C A=57; IAC,R 100 Hz 85 C A=25","CR Case ESRtyp ESRmax Zmax IAC,max IAC,R Ordering code | 100 Hz dimensions 100 Hz 100 Hz 10 kHz 100 Hz 100 Hz (composition see | 20 C dxl 20 C 20 C 20 C 40 C 85 C below) | uF mm mOhm mOhm mOhm A A","3.0;6.1;4.9;57;25","470000 76.9 x 143.2 3.0 6.1 4.9 57 25 B4145*B4470M60#","parsed",""
"B41456_B41458.pdf","B41456/B41458","16","680000","76.9","143.2","B4145*B4680M60#","ESRtyp 100 Hz 20 C mOhm","3.0","ESRmax 100 Hz 20 C mOhm","5.8","ESRtyp 100 Hz 20 C mOhm=3.0; ESRmax 100 Hz 20 C mOhm=5.8","Zmax 10 kHz 20 C mOhm","4.6","Zmax 10 kHz 20 C mOhm=4.6","IAC,max 100 Hz 40 C A","57","IAC,R 100 Hz 85 C A","26","","","IAC,max 100 Hz 40 C A=57; IAC,R 100 Hz 85 C A=26","CR Case ESRtyp ESRmax Zmax IAC,max IAC,R Ordering code | 100 Hz dimensions 100 Hz 100 Hz 10 kHz 100 Hz 100 Hz (composition see | 20 C dxl 20 C 20 C 20 C 40 C 85 C below) | uF mm mOhm mOhm mOhm A A","3.0;5.8;4.6;57;26","680000 76.9 x 143.2 3.0 5.8 4.6 57 26 B4145*B4680M60#","parsed",""
"B41456_B41458.pdf","B41456/B41458","25","68000","51.6","80.7","B4145*B5689M60#","ESRtyp 100 Hz 20 C mOhm","6.0","ESRmax 100 Hz 20 C mOhm","12","ESRtyp 100 Hz 20 C mOhm=6.0; ESRmax 100 Hz 20 C mOhm=12","Zmax 10 kHz 20 C mOhm","9.3","Zmax 10 kHz 20 C mOhm=9.3","IAC,max 100 Hz 40 C A","34","IAC,R 100 Hz 85 C A","13","","","IAC,max 100 Hz 40 C A=34; IAC,R 100 Hz 85 C A=13","CR Case ESRtyp ESRmax Zmax IAC,max IAC,R Ordering code | 100 Hz dimensions 100 Hz 100 Hz 10 kHz 100 Hz 100 Hz (composition see | 20 C dxl 20 C 20 C 20 C 40 C 85 C below) | uF mm mOhm mOhm mOhm A A","6.0;12;9.3;34;13","68000 51.6 x 80.7 6.0 12 9.3 34 13 B4145*B5689M60#","parsed",""
"B41456_B41458.pdf","B41456/B41458","25","100000","51.6","105.7","B4145*B5100M60#","ESRtyp 100 Hz 20 C mOhm","5.0","ESRmax 100 Hz 20 C mOhm","9.5","ESRtyp 100 Hz 20 C mOhm=5.0; ESRmax 100 Hz 20 C mOhm=9.5","Zmax 10 kHz 20 C mOhm","7.6","Zmax 10 kHz 20 C mOhm=7.6","IAC,max 100 Hz 40 C A","34","IAC,R 100 Hz 85 C A","16","","","IAC,max 100 Hz 40 C A=34; IAC,R 100 Hz 85 C A=16","CR Case ESRtyp ESRmax Zmax IAC,max IAC,R Ordering code | 100 Hz dimensions 100 Hz 100 Hz 10 kHz 100 Hz 100 Hz (composition see | 20 C dxl 20 C 20 C 20 C 40 C 85 C below) | uF mm mOhm mOhm mOhm A A","5.0;9.5;7.6;34;16","100000 51.6 x 105.7 5.0 9.5 7.6 34 16 B4145*B5100M60#","parsed",""
"B41456_B41458.pdf","B41456/B41458","25","150000","64.3","105.7","B4145*B5150M60#","ESRtyp 100 Hz 20 C mOhm","4.0","ESRmax 100 Hz 20 C mOhm","8.0","ESRtyp 100 Hz 20 C mOhm=4.0; ESRmax 100 Hz 20 C mOhm=8.0","Zmax 10 kHz 20 C mOhm","6.4","Zmax 10 kHz 20 C mOhm=6.4","IAC,max 100 Hz 40 C A","45","IAC,R 100 Hz 85 C A","20","","","IAC,max 100 Hz 40 C A=45; IAC,R 100 Hz 85 C A=20","CR Case ESRtyp ESRmax Zmax IAC,max IAC,R Ordering code | 100 Hz dimensions 100 Hz 100 Hz 10 kHz 100 Hz 100 Hz (composition see | 20 C dxl 20 C 20 C 20 C 40 C 85 C below) | uF mm mOhm mOhm mOhm A A","4.0;8.0;6.4;45;20","150000 64.3 x 105.7 4.0 8.0 6.4 45 20 B4145*B5150M60#","parsed",""
"B41456_B41458.pdf","B41456/B41458","25","220000","64.3","105.7","B4145*B5220M60#","ESRtyp 100 Hz 20 C mOhm","3.5","ESRmax 100 Hz 20 C mOhm","7.0","ESRtyp 100 Hz 20 C mOhm=3.5; ESRmax 100 Hz 20 C mOhm=7.0","Zmax 10 kHz 20 C mOhm","5.6","Zmax 10 kHz 20 C mOhm=5.6","IAC,max 100 Hz 40 C A","45","IAC,R 100 Hz 85 C A","21","","","IAC,max 100 Hz 40 C A=45; IAC,R 100 Hz 85 C A=21","CR Case ESRtyp ESRmax Zmax IAC,max IAC,R Ordering code | 100 Hz dimensions 100 Hz 100 Hz 10 kHz 100 Hz 100 Hz (composition see | 20 C dxl 20 C 20 C 20 C 40 C 85 C below) | uF mm mOhm mOhm mOhm A A","3.5;7.0;5.6;45;21","220000 64.3 x 105.7 3.5 7.0 5.6 45 21 B4145*B5220M60#","parsed",""
"B41456_B41458.pdf","B41456/B41458","25","330000","76.9","143.2","B4145*B5330M60#","ESRtyp 100 Hz 20 C mOhm","3.2","ESRmax 100 Hz 20 C mOhm","6.4","ESRtyp 100 Hz 20 C mOhm=3.2; ESRmax 100 Hz 20 C mOhm=6.4","Zmax 10 kHz 20 C mOhm","5.1","Zmax 10 kHz 20 C mOhm=5.1","IAC,max 100 Hz 40 C A","57","IAC,R 100 Hz 85 C A","25","","","IAC,max 100 Hz 40 C A=57; IAC,R 100 Hz 85 C A=25","CR Case ESRtyp ESRmax Zmax IAC,max IAC,R Ordering code | 100 Hz dimensions 100 Hz 100 Hz 10 kHz 100 Hz 100 Hz (composition see | 20 C dxl 20 C 20 C 20 C 40 C 85 C below) | uF mm mOhm mOhm mOhm A A","3.2;6.4;5.1;57;25","330000 76.9 x 143.2 3.2 6.4 5.1 57 25 B4145*B5330M60#","parsed",""
"B41456_B41458.pdf","B41456/B41458","25","470000","76.9","220.7","B4145*B5470M60#","ESRtyp 100 Hz 20 C mOhm","3.0","ESRmax 100 Hz 20 C mOhm","4.0","ESRtyp 100 Hz 20 C mOhm=3.0; ESRmax 100 Hz 20 C mOhm=4.0","Zmax 10 kHz 20 C mOhm","4.8","Zmax 10 kHz 20 C mOhm=4.8","IAC,max 100 Hz 40 C A","57","IAC,R 100 Hz 85 C A","31","","","IAC,max 100 Hz 40 C A=57; IAC,R 100 Hz 85 C A=31","CR Case ESRtyp ESRmax Zmax IAC,max IAC,R Ordering code | 100 Hz dimensions 100 Hz 100 Hz 10 kHz 100 Hz 100 Hz (composition see | 20 C dxl 20 C 20 C 20 C 40 C 85 C below) | uF mm mOhm mOhm mOhm A A","3.0;4.0;4.8;57;31","470000 76.9 x 220.7 3.0 4.0 4.8 57 31 B4145*B5470M60#","parsed",""
"B41456_B41458.pdf","B41456/B41458","40","47000","51.6","80.7","B4145*B7479M60#","ESRtyp 100 Hz 20 C mOhm","6.0","ESRmax 100 Hz 20 C mOhm","12","ESRtyp 100 Hz 20 C mOhm=6.0; ESRmax 100 Hz 20 C mOhm=12","Zmax 10 kHz 20 C mOhm","10","Zmax 10 kHz 20 C mOhm=10","IAC,max 100 Hz 40 C A","34","IAC,R 100 Hz 85 C A","13","","","IAC,max 100 Hz 40 C A=34; IAC,R 100 Hz 85 C A=13","CR Case ESRtyp ESRmax Zmax IAC,max IAC,R Ordering code | 100 Hz dimensions 100 Hz 100 Hz 10 kHz 100 Hz 100 Hz (composition see | 20 C dxl 20 C 20 C 20 C 40 C 85 C below) | uF mm mOhm mOhm mOhm A A","6.0;12;10;34;13","47000 51.6 x 80.7 6.0 12 10 34 13 B4145*B7479M60#","parsed",""
"B41456_B41458.pdf","B41456/B41458","40","68000","51.6","105.7","B4145*B7689M60#","ESRtyp 100 Hz 20 C mOhm","5.0","ESRmax 100 Hz 20 C mOhm","10","ESRtyp 100 Hz 20 C mOhm=5.0; ESRmax 100 Hz 20 C mOhm=10","Zmax 10 kHz 20 C mOhm","8.4","Zmax 10 kHz 20 C mOhm=8.4","IAC,max 100 Hz 40 C A","34","IAC,R 100 Hz 85 C A","16","","","IAC,max 100 Hz 40 C A=34; IAC,R 100 Hz 85 C A=16","CR Case ESRtyp ESRmax Zmax IAC,max IAC,R Ordering code | 100 Hz dimensions 100 Hz 100 Hz 10 kHz 100 Hz 100 Hz (composition see | 20 C dxl 20 C 20 C 20 C 40 C 85 C below) | uF mm mOhm mOhm mOhm A A","5.0;10;8.4;34;16","68000 51.6 x 105.7 5.0 10 8.4 34 16 B4145*B7689M60#","parsed",""
"B41456_B41458.pdf","B41456/B41458","40","100000","64.3","105.7","B4145*B7100M60#","ESRtyp 100 Hz 20 C mOhm","4.1","ESRmax 100 Hz 20 C mOhm","8.2","ESRtyp 100 Hz 20 C mOhm=4.1; ESRmax 100 Hz 20 C mOhm=8.2","Zmax 10 kHz 20 C mOhm","7.0","Zmax 10 kHz 20 C mOhm=7.0","IAC,max 100 Hz 40 C A","45","IAC,R 100 Hz 85 C A","19","","","IAC,max 100 Hz 40 C A=45; IAC,R 100 Hz 85 C A=19","CR Case ESRtyp ESRmax Zmax IAC,max IAC,R Ordering code | 100 Hz dimensions 100 Hz 100 Hz 10 kHz 100 Hz 100 Hz (composition see | 20 C dxl 20 C 20 C 20 C 40 C 85 C below) | uF mm mOhm mOhm mOhm A A","4.1;8.2;7.0;45;19","100000 64.3 x 105.7 4.1 8.2 7.0 45 19 B4145*B7100M60#","parsed",""
"B41456_B41458.pdf","B41456/B41458","40","150000","76.9","105.7","B4145*B7150M60#","ESRtyp 100 Hz 20 C mOhm","3.0","ESRmax 100 Hz 20 C mOhm","5.5","ESRtyp 100 Hz 20 C mOhm=3.0; ESRmax 100 Hz 20 C mOhm=5.5","Zmax 10 kHz 20 C mOhm","6.0","Zmax 10 kHz 20 C mOhm=6.0","IAC,max 100 Hz 40 C A","57","IAC,R 100 Hz 85 C A","21","","","IAC,max 100 Hz 40 C A=57; IAC,R 100 Hz 85 C A=21","CR Case ESRtyp ESRmax Zmax IAC,max IAC,R Ordering code | 100 Hz dimensions 100 Hz 100 Hz 10 kHz 100 Hz 100 Hz (composition see | 20 C dxl 20 C 20 C 20 C 40 C 85 C below) | uF mm mOhm mOhm mOhm A A","3.0;5.5;6.0;57;21","150000 76.9 x 105.7 3.0 5.5 6.0 57 21 B4145*B7150M60#","parsed",""
"B41456_B41458.pdf","B41456/B41458","40","220000","76.9","143.2","B4145*B7220M60#","ESRtyp 100 Hz 20 C mOhm","3.0","ESRmax 100 Hz 20 C mOhm","5.0","ESRtyp 100 Hz 20 C mOhm=3.0; ESRmax 100 Hz 20 C mOhm=5.0","Zmax 10 kHz 20 C mOhm","5.4","Zmax 10 kHz 20 C mOhm=5.4","IAC,max 100 Hz 40 C A","57","IAC,R 100 Hz 85 C A","25","","","IAC,max 100 Hz 40 C A=57; IAC,R 100 Hz 85 C A=25","CR Case ESRtyp ESRmax Zmax IAC,max IAC,R Ordering code | 100 Hz dimensions 100 Hz 100 Hz 10 kHz 100 Hz 100 Hz (composition see | 20 C dxl 20 C 20 C 20 C 40 C 85 C below) | uF mm mOhm mOhm mOhm A A","3.0;5.0;5.4;57;25","220000 76.9 x 143.2 3.0 5.0 5.4 57 25 B4145*B7220M60#","parsed",""
"B41456_B41458.pdf","B41456/B41458","63","22000","51.6","80.7","B4145*B8229M60#","ESRtyp 100 Hz 20 C mOhm","8.0","ESRmax 100 Hz 20 C mOhm","16","ESRtyp 100 Hz 20 C mOhm=8.0; ESRmax 100 Hz 20 C mOhm=16","Zmax 10 kHz 20 C mOhm","16","Zmax 10 kHz 20 C mOhm=16","IAC,max 100 Hz 40 C A","33","IAC,R 100 Hz 85 C A","11","","","IAC,max 100 Hz 40 C A=33; IAC,R 100 Hz 85 C A=11","CR Case ESRtyp ESRmax Zmax IAC,max IAC,R Ordering code | 100 Hz dimensions 100 Hz 100 Hz 10 kHz 100 Hz 100 Hz (composition see | 20 C dxl 20 C 20 C 20 C 40 C 85 C below) | uF mm mOhm mOhm mOhm A A","8.0;16;16;33;11","22000 51.6 x 80.7 8.0 16 16 33 11 B4145*B8229M60#","parsed",""
"B41456_B41458.pdf","B41456/B41458","63","33000","51.6","105.7","B4145*B8339M60#","ESRtyp 100 Hz 20 C mOhm","6.0","ESRmax 100 Hz 20 C mOhm","12","ESRtyp 100 Hz 20 C mOhm=6.0; ESRmax 100 Hz 20 C mOhm=12","Zmax 10 kHz 20 C mOhm","12","Zmax 10 kHz 20 C mOhm=12","IAC,max 100 Hz 40 C A","34","IAC,R 100 Hz 85 C A","14","","","IAC,max 100 Hz 40 C A=34; IAC,R 100 Hz 85 C A=14","CR Case ESRtyp ESRmax Zmax IAC,max IAC,R Ordering code | 100 Hz dimensions 100 Hz 100 Hz 10 kHz 100 Hz 100 Hz (composition see | 20 C dxl 20 C 20 C 20 C 40 C 85 C below) | uF mm mOhm mOhm mOhm A A","6.0;12;12;34;14","33000 51.6 x 105.7 6.0 12 12 34 14 B4145*B8339M60#","parsed",""
"B41456_B41458.pdf","B41456/B41458","63","47000","64.3","105.7","B4145*B8479M60#","ESRtyp 100 Hz 20 C mOhm","5.0","ESRmax 100 Hz 20 C mOhm","10","ESRtyp 100 Hz 20 C mOhm=5.0; ESRmax 100 Hz 20 C mOhm=10","Zmax 10 kHz 20 C mOhm","9.4","Zmax 10 kHz 20 C mOhm=9.4","IAC,max 100 Hz 40 C A","45","IAC,R 100 Hz 85 C A","18","","","IAC,max 100 Hz 40 C A=45; IAC,R 100 Hz 85 C A=18","CR Case ESRtyp ESRmax Zmax IAC,max IAC,R Ordering code | 100 Hz dimensions 100 Hz 100 Hz 10 kHz 100 Hz 100 Hz (composition see | 20 C dxl 20 C 20 C 20 C 40 C 85 C below) | uF mm mOhm mOhm mOhm A A","5.0;10;9.4;45;18","47000 64.3 x 105.7 5.0 10 9.4 45 18 B4145*B8479M60#","parsed",""
"B41456_B41458.pdf","B41456/B41458","63","68000","76.9","105.7","B4145*B8689M60#","ESRtyp 100 Hz 20 C mOhm","3.0","ESRmax 100 Hz 20 C mOhm","5.0","ESRtyp 100 Hz 20 C mOhm=3.0; ESRmax 100 Hz 20 C mOhm=5.0","Zmax 10 kHz 20 C mOhm","6.5","Zmax 10 kHz 20 C mOhm=6.5","IAC,max 100 Hz 40 C A","57","IAC,R 100 Hz 85 C A","20","","","IAC,max 100 Hz 40 C A=57; IAC,R 100 Hz 85 C A=20","CR Case ESRtyp ESRmax Zmax IAC,max IAC,R Ordering code | 100 Hz dimensions 100 Hz 100 Hz 10 kHz 100 Hz 100 Hz (composition see | 20 C dxl 20 C 20 C 20 C 40 C 85 C below) | uF mm mOhm mOhm mOhm A A","3.0;5.0;6.5;57;20","68000 76.9 x 105.7 3.0 5.0 6.5 57 20 B4145*B8689M60#","parsed",""
"B41456_B41458.pdf","B41456/B41458","63","100000","76.9","143.2","B4145*B8100M60#","ESRtyp 100 Hz 20 C mOhm","3.0","ESRmax 100 Hz 20 C mOhm","4.0","ESRtyp 100 Hz 20 C mOhm=3.0; ESRmax 100 Hz 20 C mOhm=4.0","Zmax 10 kHz 20 C mOhm","6.0","Zmax 10 kHz 20 C mOhm=6.0","IAC,max 100 Hz 40 C A","57","IAC,R 100 Hz 85 C A","25","","","IAC,max 100 Hz 40 C A=57; IAC,R 100 Hz 85 C A=25","CR Case ESRtyp ESRmax Zmax IAC,max IAC,R Ordering code | 100 Hz dimensions 100 Hz 100 Hz 10 kHz 100 Hz 100 Hz (composition see | 20 C dxl 20 C 20 C 20 C 40 C 85 C below) | uF mm mOhm mOhm mOhm A A","3.0;4.0;6.0;57;25","100000 76.9 x 143.2 3.0 4.0 6.0 57 25 B4145*B8100M60#","parsed",""
"B41456_B41458.pdf","B41456/B41458","63","150000","76.9","220.7","B4145*B8150M60#","ESRtyp 100 Hz 20 C mOhm","3.0","ESRmax 100 Hz 20 C mOhm","4.0","ESRtyp 100 Hz 20 C mOhm=3.0; ESRmax 100 Hz 20 C mOhm=4.0","Zmax 10 kHz 20 C mOhm","5.0","Zmax 10 kHz 20 C mOhm=5.0","IAC,max 100 Hz 40 C A","57","IAC,R 100 Hz 85 C A","31","","","IAC,max 100 Hz 40 C A=57; IAC,R 100 Hz 85 C A=31","CR Case ESRtyp ESRmax Zmax IAC,max IAC,R Ordering code | 100 Hz dimensions 100 Hz 100 Hz 10 kHz 100 Hz 100 Hz (composition see | 20 C dxl 20 C 20 C 20 C 40 C 85 C below) | uF mm mOhm mOhm mOhm A A","3.0;4.0;5.0;57;31","150000 76.9 x 220.7 3.0 4.0 5.0 57 31 B4145*B8150M60#","parsed",""
"B41456_B41458.pdf","B41456/B41458","100","10000","51.6","80.7","B4145*B9109M60#","ESRtyp 100 Hz 20 C mOhm","9.0","ESRmax 100 Hz 20 C mOhm","18","ESRtyp 100 Hz 20 C mOhm=9.0; ESRmax 100 Hz 20 C mOhm=18","Zmax 10 kHz 20 C mOhm","14","Zmax 10 kHz 20 C mOhm=14","IAC,max 100 Hz 40 C A","30","IAC,R 100 Hz 85 C A","10","","","IAC,max 100 Hz 40 C A=30; IAC,R 100 Hz 85 C A=10","CR Case ESRtyp ESRmax Zmax IAC,max IAC,R Ordering code | 100 Hz dimensions 100 Hz 100 Hz 10 kHz 100 Hz 100 Hz (composition see | 20 C dxl 20 C 20 C 20 C 40 C 85 C below) | uF mm mOhm mOhm mOhm A A","9.0;18;14;30;10","10000 51.6 x 80.7 9.0 18 14 30 10 B4145*B9109M60#","parsed",""
"B41456_B41458.pdf","B41456/B41458","100","15000","51.6","105.7","B4145*B9159M60#","ESRtyp 100 Hz 20 C mOhm","8.0","ESRmax 100 Hz 20 C mOhm","15","ESRtyp 100 Hz 20 C mOhm=8.0; ESRmax 100 Hz 20 C mOhm=15","Zmax 10 kHz 20 C mOhm","12","Zmax 10 kHz 20 C mOhm=12","IAC,max 100 Hz 40 C A","34","IAC,R 100 Hz 85 C A","13","","","IAC,max 100 Hz 40 C A=34; IAC,R 100 Hz 85 C A=13","CR Case ESRtyp ESRmax Zmax IAC,max IAC,R Ordering code | 100 Hz dimensions 100 Hz 100 Hz 10 kHz 100 Hz 100 Hz (composition see | 20 C dxl 20 C 20 C 20 C 40 C 85 C below) | uF mm mOhm mOhm mOhm A A","8.0;15;12;34;13","15000 51.6 x 105.7 8.0 15 12 34 13 B4145*B9159M60#","parsed",""
"B41456_B41458.pdf","B41456/B41458","100","22000","64.3","105.7","B4145*B9229M60#","ESRtyp 100 Hz 20 C mOhm","5.0","ESRmax 100 Hz 20 C mOhm","10","ESRtyp 100 Hz 20 C mOhm=5.0; ESRmax 100 Hz 20 C mOhm=10","Zmax 10 kHz 20 C mOhm","10","Zmax 10 kHz 20 C mOhm=10","IAC,max 100 Hz 40 C A","45","IAC,R 100 Hz 85 C A","17","","","IAC,max 100 Hz 40 C A=45; IAC,R 100 Hz 85 C A=17","CR Case ESRtyp ESRmax Zmax IAC,max IAC,R Ordering code | 100 Hz dimensions 100 Hz 100 Hz 10 kHz 100 Hz 100 Hz (composition see | 20 C dxl 20 C 20 C 20 C 40 C 85 C below) | uF mm mOhm mOhm mOhm A A","5.0;10;10;45;17","22000 64.3 x 105.7 5.0 10 10 45 17 B4145*B9229M60#","parsed",""
"B41456_B41458.pdf","B41456/B41458","100","33000","76.9","105.7","B4145*B9339M60#","ESRtyp 100 Hz 20 C mOhm","3.0","ESRmax 100 Hz 20 C mOhm","6.0","ESRtyp 100 Hz 20 C mOhm=3.0; ESRmax 100 Hz 20 C mOhm=6.0","Zmax 10 kHz 20 C mOhm","7.0","Zmax 10 kHz 20 C mOhm=7.0","IAC,max 100 Hz 40 C A","56","IAC,R 100 Hz 85 C A","19","","","IAC,max 100 Hz 40 C A=56; IAC,R 100 Hz 85 C A=19","CR Case ESRtyp ESRmax Zmax IAC,max IAC,R Ordering code | 100 Hz dimensions 100 Hz 100 Hz 10 kHz 100 Hz 100 Hz (composition see | 20 C dxl 20 C 20 C 20 C 40 C 85 C below) | uF mm mOhm mOhm mOhm A A","3.0;6.0;7.0;56;19","33000 76.9 x 105.7 3.0 6.0 7.0 56 19 B4145*B9339M60#","parsed",""
"B41456_B41458.pdf","B41456/B41458","100","47000","76.9","143.2","B4145*B9479M60#","ESRtyp 100 Hz 20 C mOhm","3.0","ESRmax 100 Hz 20 C mOhm","5.0","ESRtyp 100 Hz 20 C mOhm=3.0; ESRmax 100 Hz 20 C mOhm=5.0","Zmax 10 kHz 20 C mOhm","6.0","Zmax 10 kHz 20 C mOhm=6.0","IAC,max 100 Hz 40 C A","57","IAC,R 100 Hz 85 C A","24","","","IAC,max 100 Hz 40 C A=57; IAC,R 100 Hz 85 C A=24","CR Case ESRtyp ESRmax Zmax IAC,max IAC,R Ordering code | 100 Hz dimensions 100 Hz 100 Hz 10 kHz 100 Hz 100 Hz (composition see | 20 C dxl 20 C 20 C 20 C 40 C 85 C below) | uF mm mOhm mOhm mOhm A A","3.0;5.0;6.0;57;24","47000 76.9 x 143.2 3.0 5.0 6.0 57 24 B4145*B9479M60#","parsed",""
"B41560_B41580.pdf","B41560/B41580","25","68000","51.6","80.7","B415*0A5689M60#","ESRtyp 100 Hz 20 C mOhm","4.8","ESRmax 100 Hz 20 C mOhm","12","ESRtyp 100 Hz 20 C mOhm=4.8; ESRmax 100 Hz 20 C mOhm=12","Zmax 10 kHz 20 C mOhm","9.3","Zmax 10 kHz 20 C mOhm=9.3","IAC,max 100 Hz 40 C A","34","IAC,max 100 Hz 85 C A","26","IAC,R 100 Hz 105 C A","13","IAC,max 100 Hz 40 C A=34; IAC,max 100 Hz 85 C A=26; IAC,R 100 Hz 105 C A=13","CR Case ESRtyp ESRmax Zmax IAC,max IAC,max IAC,R Ordering code | 100 Hz dimensions 100 Hz 100 Hz 10 kHz 100 Hz 100 Hz 100 Hz (composition see | 20 C dxl 20 C 20 C 20 C 40 C 85 C 105 C below) | uF mm mOhm mOhm mOhm A A A","4.8;12;9.3;34;26;13","68000 51.6 x 80.7 4.8 12 9.3 34 26 13 B415*0A5689M60#","parsed",""
"B41560_B41580.pdf","B41560/B41580","25","100000","51.6","105.7","B415*0A5100M60#","ESRtyp 100 Hz 20 C mOhm","4.7","ESRmax 100 Hz 20 C mOhm","9.4","ESRtyp 100 Hz 20 C mOhm=4.7; ESRmax 100 Hz 20 C mOhm=9.4","Zmax 10 kHz 20 C mOhm","7.6","Zmax 10 kHz 20 C mOhm=7.6","IAC,max 100 Hz 40 C A","34","IAC,max 100 Hz 85 C A","32","IAC,R 100 Hz 105 C A","15","IAC,max 100 Hz 40 C A=34; IAC,max 100 Hz 85 C A=32; IAC,R 100 Hz 105 C A=15","CR Case ESRtyp ESRmax Zmax IAC,max IAC,max IAC,R Ordering code | 100 Hz dimensions 100 Hz 100 Hz 10 kHz 100 Hz 100 Hz 100 Hz (composition see | 20 C dxl 20 C 20 C 20 C 40 C 85 C 105 C below) | uF mm mOhm mOhm mOhm A A A","4.7;9.4;7.6;34;32;15","100000 51.6 x 105.7 4.7 9.4 7.6 34 32 15 B415*0A5100M60#","parsed",""
"B41560_B41580.pdf","B41560/B41580","25","150000","64.3","105.7","B415*0A5150M60#","ESRtyp 100 Hz 20 C mOhm","4.0","ESRmax 100 Hz 20 C mOhm","8.0","ESRtyp 100 Hz 20 C mOhm=4.0; ESRmax 100 Hz 20 C mOhm=8.0","Zmax 10 kHz 20 C mOhm","6.4","Zmax 10 kHz 20 C mOhm=6.4","IAC,max 100 Hz 40 C A","45","IAC,max 100 Hz 85 C A","38","IAC,R 100 Hz 105 C A","18","IAC,max 100 Hz 40 C A=45; IAC,max 100 Hz 85 C A=38; IAC,R 100 Hz 105 C A=18","CR Case ESRtyp ESRmax Zmax IAC,max IAC,max IAC,R Ordering code | 100 Hz dimensions 100 Hz 100 Hz 10 kHz 100 Hz 100 Hz 100 Hz (composition see | 20 C dxl 20 C 20 C 20 C 40 C 85 C 105 C below) | uF mm mOhm mOhm mOhm A A A","4.0;8.0;6.4;45;38;18","150000 64.3 x 105.7 4.0 8.0 6.4 45 38 18 B415*0A5150M60#","parsed",""
"B41560_B41580.pdf","B41560/B41580","25","220000","76.9","105.7","B415*0A5220M60#","ESRtyp 100 Hz 20 C mOhm","3.5","ESRmax 100 Hz 20 C mOhm","5.3","ESRtyp 100 Hz 20 C mOhm=3.5; ESRmax 100 Hz 20 C mOhm=5.3","Zmax 10 kHz 20 C mOhm","5.6","Zmax 10 kHz 20 C mOhm=5.6","IAC,max 100 Hz 40 C A","57","IAC,max 100 Hz 85 C A","40","IAC,R 100 Hz 105 C A","20","IAC,max 100 Hz 40 C A=57; IAC,max 100 Hz 85 C A=40; IAC,R 100 Hz 105 C A=20","CR Case ESRtyp ESRmax Zmax IAC,max IAC,max IAC,R Ordering code | 100 Hz dimensions 100 Hz 100 Hz 10 kHz 100 Hz 100 Hz 100 Hz (composition see | 20 C dxl 20 C 20 C 20 C 40 C 85 C 105 C below) | uF mm mOhm mOhm mOhm A A A","3.5;5.3;5.6;57;40;20","220000 76.9 x 105.7 3.5 5.3 5.6 57 40 20 B415*0A5220M60#","parsed",""
"B41560_B41580.pdf","B41560/B41580","25","330000","76.9","143.2","B415*0A5330M60#","ESRtyp 100 Hz 20 C mOhm","3.0","ESRmax 100 Hz 20 C mOhm","4.5","ESRtyp 100 Hz 20 C mOhm=3.0; ESRmax 100 Hz 20 C mOhm=4.5","Zmax 10 kHz 20 C mOhm","5.1","Zmax 10 kHz 20 C mOhm=5.1","IAC,max 100 Hz 40 C A","57","IAC,max 100 Hz 85 C A","50","IAC,R 100 Hz 105 C A","24","IAC,max 100 Hz 40 C A=57; IAC,max 100 Hz 85 C A=50; IAC,R 100 Hz 105 C A=24","CR Case ESRtyp ESRmax Zmax IAC,max IAC,max IAC,R Ordering code | 100 Hz dimensions 100 Hz 100 Hz 10 kHz 100 Hz 100 Hz 100 Hz (composition see | 20 C dxl 20 C 20 C 20 C 40 C 85 C 105 C below) | uF mm mOhm mOhm mOhm A A A","3.0;4.5;5.1;57;50;24","330000 76.9 x 143.2 3.0 4.5 5.1 57 50 24 B415*0A5330M60#","parsed",""
"B41560_B41580.pdf","B41560/B41580","40","33000","51.6","80.7","B415*0A7339M60#","ESRtyp 100 Hz 20 C mOhm","6.0","ESRmax 100 Hz 20 C mOhm","12","ESRtyp 100 Hz 20 C mOhm=6.0; ESRmax 100 Hz 20 C mOhm=12","Zmax 10 kHz 20 C mOhm","13","Zmax 10 kHz 20 C mOhm=13","IAC,max 100 Hz 40 C A","34","IAC,max 100 Hz 85 C A","23","IAC,R 100 Hz 105 C A","11","IAC,max 100 Hz 40 C A=34; IAC,max 100 Hz 85 C A=23; IAC,R 100 Hz 105 C A=11","CR Case ESRtyp ESRmax Zmax IAC,max IAC,max IAC,R Ordering code | 100 Hz dimensions 100 Hz 100 Hz 10 kHz 100 Hz 100 Hz 100 Hz (composition see | 20 C dxl 20 C 20 C 20 C 40 C 85 C 105 C below) | uF mm mOhm mOhm mOhm A A A","6.0;12;13;34;23;11","33000 51.6 x 80.7 6.0 12 13 34 23 11 B415*0A7339M60#","parsed",""
"B41560_B41580.pdf","B41560/B41580","40","47000","51.6","105.7","B415*0A7479M60#","ESRtyp 100 Hz 20 C mOhm","5.0","ESRmax 100 Hz 20 C mOhm","10","ESRtyp 100 Hz 20 C mOhm=5.0; ESRmax 100 Hz 20 C mOhm=10","Zmax 10 kHz 20 C mOhm","10","Zmax 10 kHz 20 C mOhm=10","IAC,max 100 Hz 40 C A","34","IAC,max 100 Hz 85 C A","29","IAC,R 100 Hz 105 C A","14","IAC,max 100 Hz 40 C A=34; IAC,max 100 Hz 85 C A=29; IAC,R 100 Hz 105 C A=14","CR Case ESRtyp ESRmax Zmax IAC,max IAC,max IAC,R Ordering code | 100 Hz dimensions 100 Hz 100 Hz 10 kHz 100 Hz 100 Hz 100 Hz (composition see | 20 C dxl 20 C 20 C 20 C 40 C 85 C 105 C below) | uF mm mOhm mOhm mOhm A A A","5.0;10;10;34;29;14","47000 51.6 x 105.7 5.0 10 10 34 29 14 B415*0A7479M60#","parsed",""
"B41560_B41580.pdf","B41560/B41580","40","68000","51.6","105.7","B415*0A7689M60#","ESRtyp 100 Hz 20 C mOhm","4.5","ESRmax 100 Hz 20 C mOhm","9.0","ESRtyp 100 Hz 20 C mOhm=4.5; ESRmax 100 Hz 20 C mOhm=9.0","Zmax 10 kHz 20 C mOhm","8.4","Zmax 10 kHz 20 C mOhm=8.4","IAC,max 100 Hz 40 C A","34","IAC,max 100 Hz 85 C A","30","IAC,R 100 Hz 105 C A","15","IAC,max 100 Hz 40 C A=34; IAC,max 100 Hz 85 C A=30; IAC,R 100 Hz 105 C A=15","CR Case ESRtyp ESRmax Zmax IAC,max IAC,max IAC,R Ordering code | 100 Hz dimensions 100 Hz 100 Hz 10 kHz 100 Hz 100 Hz 100 Hz (composition see | 20 C dxl 20 C 20 C 20 C 40 C 85 C 105 C below) | uF mm mOhm mOhm mOhm A A A","4.5;9.0;8.4;34;30;15","68000 51.6 x 105.7 4.5 9.0 8.4 34 30 15 B415*0A7689M60#","parsed",""
"B41560_B41580.pdf","B41560/B41580","40","100000","64.3","105.7","B415*0A7100M60#","ESRtyp 100 Hz 20 C mOhm","4.1","ESRmax 100 Hz 20 C mOhm","8.2","ESRtyp 100 Hz 20 C mOhm=4.1; ESRmax 100 Hz 20 C mOhm=8.2","Zmax 10 kHz 20 C mOhm","7.0","Zmax 10 kHz 20 C mOhm=7.0","IAC,max 100 Hz 40 C A","45","IAC,max 100 Hz 85 C A","38","IAC,R 100 Hz 105 C A","18","IAC,max 100 Hz 40 C A=45; IAC,max 100 Hz 85 C A=38; IAC,R 100 Hz 105 C A=18","CR Case ESRtyp ESRmax Zmax IAC,max IAC,max IAC,R Ordering code | 100 Hz dimensions 100 Hz 100 Hz 10 kHz 100 Hz 100 Hz 100 Hz (composition see | 20 C dxl 20 C 20 C 20 C 40 C 85 C 105 C below) | uF mm mOhm mOhm mOhm A A A","4.1;8.2;7.0;45;38;18","100000 64.3 x 105.7 4.1 8.2 7.0 45 38 18 B415*0A7100M60#","parsed",""
"B41560_B41580.pdf","B41560/B41580","40","150000","76.9","105.7","B415*0A7150M60#","ESRtyp 100 Hz 20 C mOhm","3.6","ESRmax 100 Hz 20 C mOhm","7.2","ESRtyp 100 Hz 20 C mOhm=3.6; ESRmax 100 Hz 20 C mOhm=7.2","Zmax 10 kHz 20 C mOhm","6.0","Zmax 10 kHz 20 C mOhm=6.0","IAC,max 100 Hz 40 C A","57","IAC,max 100 Hz 85 C A","41","IAC,R 100 Hz 105 C A","20","IAC,max 100 Hz 40 C A=57; IAC,max 100 Hz 85 C A=41; IAC,R 100 Hz 105 C A=20","CR Case ESRtyp ESRmax Zmax IAC,max IAC,max IAC,R Ordering code | 100 Hz dimensions 100 Hz 100 Hz 10 kHz 100 Hz 100 Hz 100 Hz (composition see | 20 C dxl 20 C 20 C 20 C 40 C 85 C 105 C below) | uF mm mOhm mOhm mOhm A A A","3.6;7.2;6.0;57;41;20","150000 76.9 x 105.7 3.6 7.2 6.0 57 41 20 B415*0A7150M60#","parsed",""
"B41560_B41580.pdf","B41560/B41580","40","220000","76.9","143.2","B415*0A7220M60#","ESRtyp 100 Hz 20 C mOhm","3.3","ESRmax 100 Hz 20 C mOhm","5.0","ESRtyp 100 Hz 20 C mOhm=3.3; ESRmax 100 Hz 20 C mOhm=5.0","Zmax 10 kHz 20 C mOhm","5.4","Zmax 10 kHz 20 C mOhm=5.4","IAC,max 100 Hz 40 C A","57","IAC,max 100 Hz 85 C A","49","IAC,R 100 Hz 105 C A","24","IAC,max 100 Hz 40 C A=57; IAC,max 100 Hz 85 C A=49; IAC,R 100 Hz 105 C A=24","CR Case ESRtyp ESRmax Zmax IAC,max IAC,max IAC,R Ordering code | 100 Hz dimensions 100 Hz 100 Hz 10 kHz 100 Hz 100 Hz 100 Hz (composition see | 20 C dxl 20 C 20 C 20 C 40 C 85 C 105 C below) | uF mm mOhm mOhm mOhm A A A","3.3;5.0;5.4;57;49;24","220000 76.9 x 143.2 3.3 5.0 5.4 57 49 24 B415*0A7220M60#","parsed",""
"B41560_B41580.pdf","B41560/B41580","63","15000","51.6","80.7","B415*0A8159M60#","ESRtyp 100 Hz 20 C mOhm","9.5","ESRmax 100 Hz 20 C mOhm","19","ESRtyp 100 Hz 20 C mOhm=9.5; ESRmax 100 Hz 20 C mOhm=19","Zmax 10 kHz 20 C mOhm","14","Zmax 10 kHz 20 C mOhm=14","IAC,max 100 Hz 40 C A","31","IAC,max 100 Hz 85 C A","19","IAC,R 100 Hz 105 C A","9.1","IAC,max 100 Hz 40 C A=31; IAC,max 100 Hz 85 C A=19; IAC,R 100 Hz 105 C A=9.1","CR Case ESRtyp ESRmax Zmax IAC,max IAC,max IAC,R Ordering code | 100 Hz dimensions 100 Hz 100 Hz 10 kHz 100 Hz 100 Hz 100 Hz (composition see | 20 C dxl 20 C 20 C 20 C 40 C 85 C 105 C below) | uF mm mOhm mOhm mOhm A A A","9.5;19;14;31;19;9.1","15000 51.6 x 80.7 9.5 19 14 31 19 9.1 B415*0A8159M60#","parsed",""
"B41560_B41580.pdf","B41560/B41580","63","22000","51.6","105.7","B415*0A8229M60#","ESRtyp 100 Hz 20 C mOhm","7.0","ESRmax 100 Hz 20 C mOhm","14","ESRtyp 100 Hz 20 C mOhm=7.0; ESRmax 100 Hz 20 C mOhm=14","Zmax 10 kHz 20 C mOhm","14","Zmax 10 kHz 20 C mOhm=14","IAC,max 100 Hz 40 C A","34","IAC,max 100 Hz 85 C A","25","IAC,R 100 Hz 105 C A","12","IAC,max 100 Hz 40 C A=34; IAC,max 100 Hz 85 C A=25; IAC,R 100 Hz 105 C A=12","CR Case ESRtyp ESRmax Zmax IAC,max IAC,max IAC,R Ordering code | 100 Hz dimensions 100 Hz 100 Hz 10 kHz 100 Hz 100 Hz 100 Hz (composition see | 20 C dxl 20 C 20 C 20 C 40 C 85 C 105 C below) | uF mm mOhm mOhm mOhm A A A","7.0;14;14;34;25;12","22000 51.6 x 105.7 7.0 14 14 34 25 12 B415*0A8229M60#","parsed",""
"B41560_B41580.pdf","B41560/B41580","63","33000","64.3","105.7","B415*0A8339M60#","ESRtyp 100 Hz 20 C mOhm","5.5","ESRmax 100 Hz 20 C mOhm","11","ESRtyp 100 Hz 20 C mOhm=5.5; ESRmax 100 Hz 20 C mOhm=11","Zmax 10 kHz 20 C mOhm","12","Zmax 10 kHz 20 C mOhm=12","IAC,max 100 Hz 40 C A","45","IAC,max 100 Hz 85 C A","31","IAC,R 100 Hz 105 C A","15","IAC,max 100 Hz 40 C A=45; IAC,max 100 Hz 85 C A=31; IAC,R 100 Hz 105 C A=15","CR Case ESRtyp ESRmax Zmax IAC,max IAC,max IAC,R Ordering code | 100 Hz dimensions 100 Hz 100 Hz 10 kHz 100 Hz 100 Hz 100 Hz (composition see | 20 C dxl 20 C 20 C 20 C 40 C 85 C 105 C below) | uF mm mOhm mOhm mOhm A A A","5.5;11;12;45;31;15","33000 64.3 x 105.7 5.5 11 12 45 31 15 B415*0A8339M60#","parsed",""
"B41560_B41580.pdf","B41560/B41580","63","47000","64.3","105.7","B415*0A8479M60#","ESRtyp 100 Hz 20 C mOhm","4.8","ESRmax 100 Hz 20 C mOhm","10","ESRtyp 100 Hz 20 C mOhm=4.8; ESRmax 100 Hz 20 C mOhm=10","Zmax 10 kHz 20 C mOhm","9.4","Zmax 10 kHz 20 C mOhm=9.4","IAC,max 100 Hz 40 C A","45","IAC,max 100 Hz 85 C A","35","IAC,R 100 Hz 105 C A","17","IAC,max 100 Hz 40 C A=45; IAC,max 100 Hz 85 C A=35; IAC,R 100 Hz 105 C A=17","CR Case ESRtyp ESRmax Zmax IAC,max IAC,max IAC,R Ordering code | 100 Hz dimensions 100 Hz 100 Hz 10 kHz 100 Hz 100 Hz 100 Hz (composition see | 20 C dxl 20 C 20 C 20 C 40 C 85 C 105 C below) | uF mm mOhm mOhm mOhm A A A","4.8;10;9.4;45;35;17","47000 64.3 x 105.7 4.8 10 9.4 45 35 17 B415*0A8479M60#","parsed",""
"B41560_B41580.pdf","B41560/B41580","63","68000","76.9","105.7","B415*0A8689M60#","ESRtyp 100 Hz 20 C mOhm","3.3","ESRmax 100 Hz 20 C mOhm","5.0","ESRtyp 100 Hz 20 C mOhm=3.3; ESRmax 100 Hz 20 C mOhm=5.0","Zmax 10 kHz 20 C mOhm","7.8","Zmax 10 kHz 20 C mOhm=7.8","IAC,max 100 Hz 40 C A","57","IAC,max 100 Hz 85 C A","39","IAC,R 100 Hz 105 C A","19","IAC,max 100 Hz 40 C A=57; IAC,max 100 Hz 85 C A=39; IAC,R 100 Hz 105 C A=19","CR Case ESRtyp ESRmax Zmax IAC,max IAC,max IAC,R Ordering code | 100 Hz dimensions 100 Hz 100 Hz 10 kHz 100 Hz 100 Hz 100 Hz (composition see | 20 C dxl 20 C 20 C 20 C 40 C 85 C 105 C below) | uF mm mOhm mOhm mOhm A A A","3.3;5.0;7.8;57;39;19","68000 76.9 x 105.7 3.3 5.0 7.8 57 39 19 B415*0A8689M60#","parsed",""
"B41560_B41580.pdf","B41560/B41580","63","100000","76.9","143.2","B415*0A8100M60#","ESRtyp 100 Hz 20 C mOhm","3.3","ESRmax 100 Hz 20 C mOhm","5.0","ESRtyp 100 Hz 20 C mOhm=3.3; ESRmax 100 Hz 20 C mOhm=5.0","Zmax 10 kHz 20 C mOhm","6.6","Zmax 10 kHz 20 C mOhm=6.6","IAC,max 100 Hz 40 C A","57","IAC,max 100 Hz 85 C A","48","IAC,R 100 Hz 105 C A","23","IAC,max 100 Hz 40 C A=57; IAC,max 100 Hz 85 C A=48; IAC,R 100 Hz 105 C A=23","CR Case ESRtyp ESRmax Zmax IAC,max IAC,max IAC,R Ordering code | 100 Hz dimensions 100 Hz 100 Hz 10 kHz 100 Hz 100 Hz 100 Hz (composition see | 20 C dxl 20 C 20 C 20 C 40 C 85 C 105 C below) | uF mm mOhm mOhm mOhm A A A","3.3;5.0;6.6;57;48;23","100000 76.9 x 143.2 3.3 5.0 6.6 57 48 23 B415*0A8100M60#","parsed",""
"B41560_B41580.pdf","B41560/B41580","100","6800","51.6","80.7","B415*0A9688M60#","ESRtyp 100 Hz 20 C mOhm","12","ESRmax 100 Hz 20 C mOhm","24","ESRtyp 100 Hz 20 C mOhm=12; ESRmax 100 Hz 20 C mOhm=24","Zmax 10 kHz 20 C mOhm","25","Zmax 10 kHz 20 C mOhm=25","IAC,max 100 Hz 40 C A","30","IAC,max 100 Hz 85 C A","18","IAC,R 100 Hz 105 C A","8.7","IAC,max 100 Hz 40 C A=30; IAC,max 100 Hz 85 C A=18; IAC,R 100 Hz 105 C A=8.7","CR Case ESRtyp ESRmax Zmax IAC,max IAC,max IAC,R Ordering code | 100 Hz dimensions 100 Hz 100 Hz 10 kHz 100 Hz 100 Hz 100 Hz (composition see | 20 C dxl 20 C 20 C 20 C 40 C 85 C 105 C below) | uF mm mOhm mOhm mOhm A A A","12;24;25;30;18;8.7","6800 51.6 x 80.7 12 24 25 30 18 8.7 B415*0A9688M60#","parsed",""
"B41560_B41580.pdf","B41560/B41580","100","10000","51.6","105.7","B415*0A9109M60#","ESRtyp 100 Hz 20 C mOhm","7.0","ESRmax 100 Hz 20 C mOhm","14","ESRtyp 100 Hz 20 C mOhm=7.0; ESRmax 100 Hz 20 C mOhm=14","Zmax 10 kHz 20 C mOhm","12","Zmax 10 kHz 20 C mOhm=12","IAC,max 100 Hz 40 C A","34","IAC,max 100 Hz 85 C A","24","IAC,R 100 Hz 105 C A","11","IAC,max 100 Hz 40 C A=34; IAC,max 100 Hz 85 C A=24; IAC,R 100 Hz 105 C A=11","CR Case ESRtyp ESRmax Zmax IAC,max IAC,max IAC,R Ordering code | 100 Hz dimensions 100 Hz 100 Hz 10 kHz 100 Hz 100 Hz 100 Hz (composition see | 20 C dxl 20 C 20 C 20 C 40 C 85 C 105 C below) | uF mm mOhm mOhm mOhm A A A","7.0;14;12;34;24;11","10000 51.6 x 105.7 7.0 14 12 34 24 11 B415*0A9109M60#","parsed",""
"B41560_B41580.pdf","B41560/B41580","100","15000","64.3","105.7","B415*0A9159M60#","ESRtyp 100 Hz 20 C mOhm","5.0","ESRmax 100 Hz 20 C mOhm","10","ESRtyp 100 Hz 20 C mOhm=5.0; ESRmax 100 Hz 20 C mOhm=10","Zmax 10 kHz 20 C mOhm","10","Zmax 10 kHz 20 C mOhm=10","IAC,max 100 Hz 40 C A","45","IAC,max 100 Hz 85 C A","30","IAC,R 100 Hz 105 C A","15","IAC,max 100 Hz 40 C A=45; IAC,max 100 Hz 85 C A=30; IAC,R 100 Hz 105 C A=15","CR Case ESRtyp ESRmax Zmax IAC,max IAC,max IAC,R Ordering code | 100 Hz dimensions 100 Hz 100 Hz 10 kHz 100 Hz 100 Hz 100 Hz (composition see | 20 C dxl 20 C 20 C 20 C 40 C 85 C 105 C below) | uF mm mOhm mOhm mOhm A A A","5.0;10;10;45;30;15","15000 64.3 x 105.7 5.0 10 10 45 30 15 B415*0A9159M60#","parsed",""
"B41560_B41580.pdf","B41560/B41580","100","22000","76.9","105.7","B415*0A9229M60#","ESRtyp 100 Hz 20 C mOhm","4.0","ESRmax 100 Hz 20 C mOhm","6.0","ESRtyp 100 Hz 20 C mOhm=4.0; ESRmax 100 Hz 20 C mOhm=6.0","Zmax 10 kHz 20 C mOhm","6.0","Zmax 10 kHz 20 C mOhm=6.0","IAC,max 100 Hz 40 C A","57","IAC,max 100 Hz 85 C A","35","IAC,R 100 Hz 105 C A","17","IAC,max 100 Hz 40 C A=57; IAC,max 100 Hz 85 C A=35; IAC,R 100 Hz 105 C A=17","CR Case ESRtyp ESRmax Zmax IAC,max IAC,max IAC,R Ordering code | 100 Hz dimensions 100 Hz 100 Hz 10 kHz 100 Hz 100 Hz 100 Hz (composition see | 20 C dxl 20 C 20 C 20 C 40 C 85 C 105 C below) | uF mm mOhm mOhm mOhm A A A","4.0;6.0;6.0;57;35;17","22000 76.9 x 105.7 4.0 6.0 6.0 57 35 17 B415*0A9229M60#","parsed",""
"B41560_B41580.pdf","B41560/B41580","100","33000","76.9","143.2","B415*0A9339M60#","ESRtyp 100 Hz 20 C mOhm","3.3","ESRmax 100 Hz 20 C mOhm","5.0","ESRtyp 100 Hz 20 C mOhm=3.3; ESRmax 100 Hz 20 C mOhm=5.0","Zmax 10 kHz 20 C mOhm","8.4","Zmax 10 kHz 20 C mOhm=8.4","IAC,max 100 Hz 40 C A","57","IAC,max 100 Hz 85 C A","44","IAC,R 100 Hz 105 C A","21","IAC,max 100 Hz 40 C A=57; IAC,max 100 Hz 85 C A=44; IAC,R 100 Hz 105 C A=21","CR Case ESRtyp ESRmax Zmax IAC,max IAC,max IAC,R Ordering code | 100 Hz dimensions 100 Hz 100 Hz 10 kHz 100 Hz 100 Hz 100 Hz (composition see | 20 C dxl 20 C 20 C 20 C 40 C 85 C 105 C below) | uF mm mOhm mOhm mOhm A A A","3.3;5.0;8.4;57;44;21","33000 76.9 x 143.2 3.3 5.0 8.4 57 44 21 B415*0A9339M60#","parsed",""
"B43700_B43720.pdf","B43700/B43720","550","820","51.6","80.7","B437*0E7827M6##","ESRtyp 100 Hz 20 C mOhm","110","ESRtyp 300 Hz 60 C mOhm","28","ESRtyp 100 Hz 20 C mOhm=110; ESRtyp 300 Hz 60 C mOhm=28","Zmax 10 kHz 20 C mOhm","160","Zmax 10 kHz 20 C mOhm=160","IAC,max 100 Hz 60 C A","9.71","IAC,R 100 Hz 85 C A","5.43","","","IAC,max 100 Hz 60 C A=9.71; IAC,R 100 Hz 85 C A=5.43","CR Case ESRtyp ESRtyp Zmax IAC,max IAC,R Ordering code | 100 Hz dimensions 100 Hz 300 Hz 10 kHz 100 Hz 100 Hz (composition see below) | 20 C dxl 20 C 60 C 20 C 60 C 85 C | uF mm mOhm mOhm mOhm A A","110;28;160;9.71;5.43","820 51.6 x 80.7 110 28 160 9.71 5.43 B437*0E7827M6##","parsed",""
"B43700_B43720.pdf","B43700/B43720","550","1000","51.6","96.7","B437*0E7108M6##","ESRtyp 100 Hz 20 C mOhm","90","ESRtyp 300 Hz 60 C mOhm","24","ESRtyp 100 Hz 20 C mOhm=90; ESRtyp 300 Hz 60 C mOhm=24","Zmax 10 kHz 20 C mOhm","130","Zmax 10 kHz 20 C mOhm=130","IAC,max 100 Hz 60 C A","11.8","IAC,R 100 Hz 85 C A","6.21","","","IAC,max 100 Hz 60 C A=11.8; IAC,R 100 Hz 85 C A=6.21","CR Case ESRtyp ESRtyp Zmax IAC,max IAC,R Ordering code | 100 Hz dimensions 100 Hz 300 Hz 10 kHz 100 Hz 100 Hz (composition see below) | 20 C dxl 20 C 60 C 20 C 60 C 85 C | uF mm mOhm mOhm mOhm A A","90;24;130;11.8;6.21","1000 51.6 x 96.7 90 24 130 11.8 6.21 B437*0E7108M6##","parsed",""
"B43700_B43720.pdf","B43700/B43720","550","1200","51.6","105.7","B437*0E7128M6##","ESRtyp 100 Hz 20 C mOhm","75","ESRtyp 300 Hz 60 C mOhm","20","ESRtyp 100 Hz 20 C mOhm=75; ESRtyp 300 Hz 60 C mOhm=20","Zmax 10 kHz 20 C mOhm","110","Zmax 10 kHz 20 C mOhm=110","IAC,max 100 Hz 60 C A","13.5","IAC,R 100 Hz 85 C A","7.05","","","IAC,max 100 Hz 60 C A=13.5; IAC,R 100 Hz 85 C A=7.05","CR Case ESRtyp ESRtyp Zmax IAC,max IAC,R Ordering code | 100 Hz dimensions 100 Hz 300 Hz 10 kHz 100 Hz 100 Hz (composition see below) | 20 C dxl 20 C 60 C 20 C 60 C 85 C | uF mm mOhm mOhm mOhm A A","75;20;110;13.5;7.05","1200 51.6 x 105.7 75 20 110 13.5 7.05 B437*0E7128M6##","parsed",""
"B43700_B43720.pdf","B43700/B43720","550","1200","64.3","80.7","B437*0F7128M6##","ESRtyp 100 Hz 20 C mOhm","75","ESRtyp 300 Hz 60 C mOhm","20","ESRtyp 100 Hz 20 C mOhm=75; ESRtyp 300 Hz 60 C mOhm=20","Zmax 10 kHz 20 C mOhm","110","Zmax 10 kHz 20 C mOhm=110","IAC,max 100 Hz 60 C A","13.1","IAC,R 100 Hz 85 C A","7.16","","","IAC,max 100 Hz 60 C A=13.1; IAC,R 100 Hz 85 C A=7.16","CR Case ESRtyp ESRtyp Zmax IAC,max IAC,R Ordering code | 100 Hz dimensions 100 Hz 300 Hz 10 kHz 100 Hz 100 Hz (composition see below) | 20 C dxl 20 C 60 C 20 C 60 C 85 C | uF mm mOhm mOhm mOhm A A","75;20;110;13.1;7.16","1200 64.3 x 80.7 75 20 110 13.1 7.16 B437*0F7128M6##","parsed",""
"B43700_B43720.pdf","B43700/B43720","550","1500","51.6","118.2","B437*0E7158M6##","ESRtyp 100 Hz 20 C mOhm","60","ESRtyp 300 Hz 60 C mOhm","16","ESRtyp 100 Hz 20 C mOhm=60; ESRtyp 300 Hz 60 C mOhm=16","Zmax 10 kHz 20 C mOhm","90","Zmax 10 kHz 20 C mOhm=90","IAC,max 100 Hz 60 C A","15.9","IAC,R 100 Hz 85 C A","8.29","","","IAC,max 100 Hz 60 C A=15.9; IAC,R 100 Hz 85 C A=8.29","CR Case ESRtyp ESRtyp Zmax IAC,max IAC,R Ordering code | 100 Hz dimensions 100 Hz 300 Hz 10 kHz 100 Hz 100 Hz (composition see below) | 20 C dxl 20 C 60 C 20 C 60 C 85 C | uF mm mOhm mOhm mOhm A A","60;16;90;15.9;8.29","1500 51.6 x 118.2 60 16 90 15.9 8.29 B437*0E7158M6##","parsed",""
"B43700_B43720.pdf","B43700/B43720","550","1500","64.3","96.7","B437*0F7158M6##","ESRtyp 100 Hz 20 C mOhm","60","ESRtyp 300 Hz 60 C mOhm","16","ESRtyp 100 Hz 20 C mOhm=60; ESRtyp 300 Hz 60 C mOhm=16","Zmax 10 kHz 20 C mOhm","90","Zmax 10 kHz 20 C mOhm=90","IAC,max 100 Hz 60 C A","15.9","IAC,R 100 Hz 85 C A","8.27","","","IAC,max 100 Hz 60 C A=15.9; IAC,R 100 Hz 85 C A=8.27","CR Case ESRtyp ESRtyp Zmax IAC,max IAC,R Ordering code | 100 Hz dimensions 100 Hz 300 Hz 10 kHz 100 Hz 100 Hz (composition see below) | 20 C dxl 20 C 60 C 20 C 60 C 85 C | uF mm mOhm mOhm mOhm A A","60;16;90;15.9;8.27","1500 64.3 x 96.7 60 16 90 15.9 8.27 B437*0F7158M6##","parsed",""
"B43700_B43720.pdf","B43700/B43720","550","1800","64.3","96.7","B437*0E7188M6##","ESRtyp 100 Hz 20 C mOhm","50","ESRtyp 300 Hz 60 C mOhm","14","ESRtyp 100 Hz 20 C mOhm=50; ESRtyp 300 Hz 60 C mOhm=14","Zmax 10 kHz 20 C mOhm","75","Zmax 10 kHz 20 C mOhm=75","IAC,max 100 Hz 60 C A","18.0","IAC,R 100 Hz 85 C A","9.35","","","IAC,max 100 Hz 60 C A=18.0; IAC,R 100 Hz 85 C A=9.35","CR Case ESRtyp ESRtyp Zmax IAC,max IAC,R Ordering code | 100 Hz dimensions 100 Hz 300 Hz 10 kHz 100 Hz 100 Hz (composition see below) | 20 C dxl 20 C 60 C 20 C 60 C 85 C | uF mm mOhm mOhm mOhm A A","50;14;75;18.0;9.35","1800 64.3 x 96.7 50 14 75 18.0 9.35 B437*0E7188M6##","parsed",""
"B43700_B43720.pdf","B43700/B43720","550","2200","64.3","118.2","B437*0E7228M6##","ESRtyp 100 Hz 20 C mOhm","40","ESRtyp 300 Hz 60 C mOhm","11","ESRtyp 100 Hz 20 C mOhm=40; ESRtyp 300 Hz 60 C mOhm=11","Zmax 10 kHz 20 C mOhm","60","Zmax 10 kHz 20 C mOhm=60","IAC,max 100 Hz 60 C A","20.6","IAC,R 100 Hz 85 C A","10.7","","","IAC,max 100 Hz 60 C A=20.6; IAC,R 100 Hz 85 C A=10.7","CR Case ESRtyp ESRtyp Zmax IAC,max IAC,R Ordering code | 100 Hz dimensions 100 Hz 300 Hz 10 kHz 100 Hz 100 Hz (composition see below) | 20 C dxl 20 C 60 C 20 C 60 C 85 C | uF mm mOhm mOhm mOhm A A","40;11;60;20.6;10.7","2200 64.3 x 118.2 40 11 60 20.6 10.7 B437*0E7228M6##","parsed",""
"B43700_B43720.pdf","B43700/B43720","550","2200","76.9","96.7","B437*0F7228M6##","ESRtyp 100 Hz 20 C mOhm","40","ESRtyp 300 Hz 60 C mOhm","11","ESRtyp 100 Hz 20 C mOhm=40; ESRtyp 300 Hz 60 C mOhm=11","Zmax 10 kHz 20 C mOhm","60","Zmax 10 kHz 20 C mOhm=60","IAC,max 100 Hz 60 C A","22.1","IAC,R 100 Hz 85 C A","11.5","","","IAC,max 100 Hz 60 C A=22.1; IAC,R 100 Hz 85 C A=11.5","CR Case ESRtyp ESRtyp Zmax IAC,max IAC,R Ordering code | 100 Hz dimensions 100 Hz 300 Hz 10 kHz 100 Hz 100 Hz (composition see below) | 20 C dxl 20 C 60 C 20 C 60 C 85 C | uF mm mOhm mOhm mOhm A A","40;11;60;22.1;11.5","2200 76.9 x 96.7 40 11 60 22.1 11.5 B437*0F7228M6##","parsed",""
"B43700_B43720.pdf","B43700/B43720","550","2700","64.3","130.7","B437*0E7278M6##","ESRtyp 100 Hz 20 C mOhm","34","ESRtyp 300 Hz 60 C mOhm","9.1","ESRtyp 100 Hz 20 C mOhm=34; ESRtyp 300 Hz 60 C mOhm=9.1","Zmax 10 kHz 20 C mOhm","50","Zmax 10 kHz 20 C mOhm=50","IAC,max 100 Hz 60 C A","23.8","IAC,R 100 Hz 85 C A","12.3","","","IAC,max 100 Hz 60 C A=23.8; IAC,R 100 Hz 85 C A=12.3","CR Case ESRtyp ESRtyp Zmax IAC,max IAC,R Ordering code | 100 Hz dimensions 100 Hz 300 Hz 10 kHz 100 Hz 100 Hz (composition see below) | 20 C dxl 20 C 60 C 20 C 60 C 85 C | uF mm mOhm mOhm mOhm A A","34;9.1;50;23.8;12.3","2700 64.3 x 130.7 34 9.1 50 23.8 12.3 B437*0E7278M6##","parsed",""
"B43700_B43720.pdf","B43700/B43720","550","2700","76.9","105.7","B437*0F7278M6##","ESRtyp 100 Hz 20 C mOhm","34","ESRtyp 300 Hz 60 C mOhm","8.8","ESRtyp 100 Hz 20 C mOhm=34; ESRtyp 300 Hz 60 C mOhm=8.8","Zmax 10 kHz 20 C mOhm","50","Zmax 10 kHz 20 C mOhm=50","IAC,max 100 Hz 60 C A","25.3","IAC,R 100 Hz 85 C A","13.1","","","IAC,max 100 Hz 60 C A=25.3; IAC,R 100 Hz 85 C A=13.1","CR Case ESRtyp ESRtyp Zmax IAC,max IAC,R Ordering code | 100 Hz dimensions 100 Hz 300 Hz 10 kHz 100 Hz 100 Hz (composition see below) | 20 C dxl 20 C 60 C 20 C 60 C 85 C | uF mm mOhm mOhm mOhm A A","34;8.8;50;25.3;13.1","2700 76.9 x 105.7 34 8.8 50 25.3 13.1 B437*0F7278M6##","parsed",""
"B43700_B43720.pdf","B43700/B43720","550","2700","90.0","97.0","B437*0G7278M6##","ESRtyp 100 Hz 20 C mOhm","34","ESRtyp 300 Hz 60 C mOhm","9.0","ESRtyp 100 Hz 20 C mOhm=34; ESRtyp 300 Hz 60 C mOhm=9.0","Zmax 10 kHz 20 C mOhm","50","Zmax 10 kHz 20 C mOhm=50","IAC,max 100 Hz 60 C A","26.5","IAC,R 100 Hz 85 C A","13.7","","","IAC,max 100 Hz 60 C A=26.5; IAC,R 100 Hz 85 C A=13.7","CR Case ESRtyp ESRtyp Zmax IAC,max IAC,R Ordering code | 100 Hz dimensions 100 Hz 300 Hz 10 kHz 100 Hz 100 Hz (composition see below) | 20 C dxl 20 C 60 C 20 C 60 C 85 C | uF mm mOhm mOhm mOhm A A","34;9.0;50;26.5;13.7","2700 90.0 x 97.0 34 9.0 50 26.5 13.7 B437*0G7278M6##","parsed",""
"B43700_B43720.pdf","B43700/B43720","550","3300","76.9","118.2","B437*0E7338M6##","ESRtyp 100 Hz 20 C mOhm","28","ESRtyp 300 Hz 60 C mOhm","7.3","ESRtyp 100 Hz 20 C mOhm=28; ESRtyp 300 Hz 60 C mOhm=7.3","Zmax 10 kHz 20 C mOhm","40","Zmax 10 kHz 20 C mOhm=40","IAC,max 100 Hz 60 C A","28.9","IAC,R 100 Hz 85 C A","15.0","","","IAC,max 100 Hz 60 C A=28.9; IAC,R 100 Hz 85 C A=15.0","CR Case ESRtyp ESRtyp Zmax IAC,max IAC,R Ordering code | 100 Hz dimensions 100 Hz 300 Hz 10 kHz 100 Hz 100 Hz (composition see below) | 20 C dxl 20 C 60 C 20 C 60 C 85 C | uF mm mOhm mOhm mOhm A A","28;7.3;40;28.9;15.0","3300 76.9 x 118.2 28 7.3 40 28.9 15.0 B437*0E7338M6##","parsed",""
"B43700_B43720.pdf","B43700/B43720","550","3300","90.0","120.0","B437*0F7338M6##","ESRtyp 100 Hz 20 C mOhm","28","ESRtyp 300 Hz 60 C mOhm","7.4","ESRtyp 100 Hz 20 C mOhm=28; ESRtyp 300 Hz 60 C mOhm=7.4","Zmax 10 kHz 20 C mOhm","40","Zmax 10 kHz 20 C mOhm=40","IAC,max 100 Hz 60 C A","29.8","IAC,R 100 Hz 85 C A","16.0","","","IAC,max 100 Hz 60 C A=29.8; IAC,R 100 Hz 85 C A=16.0","CR Case ESRtyp ESRtyp Zmax IAC,max IAC,R Ordering code | 100 Hz dimensions 100 Hz 300 Hz 10 kHz 100 Hz 100 Hz (composition see below) | 20 C dxl 20 C 60 C 20 C 60 C 85 C | uF mm mOhm mOhm mOhm A A","28;7.4;40;29.8;16.0","3300 90.0 x 120.0 28 7.4 40 29.8 16.0 B437*0F7338M6##","parsed",""
"B43700_B43720.pdf","B43700/B43720","550","3900","76.9","143.2","B437*0E7398M6##","ESRtyp 100 Hz 20 C mOhm","24","ESRtyp 300 Hz 60 C mOhm","6.2","ESRtyp 100 Hz 20 C mOhm=24; ESRtyp 300 Hz 60 C mOhm=6.2","Zmax 10 kHz 20 C mOhm","34","Zmax 10 kHz 20 C mOhm=34","IAC,max 100 Hz 60 C A","32.2","IAC,R 100 Hz 85 C A","16.7","","","IAC,max 100 Hz 60 C A=32.2; IAC,R 100 Hz 85 C A=16.7","CR Case ESRtyp ESRtyp Zmax IAC,max IAC,R Ordering code | 100 Hz dimensions 100 Hz 300 Hz 10 kHz 100 Hz 100 Hz (composition see below) | 20 C dxl 20 C 60 C 20 C 60 C 85 C | uF mm mOhm mOhm mOhm A A","24;6.2;34;32.2;16.7","3900 76.9 x 143.2 24 6.2 34 32.2 16.7 B437*0E7398M6##","parsed",""
"B43700_B43720.pdf","B43700/B43720","550","3900","90.0","120.0","B437*0F7398M6##","ESRtyp 100 Hz 20 C mOhm","24","ESRtyp 300 Hz 60 C mOhm","6.4","ESRtyp 100 Hz 20 C mOhm=24; ESRtyp 300 Hz 60 C mOhm=6.4","Zmax 10 kHz 20 C mOhm","34","Zmax 10 kHz 20 C mOhm=34","IAC,max 100 Hz 60 C A","33.2","IAC,R 100 Hz 85 C A","17.8","","","IAC,max 100 Hz 60 C A=33.2; IAC,R 100 Hz 85 C A=17.8","CR Case ESRtyp ESRtyp Zmax IAC,max IAC,R Ordering code | 100 Hz dimensions 100 Hz 300 Hz 10 kHz 100 Hz 100 Hz (composition see below) | 20 C dxl 20 C 60 C 20 C 60 C 85 C | uF mm mOhm mOhm mOhm A A","24;6.4;34;33.2;17.8","3900 90.0 x 120.0 24 6.4 34 33.2 17.8 B437*0F7398M6##","parsed",""
"B43700_B43720.pdf","B43700/B43720","550","4700","76.9","156.2","B437*0E7478M6##","ESRtyp 100 Hz 20 C mOhm","20","ESRtyp 300 Hz 60 C mOhm","5.2","ESRtyp 100 Hz 20 C mOhm=20; ESRtyp 300 Hz 60 C mOhm=5.2","Zmax 10 kHz 20 C mOhm","28","Zmax 10 kHz 20 C mOhm=28","IAC,max 100 Hz 60 C A","36.8","IAC,R 100 Hz 85 C A","19.1","","","IAC,max 100 Hz 60 C A=36.8; IAC,R 100 Hz 85 C A=19.1","CR Case ESRtyp ESRtyp Zmax IAC,max IAC,R Ordering code | 100 Hz dimensions 100 Hz 300 Hz 10 kHz 100 Hz 100 Hz (composition see below) | 20 C dxl 20 C 60 C 20 C 60 C 85 C | uF mm mOhm mOhm mOhm A A","20;5.2;28;36.8;19.1","4700 76.9 x 156.2 20 5.2 28 36.8 19.1 B437*0E7478M6##","parsed",""
"B43700_B43720.pdf","B43700/B43720","550","4700","90.0","144.5","B437*0F7478M6##","ESRtyp 100 Hz 20 C mOhm","20","ESRtyp 300 Hz 60 C mOhm","5.3","ESRtyp 100 Hz 20 C mOhm=20; ESRtyp 300 Hz 60 C mOhm=5.3","Zmax 10 kHz 20 C mOhm","28","Zmax 10 kHz 20 C mOhm=28","IAC,max 100 Hz 60 C A","37.1","IAC,R 100 Hz 85 C A","19.9","","","IAC,max 100 Hz 60 C A=37.1; IAC,R 100 Hz 85 C A=19.9","CR Case ESRtyp ESRtyp Zmax IAC,max IAC,R Ordering code | 100 Hz dimensions 100 Hz 300 Hz 10 kHz 100 Hz 100 Hz (composition see below) | 20 C dxl 20 C 60 C 20 C 60 C 85 C | uF mm mOhm mOhm mOhm A A","20;5.3;28;37.1;19.9","4700 90.0 x 144.5 20 5.3 28 37.1 19.9 B437*0F7478M6##","parsed",""
"B43700_B43720.pdf","B43700/B43720","550","5600","76.9","190.7","B437*0E7568M6##","ESRtyp 100 Hz 20 C mOhm","16","ESRtyp 300 Hz 60 C mOhm","4.4","ESRtyp 100 Hz 20 C mOhm=16; ESRtyp 300 Hz 60 C mOhm=4.4","Zmax 10 kHz 20 C mOhm","24","Zmax 10 kHz 20 C mOhm=24","IAC,max 100 Hz 60 C A","41.5","IAC,R 100 Hz 85 C A","22.2","","","IAC,max 100 Hz 60 C A=41.5; IAC,R 100 Hz 85 C A=22.2","CR Case ESRtyp ESRtyp Zmax IAC,max IAC,R Ordering code | 100 Hz dimensions 100 Hz 300 Hz 10 kHz 100 Hz 100 Hz (composition see below) | 20 C dxl 20 C 60 C 20 C 60 C 85 C | uF mm mOhm mOhm mOhm A A","16;4.4;24;41.5;22.2","5600 76.9 x 190.7 16 4.4 24 41.5 22.2 B437*0E7568M6##","parsed",""
"B43700_B43720.pdf","B43700/B43720","550","5600","90.0","144.5","B437*0F7568M6##","ESRtyp 100 Hz 20 C mOhm","16","ESRtyp 300 Hz 60 C mOhm","4.6","ESRtyp 100 Hz 20 C mOhm=16; ESRtyp 300 Hz 60 C mOhm=4.6","Zmax 10 kHz 20 C mOhm","24","Zmax 10 kHz 20 C mOhm=24","IAC,max 100 Hz 60 C A","42.0","IAC,R 100 Hz 85 C A","22.5","","","IAC,max 100 Hz 60 C A=42.0; IAC,R 100 Hz 85 C A=22.5","CR Case ESRtyp ESRtyp Zmax IAC,max IAC,R Ordering code | 100 Hz dimensions 100 Hz 300 Hz 10 kHz 100 Hz 100 Hz (composition see below) | 20 C dxl 20 C 60 C 20 C 60 C 85 C | uF mm mOhm mOhm mOhm A A","16;4.6;24;42.0;22.5","5600 90.0 x 144.5 16 4.6 24 42.0 22.5 B437*0F7568M6##","parsed",""
"B43700_B43720.pdf","B43700/B43720","550","6800","76.9","220.7","B437*0E7688M6##","ESRtyp 100 Hz 20 C mOhm","13","ESRtyp 300 Hz 60 C mOhm","3.7","ESRtyp 100 Hz 20 C mOhm=13; ESRtyp 300 Hz 60 C mOhm=3.7","Zmax 10 kHz 20 C mOhm","20","Zmax 10 kHz 20 C mOhm=20","IAC,max 100 Hz 60 C A","48.0","IAC,R 100 Hz 85 C A","25.7","","","IAC,max 100 Hz 60 C A=48.0; IAC,R 100 Hz 85 C A=25.7","CR Case ESRtyp ESRtyp Zmax IAC,max IAC,R Ordering code | 100 Hz dimensions 100 Hz 300 Hz 10 kHz 100 Hz 100 Hz (composition see below) | 20 C dxl 20 C 60 C 20 C 60 C 85 C | uF mm mOhm mOhm mOhm A A","13;3.7;20;48.0;25.7","6800 76.9 x 220.7 13 3.7 20 48.0 25.7 B437*0E7688M6##","parsed",""
"B43700_B43720.pdf","B43700/B43720","550","6800","90.0","170.0","B437*0F7688M6##","ESRtyp 100 Hz 20 C mOhm","14","ESRtyp 300 Hz 60 C mOhm","3.8","ESRtyp 100 Hz 20 C mOhm=14; ESRtyp 300 Hz 60 C mOhm=3.8","Zmax 10 kHz 20 C mOhm","20","Zmax 10 kHz 20 C mOhm=20","IAC,max 100 Hz 60 C A","47.7","IAC,R 100 Hz 85 C A","25.6","","","IAC,max 100 Hz 60 C A=47.7; IAC,R 100 Hz 85 C A=25.6","CR Case ESRtyp ESRtyp Zmax IAC,max IAC,R Ordering code | 100 Hz dimensions 100 Hz 300 Hz 10 kHz 100 Hz 100 Hz (composition see below) | 20 C dxl 20 C 60 C 20 C 60 C 85 C | uF mm mOhm mOhm mOhm A A","14;3.8;20;47.7;25.6","6800 90.0 x 170.0 14 3.8 20 47.7 25.6 B437*0F7688M6##","parsed",""
"B43700_B43720.pdf","B43700/B43720","550","8200","90.0","197.0","B437*0E7828M6##","ESRtyp 100 Hz 20 C mOhm","11","ESRtyp 300 Hz 60 C mOhm","3.2","ESRtyp 100 Hz 20 C mOhm=11; ESRtyp 300 Hz 60 C mOhm=3.2","Zmax 10 kHz 20 C mOhm","17","Zmax 10 kHz 20 C mOhm=17","IAC,max 100 Hz 60 C A","54.2","IAC,R 100 Hz 85 C A","29.1","","","IAC,max 100 Hz 60 C A=54.2; IAC,R 100 Hz 85 C A=29.1","CR Case ESRtyp ESRtyp Zmax IAC,max IAC,R Ordering code | 100 Hz dimensions 100 Hz 300 Hz 10 kHz 100 Hz 100 Hz (composition see below) | 20 C dxl 20 C 60 C 20 C 60 C 85 C | uF mm mOhm mOhm mOhm A A","11;3.2;17;54.2;29.1","8200 90.0 x 197.0 11 3.2 17 54.2 29.1 B437*0E7828M6##","parsed",""
"B43700_B43720.pdf","B43700/B43720","550","10000","90.0","221.0","B437*0E7109M6##","ESRtyp 100 Hz 20 C mOhm","9.3","ESRtyp 300 Hz 60 C mOhm","2.7","ESRtyp 100 Hz 20 C mOhm=9.3; ESRtyp 300 Hz 60 C mOhm=2.7","Zmax 10 kHz 20 C mOhm","14","Zmax 10 kHz 20 C mOhm=14","IAC,max 100 Hz 60 C A","62.8","IAC,R 100 Hz 85 C A","33.6","","","IAC,max 100 Hz 60 C A=62.8; IAC,R 100 Hz 85 C A=33.6","CR Case ESRtyp ESRtyp Zmax IAC,max IAC,R Ordering code | 100 Hz dimensions 100 Hz 300 Hz 10 kHz 100 Hz 100 Hz (composition see below) | 20 C dxl 20 C 60 C 20 C 60 C 85 C | uF mm mOhm mOhm mOhm A A","9.3;2.7;14;62.8;33.6","10000 90.0 x 221.0 9.3 2.7 14 62.8 33.6 B437*0E7109M6##","parsed",""
"B43700_B43720.pdf","B43700/B43720","600","680","51.6","80.7","B437*0E8687M6##","ESRtyp 100 Hz 20 C mOhm","140","ESRtyp 300 Hz 60 C mOhm","36","ESRtyp 100 Hz 20 C mOhm=140; ESRtyp 300 Hz 60 C mOhm=36","Zmax 10 kHz 20 C mOhm","220","Zmax 10 kHz 20 C mOhm=220","IAC,max 100 Hz 60 C A","8.05","IAC,R 100 Hz 85 C A","5.07","","","IAC,max 100 Hz 60 C A=8.05; IAC,R 100 Hz 85 C A=5.07","CR Case ESRtyp ESRtyp Zmax IAC,max IAC,R Ordering code | 100 Hz dimensions 100 Hz 300 Hz 10 kHz 100 Hz 100 Hz (composition see below) | 20 C dxl 20 C 60 C 20 C 60 C 85 C | uF mm mOhm mOhm mOhm A A","140;36;220;8.05;5.07","680 51.6 x 80.7 140 36 220 8.05 5.07 B437*0E8687M6##","parsed",""
"B43700_B43720.pdf","B43700/B43720","600","820","51.6","96.7","B437*0E8827M6##","ESRtyp 100 Hz 20 C mOhm","120","ESRtyp 300 Hz 60 C mOhm","30","ESRtyp 100 Hz 20 C mOhm=120; ESRtyp 300 Hz 60 C mOhm=30","Zmax 10 kHz 20 C mOhm","180","Zmax 10 kHz 20 C mOhm=180","IAC,max 100 Hz 60 C A","9.71","IAC,R 100 Hz 85 C A","5.75","","","IAC,max 100 Hz 60 C A=9.71; IAC,R 100 Hz 85 C A=5.75","CR Case ESRtyp ESRtyp Zmax IAC,max IAC,R Ordering code | 100 Hz dimensions 100 Hz 300 Hz 10 kHz 100 Hz 100 Hz (composition see below) | 20 C dxl 20 C 60 C 20 C 60 C 85 C | uF mm mOhm mOhm mOhm A A","120;30;180;9.71;5.75","820 51.6 x 96.7 120 30 180 9.71 5.75 B437*0E8827M6##","parsed",""
"B43700_B43720.pdf","B43700/B43720","600","1000","51.6","105.7","B437*0E8108M6##","ESRtyp 100 Hz 20 C mOhm","100","ESRtyp 300 Hz 60 C mOhm","24","ESRtyp 100 Hz 20 C mOhm=100; ESRtyp 300 Hz 60 C mOhm=24","Zmax 10 kHz 20 C mOhm","150","Zmax 10 kHz 20 C mOhm=150","IAC,max 100 Hz 60 C A","11.3","IAC,R 100 Hz 85 C A","6.61","","","IAC,max 100 Hz 60 C A=11.3; IAC,R 100 Hz 85 C A=6.61","CR Case ESRtyp ESRtyp Zmax IAC,max IAC,R Ordering code | 100 Hz dimensions 100 Hz 300 Hz 10 kHz 100 Hz 100 Hz (composition see below) | 20 C dxl 20 C 60 C 20 C 60 C 85 C | uF mm mOhm mOhm mOhm A A","100;24;150;11.3;6.61","1000 51.6 x 105.7 100 24 150 11.3 6.61 B437*0E8108M6##","parsed",""
"B43700_B43720.pdf","B43700/B43720","600","1000","64.3","80.7","B437*0F8108M6##","ESRtyp 100 Hz 20 C mOhm","100","ESRtyp 300 Hz 60 C mOhm","24","ESRtyp 100 Hz 20 C mOhm=100; ESRtyp 300 Hz 60 C mOhm=24","Zmax 10 kHz 20 C mOhm","150","Zmax 10 kHz 20 C mOhm=150","IAC,max 100 Hz 60 C A","10.9","IAC,R 100 Hz 85 C A","6.71","","","IAC,max 100 Hz 60 C A=10.9; IAC,R 100 Hz 85 C A=6.71","CR Case ESRtyp ESRtyp Zmax IAC,max IAC,R Ordering code | 100 Hz dimensions 100 Hz 300 Hz 10 kHz 100 Hz 100 Hz (composition see below) | 20 C dxl 20 C 60 C 20 C 60 C 85 C | uF mm mOhm mOhm mOhm A A","100;24;150;10.9;6.71","1000 64.3 x 80.7 100 24 150 10.9 6.71 B437*0F8108M6##","parsed",""
"B43700_B43720.pdf","B43700/B43720","600","1200","51.6","130.7","B437*0E8128M6##","ESRtyp 100 Hz 20 C mOhm","80","ESRtyp 300 Hz 60 C mOhm","20","ESRtyp 100 Hz 20 C mOhm=80; ESRtyp 300 Hz 60 C mOhm=20","Zmax 10 kHz 20 C mOhm","120","Zmax 10 kHz 20 C mOhm=120","IAC,max 100 Hz 60 C A","12.9","IAC,R 100 Hz 85 C A","7.54","","","IAC,max 100 Hz 60 C A=12.9; IAC,R 100 Hz 85 C A=7.54","CR Case ESRtyp ESRtyp Zmax IAC,max IAC,R Ordering code | 100 Hz dimensions 100 Hz 300 Hz 10 kHz 100 Hz 100 Hz (composition see below) | 20 C dxl 20 C 60 C 20 C 60 C 85 C | uF mm mOhm mOhm mOhm A A","80;20;120;12.9;7.54","1200 51.6 x 130.7 80 20 120 12.9 7.54 B437*0E8128M6##","parsed",""
"B43700_B43720.pdf","B43700/B43720","600","1200","64.3","96.7","B437*0F8128M6##","ESRtyp 100 Hz 20 C mOhm","80","ESRtyp 300 Hz 60 C mOhm","20","ESRtyp 100 Hz 20 C mOhm=80; ESRtyp 300 Hz 60 C mOhm=20","Zmax 10 kHz 20 C mOhm","130","Zmax 10 kHz 20 C mOhm=130","IAC,max 100 Hz 60 C A","12.9","IAC,R 100 Hz 85 C A","7.53","","","IAC,max 100 Hz 60 C A=12.9; IAC,R 100 Hz 85 C A=7.53","CR Case ESRtyp ESRtyp Zmax IAC,max IAC,R Ordering code | 100 Hz dimensions 100 Hz 300 Hz 10 kHz 100 Hz 100 Hz (composition see below) | 20 C dxl 20 C 60 C 20 C 60 C 85 C | uF mm mOhm mOhm mOhm A A","80;20;130;12.9;7.53","1200 64.3 x 96.7 80 20 130 12.9 7.53 B437*0F8128M6##","parsed",""
"B43700_B43720.pdf","B43700/B43720","600","1500","64.3","105.7","B437*0E8158M6##","ESRtyp 100 Hz 20 C mOhm","65","ESRtyp 300 Hz 60 C mOhm","16","ESRtyp 100 Hz 20 C mOhm=65; ESRtyp 300 Hz 60 C mOhm=16","Zmax 10 kHz 20 C mOhm","100","Zmax 10 kHz 20 C mOhm=100","IAC,max 100 Hz 60 C A","15.0","IAC,R 100 Hz 85 C A","8.76","","","IAC,max 100 Hz 60 C A=15.0; IAC,R 100 Hz 85 C A=8.76","CR Case ESRtyp ESRtyp Zmax IAC,max IAC,R Ordering code | 100 Hz dimensions 100 Hz 300 Hz 10 kHz 100 Hz 100 Hz (composition see below) | 20 C dxl 20 C 60 C 20 C 60 C 85 C | uF mm mOhm mOhm mOhm A A","65;16;100;15.0;8.76","1500 64.3 x 105.7 65 16 100 15.0 8.76 B437*0E8158M6##","parsed",""
"B43700_B43720.pdf","B43700/B43720","600","1800","64.3","118.2","B437*0E8188M6##","ESRtyp 100 Hz 20 C mOhm","55","ESRtyp 300 Hz 60 C mOhm","14","ESRtyp 100 Hz 20 C mOhm=55; ESRtyp 300 Hz 60 C mOhm=14","Zmax 10 kHz 20 C mOhm","85","Zmax 10 kHz 20 C mOhm=85","IAC,max 100 Hz 60 C A","17.0","IAC,R 100 Hz 85 C A","9.93","","","IAC,max 100 Hz 60 C A=17.0; IAC,R 100 Hz 85 C A=9.93","CR Case ESRtyp ESRtyp Zmax IAC,max IAC,R Ordering code | 100 Hz dimensions 100 Hz 300 Hz 10 kHz 100 Hz 100 Hz (composition see below) | 20 C dxl 20 C 60 C 20 C 60 C 85 C | uF mm mOhm mOhm mOhm A A","55;14;85;17.0;9.93","1800 64.3 x 118.2 55 14 85 17.0 9.93 B437*0E8188M6##","parsed",""
"B43700_B43720.pdf","B43700/B43720","600","1800","76.9","96.7","B437*0F8188M6##","ESRtyp 100 Hz 20 C mOhm","55","ESRtyp 300 Hz 60 C mOhm","14","ESRtyp 100 Hz 20 C mOhm=55; ESRtyp 300 Hz 60 C mOhm=14","Zmax 10 kHz 20 C mOhm","80","Zmax 10 kHz 20 C mOhm=80","IAC,max 100 Hz 60 C A","18.2","IAC,R 100 Hz 85 C A","10.6","","","IAC,max 100 Hz 60 C A=18.2; IAC,R 100 Hz 85 C A=10.6","CR Case ESRtyp ESRtyp Zmax IAC,max IAC,R Ordering code | 100 Hz dimensions 100 Hz 300 Hz 10 kHz 100 Hz 100 Hz (composition see below) | 20 C dxl 20 C 60 C 20 C 60 C 85 C | uF mm mOhm mOhm mOhm A A","55;14;80;18.2;10.6","1800 76.9 x 96.7 55 14 80 18.2 10.6 B437*0F8188M6##","parsed",""
"B43700_B43720.pdf","B43700/B43720","600","2200","64.3","143.2","B437*0E8228M6##","ESRtyp 100 Hz 20 C mOhm","45","ESRtyp 300 Hz 60 C mOhm","11","ESRtyp 100 Hz 20 C mOhm=45; ESRtyp 300 Hz 60 C mOhm=11","Zmax 10 kHz 20 C mOhm","70","Zmax 10 kHz 20 C mOhm=70","IAC,max 100 Hz 60 C A","19.5","IAC,R 100 Hz 85 C A","11.4","","","IAC,max 100 Hz 60 C A=19.5; IAC,R 100 Hz 85 C A=11.4","CR Case ESRtyp ESRtyp Zmax IAC,max IAC,R Ordering code | 100 Hz dimensions 100 Hz 300 Hz 10 kHz 100 Hz 100 Hz (composition see below) | 20 C dxl 20 C 60 C 20 C 60 C 85 C | uF mm mOhm mOhm mOhm A A","45;11;70;19.5;11.4","2200 64.3 x 143.2 45 11 70 19.5 11.4 B437*0E8228M6##","parsed",""
"B43700_B43720.pdf","B43700/B43720","600","2200","76.9","118.2","B437*0F8228M6##","ESRtyp 100 Hz 20 C mOhm","45","ESRtyp 300 Hz 60 C mOhm","11","ESRtyp 100 Hz 20 C mOhm=45; ESRtyp 300 Hz 60 C mOhm=11","Zmax 10 kHz 20 C mOhm","70","Zmax 10 kHz 20 C mOhm=70","IAC,max 100 Hz 60 C A","20.6","IAC,R 100 Hz 85 C A","12.0","","","IAC,max 100 Hz 60 C A=20.6; IAC,R 100 Hz 85 C A=12.0","CR Case ESRtyp ESRtyp Zmax IAC,max IAC,R Ordering code | 100 Hz dimensions 100 Hz 300 Hz 10 kHz 100 Hz 100 Hz (composition see below) | 20 C dxl 20 C 60 C 20 C 60 C 85 C | uF mm mOhm mOhm mOhm A A","45;11;70;20.6;12.0","2200 76.9 x 118.2 45 11 70 20.6 12.0 B437*0F8228M6##","parsed",""
"B43700_B43720.pdf","B43700/B43720","600","2200","90.0","97.0","B437*0G8228M6##","ESRtyp 100 Hz 20 C mOhm","45","ESRtyp 300 Hz 60 C mOhm","11","ESRtyp 100 Hz 20 C mOhm=45; ESRtyp 300 Hz 60 C mOhm=11","Zmax 10 kHz 20 C mOhm","70","Zmax 10 kHz 20 C mOhm=70","IAC,max 100 Hz 60 C A","21.8","IAC,R 100 Hz 85 C A","12.7","","","IAC,max 100 Hz 60 C A=21.8; IAC,R 100 Hz 85 C A=12.7","CR Case ESRtyp ESRtyp Zmax IAC,max IAC,R Ordering code | 100 Hz dimensions 100 Hz 300 Hz 10 kHz 100 Hz 100 Hz (composition see below) | 20 C dxl 20 C 60 C 20 C 60 C 85 C | uF mm mOhm mOhm mOhm A A","45;11;70;21.8;12.7","2200 90.0 x 97.0 45 11 70 21.8 12.7 B437*0G8228M6##","parsed",""
"B43700_B43720.pdf","B43700/B43720","600","2700","76.9","130.7","B437*0E8278M6##","ESRtyp 100 Hz 20 C mOhm","36","ESRtyp 300 Hz 60 C mOhm","9.1","ESRtyp 100 Hz 20 C mOhm=36; ESRtyp 300 Hz 60 C mOhm=9.1","Zmax 10 kHz 20 C mOhm","55","Zmax 10 kHz 20 C mOhm=55","IAC,max 100 Hz 60 C A","23.6","IAC,R 100 Hz 85 C A","13.7","","","IAC,max 100 Hz 60 C A=23.6; IAC,R 100 Hz 85 C A=13.7","CR Case ESRtyp ESRtyp Zmax IAC,max IAC,R Ordering code | 100 Hz dimensions 100 Hz 300 Hz 10 kHz 100 Hz 100 Hz (composition see below) | 20 C dxl 20 C 60 C 20 C 60 C 85 C | uF mm mOhm mOhm mOhm A A","36;9.1;55;23.6;13.7","2700 76.9 x 130.7 36 9.1 55 23.6 13.7 B437*0E8278M6##","parsed",""
"B43700_B43720.pdf","B43700/B43720","600","2700","90.0","120.0","B437*0F8278M6##","ESRtyp 100 Hz 20 C mOhm","36","ESRtyp 300 Hz 60 C mOhm","9.2","ESRtyp 100 Hz 20 C mOhm=36; ESRtyp 300 Hz 60 C mOhm=9.2","Zmax 10 kHz 20 C mOhm","55","Zmax 10 kHz 20 C mOhm=55","IAC,max 100 Hz 60 C A","24.5","IAC,R 100 Hz 85 C A","14.7","","","IAC,max 100 Hz 60 C A=24.5; IAC,R 100 Hz 85 C A=14.7","CR Case ESRtyp ESRtyp Zmax IAC,max IAC,R Ordering code | 100 Hz dimensions 100 Hz 300 Hz 10 kHz 100 Hz 100 Hz (composition see below) | 20 C dxl 20 C 60 C 20 C 60 C 85 C | uF mm mOhm mOhm mOhm A A","36;9.2;55;24.5;14.7","2700 90.0 x 120.0 36 9.2 55 24.5 14.7 B437*0F8278M6##","parsed",""
"B43700_B43720.pdf","B43700/B43720","600","3300","76.9","143.2","B437*0E8338M6##","ESRtyp 100 Hz 20 C mOhm","30","ESRtyp 300 Hz 60 C mOhm","7.5","ESRtyp 100 Hz 20 C mOhm=30; ESRtyp 300 Hz 60 C mOhm=7.5","Zmax 10 kHz 20 C mOhm","45","Zmax 10 kHz 20 C mOhm=45","IAC,max 100 Hz 60 C A","27.2","IAC,R 100 Hz 85 C A","15.8","","","IAC,max 100 Hz 60 C A=27.2; IAC,R 100 Hz 85 C A=15.8","CR Case ESRtyp ESRtyp Zmax IAC,max IAC,R Ordering code | 100 Hz dimensions 100 Hz 300 Hz 10 kHz 100 Hz 100 Hz (composition see below) | 20 C dxl 20 C 60 C 20 C 60 C 85 C | uF mm mOhm mOhm mOhm A A","30;7.5;45;27.2;15.8","3300 76.9 x 143.2 30 7.5 45 27.2 15.8 B437*0E8338M6##","parsed",""
"B43700_B43720.pdf","B43700/B43720","600","3300","90.0","120.0","B437*0F8338M6##","ESRtyp 100 Hz 20 C mOhm","30","ESRtyp 300 Hz 60 C mOhm","7.7","ESRtyp 100 Hz 20 C mOhm=30; ESRtyp 300 Hz 60 C mOhm=7.7","Zmax 10 kHz 20 C mOhm","45","Zmax 10 kHz 20 C mOhm=45","IAC,max 100 Hz 60 C A","28.0","IAC,R 100 Hz 85 C A","16.8","","","IAC,max 100 Hz 60 C A=28.0; IAC,R 100 Hz 85 C A=16.8","CR Case ESRtyp ESRtyp Zmax IAC,max IAC,R Ordering code | 100 Hz dimensions 100 Hz 300 Hz 10 kHz 100 Hz 100 Hz (composition see below) | 20 C dxl 20 C 60 C 20 C 60 C 85 C | uF mm mOhm mOhm mOhm A A","30;7.7;45;28.0;16.8","3300 90.0 x 120.0 30 7.7 45 28.0 16.8 B437*0F8338M6##","parsed",""
"B43700_B43720.pdf","B43700/B43720","600","3900","76.9","168.7","B437*0E8398M6##","ESRtyp 100 Hz 20 C mOhm","24","ESRtyp 300 Hz 60 C mOhm","6.4","ESRtyp 100 Hz 20 C mOhm=24; ESRtyp 300 Hz 60 C mOhm=6.4","Zmax 10 kHz 20 C mOhm","40","Zmax 10 kHz 20 C mOhm=40","IAC,max 100 Hz 60 C A","30.5","IAC,R 100 Hz 85 C A","18.3","","","IAC,max 100 Hz 60 C A=30.5; IAC,R 100 Hz 85 C A=18.3","CR Case ESRtyp ESRtyp Zmax IAC,max IAC,R Ordering code | 100 Hz dimensions 100 Hz 300 Hz 10 kHz 100 Hz 100 Hz (composition see below) | 20 C dxl 20 C 60 C 20 C 60 C 85 C | uF mm mOhm mOhm mOhm A A","24;6.4;40;30.5;18.3","3900 76.9 x 168.7 24 6.4 40 30.5 18.3 B437*0E8398M6##","parsed",""
"B43700_B43720.pdf","B43700/B43720","600","3900","90.0","144.5","B437*0F8398M6##","ESRtyp 100 Hz 20 C mOhm","24","ESRtyp 300 Hz 60 C mOhm","6.5","ESRtyp 100 Hz 20 C mOhm=24; ESRtyp 300 Hz 60 C mOhm=6.5","Zmax 10 kHz 20 C mOhm","40","Zmax 10 kHz 20 C mOhm=40","IAC,max 100 Hz 60 C A","31.0","IAC,R 100 Hz 85 C A","18.6","","","IAC,max 100 Hz 60 C A=31.0; IAC,R 100 Hz 85 C A=18.6","CR Case ESRtyp ESRtyp Zmax IAC,max IAC,R Ordering code | 100 Hz dimensions 100 Hz 300 Hz 10 kHz 100 Hz 100 Hz (composition see below) | 20 C dxl 20 C 60 C 20 C 60 C 85 C | uF mm mOhm mOhm mOhm A A","24;6.5;40;31.0;18.6","3900 90.0 x 144.5 24 6.5 40 31.0 18.6 B437*0F8398M6##","parsed",""
"B43700_B43720.pdf","B43700/B43720","600","4700","76.9","190.7","B437*0E8478M6##","ESRtyp 100 Hz 20 C mOhm","20","ESRtyp 300 Hz 60 C mOhm","5.4","ESRtyp 100 Hz 20 C mOhm=20; ESRtyp 300 Hz 60 C mOhm=5.4","Zmax 10 kHz 20 C mOhm","32","Zmax 10 kHz 20 C mOhm=32","IAC,max 100 Hz 60 C A","35.0","IAC,R 100 Hz 85 C A","21.0","","","IAC,max 100 Hz 60 C A=35.0; IAC,R 100 Hz 85 C A=21.0","CR Case ESRtyp ESRtyp Zmax IAC,max IAC,R Ordering code | 100 Hz dimensions 100 Hz 300 Hz 10 kHz 100 Hz 100 Hz (composition see below) | 20 C dxl 20 C 60 C 20 C 60 C 85 C | uF mm mOhm mOhm mOhm A A","20;5.4;32;35.0;21.0","4700 76.9 x 190.7 20 5.4 32 35.0 21.0 B437*0E8478M6##","parsed",""
"B43700_B43720.pdf","B43700/B43720","600","4700","90.0","170.0","B437*0F8478M6##","ESRtyp 100 Hz 20 C mOhm","20","ESRtyp 300 Hz 60 C mOhm","5.4","ESRtyp 100 Hz 20 C mOhm=20; ESRtyp 300 Hz 60 C mOhm=5.4","Zmax 10 kHz 20 C mOhm","32","Zmax 10 kHz 20 C mOhm=32","IAC,max 100 Hz 60 C A","34.8","IAC,R 100 Hz 85 C A","20.9","","","IAC,max 100 Hz 60 C A=34.8; IAC,R 100 Hz 85 C A=20.9","CR Case ESRtyp ESRtyp Zmax IAC,max IAC,R Ordering code | 100 Hz dimensions 100 Hz 300 Hz 10 kHz 100 Hz 100 Hz (composition see below) | 20 C dxl 20 C 60 C 20 C 60 C 85 C | uF mm mOhm mOhm mOhm A A","20;5.4;32;34.8;20.9","4700 90.0 x 170.0 20 5.4 32 34.8 20.9 B437*0F8478M6##","parsed",""
"B43700_B43720.pdf","B43700/B43720","600","5600","76.9","220.7","B437*0E8568M6##","ESRtyp 100 Hz 20 C mOhm","17","ESRtyp 300 Hz 60 C mOhm","4.6","ESRtyp 100 Hz 20 C mOhm=17; ESRtyp 300 Hz 60 C mOhm=4.6","Zmax 10 kHz 20 C mOhm","28","Zmax 10 kHz 20 C mOhm=28","IAC,max 100 Hz 60 C A","39.9","IAC,R 100 Hz 85 C A","24.0","","","IAC,max 100 Hz 60 C A=39.9; IAC,R 100 Hz 85 C A=24.0","CR Case ESRtyp ESRtyp Zmax IAC,max IAC,R Ordering code | 100 Hz dimensions 100 Hz 300 Hz 10 kHz 100 Hz 100 Hz (composition see below) | 20 C dxl 20 C 60 C 20 C 60 C 85 C | uF mm mOhm mOhm mOhm A A","17;4.6;28;39.9;24.0","5600 76.9 x 220.7 17 4.6 28 39.9 24.0 B437*0E8568M6##","parsed",""
"B43700_B43720.pdf","B43700/B43720","600","5600","90.0","170.0","B437*0F8568M6##","ESRtyp 100 Hz 20 C mOhm","18","ESRtyp 300 Hz 60 C mOhm","4.7","ESRtyp 100 Hz 20 C mOhm=18; ESRtyp 300 Hz 60 C mOhm=4.7","Zmax 10 kHz 20 C mOhm","28","Zmax 10 kHz 20 C mOhm=28","IAC,max 100 Hz 60 C A","39.7","IAC,R 100 Hz 85 C A","23.8","","","IAC,max 100 Hz 60 C A=39.7; IAC,R 100 Hz 85 C A=23.8","CR Case ESRtyp ESRtyp Zmax IAC,max IAC,R Ordering code | 100 Hz dimensions 100 Hz 300 Hz 10 kHz 100 Hz 100 Hz (composition see below) | 20 C dxl 20 C 60 C 20 C 60 C 85 C | uF mm mOhm mOhm mOhm A A","18;4.7;28;39.7;23.8","5600 90.0 x 170.0 18 4.7 28 39.7 23.8 B437*0F8568M6##","parsed",""
"B43700_B43720.pdf","B43700/B43720","600","6800","90.0","197.0","B437*0E8688M6##","ESRtyp 100 Hz 20 C mOhm","14","ESRtyp 300 Hz 60 C mOhm","3.9","ESRtyp 100 Hz 20 C mOhm=14; ESRtyp 300 Hz 60 C mOhm=3.9","Zmax 10 kHz 20 C mOhm","22","Zmax 10 kHz 20 C mOhm=22","IAC,max 100 Hz 60 C A","45.4","IAC,R 100 Hz 85 C A","27.3","","","IAC,max 100 Hz 60 C A=45.4; IAC,R 100 Hz 85 C A=27.3","CR Case ESRtyp ESRtyp Zmax IAC,max IAC,R Ordering code | 100 Hz dimensions 100 Hz 300 Hz 10 kHz 100 Hz 100 Hz (composition see below) | 20 C dxl 20 C 60 C 20 C 60 C 85 C | uF mm mOhm mOhm mOhm A A","14;3.9;22;45.4;27.3","6800 90.0 x 197.0 14 3.9 22 45.4 27.3 B437*0E8688M6##","parsed",""
"B43701_B43721.pdf","B43701/B43721","350","1800","51.6","80.7","B437*1A4188M60#","ESRtyp 100 Hz 20 C mOhm","75","ESRtyp 300 Hz 60 C mOhm","22","ESRtyp 100 Hz 20 C mOhm=75; ESRtyp 300 Hz 60 C mOhm=22","Zmax 10 kHz 20 C mOhm","120","Zmax 10 kHz 20 C mOhm=120","IAC,max 100 Hz 60 C A","11.7","IAC,R 100 Hz 85 C A","6.98","","","IAC,max 100 Hz 60 C A=11.7; IAC,R 100 Hz 85 C A=6.98","CR Case ESRtyp ESRtyp Zmax IAC,max IAC,R Ordering code | 100 Hz dimensions 100 Hz 300 Hz 10 kHz 100 Hz 100 Hz (composition see | 20 C dxl 20 C 60 C 20 C 60 C 85 C below) | uF mm mOhm mOhm mOhm A A","75;22;120;11.7;6.98","1800 51.6 x 80.7 75 22 120 11.7 6.98 B437*1A4188M60#","parsed",""
"B43701_B43721.pdf","B43701/B43721","350","2200","51.6","96.7","B437*1A4228M60#","ESRtyp 100 Hz 20 C mOhm","60","ESRtyp 300 Hz 60 C mOhm","18","ESRtyp 100 Hz 20 C mOhm=60; ESRtyp 300 Hz 60 C mOhm=18","Zmax 10 kHz 20 C mOhm","100","Zmax 10 kHz 20 C mOhm=100","IAC,max 100 Hz 60 C A","13.5","IAC,R 100 Hz 85 C A","8.01","","","IAC,max 100 Hz 60 C A=13.5; IAC,R 100 Hz 85 C A=8.01","CR Case ESRtyp ESRtyp Zmax IAC,max IAC,R Ordering code | 100 Hz dimensions 100 Hz 300 Hz 10 kHz 100 Hz 100 Hz (composition see | 20 C dxl 20 C 60 C 20 C 60 C 85 C below) | uF mm mOhm mOhm mOhm A A","60;18;100;13.5;8.01","2200 51.6 x 96.7 60 18 100 13.5 8.01 B437*1A4228M60#","parsed",""
"B43701_B43721.pdf","B43701/B43721","350","2700","51.6","105.7","B437*1A4278M60#","ESRtyp 100 Hz 20 C mOhm","50","ESRtyp 300 Hz 60 C mOhm","15","ESRtyp 100 Hz 20 C mOhm=50; ESRtyp 300 Hz 60 C mOhm=15","Zmax 10 kHz 20 C mOhm","80","Zmax 10 kHz 20 C mOhm=80","IAC,max 100 Hz 60 C A","15.3","IAC,R 100 Hz 85 C A","9.10","","","IAC,max 100 Hz 60 C A=15.3; IAC,R 100 Hz 85 C A=9.10","CR Case ESRtyp ESRtyp Zmax IAC,max IAC,R Ordering code | 100 Hz dimensions 100 Hz 300 Hz 10 kHz 100 Hz 100 Hz (composition see | 20 C dxl 20 C 60 C 20 C 60 C 85 C below) | uF mm mOhm mOhm mOhm A A","50;15;80;15.3;9.10","2700 51.6 x 105.7 50 15 80 15.3 9.10 B437*1A4278M60#","parsed",""
"B43701_B43721.pdf","B43701/B43721","350","3300","51.6","118.2","B437*1A4338M60#","ESRtyp 100 Hz 20 C mOhm","40","ESRtyp 300 Hz 60 C mOhm","13","ESRtyp 100 Hz 20 C mOhm=40; ESRtyp 300 Hz 60 C mOhm=13","Zmax 10 kHz 20 C mOhm","70","Zmax 10 kHz 20 C mOhm=70","IAC,max 100 Hz 60 C A","17.5","IAC,R 100 Hz 85 C A","10.3","","","IAC,max 100 Hz 60 C A=17.5; IAC,R 100 Hz 85 C A=10.3","CR Case ESRtyp ESRtyp Zmax IAC,max IAC,R Ordering code | 100 Hz dimensions 100 Hz 300 Hz 10 kHz 100 Hz 100 Hz (composition see | 20 C dxl 20 C 60 C 20 C 60 C 85 C below) | uF mm mOhm mOhm mOhm A A","40;13;70;17.5;10.3","3300 51.6 x 118.2 40 13 70 17.5 10.3 B437*1A4338M60#","parsed",""
"B43701_B43721.pdf","B43701/B43721","350","3300","64.3","96.7","B437*1B4338M60#","ESRtyp 100 Hz 20 C mOhm","45","ESRtyp 300 Hz 60 C mOhm","15","ESRtyp 100 Hz 20 C mOhm=45; ESRtyp 300 Hz 60 C mOhm=15","Zmax 10 kHz 20 C mOhm","70","Zmax 10 kHz 20 C mOhm=70","IAC,max 100 Hz 60 C A","16.4","IAC,R 100 Hz 85 C A","9.72","","","IAC,max 100 Hz 60 C A=16.4; IAC,R 100 Hz 85 C A=9.72","CR Case ESRtyp ESRtyp Zmax IAC,max IAC,R Ordering code | 100 Hz dimensions 100 Hz 300 Hz 10 kHz 100 Hz 100 Hz (composition see | 20 C dxl 20 C 60 C 20 C 60 C 85 C below) | uF mm mOhm mOhm mOhm A A","45;15;70;16.4;9.72","3300 64.3 x 96.7 45 15 70 16.4 9.72 B437*1B4338M60#","parsed",""
"B43701_B43721.pdf","B43701/B43721","350","3900","51.6","130.7","B437*1A4398M60#","ESRtyp 100 Hz 20 C mOhm","36","ESRtyp 300 Hz 60 C mOhm","11","ESRtyp 100 Hz 20 C mOhm=36; ESRtyp 300 Hz 60 C mOhm=11","Zmax 10 kHz 20 C mOhm","60","Zmax 10 kHz 20 C mOhm=60","IAC,max 100 Hz 60 C A","19.6","IAC,R 100 Hz 85 C A","11.5","","","IAC,max 100 Hz 60 C A=19.6; IAC,R 100 Hz 85 C A=11.5","CR Case ESRtyp ESRtyp Zmax IAC,max IAC,R Ordering code | 100 Hz dimensions 100 Hz 300 Hz 10 kHz 100 Hz 100 Hz (composition see | 20 C dxl 20 C 60 C 20 C 60 C 85 C below) | uF mm mOhm mOhm mOhm A A","36;11;60;19.6;11.5","3900 51.6 x 130.7 36 11 60 19.6 11.5 B437*1A4398M60#","parsed",""
"B43701_B43721.pdf","B43701/B43721","350","3900","64.3","96.7","B437*1B4398M60#","ESRtyp 100 Hz 20 C mOhm","38","ESRtyp 300 Hz 60 C mOhm","14","ESRtyp 100 Hz 20 C mOhm=38; ESRtyp 300 Hz 60 C mOhm=14","Zmax 10 kHz 20 C mOhm","65","Zmax 10 kHz 20 C mOhm=65","IAC,max 100 Hz 60 C A","17.5","IAC,R 100 Hz 85 C A","10.3","","","IAC,max 100 Hz 60 C A=17.5; IAC,R 100 Hz 85 C A=10.3","CR Case ESRtyp ESRtyp Zmax IAC,max IAC,R Ordering code | 100 Hz dimensions 100 Hz 300 Hz 10 kHz 100 Hz 100 Hz (composition see | 20 C dxl 20 C 60 C 20 C 60 C 85 C below) | uF mm mOhm mOhm mOhm A A","38;14;65;17.5;10.3","3900 64.3 x 96.7 38 14 65 17.5 10.3 B437*1B4398M60#","parsed",""
"B43701_B43721.pdf","B43701/B43721","350","4700","64.3","105.7","B437*1A4478M60#","ESRtyp 100 Hz 20 C mOhm","32","ESRtyp 300 Hz 60 C mOhm","13","ESRtyp 100 Hz 20 C mOhm=32; ESRtyp 300 Hz 60 C mOhm=13","Zmax 10 kHz 20 C mOhm","55","Zmax 10 kHz 20 C mOhm=55","IAC,max 100 Hz 60 C A","19.3","IAC,R 100 Hz 85 C A","11.4","","","IAC,max 100 Hz 60 C A=19.3; IAC,R 100 Hz 85 C A=11.4","CR Case ESRtyp ESRtyp Zmax IAC,max IAC,R Ordering code | 100 Hz dimensions 100 Hz 300 Hz 10 kHz 100 Hz 100 Hz (composition see | 20 C dxl 20 C 60 C 20 C 60 C 85 C below) | uF mm mOhm mOhm mOhm A A","32;13;55;19.3;11.4","4700 64.3 x 105.7 32 13 55 19.3 11.4 B437*1A4478M60#","parsed",""
"B43701_B43721.pdf","B43701/B43721","350","5600","64.3","118.2","B437*1A4568M60#","ESRtyp 100 Hz 20 C mOhm","28","ESRtyp 300 Hz 60 C mOhm","11","ESRtyp 100 Hz 20 C mOhm=28; ESRtyp 300 Hz 60 C mOhm=11","Zmax 10 kHz 20 C mOhm","50","Zmax 10 kHz 20 C mOhm=50","IAC,max 100 Hz 60 C A","21.5","IAC,R 100 Hz 85 C A","12.6","","","IAC,max 100 Hz 60 C A=21.5; IAC,R 100 Hz 85 C A=12.6","CR Case ESRtyp ESRtyp Zmax IAC,max IAC,R Ordering code | 100 Hz dimensions 100 Hz 300 Hz 10 kHz 100 Hz 100 Hz (composition see | 20 C dxl 20 C 60 C 20 C 60 C 85 C below) | uF mm mOhm mOhm mOhm A A","28;11;50;21.5;12.6","5600 64.3 x 118.2 28 11 50 21.5 12.6 B437*1A4568M60#","parsed",""
"B43701_B43721.pdf","B43701/B43721","350","5600","76.9","96.7","B437*1B4568M60#","ESRtyp 100 Hz 20 C mOhm","26","ESRtyp 300 Hz 60 C mOhm","9.7","ESRtyp 100 Hz 20 C mOhm=26; ESRtyp 300 Hz 60 C mOhm=9.7","Zmax 10 kHz 20 C mOhm","45","Zmax 10 kHz 20 C mOhm=45","IAC,max 100 Hz 60 C A","23.8","IAC,R 100 Hz 85 C A","14.0","","","IAC,max 100 Hz 60 C A=23.8; IAC,R 100 Hz 85 C A=14.0","CR Case ESRtyp ESRtyp Zmax IAC,max IAC,R Ordering code | 100 Hz dimensions 100 Hz 300 Hz 10 kHz 100 Hz 100 Hz (composition see | 20 C dxl 20 C 60 C 20 C 60 C 85 C below) | uF mm mOhm mOhm mOhm A A","26;9.7;45;23.8;14.0","5600 76.9 x 96.7 26 9.7 45 23.8 14.0 B437*1B4568M60#","parsed",""
"B43701_B43721.pdf","B43701/B43721","350","6800","64.3","143.2","B437*1A4688M60#","ESRtyp 100 Hz 20 C mOhm","22","ESRtyp 300 Hz 60 C mOhm","9.1","ESRtyp 100 Hz 20 C mOhm=22; ESRtyp 300 Hz 60 C mOhm=9.1","Zmax 10 kHz 20 C mOhm","38","Zmax 10 kHz 20 C mOhm=38","IAC,max 100 Hz 60 C A","24.8","IAC,R 100 Hz 85 C A","14.6","","","IAC,max 100 Hz 60 C A=24.8; IAC,R 100 Hz 85 C A=14.6","CR Case ESRtyp ESRtyp Zmax IAC,max IAC,R Ordering code | 100 Hz dimensions 100 Hz 300 Hz 10 kHz 100 Hz 100 Hz (composition see | 20 C dxl 20 C 60 C 20 C 60 C 85 C below) | uF mm mOhm mOhm mOhm A A","22;9.1;38;24.8;14.6","6800 64.3 x 143.2 22 9.1 38 24.8 14.6 B437*1A4688M60#","parsed",""
"B43701_B43721.pdf","B43701/B43721","350","6800","76.9","105.7","B437*1B4688M60#","ESRtyp 100 Hz 20 C mOhm","22","ESRtyp 300 Hz 60 C mOhm","8.6","ESRtyp 100 Hz 20 C mOhm=22; ESRtyp 300 Hz 60 C mOhm=8.6","Zmax 10 kHz 20 C mOhm","38","Zmax 10 kHz 20 C mOhm=38","IAC,max 100 Hz 60 C A","26.2","IAC,R 100 Hz 85 C A","15.5","","","IAC,max 100 Hz 60 C A=26.2; IAC,R 100 Hz 85 C A=15.5","CR Case ESRtyp ESRtyp Zmax IAC,max IAC,R Ordering code | 100 Hz dimensions 100 Hz 300 Hz 10 kHz 100 Hz 100 Hz (composition see | 20 C dxl 20 C 60 C 20 C 60 C 85 C below) | uF mm mOhm mOhm mOhm A A","22;8.6;38;26.2;15.5","6800 76.9 x 105.7 22 8.6 38 26.2 15.5 B437*1B4688M60#","parsed",""
"B43701_B43721.pdf","B43701/B43721","350","8200","76.9","130.7","B437*1A4828M60#","ESRtyp 100 Hz 20 C mOhm","18","ESRtyp 300 Hz 60 C mOhm","6.8","ESRtyp 100 Hz 20 C mOhm=18; ESRtyp 300 Hz 60 C mOhm=6.8","Zmax 10 kHz 20 C mOhm","30","Zmax 10 kHz 20 C mOhm=30","IAC,max 100 Hz 60 C A","30.1","IAC,R 100 Hz 85 C A","17.8","","","IAC,max 100 Hz 60 C A=30.1; IAC,R 100 Hz 85 C A=17.8","CR Case ESRtyp ESRtyp Zmax IAC,max IAC,R Ordering code | 100 Hz dimensions 100 Hz 300 Hz 10 kHz 100 Hz 100 Hz (composition see | 20 C dxl 20 C 60 C 20 C 60 C 85 C below) | uF mm mOhm mOhm mOhm A A","18;6.8;30;30.1;17.8","8200 76.9 x 130.7 18 6.8 30 30.1 17.8 B437*1A4828M60#","parsed",""
"B43701_B43721.pdf","B43701/B43721","350","10000","76.9","156.2","B437*1A4109M60#","ESRtyp 100 Hz 20 C mOhm","15","ESRtyp 300 Hz 60 C mOhm","5.7","ESRtyp 100 Hz 20 C mOhm=15; ESRtyp 300 Hz 60 C mOhm=5.7","Zmax 10 kHz 20 C mOhm","26","Zmax 10 kHz 20 C mOhm=26","IAC,max 100 Hz 60 C A","34.3","IAC,R 100 Hz 85 C A","20.3","","","IAC,max 100 Hz 60 C A=34.3; IAC,R 100 Hz 85 C A=20.3","CR Case ESRtyp ESRtyp Zmax IAC,max IAC,R Ordering code | 100 Hz dimensions 100 Hz 300 Hz 10 kHz 100 Hz 100 Hz (composition see | 20 C dxl 20 C 60 C 20 C 60 C 85 C below) | uF mm mOhm mOhm mOhm A A","15;5.7;26;34.3;20.3","10000 76.9 x 156.2 15 5.7 26 34.3 20.3 B437*1A4109M60#","parsed",""
"B43701_B43721.pdf","B43701/B43721","350","12000","76.9","168.7","B437*1A4129M60#","ESRtyp 100 Hz 20 C mOhm","13","ESRtyp 300 Hz 60 C mOhm","5.2","ESRtyp 100 Hz 20 C mOhm=13; ESRtyp 300 Hz 60 C mOhm=5.2","Zmax 10 kHz 20 C mOhm","22","Zmax 10 kHz 20 C mOhm=22","IAC,max 100 Hz 60 C A","37.9","IAC,R 100 Hz 85 C A","22.9","","","IAC,max 100 Hz 60 C A=37.9; IAC,R 100 Hz 85 C A=22.9","CR Case ESRtyp ESRtyp Zmax IAC,max IAC,R Ordering code | 100 Hz dimensions 100 Hz 300 Hz 10 kHz 100 Hz 100 Hz (composition see | 20 C dxl 20 C 60 C 20 C 60 C 85 C below) | uF mm mOhm mOhm mOhm A A","13;5.2;22;37.9;22.9","12000 76.9 x 168.7 13 5.2 22 37.9 22.9 B437*1A4129M60#","parsed",""
"B43701_B43721.pdf","B43701/B43721","400","1500","51.6","80.7","B437*1A9158M60#","ESRtyp 100 Hz 20 C mOhm","80","ESRtyp 300 Hz 60 C mOhm","24","ESRtyp 100 Hz 20 C mOhm=80; ESRtyp 300 Hz 60 C mOhm=24","Zmax 10 kHz 20 C mOhm","130","Zmax 10 kHz 20 C mOhm=130","IAC,max 100 Hz 60 C A","11.3","IAC,R 100 Hz 85 C A","6.59","","","IAC,max 100 Hz 60 C A=11.3; IAC,R 100 Hz 85 C A=6.59","CR Case ESRtyp ESRtyp Zmax IAC,max IAC,R Ordering code | 100 Hz dimensions 100 Hz 300 Hz 10 kHz 100 Hz 100 Hz (composition see | 20 C dxl 20 C 60 C 20 C 60 C 85 C below) | uF mm mOhm mOhm mOhm A A","80;24;130;11.3;6.59","1500 51.6 x 80.7 80 24 130 11.3 6.59 B437*1A9158M60#","parsed",""
"B43701_B43721.pdf","B43701/B43721","400","1800","51.6","96.7","B437*1A9188M60#","ESRtyp 100 Hz 20 C mOhm","65","ESRtyp 300 Hz 60 C mOhm","19","ESRtyp 100 Hz 20 C mOhm=65; ESRtyp 300 Hz 60 C mOhm=19","Zmax 10 kHz 20 C mOhm","110","Zmax 10 kHz 20 C mOhm=110","IAC,max 100 Hz 60 C A","12.8","IAC,R 100 Hz 85 C A","7.49","","","IAC,max 100 Hz 60 C A=12.8; IAC,R 100 Hz 85 C A=7.49","CR Case ESRtyp ESRtyp Zmax IAC,max IAC,R Ordering code | 100 Hz dimensions 100 Hz 300 Hz 10 kHz 100 Hz 100 Hz (composition see | 20 C dxl 20 C 60 C 20 C 60 C 85 C below) | uF mm mOhm mOhm mOhm A A","65;19;110;12.8;7.49","1800 51.6 x 96.7 65 19 110 12.8 7.49 B437*1A9188M60#","parsed",""
"B43701_B43721.pdf","B43701/B43721","400","2200","51.6","105.7","B437*1A9228M60#","ESRtyp 100 Hz 20 C mOhm","55","ESRtyp 300 Hz 60 C mOhm","16","ESRtyp 100 Hz 20 C mOhm=55; ESRtyp 300 Hz 60 C mOhm=16","Zmax 10 kHz 20 C mOhm","90","Zmax 10 kHz 20 C mOhm=90","IAC,max 100 Hz 60 C A","14.6","IAC,R 100 Hz 85 C A","8.50","","","IAC,max 100 Hz 60 C A=14.6; IAC,R 100 Hz 85 C A=8.50","CR Case ESRtyp ESRtyp Zmax IAC,max IAC,R Ordering code | 100 Hz dimensions 100 Hz 300 Hz 10 kHz 100 Hz 100 Hz (composition see | 20 C dxl 20 C 60 C 20 C 60 C 85 C below) | uF mm mOhm mOhm mOhm A A","55;16;90;14.6;8.50","2200 51.6 x 105.7 55 16 90 14.6 8.50 B437*1A9228M60#","parsed",""
"B43701_B43721.pdf","B43701/B43721","400","2200","64.3","80.7","B437*1B9228M60#","ESRtyp 100 Hz 20 C mOhm","60","ESRtyp 300 Hz 60 C mOhm","20","ESRtyp 100 Hz 20 C mOhm=60; ESRtyp 300 Hz 60 C mOhm=20","Zmax 10 kHz 20 C mOhm","95","Zmax 10 kHz 20 C mOhm=95","IAC,max 100 Hz 60 C A","13.7","IAC,R 100 Hz 85 C A","8.00","","","IAC,max 100 Hz 60 C A=13.7; IAC,R 100 Hz 85 C A=8.00","CR Case ESRtyp ESRtyp Zmax IAC,max IAC,R Ordering code | 100 Hz dimensions 100 Hz 300 Hz 10 kHz 100 Hz 100 Hz (composition see | 20 C dxl 20 C 60 C 20 C 60 C 85 C below) | uF mm mOhm mOhm mOhm A A","60;20;95;13.7;8.00","2200 64.3 x 80.7 60 20 95 13.7 8.00 B437*1B9228M60#","parsed",""
"B43701_B43721.pdf","B43701/B43721","400","2700","51.6","118.2","B437*1A9278M60#","ESRtyp 100 Hz 20 C mOhm","45","ESRtyp 300 Hz 60 C mOhm","14","ESRtyp 100 Hz 20 C mOhm=45; ESRtyp 300 Hz 60 C mOhm=14","Zmax 10 kHz 20 C mOhm","75","Zmax 10 kHz 20 C mOhm=75","IAC,max 100 Hz 60 C A","16.7","IAC,R 100 Hz 85 C A","9.73","","","IAC,max 100 Hz 60 C A=16.7; IAC,R 100 Hz 85 C A=9.73","CR Case ESRtyp ESRtyp Zmax IAC,max IAC,R Ordering code | 100 Hz dimensions 100 Hz 300 Hz 10 kHz 100 Hz 100 Hz (composition see | 20 C dxl 20 C 60 C 20 C 60 C 85 C below) | uF mm mOhm mOhm mOhm A A","45;14;75;16.7;9.73","2700 51.6 x 118.2 45 14 75 16.7 9.73 B437*1A9278M60#","parsed",""
"B43701_B43721.pdf","B43701/B43721","400","2700","64.3","96.7","B437*1B9278M60#","ESRtyp 100 Hz 20 C mOhm","45","ESRtyp 300 Hz 60 C mOhm","16","ESRtyp 100 Hz 20 C mOhm=45; ESRtyp 300 Hz 60 C mOhm=16","Zmax 10 kHz 20 C mOhm","80","Zmax 10 kHz 20 C mOhm=80","IAC,max 100 Hz 60 C A","15.8","IAC,R 100 Hz 85 C A","9.18","","","IAC,max 100 Hz 60 C A=15.8; IAC,R 100 Hz 85 C A=9.18","CR Case ESRtyp ESRtyp Zmax IAC,max IAC,R Ordering code | 100 Hz dimensions 100 Hz 300 Hz 10 kHz 100 Hz 100 Hz (composition see | 20 C dxl 20 C 60 C 20 C 60 C 85 C below) | uF mm mOhm mOhm mOhm A A","45;16;80;15.8;9.18","2700 64.3 x 96.7 45 16 80 15.8 9.18 B437*1B9278M60#","parsed",""
"B43701_B43721.pdf","B43701/B43721","400","3300","64.3","96.7","B437*1A9338M60#","ESRtyp 100 Hz 20 C mOhm","40","ESRtyp 300 Hz 60 C mOhm","15","ESRtyp 100 Hz 20 C mOhm=40; ESRtyp 300 Hz 60 C mOhm=15","Zmax 10 kHz 20 C mOhm","70","Zmax 10 kHz 20 C mOhm=70","IAC,max 100 Hz 60 C A","17.1","IAC,R 100 Hz 85 C A","9.93","","","IAC,max 100 Hz 60 C A=17.1; IAC,R 100 Hz 85 C A=9.93","CR Case ESRtyp ESRtyp Zmax IAC,max IAC,R Ordering code | 100 Hz dimensions 100 Hz 300 Hz 10 kHz 100 Hz 100 Hz (composition see | 20 C dxl 20 C 60 C 20 C 60 C 85 C below) | uF mm mOhm mOhm mOhm A A","40;15;70;17.1;9.93","3300 64.3 x 96.7 40 15 70 17.1 9.93 B437*1A9338M60#","parsed",""
"B43701_B43721.pdf","B43701/B43721","400","3900","64.3","105.7","B437*1A9398M60#","ESRtyp 100 Hz 20 C mOhm","34","ESRtyp 300 Hz 60 C mOhm","13","ESRtyp 100 Hz 20 C mOhm=34; ESRtyp 300 Hz 60 C mOhm=13","Zmax 10 kHz 20 C mOhm","60","Zmax 10 kHz 20 C mOhm=60","IAC,max 100 Hz 60 C A","18.8","IAC,R 100 Hz 85 C A","10.9","","","IAC,max 100 Hz 60 C A=18.8; IAC,R 100 Hz 85 C A=10.9","CR Case ESRtyp ESRtyp Zmax IAC,max IAC,R Ordering code | 100 Hz dimensions 100 Hz 300 Hz 10 kHz 100 Hz 100 Hz (composition see | 20 C dxl 20 C 60 C 20 C 60 C 85 C below) | uF mm mOhm mOhm mOhm A A","34;13;60;18.8;10.9","3900 64.3 x 105.7 34 13 60 18.8 10.9 B437*1A9398M60#","parsed",""
"B43701_B43721.pdf","B43701/B43721","400","4700","64.3","130.7","B437*1A9478M60#","ESRtyp 100 Hz 20 C mOhm","28","ESRtyp 300 Hz 60 C mOhm","11","ESRtyp 100 Hz 20 C mOhm=28; ESRtyp 300 Hz 60 C mOhm=11","Zmax 10 kHz 20 C mOhm","50","Zmax 10 kHz 20 C mOhm=50","IAC,max 100 Hz 60 C A","21.8","IAC,R 100 Hz 85 C A","12.6","","","IAC,max 100 Hz 60 C A=21.8; IAC,R 100 Hz 85 C A=12.6","CR Case ESRtyp ESRtyp Zmax IAC,max IAC,R Ordering code | 100 Hz dimensions 100 Hz 300 Hz 10 kHz 100 Hz 100 Hz (composition see | 20 C dxl 20 C 60 C 20 C 60 C 85 C below) | uF mm mOhm mOhm mOhm A A","28;11;50;21.8;12.6","4700 64.3 x 130.7 28 11 50 21.8 12.6 B437*1A9478M60#","parsed",""
"B43701_B43721.pdf","B43701/B43721","400","4700","76.9","96.7","B437*1B9478M60#","ESRtyp 100 Hz 20 C mOhm","28","ESRtyp 300 Hz 60 C mOhm","10","ESRtyp 100 Hz 20 C mOhm=28; ESRtyp 300 Hz 60 C mOhm=10","Zmax 10 kHz 20 C mOhm","50","Zmax 10 kHz 20 C mOhm=50","IAC,max 100 Hz 60 C A","23.1","IAC,R 100 Hz 85 C A","13.4","","","IAC,max 100 Hz 60 C A=23.1; IAC,R 100 Hz 85 C A=13.4","CR Case ESRtyp ESRtyp Zmax IAC,max IAC,R Ordering code | 100 Hz dimensions 100 Hz 300 Hz 10 kHz 100 Hz 100 Hz (composition see | 20 C dxl 20 C 60 C 20 C 60 C 85 C below) | uF mm mOhm mOhm mOhm A A","28;10;50;23.1;13.4","4700 76.9 x 96.7 28 10 50 23.1 13.4 B437*1B9478M60#","parsed",""
"B43701_B43721.pdf","B43701/B43721","400","5600","64.3","143.2","B437*1A9568M60#","ESRtyp 100 Hz 20 C mOhm","24","ESRtyp 300 Hz 60 C mOhm","9.4","ESRtyp 100 Hz 20 C mOhm=24; ESRtyp 300 Hz 60 C mOhm=9.4","Zmax 10 kHz 20 C mOhm","40","Zmax 10 kHz 20 C mOhm=40","IAC,max 100 Hz 60 C A","24.2","IAC,R 100 Hz 85 C A","14.0","","","IAC,max 100 Hz 60 C A=24.2; IAC,R 100 Hz 85 C A=14.0","CR Case ESRtyp ESRtyp Zmax IAC,max IAC,R Ordering code | 100 Hz dimensions 100 Hz 300 Hz 10 kHz 100 Hz 100 Hz (composition see | 20 C dxl 20 C 60 C 20 C 60 C 85 C below) | uF mm mOhm mOhm mOhm A A","24;9.4;40;24.2;14.0","5600 64.3 x 143.2 24 9.4 40 24.2 14.0 B437*1A9568M60#","parsed",""
"B43701_B43721.pdf","B43701/B43721","400","5600","76.9","105.7","B437*1B9568M60#","ESRtyp 100 Hz 20 C mOhm","24","ESRtyp 300 Hz 60 C mOhm","9.0","ESRtyp 100 Hz 20 C mOhm=24; ESRtyp 300 Hz 60 C mOhm=9.0","Zmax 10 kHz 20 C mOhm","40","Zmax 10 kHz 20 C mOhm=40","IAC,max 100 Hz 60 C A","25.4","IAC,R 100 Hz 85 C A","14.7","","","IAC,max 100 Hz 60 C A=25.4; IAC,R 100 Hz 85 C A=14.7","CR Case ESRtyp ESRtyp Zmax IAC,max IAC,R Ordering code | 100 Hz dimensions 100 Hz 300 Hz 10 kHz 100 Hz 100 Hz (composition see | 20 C dxl 20 C 60 C 20 C 60 C 85 C below) | uF mm mOhm mOhm mOhm A A","24;9.0;40;25.4;14.7","5600 76.9 x 105.7 24 9.0 40 25.4 14.7 B437*1B9568M60#","parsed",""
"B43701_B43721.pdf","B43701/B43721","400","6800","76.9","130.7","B437*1A9688M60#","ESRtyp 100 Hz 20 C mOhm","20","ESRtyp 300 Hz 60 C mOhm","7.1","ESRtyp 100 Hz 20 C mOhm=20; ESRtyp 300 Hz 60 C mOhm=7.1","Zmax 10 kHz 20 C mOhm","32","Zmax 10 kHz 20 C mOhm=32","IAC,max 100 Hz 60 C A","29.3","IAC,R 100 Hz 85 C A","17.0","","","IAC,max 100 Hz 60 C A=29.3; IAC,R 100 Hz 85 C A=17.0","CR Case ESRtyp ESRtyp Zmax IAC,max IAC,R Ordering code | 100 Hz dimensions 100 Hz 300 Hz 10 kHz 100 Hz 100 Hz (composition see | 20 C dxl 20 C 60 C 20 C 60 C 85 C below) | uF mm mOhm mOhm mOhm A A","20;7.1;32;29.3;17.0","6800 76.9 x 130.7 20 7.1 32 29.3 17.0 B437*1A9688M60#","parsed",""
"B43701_B43721.pdf","B43701/B43721","400","8200","76.9","156.2","B437*1A9828M60#","ESRtyp 100 Hz 20 C mOhm","16","ESRtyp 300 Hz 60 C mOhm","5.9","ESRtyp 100 Hz 20 C mOhm=16; ESRtyp 300 Hz 60 C mOhm=5.9","Zmax 10 kHz 20 C mOhm","28","Zmax 10 kHz 20 C mOhm=28","IAC,max 100 Hz 60 C A","33.3","IAC,R 100 Hz 85 C A","19.3","","","IAC,max 100 Hz 60 C A=33.3; IAC,R 100 Hz 85 C A=19.3","CR Case ESRtyp ESRtyp Zmax IAC,max IAC,R Ordering code | 100 Hz dimensions 100 Hz 300 Hz 10 kHz 100 Hz 100 Hz (composition see | 20 C dxl 20 C 60 C 20 C 60 C 85 C below) | uF mm mOhm mOhm mOhm A A","16;5.9;28;33.3;19.3","8200 76.9 x 156.2 16 5.9 28 33.3 19.3 B437*1A9828M60#","parsed",""
"B43701_B43721.pdf","B43701/B43721","400","10000","76.9","168.7","B437*1A9109M60#","ESRtyp 100 Hz 20 C mOhm","14","ESRtyp 300 Hz 60 C mOhm","5.3","ESRtyp 100 Hz 20 C mOhm=14; ESRtyp 300 Hz 60 C mOhm=5.3","Zmax 10 kHz 20 C mOhm","24","Zmax 10 kHz 20 C mOhm=24","IAC,max 100 Hz 60 C A","37.2","IAC,R 100 Hz 85 C A","22.1","","","IAC,max 100 Hz 60 C A=37.2; IAC,R 100 Hz 85 C A=22.1","CR Case ESRtyp ESRtyp Zmax IAC,max IAC,R Ordering code | 100 Hz dimensions 100 Hz 300 Hz 10 kHz 100 Hz 100 Hz (composition see | 20 C dxl 20 C 60 C 20 C 60 C 85 C below) | uF mm mOhm mOhm mOhm A A","14;5.3;24;37.2;22.1","10000 76.9 x 168.7 14 5.3 24 37.2 22.1 B437*1A9109M60#","parsed",""
"B43701_B43721.pdf","B43701/B43721","400","12000","76.9","190.7","B437*1A9129M60#","ESRtyp 100 Hz 20 C mOhm","12","ESRtyp 300 Hz 60 C mOhm","4.7","ESRtyp 100 Hz 20 C mOhm=12; ESRtyp 300 Hz 60 C mOhm=4.7","Zmax 10 kHz 20 C mOhm","20","Zmax 10 kHz 20 C mOhm=20","IAC,max 100 Hz 60 C A","41.8","IAC,R 100 Hz 85 C A","24.8","","","IAC,max 100 Hz 60 C A=41.8; IAC,R 100 Hz 85 C A=24.8","CR Case ESRtyp ESRtyp Zmax IAC,max IAC,R Ordering code | 100 Hz dimensions 100 Hz 300 Hz 10 kHz 100 Hz 100 Hz (composition see | 20 C dxl 20 C 60 C 20 C 60 C 85 C below) | uF mm mOhm mOhm mOhm A A","12;4.7;20;41.8;24.8","12000 76.9 x 190.7 12 4.7 20 41.8 24.8 B437*1A9129M60#","parsed",""
"B43701_B43721.pdf","B43701/B43721","450","1200","51.6","80.7","B437*1A5128M60#","ESRtyp 100 Hz 20 C mOhm","95","ESRtyp 300 Hz 60 C mOhm","26","ESRtyp 100 Hz 20 C mOhm=95; ESRtyp 300 Hz 60 C mOhm=26","Zmax 10 kHz 20 C mOhm","150","Zmax 10 kHz 20 C mOhm=150","IAC,max 100 Hz 60 C A","9.82","IAC,R 100 Hz 85 C A","5.36","","","IAC,max 100 Hz 60 C A=9.82; IAC,R 100 Hz 85 C A=5.36","CR Case ESRtyp ESRtyp Zmax IAC,max IAC,R Ordering code | 100 Hz dimensions 100 Hz 300 Hz 10 kHz 100 Hz 100 Hz (composition see | 20 C dxl 20 C 60 C 20 C 60 C 85 C below) | uF mm mOhm mOhm mOhm A A","95;26;150;9.82;5.36","1200 51.6 x 80.7 95 26 150 9.82 5.36 B437*1A5128M60#","parsed",""
"B43701_B43721.pdf","B43701/B43721","450","1500","51.6","96.7","B437*1A5158M60#","ESRtyp 100 Hz 20 C mOhm","75","ESRtyp 300 Hz 60 C mOhm","22","ESRtyp 100 Hz 20 C mOhm=75; ESRtyp 300 Hz 60 C mOhm=22","Zmax 10 kHz 20 C mOhm","120","Zmax 10 kHz 20 C mOhm=120","IAC,max 100 Hz 60 C A","11.3","IAC,R 100 Hz 85 C A","6.22","","","IAC,max 100 Hz 60 C A=11.3; IAC,R 100 Hz 85 C A=6.22","CR Case ESRtyp ESRtyp Zmax IAC,max IAC,R Ordering code | 100 Hz dimensions 100 Hz 300 Hz 10 kHz 100 Hz 100 Hz (composition see | 20 C dxl 20 C 60 C 20 C 60 C 85 C below) | uF mm mOhm mOhm mOhm A A","75;22;120;11.3;6.22","1500 51.6 x 96.7 75 22 120 11.3 6.22 B437*1A5158M60#","parsed",""
"B43701_B43721.pdf","B43701/B43721","450","1800","51.6","96.7","B437*1A5188M60#","ESRtyp 100 Hz 20 C mOhm","65","ESRtyp 300 Hz 60 C mOhm","19","ESRtyp 100 Hz 20 C mOhm=65; ESRtyp 300 Hz 60 C mOhm=19","Zmax 10 kHz 20 C mOhm","100","Zmax 10 kHz 20 C mOhm=100","IAC,max 100 Hz 60 C A","12.6","IAC,R 100 Hz 85 C A","6.91","","","IAC,max 100 Hz 60 C A=12.6; IAC,R 100 Hz 85 C A=6.91","CR Case ESRtyp ESRtyp Zmax IAC,max IAC,R Ordering code | 100 Hz dimensions 100 Hz 300 Hz 10 kHz 100 Hz 100 Hz (composition see | 20 C dxl 20 C 60 C 20 C 60 C 85 C below) | uF mm mOhm mOhm mOhm A A","65;19;100;12.6;6.91","1800 51.6 x 96.7 65 19 100 12.6 6.91 B437*1A5188M60#","parsed",""
"B43701_B43721.pdf","B43701/B43721","450","2200","51.6","118.2","B437*1A5228M60#","ESRtyp 100 Hz 20 C mOhm","50","ESRtyp 300 Hz 60 C mOhm","15","ESRtyp 100 Hz 20 C mOhm=50; ESRtyp 300 Hz 60 C mOhm=15","Zmax 10 kHz 20 C mOhm","85","Zmax 10 kHz 20 C mOhm=85","IAC,max 100 Hz 60 C A","14.6","IAC,R 100 Hz 85 C A","8.00","","","IAC,max 100 Hz 60 C A=14.6; IAC,R 100 Hz 85 C A=8.00","CR Case ESRtyp ESRtyp Zmax IAC,max IAC,R Ordering code | 100 Hz dimensions 100 Hz 300 Hz 10 kHz 100 Hz 100 Hz (composition see | 20 C dxl 20 C 60 C 20 C 60 C 85 C below) | uF mm mOhm mOhm mOhm A A","50;15;85;14.6;8.00","2200 51.6 x 118.2 50 15 85 14.6 8.00 B437*1A5228M60#","parsed",""
"B43701_B43721.pdf","B43701/B43721","450","2200","64.3","96.7","B437*1B5228M60#","ESRtyp 100 Hz 20 C mOhm","55","ESRtyp 300 Hz 60 C mOhm","17","ESRtyp 100 Hz 20 C mOhm=55; ESRtyp 300 Hz 60 C mOhm=17","Zmax 10 kHz 20 C mOhm","85","Zmax 10 kHz 20 C mOhm=85","IAC,max 100 Hz 60 C A","14.0","IAC,R 100 Hz 85 C A","7.66","","","IAC,max 100 Hz 60 C A=14.0; IAC,R 100 Hz 85 C A=7.66","CR Case ESRtyp ESRtyp Zmax IAC,max IAC,R Ordering code | 100 Hz dimensions 100 Hz 300 Hz 10 kHz 100 Hz 100 Hz (composition see | 20 C dxl 20 C 60 C 20 C 60 C 85 C below) | uF mm mOhm mOhm mOhm A A","55;17;85;14.0;7.66","2200 64.3 x 96.7 55 17 85 14.0 7.66 B437*1B5228M60#","parsed",""
"B43701_B43721.pdf","B43701/B43721","450","2700","51.6","130.7","B437*1A5278M60#","ESRtyp 100 Hz 20 C mOhm","45","ESRtyp 300 Hz 60 C mOhm","13","ESRtyp 100 Hz 20 C mOhm=45; ESRtyp 300 Hz 60 C mOhm=13","Zmax 10 kHz 20 C mOhm","70","Zmax 10 kHz 20 C mOhm=70","IAC,max 100 Hz 60 C A","16.8","IAC,R 100 Hz 85 C A","9.18","","","IAC,max 100 Hz 60 C A=16.8; IAC,R 100 Hz 85 C A=9.18","CR Case ESRtyp ESRtyp Zmax IAC,max IAC,R Ordering code | 100 Hz dimensions 100 Hz 300 Hz 10 kHz 100 Hz 100 Hz (composition see | 20 C dxl 20 C 60 C 20 C 60 C 85 C below) | uF mm mOhm mOhm mOhm A A","45;13;70;16.8;9.18","2700 51.6 x 130.7 45 13 70 16.8 9.18 B437*1A5278M60#","parsed",""
"B43701_B43721.pdf","B43701/B43721","450","2700","64.3","96.7","B437*1B5278M60#","ESRtyp 100 Hz 20 C mOhm","45","ESRtyp 300 Hz 60 C mOhm","16","ESRtyp 100 Hz 20 C mOhm=45; ESRtyp 300 Hz 60 C mOhm=16","Zmax 10 kHz 20 C mOhm","75","Zmax 10 kHz 20 C mOhm=75","IAC,max 100 Hz 60 C A","15.4","IAC,R 100 Hz 85 C A","8.38","","","IAC,max 100 Hz 60 C A=15.4; IAC,R 100 Hz 85 C A=8.38","CR Case ESRtyp ESRtyp Zmax IAC,max IAC,R Ordering code | 100 Hz dimensions 100 Hz 300 Hz 10 kHz 100 Hz 100 Hz (composition see | 20 C dxl 20 C 60 C 20 C 60 C 85 C below) | uF mm mOhm mOhm mOhm A A","45;16;75;15.4;8.38","2700 64.3 x 96.7 45 16 75 15.4 8.38 B437*1B5278M60#","parsed",""
"B43701_B43721.pdf","B43701/B43721","450","3300","64.3","105.7","B437*1A5338M60#","ESRtyp 100 Hz 20 C mOhm","38","ESRtyp 300 Hz 60 C mOhm","14","ESRtyp 100 Hz 20 C mOhm=38; ESRtyp 300 Hz 60 C mOhm=14","Zmax 10 kHz 20 C mOhm","65","Zmax 10 kHz 20 C mOhm=65","IAC,max 100 Hz 60 C A","17.2","IAC,R 100 Hz 85 C A","9.37","","","IAC,max 100 Hz 60 C A=17.2; IAC,R 100 Hz 85 C A=9.37","CR Case ESRtyp ESRtyp Zmax IAC,max IAC,R Ordering code | 100 Hz dimensions 100 Hz 300 Hz 10 kHz 100 Hz 100 Hz (composition see | 20 C dxl 20 C 60 C 20 C 60 C 85 C below) | uF mm mOhm mOhm mOhm A A","38;14;65;17.2;9.37","3300 64.3 x 105.7 38 14 65 17.2 9.37 B437*1A5338M60#","parsed",""
"B43701_B43721.pdf","B43701/B43721","450","3900","64.3","118.2","B437*1A5398M60#","ESRtyp 100 Hz 20 C mOhm","32","ESRtyp 300 Hz 60 C mOhm","12","ESRtyp 100 Hz 20 C mOhm=32; ESRtyp 300 Hz 60 C mOhm=12","Zmax 10 kHz 20 C mOhm","55","Zmax 10 kHz 20 C mOhm=55","IAC,max 100 Hz 60 C A","19.1","IAC,R 100 Hz 85 C A","10.4","","","IAC,max 100 Hz 60 C A=19.1; IAC,R 100 Hz 85 C A=10.4","CR Case ESRtyp ESRtyp Zmax IAC,max IAC,R Ordering code | 100 Hz dimensions 100 Hz 300 Hz 10 kHz 100 Hz 100 Hz (composition see | 20 C dxl 20 C 60 C 20 C 60 C 85 C below) | uF mm mOhm mOhm mOhm A A","32;12;55;19.1;10.4","3900 64.3 x 118.2 32 12 55 19.1 10.4 B437*1A5398M60#","parsed",""
"B43701_B43721.pdf","B43701/B43721","450","3900","76.9","96.7","B437*1B5398M60#","ESRtyp 100 Hz 20 C mOhm","32","ESRtyp 300 Hz 60 C mOhm","11","ESRtyp 100 Hz 20 C mOhm=32; ESRtyp 300 Hz 60 C mOhm=11","Zmax 10 kHz 20 C mOhm","50","Zmax 10 kHz 20 C mOhm=50","IAC,max 100 Hz 60 C A","20.9","IAC,R 100 Hz 85 C A","11.3","","","IAC,max 100 Hz 60 C A=20.9; IAC,R 100 Hz 85 C A=11.3","CR Case ESRtyp ESRtyp Zmax IAC,max IAC,R Ordering code | 100 Hz dimensions 100 Hz 300 Hz 10 kHz 100 Hz 100 Hz (composition see | 20 C dxl 20 C 60 C 20 C 60 C 85 C below) | uF mm mOhm mOhm mOhm A A","32;11;50;20.9;11.3","3900 76.9 x 96.7 32 11 50 20.9 11.3 B437*1B5398M60#","parsed",""
"B43701_B43721.pdf","B43701/B43721","450","4700","64.3","143.2","B437*1A5478M60#","ESRtyp 100 Hz 20 C mOhm","26","ESRtyp 300 Hz 60 C mOhm","9.9","ESRtyp 100 Hz 20 C mOhm=26; ESRtyp 300 Hz 60 C mOhm=9.9","Zmax 10 kHz 20 C mOhm","45","Zmax 10 kHz 20 C mOhm=45","IAC,max 100 Hz 60 C A","22.0","IAC,R 100 Hz 85 C A","11.9","","","IAC,max 100 Hz 60 C A=22.0; IAC,R 100 Hz 85 C A=11.9","CR Case ESRtyp ESRtyp Zmax IAC,max IAC,R Ordering code | 100 Hz dimensions 100 Hz 300 Hz 10 kHz 100 Hz 100 Hz (composition see | 20 C dxl 20 C 60 C 20 C 60 C 85 C below) | uF mm mOhm mOhm mOhm A A","26;9.9;45;22.0;11.9","4700 64.3 x 143.2 26 9.9 45 22.0 11.9 B437*1A5478M60#","parsed",""
"B43701_B43721.pdf","B43701/B43721","450","4700","76.9","105.7","B437*1B5478M60#","ESRtyp 100 Hz 20 C mOhm","26","ESRtyp 300 Hz 60 C mOhm","9.4","ESRtyp 100 Hz 20 C mOhm=26; ESRtyp 300 Hz 60 C mOhm=9.4","Zmax 10 kHz 20 C mOhm","45","Zmax 10 kHz 20 C mOhm=45","IAC,max 100 Hz 60 C A","23.1","IAC,R 100 Hz 85 C A","12.6","","","IAC,max 100 Hz 60 C A=23.1; IAC,R 100 Hz 85 C A=12.6","CR Case ESRtyp ESRtyp Zmax IAC,max IAC,R Ordering code | 100 Hz dimensions 100 Hz 300 Hz 10 kHz 100 Hz 100 Hz (composition see | 20 C dxl 20 C 60 C 20 C 60 C 85 C below) | uF mm mOhm mOhm mOhm A A","26;9.4;45;23.1;12.6","4700 76.9 x 105.7 26 9.4 45 23.1 12.6 B437*1B5478M60#","parsed",""
"B43701_B43721.pdf","B43701/B43721","450","5600","76.9","130.7","B437*1A5568M60#","ESRtyp 100 Hz 20 C mOhm","22","ESRtyp 300 Hz 60 C mOhm","7.6","ESRtyp 100 Hz 20 C mOhm=22; ESRtyp 300 Hz 60 C mOhm=7.6","Zmax 10 kHz 20 C mOhm","36","Zmax 10 kHz 20 C mOhm=36","IAC,max 100 Hz 60 C A","26.3","IAC,R 100 Hz 85 C A","14.3","","","IAC,max 100 Hz 60 C A=26.3; IAC,R 100 Hz 85 C A=14.3","CR Case ESRtyp ESRtyp Zmax IAC,max IAC,R Ordering code | 100 Hz dimensions 100 Hz 300 Hz 10 kHz 100 Hz 100 Hz (composition see | 20 C dxl 20 C 60 C 20 C 60 C 85 C below) | uF mm mOhm mOhm mOhm A A","22;7.6;36;26.3;14.3","5600 76.9 x 130.7 22 7.6 36 26.3 14.3 B437*1A5568M60#","parsed",""
"B43701_B43721.pdf","B43701/B43721","450","6800","76.9","156.2","B437*1A5688M60#","ESRtyp 100 Hz 20 C mOhm","18","ESRtyp 300 Hz 60 C mOhm","6.3","ESRtyp 100 Hz 20 C mOhm=18; ESRtyp 300 Hz 60 C mOhm=6.3","Zmax 10 kHz 20 C mOhm","30","Zmax 10 kHz 20 C mOhm=30","IAC,max 100 Hz 60 C A","29.9","IAC,R 100 Hz 85 C A","16.3","","","IAC,max 100 Hz 60 C A=29.9; IAC,R 100 Hz 85 C A=16.3","CR Case ESRtyp ESRtyp Zmax IAC,max IAC,R Ordering code | 100 Hz dimensions 100 Hz 300 Hz 10 kHz 100 Hz 100 Hz (composition see | 20 C dxl 20 C 60 C 20 C 60 C 85 C below) | uF mm mOhm mOhm mOhm A A","18;6.3;30;29.9;16.3","6800 76.9 x 156.2 18 6.3 30 29.9 16.3 B437*1A5688M60#","parsed",""
"B43701_B43721.pdf","B43701/B43721","450","8200","76.9","190.7","B437*1A5828M60#","ESRtyp 100 Hz 20 C mOhm","15","ESRtyp 300 Hz 60 C mOhm","5.2","ESRtyp 100 Hz 20 C mOhm=15; ESRtyp 300 Hz 60 C mOhm=5.2","Zmax 10 kHz 20 C mOhm","26","Zmax 10 kHz 20 C mOhm=26","IAC,max 100 Hz 60 C A","34.1","IAC,R 100 Hz 85 C A","19.1","","","IAC,max 100 Hz 60 C A=34.1; IAC,R 100 Hz 85 C A=19.1","CR Case ESRtyp ESRtyp Zmax IAC,max IAC,R Ordering code | 100 Hz dimensions 100 Hz 300 Hz 10 kHz 100 Hz 100 Hz (composition see | 20 C dxl 20 C 60 C 20 C 60 C 85 C below) | uF mm mOhm mOhm mOhm A A","15;5.2;26;34.1;19.1","8200 76.9 x 190.7 15 5.2 26 34.1 19.1 B437*1A5828M60#","parsed",""
"B43701_B43721.pdf","B43701/B43721","450","10000","76.9","190.7","B437*1A5109M60#","ESRtyp 100 Hz 20 C mOhm","13","ESRtyp 300 Hz 60 C mOhm","4.9","ESRtyp 100 Hz 20 C mOhm=13; ESRtyp 300 Hz 60 C mOhm=4.9","Zmax 10 kHz 20 C mOhm","22","Zmax 10 kHz 20 C mOhm=22","IAC,max 100 Hz 60 C A","37.8","IAC,R 100 Hz 85 C A","21.0","","","IAC,max 100 Hz 60 C A=37.8; IAC,R 100 Hz 85 C A=21.0","CR Case ESRtyp ESRtyp Zmax IAC,max IAC,R Ordering code | 100 Hz dimensions 100 Hz 300 Hz 10 kHz 100 Hz 100 Hz (composition see | 20 C dxl 20 C 60 C 20 C 60 C 85 C below) | uF mm mOhm mOhm mOhm A A","13;4.9;22;37.8;21.0","10000 76.9 x 190.7 13 4.9 22 37.8 21.0 B437*1A5109M60#","parsed",""
"B43703_B43723.pdf","B43703/B43723","350","2200","51.6","80.7","B437*3A4228M6##","ESRtyp 100 Hz 20 C mOhm","34","ESRtyp 300 Hz 60 C mOhm","15","ESRtyp 100 Hz 20 C mOhm=34; ESRtyp 300 Hz 60 C mOhm=15","Zmax 10 kHz 20 C mOhm","50","Zmax 10 kHz 20 C mOhm=50","IAC,max 100 Hz 60 C A","13.8","IAC,R 100 Hz 85 C A","7.63","","","IAC,max 100 Hz 60 C A=13.8; IAC,R 100 Hz 85 C A=7.63","CR Case ESRtyp ESRtyp Zmax IAC,max IAC,R Ordering code | 100 Hz dimensions 100 Hz 300 Hz 10 kHz 100 Hz 100 Hz (composition see | 20 C dxl 20 C 60 C 20 C 60 C 85 C below) | uF mm mOhm mOhm mOhm A A","34;15;50;13.8;7.63","2200 51.6 x 80.7 34 15 50 13.8 7.63 B437*3A4228M6##","parsed",""
"B43703_B43723.pdf","B43703/B43723","350","2700","51.6","96.7","B437*3A4278M6##","ESRtyp 100 Hz 20 C mOhm","28","ESRtyp 300 Hz 60 C mOhm","12","ESRtyp 100 Hz 20 C mOhm=28; ESRtyp 300 Hz 60 C mOhm=12","Zmax 10 kHz 20 C mOhm","40","Zmax 10 kHz 20 C mOhm=40","IAC,max 100 Hz 60 C A","16.0","IAC,R 100 Hz 85 C A","8.84","","","IAC,max 100 Hz 60 C A=16.0; IAC,R 100 Hz 85 C A=8.84","CR Case ESRtyp ESRtyp Zmax IAC,max IAC,R Ordering code | 100 Hz dimensions 100 Hz 300 Hz 10 kHz 100 Hz 100 Hz (composition see | 20 C dxl 20 C 60 C 20 C 60 C 85 C below) | uF mm mOhm mOhm mOhm A A","28;12;40;16.0;8.84","2700 51.6 x 96.7 28 12 40 16.0 8.84 B437*3A4278M6##","parsed",""
"B43703_B43723.pdf","B43703/B43723","350","3300","51.6","105.7","B437*3A4338M6##","ESRtyp 100 Hz 20 C mOhm","24","ESRtyp 300 Hz 60 C mOhm","10","ESRtyp 100 Hz 20 C mOhm=24; ESRtyp 300 Hz 60 C mOhm=10","Zmax 10 kHz 20 C mOhm","34","Zmax 10 kHz 20 C mOhm=34","IAC,max 100 Hz 60 C A","18.1","IAC,R 100 Hz 85 C A","9.97","","","IAC,max 100 Hz 60 C A=18.1; IAC,R 100 Hz 85 C A=9.97","CR Case ESRtyp ESRtyp Zmax IAC,max IAC,R Ordering code | 100 Hz dimensions 100 Hz 300 Hz 10 kHz 100 Hz 100 Hz (composition see | 20 C dxl 20 C 60 C 20 C 60 C 85 C below) | uF mm mOhm mOhm mOhm A A","24;10;34;18.1;9.97","3300 51.6 x 105.7 24 10 34 18.1 9.97 B437*3A4338M6##","parsed",""
"B43703_B43723.pdf","B43703/B43723","350","3300","64.3","80.7","B437*3B4338M6##","ESRtyp 100 Hz 20 C mOhm","24","ESRtyp 300 Hz 60 C mOhm","10","ESRtyp 100 Hz 20 C mOhm=24; ESRtyp 300 Hz 60 C mOhm=10","Zmax 10 kHz 20 C mOhm","34","Zmax 10 kHz 20 C mOhm=34","IAC,max 100 Hz 60 C A","18.8","IAC,R 100 Hz 85 C A","10.3","","","IAC,max 100 Hz 60 C A=18.8; IAC,R 100 Hz 85 C A=10.3","CR Case ESRtyp ESRtyp Zmax IAC,max IAC,R Ordering code | 100 Hz dimensions 100 Hz 300 Hz 10 kHz 100 Hz 100 Hz (composition see | 20 C dxl 20 C 60 C 20 C 60 C 85 C below) | uF mm mOhm mOhm mOhm A A","24;10;34;18.8;10.3","3300 64.3 x 80.7 24 10 34 18.8 10.3 B437*3B4338M6##","parsed",""
"B43703_B43723.pdf","B43703/B43723","350","3900","51.6","118.2","B437*3A4398M6##","ESRtyp 100 Hz 20 C mOhm","20","ESRtyp 300 Hz 60 C mOhm","9.1","ESRtyp 100 Hz 20 C mOhm=20; ESRtyp 300 Hz 60 C mOhm=9.1","Zmax 10 kHz 20 C mOhm","30","Zmax 10 kHz 20 C mOhm=30","IAC,max 100 Hz 60 C A","20.2","IAC,R 100 Hz 85 C A","11.1","","","IAC,max 100 Hz 60 C A=20.2; IAC,R 100 Hz 85 C A=11.1","CR Case ESRtyp ESRtyp Zmax IAC,max IAC,R Ordering code | 100 Hz dimensions 100 Hz 300 Hz 10 kHz 100 Hz 100 Hz (composition see | 20 C dxl 20 C 60 C 20 C 60 C 85 C below) | uF mm mOhm mOhm mOhm A A","20;9.1;30;20.2;11.1","3900 51.6 x 118.2 20 9.1 30 20.2 11.1 B437*3A4398M6##","parsed",""
"B43703_B43723.pdf","B43703/B43723","350","3900","64.3","96.7","B437*3B4398M6##","ESRtyp 100 Hz 20 C mOhm","19","ESRtyp 300 Hz 60 C mOhm","8.1","ESRtyp 100 Hz 20 C mOhm=19; ESRtyp 300 Hz 60 C mOhm=8.1","Zmax 10 kHz 20 C mOhm","28","Zmax 10 kHz 20 C mOhm=28","IAC,max 100 Hz 60 C A","21.2","IAC,R 100 Hz 85 C A","11.7","","","IAC,max 100 Hz 60 C A=21.2; IAC,R 100 Hz 85 C A=11.7","CR Case ESRtyp ESRtyp Zmax IAC,max IAC,R Ordering code | 100 Hz dimensions 100 Hz 300 Hz 10 kHz 100 Hz 100 Hz (composition see | 20 C dxl 20 C 60 C 20 C 60 C 85 C below) | uF mm mOhm mOhm mOhm A A","19;8.1;28;21.2;11.7","3900 64.3 x 96.7 19 8.1 28 21.2 11.7 B437*3B4398M6##","parsed",""
"B43703_B43723.pdf","B43703/B43723","350","4700","64.3","96.7","B437*3A4478M6##","ESRtyp 100 Hz 20 C mOhm","17","ESRtyp 300 Hz 60 C mOhm","7.8","ESRtyp 100 Hz 20 C mOhm=17; ESRtyp 300 Hz 60 C mOhm=7.8","Zmax 10 kHz 20 C mOhm","26","Zmax 10 kHz 20 C mOhm=26","IAC,max 100 Hz 60 C A","23.0","IAC,R 100 Hz 85 C A","12.6","","","IAC,max 100 Hz 60 C A=23.0; IAC,R 100 Hz 85 C A=12.6","CR Case ESRtyp ESRtyp Zmax IAC,max IAC,R Ordering code | 100 Hz dimensions 100 Hz 300 Hz 10 kHz 100 Hz 100 Hz (composition see | 20 C dxl 20 C 60 C 20 C 60 C 85 C below) | uF mm mOhm mOhm mOhm A A","17;7.8;26;23.0;12.6","4700 64.3 x 96.7 17 7.8 26 23.0 12.6 B437*3A4478M6##","parsed",""
"B43703_B43723.pdf","B43703/B43723","350","5600","64.3","118.2","B437*3A4568M6##","ESRtyp 100 Hz 20 C mOhm","14","ESRtyp 300 Hz 60 C mOhm","6.2","ESRtyp 100 Hz 20 C mOhm=14; ESRtyp 300 Hz 60 C mOhm=6.2","Zmax 10 kHz 20 C mOhm","20","Zmax 10 kHz 20 C mOhm=20","IAC,max 100 Hz 60 C A","26.3","IAC,R 100 Hz 85 C A","14.5","","","IAC,max 100 Hz 60 C A=26.3; IAC,R 100 Hz 85 C A=14.5","CR Case ESRtyp ESRtyp Zmax IAC,max IAC,R Ordering code | 100 Hz dimensions 100 Hz 300 Hz 10 kHz 100 Hz 100 Hz (composition see | 20 C dxl 20 C 60 C 20 C 60 C 85 C below) | uF mm mOhm mOhm mOhm A A","14;6.2;20;26.3;14.5","5600 64.3 x 118.2 14 6.2 20 26.3 14.5 B437*3A4568M6##","parsed",""
"B43703_B43723.pdf","B43703/B43723","350","5600","76.9","96.7","B437*3B4568M6##","ESRtyp 100 Hz 20 C mOhm","13","ESRtyp 300 Hz 60 C mOhm","5.5","ESRtyp 100 Hz 20 C mOhm=13; ESRtyp 300 Hz 60 C mOhm=5.5","Zmax 10 kHz 20 C mOhm","19","Zmax 10 kHz 20 C mOhm=19","IAC,max 100 Hz 60 C A","29.4","IAC,R 100 Hz 85 C A","16.1","","","IAC,max 100 Hz 60 C A=29.4; IAC,R 100 Hz 85 C A=16.1","CR Case ESRtyp ESRtyp Zmax IAC,max IAC,R Ordering code | 100 Hz dimensions 100 Hz 300 Hz 10 kHz 100 Hz 100 Hz (composition see | 20 C dxl 20 C 60 C 20 C 60 C 85 C below) | uF mm mOhm mOhm mOhm A A","13;5.5;19;29.4;16.1","5600 76.9 x 96.7 13 5.5 19 29.4 16.1 B437*3B4568M6##","parsed",""
"B43703_B43723.pdf","B43703/B43723","350","6800","64.3","130.7","B437*3A4688M6##","ESRtyp 100 Hz 20 C mOhm","12","ESRtyp 300 Hz 60 C mOhm","5.6","ESRtyp 100 Hz 20 C mOhm=12; ESRtyp 300 Hz 60 C mOhm=5.6","Zmax 10 kHz 20 C mOhm","18","Zmax 10 kHz 20 C mOhm=18","IAC,max 100 Hz 60 C A","29.6","IAC,R 100 Hz 85 C A","16.3","","","IAC,max 100 Hz 60 C A=29.6; IAC,R 100 Hz 85 C A=16.3","CR Case ESRtyp ESRtyp Zmax IAC,max IAC,R Ordering code | 100 Hz dimensions 100 Hz 300 Hz 10 kHz 100 Hz 100 Hz (composition see | 20 C dxl 20 C 60 C 20 C 60 C 85 C below) | uF mm mOhm mOhm mOhm A A","12;5.6;18;29.6;16.3","6800 64.3 x 130.7 12 5.6 18 29.6 16.3 B437*3A4688M6##","parsed",""
"B43703_B43723.pdf","B43703/B43723","350","6800","76.9","105.7","B437*3B4688M6##","ESRtyp 100 Hz 20 C mOhm","11","ESRtyp 300 Hz 60 C mOhm","4.8","ESRtyp 100 Hz 20 C mOhm=11; ESRtyp 300 Hz 60 C mOhm=4.8","Zmax 10 kHz 20 C mOhm","16","Zmax 10 kHz 20 C mOhm=16","IAC,max 100 Hz 60 C A","32.8","IAC,R 100 Hz 85 C A","18.0","","","IAC,max 100 Hz 60 C A=32.8; IAC,R 100 Hz 85 C A=18.0","CR Case ESRtyp ESRtyp Zmax IAC,max IAC,R Ordering code | 100 Hz dimensions 100 Hz 300 Hz 10 kHz 100 Hz 100 Hz (composition see | 20 C dxl 20 C 60 C 20 C 60 C 85 C below) | uF mm mOhm mOhm mOhm A A","11;4.8;16;32.8;18.0","6800 76.9 x 105.7 11 4.8 16 32.8 18.0 B437*3B4688M6##","parsed",""
"B43703_B43723.pdf","B43703/B43723","350","8200","76.9","118.2","B437*3A4828M6##","ESRtyp 100 Hz 20 C mOhm","9.4","ESRtyp 300 Hz 60 C mOhm","4.1","ESRtyp 100 Hz 20 C mOhm=9.4; ESRtyp 300 Hz 60 C mOhm=4.1","Zmax 10 kHz 20 C mOhm","14","Zmax 10 kHz 20 C mOhm=14","IAC,max 100 Hz 60 C A","36.7","IAC,R 100 Hz 85 C A","20.2","","","IAC,max 100 Hz 60 C A=36.7; IAC,R 100 Hz 85 C A=20.2","CR Case ESRtyp ESRtyp Zmax IAC,max IAC,R Ordering code | 100 Hz dimensions 100 Hz 300 Hz 10 kHz 100 Hz 100 Hz (composition see | 20 C dxl 20 C 60 C 20 C 60 C 85 C below) | uF mm mOhm mOhm mOhm A A","9.4;4.1;14;36.7;20.2","8200 76.9 x 118.2 9.4 4.1 14 36.7 20.2 B437*3A4828M6##","parsed",""
"B43703_B43723.pdf","B43703/B43723","350","10000","76.9","130.7","B437*3A4109M6##","ESRtyp 100 Hz 20 C mOhm","7.9","ESRtyp 300 Hz 60 C mOhm","3.6","ESRtyp 100 Hz 20 C mOhm=7.9; ESRtyp 300 Hz 60 C mOhm=3.6","Zmax 10 kHz 20 C mOhm","12","Zmax 10 kHz 20 C mOhm=12","IAC,max 100 Hz 60 C A","41.2","IAC,R 100 Hz 85 C A","22.7","","","IAC,max 100 Hz 60 C A=41.2; IAC,R 100 Hz 85 C A=22.7","CR Case ESRtyp ESRtyp Zmax IAC,max IAC,R Ordering code | 100 Hz dimensions 100 Hz 300 Hz 10 kHz 100 Hz 100 Hz (composition see | 20 C dxl 20 C 60 C 20 C 60 C 85 C below) | uF mm mOhm mOhm mOhm A A","7.9;3.6;12;41.2;22.7","10000 76.9 x 130.7 7.9 3.6 12 41.2 22.7 B437*3A4109M6##","parsed",""
"B43703_B43723.pdf","B43703/B43723","350","10000","90.0","120.0","B437*3B4109M6##","ESRtyp 100 Hz 20 C mOhm","7.5","ESRtyp 300 Hz 60 C mOhm","3.2","ESRtyp 100 Hz 20 C mOhm=7.5; ESRtyp 300 Hz 60 C mOhm=3.2","Zmax 10 kHz 20 C mOhm","11","Zmax 10 kHz 20 C mOhm=11","IAC,max 100 Hz 60 C A","45.0","IAC,R 100 Hz 85 C A","25.7","","","IAC,max 100 Hz 60 C A=45.0; IAC,R 100 Hz 85 C A=25.7","CR Case ESRtyp ESRtyp Zmax IAC,max IAC,R Ordering code | 100 Hz dimensions 100 Hz 300 Hz 10 kHz 100 Hz 100 Hz (composition see | 20 C dxl 20 C 60 C 20 C 60 C 85 C below) | uF mm mOhm mOhm mOhm A A","7.5;3.2;11;45.0;25.7","10000 90.0 x 120.0 7.5 3.2 11 45.0 25.7 B437*3B4109M6##","parsed",""
"B43703_B43723.pdf","B43703/B43723","350","12000","76.9","156.2","B437*3A4129M6##","ESRtyp 100 Hz 20 C mOhm","6.6","ESRtyp 300 Hz 60 C mOhm","3.0","ESRtyp 100 Hz 20 C mOhm=6.6; ESRtyp 300 Hz 60 C mOhm=3.0","Zmax 10 kHz 20 C mOhm","10","Zmax 10 kHz 20 C mOhm=10","IAC,max 100 Hz 60 C A","46.8","IAC,R 100 Hz 85 C A","25.7","","","IAC,max 100 Hz 60 C A=46.8; IAC,R 100 Hz 85 C A=25.7","CR Case ESRtyp ESRtyp Zmax IAC,max IAC,R Ordering code | 100 Hz dimensions 100 Hz 300 Hz 10 kHz 100 Hz 100 Hz (composition see | 20 C dxl 20 C 60 C 20 C 60 C 85 C below) | uF mm mOhm mOhm mOhm A A","6.6;3.0;10;46.8;25.7","12000 76.9 x 156.2 6.6 3.0 10 46.8 25.7 B437*3A4129M6##","parsed",""
"B43703_B43723.pdf","B43703/B43723","350","12000","90.0","144.5","B437*3B4129M6##","ESRtyp 100 Hz 20 C mOhm","6.2","ESRtyp 300 Hz 60 C mOhm","2.6","ESRtyp 100 Hz 20 C mOhm=6.2; ESRtyp 300 Hz 60 C mOhm=2.6","Zmax 10 kHz 20 C mOhm","9.4","Zmax 10 kHz 20 C mOhm=9.4","IAC,max 100 Hz 60 C A","50.4","IAC,R 100 Hz 85 C A","28.8","","","IAC,max 100 Hz 60 C A=50.4; IAC,R 100 Hz 85 C A=28.8","CR Case ESRtyp ESRtyp Zmax IAC,max IAC,R Ordering code | 100 Hz dimensions 100 Hz 300 Hz 10 kHz 100 Hz 100 Hz (composition see | 20 C dxl 20 C 60 C 20 C 60 C 85 C below) | uF mm mOhm mOhm mOhm A A","6.2;2.6;9.4;50.4;28.8","12000 90.0 x 144.5 6.2 2.6 9.4 50.4 28.8 B437*3B4129M6##","parsed",""
"B43703_B43723.pdf","B43703/B43723","350","15000","76.9","190.7","B437*3A4159M6##","ESRtyp 100 Hz 20 C mOhm","5.3","ESRtyp 300 Hz 60 C mOhm","2.5","ESRtyp 100 Hz 20 C mOhm=5.3; ESRtyp 300 Hz 60 C mOhm=2.5","Zmax 10 kHz 20 C mOhm","8.4","Zmax 10 kHz 20 C mOhm=8.4","IAC,max 100 Hz 60 C A","54.6","IAC,R 100 Hz 85 C A","31.2","","","IAC,max 100 Hz 60 C A=54.6; IAC,R 100 Hz 85 C A=31.2","CR Case ESRtyp ESRtyp Zmax IAC,max IAC,R Ordering code | 100 Hz dimensions 100 Hz 300 Hz 10 kHz 100 Hz 100 Hz (composition see | 20 C dxl 20 C 60 C 20 C 60 C 85 C below) | uF mm mOhm mOhm mOhm A A","5.3;2.5;8.4;54.6;31.2","15000 76.9 x 190.7 5.3 2.5 8.4 54.6 31.2 B437*3A4159M6##","parsed",""
"B43703_B43723.pdf","B43703/B43723","350","15000","90.0","144.5","B437*3B4159M6##","ESRtyp 100 Hz 20 C mOhm","5.3","ESRtyp 300 Hz 60 C mOhm","2.5","ESRtyp 100 Hz 20 C mOhm=5.3; ESRtyp 300 Hz 60 C mOhm=2.5","Zmax 10 kHz 20 C mOhm","8.4","Zmax 10 kHz 20 C mOhm=8.4","IAC,max 100 Hz 60 C A","56.6","IAC,R 100 Hz 85 C A","32.3","","","IAC,max 100 Hz 60 C A=56.6; IAC,R 100 Hz 85 C A=32.3","CR Case ESRtyp ESRtyp Zmax IAC,max IAC,R Ordering code | 100 Hz dimensions 100 Hz 300 Hz 10 kHz 100 Hz 100 Hz (composition see | 20 C dxl 20 C 60 C 20 C 60 C 85 C below) | uF mm mOhm mOhm mOhm A A","5.3;2.5;8.4;56.6;32.3","15000 90.0 x 144.5 5.3 2.5 8.4 56.6 32.3 B437*3B4159M6##","parsed",""
"B43703_B43723.pdf","B43703/B43723","350","18000","76.9","220.7","B437*3A4189M6##","ESRtyp 100 Hz 20 C mOhm","4.5","ESRtyp 300 Hz 60 C mOhm","2.1","ESRtyp 100 Hz 20 C mOhm=4.5; ESRtyp 300 Hz 60 C mOhm=2.1","Zmax 10 kHz 20 C mOhm","7.4","Zmax 10 kHz 20 C mOhm=7.4","IAC,max 100 Hz 60 C A","62.0","IAC,R 100 Hz 85 C A","35.4","","","IAC,max 100 Hz 60 C A=62.0; IAC,R 100 Hz 85 C A=35.4","CR Case ESRtyp ESRtyp Zmax IAC,max IAC,R Ordering code | 100 Hz dimensions 100 Hz 300 Hz 10 kHz 100 Hz 100 Hz (composition see | 20 C dxl 20 C 60 C 20 C 60 C 85 C below) | uF mm mOhm mOhm mOhm A A","4.5;2.1;7.4;62.0;35.4","18000 76.9 x 220.7 4.5 2.1 7.4 62.0 35.4 B437*3A4189M6##","parsed",""
"B43703_B43723.pdf","B43703/B43723","350","18000","90.0","170.0","B437*3B4189M6##","ESRtyp 100 Hz 20 C mOhm","4.4","ESRtyp 300 Hz 60 C mOhm","2.1","ESRtyp 100 Hz 20 C mOhm=4.4; ESRtyp 300 Hz 60 C mOhm=2.1","Zmax 10 kHz 20 C mOhm","7.4","Zmax 10 kHz 20 C mOhm=7.4","IAC,max 100 Hz 60 C A","63.6","IAC,R 100 Hz 85 C A","36.3","","","IAC,max 100 Hz 60 C A=63.6; IAC,R 100 Hz 85 C A=36.3","CR Case ESRtyp ESRtyp Zmax IAC,max IAC,R Ordering code | 100 Hz dimensions 100 Hz 300 Hz 10 kHz 100 Hz 100 Hz (composition see | 20 C dxl 20 C 60 C 20 C 60 C 85 C below) | uF mm mOhm mOhm mOhm A A","4.4;2.1;7.4;63.6;36.3","18000 90.0 x 170.0 4.4 2.1 7.4 63.6 36.3 B437*3B4189M6##","parsed",""
"B43703_B43723.pdf","B43703/B43723","350","22000","90.0","197.0","B437*3A4229M6##","ESRtyp 100 Hz 20 C mOhm","3.7","ESRtyp 300 Hz 60 C mOhm","1.8","ESRtyp 100 Hz 20 C mOhm=3.7; ESRtyp 300 Hz 60 C mOhm=1.8","Zmax 10 kHz 20 C mOhm","6.6","Zmax 10 kHz 20 C mOhm=6.6","IAC,max 100 Hz 60 C A","72.4","IAC,R 100 Hz 85 C A","41.3","","","IAC,max 100 Hz 60 C A=72.4; IAC,R 100 Hz 85 C A=41.3","CR Case ESRtyp ESRtyp Zmax IAC,max IAC,R Ordering code | 100 Hz dimensions 100 Hz 300 Hz 10 kHz 100 Hz 100 Hz (composition see | 20 C dxl 20 C 60 C 20 C 60 C 85 C below) | uF mm mOhm mOhm mOhm A A","3.7;1.8;6.6;72.4;41.3","22000 90.0 x 197.0 3.7 1.8 6.6 72.4 41.3 B437*3A4229M6##","parsed",""
"B43703_B43723.pdf","B43703/B43723","400","1800","51.6","80.7","B437*3A9188M6##","ESRtyp 100 Hz 20 C mOhm","65","ESRtyp 300 Hz 60 C mOhm","20","ESRtyp 100 Hz 20 C mOhm=65; ESRtyp 300 Hz 60 C mOhm=20","Zmax 10 kHz 20 C mOhm","100","Zmax 10 kHz 20 C mOhm=100","IAC,max 100 Hz 60 C A","12.5","IAC,R 100 Hz 85 C A","6.91","","","IAC,max 100 Hz 60 C A=12.5; IAC,R 100 Hz 85 C A=6.91","CR Case ESRtyp ESRtyp Zmax IAC,max IAC,R Ordering code | 100 Hz dimensions 100 Hz 300 Hz 10 kHz 100 Hz 100 Hz (composition see | 20 C dxl 20 C 60 C 20 C 60 C 85 C below) | uF mm mOhm mOhm mOhm A A","65;20;100;12.5;6.91","1800 51.6 x 80.7 65 20 100 12.5 6.91 B437*3A9188M6##","parsed",""
"B43703_B43723.pdf","B43703/B43723","400","2200","51.6","96.7","B437*3A9228M6##","ESRtyp 100 Hz 20 C mOhm","50","ESRtyp 300 Hz 60 C mOhm","16","ESRtyp 100 Hz 20 C mOhm=50; ESRtyp 300 Hz 60 C mOhm=16","Zmax 10 kHz 20 C mOhm","80","Zmax 10 kHz 20 C mOhm=80","IAC,max 100 Hz 60 C A","14.4","IAC,R 100 Hz 85 C A","7.99","","","IAC,max 100 Hz 60 C A=14.4; IAC,R 100 Hz 85 C A=7.99","CR Case ESRtyp ESRtyp Zmax IAC,max IAC,R Ordering code | 100 Hz dimensions 100 Hz 300 Hz 10 kHz 100 Hz 100 Hz (composition see | 20 C dxl 20 C 60 C 20 C 60 C 85 C below) | uF mm mOhm mOhm mOhm A A","50;16;80;14.4;7.99","2200 51.6 x 96.7 50 16 80 14.4 7.99 B437*3A9228M6##","parsed",""
"B43703_B43723.pdf","B43703/B43723","400","2700","51.6","105.7","B437*3A9278M6##","ESRtyp 100 Hz 20 C mOhm","45","ESRtyp 300 Hz 60 C mOhm","14","ESRtyp 100 Hz 20 C mOhm=45; ESRtyp 300 Hz 60 C mOhm=14","Zmax 10 kHz 20 C mOhm","70","Zmax 10 kHz 20 C mOhm=70","IAC,max 100 Hz 60 C A","16.4","IAC,R 100 Hz 85 C A","9.08","","","IAC,max 100 Hz 60 C A=16.4; IAC,R 100 Hz 85 C A=9.08","CR Case ESRtyp ESRtyp Zmax IAC,max IAC,R Ordering code | 100 Hz dimensions 100 Hz 300 Hz 10 kHz 100 Hz 100 Hz (composition see | 20 C dxl 20 C 60 C 20 C 60 C 85 C below) | uF mm mOhm mOhm mOhm A A","45;14;70;16.4;9.08","2700 51.6 x 105.7 45 14 70 16.4 9.08 B437*3A9278M6##","parsed",""
"B43703_B43723.pdf","B43703/B43723","400","2700","64.3","80.7","B437*3B9278M6##","ESRtyp 100 Hz 20 C mOhm","40","ESRtyp 300 Hz 60 C mOhm","14","ESRtyp 100 Hz 20 C mOhm=40; ESRtyp 300 Hz 60 C mOhm=14","Zmax 10 kHz 20 C mOhm","65","Zmax 10 kHz 20 C mOhm=65","IAC,max 100 Hz 60 C A","17.0","IAC,R 100 Hz 85 C A","9.39","","","IAC,max 100 Hz 60 C A=17.0; IAC,R 100 Hz 85 C A=9.39","CR Case ESRtyp ESRtyp Zmax IAC,max IAC,R Ordering code | 100 Hz dimensions 100 Hz 300 Hz 10 kHz 100 Hz 100 Hz (composition see | 20 C dxl 20 C 60 C 20 C 60 C 85 C below) | uF mm mOhm mOhm mOhm A A","40;14;65;17.0;9.39","2700 64.3 x 80.7 40 14 65 17.0 9.39 B437*3B9278M6##","parsed",""
"B43703_B43723.pdf","B43703/B43723","400","3300","51.6","130.7","B437*3A9338M6##","ESRtyp 100 Hz 20 C mOhm","34","ESRtyp 300 Hz 60 C mOhm","11","ESRtyp 100 Hz 20 C mOhm=34; ESRtyp 300 Hz 60 C mOhm=11","Zmax 10 kHz 20 C mOhm","55","Zmax 10 kHz 20 C mOhm=55","IAC,max 100 Hz 60 C A","19.2","IAC,R 100 Hz 85 C A","10.6","","","IAC,max 100 Hz 60 C A=19.2; IAC,R 100 Hz 85 C A=10.6","CR Case ESRtyp ESRtyp Zmax IAC,max IAC,R Ordering code | 100 Hz dimensions 100 Hz 300 Hz 10 kHz 100 Hz 100 Hz (composition see | 20 C dxl 20 C 60 C 20 C 60 C 85 C below) | uF mm mOhm mOhm mOhm A A","34;11;55;19.2;10.6","3300 51.6 x 130.7 34 11 55 19.2 10.6 B437*3A9338M6##","parsed",""
"B43703_B43723.pdf","B43703/B43723","400","3300","64.3","96.7","B437*3B9338M6##","ESRtyp 100 Hz 20 C mOhm","34","ESRtyp 300 Hz 60 C mOhm","11","ESRtyp 100 Hz 20 C mOhm=34; ESRtyp 300 Hz 60 C mOhm=11","Zmax 10 kHz 20 C mOhm","55","Zmax 10 kHz 20 C mOhm=55","IAC,max 100 Hz 60 C A","19.5","IAC,R 100 Hz 85 C A","10.7","","","IAC,max 100 Hz 60 C A=19.5; IAC,R 100 Hz 85 C A=10.7","CR Case ESRtyp ESRtyp Zmax IAC,max IAC,R Ordering code | 100 Hz dimensions 100 Hz 300 Hz 10 kHz 100 Hz 100 Hz (composition see | 20 C dxl 20 C 60 C 20 C 60 C 85 C below) | uF mm mOhm mOhm mOhm A A","34;11;55;19.5;10.7","3300 64.3 x 96.7 34 11 55 19.5 10.7 B437*3B9338M6##","parsed",""
"B43703_B43723.pdf","B43703/B43723","400","3900","64.3","96.7","B437*3A9398M6##","ESRtyp 100 Hz 20 C mOhm","30","ESRtyp 300 Hz 60 C mOhm","10","ESRtyp 100 Hz 20 C mOhm=30; ESRtyp 300 Hz 60 C mOhm=10","Zmax 10 kHz 20 C mOhm","50","Zmax 10 kHz 20 C mOhm=50","IAC,max 100 Hz 60 C A","21.2","IAC,R 100 Hz 85 C A","11.6","","","IAC,max 100 Hz 60 C A=21.2; IAC,R 100 Hz 85 C A=11.6","CR Case ESRtyp ESRtyp Zmax IAC,max IAC,R Ordering code | 100 Hz dimensions 100 Hz 300 Hz 10 kHz 100 Hz 100 Hz (composition see | 20 C dxl 20 C 60 C 20 C 60 C 85 C below) | uF mm mOhm mOhm mOhm A A","30;10;50;21.2;11.6","3900 64.3 x 96.7 30 10 50 21.2 11.6 B437*3A9398M6##","parsed",""
"B43703_B43723.pdf","B43703/B43723","400","4700","64.3","118.2","B437*3A9478M6##","ESRtyp 100 Hz 20 C mOhm","24","ESRtyp 300 Hz 60 C mOhm","8.3","ESRtyp 100 Hz 20 C mOhm=24; ESRtyp 300 Hz 60 C mOhm=8.3","Zmax 10 kHz 20 C mOhm","40","Zmax 10 kHz 20 C mOhm=40","IAC,max 100 Hz 60 C A","24.3","IAC,R 100 Hz 85 C A","13.4","","","IAC,max 100 Hz 60 C A=24.3; IAC,R 100 Hz 85 C A=13.4","CR Case ESRtyp ESRtyp Zmax IAC,max IAC,R Ordering code | 100 Hz dimensions 100 Hz 300 Hz 10 kHz 100 Hz 100 Hz (composition see | 20 C dxl 20 C 60 C 20 C 60 C 85 C below) | uF mm mOhm mOhm mOhm A A","24;8.3;40;24.3;13.4","4700 64.3 x 118.2 24 8.3 40 24.3 13.4 B437*3A9478M6##","parsed",""
"B43703_B43723.pdf","B43703/B43723","400","4700","76.9","96.7","B437*3B9478M6##","ESRtyp 100 Hz 20 C mOhm","24","ESRtyp 300 Hz 60 C mOhm","7.5","ESRtyp 100 Hz 20 C mOhm=24; ESRtyp 300 Hz 60 C mOhm=7.5","Zmax 10 kHz 20 C mOhm","38","Zmax 10 kHz 20 C mOhm=38","IAC,max 100 Hz 60 C A","26.8","IAC,R 100 Hz 85 C A","14.7","","","IAC,max 100 Hz 60 C A=26.8; IAC,R 100 Hz 85 C A=14.7","CR Case ESRtyp ESRtyp Zmax IAC,max IAC,R Ordering code | 100 Hz dimensions 100 Hz 300 Hz 10 kHz 100 Hz 100 Hz (composition see | 20 C dxl 20 C 60 C 20 C 60 C 85 C below) | uF mm mOhm mOhm mOhm A A","24;7.5;38;26.8;14.7","4700 76.9 x 96.7 24 7.5 38 26.8 14.7 B437*3B9478M6##","parsed",""
"B43703_B43723.pdf","B43703/B43723","400","5600","64.3","130.7","B437*3A9568M6##","ESRtyp 100 Hz 20 C mOhm","20","ESRtyp 300 Hz 60 C mOhm","7.3","ESRtyp 100 Hz 20 C mOhm=20; ESRtyp 300 Hz 60 C mOhm=7.3","Zmax 10 kHz 20 C mOhm","34","Zmax 10 kHz 20 C mOhm=34","IAC,max 100 Hz 60 C A","27.3","IAC,R 100 Hz 85 C A","15.0","","","IAC,max 100 Hz 60 C A=27.3; IAC,R 100 Hz 85 C A=15.0","CR Case ESRtyp ESRtyp Zmax IAC,max IAC,R Ordering code | 100 Hz dimensions 100 Hz 300 Hz 10 kHz 100 Hz 100 Hz (composition see | 20 C dxl 20 C 60 C 20 C 60 C 85 C below) | uF mm mOhm mOhm mOhm A A","20;7.3;34;27.3;15.0","5600 64.3 x 130.7 20 7.3 34 27.3 15.0 B437*3A9568M6##","parsed",""
"B43703_B43723.pdf","B43703/B43723","400","5600","76.9","105.7","B437*3B9568M6##","ESRtyp 100 Hz 20 C mOhm","20","ESRtyp 300 Hz 60 C mOhm","6.5","ESRtyp 100 Hz 20 C mOhm=20; ESRtyp 300 Hz 60 C mOhm=6.5","Zmax 10 kHz 20 C mOhm","32","Zmax 10 kHz 20 C mOhm=32","IAC,max 100 Hz 60 C A","29.8","IAC,R 100 Hz 85 C A","16.4","","","IAC,max 100 Hz 60 C A=29.8; IAC,R 100 Hz 85 C A=16.4","CR Case ESRtyp ESRtyp Zmax IAC,max IAC,R Ordering code | 100 Hz dimensions 100 Hz 300 Hz 10 kHz 100 Hz 100 Hz (composition see | 20 C dxl 20 C 60 C 20 C 60 C 85 C below) | uF mm mOhm mOhm mOhm A A","20;6.5;32;29.8;16.4","5600 76.9 x 105.7 20 6.5 32 29.8 16.4 B437*3B9568M6##","parsed",""
"B43703_B43723.pdf","B43703/B43723","400","6800","76.9","118.2","B437*3A9688M6##","ESRtyp 100 Hz 20 C mOhm","17","ESRtyp 300 Hz 60 C mOhm","5.6","ESRtyp 100 Hz 20 C mOhm=17; ESRtyp 300 Hz 60 C mOhm=5.6","Zmax 10 kHz 20 C mOhm","28","Zmax 10 kHz 20 C mOhm=28","IAC,max 100 Hz 60 C A","33.6","IAC,R 100 Hz 85 C A","18.4","","","IAC,max 100 Hz 60 C A=33.6; IAC,R 100 Hz 85 C A=18.4","CR Case ESRtyp ESRtyp Zmax IAC,max IAC,R Ordering code | 100 Hz dimensions 100 Hz 300 Hz 10 kHz 100 Hz 100 Hz (composition see | 20 C dxl 20 C 60 C 20 C 60 C 85 C below) | uF mm mOhm mOhm mOhm A A","17;5.6;28;33.6;18.4","6800 76.9 x 118.2 17 5.6 28 33.6 18.4 B437*3A9688M6##","parsed",""
"B43703_B43723.pdf","B43703/B43723","400","8200","76.9","130.7","B437*3A9828M6##","ESRtyp 100 Hz 20 C mOhm","14","ESRtyp 300 Hz 60 C mOhm","4.8","ESRtyp 100 Hz 20 C mOhm=14; ESRtyp 300 Hz 60 C mOhm=4.8","Zmax 10 kHz 20 C mOhm","24","Zmax 10 kHz 20 C mOhm=24","IAC,max 100 Hz 60 C A","37.8","IAC,R 100 Hz 85 C A","20.8","","","IAC,max 100 Hz 60 C A=37.8; IAC,R 100 Hz 85 C A=20.8","CR Case ESRtyp ESRtyp Zmax IAC,max IAC,R Ordering code | 100 Hz dimensions 100 Hz 300 Hz 10 kHz 100 Hz 100 Hz (composition see | 20 C dxl 20 C 60 C 20 C 60 C 85 C below) | uF mm mOhm mOhm mOhm A A","14;4.8;24;37.8;20.8","8200 76.9 x 130.7 14 4.8 24 37.8 20.8 B437*3A9828M6##","parsed",""
"B43703_B43723.pdf","B43703/B43723","400","8200","90.0","120.0","B437*3B9828M6##","ESRtyp 100 Hz 20 C mOhm","14","ESRtyp 300 Hz 60 C mOhm","4.4","ESRtyp 100 Hz 20 C mOhm=14; ESRtyp 300 Hz 60 C mOhm=4.4","Zmax 10 kHz 20 C mOhm","22","Zmax 10 kHz 20 C mOhm=22","IAC,max 100 Hz 60 C A","40.7","IAC,R 100 Hz 85 C A","23.2","","","IAC,max 100 Hz 60 C A=40.7; IAC,R 100 Hz 85 C A=23.2","CR Case ESRtyp ESRtyp Zmax IAC,max IAC,R Ordering code | 100 Hz dimensions 100 Hz 300 Hz 10 kHz 100 Hz 100 Hz (composition see | 20 C dxl 20 C 60 C 20 C 60 C 85 C below) | uF mm mOhm mOhm mOhm A A","14;4.4;22;40.7;23.2","8200 90.0 x 120.0 14 4.4 22 40.7 23.2 B437*3B9828M6##","parsed",""
"B43703_B43723.pdf","B43703/B43723","400","10000","76.9","156.2","B437*3A9109M6##","ESRtyp 100 Hz 20 C mOhm","12","ESRtyp 300 Hz 60 C mOhm","4.0","ESRtyp 100 Hz 20 C mOhm=12; ESRtyp 300 Hz 60 C mOhm=4.0","Zmax 10 kHz 20 C mOhm","19","Zmax 10 kHz 20 C mOhm=19","IAC,max 100 Hz 60 C A","43.3","IAC,R 100 Hz 85 C A","23.8","","","IAC,max 100 Hz 60 C A=43.3; IAC,R 100 Hz 85 C A=23.8","CR Case ESRtyp ESRtyp Zmax IAC,max IAC,R Ordering code | 100 Hz dimensions 100 Hz 300 Hz 10 kHz 100 Hz 100 Hz (composition see | 20 C dxl 20 C 60 C 20 C 60 C 85 C below) | uF mm mOhm mOhm mOhm A A","12;4.0;19;43.3;23.8","10000 76.9 x 156.2 12 4.0 19 43.3 23.8 B437*3A9109M6##","parsed",""
"B43703_B43723.pdf","B43703/B43723","400","10000","90.0","144.5","B437*3B9109M6##","ESRtyp 100 Hz 20 C mOhm","11","ESRtyp 300 Hz 60 C mOhm","3.6","ESRtyp 100 Hz 20 C mOhm=11; ESRtyp 300 Hz 60 C mOhm=3.6","Zmax 10 kHz 20 C mOhm","18","Zmax 10 kHz 20 C mOhm=18","IAC,max 100 Hz 60 C A","46.0","IAC,R 100 Hz 85 C A","26.3","","","IAC,max 100 Hz 60 C A=46.0; IAC,R 100 Hz 85 C A=26.3","CR Case ESRtyp ESRtyp Zmax IAC,max IAC,R Ordering code | 100 Hz dimensions 100 Hz 300 Hz 10 kHz 100 Hz 100 Hz (composition see | 20 C dxl 20 C 60 C 20 C 60 C 85 C below) | uF mm mOhm mOhm mOhm A A","11;3.6;18;46.0;26.3","10000 90.0 x 144.5 11 3.6 18 46.0 26.3 B437*3B9109M6##","parsed",""
"B43703_B43723.pdf","B43703/B43723","400","12000","76.9","190.7","B437*3A9129M6##","ESRtyp 100 Hz 20 C mOhm","9.6","ESRtyp 300 Hz 60 C mOhm","3.3","ESRtyp 100 Hz 20 C mOhm=9.6; ESRtyp 300 Hz 60 C mOhm=3.3","Zmax 10 kHz 20 C mOhm","16","Zmax 10 kHz 20 C mOhm=16","IAC,max 100 Hz 60 C A","49.4","IAC,R 100 Hz 85 C A","28.2","","","IAC,max 100 Hz 60 C A=49.4; IAC,R 100 Hz 85 C A=28.2","CR Case ESRtyp ESRtyp Zmax IAC,max IAC,R Ordering code | 100 Hz dimensions 100 Hz 300 Hz 10 kHz 100 Hz 100 Hz (composition see | 20 C dxl 20 C 60 C 20 C 60 C 85 C below) | uF mm mOhm mOhm mOhm A A","9.6;3.3;16;49.4;28.2","12000 76.9 x 190.7 9.6 3.3 16 49.4 28.2 B437*3A9129M6##","parsed",""
"B43703_B43723.pdf","B43703/B43723","400","12000","90.0","144.5","B437*3B9129M6##","ESRtyp 100 Hz 20 C mOhm","9.7","ESRtyp 300 Hz 60 C mOhm","3.3","ESRtyp 100 Hz 20 C mOhm=9.7; ESRtyp 300 Hz 60 C mOhm=3.3","Zmax 10 kHz 20 C mOhm","16","Zmax 10 kHz 20 C mOhm=16","IAC,max 100 Hz 60 C A","51.1","IAC,R 100 Hz 85 C A","29.2","","","IAC,max 100 Hz 60 C A=51.1; IAC,R 100 Hz 85 C A=29.2","CR Case ESRtyp ESRtyp Zmax IAC,max IAC,R Ordering code | 100 Hz dimensions 100 Hz 300 Hz 10 kHz 100 Hz 100 Hz (composition see | 20 C dxl 20 C 60 C 20 C 60 C 85 C below) | uF mm mOhm mOhm mOhm A A","9.7;3.3;16;51.1;29.2","12000 90.0 x 144.5 9.7 3.3 16 51.1 29.2 B437*3B9129M6##","parsed",""
"B43703_B43723.pdf","B43703/B43723","400","15000","76.9","220.7","B437*3A9159M6##","ESRtyp 100 Hz 20 C mOhm","7.8","ESRtyp 300 Hz 60 C mOhm","2.8","ESRtyp 100 Hz 20 C mOhm=7.8; ESRtyp 300 Hz 60 C mOhm=2.8","Zmax 10 kHz 20 C mOhm","13","Zmax 10 kHz 20 C mOhm=13","IAC,max 100 Hz 60 C A","57.8","IAC,R 100 Hz 85 C A","33.0","","","IAC,max 100 Hz 60 C A=57.8; IAC,R 100 Hz 85 C A=33.0","CR Case ESRtyp ESRtyp Zmax IAC,max IAC,R Ordering code | 100 Hz dimensions 100 Hz 300 Hz 10 kHz 100 Hz 100 Hz (composition see | 20 C dxl 20 C 60 C 20 C 60 C 85 C below) | uF mm mOhm mOhm mOhm A A","7.8;2.8;13;57.8;33.0","15000 76.9 x 220.7 7.8 2.8 13 57.8 33.0 B437*3A9159M6##","parsed",""
"B43703_B43723.pdf","B43703/B43723","400","15000","90.0","170.0","B437*3B9159M6##","ESRtyp 100 Hz 20 C mOhm","7.8","ESRtyp 300 Hz 60 C mOhm","2.7","ESRtyp 100 Hz 20 C mOhm=7.8; ESRtyp 300 Hz 60 C mOhm=2.7","Zmax 10 kHz 20 C mOhm","13","Zmax 10 kHz 20 C mOhm=13","IAC,max 100 Hz 60 C A","59.0","IAC,R 100 Hz 85 C A","33.7","","","IAC,max 100 Hz 60 C A=59.0; IAC,R 100 Hz 85 C A=33.7","CR Case ESRtyp ESRtyp Zmax IAC,max IAC,R Ordering code | 100 Hz dimensions 100 Hz 300 Hz 10 kHz 100 Hz 100 Hz (composition see | 20 C dxl 20 C 60 C 20 C 60 C 85 C below) | uF mm mOhm mOhm mOhm A A","7.8;2.7;13;59.0;33.7","15000 90.0 x 170.0 7.8 2.7 13 59.0 33.7 B437*3B9159M6##","parsed",""
"B43703_B43723.pdf","B43703/B43723","400","18000","90.0","197.0","B437*3A9189M6##","ESRtyp 100 Hz 20 C mOhm","6.6","ESRtyp 300 Hz 60 C mOhm","2.4","ESRtyp 100 Hz 20 C mOhm=6.6; ESRtyp 300 Hz 60 C mOhm=2.4","Zmax 10 kHz 20 C mOhm","12","Zmax 10 kHz 20 C mOhm=12","IAC,max 100 Hz 60 C A","66.8","IAC,R 100 Hz 85 C A","38.1","","","IAC,max 100 Hz 60 C A=66.8; IAC,R 100 Hz 85 C A=38.1","CR Case ESRtyp ESRtyp Zmax IAC,max IAC,R Ordering code | 100 Hz dimensions 100 Hz 300 Hz 10 kHz 100 Hz 100 Hz (composition see | 20 C dxl 20 C 60 C 20 C 60 C 85 C below) | uF mm mOhm mOhm mOhm A A","6.6;2.4;12;66.8;38.1","18000 90.0 x 197.0 6.6 2.4 12 66.8 38.1 B437*3A9189M6##","parsed",""
"B43703_B43723.pdf","B43703/B43723","450","1500","51.6","80.7","B437*3A5158M6##","ESRtyp 100 Hz 20 C mOhm","65","ESRtyp 300 Hz 60 C mOhm","22","ESRtyp 100 Hz 20 C mOhm=65; ESRtyp 300 Hz 60 C mOhm=22","Zmax 10 kHz 20 C mOhm","100","Zmax 10 kHz 20 C mOhm=100","IAC,max 100 Hz 60 C A","11.8","IAC,R 100 Hz 85 C A","6.51","","","IAC,max 100 Hz 60 C A=11.8; IAC,R 100 Hz 85 C A=6.51","CR Case ESRtyp ESRtyp Zmax IAC,max IAC,R Ordering code | 100 Hz dimensions 100 Hz 300 Hz 10 kHz 100 Hz 100 Hz (composition see | 20 C dxl 20 C 60 C 20 C 60 C 85 C below) | uF mm mOhm mOhm mOhm A A","65;22;100;11.8;6.51","1500 51.6 x 80.7 65 22 100 11.8 6.51 B437*3A5158M6##","parsed",""
"B43703_B43723.pdf","B43703/B43723","450","1800","51.6","96.7","B437*3A5188M6##","ESRtyp 100 Hz 20 C mOhm","55","ESRtyp 300 Hz 60 C mOhm","18","ESRtyp 100 Hz 20 C mOhm=55; ESRtyp 300 Hz 60 C mOhm=18","Zmax 10 kHz 20 C mOhm","80","Zmax 10 kHz 20 C mOhm=80","IAC,max 100 Hz 60 C A","13.4","IAC,R 100 Hz 85 C A","7.43","","","IAC,max 100 Hz 60 C A=13.4; IAC,R 100 Hz 85 C A=7.43","CR Case ESRtyp ESRtyp Zmax IAC,max IAC,R Ordering code | 100 Hz dimensions 100 Hz 300 Hz 10 kHz 100 Hz 100 Hz (composition see | 20 C dxl 20 C 60 C 20 C 60 C 85 C below) | uF mm mOhm mOhm mOhm A A","55;18;80;13.4;7.43","1800 51.6 x 96.7 55 18 80 13.4 7.43 B437*3A5188M6##","parsed",""
"B43703_B43723.pdf","B43703/B43723","450","2200","51.6","105.7","B437*3A5228M6##","ESRtyp 100 Hz 20 C mOhm","45","ESRtyp 300 Hz 60 C mOhm","15","ESRtyp 100 Hz 20 C mOhm=45; ESRtyp 300 Hz 60 C mOhm=15","Zmax 10 kHz 20 C mOhm","70","Zmax 10 kHz 20 C mOhm=70","IAC,max 100 Hz 60 C A","15.3","IAC,R 100 Hz 85 C A","8.44","","","IAC,max 100 Hz 60 C A=15.3; IAC,R 100 Hz 85 C A=8.44","CR Case ESRtyp ESRtyp Zmax IAC,max IAC,R Ordering code | 100 Hz dimensions 100 Hz 300 Hz 10 kHz 100 Hz 100 Hz (composition see | 20 C dxl 20 C 60 C 20 C 60 C 85 C below) | uF mm mOhm mOhm mOhm A A","45;15;70;15.3;8.44","2200 51.6 x 105.7 45 15 70 15.3 8.44 B437*3A5228M6##","parsed",""
"B43703_B43723.pdf","B43703/B43723","450","2200","64.3","80.7","B437*3B5228M6##","ESRtyp 100 Hz 20 C mOhm","45","ESRtyp 300 Hz 60 C mOhm","15","ESRtyp 100 Hz 20 C mOhm=45; ESRtyp 300 Hz 60 C mOhm=15","Zmax 10 kHz 20 C mOhm","70","Zmax 10 kHz 20 C mOhm=70","IAC,max 100 Hz 60 C A","15.8","IAC,R 100 Hz 85 C A","8.76","","","IAC,max 100 Hz 60 C A=15.8; IAC,R 100 Hz 85 C A=8.76","CR Case ESRtyp ESRtyp Zmax IAC,max IAC,R Ordering code | 100 Hz dimensions 100 Hz 300 Hz 10 kHz 100 Hz 100 Hz (composition see | 20 C dxl 20 C 60 C 20 C 60 C 85 C below) | uF mm mOhm mOhm mOhm A A","45;15;70;15.8;8.76","2200 64.3 x 80.7 45 15 70 15.8 8.76 B437*3B5228M6##","parsed",""
"B43703_B43723.pdf","B43703/B43723","450","2700","51.6","118.2","B437*3A5278M6##","ESRtyp 100 Hz 20 C mOhm","36","ESRtyp 300 Hz 60 C mOhm","13","ESRtyp 100 Hz 20 C mOhm=36; ESRtyp 300 Hz 60 C mOhm=13","Zmax 10 kHz 20 C mOhm","55","Zmax 10 kHz 20 C mOhm=55","IAC,max 100 Hz 60 C A","17.5","IAC,R 100 Hz 85 C A","9.66","","","IAC,max 100 Hz 60 C A=17.5; IAC,R 100 Hz 85 C A=9.66","CR Case ESRtyp ESRtyp Zmax IAC,max IAC,R Ordering code | 100 Hz dimensions 100 Hz 300 Hz 10 kHz 100 Hz 100 Hz (composition see | 20 C dxl 20 C 60 C 20 C 60 C 85 C below) | uF mm mOhm mOhm mOhm A A","36;13;55;17.5;9.66","2700 51.6 x 118.2 36 13 55 17.5 9.66 B437*3A5278M6##","parsed",""
"B43703_B43723.pdf","B43703/B43723","450","2700","64.3","96.7","B437*3B5278M6##","ESRtyp 100 Hz 20 C mOhm","36","ESRtyp 300 Hz 60 C mOhm","12","ESRtyp 100 Hz 20 C mOhm=36; ESRtyp 300 Hz 60 C mOhm=12","Zmax 10 kHz 20 C mOhm","55","Zmax 10 kHz 20 C mOhm=55","IAC,max 100 Hz 60 C A","18.1","IAC,R 100 Hz 85 C A","10.0","","","IAC,max 100 Hz 60 C A=18.1; IAC,R 100 Hz 85 C A=10.0","CR Case ESRtyp ESRtyp Zmax IAC,max IAC,R Ordering code | 100 Hz dimensions 100 Hz 300 Hz 10 kHz 100 Hz 100 Hz (composition see | 20 C dxl 20 C 60 C 20 C 60 C 85 C below) | uF mm mOhm mOhm mOhm A A","36;12;55;18.1;10.0","2700 64.3 x 96.7 36 12 55 18.1 10.0 B437*3B5278M6##","parsed",""
"B43703_B43723.pdf","B43703/B43723","450","3300","64.3","96.7","B437*3A5338M6##","ESRtyp 100 Hz 20 C mOhm","30","ESRtyp 300 Hz 60 C mOhm","11","ESRtyp 100 Hz 20 C mOhm=30; ESRtyp 300 Hz 60 C mOhm=11","Zmax 10 kHz 20 C mOhm","50","Zmax 10 kHz 20 C mOhm=50","IAC,max 100 Hz 60 C A","20.1","IAC,R 100 Hz 85 C A","11.0","","","IAC,max 100 Hz 60 C A=20.1; IAC,R 100 Hz 85 C A=11.0","CR Case ESRtyp ESRtyp Zmax IAC,max IAC,R Ordering code | 100 Hz dimensions 100 Hz 300 Hz 10 kHz 100 Hz 100 Hz (composition see | 20 C dxl 20 C 60 C 20 C 60 C 85 C below) | uF mm mOhm mOhm mOhm A A","30;11;50;20.1;11.0","3300 64.3 x 96.7 30 11 50 20.1 11.0 B437*3A5338M6##","parsed",""
"B43703_B43723.pdf","B43703/B43723","450","3900","64.3","118.2","B437*3A5398M6##","ESRtyp 100 Hz 20 C mOhm","26","ESRtyp 300 Hz 60 C mOhm","8.9","ESRtyp 100 Hz 20 C mOhm=26; ESRtyp 300 Hz 60 C mOhm=8.9","Zmax 10 kHz 20 C mOhm","38","Zmax 10 kHz 20 C mOhm=38","IAC,max 100 Hz 60 C A","22.8","IAC,R 100 Hz 85 C A","12.5","","","IAC,max 100 Hz 60 C A=22.8; IAC,R 100 Hz 85 C A=12.5","CR Case ESRtyp ESRtyp Zmax IAC,max IAC,R Ordering code | 100 Hz dimensions 100 Hz 300 Hz 10 kHz 100 Hz 100 Hz (composition see | 20 C dxl 20 C 60 C 20 C 60 C 85 C below) | uF mm mOhm mOhm mOhm A A","26;8.9;38;22.8;12.5","3900 64.3 x 118.2 26 8.9 38 22.8 12.5 B437*3A5398M6##","parsed",""
"B43703_B43723.pdf","B43703/B43723","450","3900","76.9","96.7","B437*3B5398M6##","ESRtyp 100 Hz 20 C mOhm","24","ESRtyp 300 Hz 60 C mOhm","8.1","ESRtyp 100 Hz 20 C mOhm=24; ESRtyp 300 Hz 60 C mOhm=8.1","Zmax 10 kHz 20 C mOhm","38","Zmax 10 kHz 20 C mOhm=38","IAC,max 100 Hz 60 C A","25.2","IAC,R 100 Hz 85 C A","13.8","","","IAC,max 100 Hz 60 C A=25.2; IAC,R 100 Hz 85 C A=13.8","CR Case ESRtyp ESRtyp Zmax IAC,max IAC,R Ordering code | 100 Hz dimensions 100 Hz 300 Hz 10 kHz 100 Hz 100 Hz (composition see | 20 C dxl 20 C 60 C 20 C 60 C 85 C below) | uF mm mOhm mOhm mOhm A A","24;8.1;38;25.2;13.8","3900 76.9 x 96.7 24 8.1 38 25.2 13.8 B437*3B5398M6##","parsed",""
"B43703_B43723.pdf","B43703/B43723","450","4700","64.3","130.7","B437*3A5478M6##","ESRtyp 100 Hz 20 C mOhm","22","ESRtyp 300 Hz 60 C mOhm","7.8","ESRtyp 100 Hz 20 C mOhm=22; ESRtyp 300 Hz 60 C mOhm=7.8","Zmax 10 kHz 20 C mOhm","34","Zmax 10 kHz 20 C mOhm=34","IAC,max 100 Hz 60 C A","25.7","IAC,R 100 Hz 85 C A","14.1","","","IAC,max 100 Hz 60 C A=25.7; IAC,R 100 Hz 85 C A=14.1","CR Case ESRtyp ESRtyp Zmax IAC,max IAC,R Ordering code | 100 Hz dimensions 100 Hz 300 Hz 10 kHz 100 Hz 100 Hz (composition see | 20 C dxl 20 C 60 C 20 C 60 C 85 C below) | uF mm mOhm mOhm mOhm A A","22;7.8;34;25.7;14.1","4700 64.3 x 130.7 22 7.8 34 25.7 14.1 B437*3A5478M6##","parsed",""
"B43703_B43723.pdf","B43703/B43723","450","4700","76.9","105.7","B437*3B5478M6##","ESRtyp 100 Hz 20 C mOhm","20","ESRtyp 300 Hz 60 C mOhm","7.0","ESRtyp 100 Hz 20 C mOhm=20; ESRtyp 300 Hz 60 C mOhm=7.0","Zmax 10 kHz 20 C mOhm","32","Zmax 10 kHz 20 C mOhm=32","IAC,max 100 Hz 60 C A","28.1","IAC,R 100 Hz 85 C A","15.4","","","IAC,max 100 Hz 60 C A=28.1; IAC,R 100 Hz 85 C A=15.4","CR Case ESRtyp ESRtyp Zmax IAC,max IAC,R Ordering code | 100 Hz dimensions 100 Hz 300 Hz 10 kHz 100 Hz 100 Hz (composition see | 20 C dxl 20 C 60 C 20 C 60 C 85 C below) | uF mm mOhm mOhm mOhm A A","20;7.0;32;28.1;15.4","4700 76.9 x 105.7 20 7.0 32 28.1 15.4 B437*3B5478M6##","parsed",""
"B43703_B43723.pdf","B43703/B43723","450","5600","64.3","143.2","B437*3A5568M6##","ESRtyp 100 Hz 20 C mOhm","18","ESRtyp 300 Hz 60 C mOhm","6.9","ESRtyp 100 Hz 20 C mOhm=18; ESRtyp 300 Hz 60 C mOhm=6.9","Zmax 10 kHz 20 C mOhm","28","Zmax 10 kHz 20 C mOhm=28","IAC,max 100 Hz 60 C A","28.8","IAC,R 100 Hz 85 C A","15.8","","","IAC,max 100 Hz 60 C A=28.8; IAC,R 100 Hz 85 C A=15.8","CR Case ESRtyp ESRtyp Zmax IAC,max IAC,R Ordering code | 100 Hz dimensions 100 Hz 300 Hz 10 kHz 100 Hz 100 Hz (composition see | 20 C dxl 20 C 60 C 20 C 60 C 85 C below) | uF mm mOhm mOhm mOhm A A","18;6.9;28;28.8;15.8","5600 64.3 x 143.2 18 6.9 28 28.8 15.8 B437*3A5568M6##","parsed",""
"B43703_B43723.pdf","B43703/B43723","450","5600","76.9","118.2","B437*3B5568M6##","ESRtyp 100 Hz 20 C mOhm","17","ESRtyp 300 Hz 60 C mOhm","6.0","ESRtyp 100 Hz 20 C mOhm=17; ESRtyp 300 Hz 60 C mOhm=6.0","Zmax 10 kHz 20 C mOhm","28","Zmax 10 kHz 20 C mOhm=28","IAC,max 100 Hz 60 C A","31.3","IAC,R 100 Hz 85 C A","17.2","","","IAC,max 100 Hz 60 C A=31.3; IAC,R 100 Hz 85 C A=17.2","CR Case ESRtyp ESRtyp Zmax IAC,max IAC,R Ordering code | 100 Hz dimensions 100 Hz 300 Hz 10 kHz 100 Hz 100 Hz (composition see | 20 C dxl 20 C 60 C 20 C 60 C 85 C below) | uF mm mOhm mOhm mOhm A A","17;6.0;28;31.3;17.2","5600 76.9 x 118.2 17 6.0 28 31.3 17.2 B437*3B5568M6##","parsed",""
"B43703_B43723.pdf","B43703/B43723","450","6800","76.9","130.7","B437*3A5688M6##","ESRtyp 100 Hz 20 C mOhm","15","ESRtyp 300 Hz 60 C mOhm","5.2","ESRtyp 100 Hz 20 C mOhm=15; ESRtyp 300 Hz 60 C mOhm=5.2","Zmax 10 kHz 20 C mOhm","22","Zmax 10 kHz 20 C mOhm=22","IAC,max 100 Hz 60 C A","35.3","IAC,R 100 Hz 85 C A","19.4","","","IAC,max 100 Hz 60 C A=35.3; IAC,R 100 Hz 85 C A=19.4","CR Case ESRtyp ESRtyp Zmax IAC,max IAC,R Ordering code | 100 Hz dimensions 100 Hz 300 Hz 10 kHz 100 Hz 100 Hz (composition see | 20 C dxl 20 C 60 C 20 C 60 C 85 C below) | uF mm mOhm mOhm mOhm A A","15;5.2;22;35.3;19.4","6800 76.9 x 130.7 15 5.2 22 35.3 19.4 B437*3A5688M6##","parsed",""
"B43703_B43723.pdf","B43703/B43723","450","6800","90.0","120.0","B437*3B5688M6##","ESRtyp 100 Hz 20 C mOhm","14","ESRtyp 300 Hz 60 C mOhm","4.7","ESRtyp 100 Hz 20 C mOhm=14; ESRtyp 300 Hz 60 C mOhm=4.7","Zmax 10 kHz 20 C mOhm","22","Zmax 10 kHz 20 C mOhm=22","IAC,max 100 Hz 60 C A","38.1","IAC,R 100 Hz 85 C A","21.8","","","IAC,max 100 Hz 60 C A=38.1; IAC,R 100 Hz 85 C A=21.8","CR Case ESRtyp ESRtyp Zmax IAC,max IAC,R Ordering code | 100 Hz dimensions 100 Hz 300 Hz 10 kHz 100 Hz 100 Hz (composition see | 20 C dxl 20 C 60 C 20 C 60 C 85 C below) | uF mm mOhm mOhm mOhm A A","14;4.7;22;38.1;21.8","6800 90.0 x 120.0 14 4.7 22 38.1 21.8 B437*3B5688M6##","parsed",""
"B43703_B43723.pdf","B43703/B43723","450","8200","76.9","156.2","B437*3A5828M6##","ESRtyp 100 Hz 20 C mOhm","12","ESRtyp 300 Hz 60 C mOhm","4.3","ESRtyp 100 Hz 20 C mOhm=12; ESRtyp 300 Hz 60 C mOhm=4.3","Zmax 10 kHz 20 C mOhm","19","Zmax 10 kHz 20 C mOhm=19","IAC,max 100 Hz 60 C A","40.2","IAC,R 100 Hz 85 C A","22.1","","","IAC,max 100 Hz 60 C A=40.2; IAC,R 100 Hz 85 C A=22.1","CR Case ESRtyp ESRtyp Zmax IAC,max IAC,R Ordering code | 100 Hz dimensions 100 Hz 300 Hz 10 kHz 100 Hz 100 Hz (composition see | 20 C dxl 20 C 60 C 20 C 60 C 85 C below) | uF mm mOhm mOhm mOhm A A","12;4.3;19;40.2;22.1","8200 76.9 x 156.2 12 4.3 19 40.2 22.1 B437*3A5828M6##","parsed",""
"B43703_B43723.pdf","B43703/B43723","450","8200","90.0","144.5","B437*3B5828M6##","ESRtyp 100 Hz 20 C mOhm","12","ESRtyp 300 Hz 60 C mOhm","3.9","ESRtyp 100 Hz 20 C mOhm=12; ESRtyp 300 Hz 60 C mOhm=3.9","Zmax 10 kHz 20 C mOhm","18","Zmax 10 kHz 20 C mOhm=18","IAC,max 100 Hz 60 C A","42.7","IAC,R 100 Hz 85 C A","24.5","","","IAC,max 100 Hz 60 C A=42.7; IAC,R 100 Hz 85 C A=24.5","CR Case ESRtyp ESRtyp Zmax IAC,max IAC,R Ordering code | 100 Hz dimensions 100 Hz 300 Hz 10 kHz 100 Hz 100 Hz (composition see | 20 C dxl 20 C 60 C 20 C 60 C 85 C below) | uF mm mOhm mOhm mOhm A A","12;3.9;18;42.7;24.5","8200 90.0 x 144.5 12 3.9 18 42.7 24.5 B437*3B5828M6##","parsed",""
"B43703_B43723.pdf","B43703/B43723","450","10000","76.9","190.7","B437*3A5109M6##","ESRtyp 100 Hz 20 C mOhm","9.9","ESRtyp 300 Hz 60 C mOhm","3.5","ESRtyp 100 Hz 20 C mOhm=9.9; ESRtyp 300 Hz 60 C mOhm=3.5","Zmax 10 kHz 20 C mOhm","16","Zmax 10 kHz 20 C mOhm=16","IAC,max 100 Hz 60 C A","46.2","IAC,R 100 Hz 85 C A","26.4","","","IAC,max 100 Hz 60 C A=46.2; IAC,R 100 Hz 85 C A=26.4","CR Case ESRtyp ESRtyp Zmax IAC,max IAC,R Ordering code | 100 Hz dimensions 100 Hz 300 Hz 10 kHz 100 Hz 100 Hz (composition see | 20 C dxl 20 C 60 C 20 C 60 C 85 C below) | uF mm mOhm mOhm mOhm A A","9.9;3.5;16;46.2;26.4","10000 76.9 x 190.7 9.9 3.5 16 46.2 26.4 B437*3A5109M6##","parsed",""
"B43703_B43723.pdf","B43703/B43723","450","10000","90.0","144.5","B437*3B5109M6##","ESRtyp 100 Hz 20 C mOhm","9.9","ESRtyp 300 Hz 60 C mOhm","3.5","ESRtyp 100 Hz 20 C mOhm=9.9; ESRtyp 300 Hz 60 C mOhm=3.5","Zmax 10 kHz 20 C mOhm","16","Zmax 10 kHz 20 C mOhm=16","IAC,max 100 Hz 60 C A","48.0","IAC,R 100 Hz 85 C A","27.4","","","IAC,max 100 Hz 60 C A=48.0; IAC,R 100 Hz 85 C A=27.4","CR Case ESRtyp ESRtyp Zmax IAC,max IAC,R Ordering code | 100 Hz dimensions 100 Hz 300 Hz 10 kHz 100 Hz 100 Hz (composition see | 20 C dxl 20 C 60 C 20 C 60 C 85 C below) | uF mm mOhm mOhm mOhm A A","9.9;3.5;16;48.0;27.4","10000 90.0 x 144.5 9.9 3.5 16 48.0 27.4 B437*3B5109M6##","parsed",""
"B43703_B43723.pdf","B43703/B43723","450","12000","76.9","220.7","B437*3A5129M6##","ESRtyp 100 Hz 20 C mOhm","8.3","ESRtyp 300 Hz 60 C mOhm","3.0","ESRtyp 100 Hz 20 C mOhm=8.3; ESRtyp 300 Hz 60 C mOhm=3.0","Zmax 10 kHz 20 C mOhm","13","Zmax 10 kHz 20 C mOhm=13","IAC,max 100 Hz 60 C A","52.5","IAC,R 100 Hz 85 C A","30.1","","","IAC,max 100 Hz 60 C A=52.5; IAC,R 100 Hz 85 C A=30.1","CR Case ESRtyp ESRtyp Zmax IAC,max IAC,R Ordering code | 100 Hz dimensions 100 Hz 300 Hz 10 kHz 100 Hz 100 Hz (composition see | 20 C dxl 20 C 60 C 20 C 60 C 85 C below) | uF mm mOhm mOhm mOhm A A","8.3;3.0;13;52.5;30.1","12000 76.9 x 220.7 8.3 3.0 13 52.5 30.1 B437*3A5129M6##","parsed",""
"B43703_B43723.pdf","B43703/B43723","450","12000","90.0","170.0","B437*3B5129M6##","ESRtyp 100 Hz 20 C mOhm","8.3","ESRtyp 300 Hz 60 C mOhm","3.0","ESRtyp 100 Hz 20 C mOhm=8.3; ESRtyp 300 Hz 60 C mOhm=3.0","Zmax 10 kHz 20 C mOhm","13","Zmax 10 kHz 20 C mOhm=13","IAC,max 100 Hz 60 C A","54.0","IAC,R 100 Hz 85 C A","30.9","","","IAC,max 100 Hz 60 C A=54.0; IAC,R 100 Hz 85 C A=30.9","CR Case ESRtyp ESRtyp Zmax IAC,max IAC,R Ordering code | 100 Hz dimensions 100 Hz 300 Hz 10 kHz 100 Hz 100 Hz (composition see | 20 C dxl 20 C 60 C 20 C 60 C 85 C below) | uF mm mOhm mOhm mOhm A A","8.3;3.0;13;54.0;30.9","12000 90.0 x 170.0 8.3 3.0 13 54.0 30.9 B437*3B5129M6##","parsed",""
"B43703_B43723.pdf","B43703/B43723","450","15000","90.0","197.0","B437*3A5159M6##","ESRtyp 100 Hz 20 C mOhm","6.7","ESRtyp 300 Hz 60 C mOhm","2.5","ESRtyp 100 Hz 20 C mOhm=6.7; ESRtyp 300 Hz 60 C mOhm=2.5","Zmax 10 kHz 20 C mOhm","11","Zmax 10 kHz 20 C mOhm=11","IAC,max 100 Hz 60 C A","62.4","IAC,R 100 Hz 85 C A","35.7","","","IAC,max 100 Hz 60 C A=62.4; IAC,R 100 Hz 85 C A=35.7","CR Case ESRtyp ESRtyp Zmax IAC,max IAC,R Ordering code | 100 Hz dimensions 100 Hz 300 Hz 10 kHz 100 Hz 100 Hz (composition see | 20 C dxl 20 C 60 C 20 C 60 C 85 C below) | uF mm mOhm mOhm mOhm A A","6.7;2.5;11;62.4;35.7","15000 90.0 x 197.0 6.7 2.5 11 62.4 35.7 B437*3A5159M6##","parsed",""
"B43703_B43723.pdf","B43703/B43723","500","1000","51.6","80.7","B437*3A6108M6##","ESRtyp 100 Hz 20 C mOhm","75","ESRtyp 300 Hz 60 C mOhm","22","ESRtyp 100 Hz 20 C mOhm=75; ESRtyp 300 Hz 60 C mOhm=22","Zmax 10 kHz 20 C mOhm","110","Zmax 10 kHz 20 C mOhm=110","IAC,max 100 Hz 60 C A","10.6","IAC,R 100 Hz 85 C A","5.32","","","IAC,max 100 Hz 60 C A=10.6; IAC,R 100 Hz 85 C A=5.32","CR Case ESRtyp ESRtyp Zmax IAC,max IAC,R Ordering code | 100 Hz dimensions 100 Hz 300 Hz 10 kHz 100 Hz 100 Hz (composition see | 20 C dxl 20 C 60 C 20 C 60 C 85 C below) | uF mm mOhm mOhm mOhm A A","75;22;110;10.6;5.32","1000 51.6 x 80.7 75 22 110 10.6 5.32 B437*3A6108M6##","parsed",""
"B43703_B43723.pdf","B43703/B43723","500","1200","51.6","96.7","B437*3A6128M6##","ESRtyp 100 Hz 20 C mOhm","60","ESRtyp 300 Hz 60 C mOhm","18","ESRtyp 100 Hz 20 C mOhm=60; ESRtyp 300 Hz 60 C mOhm=18","Zmax 10 kHz 20 C mOhm","85","Zmax 10 kHz 20 C mOhm=85","IAC,max 100 Hz 60 C A","12.0","IAC,R 100 Hz 85 C A","6.02","","","IAC,max 100 Hz 60 C A=12.0; IAC,R 100 Hz 85 C A=6.02","CR Case ESRtyp ESRtyp Zmax IAC,max IAC,R Ordering code | 100 Hz dimensions 100 Hz 300 Hz 10 kHz 100 Hz 100 Hz (composition see | 20 C dxl 20 C 60 C 20 C 60 C 85 C below) | uF mm mOhm mOhm mOhm A A","60;18;85;12.0;6.02","1200 51.6 x 96.7 60 18 85 12.0 6.02 B437*3A6128M6##","parsed",""
"B43703_B43723.pdf","B43703/B43723","500","1500","51.6","96.7","B437*3A6158M6##","ESRtyp 100 Hz 20 C mOhm","50","ESRtyp 300 Hz 60 C mOhm","15","ESRtyp 100 Hz 20 C mOhm=50; ESRtyp 300 Hz 60 C mOhm=15","Zmax 10 kHz 20 C mOhm","70","Zmax 10 kHz 20 C mOhm=70","IAC,max 100 Hz 60 C A","13.9","IAC,R 100 Hz 85 C A","6.98","","","IAC,max 100 Hz 60 C A=13.9; IAC,R 100 Hz 85 C A=6.98","CR Case ESRtyp ESRtyp Zmax IAC,max IAC,R Ordering code | 100 Hz dimensions 100 Hz 300 Hz 10 kHz 100 Hz 100 Hz (composition see | 20 C dxl 20 C 60 C 20 C 60 C 85 C below) | uF mm mOhm mOhm mOhm A A","50;15;70;13.9;6.98","1500 51.6 x 96.7 50 15 70 13.9 6.98 B437*3A6158M6##","parsed",""
"B43703_B43723.pdf","B43703/B43723","500","1800","51.6","118.2","B437*3A6188M6##","ESRtyp 100 Hz 20 C mOhm","40","ESRtyp 300 Hz 60 C mOhm","13","ESRtyp 100 Hz 20 C mOhm=40; ESRtyp 300 Hz 60 C mOhm=13","Zmax 10 kHz 20 C mOhm","60","Zmax 10 kHz 20 C mOhm=60","IAC,max 100 Hz 60 C A","15.9","IAC,R 100 Hz 85 C A","7.96","","","IAC,max 100 Hz 60 C A=15.9; IAC,R 100 Hz 85 C A=7.96","CR Case ESRtyp ESRtyp Zmax IAC,max IAC,R Ordering code | 100 Hz dimensions 100 Hz 300 Hz 10 kHz 100 Hz 100 Hz (composition see | 20 C dxl 20 C 60 C 20 C 60 C 85 C below) | uF mm mOhm mOhm mOhm A A","40;13;60;15.9;7.96","1800 51.6 x 118.2 40 13 60 15.9 7.96 B437*3A6188M6##","parsed",""
"B43703_B43723.pdf","B43703/B43723","500","2200","64.3","96.7","B437*3A6228M6##","ESRtyp 100 Hz 20 C mOhm","34","ESRtyp 300 Hz 60 C mOhm","11","ESRtyp 100 Hz 20 C mOhm=34; ESRtyp 300 Hz 60 C mOhm=11","Zmax 10 kHz 20 C mOhm","50","Zmax 10 kHz 20 C mOhm=50","IAC,max 100 Hz 60 C A","18.1","IAC,R 100 Hz 85 C A","9.09","","","IAC,max 100 Hz 60 C A=18.1; IAC,R 100 Hz 85 C A=9.09","CR Case ESRtyp ESRtyp Zmax IAC,max IAC,R Ordering code | 100 Hz dimensions 100 Hz 300 Hz 10 kHz 100 Hz 100 Hz (composition see | 20 C dxl 20 C 60 C 20 C 60 C 85 C below) | uF mm mOhm mOhm mOhm A A","34;11;50;18.1;9.09","2200 64.3 x 96.7 34 11 50 18.1 9.09 B437*3A6228M6##","parsed",""
"B43703_B43723.pdf","B43703/B43723","500","2700","64.3","105.7","B437*3A6278M6##","ESRtyp 100 Hz 20 C mOhm","28","ESRtyp 300 Hz 60 C mOhm","9.3","ESRtyp 100 Hz 20 C mOhm=28; ESRtyp 300 Hz 60 C mOhm=9.3","Zmax 10 kHz 20 C mOhm","40","Zmax 10 kHz 20 C mOhm=40","IAC,max 100 Hz 60 C A","20.7","IAC,R 100 Hz 85 C A","10.3","","","IAC,max 100 Hz 60 C A=20.7; IAC,R 100 Hz 85 C A=10.3","CR Case ESRtyp ESRtyp Zmax IAC,max IAC,R Ordering code | 100 Hz dimensions 100 Hz 300 Hz 10 kHz 100 Hz 100 Hz (composition see | 20 C dxl 20 C 60 C 20 C 60 C 85 C below) | uF mm mOhm mOhm mOhm A A","28;9.3;40;20.7;10.3","2700 64.3 x 105.7 28 9.3 40 20.7 10.3 B437*3A6278M6##","parsed",""
"B43703_B43723.pdf","B43703/B43723","500","3300","64.3","130.7","B437*3A6338M6##","ESRtyp 100 Hz 20 C mOhm","24","ESRtyp 300 Hz 60 C mOhm","7.5","ESRtyp 100 Hz 20 C mOhm=24; ESRtyp 300 Hz 60 C mOhm=7.5","Zmax 10 kHz 20 C mOhm","32","Zmax 10 kHz 20 C mOhm=32","IAC,max 100 Hz 60 C A","23.9","IAC,R 100 Hz 85 C A","11.9","","","IAC,max 100 Hz 60 C A=23.9; IAC,R 100 Hz 85 C A=11.9","CR Case ESRtyp ESRtyp Zmax IAC,max IAC,R Ordering code | 100 Hz dimensions 100 Hz 300 Hz 10 kHz 100 Hz 100 Hz (composition see | 20 C dxl 20 C 60 C 20 C 60 C 85 C below) | uF mm mOhm mOhm mOhm A A","24;7.5;32;23.9;11.9","3300 64.3 x 130.7 24 7.5 32 23.9 11.9 B437*3A6338M6##","parsed",""
"B43703_B43723.pdf","B43703/B43723","500","3300","76.9","96.7","B437*3B6338M6##","ESRtyp 100 Hz 20 C mOhm","24","ESRtyp 300 Hz 60 C mOhm","8.1","ESRtyp 100 Hz 20 C mOhm=24; ESRtyp 300 Hz 60 C mOhm=8.1","Zmax 10 kHz 20 C mOhm","34","Zmax 10 kHz 20 C mOhm=34","IAC,max 100 Hz 60 C A","24.5","IAC,R 100 Hz 85 C A","12.2","","","IAC,max 100 Hz 60 C A=24.5; IAC,R 100 Hz 85 C A=12.2","CR Case ESRtyp ESRtyp Zmax IAC,max IAC,R Ordering code | 100 Hz dimensions 100 Hz 300 Hz 10 kHz 100 Hz 100 Hz (composition see | 20 C dxl 20 C 60 C 20 C 60 C 85 C below) | uF mm mOhm mOhm mOhm A A","24;8.1;34;24.5;12.2","3300 76.9 x 96.7 24 8.1 34 24.5 12.2 B437*3B6338M6##","parsed",""
"B43703_B43723.pdf","B43703/B43723","500","3900","64.3","143.2","B437*3A6398M6##","ESRtyp 100 Hz 20 C mOhm","20","ESRtyp 300 Hz 60 C mOhm","6.5","ESRtyp 100 Hz 20 C mOhm=20; ESRtyp 300 Hz 60 C mOhm=6.5","Zmax 10 kHz 20 C mOhm","28","Zmax 10 kHz 20 C mOhm=28","IAC,max 100 Hz 60 C A","26.8","IAC,R 100 Hz 85 C A","13.4","","","IAC,max 100 Hz 60 C A=26.8; IAC,R 100 Hz 85 C A=13.4","CR Case ESRtyp ESRtyp Zmax IAC,max IAC,R Ordering code | 100 Hz dimensions 100 Hz 300 Hz 10 kHz 100 Hz 100 Hz (composition see | 20 C dxl 20 C 60 C 20 C 60 C 85 C below) | uF mm mOhm mOhm mOhm A A","20;6.5;28;26.8;13.4","3900 64.3 x 143.2 20 6.5 28 26.8 13.4 B437*3A6398M6##","parsed",""
"B43703_B43723.pdf","B43703/B43723","500","3900","76.9","118.2","B437*3B6398M6##","ESRtyp 100 Hz 20 C mOhm","20","ESRtyp 300 Hz 60 C mOhm","6.6","ESRtyp 100 Hz 20 C mOhm=20; ESRtyp 300 Hz 60 C mOhm=6.6","Zmax 10 kHz 20 C mOhm","28","Zmax 10 kHz 20 C mOhm=28","IAC,max 100 Hz 60 C A","27.3","IAC,R 100 Hz 85 C A","13.6","","","IAC,max 100 Hz 60 C A=27.3; IAC,R 100 Hz 85 C A=13.6","CR Case ESRtyp ESRtyp Zmax IAC,max IAC,R Ordering code | 100 Hz dimensions 100 Hz 300 Hz 10 kHz 100 Hz 100 Hz (composition see | 20 C dxl 20 C 60 C 20 C 60 C 85 C below) | uF mm mOhm mOhm mOhm A A","20;6.6;28;27.3;13.6","3900 76.9 x 118.2 20 6.6 28 27.3 13.6 B437*3B6398M6##","parsed",""
"B43703_B43723.pdf","B43703/B43723","500","4700","76.9","130.7","B437*3A6478M6##","ESRtyp 100 Hz 20 C mOhm","16","ESRtyp 300 Hz 60 C mOhm","5.7","ESRtyp 100 Hz 20 C mOhm=16; ESRtyp 300 Hz 60 C mOhm=5.7","Zmax 10 kHz 20 C mOhm","24","Zmax 10 kHz 20 C mOhm=24","IAC,max 100 Hz 60 C A","30.8","IAC,R 100 Hz 85 C A","15.4","","","IAC,max 100 Hz 60 C A=30.8; IAC,R 100 Hz 85 C A=15.4","CR Case ESRtyp ESRtyp Zmax IAC,max IAC,R Ordering code | 100 Hz dimensions 100 Hz 300 Hz 10 kHz 100 Hz 100 Hz (composition see | 20 C dxl 20 C 60 C 20 C 60 C 85 C below) | uF mm mOhm mOhm mOhm A A","16;5.7;24;30.8;15.4","4700 76.9 x 130.7 16 5.7 24 30.8 15.4 B437*3A6478M6##","parsed",""
"B43703_B43723.pdf","B43703/B43723","500","4700","90.0","120.0","B437*3B6478M6##","ESRtyp 100 Hz 20 C mOhm","16","ESRtyp 300 Hz 60 C mOhm","5.3","ESRtyp 100 Hz 20 C mOhm=16; ESRtyp 300 Hz 60 C mOhm=5.3","Zmax 10 kHz 20 C mOhm","24","Zmax 10 kHz 20 C mOhm=24","IAC,max 100 Hz 60 C A","32.9","IAC,R 100 Hz 85 C A","17.0","","","IAC,max 100 Hz 60 C A=32.9; IAC,R 100 Hz 85 C A=17.0","CR Case ESRtyp ESRtyp Zmax IAC,max IAC,R Ordering code | 100 Hz dimensions 100 Hz 300 Hz 10 kHz 100 Hz 100 Hz (composition see | 20 C dxl 20 C 60 C 20 C 60 C 85 C below) | uF mm mOhm mOhm mOhm A A","16;5.3;24;32.9;17.0","4700 90.0 x 120.0 16 5.3 24 32.9 17.0 B437*3B6478M6##","parsed",""
"B43703_B43723.pdf","B43703/B43723","500","5600","76.9","143.2","B437*3A6568M6##","ESRtyp 100 Hz 20 C mOhm","14","ESRtyp 300 Hz 60 C mOhm","5.0","ESRtyp 100 Hz 20 C mOhm=14; ESRtyp 300 Hz 60 C mOhm=5.0","Zmax 10 kHz 20 C mOhm","20","Zmax 10 kHz 20 C mOhm=20","IAC,max 100 Hz 60 C A","34.5","IAC,R 100 Hz 85 C A","17.2","","","IAC,max 100 Hz 60 C A=34.5; IAC,R 100 Hz 85 C A=17.2","CR Case ESRtyp ESRtyp Zmax IAC,max IAC,R Ordering code | 100 Hz dimensions 100 Hz 300 Hz 10 kHz 100 Hz 100 Hz (composition see | 20 C dxl 20 C 60 C 20 C 60 C 85 C below) | uF mm mOhm mOhm mOhm A A","14;5.0;20;34.5;17.2","5600 76.9 x 143.2 14 5.0 20 34.5 17.2 B437*3A6568M6##","parsed",""
"B43703_B43723.pdf","B43703/B43723","500","5600","90.0","120.0","B437*3B6568M6##","ESRtyp 100 Hz 20 C mOhm","14","ESRtyp 300 Hz 60 C mOhm","4.8","ESRtyp 100 Hz 20 C mOhm=14; ESRtyp 300 Hz 60 C mOhm=4.8","Zmax 10 kHz 20 C mOhm","20","Zmax 10 kHz 20 C mOhm=20","IAC,max 100 Hz 60 C A","36.6","IAC,R 100 Hz 85 C A","18.9","","","IAC,max 100 Hz 60 C A=36.6; IAC,R 100 Hz 85 C A=18.9","CR Case ESRtyp ESRtyp Zmax IAC,max IAC,R Ordering code | 100 Hz dimensions 100 Hz 300 Hz 10 kHz 100 Hz 100 Hz (composition see | 20 C dxl 20 C 60 C 20 C 60 C 85 C below) | uF mm mOhm mOhm mOhm A A","14;4.8;20;36.6;18.9","5600 90.0 x 120.0 14 4.8 20 36.6 18.9 B437*3B6568M6##","parsed",""
"B43703_B43723.pdf","B43703/B43723","500","6800","76.9","168.7","B437*3A6688M6##","ESRtyp 100 Hz 20 C mOhm","12","ESRtyp 300 Hz 60 C mOhm","4.2","ESRtyp 100 Hz 20 C mOhm=12; ESRtyp 300 Hz 60 C mOhm=4.2","Zmax 10 kHz 20 C mOhm","17","Zmax 10 kHz 20 C mOhm=17","IAC,max 100 Hz 60 C A","39.5","IAC,R 100 Hz 85 C A","20.4","","","IAC,max 100 Hz 60 C A=39.5; IAC,R 100 Hz 85 C A=20.4","CR Case ESRtyp ESRtyp Zmax IAC,max IAC,R Ordering code | 100 Hz dimensions 100 Hz 300 Hz 10 kHz 100 Hz 100 Hz (composition see | 20 C dxl 20 C 60 C 20 C 60 C 85 C below) | uF mm mOhm mOhm mOhm A A","12;4.2;17;39.5;20.4","6800 76.9 x 168.7 12 4.2 17 39.5 20.4 B437*3A6688M6##","parsed",""
"B43703_B43723.pdf","B43703/B43723","500","6800","90.0","144.5","B437*3B6688M6##","ESRtyp 100 Hz 20 C mOhm","11","ESRtyp 300 Hz 60 C mOhm","4.0","ESRtyp 100 Hz 20 C mOhm=11; ESRtyp 300 Hz 60 C mOhm=4.0","Zmax 10 kHz 20 C mOhm","17","Zmax 10 kHz 20 C mOhm=17","IAC,max 100 Hz 60 C A","41.3","IAC,R 100 Hz 85 C A","21.3","","","IAC,max 100 Hz 60 C A=41.3; IAC,R 100 Hz 85 C A=21.3","CR Case ESRtyp ESRtyp Zmax IAC,max IAC,R Ordering code | 100 Hz dimensions 100 Hz 300 Hz 10 kHz 100 Hz 100 Hz (composition see | 20 C dxl 20 C 60 C 20 C 60 C 85 C below) | uF mm mOhm mOhm mOhm A A","11;4.0;17;41.3;21.3","6800 90.0 x 144.5 11 4.0 17 41.3 21.3 B437*3B6688M6##","parsed",""
"B43703_B43723.pdf","B43703/B43723","500","8200","76.9","190.7","B437*3A6828M6##","ESRtyp 100 Hz 20 C mOhm","9.7","ESRtyp 300 Hz 60 C mOhm","3.6","ESRtyp 100 Hz 20 C mOhm=9.7; ESRtyp 300 Hz 60 C mOhm=3.6","Zmax 10 kHz 20 C mOhm","14","Zmax 10 kHz 20 C mOhm=14","IAC,max 100 Hz 60 C A","45.1","IAC,R 100 Hz 85 C A","23.3","","","IAC,max 100 Hz 60 C A=45.1; IAC,R 100 Hz 85 C A=23.3","CR Case ESRtyp ESRtyp Zmax IAC,max IAC,R Ordering code | 100 Hz dimensions 100 Hz 300 Hz 10 kHz 100 Hz 100 Hz (composition see | 20 C dxl 20 C 60 C 20 C 60 C 85 C below) | uF mm mOhm mOhm mOhm A A","9.7;3.6;14;45.1;23.3","8200 76.9 x 190.7 9.7 3.6 14 45.1 23.3 B437*3A6828M6##","parsed",""
"B43703_B43723.pdf","B43703/B43723","500","8200","90.0","170.0","B437*3B6828M6##","ESRtyp 100 Hz 20 C mOhm","9.5","ESRtyp 300 Hz 60 C mOhm","3.3","ESRtyp 100 Hz 20 C mOhm=9.5; ESRtyp 300 Hz 60 C mOhm=3.3","Zmax 10 kHz 20 C mOhm","14","Zmax 10 kHz 20 C mOhm=14","IAC,max 100 Hz 60 C A","46.5","IAC,R 100 Hz 85 C A","24.0","","","IAC,max 100 Hz 60 C A=46.5; IAC,R 100 Hz 85 C A=24.0","CR Case ESRtyp ESRtyp Zmax IAC,max IAC,R Ordering code | 100 Hz dimensions 100 Hz 300 Hz 10 kHz 100 Hz 100 Hz (composition see | 20 C dxl 20 C 60 C 20 C 60 C 85 C below) | uF mm mOhm mOhm mOhm A A","9.5;3.3;14;46.5;24.0","8200 90.0 x 170.0 9.5 3.3 14 46.5 24.0 B437*3B6828M6##","parsed",""
"B43703_B43723.pdf","B43703/B43723","500","10000","90.0","191.0","B437*3A6109M6##","ESRtyp 100 Hz 20 C mOhm","7.9","ESRtyp 300 Hz 60 C mOhm","2.8","ESRtyp 100 Hz 20 C mOhm=7.9; ESRtyp 300 Hz 60 C mOhm=2.8","Zmax 10 kHz 20 C mOhm","12","Zmax 10 kHz 20 C mOhm=12","IAC,max 100 Hz 60 C A","53.0","IAC,R 100 Hz 85 C A","27.4","","","IAC,max 100 Hz 60 C A=53.0; IAC,R 100 Hz 85 C A=27.4","CR Case ESRtyp ESRtyp Zmax IAC,max IAC,R Ordering code | 100 Hz dimensions 100 Hz 300 Hz 10 kHz 100 Hz 100 Hz (composition see | 20 C dxl 20 C 60 C 20 C 60 C 85 C below) | uF mm mOhm mOhm mOhm A A","7.9;2.8;12;53.0;27.4","10000 90.0 x 191.0 7.9 2.8 12 53.0 27.4 B437*3A6109M6##","parsed",""
"B43703_B43723.pdf","B43703/B43723","500","12000","90.0","221.0","B437*3A6129M6##","ESRtyp 100 Hz 20 C mOhm","6.6","ESRtyp 300 Hz 60 C mOhm","2.4","ESRtyp 100 Hz 20 C mOhm=6.6; ESRtyp 300 Hz 60 C mOhm=2.4","Zmax 10 kHz 20 C mOhm","9.9","Zmax 10 kHz 20 C mOhm=9.9","IAC,max 100 Hz 60 C A","59.9","IAC,R 100 Hz 85 C A","31.0","","","IAC,max 100 Hz 60 C A=59.9; IAC,R 100 Hz 85 C A=31.0","CR Case ESRtyp ESRtyp Zmax IAC,max IAC,R Ordering code | 100 Hz dimensions 100 Hz 300 Hz 10 kHz 100 Hz 100 Hz (composition see | 20 C dxl 20 C 60 C 20 C 60 C 85 C below) | uF mm mOhm mOhm mOhm A A","6.6;2.4;9.9;59.9;31.0","12000 90.0 x 221.0 6.6 2.4 9.9 59.9 31.0 B437*3A6129M6##","parsed",""
"B43704_B43724.pdf","B43704/B43724","350","1800","51.6","80.7","B437*4A4188M6##","ESRtyp 100 Hz 20 C mOhm","36","ESRtyp 300 Hz 60 C mOhm","13","ESRtyp 100 Hz 20 C mOhm=36; ESRtyp 300 Hz 60 C mOhm=13","Zmax 10 kHz 20 C mOhm","50","Zmax 10 kHz 20 C mOhm=50","IAC,max 100 Hz 60 C A","14.8","IAC,R 100 Hz 85 C A","8.69","","","IAC,max 100 Hz 60 C A=14.8; IAC,R 100 Hz 85 C A=8.69","CR Case ESRtyp ESRtyp Zmax IAC,max IAC,R Ordering code | 100 Hz dimensions 100 Hz 300 Hz 10 kHz 100 Hz 100 Hz (composition see | 20 C dxl 20 C 60 C 20 C 60 C 85 C below) | uF mm mOhm mOhm mOhm A A","36;13;50;14.8;8.69","1800 51.6 x 80.7 36 13 50 14.8 8.69 B437*4A4188M6##","parsed",""
"B43704_B43724.pdf","B43704/B43724","350","2200","51.6","96.7","B437*4A4228M6##","ESRtyp 100 Hz 20 C mOhm","30","ESRtyp 300 Hz 60 C mOhm","10","ESRtyp 100 Hz 20 C mOhm=30; ESRtyp 300 Hz 60 C mOhm=10","Zmax 10 kHz 20 C mOhm","40","Zmax 10 kHz 20 C mOhm=40","IAC,max 100 Hz 60 C A","17.4","IAC,R 100 Hz 85 C A","10.2","","","IAC,max 100 Hz 60 C A=17.4; IAC,R 100 Hz 85 C A=10.2","CR Case ESRtyp ESRtyp Zmax IAC,max IAC,R Ordering code | 100 Hz dimensions 100 Hz 300 Hz 10 kHz 100 Hz 100 Hz (composition see | 20 C dxl 20 C 60 C 20 C 60 C 85 C below) | uF mm mOhm mOhm mOhm A A","30;10;40;17.4;10.2","2200 51.6 x 96.7 30 10 40 17.4 10.2 B437*4A4228M6##","parsed",""
"B43704_B43724.pdf","B43704/B43724","350","2700","51.6","96.7","B437*4A4278M6##","ESRtyp 100 Hz 20 C mOhm","24","ESRtyp 300 Hz 60 C mOhm","8.9","ESRtyp 100 Hz 20 C mOhm=24; ESRtyp 300 Hz 60 C mOhm=8.9","Zmax 10 kHz 20 C mOhm","34","Zmax 10 kHz 20 C mOhm=34","IAC,max 100 Hz 60 C A","19.8","IAC,R 100 Hz 85 C A","11.5","","","IAC,max 100 Hz 60 C A=19.8; IAC,R 100 Hz 85 C A=11.5","CR Case ESRtyp ESRtyp Zmax IAC,max IAC,R Ordering code | 100 Hz dimensions 100 Hz 300 Hz 10 kHz 100 Hz 100 Hz (composition see | 20 C dxl 20 C 60 C 20 C 60 C 85 C below) | uF mm mOhm mOhm mOhm A A","24;8.9;34;19.8;11.5","2700 51.6 x 96.7 24 8.9 34 19.8 11.5 B437*4A4278M6##","parsed",""
"B43704_B43724.pdf","B43704/B43724","350","3300","51.6","118.2","B437*4A4338M6##","ESRtyp 100 Hz 20 C mOhm","20","ESRtyp 300 Hz 60 C mOhm","7.2","ESRtyp 100 Hz 20 C mOhm=20; ESRtyp 300 Hz 60 C mOhm=7.2","Zmax 10 kHz 20 C mOhm","28","Zmax 10 kHz 20 C mOhm=28","IAC,max 100 Hz 60 C A","22.9","IAC,R 100 Hz 85 C A","13.4","","","IAC,max 100 Hz 60 C A=22.9; IAC,R 100 Hz 85 C A=13.4","CR Case ESRtyp ESRtyp Zmax IAC,max IAC,R Ordering code | 100 Hz dimensions 100 Hz 300 Hz 10 kHz 100 Hz 100 Hz (composition see | 20 C dxl 20 C 60 C 20 C 60 C 85 C below) | uF mm mOhm mOhm mOhm A A","20;7.2;28;22.9;13.4","3300 51.6 x 118.2 20 7.2 28 22.9 13.4 B437*4A4338M6##","parsed",""
"B43704_B43724.pdf","B43704/B43724","350","3300","64.3","80.7","B437*4B4338M6##","ESRtyp 100 Hz 20 C mOhm","20","ESRtyp 300 Hz 60 C mOhm","7.9","ESRtyp 100 Hz 20 C mOhm=20; ESRtyp 300 Hz 60 C mOhm=7.9","Zmax 10 kHz 20 C mOhm","28","Zmax 10 kHz 20 C mOhm=28","IAC,max 100 Hz 60 C A","22.7","IAC,R 100 Hz 85 C A","13.2","","","IAC,max 100 Hz 60 C A=22.7; IAC,R 100 Hz 85 C A=13.2","CR Case ESRtyp ESRtyp Zmax IAC,max IAC,R Ordering code | 100 Hz dimensions 100 Hz 300 Hz 10 kHz 100 Hz 100 Hz (composition see | 20 C dxl 20 C 60 C 20 C 60 C 85 C below) | uF mm mOhm mOhm mOhm A A","20;7.9;28;22.7;13.2","3300 64.3 x 80.7 20 7.9 28 22.7 13.2 B437*4B4338M6##","parsed",""
"B43704_B43724.pdf","B43704/B43724","350","3900","51.6","130.7","B437*4A4398M6##","ESRtyp 100 Hz 20 C mOhm","17","ESRtyp 300 Hz 60 C mOhm","6.3","ESRtyp 100 Hz 20 C mOhm=17; ESRtyp 300 Hz 60 C mOhm=6.3","Zmax 10 kHz 20 C mOhm","24","Zmax 10 kHz 20 C mOhm=24","IAC,max 100 Hz 60 C A","25.8","IAC,R 100 Hz 85 C A","15.0","","","IAC,max 100 Hz 60 C A=25.8; IAC,R 100 Hz 85 C A=15.0","CR Case ESRtyp ESRtyp Zmax IAC,max IAC,R Ordering code | 100 Hz dimensions 100 Hz 300 Hz 10 kHz 100 Hz 100 Hz (composition see | 20 C dxl 20 C 60 C 20 C 60 C 85 C below) | uF mm mOhm mOhm mOhm A A","17;6.3;24;25.8;15.0","3900 51.6 x 130.7 17 6.3 24 25.8 15.0 B437*4A4398M6##","parsed",""
"B43704_B43724.pdf","B43704/B43724","350","3900","64.3","96.7","B437*4B4398M6##","ESRtyp 100 Hz 20 C mOhm","17","ESRtyp 300 Hz 60 C mOhm","6.5","ESRtyp 100 Hz 20 C mOhm=17; ESRtyp 300 Hz 60 C mOhm=6.5","Zmax 10 kHz 20 C mOhm","24","Zmax 10 kHz 20 C mOhm=24","IAC,max 100 Hz 60 C A","25.4","IAC,R 100 Hz 85 C A","14.8","","","IAC,max 100 Hz 60 C A=25.4; IAC,R 100 Hz 85 C A=14.8","CR Case ESRtyp ESRtyp Zmax IAC,max IAC,R Ordering code | 100 Hz dimensions 100 Hz 300 Hz 10 kHz 100 Hz 100 Hz (composition see | 20 C dxl 20 C 60 C 20 C 60 C 85 C below) | uF mm mOhm mOhm mOhm A A","17;6.5;24;25.4;14.8","3900 64.3 x 96.7 17 6.5 24 25.4 14.8 B437*4B4398M6##","parsed",""
"B43704_B43724.pdf","B43704/B43724","350","4700","64.3","105.7","B437*4A4478M6##","ESRtyp 100 Hz 20 C mOhm","15","ESRtyp 300 Hz 60 C mOhm","5.7","ESRtyp 100 Hz 20 C mOhm=15; ESRtyp 300 Hz 60 C mOhm=5.7","Zmax 10 kHz 20 C mOhm","20","Zmax 10 kHz 20 C mOhm=20","IAC,max 100 Hz 60 C A","28.6","IAC,R 100 Hz 85 C A","16.7","","","IAC,max 100 Hz 60 C A=28.6; IAC,R 100 Hz 85 C A=16.7","CR Case ESRtyp ESRtyp Zmax IAC,max IAC,R Ordering code | 100 Hz dimensions 100 Hz 300 Hz 10 kHz 100 Hz 100 Hz (composition see | 20 C dxl 20 C 60 C 20 C 60 C 85 C below) | uF mm mOhm mOhm mOhm A A","15;5.7;20;28.6;16.7","4700 64.3 x 105.7 15 5.7 20 28.6 16.7 B437*4A4478M6##","parsed",""
"B43704_B43724.pdf","B43704/B43724","350","5600","64.3","118.2","B437*4A4568M6##","ESRtyp 100 Hz 20 C mOhm","12","ESRtyp 300 Hz 60 C mOhm","4.9","ESRtyp 100 Hz 20 C mOhm=12; ESRtyp 300 Hz 60 C mOhm=4.9","Zmax 10 kHz 20 C mOhm","17","Zmax 10 kHz 20 C mOhm=17","IAC,max 100 Hz 60 C A","32.1","IAC,R 100 Hz 85 C A","18.7","","","IAC,max 100 Hz 60 C A=32.1; IAC,R 100 Hz 85 C A=18.7","CR Case ESRtyp ESRtyp Zmax IAC,max IAC,R Ordering code | 100 Hz dimensions 100 Hz 300 Hz 10 kHz 100 Hz 100 Hz (composition see | 20 C dxl 20 C 60 C 20 C 60 C 85 C below) | uF mm mOhm mOhm mOhm A A","12;4.9;17;32.1;18.7","5600 64.3 x 118.2 12 4.9 17 32.1 18.7 B437*4A4568M6##","parsed",""
"B43704_B43724.pdf","B43704/B43724","350","5600","76.9","96.7","B437*4B4568M6##","ESRtyp 100 Hz 20 C mOhm","13","ESRtyp 300 Hz 60 C mOhm","5.2","ESRtyp 100 Hz 20 C mOhm=13; ESRtyp 300 Hz 60 C mOhm=5.2","Zmax 10 kHz 20 C mOhm","18","Zmax 10 kHz 20 C mOhm=18","IAC,max 100 Hz 60 C A","33.0","IAC,R 100 Hz 85 C A","19.2","","","IAC,max 100 Hz 60 C A=33.0; IAC,R 100 Hz 85 C A=19.2","CR Case ESRtyp ESRtyp Zmax IAC,max IAC,R Ordering code | 100 Hz dimensions 100 Hz 300 Hz 10 kHz 100 Hz 100 Hz (composition see | 20 C dxl 20 C 60 C 20 C 60 C 85 C below) | uF mm mOhm mOhm mOhm A A","13;5.2;18;33.0;19.2","5600 76.9 x 96.7 13 5.2 18 33.0 19.2 B437*4B4568M6##","parsed",""
"B43704_B43724.pdf","B43704/B43724","350","6800","64.3","143.2","B437*4A4688M6##","ESRtyp 100 Hz 20 C mOhm","10","ESRtyp 300 Hz 60 C mOhm","4.1","ESRtyp 100 Hz 20 C mOhm=10; ESRtyp 300 Hz 60 C mOhm=4.1","Zmax 10 kHz 20 C mOhm","14","Zmax 10 kHz 20 C mOhm=14","IAC,max 100 Hz 60 C A","36.9","IAC,R 100 Hz 85 C A","21.5","","","IAC,max 100 Hz 60 C A=36.9; IAC,R 100 Hz 85 C A=21.5","CR Case ESRtyp ESRtyp Zmax IAC,max IAC,R Ordering code | 100 Hz dimensions 100 Hz 300 Hz 10 kHz 100 Hz 100 Hz (composition see | 20 C dxl 20 C 60 C 20 C 60 C 85 C below) | uF mm mOhm mOhm mOhm A A","10;4.1;14;36.9;21.5","6800 64.3 x 143.2 10 4.1 14 36.9 21.5 B437*4A4688M6##","parsed",""
"B43704_B43724.pdf","B43704/B43724","350","6800","76.9","105.7","B437*4B4688M6##","ESRtyp 100 Hz 20 C mOhm","11","ESRtyp 300 Hz 60 C mOhm","4.6","ESRtyp 100 Hz 20 C mOhm=11; ESRtyp 300 Hz 60 C mOhm=4.6","Zmax 10 kHz 20 C mOhm","15","Zmax 10 kHz 20 C mOhm=15","IAC,max 100 Hz 60 C A","36.9","IAC,R 100 Hz 85 C A","21.5","","","IAC,max 100 Hz 60 C A=36.9; IAC,R 100 Hz 85 C A=21.5","CR Case ESRtyp ESRtyp Zmax IAC,max IAC,R Ordering code | 100 Hz dimensions 100 Hz 300 Hz 10 kHz 100 Hz 100 Hz (composition see | 20 C dxl 20 C 60 C 20 C 60 C 85 C below) | uF mm mOhm mOhm mOhm A A","11;4.6;15;36.9;21.5","6800 76.9 x 105.7 11 4.6 15 36.9 21.5 B437*4B4688M6##","parsed",""
"B43704_B43724.pdf","B43704/B43724","350","8200","76.9","118.2","B437*4A4828M6##","ESRtyp 100 Hz 20 C mOhm","8.8","ESRtyp 300 Hz 60 C mOhm","3.9","ESRtyp 100 Hz 20 C mOhm=8.8; ESRtyp 300 Hz 60 C mOhm=3.9","Zmax 10 kHz 20 C mOhm","13","Zmax 10 kHz 20 C mOhm=13","IAC,max 100 Hz 60 C A","41.5","IAC,R 100 Hz 85 C A","24.2","","","IAC,max 100 Hz 60 C A=41.5; IAC,R 100 Hz 85 C A=24.2","CR Case ESRtyp ESRtyp Zmax IAC,max IAC,R Ordering code | 100 Hz dimensions 100 Hz 300 Hz 10 kHz 100 Hz 100 Hz (composition see | 20 C dxl 20 C 60 C 20 C 60 C 85 C below) | uF mm mOhm mOhm mOhm A A","8.8;3.9;13;41.5;24.2","8200 76.9 x 118.2 8.8 3.9 13 41.5 24.2 B437*4A4828M6##","parsed",""
"B43704_B43724.pdf","B43704/B43724","350","10000","76.9","143.2","B437*4A4109M6##","ESRtyp 100 Hz 20 C mOhm","7.2","ESRtyp 300 Hz 60 C mOhm","3.2","ESRtyp 100 Hz 20 C mOhm=7.2; ESRtyp 300 Hz 60 C mOhm=3.2","Zmax 10 kHz 20 C mOhm","11","Zmax 10 kHz 20 C mOhm=11","IAC,max 100 Hz 60 C A","47.6","IAC,R 100 Hz 85 C A","27.8","","","IAC,max 100 Hz 60 C A=47.6; IAC,R 100 Hz 85 C A=27.8","CR Case ESRtyp ESRtyp Zmax IAC,max IAC,R Ordering code | 100 Hz dimensions 100 Hz 300 Hz 10 kHz 100 Hz 100 Hz (composition see | 20 C dxl 20 C 60 C 20 C 60 C 85 C below) | uF mm mOhm mOhm mOhm A A","7.2;3.2;11;47.6;27.8","10000 76.9 x 143.2 7.2 3.2 11 47.6 27.8 B437*4A4109M6##","parsed",""
"B43704_B43724.pdf","B43704/B43724","350","10000","90.0","120.0","B437*4B4109M6##","ESRtyp 100 Hz 20 C mOhm","7.1","ESRtyp 300 Hz 60 C mOhm","3.1","ESRtyp 100 Hz 20 C mOhm=7.1; ESRtyp 300 Hz 60 C mOhm=3.1","Zmax 10 kHz 20 C mOhm","11","Zmax 10 kHz 20 C mOhm=11","IAC,max 100 Hz 60 C A","50.7","IAC,R 100 Hz 85 C A","30.5","","","IAC,max 100 Hz 60 C A=50.7; IAC,R 100 Hz 85 C A=30.5","CR Case ESRtyp ESRtyp Zmax IAC,max IAC,R Ordering code | 100 Hz dimensions 100 Hz 300 Hz 10 kHz 100 Hz 100 Hz (composition see | 20 C dxl 20 C 60 C 20 C 60 C 85 C below) | uF mm mOhm mOhm mOhm A A","7.1;3.1;11;50.7;30.5","10000 90.0 x 120.0 7.1 3.1 11 50.7 30.5 B437*4B4109M6##","parsed",""
"B43704_B43724.pdf","B43704/B43724","350","12000","76.9","168.7","B437*4A4129M6##","ESRtyp 100 Hz 20 C mOhm","6.1","ESRtyp 300 Hz 60 C mOhm","2.7","ESRtyp 100 Hz 20 C mOhm=6.1; ESRtyp 300 Hz 60 C mOhm=2.7","Zmax 10 kHz 20 C mOhm","9.0","Zmax 10 kHz 20 C mOhm=9.0","IAC,max 100 Hz 60 C A","53.9","IAC,R 100 Hz 85 C A","32.5","","","IAC,max 100 Hz 60 C A=53.9; IAC,R 100 Hz 85 C A=32.5","CR Case ESRtyp ESRtyp Zmax IAC,max IAC,R Ordering code | 100 Hz dimensions 100 Hz 300 Hz 10 kHz 100 Hz 100 Hz (composition see | 20 C dxl 20 C 60 C 20 C 60 C 85 C below) | uF mm mOhm mOhm mOhm A A","6.1;2.7;9.0;53.9;32.5","12000 76.9 x 168.7 6.1 2.7 9.0 53.9 32.5 B437*4A4129M6##","parsed",""
"B43704_B43724.pdf","B43704/B43724","350","12000","90.0","144.5","B437*4B4129M6##","ESRtyp 100 Hz 20 C mOhm","5.9","ESRtyp 300 Hz 60 C mOhm","2.5","ESRtyp 100 Hz 20 C mOhm=5.9; ESRtyp 300 Hz 60 C mOhm=2.5","Zmax 10 kHz 20 C mOhm","8.8","Zmax 10 kHz 20 C mOhm=8.8","IAC,max 100 Hz 60 C A","56.9","IAC,R 100 Hz 85 C A","34.4","","","IAC,max 100 Hz 60 C A=56.9; IAC,R 100 Hz 85 C A=34.4","CR Case ESRtyp ESRtyp Zmax IAC,max IAC,R Ordering code | 100 Hz dimensions 100 Hz 300 Hz 10 kHz 100 Hz 100 Hz (composition see | 20 C dxl 20 C 60 C 20 C 60 C 85 C below) | uF mm mOhm mOhm mOhm A A","5.9;2.5;8.8;56.9;34.4","12000 90.0 x 144.5 5.9 2.5 8.8 56.9 34.4 B437*4B4129M6##","parsed",""
"B43704_B43724.pdf","B43704/B43724","350","15000","76.9","190.7","B437*4A4159M6##","ESRtyp 100 Hz 20 C mOhm","5.0","ESRtyp 300 Hz 60 C mOhm","2.4","ESRtyp 100 Hz 20 C mOhm=5.0; ESRtyp 300 Hz 60 C mOhm=2.4","Zmax 10 kHz 20 C mOhm","7.8","Zmax 10 kHz 20 C mOhm=7.8","IAC,max 100 Hz 60 C A","62.7","IAC,R 100 Hz 85 C A","37.8","","","IAC,max 100 Hz 60 C A=62.7; IAC,R 100 Hz 85 C A=37.8","CR Case ESRtyp ESRtyp Zmax IAC,max IAC,R Ordering code | 100 Hz dimensions 100 Hz 300 Hz 10 kHz 100 Hz 100 Hz (composition see | 20 C dxl 20 C 60 C 20 C 60 C 85 C below) | uF mm mOhm mOhm mOhm A A","5.0;2.4;7.8;62.7;37.8","15000 76.9 x 190.7 5.0 2.4 7.8 62.7 37.8 B437*4A4159M6##","parsed",""
"B43704_B43724.pdf","B43704/B43724","350","15000","90.0","170.0","B437*4B4159M6##","ESRtyp 100 Hz 20 C mOhm","4.8","ESRtyp 300 Hz 60 C mOhm","2.1","ESRtyp 100 Hz 20 C mOhm=4.8; ESRtyp 300 Hz 60 C mOhm=2.1","Zmax 10 kHz 20 C mOhm","7.4","Zmax 10 kHz 20 C mOhm=7.4","IAC,max 100 Hz 60 C A","65.4","IAC,R 100 Hz 85 C A","39.5","","","IAC,max 100 Hz 60 C A=65.4; IAC,R 100 Hz 85 C A=39.5","CR Case ESRtyp ESRtyp Zmax IAC,max IAC,R Ordering code | 100 Hz dimensions 100 Hz 300 Hz 10 kHz 100 Hz 100 Hz (composition see | 20 C dxl 20 C 60 C 20 C 60 C 85 C below) | uF mm mOhm mOhm mOhm A A","4.8;2.1;7.4;65.4;39.5","15000 90.0 x 170.0 4.8 2.1 7.4 65.4 39.5 B437*4B4159M6##","parsed",""
"B43704_B43724.pdf","B43704/B43724","350","18000","90.0","197.0","B437*4A4189M6##","ESRtyp 100 Hz 20 C mOhm","4.0","ESRtyp 300 Hz 60 C mOhm","1.8","ESRtyp 100 Hz 20 C mOhm=4.0; ESRtyp 300 Hz 60 C mOhm=1.8","Zmax 10 kHz 20 C mOhm","6.6","Zmax 10 kHz 20 C mOhm=6.6","IAC,max 100 Hz 60 C A","73.4","IAC,R 100 Hz 85 C A","44.3","","","IAC,max 100 Hz 60 C A=73.4; IAC,R 100 Hz 85 C A=44.3","CR Case ESRtyp ESRtyp Zmax IAC,max IAC,R Ordering code | 100 Hz dimensions 100 Hz 300 Hz 10 kHz 100 Hz 100 Hz (composition see | 20 C dxl 20 C 60 C 20 C 60 C 85 C below) | uF mm mOhm mOhm mOhm A A","4.0;1.8;6.6;73.4;44.3","18000 90.0 x 197.0 4.0 1.8 6.6 73.4 44.3 B437*4A4189M6##","parsed",""
"B43704_B43724.pdf","B43704/B43724","350","22000","90.0","221.0","B437*4A4229M6##","ESRtyp 100 Hz 20 C mOhm","3.4","ESRtyp 300 Hz 60 C mOhm","1.6","ESRtyp 100 Hz 20 C mOhm=3.4; ESRtyp 300 Hz 60 C mOhm=1.6","Zmax 10 kHz 20 C mOhm","6.0","Zmax 10 kHz 20 C mOhm=6.0","IAC,max 100 Hz 60 C A","83.9","IAC,R 100 Hz 85 C A","50.5","","","IAC,max 100 Hz 60 C A=83.9; IAC,R 100 Hz 85 C A=50.5","CR Case ESRtyp ESRtyp Zmax IAC,max IAC,R Ordering code | 100 Hz dimensions 100 Hz 300 Hz 10 kHz 100 Hz 100 Hz (composition see | 20 C dxl 20 C 60 C 20 C 60 C 85 C below) | uF mm mOhm mOhm mOhm A A","3.4;1.6;6.0;83.9;50.5","22000 90.0 x 221.0 3.4 1.6 6.0 83.9 50.5 B437*4A4229M6##","parsed",""
"B43704_B43724.pdf","B43704/B43724","400","1500","51.6","80.7","B437*4A9158M6##","ESRtyp 100 Hz 20 C mOhm","75","ESRtyp 300 Hz 60 C mOhm","20","ESRtyp 100 Hz 20 C mOhm=75; ESRtyp 300 Hz 60 C mOhm=20","Zmax 10 kHz 20 C mOhm","120","Zmax 10 kHz 20 C mOhm=120","IAC,max 100 Hz 60 C A","13.3","IAC,R 100 Hz 85 C A","7.80","","","IAC,max 100 Hz 60 C A=13.3; IAC,R 100 Hz 85 C A=7.80","CR Case ESRtyp ESRtyp Zmax IAC,max IAC,R Ordering code | 100 Hz dimensions 100 Hz 300 Hz 10 kHz 100 Hz 100 Hz (composition see | 20 C dxl 20 C 60 C 20 C 60 C 85 C below) | uF mm mOhm mOhm mOhm A A","75;20;120;13.3;7.80","1500 51.6 x 80.7 75 20 120 13.3 7.80 B437*4A9158M6##","parsed",""
"B43704_B43724.pdf","B43704/B43724","400","1800","51.6","96.7","B437*4A9188M6##","ESRtyp 100 Hz 20 C mOhm","60","ESRtyp 300 Hz 60 C mOhm","17","ESRtyp 100 Hz 20 C mOhm=60; ESRtyp 300 Hz 60 C mOhm=17","Zmax 10 kHz 20 C mOhm","95","Zmax 10 kHz 20 C mOhm=95","IAC,max 100 Hz 60 C A","15.4","IAC,R 100 Hz 85 C A","9.06","","","IAC,max 100 Hz 60 C A=15.4; IAC,R 100 Hz 85 C A=9.06","CR Case ESRtyp ESRtyp Zmax IAC,max IAC,R Ordering code | 100 Hz dimensions 100 Hz 300 Hz 10 kHz 100 Hz 100 Hz (composition see | 20 C dxl 20 C 60 C 20 C 60 C 85 C below) | uF mm mOhm mOhm mOhm A A","60;17;95;15.4;9.06","1800 51.6 x 96.7 60 17 95 15.4 9.06 B437*4A9188M6##","parsed",""
"B43704_B43724.pdf","B43704/B43724","400","2200","51.6","105.7","B437*4A9228M6##","ESRtyp 100 Hz 20 C mOhm","50","ESRtyp 300 Hz 60 C mOhm","14","ESRtyp 100 Hz 20 C mOhm=50; ESRtyp 300 Hz 60 C mOhm=14","Zmax 10 kHz 20 C mOhm","80","Zmax 10 kHz 20 C mOhm=80","IAC,max 100 Hz 60 C A","17.7","IAC,R 100 Hz 85 C A","10.3","","","IAC,max 100 Hz 60 C A=17.7; IAC,R 100 Hz 85 C A=10.3","CR Case ESRtyp ESRtyp Zmax IAC,max IAC,R Ordering code | 100 Hz dimensions 100 Hz 300 Hz 10 kHz 100 Hz 100 Hz (composition see | 20 C dxl 20 C 60 C 20 C 60 C 85 C below) | uF mm mOhm mOhm mOhm A A","50;14;80;17.7;10.3","2200 51.6 x 105.7 50 14 80 17.7 10.3 B437*4A9228M6##","parsed",""
"B43704_B43724.pdf","B43704/B43724","400","2700","51.6","118.2","B437*4A9278M6##","ESRtyp 100 Hz 20 C mOhm","40","ESRtyp 300 Hz 60 C mOhm","12","ESRtyp 100 Hz 20 C mOhm=40; ESRtyp 300 Hz 60 C mOhm=12","Zmax 10 kHz 20 C mOhm","65","Zmax 10 kHz 20 C mOhm=65","IAC,max 100 Hz 60 C A","20.4","IAC,R 100 Hz 85 C A","11.9","","","IAC,max 100 Hz 60 C A=20.4; IAC,R 100 Hz 85 C A=11.9","CR Case ESRtyp ESRtyp Zmax IAC,max IAC,R Ordering code | 100 Hz dimensions 100 Hz 300 Hz 10 kHz 100 Hz 100 Hz (composition see | 20 C dxl 20 C 60 C 20 C 60 C 85 C below) | uF mm mOhm mOhm mOhm A A","40;12;65;20.4;11.9","2700 51.6 x 118.2 40 12 65 20.4 11.9 B437*4A9278M6##","parsed",""
"B43704_B43724.pdf","B43704/B43724","400","3300","64.3","96.7","B437*4A9338M6##","ESRtyp 100 Hz 20 C mOhm","34","ESRtyp 300 Hz 60 C mOhm","10","ESRtyp 100 Hz 20 C mOhm=34; ESRtyp 300 Hz 60 C mOhm=10","Zmax 10 kHz 20 C mOhm","55","Zmax 10 kHz 20 C mOhm=55","IAC,max 100 Hz 60 C A","23.3","IAC,R 100 Hz 85 C A","13.6","","","IAC,max 100 Hz 60 C A=23.3; IAC,R 100 Hz 85 C A=13.6","CR Case ESRtyp ESRtyp Zmax IAC,max IAC,R Ordering code | 100 Hz dimensions 100 Hz 300 Hz 10 kHz 100 Hz 100 Hz (composition see | 20 C dxl 20 C 60 C 20 C 60 C 85 C below) | uF mm mOhm mOhm mOhm A A","34;10;55;23.3;13.6","3300 64.3 x 96.7 34 10 55 23.3 13.6 B437*4A9338M6##","parsed",""
"B43704_B43724.pdf","B43704/B43724","400","3900","64.3","105.7","B437*4A9398M6##","ESRtyp 100 Hz 20 C mOhm","28","ESRtyp 300 Hz 60 C mOhm","8.8","ESRtyp 100 Hz 20 C mOhm=28; ESRtyp 300 Hz 60 C mOhm=8.8","Zmax 10 kHz 20 C mOhm","45","Zmax 10 kHz 20 C mOhm=45","IAC,max 100 Hz 60 C A","26.0","IAC,R 100 Hz 85 C A","15.1","","","IAC,max 100 Hz 60 C A=26.0; IAC,R 100 Hz 85 C A=15.1","CR Case ESRtyp ESRtyp Zmax IAC,max IAC,R Ordering code | 100 Hz dimensions 100 Hz 300 Hz 10 kHz 100 Hz 100 Hz (composition see | 20 C dxl 20 C 60 C 20 C 60 C 85 C below) | uF mm mOhm mOhm mOhm A A","28;8.8;45;26.0;15.1","3900 64.3 x 105.7 28 8.8 45 26.0 15.1 B437*4A9398M6##","parsed",""
"B43704_B43724.pdf","B43704/B43724","400","4700","64.3","130.7","B437*4A9478M6##","ESRtyp 100 Hz 20 C mOhm","24","ESRtyp 300 Hz 60 C mOhm","7.2","ESRtyp 100 Hz 20 C mOhm=24; ESRtyp 300 Hz 60 C mOhm=7.2","Zmax 10 kHz 20 C mOhm","38","Zmax 10 kHz 20 C mOhm=38","IAC,max 100 Hz 60 C A","29.6","IAC,R 100 Hz 85 C A","17.3","","","IAC,max 100 Hz 60 C A=29.6; IAC,R 100 Hz 85 C A=17.3","CR Case ESRtyp ESRtyp Zmax IAC,max IAC,R Ordering code | 100 Hz dimensions 100 Hz 300 Hz 10 kHz 100 Hz 100 Hz (composition see | 20 C dxl 20 C 60 C 20 C 60 C 85 C below) | uF mm mOhm mOhm mOhm A A","24;7.2;38;29.6;17.3","4700 64.3 x 130.7 24 7.2 38 29.6 17.3 B437*4A9478M6##","parsed",""
"B43704_B43724.pdf","B43704/B43724","400","4700","76.9","96.7","B437*4B9478M6##","ESRtyp 100 Hz 20 C mOhm","24","ESRtyp 300 Hz 60 C mOhm","7.8","ESRtyp 100 Hz 20 C mOhm=24; ESRtyp 300 Hz 60 C mOhm=7.8","Zmax 10 kHz 20 C mOhm","38","Zmax 10 kHz 20 C mOhm=38","IAC,max 100 Hz 60 C A","30.2","IAC,R 100 Hz 85 C A","17.6","","","IAC,max 100 Hz 60 C A=30.2; IAC,R 100 Hz 85 C A=17.6","CR Case ESRtyp ESRtyp Zmax IAC,max IAC,R Ordering code | 100 Hz dimensions 100 Hz 300 Hz 10 kHz 100 Hz 100 Hz (composition see | 20 C dxl 20 C 60 C 20 C 60 C 85 C below) | uF mm mOhm mOhm mOhm A A","24;7.8;38;30.2;17.6","4700 76.9 x 96.7 24 7.8 38 30.2 17.6 B437*4B9478M6##","parsed",""
"B43704_B43724.pdf","B43704/B43724","400","5600","64.3","143.2","B437*4A9568M6##","ESRtyp 100 Hz 20 C mOhm","20","ESRtyp 300 Hz 60 C mOhm","6.3","ESRtyp 100 Hz 20 C mOhm=20; ESRtyp 300 Hz 60 C mOhm=6.3","Zmax 10 kHz 20 C mOhm","32","Zmax 10 kHz 20 C mOhm=32","IAC,max 100 Hz 60 C A","33.5","IAC,R 100 Hz 85 C A","19.5","","","IAC,max 100 Hz 60 C A=33.5; IAC,R 100 Hz 85 C A=19.5","CR Case ESRtyp ESRtyp Zmax IAC,max IAC,R Ordering code | 100 Hz dimensions 100 Hz 300 Hz 10 kHz 100 Hz 100 Hz (composition see | 20 C dxl 20 C 60 C 20 C 60 C 85 C below) | uF mm mOhm mOhm mOhm A A","20;6.3;32;33.5;19.5","5600 64.3 x 143.2 20 6.3 32 33.5 19.5 B437*4A9568M6##","parsed",""
"B43704_B43724.pdf","B43704/B43724","400","5600","76.9","118.2","B437*4B9568M6##","ESRtyp 100 Hz 20 C mOhm","20","ESRtyp 300 Hz 60 C mOhm","6.3","ESRtyp 100 Hz 20 C mOhm=20; ESRtyp 300 Hz 60 C mOhm=6.3","Zmax 10 kHz 20 C mOhm","32","Zmax 10 kHz 20 C mOhm=32","IAC,max 100 Hz 60 C A","34.0","IAC,R 100 Hz 85 C A","19.8","","","IAC,max 100 Hz 60 C A=34.0; IAC,R 100 Hz 85 C A=19.8","CR Case ESRtyp ESRtyp Zmax IAC,max IAC,R Ordering code | 100 Hz dimensions 100 Hz 300 Hz 10 kHz 100 Hz 100 Hz (composition see | 20 C dxl 20 C 60 C 20 C 60 C 85 C below) | uF mm mOhm mOhm mOhm A A","20;6.3;32;34.0;19.8","5600 76.9 x 118.2 20 6.3 32 34.0 19.8 B437*4B9568M6##","parsed",""
"B43704_B43724.pdf","B43704/B43724","400","6800","76.9","130.7","B437*4A9688M6##","ESRtyp 100 Hz 20 C mOhm","17","ESRtyp 300 Hz 60 C mOhm","5.4","ESRtyp 100 Hz 20 C mOhm=17; ESRtyp 300 Hz 60 C mOhm=5.4","Zmax 10 kHz 20 C mOhm","28","Zmax 10 kHz 20 C mOhm=28","IAC,max 100 Hz 60 C A","38.4","IAC,R 100 Hz 85 C A","22.4","","","IAC,max 100 Hz 60 C A=38.4; IAC,R 100 Hz 85 C A=22.4","CR Case ESRtyp ESRtyp Zmax IAC,max IAC,R Ordering code | 100 Hz dimensions 100 Hz 300 Hz 10 kHz 100 Hz 100 Hz (composition see | 20 C dxl 20 C 60 C 20 C 60 C 85 C below) | uF mm mOhm mOhm mOhm A A","17;5.4;28;38.4;22.4","6800 76.9 x 130.7 17 5.4 28 38.4 22.4 B437*4A9688M6##","parsed",""
"B43704_B43724.pdf","B43704/B43724","400","8200","76.9","156.2","B437*4C9828M6##","ESRtyp 100 Hz 20 C mOhm","14","ESRtyp 300 Hz 60 C mOhm","4.5","ESRtyp 100 Hz 20 C mOhm=14; ESRtyp 300 Hz 60 C mOhm=4.5","Zmax 10 kHz 20 C mOhm","22","Zmax 10 kHz 20 C mOhm=22","IAC,max 100 Hz 60 C A","43.6","IAC,R 100 Hz 85 C A","25.5","","","IAC,max 100 Hz 60 C A=43.6; IAC,R 100 Hz 85 C A=25.5","CR Case ESRtyp ESRtyp Zmax IAC,max IAC,R Ordering code | 100 Hz dimensions 100 Hz 300 Hz 10 kHz 100 Hz 100 Hz (composition see | 20 C dxl 20 C 60 C 20 C 60 C 85 C below) | uF mm mOhm mOhm mOhm A A","14;4.5;22;43.6;25.5","8200 76.9 x 156.2 14 4.5 22 43.6 25.5 B437*4C9828M6##","parsed",""
"B43704_B43724.pdf","B43704/B43724","400","8200","90.0","120.0","B437*4B9828M6##","ESRtyp 100 Hz 20 C mOhm","14","ESRtyp 300 Hz 60 C mOhm","4.5","ESRtyp 100 Hz 20 C mOhm=14; ESRtyp 300 Hz 60 C mOhm=4.5","Zmax 10 kHz 20 C mOhm","22","Zmax 10 kHz 20 C mOhm=22","IAC,max 100 Hz 60 C A","45.9","IAC,R 100 Hz 85 C A","27.7","","","IAC,max 100 Hz 60 C A=45.9; IAC,R 100 Hz 85 C A=27.7","CR Case ESRtyp ESRtyp Zmax IAC,max IAC,R Ordering code | 100 Hz dimensions 100 Hz 300 Hz 10 kHz 100 Hz 100 Hz (composition see | 20 C dxl 20 C 60 C 20 C 60 C 85 C below) | uF mm mOhm mOhm mOhm A A","14;4.5;22;45.9;27.7","8200 90.0 x 120.0 14 4.5 22 45.9 27.7 B437*4B9828M6##","parsed",""
"B43704_B43724.pdf","B43704/B43724","400","10000","76.9","168.7","B437*4A9109M6##","ESRtyp 100 Hz 20 C mOhm","12","ESRtyp 300 Hz 60 C mOhm","3.9","ESRtyp 100 Hz 20 C mOhm=12; ESRtyp 300 Hz 60 C mOhm=3.9","Zmax 10 kHz 20 C mOhm","19","Zmax 10 kHz 20 C mOhm=19","IAC,max 100 Hz 60 C A","49.9","IAC,R 100 Hz 85 C A","30.1","","","IAC,max 100 Hz 60 C A=49.9; IAC,R 100 Hz 85 C A=30.1","CR Case ESRtyp ESRtyp Zmax IAC,max IAC,R Ordering code | 100 Hz dimensions 100 Hz 300 Hz 10 kHz 100 Hz 100 Hz (composition see | 20 C dxl 20 C 60 C 20 C 60 C 85 C below) | uF mm mOhm mOhm mOhm A A","12;3.9;19;49.9;30.1","10000 76.9 x 168.7 12 3.9 19 49.9 30.1 B437*4A9109M6##","parsed",""
"B43704_B43724.pdf","B43704/B43724","400","10000","90.0","144.5","B437*4B9109M6##","ESRtyp 100 Hz 20 C mOhm","11","ESRtyp 300 Hz 60 C mOhm","3.7","ESRtyp 100 Hz 20 C mOhm=11; ESRtyp 300 Hz 60 C mOhm=3.7","Zmax 10 kHz 20 C mOhm","19","Zmax 10 kHz 20 C mOhm=19","IAC,max 100 Hz 60 C A","52.1","IAC,R 100 Hz 85 C A","31.4","","","IAC,max 100 Hz 60 C A=52.1; IAC,R 100 Hz 85 C A=31.4","CR Case ESRtyp ESRtyp Zmax IAC,max IAC,R Ordering code | 100 Hz dimensions 100 Hz 300 Hz 10 kHz 100 Hz 100 Hz (composition see | 20 C dxl 20 C 60 C 20 C 60 C 85 C below) | uF mm mOhm mOhm mOhm A A","11;3.7;19;52.1;31.4","10000 90.0 x 144.5 11 3.7 19 52.1 31.4 B437*4B9109M6##","parsed",""
"B43704_B43724.pdf","B43704/B43724","400","12000","76.9","220.7","B437*4A9129M6##","ESRtyp 100 Hz 20 C mOhm","9.6","ESRtyp 300 Hz 60 C mOhm","3.2","ESRtyp 100 Hz 20 C mOhm=9.6; ESRtyp 300 Hz 60 C mOhm=3.2","Zmax 10 kHz 20 C mOhm","16","Zmax 10 kHz 20 C mOhm=16","IAC,max 100 Hz 60 C A","56.9","IAC,R 100 Hz 85 C A","34.4","","","IAC,max 100 Hz 60 C A=56.9; IAC,R 100 Hz 85 C A=34.4","CR Case ESRtyp ESRtyp Zmax IAC,max IAC,R Ordering code | 100 Hz dimensions 100 Hz 300 Hz 10 kHz 100 Hz 100 Hz (composition see | 20 C dxl 20 C 60 C 20 C 60 C 85 C below) | uF mm mOhm mOhm mOhm A A","9.6;3.2;16;56.9;34.4","12000 76.9 x 220.7 9.6 3.2 16 56.9 34.4 B437*4A9129M6##","parsed",""
"B43704_B43724.pdf","B43704/B43724","400","12000","90.0","170.0","B437*4B9129M6##","ESRtyp 100 Hz 20 C mOhm","9.6","ESRtyp 300 Hz 60 C mOhm","3.1","ESRtyp 100 Hz 20 C mOhm=9.6; ESRtyp 300 Hz 60 C mOhm=3.1","Zmax 10 kHz 20 C mOhm","16","Zmax 10 kHz 20 C mOhm=16","IAC,max 100 Hz 60 C A","58.5","IAC,R 100 Hz 85 C A","35.4","","","IAC,max 100 Hz 60 C A=58.5; IAC,R 100 Hz 85 C A=35.4","CR Case ESRtyp ESRtyp Zmax IAC,max IAC,R Ordering code | 100 Hz dimensions 100 Hz 300 Hz 10 kHz 100 Hz 100 Hz (composition see | 20 C dxl 20 C 60 C 20 C 60 C 85 C below) | uF mm mOhm mOhm mOhm A A","9.6;3.1;16;58.5;35.4","12000 90.0 x 170.0 9.6 3.1 16 58.5 35.4 B437*4B9129M6##","parsed",""
"B43704_B43724.pdf","B43704/B43724","400","15000","90.0","197.0","B437*4B9159M6##","ESRtyp 100 Hz 20 C mOhm","7.7","ESRtyp 300 Hz 60 C mOhm","2.6","ESRtyp 100 Hz 20 C mOhm=7.7; ESRtyp 300 Hz 60 C mOhm=2.6","Zmax 10 kHz 20 C mOhm","13","Zmax 10 kHz 20 C mOhm=13","IAC,max 100 Hz 60 C A","67.8","IAC,R 100 Hz 85 C A","41.0","","","IAC,max 100 Hz 60 C A=67.8; IAC,R 100 Hz 85 C A=41.0","CR Case ESRtyp ESRtyp Zmax IAC,max IAC,R Ordering code | 100 Hz dimensions 100 Hz 300 Hz 10 kHz 100 Hz 100 Hz (composition see | 20 C dxl 20 C 60 C 20 C 60 C 85 C below) | uF mm mOhm mOhm mOhm A A","7.7;2.6;13;67.8;41.0","15000 90.0 x 197.0 7.7 2.6 13 67.8 41.0 B437*4B9159M6##","parsed",""
"B43704_B43724.pdf","B43704/B43724","400","18000","90.0","221.0","B437*4B9189M6##","ESRtyp 100 Hz 20 C mOhm","6.5","ESRtyp 300 Hz 60 C mOhm","2.3","ESRtyp 100 Hz 20 C mOhm=6.5; ESRtyp 300 Hz 60 C mOhm=2.3","Zmax 10 kHz 20 C mOhm","12","Zmax 10 kHz 20 C mOhm=12","IAC,max 100 Hz 60 C A","76.8","IAC,R 100 Hz 85 C A","46.4","","","IAC,max 100 Hz 60 C A=76.8; IAC,R 100 Hz 85 C A=46.4","CR Case ESRtyp ESRtyp Zmax IAC,max IAC,R Ordering code | 100 Hz dimensions 100 Hz 300 Hz 10 kHz 100 Hz 100 Hz (composition see | 20 C dxl 20 C 60 C 20 C 60 C 85 C below) | uF mm mOhm mOhm mOhm A A","6.5;2.3;12;76.8;46.4","18000 90.0 x 221.0 6.5 2.3 12 76.8 46.4 B437*4B9189M6##","parsed",""
"B43704_B43724.pdf","B43704/B43724","450","1200","51.6","80.7","B437*4A5128M6##","ESRtyp 100 Hz 20 C mOhm","80","ESRtyp 300 Hz 60 C mOhm","24","ESRtyp 100 Hz 20 C mOhm=80; ESRtyp 300 Hz 60 C mOhm=24","Zmax 10 kHz 20 C mOhm","130","Zmax 10 kHz 20 C mOhm=130","IAC,max 100 Hz 60 C A","12.0","IAC,R 100 Hz 85 C A","7.11","","","IAC,max 100 Hz 60 C A=12.0; IAC,R 100 Hz 85 C A=7.11","CR Case ESRtyp ESRtyp Zmax IAC,max IAC,R Ordering code | 100 Hz dimensions 100 Hz 300 Hz 10 kHz 100 Hz 100 Hz (composition see | 20 C dxl 20 C 60 C 20 C 60 C 85 C below) | uF mm mOhm mOhm mOhm A A","80;24;130;12.0;7.11","1200 51.6 x 80.7 80 24 130 12.0 7.11 B437*4A5128M6##","parsed",""
"B43704_B43724.pdf","B43704/B43724","450","1500","51.6","96.7","B437*4A5158M6##","ESRtyp 100 Hz 20 C mOhm","65","ESRtyp 300 Hz 60 C mOhm","18","ESRtyp 100 Hz 20 C mOhm=65; ESRtyp 300 Hz 60 C mOhm=18","Zmax 10 kHz 20 C mOhm","100","Zmax 10 kHz 20 C mOhm=100","IAC,max 100 Hz 60 C A","14.3","IAC,R 100 Hz 85 C A","8.47","","","IAC,max 100 Hz 60 C A=14.3; IAC,R 100 Hz 85 C A=8.47","CR Case ESRtyp ESRtyp Zmax IAC,max IAC,R Ordering code | 100 Hz dimensions 100 Hz 300 Hz 10 kHz 100 Hz 100 Hz (composition see | 20 C dxl 20 C 60 C 20 C 60 C 85 C below) | uF mm mOhm mOhm mOhm A A","65;18;100;14.3;8.47","1500 51.6 x 96.7 65 18 100 14.3 8.47 B437*4A5158M6##","parsed",""
"B43704_B43724.pdf","B43704/B43724","450","1800","51.6","105.7","B437*4A5188M6##","ESRtyp 100 Hz 20 C mOhm","55","ESRtyp 300 Hz 60 C mOhm","16","ESRtyp 100 Hz 20 C mOhm=55; ESRtyp 300 Hz 60 C mOhm=16","Zmax 10 kHz 20 C mOhm","85","Zmax 10 kHz 20 C mOhm=85","IAC,max 100 Hz 60 C A","16.2","IAC,R 100 Hz 85 C A","9.59","","","IAC,max 100 Hz 60 C A=16.2; IAC,R 100 Hz 85 C A=9.59","CR Case ESRtyp ESRtyp Zmax IAC,max IAC,R Ordering code | 100 Hz dimensions 100 Hz 300 Hz 10 kHz 100 Hz 100 Hz (composition see | 20 C dxl 20 C 60 C 20 C 60 C 85 C below) | uF mm mOhm mOhm mOhm A A","55;16;85;16.2;9.59","1800 51.6 x 105.7 55 16 85 16.2 9.59 B437*4A5188M6##","parsed",""
"B43704_B43724.pdf","B43704/B43724","450","1800","64.3","80.7","B437*4B5188M6##","ESRtyp 100 Hz 20 C mOhm","55","ESRtyp 300 Hz 60 C mOhm","16","ESRtyp 100 Hz 20 C mOhm=55; ESRtyp 300 Hz 60 C mOhm=16","Zmax 10 kHz 20 C mOhm","85","Zmax 10 kHz 20 C mOhm=85","IAC,max 100 Hz 60 C A","16.5","IAC,R 100 Hz 85 C A","9.77","","","IAC,max 100 Hz 60 C A=16.5; IAC,R 100 Hz 85 C A=9.77","CR Case ESRtyp ESRtyp Zmax IAC,max IAC,R Ordering code | 100 Hz dimensions 100 Hz 300 Hz 10 kHz 100 Hz 100 Hz (composition see | 20 C dxl 20 C 60 C 20 C 60 C 85 C below) | uF mm mOhm mOhm mOhm A A","55;16;85;16.5;9.77","1800 64.3 x 80.7 55 16 85 16.5 9.77 B437*4B5188M6##","parsed",""
"B43704_B43724.pdf","B43704/B43724","450","2200","51.6","118.2","B437*4A5228M6##","ESRtyp 100 Hz 20 C mOhm","45","ESRtyp 300 Hz 60 C mOhm","13","ESRtyp 100 Hz 20 C mOhm=45; ESRtyp 300 Hz 60 C mOhm=13","Zmax 10 kHz 20 C mOhm","70","Zmax 10 kHz 20 C mOhm=70","IAC,max 100 Hz 60 C A","18.7","IAC,R 100 Hz 85 C A","11.0","","","IAC,max 100 Hz 60 C A=18.7; IAC,R 100 Hz 85 C A=11.0","CR Case ESRtyp ESRtyp Zmax IAC,max IAC,R Ordering code | 100 Hz dimensions 100 Hz 300 Hz 10 kHz 100 Hz 100 Hz (composition see | 20 C dxl 20 C 60 C 20 C 60 C 85 C below) | uF mm mOhm mOhm mOhm A A","45;13;70;18.7;11.0","2200 51.6 x 118.2 45 13 70 18.7 11.0 B437*4A5228M6##","parsed",""
"B43704_B43724.pdf","B43704/B43724","450","2200","64.3","96.7","B437*4B5228M6##","ESRtyp 100 Hz 20 C mOhm","45","ESRtyp 300 Hz 60 C mOhm","13","ESRtyp 100 Hz 20 C mOhm=45; ESRtyp 300 Hz 60 C mOhm=13","Zmax 10 kHz 20 C mOhm","70","Zmax 10 kHz 20 C mOhm=70","IAC,max 100 Hz 60 C A","18.8","IAC,R 100 Hz 85 C A","11.1","","","IAC,max 100 Hz 60 C A=18.8; IAC,R 100 Hz 85 C A=11.1","CR Case ESRtyp ESRtyp Zmax IAC,max IAC,R Ordering code | 100 Hz dimensions 100 Hz 300 Hz 10 kHz 100 Hz 100 Hz (composition see | 20 C dxl 20 C 60 C 20 C 60 C 85 C below) | uF mm mOhm mOhm mOhm A A","45;13;70;18.8;11.1","2200 64.3 x 96.7 45 13 70 18.8 11.1 B437*4B5228M6##","parsed",""
"B43704_B43724.pdf","B43704/B43724","450","2700","64.3","96.7","B437*4A5278M6##","ESRtyp 100 Hz 20 C mOhm","36","ESRtyp 300 Hz 60 C mOhm","11","ESRtyp 100 Hz 20 C mOhm=36; ESRtyp 300 Hz 60 C mOhm=11","Zmax 10 kHz 20 C mOhm","55","Zmax 10 kHz 20 C mOhm=55","IAC,max 100 Hz 60 C A","21.3","IAC,R 100 Hz 85 C A","12.6","","","IAC,max 100 Hz 60 C A=21.3; IAC,R 100 Hz 85 C A=12.6","CR Case ESRtyp ESRtyp Zmax IAC,max IAC,R Ordering code | 100 Hz dimensions 100 Hz 300 Hz 10 kHz 100 Hz 100 Hz (composition see | 20 C dxl 20 C 60 C 20 C 60 C 85 C below) | uF mm mOhm mOhm mOhm A A","36;11;55;21.3;12.6","2700 64.3 x 96.7 36 11 55 21.3 12.6 B437*4A5278M6##","parsed",""
"B43704_B43724.pdf","B43704/B43724","450","3300","64.3","118.2","B437*4A5338M6##","ESRtyp 100 Hz 20 C mOhm","30","ESRtyp 300 Hz 60 C mOhm","9.0","ESRtyp 100 Hz 20 C mOhm=30; ESRtyp 300 Hz 60 C mOhm=9.0","Zmax 10 kHz 20 C mOhm","45","Zmax 10 kHz 20 C mOhm=45","IAC,max 100 Hz 60 C A","24.5","IAC,R 100 Hz 85 C A","14.4","","","IAC,max 100 Hz 60 C A=24.5; IAC,R 100 Hz 85 C A=14.4","CR Case ESRtyp ESRtyp Zmax IAC,max IAC,R Ordering code | 100 Hz dimensions 100 Hz 300 Hz 10 kHz 100 Hz 100 Hz (composition see | 20 C dxl 20 C 60 C 20 C 60 C 85 C below) | uF mm mOhm mOhm mOhm A A","30;9.0;45;24.5;14.4","3300 64.3 x 118.2 30 9.0 45 24.5 14.4 B437*4A5338M6##","parsed",""
"B43704_B43724.pdf","B43704/B43724","450","3300","76.9","96.7","B437*4B5338M6##","ESRtyp 100 Hz 20 C mOhm","30","ESRtyp 300 Hz 60 C mOhm","9.2","ESRtyp 100 Hz 20 C mOhm=30; ESRtyp 300 Hz 60 C mOhm=9.2","Zmax 10 kHz 20 C mOhm","45","Zmax 10 kHz 20 C mOhm=45","IAC,max 100 Hz 60 C A","25.5","IAC,R 100 Hz 85 C A","15.0","","","IAC,max 100 Hz 60 C A=25.5; IAC,R 100 Hz 85 C A=15.0","CR Case ESRtyp ESRtyp Zmax IAC,max IAC,R Ordering code | 100 Hz dimensions 100 Hz 300 Hz 10 kHz 100 Hz 100 Hz (composition see | 20 C dxl 20 C 60 C 20 C 60 C 85 C below) | uF mm mOhm mOhm mOhm A A","30;9.2;45;25.5;15.0","3300 76.9 x 96.7 30 9.2 45 25.5 15.0 B437*4B5338M6##","parsed",""
"B43704_B43724.pdf","B43704/B43724","450","3900","64.3","130.7","B437*4A5398M6##","ESRtyp 100 Hz 20 C mOhm","26","ESRtyp 300 Hz 60 C mOhm","7.8","ESRtyp 100 Hz 20 C mOhm=26; ESRtyp 300 Hz 60 C mOhm=7.8","Zmax 10 kHz 20 C mOhm","40","Zmax 10 kHz 20 C mOhm=40","IAC,max 100 Hz 60 C A","27.5","IAC,R 100 Hz 85 C A","16.2","","","IAC,max 100 Hz 60 C A=27.5; IAC,R 100 Hz 85 C A=16.2","CR Case ESRtyp ESRtyp Zmax IAC,max IAC,R Ordering code | 100 Hz dimensions 100 Hz 300 Hz 10 kHz 100 Hz 100 Hz (composition see | 20 C dxl 20 C 60 C 20 C 60 C 85 C below) | uF mm mOhm mOhm mOhm A A","26;7.8;40;27.5;16.2","3900 64.3 x 130.7 26 7.8 40 27.5 16.2 B437*4A5398M6##","parsed",""
"B43704_B43724.pdf","B43704/B43724","450","3900","76.9","105.7","B437*4B5398M6##","ESRtyp 100 Hz 20 C mOhm","26","ESRtyp 300 Hz 60 C mOhm","8.0","ESRtyp 100 Hz 20 C mOhm=26; ESRtyp 300 Hz 60 C mOhm=8.0","Zmax 10 kHz 20 C mOhm","40","Zmax 10 kHz 20 C mOhm=40","IAC,max 100 Hz 60 C A","28.3","IAC,R 100 Hz 85 C A","16.7","","","IAC,max 100 Hz 60 C A=28.3; IAC,R 100 Hz 85 C A=16.7","CR Case ESRtyp ESRtyp Zmax IAC,max IAC,R Ordering code | 100 Hz dimensions 100 Hz 300 Hz 10 kHz 100 Hz 100 Hz (composition see | 20 C dxl 20 C 60 C 20 C 60 C 85 C below) | uF mm mOhm mOhm mOhm A A","26;8.0;40;28.3;16.7","3900 76.9 x 105.7 26 8.0 40 28.3 16.7 B437*4B5398M6##","parsed",""
"B43704_B43724.pdf","B43704/B43724","450","4700","76.9","118.2","B437*4A5478M6##","ESRtyp 100 Hz 20 C mOhm","22","ESRtyp 300 Hz 60 C mOhm","6.7","ESRtyp 100 Hz 20 C mOhm=22; ESRtyp 300 Hz 60 C mOhm=6.7","Zmax 10 kHz 20 C mOhm","34","Zmax 10 kHz 20 C mOhm=34","IAC,max 100 Hz 60 C A","31.8","IAC,R 100 Hz 85 C A","18.7","","","IAC,max 100 Hz 60 C A=31.8; IAC,R 100 Hz 85 C A=18.7","CR Case ESRtyp ESRtyp Zmax IAC,max IAC,R Ordering code | 100 Hz dimensions 100 Hz 300 Hz 10 kHz 100 Hz 100 Hz (composition see | 20 C dxl 20 C 60 C 20 C 60 C 85 C below) | uF mm mOhm mOhm mOhm A A","22;6.7;34;31.8;18.7","4700 76.9 x 118.2 22 6.7 34 31.8 18.7 B437*4A5478M6##","parsed",""
"B43704_B43724.pdf","B43704/B43724","450","5600","76.9","130.7","B437*4A5568M6##","ESRtyp 100 Hz 20 C mOhm","18","ESRtyp 300 Hz 60 C mOhm","5.8","ESRtyp 100 Hz 20 C mOhm=18; ESRtyp 300 Hz 60 C mOhm=5.8","Zmax 10 kHz 20 C mOhm","28","Zmax 10 kHz 20 C mOhm=28","IAC,max 100 Hz 60 C A","35.6","IAC,R 100 Hz 85 C A","21.0","","","IAC,max 100 Hz 60 C A=35.6; IAC,R 100 Hz 85 C A=21.0","CR Case ESRtyp ESRtyp Zmax IAC,max IAC,R Ordering code | 100 Hz dimensions 100 Hz 300 Hz 10 kHz 100 Hz 100 Hz (composition see | 20 C dxl 20 C 60 C 20 C 60 C 85 C below) | uF mm mOhm mOhm mOhm A A","18;5.8;28;35.6;21.0","5600 76.9 x 130.7 18 5.8 28 35.6 21.0 B437*4A5568M6##","parsed",""
"B43704_B43724.pdf","B43704/B43724","450","5600","90.0","120.0","B437*4B5568M6##","ESRtyp 100 Hz 20 C mOhm","18","ESRtyp 300 Hz 60 C mOhm","5.5","ESRtyp 100 Hz 20 C mOhm=18; ESRtyp 300 Hz 60 C mOhm=5.5","Zmax 10 kHz 20 C mOhm","28","Zmax 10 kHz 20 C mOhm=28","IAC,max 100 Hz 60 C A","38.1","IAC,R 100 Hz 85 C A","23.2","","","IAC,max 100 Hz 60 C A=38.1; IAC,R 100 Hz 85 C A=23.2","CR Case ESRtyp ESRtyp Zmax IAC,max IAC,R Ordering code | 100 Hz dimensions 100 Hz 300 Hz 10 kHz 100 Hz 100 Hz (composition see | 20 C dxl 20 C 60 C 20 C 60 C 85 C below) | uF mm mOhm mOhm mOhm A A","18;5.5;28;38.1;23.2","5600 90.0 x 120.0 18 5.5 28 38.1 23.2 B437*4B5568M6##","parsed",""
"B43704_B43724.pdf","B43704/B43724","450","6800","76.9","156.2","B437*4A5688M6##","ESRtyp 100 Hz 20 C mOhm","15","ESRtyp 300 Hz 60 C mOhm","4.8","ESRtyp 100 Hz 20 C mOhm=15; ESRtyp 300 Hz 60 C mOhm=4.8","Zmax 10 kHz 20 C mOhm","24","Zmax 10 kHz 20 C mOhm=24","IAC,max 100 Hz 60 C A","40.6","IAC,R 100 Hz 85 C A","24.0","","","IAC,max 100 Hz 60 C A=40.6; IAC,R 100 Hz 85 C A=24.0","CR Case ESRtyp ESRtyp Zmax IAC,max IAC,R Ordering code | 100 Hz dimensions 100 Hz 300 Hz 10 kHz 100 Hz 100 Hz (composition see | 20 C dxl 20 C 60 C 20 C 60 C 85 C below) | uF mm mOhm mOhm mOhm A A","15;4.8;24;40.6;24.0","6800 76.9 x 156.2 15 4.8 24 40.6 24.0 B437*4A5688M6##","parsed",""
"B43704_B43724.pdf","B43704/B43724","450","6800","90.0","144.5","B437*4B5688M6##","ESRtyp 100 Hz 20 C mOhm","15","ESRtyp 300 Hz 60 C mOhm","4.5","ESRtyp 100 Hz 20 C mOhm=15; ESRtyp 300 Hz 60 C mOhm=4.5","Zmax 10 kHz 20 C mOhm","24","Zmax 10 kHz 20 C mOhm=24","IAC,max 100 Hz 60 C A","42.7","IAC,R 100 Hz 85 C A","26.1","","","IAC,max 100 Hz 60 C A=42.7; IAC,R 100 Hz 85 C A=26.1","CR Case ESRtyp ESRtyp Zmax IAC,max IAC,R Ordering code | 100 Hz dimensions 100 Hz 300 Hz 10 kHz 100 Hz 100 Hz (composition see | 20 C dxl 20 C 60 C 20 C 60 C 85 C below) | uF mm mOhm mOhm mOhm A A","15;4.5;24;42.7;26.1","6800 90.0 x 144.5 15 4.5 24 42.7 26.1 B437*4B5688M6##","parsed",""
"B43704_B43724.pdf","B43704/B43724","450","8200","76.9","190.7","B437*4A5828M6##","ESRtyp 100 Hz 20 C mOhm","12","ESRtyp 300 Hz 60 C mOhm","4.0","ESRtyp 100 Hz 20 C mOhm=12; ESRtyp 300 Hz 60 C mOhm=4.0","Zmax 10 kHz 20 C mOhm","19","Zmax 10 kHz 20 C mOhm=19","IAC,max 100 Hz 60 C A","46.2","IAC,R 100 Hz 85 C A","28.2","","","IAC,max 100 Hz 60 C A=46.2; IAC,R 100 Hz 85 C A=28.2","CR Case ESRtyp ESRtyp Zmax IAC,max IAC,R Ordering code | 100 Hz dimensions 100 Hz 300 Hz 10 kHz 100 Hz 100 Hz (composition see | 20 C dxl 20 C 60 C 20 C 60 C 85 C below) | uF mm mOhm mOhm mOhm A A","12;4.0;19;46.2;28.2","8200 76.9 x 190.7 12 4.0 19 46.2 28.2 B437*4A5828M6##","parsed",""
"B43704_B43724.pdf","B43704/B43724","450","8200","90.0","144.5","B437*4B5828M6##","ESRtyp 100 Hz 20 C mOhm","12","ESRtyp 300 Hz 60 C mOhm","4.0","ESRtyp 100 Hz 20 C mOhm=12; ESRtyp 300 Hz 60 C mOhm=4.0","Zmax 10 kHz 20 C mOhm","19","Zmax 10 kHz 20 C mOhm=19","IAC,max 100 Hz 60 C A","48.2","IAC,R 100 Hz 85 C A","29.4","","","IAC,max 100 Hz 60 C A=48.2; IAC,R 100 Hz 85 C A=29.4","CR Case ESRtyp ESRtyp Zmax IAC,max IAC,R Ordering code | 100 Hz dimensions 100 Hz 300 Hz 10 kHz 100 Hz 100 Hz (composition see | 20 C dxl 20 C 60 C 20 C 60 C 85 C below) | uF mm mOhm mOhm mOhm A A","12;4.0;19;48.2;29.4","8200 90.0 x 144.5 12 4.0 19 48.2 29.4 B437*4B5828M6##","parsed",""
"B43704_B43724.pdf","B43704/B43724","450","10000","76.9","220.7","B437*4A5109M6##","ESRtyp 100 Hz 20 C mOhm","10","ESRtyp 300 Hz 60 C mOhm","3.4","ESRtyp 100 Hz 20 C mOhm=10; ESRtyp 300 Hz 60 C mOhm=3.4","Zmax 10 kHz 20 C mOhm","16","Zmax 10 kHz 20 C mOhm=16","IAC,max 100 Hz 60 C A","53.3","IAC,R 100 Hz 85 C A","32.6","","","IAC,max 100 Hz 60 C A=53.3; IAC,R 100 Hz 85 C A=32.6","CR Case ESRtyp ESRtyp Zmax IAC,max IAC,R Ordering code | 100 Hz dimensions 100 Hz 300 Hz 10 kHz 100 Hz 100 Hz (composition see | 20 C dxl 20 C 60 C 20 C 60 C 85 C below) | uF mm mOhm mOhm mOhm A A","10;3.4;16;53.3;32.6","10000 76.9 x 220.7 10 3.4 16 53.3 32.6 B437*4A5109M6##","parsed",""
"B43704_B43724.pdf","B43704/B43724","450","10000","90.0","170.0","B437*4B5109M6##","ESRtyp 100 Hz 20 C mOhm","10","ESRtyp 300 Hz 60 C mOhm","3.3","ESRtyp 100 Hz 20 C mOhm=10; ESRtyp 300 Hz 60 C mOhm=3.3","Zmax 10 kHz 20 C mOhm","16","Zmax 10 kHz 20 C mOhm=16","IAC,max 100 Hz 60 C A","54.7","IAC,R 100 Hz 85 C A","33.4","","","IAC,max 100 Hz 60 C A=54.7; IAC,R 100 Hz 85 C A=33.4","CR Case ESRtyp ESRtyp Zmax IAC,max IAC,R Ordering code | 100 Hz dimensions 100 Hz 300 Hz 10 kHz 100 Hz 100 Hz (composition see | 20 C dxl 20 C 60 C 20 C 60 C 85 C below) | uF mm mOhm mOhm mOhm A A","10;3.3;16;54.7;33.4","10000 90.0 x 170.0 10 3.3 16 54.7 33.4 B437*4B5109M6##","parsed",""
"B43704_B43724.pdf","B43704/B43724","450","12000","90.0","197.0","B437*4A5129M6##","ESRtyp 100 Hz 20 C mOhm","8.5","ESRtyp 300 Hz 60 C mOhm","2.8","ESRtyp 100 Hz 20 C mOhm=8.5; ESRtyp 300 Hz 60 C mOhm=2.8","Zmax 10 kHz 20 C mOhm","14","Zmax 10 kHz 20 C mOhm=14","IAC,max 100 Hz 60 C A","61.8","IAC,R 100 Hz 85 C A","37.7","","","IAC,max 100 Hz 60 C A=61.8; IAC,R 100 Hz 85 C A=37.7","CR Case ESRtyp ESRtyp Zmax IAC,max IAC,R Ordering code | 100 Hz dimensions 100 Hz 300 Hz 10 kHz 100 Hz 100 Hz (composition see | 20 C dxl 20 C 60 C 20 C 60 C 85 C below) | uF mm mOhm mOhm mOhm A A","8.5;2.8;14;61.8;37.7","12000 90.0 x 197.0 8.5 2.8 14 61.8 37.7 B437*4A5129M6##","parsed",""
"B43704_B43724.pdf","B43704/B43724","500","820","51.6","80.7","B437*4A6827M6##","ESRtyp 100 Hz 20 C mOhm","110","ESRtyp 300 Hz 60 C mOhm","30","ESRtyp 100 Hz 20 C mOhm=110; ESRtyp 300 Hz 60 C mOhm=30","Zmax 10 kHz 20 C mOhm","170","Zmax 10 kHz 20 C mOhm=170","IAC,max 100 Hz 60 C A","9.71","IAC,R 100 Hz 85 C A","5.09","","","IAC,max 100 Hz 60 C A=9.71; IAC,R 100 Hz 85 C A=5.09","CR Case ESRtyp ESRtyp Zmax IAC,max IAC,R Ordering code | 100 Hz dimensions 100 Hz 300 Hz 10 kHz 100 Hz 100 Hz (composition see | 20 C dxl 20 C 60 C 20 C 60 C 85 C below) | uF mm mOhm mOhm mOhm A A","110;30;170;9.71;5.09","820 51.6 x 80.7 110 30 170 9.71 5.09 B437*4A6827M6##","parsed",""
"B43704_B43724.pdf","B43704/B43724","500","1000","51.6","96.7","B437*4A6108M6##","ESRtyp 100 Hz 20 C mOhm","90","ESRtyp 300 Hz 60 C mOhm","24","ESRtyp 100 Hz 20 C mOhm=90; ESRtyp 300 Hz 60 C mOhm=24","Zmax 10 kHz 20 C mOhm","140","Zmax 10 kHz 20 C mOhm=140","IAC,max 100 Hz 60 C A","11.1","IAC,R 100 Hz 85 C A","5.80","","","IAC,max 100 Hz 60 C A=11.1; IAC,R 100 Hz 85 C A=5.80","CR Case ESRtyp ESRtyp Zmax IAC,max IAC,R Ordering code | 100 Hz dimensions 100 Hz 300 Hz 10 kHz 100 Hz 100 Hz (composition see | 20 C dxl 20 C 60 C 20 C 60 C 85 C below) | uF mm mOhm mOhm mOhm A A","90;24;140;11.1;5.80","1000 51.6 x 96.7 90 24 140 11.1 5.80 B437*4A6108M6##","parsed",""
"B43704_B43724.pdf","B43704/B43724","500","1200","51.6","96.7","B437*4A6128M6##","ESRtyp 100 Hz 20 C mOhm","75","ESRtyp 300 Hz 60 C mOhm","22","ESRtyp 100 Hz 20 C mOhm=75; ESRtyp 300 Hz 60 C mOhm=22","Zmax 10 kHz 20 C mOhm","120","Zmax 10 kHz 20 C mOhm=120","IAC,max 100 Hz 60 C A","12.6","IAC,R 100 Hz 85 C A","6.57","","","IAC,max 100 Hz 60 C A=12.6; IAC,R 100 Hz 85 C A=6.57","CR Case ESRtyp ESRtyp Zmax IAC,max IAC,R Ordering code | 100 Hz dimensions 100 Hz 300 Hz 10 kHz 100 Hz 100 Hz (composition see | 20 C dxl 20 C 60 C 20 C 60 C 85 C below) | uF mm mOhm mOhm mOhm A A","75;22;120;12.6;6.57","1200 51.6 x 96.7 75 22 120 12.6 6.57 B437*4A6128M6##","parsed",""
"B43704_B43724.pdf","B43704/B43724","500","1500","51.6","118.2","B437*4A6158M6##","ESRtyp 100 Hz 20 C mOhm","60","ESRtyp 300 Hz 60 C mOhm","17","ESRtyp 100 Hz 20 C mOhm=60; ESRtyp 300 Hz 60 C mOhm=17","Zmax 10 kHz 20 C mOhm","90","Zmax 10 kHz 20 C mOhm=90","IAC,max 100 Hz 60 C A","14.7","IAC,R 100 Hz 85 C A","7.68","","","IAC,max 100 Hz 60 C A=14.7; IAC,R 100 Hz 85 C A=7.68","CR Case ESRtyp ESRtyp Zmax IAC,max IAC,R Ordering code | 100 Hz dimensions 100 Hz 300 Hz 10 kHz 100 Hz 100 Hz (composition see | 20 C dxl 20 C 60 C 20 C 60 C 85 C below) | uF mm mOhm mOhm mOhm A A","60;17;90;14.7;7.68","1500 51.6 x 118.2 60 17 90 14.7 7.68 B437*4A6158M6##","parsed",""
"B43704_B43724.pdf","B43704/B43724","500","1500","64.3","80.7","B437*4B6158M6##","ESRtyp 100 Hz 20 C mOhm","60","ESRtyp 300 Hz 60 C mOhm","18","ESRtyp 100 Hz 20 C mOhm=60; ESRtyp 300 Hz 60 C mOhm=18","Zmax 10 kHz 20 C mOhm","90","Zmax 10 kHz 20 C mOhm=90","IAC,max 100 Hz 60 C A","14.9","IAC,R 100 Hz 85 C A","7.79","","","IAC,max 100 Hz 60 C A=14.9; IAC,R 100 Hz 85 C A=7.79","CR Case ESRtyp ESRtyp Zmax IAC,max IAC,R Ordering code | 100 Hz dimensions 100 Hz 300 Hz 10 kHz 100 Hz 100 Hz (composition see | 20 C dxl 20 C 60 C 20 C 60 C 85 C below) | uF mm mOhm mOhm mOhm A A","60;18;90;14.9;7.79","1500 64.3 x 80.7 60 18 90 14.9 7.79 B437*4B6158M6##","parsed",""
"B43704_B43724.pdf","B43704/B43724","500","1800","51.6","130.7","B437*4A6188M6##","ESRtyp 100 Hz 20 C mOhm","50","ESRtyp 300 Hz 60 C mOhm","14","ESRtyp 100 Hz 20 C mOhm=50; ESRtyp 300 Hz 60 C mOhm=14","Zmax 10 kHz 20 C mOhm","75","Zmax 10 kHz 20 C mOhm=75","IAC,max 100 Hz 60 C A","16.8","IAC,R 100 Hz 85 C A","8.77","","","IAC,max 100 Hz 60 C A=16.8; IAC,R 100 Hz 85 C A=8.77","CR Case ESRtyp ESRtyp Zmax IAC,max IAC,R Ordering code | 100 Hz dimensions 100 Hz 300 Hz 10 kHz 100 Hz 100 Hz (composition see | 20 C dxl 20 C 60 C 20 C 60 C 85 C below) | uF mm mOhm mOhm mOhm A A","50;14;75;16.8;8.77","1800 51.6 x 130.7 50 14 75 16.8 8.77 B437*4A6188M6##","parsed",""
"B43704_B43724.pdf","B43704/B43724","500","1800","64.3","96.7","B437*4B6188M6##","ESRtyp 100 Hz 20 C mOhm","50","ESRtyp 300 Hz 60 C mOhm","15","ESRtyp 100 Hz 20 C mOhm=50; ESRtyp 300 Hz 60 C mOhm=15","Zmax 10 kHz 20 C mOhm","75","Zmax 10 kHz 20 C mOhm=75","IAC,max 100 Hz 60 C A","16.8","IAC,R 100 Hz 85 C A","8.77","","","IAC,max 100 Hz 60 C A=16.8; IAC,R 100 Hz 85 C A=8.77","CR Case ESRtyp ESRtyp Zmax IAC,max IAC,R Ordering code | 100 Hz dimensions 100 Hz 300 Hz 10 kHz 100 Hz 100 Hz (composition see | 20 C dxl 20 C 60 C 20 C 60 C 85 C below) | uF mm mOhm mOhm mOhm A A","50;15;75;16.8;8.77","1800 64.3 x 96.7 50 15 75 16.8 8.77 B437*4B6188M6##","parsed",""
"B43704_B43724.pdf","B43704/B43724","500","2200","64.3","105.7","B437*4A6228M6##","ESRtyp 100 Hz 20 C mOhm","40","ESRtyp 300 Hz 60 C mOhm","12","ESRtyp 100 Hz 20 C mOhm=40; ESRtyp 300 Hz 60 C mOhm=12","Zmax 10 kHz 20 C mOhm","65","Zmax 10 kHz 20 C mOhm=65","IAC,max 100 Hz 60 C A","19.2","IAC,R 100 Hz 85 C A","10.0","","","IAC,max 100 Hz 60 C A=19.2; IAC,R 100 Hz 85 C A=10.0","CR Case ESRtyp ESRtyp Zmax IAC,max IAC,R Ordering code | 100 Hz dimensions 100 Hz 300 Hz 10 kHz 100 Hz 100 Hz (composition see | 20 C dxl 20 C 60 C 20 C 60 C 85 C below) | uF mm mOhm mOhm mOhm A A","40;12;65;19.2;10.0","2200 64.3 x 105.7 40 12 65 19.2 10.0 B437*4A6228M6##","parsed",""
"B43704_B43724.pdf","B43704/B43724","500","2700","64.3","118.2","B437*4A6278M6##","ESRtyp 100 Hz 20 C mOhm","34","ESRtyp 300 Hz 60 C mOhm","10","ESRtyp 100 Hz 20 C mOhm=34; ESRtyp 300 Hz 60 C mOhm=10","Zmax 10 kHz 20 C mOhm","55","Zmax 10 kHz 20 C mOhm=55","IAC,max 100 Hz 60 C A","22.0","IAC,R 100 Hz 85 C A","11.5","","","IAC,max 100 Hz 60 C A=22.0; IAC,R 100 Hz 85 C A=11.5","CR Case ESRtyp ESRtyp Zmax IAC,max IAC,R Ordering code | 100 Hz dimensions 100 Hz 300 Hz 10 kHz 100 Hz 100 Hz (composition see | 20 C dxl 20 C 60 C 20 C 60 C 85 C below) | uF mm mOhm mOhm mOhm A A","34;10;55;22.0;11.5","2700 64.3 x 118.2 34 10 55 22.0 11.5 B437*4A6278M6##","parsed",""
"B43704_B43724.pdf","B43704/B43724","500","2700","76.9","96.7","B437*4B6278M6##","ESRtyp 100 Hz 20 C mOhm","34","ESRtyp 300 Hz 60 C mOhm","10","ESRtyp 100 Hz 20 C mOhm=34; ESRtyp 300 Hz 60 C mOhm=10","Zmax 10 kHz 20 C mOhm","55","Zmax 10 kHz 20 C mOhm=55","IAC,max 100 Hz 60 C A","22.9","IAC,R 100 Hz 85 C A","11.9","","","IAC,max 100 Hz 60 C A=22.9; IAC,R 100 Hz 85 C A=11.9","CR Case ESRtyp ESRtyp Zmax IAC,max IAC,R Ordering code | 100 Hz dimensions 100 Hz 300 Hz 10 kHz 100 Hz 100 Hz (composition see | 20 C dxl 20 C 60 C 20 C 60 C 85 C below) | uF mm mOhm mOhm mOhm A A","34;10;55;22.9;11.9","2700 76.9 x 96.7 34 10 55 22.9 11.9 B437*4B6278M6##","parsed",""
"B43704_B43724.pdf","B43704/B43724","500","3300","64.3","143.2","B437*4A6338M6##","ESRtyp 100 Hz 20 C mOhm","28","ESRtyp 300 Hz 60 C mOhm","8.3","ESRtyp 100 Hz 20 C mOhm=28; ESRtyp 300 Hz 60 C mOhm=8.3","Zmax 10 kHz 20 C mOhm","45","Zmax 10 kHz 20 C mOhm=45","IAC,max 100 Hz 60 C A","25.4","IAC,R 100 Hz 85 C A","13.2","","","IAC,max 100 Hz 60 C A=25.4; IAC,R 100 Hz 85 C A=13.2","CR Case ESRtyp ESRtyp Zmax IAC,max IAC,R Ordering code | 100 Hz dimensions 100 Hz 300 Hz 10 kHz 100 Hz 100 Hz (composition see | 20 C dxl 20 C 60 C 20 C 60 C 85 C below) | uF mm mOhm mOhm mOhm A A","28;8.3;45;25.4;13.2","3300 64.3 x 143.2 28 8.3 45 25.4 13.2 B437*4A6338M6##","parsed",""
"B43704_B43724.pdf","B43704/B43724","500","3300","76.9","118.2","B437*4B6338M6##","ESRtyp 100 Hz 20 C mOhm","28","ESRtyp 300 Hz 60 C mOhm","8.4","ESRtyp 100 Hz 20 C mOhm=28; ESRtyp 300 Hz 60 C mOhm=8.4","Zmax 10 kHz 20 C mOhm","45","Zmax 10 kHz 20 C mOhm=45","IAC,max 100 Hz 60 C A","26.0","IAC,R 100 Hz 85 C A","13.5","","","IAC,max 100 Hz 60 C A=26.0; IAC,R 100 Hz 85 C A=13.5","CR Case ESRtyp ESRtyp Zmax IAC,max IAC,R Ordering code | 100 Hz dimensions 100 Hz 300 Hz 10 kHz 100 Hz 100 Hz (composition see | 20 C dxl 20 C 60 C 20 C 60 C 85 C below) | uF mm mOhm mOhm mOhm A A","28;8.4;45;26.0;13.5","3300 76.9 x 118.2 28 8.4 45 26.0 13.5 B437*4B6338M6##","parsed",""
"B43704_B43724.pdf","B43704/B43724","500","3900","76.9","130.7","B437*4A6398M6##","ESRtyp 100 Hz 20 C mOhm","24","ESRtyp 300 Hz 60 C mOhm","7.2","ESRtyp 100 Hz 20 C mOhm=24; ESRtyp 300 Hz 60 C mOhm=7.2","Zmax 10 kHz 20 C mOhm","36","Zmax 10 kHz 20 C mOhm=36","IAC,max 100 Hz 60 C A","29.0","IAC,R 100 Hz 85 C A","15.1","","","IAC,max 100 Hz 60 C A=29.0; IAC,R 100 Hz 85 C A=15.1","CR Case ESRtyp ESRtyp Zmax IAC,max IAC,R Ordering code | 100 Hz dimensions 100 Hz 300 Hz 10 kHz 100 Hz 100 Hz (composition see | 20 C dxl 20 C 60 C 20 C 60 C 85 C below) | uF mm mOhm mOhm mOhm A A","24;7.2;36;29.0;15.1","3900 76.9 x 130.7 24 7.2 36 29.0 15.1 B437*4A6398M6##","parsed",""
"B43704_B43724.pdf","B43704/B43724","500","4700","76.9","143.2","B437*4A6478M6##","ESRtyp 100 Hz 20 C mOhm","20","ESRtyp 300 Hz 60 C mOhm","6.2","ESRtyp 100 Hz 20 C mOhm=20; ESRtyp 300 Hz 60 C mOhm=6.2","Zmax 10 kHz 20 C mOhm","30","Zmax 10 kHz 20 C mOhm=30","IAC,max 100 Hz 60 C A","32.8","IAC,R 100 Hz 85 C A","17.1","","","IAC,max 100 Hz 60 C A=32.8; IAC,R 100 Hz 85 C A=17.1","CR Case ESRtyp ESRtyp Zmax IAC,max IAC,R Ordering code | 100 Hz dimensions 100 Hz 300 Hz 10 kHz 100 Hz 100 Hz (composition see | 20 C dxl 20 C 60 C 20 C 60 C 85 C below) | uF mm mOhm mOhm mOhm A A","20;6.2;30;32.8;17.1","4700 76.9 x 143.2 20 6.2 30 32.8 17.1 B437*4A6478M6##","parsed",""
"B43704_B43724.pdf","B43704/B43724","500","4700","90.0","120.0","B437*4B6478M6##","ESRtyp 100 Hz 20 C mOhm","20","ESRtyp 300 Hz 60 C mOhm","6.0","ESRtyp 100 Hz 20 C mOhm=20; ESRtyp 300 Hz 60 C mOhm=6.0","Zmax 10 kHz 20 C mOhm","30","Zmax 10 kHz 20 C mOhm=30","IAC,max 100 Hz 60 C A","35.1","IAC,R 100 Hz 85 C A","18.7","","","IAC,max 100 Hz 60 C A=35.1; IAC,R 100 Hz 85 C A=18.7","CR Case ESRtyp ESRtyp Zmax IAC,max IAC,R Ordering code | 100 Hz dimensions 100 Hz 300 Hz 10 kHz 100 Hz 100 Hz (composition see | 20 C dxl 20 C 60 C 20 C 60 C 85 C below) | uF mm mOhm mOhm mOhm A A","20;6.0;30;35.1;18.7","4700 90.0 x 120.0 20 6.0 30 35.1 18.7 B437*4B6478M6##","parsed",""
"B43704_B43724.pdf","B43704/B43724","500","5600","76.9","168.7","B437*4A6568M6##","ESRtyp 100 Hz 20 C mOhm","17","ESRtyp 300 Hz 60 C mOhm","5.2","ESRtyp 100 Hz 20 C mOhm=17; ESRtyp 300 Hz 60 C mOhm=5.2","Zmax 10 kHz 20 C mOhm","26","Zmax 10 kHz 20 C mOhm=26","IAC,max 100 Hz 60 C A","37.3","IAC,R 100 Hz 85 C A","19.9","","","IAC,max 100 Hz 60 C A=37.3; IAC,R 100 Hz 85 C A=19.9","CR Case ESRtyp ESRtyp Zmax IAC,max IAC,R Ordering code | 100 Hz dimensions 100 Hz 300 Hz 10 kHz 100 Hz 100 Hz (composition see | 20 C dxl 20 C 60 C 20 C 60 C 85 C below) | uF mm mOhm mOhm mOhm A A","17;5.2;26;37.3;19.9","5600 76.9 x 168.7 17 5.2 26 37.3 19.9 B437*4A6568M6##","parsed",""
"B43704_B43724.pdf","B43704/B43724","500","5600","90.0","144.5","B437*4B6568M6##","ESRtyp 100 Hz 20 C mOhm","17","ESRtyp 300 Hz 60 C mOhm","5.0","ESRtyp 100 Hz 20 C mOhm=17; ESRtyp 300 Hz 60 C mOhm=5.0","Zmax 10 kHz 20 C mOhm","26","Zmax 10 kHz 20 C mOhm=26","IAC,max 100 Hz 60 C A","39.0","IAC,R 100 Hz 85 C A","20.8","","","IAC,max 100 Hz 60 C A=39.0; IAC,R 100 Hz 85 C A=20.8","CR Case ESRtyp ESRtyp Zmax IAC,max IAC,R Ordering code | 100 Hz dimensions 100 Hz 300 Hz 10 kHz 100 Hz 100 Hz (composition see | 20 C dxl 20 C 60 C 20 C 60 C 85 C below) | uF mm mOhm mOhm mOhm A A","17;5.0;26;39.0;20.8","5600 90.0 x 144.5 17 5.0 26 39.0 20.8 B437*4B6568M6##","parsed",""
"B43704_B43724.pdf","B43704/B43724","500","6800","76.9","190.7","B437*4A6688M6##","ESRtyp 100 Hz 20 C mOhm","14","ESRtyp 300 Hz 60 C mOhm","4.4","ESRtyp 100 Hz 20 C mOhm=14; ESRtyp 300 Hz 60 C mOhm=4.4","Zmax 10 kHz 20 C mOhm","22","Zmax 10 kHz 20 C mOhm=22","IAC,max 100 Hz 60 C A","42.9","IAC,R 100 Hz 85 C A","22.8","","","IAC,max 100 Hz 60 C A=42.9; IAC,R 100 Hz 85 C A=22.8","CR Case ESRtyp ESRtyp Zmax IAC,max IAC,R Ordering code | 100 Hz dimensions 100 Hz 300 Hz 10 kHz 100 Hz 100 Hz (composition see | 20 C dxl 20 C 60 C 20 C 60 C 85 C below) | uF mm mOhm mOhm mOhm A A","14;4.4;22;42.9;22.8","6800 76.9 x 190.7 14 4.4 22 42.9 22.8 B437*4A6688M6##","parsed",""
"B43704_B43724.pdf","B43704/B43724","500","6800","90.0","170.0","B437*4B6688M6##","ESRtyp 100 Hz 20 C mOhm","14","ESRtyp 300 Hz 60 C mOhm","4.2","ESRtyp 100 Hz 20 C mOhm=14; ESRtyp 300 Hz 60 C mOhm=4.2","Zmax 10 kHz 20 C mOhm","22","Zmax 10 kHz 20 C mOhm=22","IAC,max 100 Hz 60 C A","44.0","IAC,R 100 Hz 85 C A","23.5","","","IAC,max 100 Hz 60 C A=44.0; IAC,R 100 Hz 85 C A=23.5","CR Case ESRtyp ESRtyp Zmax IAC,max IAC,R Ordering code | 100 Hz dimensions 100 Hz 300 Hz 10 kHz 100 Hz 100 Hz (composition see | 20 C dxl 20 C 60 C 20 C 60 C 85 C below) | uF mm mOhm mOhm mOhm A A","14;4.2;22;44.0;23.5","6800 90.0 x 170.0 14 4.2 22 44.0 23.5 B437*4B6688M6##","parsed",""
"B43704_B43724.pdf","B43704/B43724","500","8200","76.9","220.7","B437*4A6828M6##","ESRtyp 100 Hz 20 C mOhm","12","ESRtyp 300 Hz 60 C mOhm","3.8","ESRtyp 100 Hz 20 C mOhm=12; ESRtyp 300 Hz 60 C mOhm=3.8","Zmax 10 kHz 20 C mOhm","18","Zmax 10 kHz 20 C mOhm=18","IAC,max 100 Hz 60 C A","49.2","IAC,R 100 Hz 85 C A","26.2","","","IAC,max 100 Hz 60 C A=49.2; IAC,R 100 Hz 85 C A=26.2","CR Case ESRtyp ESRtyp Zmax IAC,max IAC,R Ordering code | 100 Hz dimensions 100 Hz 300 Hz 10 kHz 100 Hz 100 Hz (composition see | 20 C dxl 20 C 60 C 20 C 60 C 85 C below) | uF mm mOhm mOhm mOhm A A","12;3.8;18;49.2;26.2","8200 76.9 x 220.7 12 3.8 18 49.2 26.2 B437*4A6828M6##","parsed",""
"B43704_B43724.pdf","B43704/B43724","500","8200","90.0","197.0","B437*4B6828M6##","ESRtyp 100 Hz 20 C mOhm","11","ESRtyp 300 Hz 60 C mOhm","3.6","ESRtyp 100 Hz 20 C mOhm=11; ESRtyp 300 Hz 60 C mOhm=3.6","Zmax 10 kHz 20 C mOhm","18","Zmax 10 kHz 20 C mOhm=18","IAC,max 100 Hz 60 C A","49.7","IAC,R 100 Hz 85 C A","26.6","","","IAC,max 100 Hz 60 C A=49.7; IAC,R 100 Hz 85 C A=26.6","CR Case ESRtyp ESRtyp Zmax IAC,max IAC,R Ordering code | 100 Hz dimensions 100 Hz 300 Hz 10 kHz 100 Hz 100 Hz (composition see | 20 C dxl 20 C 60 C 20 C 60 C 85 C below) | uF mm mOhm mOhm mOhm A A","11;3.6;18;49.7;26.6","8200 90.0 x 197.0 11 3.6 18 49.7 26.6 B437*4B6828M6##","parsed",""
"B43704_B43724.pdf","B43704/B43724","500","10000","90.0","221.0","B437*4A6109M6##","ESRtyp 100 Hz 20 C mOhm","9.4","ESRtyp 300 Hz 60 C mOhm","3.0","ESRtyp 100 Hz 20 C mOhm=9.4; ESRtyp 300 Hz 60 C mOhm=3.0","Zmax 10 kHz 20 C mOhm","15","Zmax 10 kHz 20 C mOhm=15","IAC,max 100 Hz 60 C A","57.0","IAC,R 100 Hz 85 C A","30.4","","","IAC,max 100 Hz 60 C A=57.0; IAC,R 100 Hz 85 C A=30.4","CR Case ESRtyp ESRtyp Zmax IAC,max IAC,R Ordering code | 100 Hz dimensions 100 Hz 300 Hz 10 kHz 100 Hz 100 Hz (composition see | 20 C dxl 20 C 60 C 20 C 60 C 85 C below) | uF mm mOhm mOhm mOhm A A","9.4;3.0;15;57.0;30.4","10000 90.0 x 221.0 9.4 3.0 15 57.0 30.4 B437*4A6109M6##","parsed",""
"B43704_B43724.pdf","B43704/B43724","550","820","51.6","80.7","B437*4A7827M6##","ESRtyp 100 Hz 20 C mOhm","130","ESRtyp 300 Hz 60 C mOhm","34","ESRtyp 100 Hz 20 C mOhm=130; ESRtyp 300 Hz 60 C mOhm=34","Zmax 10 kHz 20 C mOhm","190","Zmax 10 kHz 20 C mOhm=190","IAC,max 100 Hz 60 C A","9.70","IAC,R 100 Hz 85 C A","4.80","","","IAC,max 100 Hz 60 C A=9.70; IAC,R 100 Hz 85 C A=4.80","CR Case ESRtyp ESRtyp Zmax IAC,max IAC,R Ordering code | 100 Hz dimensions 100 Hz 300 Hz 10 kHz 100 Hz 100 Hz (composition see | 20 C dxl 20 C 60 C 20 C 60 C 85 C below) | uF mm mOhm mOhm mOhm A A","130;34;190;9.70;4.80","820 51.6 x 80.7 130 34 190 9.70 4.80 B437*4A7827M6##","parsed",""
"B43704_B43724.pdf","B43704/B43724","550","1000","51.6","96.7","B437*4A7108M6##","ESRtyp 100 Hz 20 C mOhm","110","ESRtyp 300 Hz 60 C mOhm","28","ESRtyp 100 Hz 20 C mOhm=110; ESRtyp 300 Hz 60 C mOhm=28","Zmax 10 kHz 20 C mOhm","160","Zmax 10 kHz 20 C mOhm=160","IAC,max 100 Hz 60 C A","11.0","IAC,R 100 Hz 85 C A","5.48","","","IAC,max 100 Hz 60 C A=11.0; IAC,R 100 Hz 85 C A=5.48","CR Case ESRtyp ESRtyp Zmax IAC,max IAC,R Ordering code | 100 Hz dimensions 100 Hz 300 Hz 10 kHz 100 Hz 100 Hz (composition see | 20 C dxl 20 C 60 C 20 C 60 C 85 C below) | uF mm mOhm mOhm mOhm A A","110;28;160;11.0;5.48","1000 51.6 x 96.7 110 28 160 11.0 5.48 B437*4A7108M6##","parsed",""
"B43704_B43724.pdf","B43704/B43724","550","1200","51.6","105.7","B437*4A7128M6##","ESRtyp 100 Hz 20 C mOhm","90","ESRtyp 300 Hz 60 C mOhm","22","ESRtyp 100 Hz 20 C mOhm=90; ESRtyp 300 Hz 60 C mOhm=22","Zmax 10 kHz 20 C mOhm","130","Zmax 10 kHz 20 C mOhm=130","IAC,max 100 Hz 60 C A","12.5","IAC,R 100 Hz 85 C A","6.22","","","IAC,max 100 Hz 60 C A=12.5; IAC,R 100 Hz 85 C A=6.22","CR Case ESRtyp ESRtyp Zmax IAC,max IAC,R Ordering code | 100 Hz dimensions 100 Hz 300 Hz 10 kHz 100 Hz 100 Hz (composition see | 20 C dxl 20 C 60 C 20 C 60 C 85 C below) | uF mm mOhm mOhm mOhm A A","90;22;130;12.5;6.22","1200 51.6 x 105.7 90 22 130 12.5 6.22 B437*4A7128M6##","parsed",""
"B43704_B43724.pdf","B43704/B43724","550","1200","64.3","80.7","B437*4B7128M6##","ESRtyp 100 Hz 20 C mOhm","90","ESRtyp 300 Hz 60 C mOhm","24","ESRtyp 100 Hz 20 C mOhm=90; ESRtyp 300 Hz 60 C mOhm=24","Zmax 10 kHz 20 C mOhm","140","Zmax 10 kHz 20 C mOhm=140","IAC,max 100 Hz 60 C A","12.8","IAC,R 100 Hz 85 C A","6.37","","","IAC,max 100 Hz 60 C A=12.8; IAC,R 100 Hz 85 C A=6.37","CR Case ESRtyp ESRtyp Zmax IAC,max IAC,R Ordering code | 100 Hz dimensions 100 Hz 300 Hz 10 kHz 100 Hz 100 Hz (composition see | 20 C dxl 20 C 60 C 20 C 60 C 85 C below) | uF mm mOhm mOhm mOhm A A","90;24;140;12.8;6.37","1200 64.3 x 80.7 90 24 140 12.8 6.37 B437*4B7128M6##","parsed",""
"B43704_B43724.pdf","B43704/B43724","550","1500","51.6","130.7","B437*4A7158M6##","ESRtyp 100 Hz 20 C mOhm","70","ESRtyp 300 Hz 60 C mOhm","18","ESRtyp 100 Hz 20 C mOhm=70; ESRtyp 300 Hz 60 C mOhm=18","Zmax 10 kHz 20 C mOhm","110","Zmax 10 kHz 20 C mOhm=110","IAC,max 100 Hz 60 C A","14.6","IAC,R 100 Hz 85 C A","7.29","","","IAC,max 100 Hz 60 C A=14.6; IAC,R 100 Hz 85 C A=7.29","CR Case ESRtyp ESRtyp Zmax IAC,max IAC,R Ordering code | 100 Hz dimensions 100 Hz 300 Hz 10 kHz 100 Hz 100 Hz (composition see | 20 C dxl 20 C 60 C 20 C 60 C 85 C below) | uF mm mOhm mOhm mOhm A A","70;18;110;14.6;7.29","1500 51.6 x 130.7 70 18 110 14.6 7.29 B437*4A7158M6##","parsed",""
"B43704_B43724.pdf","B43704/B43724","550","1500","64.3","96.7","B437*4B7158M6##","ESRtyp 100 Hz 20 C mOhm","70","ESRtyp 300 Hz 60 C mOhm","18","ESRtyp 100 Hz 20 C mOhm=70; ESRtyp 300 Hz 60 C mOhm=18","Zmax 10 kHz 20 C mOhm","110","Zmax 10 kHz 20 C mOhm=110","IAC,max 100 Hz 60 C A","14.8","IAC,R 100 Hz 85 C A","7.34","","","IAC,max 100 Hz 60 C A=14.8; IAC,R 100 Hz 85 C A=7.34","CR Case ESRtyp ESRtyp Zmax IAC,max IAC,R Ordering code | 100 Hz dimensions 100 Hz 300 Hz 10 kHz 100 Hz 100 Hz (composition see | 20 C dxl 20 C 60 C 20 C 60 C 85 C below) | uF mm mOhm mOhm mOhm A A","70;18;110;14.8;7.34","1500 64.3 x 96.7 70 18 110 14.8 7.34 B437*4B7158M6##","parsed",""
"B43704_B43724.pdf","B43704/B43724","550","1800","64.3","96.7","B437*4A7188M6##","ESRtyp 100 Hz 20 C mOhm","60","ESRtyp 300 Hz 60 C mOhm","16","ESRtyp 100 Hz 20 C mOhm=60; ESRtyp 300 Hz 60 C mOhm=16","Zmax 10 kHz 20 C mOhm","90","Zmax 10 kHz 20 C mOhm=90","IAC,max 100 Hz 60 C A","16.7","IAC,R 100 Hz 85 C A","8.27","","","IAC,max 100 Hz 60 C A=16.7; IAC,R 100 Hz 85 C A=8.27","CR Case ESRtyp ESRtyp Zmax IAC,max IAC,R Ordering code | 100 Hz dimensions 100 Hz 300 Hz 10 kHz 100 Hz 100 Hz (composition see | 20 C dxl 20 C 60 C 20 C 60 C 85 C below) | uF mm mOhm mOhm mOhm A A","60;16;90;16.7;8.27","1800 64.3 x 96.7 60 16 90 16.7 8.27 B437*4A7188M6##","parsed",""
"B43704_B43724.pdf","B43704/B43724","550","2200","64.3","118.2","B437*4A7228M6##","ESRtyp 100 Hz 20 C mOhm","50","ESRtyp 300 Hz 60 C mOhm","13","ESRtyp 100 Hz 20 C mOhm=50; ESRtyp 300 Hz 60 C mOhm=13","Zmax 10 kHz 20 C mOhm","75","Zmax 10 kHz 20 C mOhm=75","IAC,max 100 Hz 60 C A","19.0","IAC,R 100 Hz 85 C A","9.45","","","IAC,max 100 Hz 60 C A=19.0; IAC,R 100 Hz 85 C A=9.45","CR Case ESRtyp ESRtyp Zmax IAC,max IAC,R Ordering code | 100 Hz dimensions 100 Hz 300 Hz 10 kHz 100 Hz 100 Hz (composition see | 20 C dxl 20 C 60 C 20 C 60 C 85 C below) | uF mm mOhm mOhm mOhm A A","50;13;75;19.0;9.45","2200 64.3 x 118.2 50 13 75 19.0 9.45 B437*4A7228M6##","parsed",""
"B43704_B43724.pdf","B43704/B43724","550","2200","76.9","96.7","B437*4B7228M6##","ESRtyp 100 Hz 20 C mOhm","50","ESRtyp 300 Hz 60 C mOhm","13","ESRtyp 100 Hz 20 C mOhm=50; ESRtyp 300 Hz 60 C mOhm=13","Zmax 10 kHz 20 C mOhm","75","Zmax 10 kHz 20 C mOhm=75","IAC,max 100 Hz 60 C A","20.0","IAC,R 100 Hz 85 C A","9.92","","","IAC,max 100 Hz 60 C A=20.0; IAC,R 100 Hz 85 C A=9.92","CR Case ESRtyp ESRtyp Zmax IAC,max IAC,R Ordering code | 100 Hz dimensions 100 Hz 300 Hz 10 kHz 100 Hz 100 Hz (composition see | 20 C dxl 20 C 60 C 20 C 60 C 85 C below) | uF mm mOhm mOhm mOhm A A","50;13;75;20.0;9.92","2200 76.9 x 96.7 50 13 75 20.0 9.92 B437*4B7228M6##","parsed",""
"B43704_B43724.pdf","B43704/B43724","550","2700","64.3","130.7","B437*4A7278M6##","ESRtyp 100 Hz 20 C mOhm","40","ESRtyp 300 Hz 60 C mOhm","11","ESRtyp 100 Hz 20 C mOhm=40; ESRtyp 300 Hz 60 C mOhm=11","Zmax 10 kHz 20 C mOhm","60","Zmax 10 kHz 20 C mOhm=60","IAC,max 100 Hz 60 C A","22.0","IAC,R 100 Hz 85 C A","10.8","","","IAC,max 100 Hz 60 C A=22.0; IAC,R 100 Hz 85 C A=10.8","CR Case ESRtyp ESRtyp Zmax IAC,max IAC,R Ordering code | 100 Hz dimensions 100 Hz 300 Hz 10 kHz 100 Hz 100 Hz (composition see | 20 C dxl 20 C 60 C 20 C 60 C 85 C below) | uF mm mOhm mOhm mOhm A A","40;11;60;22.0;10.8","2700 64.3 x 130.7 40 11 60 22.0 10.8 B437*4A7278M6##","parsed",""
"B43704_B43724.pdf","B43704/B43724","550","2700","76.9","105.7","B437*4B7278M6##","ESRtyp 100 Hz 20 C mOhm","40","ESRtyp 300 Hz 60 C mOhm","11","ESRtyp 100 Hz 20 C mOhm=40; ESRtyp 300 Hz 60 C mOhm=11","Zmax 10 kHz 20 C mOhm","60","Zmax 10 kHz 20 C mOhm=60","IAC,max 100 Hz 60 C A","22.7","IAC,R 100 Hz 85 C A","11.2","","","IAC,max 100 Hz 60 C A=22.7; IAC,R 100 Hz 85 C A=11.2","CR Case ESRtyp ESRtyp Zmax IAC,max IAC,R Ordering code | 100 Hz dimensions 100 Hz 300 Hz 10 kHz 100 Hz 100 Hz (composition see | 20 C dxl 20 C 60 C 20 C 60 C 85 C below) | uF mm mOhm mOhm mOhm A A","40;11;60;22.7;11.2","2700 76.9 x 105.7 40 11 60 22.7 11.2 B437*4B7278M6##","parsed",""
"B43704_B43724.pdf","B43704/B43724","550","3300","76.9","118.2","B437*4A7338M6##","ESRtyp 100 Hz 20 C mOhm","32","ESRtyp 300 Hz 60 C mOhm","9.1","ESRtyp 100 Hz 20 C mOhm=32; ESRtyp 300 Hz 60 C mOhm=9.1","Zmax 10 kHz 20 C mOhm","50","Zmax 10 kHz 20 C mOhm=50","IAC,max 100 Hz 60 C A","25.8","IAC,R 100 Hz 85 C A","12.7","","","IAC,max 100 Hz 60 C A=25.8; IAC,R 100 Hz 85 C A=12.7","CR Case ESRtyp ESRtyp Zmax IAC,max IAC,R Ordering code | 100 Hz dimensions 100 Hz 300 Hz 10 kHz 100 Hz 100 Hz (composition see | 20 C dxl 20 C 60 C 20 C 60 C 85 C below) | uF mm mOhm mOhm mOhm A A","32;9.1;50;25.8;12.7","3300 76.9 x 118.2 32 9.1 50 25.8 12.7 B437*4A7338M6##","parsed",""
"B43704_B43724.pdf","B43704/B43724","550","3900","76.9","143.2","B437*4A7398M6##","ESRtyp 100 Hz 20 C mOhm","28","ESRtyp 300 Hz 60 C mOhm","7.7","ESRtyp 100 Hz 20 C mOhm=28; ESRtyp 300 Hz 60 C mOhm=7.7","Zmax 10 kHz 20 C mOhm","45","Zmax 10 kHz 20 C mOhm=45","IAC,max 100 Hz 60 C A","28.8","IAC,R 100 Hz 85 C A","14.2","","","IAC,max 100 Hz 60 C A=28.8; IAC,R 100 Hz 85 C A=14.2","CR Case ESRtyp ESRtyp Zmax IAC,max IAC,R Ordering code | 100 Hz dimensions 100 Hz 300 Hz 10 kHz 100 Hz 100 Hz (composition see | 20 C dxl 20 C 60 C 20 C 60 C 85 C below) | uF mm mOhm mOhm mOhm A A","28;7.7;45;28.8;14.2","3900 76.9 x 143.2 28 7.7 45 28.8 14.2 B437*4A7398M6##","parsed",""
"B43704_B43724.pdf","B43704/B43724","550","3900","90.0","120.0","B437*4B7398M6##","ESRtyp 100 Hz 20 C mOhm","28","ESRtyp 300 Hz 60 C mOhm","7.5","ESRtyp 100 Hz 20 C mOhm=28; ESRtyp 300 Hz 60 C mOhm=7.5","Zmax 10 kHz 20 C mOhm","45","Zmax 10 kHz 20 C mOhm=45","IAC,max 100 Hz 60 C A","30.9","IAC,R 100 Hz 85 C A","15.7","","","IAC,max 100 Hz 60 C A=30.9; IAC,R 100 Hz 85 C A=15.7","CR Case ESRtyp ESRtyp Zmax IAC,max IAC,R Ordering code | 100 Hz dimensions 100 Hz 300 Hz 10 kHz 100 Hz 100 Hz (composition see | 20 C dxl 20 C 60 C 20 C 60 C 85 C below) | uF mm mOhm mOhm mOhm A A","28;7.5;45;30.9;15.7","3900 90.0 x 120.0 28 7.5 45 30.9 15.7 B437*4B7398M6##","parsed",""
"B43704_B43724.pdf","B43704/B43724","550","4700","76.9","156.2","B437*4A7478M6##","ESRtyp 100 Hz 20 C mOhm","24","ESRtyp 300 Hz 60 C mOhm","6.5","ESRtyp 100 Hz 20 C mOhm=24; ESRtyp 300 Hz 60 C mOhm=6.5","Zmax 10 kHz 20 C mOhm","36","Zmax 10 kHz 20 C mOhm=36","IAC,max 100 Hz 60 C A","32.7","IAC,R 100 Hz 85 C A","16.2","","","IAC,max 100 Hz 60 C A=32.7; IAC,R 100 Hz 85 C A=16.2","CR Case ESRtyp ESRtyp Zmax IAC,max IAC,R Ordering code | 100 Hz dimensions 100 Hz 300 Hz 10 kHz 100 Hz 100 Hz (composition see | 20 C dxl 20 C 60 C 20 C 60 C 85 C below) | uF mm mOhm mOhm mOhm A A","24;6.5;36;32.7;16.2","4700 76.9 x 156.2 24 6.5 36 32.7 16.2 B437*4A7478M6##","parsed",""
"B43704_B43724.pdf","B43704/B43724","550","4700","90.0","144.5","B437*4B7478M6##","ESRtyp 100 Hz 20 C mOhm","22","ESRtyp 300 Hz 60 C mOhm","6.2","ESRtyp 100 Hz 20 C mOhm=22; ESRtyp 300 Hz 60 C mOhm=6.2","Zmax 10 kHz 20 C mOhm","34","Zmax 10 kHz 20 C mOhm=34","IAC,max 100 Hz 60 C A","34.5","IAC,R 100 Hz 85 C A","17.5","","","IAC,max 100 Hz 60 C A=34.5; IAC,R 100 Hz 85 C A=17.5","CR Case ESRtyp ESRtyp Zmax IAC,max IAC,R Ordering code | 100 Hz dimensions 100 Hz 300 Hz 10 kHz 100 Hz 100 Hz (composition see | 20 C dxl 20 C 60 C 20 C 60 C 85 C below) | uF mm mOhm mOhm mOhm A A","22;6.2;34;34.5;17.5","4700 90.0 x 144.5 22 6.2 34 34.5 17.5 B437*4B7478M6##","parsed",""
"B43704_B43724.pdf","B43704/B43724","550","5600","76.9","190.7","B437*4A7568M6##","ESRtyp 100 Hz 20 C mOhm","19","ESRtyp 300 Hz 60 C mOhm","5.5","ESRtyp 100 Hz 20 C mOhm=19; ESRtyp 300 Hz 60 C mOhm=5.5","Zmax 10 kHz 20 C mOhm","30","Zmax 10 kHz 20 C mOhm=30","IAC,max 100 Hz 60 C A","37.1","IAC,R 100 Hz 85 C A","18.8","","","IAC,max 100 Hz 60 C A=37.1; IAC,R 100 Hz 85 C A=18.8","CR Case ESRtyp ESRtyp Zmax IAC,max IAC,R Ordering code | 100 Hz dimensions 100 Hz 300 Hz 10 kHz 100 Hz 100 Hz (composition see | 20 C dxl 20 C 60 C 20 C 60 C 85 C below) | uF mm mOhm mOhm mOhm A A","19;5.5;30;37.1;18.8","5600 76.9 x 190.7 19 5.5 30 37.1 18.8 B437*4A7568M6##","parsed",""
"B43704_B43724.pdf","B43704/B43724","550","5600","90.0","144.5","B437*4B7568M6##","ESRtyp 100 Hz 20 C mOhm","19","ESRtyp 300 Hz 60 C mOhm","5.5","ESRtyp 100 Hz 20 C mOhm=19; ESRtyp 300 Hz 60 C mOhm=5.5","Zmax 10 kHz 20 C mOhm","30","Zmax 10 kHz 20 C mOhm=30","IAC,max 100 Hz 60 C A","38.8","IAC,R 100 Hz 85 C A","19.7","","","IAC,max 100 Hz 60 C A=38.8; IAC,R 100 Hz 85 C A=19.7","CR Case ESRtyp ESRtyp Zmax IAC,max IAC,R Ordering code | 100 Hz dimensions 100 Hz 300 Hz 10 kHz 100 Hz 100 Hz (composition see | 20 C dxl 20 C 60 C 20 C 60 C 85 C below) | uF mm mOhm mOhm mOhm A A","19;5.5;30;38.8;19.7","5600 90.0 x 144.5 19 5.5 30 38.8 19.7 B437*4B7568M6##","parsed",""
"B43704_B43724.pdf","B43704/B43724","550","6800","76.9","220.7","B437*4A7688M6##","ESRtyp 100 Hz 20 C mOhm","16","ESRtyp 300 Hz 60 C mOhm","4.6","ESRtyp 100 Hz 20 C mOhm=16; ESRtyp 300 Hz 60 C mOhm=4.6","Zmax 10 kHz 20 C mOhm","26","Zmax 10 kHz 20 C mOhm=26","IAC,max 100 Hz 60 C A","42.7","IAC,R 100 Hz 85 C A","21.7","","","IAC,max 100 Hz 60 C A=42.7; IAC,R 100 Hz 85 C A=21.7","CR Case ESRtyp ESRtyp Zmax IAC,max IAC,R Ordering code | 100 Hz dimensions 100 Hz 300 Hz 10 kHz 100 Hz 100 Hz (composition see | 20 C dxl 20 C 60 C 20 C 60 C 85 C below) | uF mm mOhm mOhm mOhm A A","16;4.6;26;42.7;21.7","6800 76.9 x 220.7 16 4.6 26 42.7 21.7 B437*4A7688M6##","parsed",""
"B43704_B43724.pdf","B43704/B43724","550","6800","90.0","170.0","B437*4B7688M6##","ESRtyp 100 Hz 20 C mOhm","16","ESRtyp 300 Hz 60 C mOhm","4.6","ESRtyp 100 Hz 20 C mOhm=16; ESRtyp 300 Hz 60 C mOhm=4.6","Zmax 10 kHz 20 C mOhm","26","Zmax 10 kHz 20 C mOhm=26","IAC,max 100 Hz 60 C A","43.9","IAC,R 100 Hz 85 C A","22.3","","","IAC,max 100 Hz 60 C A=43.9; IAC,R 100 Hz 85 C A=22.3","CR Case ESRtyp ESRtyp Zmax IAC,max IAC,R Ordering code | 100 Hz dimensions 100 Hz 300 Hz 10 kHz 100 Hz 100 Hz (composition see | 20 C dxl 20 C 60 C 20 C 60 C 85 C below) | uF mm mOhm mOhm mOhm A A","16;4.6;26;43.9;22.3","6800 90.0 x 170.0 16 4.6 26 43.9 22.3 B437*4B7688M6##","parsed",""
"B43704_B43724.pdf","B43704/B43724","550","8200","90.0","197.0","B437*4A7828M6##","ESRtyp 100 Hz 20 C mOhm","13","ESRtyp 300 Hz 60 C mOhm","3.8","ESRtyp 100 Hz 20 C mOhm=13; ESRtyp 300 Hz 60 C mOhm=3.8","Zmax 10 kHz 20 C mOhm","22","Zmax 10 kHz 20 C mOhm=22","IAC,max 100 Hz 60 C A","49.7","IAC,R 100 Hz 85 C A","25.2","","","IAC,max 100 Hz 60 C A=49.7; IAC,R 100 Hz 85 C A=25.2","CR Case ESRtyp ESRtyp Zmax IAC,max IAC,R Ordering code | 100 Hz dimensions 100 Hz 300 Hz 10 kHz 100 Hz 100 Hz (composition see | 20 C dxl 20 C 60 C 20 C 60 C 85 C below) | uF mm mOhm mOhm mOhm A A","13;3.8;22;49.7;25.2","8200 90.0 x 197.0 13 3.8 22 49.7 25.2 B437*4A7828M6##","parsed",""
"B43705_B43725.pdf","B43705/B43725","350","1800","51.6","80.7","B437*5A4188M6##","ESRtyp 100 Hz 20 C mOhm","40","ESRtyp 300 Hz 60 C mOhm","12","ESRtyp 100 Hz 20 C mOhm=40; ESRtyp 300 Hz 60 C mOhm=12","Zmax 10 kHz 20 C mOhm","60","Zmax 10 kHz 20 C mOhm=60","IAC,max 100 Hz 60 C A","15.3","IAC,R 100 Hz 85 C A","9.51","","","IAC,max 100 Hz 60 C A=15.3; IAC,R 100 Hz 85 C A=9.51","CR Case ESRtyp ESRtyp Zmax IAC,max IAC,R Ordering code | 100 Hz dimensions 100 Hz 300 Hz 10 kHz 100 Hz 100 Hz (composition see | 20 C dxl 20 C 60 C 20 C 60 C 85 C below) | uF mm mOhm mOhm mOhm A A","40;12;60;15.3;9.51","1800 51.6 x 80.7 40 12 60 15.3 9.51 B437*5A4188M6##","parsed",""
"B43705_B43725.pdf","B43705/B43725","350","2200","51.6","96.7","B437*5A4228M6##","ESRtyp 100 Hz 20 C mOhm","32","ESRtyp 300 Hz 60 C mOhm","10","ESRtyp 100 Hz 20 C mOhm=32; ESRtyp 300 Hz 60 C mOhm=10","Zmax 10 kHz 20 C mOhm","50","Zmax 10 kHz 20 C mOhm=50","IAC,max 100 Hz 60 C A","17.4","IAC,R 100 Hz 85 C A","10.8","","","IAC,max 100 Hz 60 C A=17.4; IAC,R 100 Hz 85 C A=10.8","CR Case ESRtyp ESRtyp Zmax IAC,max IAC,R Ordering code | 100 Hz dimensions 100 Hz 300 Hz 10 kHz 100 Hz 100 Hz (composition see | 20 C dxl 20 C 60 C 20 C 60 C 85 C below) | uF mm mOhm mOhm mOhm A A","32;10;50;17.4;10.8","2200 51.6 x 96.7 32 10 50 17.4 10.8 B437*5A4228M6##","parsed",""
"B43705_B43725.pdf","B43705/B43725","350","2700","51.6","105.7","B437*5A4278M6##","ESRtyp 100 Hz 20 C mOhm","28","ESRtyp 300 Hz 60 C mOhm","8.4","ESRtyp 100 Hz 20 C mOhm=28; ESRtyp 300 Hz 60 C mOhm=8.4","Zmax 10 kHz 20 C mOhm","38","Zmax 10 kHz 20 C mOhm=38","IAC,max 100 Hz 60 C A","20.0","IAC,R 100 Hz 85 C A","12.5","","","IAC,max 100 Hz 60 C A=20.0; IAC,R 100 Hz 85 C A=12.5","CR Case ESRtyp ESRtyp Zmax IAC,max IAC,R Ordering code | 100 Hz dimensions 100 Hz 300 Hz 10 kHz 100 Hz 100 Hz (composition see | 20 C dxl 20 C 60 C 20 C 60 C 85 C below) | uF mm mOhm mOhm mOhm A A","28;8.4;38;20.0;12.5","2700 51.6 x 105.7 28 8.4 38 20.0 12.5 B437*5A4278M6##","parsed",""
"B43705_B43725.pdf","B43705/B43725","350","3300","51.6","118.2","B437*5A4338M6##","ESRtyp 100 Hz 20 C mOhm","22","ESRtyp 300 Hz 60 C mOhm","7.0","ESRtyp 100 Hz 20 C mOhm=22; ESRtyp 300 Hz 60 C mOhm=7.0","Zmax 10 kHz 20 C mOhm","32","Zmax 10 kHz 20 C mOhm=32","IAC,max 100 Hz 60 C A","23.1","IAC,R 100 Hz 85 C A","14.3","","","IAC,max 100 Hz 60 C A=23.1; IAC,R 100 Hz 85 C A=14.3","CR Case ESRtyp ESRtyp Zmax IAC,max IAC,R Ordering code | 100 Hz dimensions 100 Hz 300 Hz 10 kHz 100 Hz 100 Hz (composition see | 20 C dxl 20 C 60 C 20 C 60 C 85 C below) | uF mm mOhm mOhm mOhm A A","22;7.0;32;23.1;14.3","3300 51.6 x 118.2 22 7.0 32 23.1 14.3 B437*5A4338M6##","parsed",""
"B43705_B43725.pdf","B43705/B43725","350","3300","64.3","80.7","B437*5B4338M6##","ESRtyp 100 Hz 20 C mOhm","22","ESRtyp 300 Hz 60 C mOhm","7.5","ESRtyp 100 Hz 20 C mOhm=22; ESRtyp 300 Hz 60 C mOhm=7.5","Zmax 10 kHz 20 C mOhm","32","Zmax 10 kHz 20 C mOhm=32","IAC,max 100 Hz 60 C A","22.9","IAC,R 100 Hz 85 C A","14.2","","","IAC,max 100 Hz 60 C A=22.9; IAC,R 100 Hz 85 C A=14.2","CR Case ESRtyp ESRtyp Zmax IAC,max IAC,R Ordering code | 100 Hz dimensions 100 Hz 300 Hz 10 kHz 100 Hz 100 Hz (composition see | 20 C dxl 20 C 60 C 20 C 60 C 85 C below) | uF mm mOhm mOhm mOhm A A","22;7.5;32;22.9;14.2","3300 64.3 x 80.7 22 7.5 32 22.9 14.2 B437*5B4338M6##","parsed",""
"B43705_B43725.pdf","B43705/B43725","350","3900","51.6","130.7","B437*5A4398M6##","ESRtyp 100 Hz 20 C mOhm","19","ESRtyp 300 Hz 60 C mOhm","6.1","ESRtyp 100 Hz 20 C mOhm=19; ESRtyp 300 Hz 60 C mOhm=6.1","Zmax 10 kHz 20 C mOhm","28","Zmax 10 kHz 20 C mOhm=28","IAC,max 100 Hz 60 C A","26.1","IAC,R 100 Hz 85 C A","16.2","","","IAC,max 100 Hz 60 C A=26.1; IAC,R 100 Hz 85 C A=16.2","CR Case ESRtyp ESRtyp Zmax IAC,max IAC,R Ordering code | 100 Hz dimensions 100 Hz 300 Hz 10 kHz 100 Hz 100 Hz (composition see | 20 C dxl 20 C 60 C 20 C 60 C 85 C below) | uF mm mOhm mOhm mOhm A A","19;6.1;28;26.1;16.2","3900 51.6 x 130.7 19 6.1 28 26.1 16.2 B437*5A4398M6##","parsed",""
"B43705_B43725.pdf","B43705/B43725","350","3900","64.3","96.7","B437*5B4398M6##","ESRtyp 100 Hz 20 C mOhm","19","ESRtyp 300 Hz 60 C mOhm","6.3","ESRtyp 100 Hz 20 C mOhm=19; ESRtyp 300 Hz 60 C mOhm=6.3","Zmax 10 kHz 20 C mOhm","28","Zmax 10 kHz 20 C mOhm=28","IAC,max 100 Hz 60 C A","25.6","IAC,R 100 Hz 85 C A","15.9","","","IAC,max 100 Hz 60 C A=25.6; IAC,R 100 Hz 85 C A=15.9","CR Case ESRtyp ESRtyp Zmax IAC,max IAC,R Ordering code | 100 Hz dimensions 100 Hz 300 Hz 10 kHz 100 Hz 100 Hz (composition see | 20 C dxl 20 C 60 C 20 C 60 C 85 C below) | uF mm mOhm mOhm mOhm A A","19;6.3;28;25.6;15.9","3900 64.3 x 96.7 19 6.3 28 25.6 15.9 B437*5B4398M6##","parsed",""
"B43705_B43725.pdf","B43705/B43725","350","4700","64.3","105.7","B437*5A4478M6##","ESRtyp 100 Hz 20 C mOhm","16","ESRtyp 300 Hz 60 C mOhm","5.4","ESRtyp 100 Hz 20 C mOhm=16; ESRtyp 300 Hz 60 C mOhm=5.4","Zmax 10 kHz 20 C mOhm","24","Zmax 10 kHz 20 C mOhm=24","IAC,max 100 Hz 60 C A","28.9","IAC,R 100 Hz 85 C A","17.9","","","IAC,max 100 Hz 60 C A=28.9; IAC,R 100 Hz 85 C A=17.9","CR Case ESRtyp ESRtyp Zmax IAC,max IAC,R Ordering code | 100 Hz dimensions 100 Hz 300 Hz 10 kHz 100 Hz 100 Hz (composition see | 20 C dxl 20 C 60 C 20 C 60 C 85 C below) | uF mm mOhm mOhm mOhm A A","16;5.4;24;28.9;17.9","4700 64.3 x 105.7 16 5.4 24 28.9 17.9 B437*5A4478M6##","parsed",""
"B43705_B43725.pdf","B43705/B43725","350","5600","64.3","118.2","B437*5A4568M6##","ESRtyp 100 Hz 20 C mOhm","14","ESRtyp 300 Hz 60 C mOhm","4.6","ESRtyp 100 Hz 20 C mOhm=14; ESRtyp 300 Hz 60 C mOhm=4.6","Zmax 10 kHz 20 C mOhm","19","Zmax 10 kHz 20 C mOhm=19","IAC,max 100 Hz 60 C A","32.5","IAC,R 100 Hz 85 C A","20.2","","","IAC,max 100 Hz 60 C A=32.5; IAC,R 100 Hz 85 C A=20.2","CR Case ESRtyp ESRtyp Zmax IAC,max IAC,R Ordering code | 100 Hz dimensions 100 Hz 300 Hz 10 kHz 100 Hz 100 Hz (composition see | 20 C dxl 20 C 60 C 20 C 60 C 85 C below) | uF mm mOhm mOhm mOhm A A","14;4.6;19;32.5;20.2","5600 64.3 x 118.2 14 4.6 19 32.5 20.2 B437*5A4568M6##","parsed",""
"B43705_B43725.pdf","B43705/B43725","350","5600","76.9","105.7","B437*5B4568M6##","ESRtyp 100 Hz 20 C mOhm","13","ESRtyp 300 Hz 60 C mOhm","4.2","ESRtyp 100 Hz 20 C mOhm=13; ESRtyp 300 Hz 60 C mOhm=4.2","Zmax 10 kHz 20 C mOhm","18","Zmax 10 kHz 20 C mOhm=18","IAC,max 100 Hz 60 C A","35.4","IAC,R 100 Hz 85 C A","22.0","","","IAC,max 100 Hz 60 C A=35.4; IAC,R 100 Hz 85 C A=22.0","CR Case ESRtyp ESRtyp Zmax IAC,max IAC,R Ordering code | 100 Hz dimensions 100 Hz 300 Hz 10 kHz 100 Hz 100 Hz (composition see | 20 C dxl 20 C 60 C 20 C 60 C 85 C below) | uF mm mOhm mOhm mOhm A A","13;4.2;18;35.4;22.0","5600 76.9 x 105.7 13 4.2 18 35.4 22.0 B437*5B4568M6##","parsed",""
"B43705_B43725.pdf","B43705/B43725","350","6800","64.3","143.2","B437*5A4688M6##","ESRtyp 100 Hz 20 C mOhm","11","ESRtyp 300 Hz 60 C mOhm","3.9","ESRtyp 100 Hz 20 C mOhm=11; ESRtyp 300 Hz 60 C mOhm=3.9","Zmax 10 kHz 20 C mOhm","16","Zmax 10 kHz 20 C mOhm=16","IAC,max 100 Hz 60 C A","37.3","IAC,R 100 Hz 85 C A","23.2","","","IAC,max 100 Hz 60 C A=37.3; IAC,R 100 Hz 85 C A=23.2","CR Case ESRtyp ESRtyp Zmax IAC,max IAC,R Ordering code | 100 Hz dimensions 100 Hz 300 Hz 10 kHz 100 Hz 100 Hz (composition see | 20 C dxl 20 C 60 C 20 C 60 C 85 C below) | uF mm mOhm mOhm mOhm A A","11;3.9;16;37.3;23.2","6800 64.3 x 143.2 11 3.9 16 37.3 23.2 B437*5A4688M6##","parsed",""
"B43705_B43725.pdf","B43705/B43725","350","6800","76.9","118.2","B437*5B4688M6##","ESRtyp 100 Hz 20 C mOhm","11","ESRtyp 300 Hz 60 C mOhm","3.5","ESRtyp 100 Hz 20 C mOhm=11; ESRtyp 300 Hz 60 C mOhm=3.5","Zmax 10 kHz 20 C mOhm","15","Zmax 10 kHz 20 C mOhm=15","IAC,max 100 Hz 60 C A","40.0","IAC,R 100 Hz 85 C A","24.8","","","IAC,max 100 Hz 60 C A=40.0; IAC,R 100 Hz 85 C A=24.8","CR Case ESRtyp ESRtyp Zmax IAC,max IAC,R Ordering code | 100 Hz dimensions 100 Hz 300 Hz 10 kHz 100 Hz 100 Hz (composition see | 20 C dxl 20 C 60 C 20 C 60 C 85 C below) | uF mm mOhm mOhm mOhm A A","11;3.5;15;40.0;24.8","6800 76.9 x 118.2 11 3.5 15 40.0 24.8 B437*5B4688M6##","parsed",""
"B43705_B43725.pdf","B43705/B43725","350","8200","76.9","143.2","B437*5A4828M6##","ESRtyp 100 Hz 20 C mOhm","9.0","ESRtyp 300 Hz 60 C mOhm","2.9","ESRtyp 100 Hz 20 C mOhm=9.0; ESRtyp 300 Hz 60 C mOhm=2.9","Zmax 10 kHz 20 C mOhm","13","Zmax 10 kHz 20 C mOhm=13","IAC,max 100 Hz 60 C A","45.0","IAC,R 100 Hz 85 C A","28.0","","","IAC,max 100 Hz 60 C A=45.0; IAC,R 100 Hz 85 C A=28.0","CR Case ESRtyp ESRtyp Zmax IAC,max IAC,R Ordering code | 100 Hz dimensions 100 Hz 300 Hz 10 kHz 100 Hz 100 Hz (composition see | 20 C dxl 20 C 60 C 20 C 60 C 85 C below) | uF mm mOhm mOhm mOhm A A","9.0;2.9;13;45.0;28.0","8200 76.9 x 143.2 9.0 2.9 13 45.0 28.0 B437*5A4828M6##","parsed",""
"B43705_B43725.pdf","B43705/B43725","350","8200","90.0","120.0","B437*5B4828M6##","ESRtyp 100 Hz 20 C mOhm","9.2","ESRtyp 300 Hz 60 C mOhm","3.1","ESRtyp 100 Hz 20 C mOhm=9.2; ESRtyp 300 Hz 60 C mOhm=3.1","Zmax 10 kHz 20 C mOhm","13","Zmax 10 kHz 20 C mOhm=13","IAC,max 100 Hz 60 C A","46.2","IAC,R 100 Hz 85 C A","29.6","","","IAC,max 100 Hz 60 C A=46.2; IAC,R 100 Hz 85 C A=29.6","CR Case ESRtyp ESRtyp Zmax IAC,max IAC,R Ordering code | 100 Hz dimensions 100 Hz 300 Hz 10 kHz 100 Hz 100 Hz (composition see | 20 C dxl 20 C 60 C 20 C 60 C 85 C below) | uF mm mOhm mOhm mOhm A A","9.2;3.1;13;46.2;29.6","8200 90.0 x 120.0 9.2 3.1 13 46.2 29.6 B437*5B4828M6##","parsed",""
"B43705_B43725.pdf","B43705/B43725","350","10000","76.9","143.2","B437*5A4109M6##","ESRtyp 100 Hz 20 C mOhm","7.5","ESRtyp 300 Hz 60 C mOhm","2.5","ESRtyp 100 Hz 20 C mOhm=7.5; ESRtyp 300 Hz 60 C mOhm=2.5","Zmax 10 kHz 20 C mOhm","11","Zmax 10 kHz 20 C mOhm=11","IAC,max 100 Hz 60 C A","51.8","IAC,R 100 Hz 85 C A","32.1","","","IAC,max 100 Hz 60 C A=51.8; IAC,R 100 Hz 85 C A=32.1","CR Case ESRtyp ESRtyp Zmax IAC,max IAC,R Ordering code | 100 Hz dimensions 100 Hz 300 Hz 10 kHz 100 Hz 100 Hz (composition see | 20 C dxl 20 C 60 C 20 C 60 C 85 C below) | uF mm mOhm mOhm mOhm A A","7.5;2.5;11;51.8;32.1","10000 76.9 x 143.2 7.5 2.5 11 51.8 32.1 B437*5A4109M6##","parsed",""
"B43705_B43725.pdf","B43705/B43725","350","10000","90.0","120.0","B437*5B4109M6##","ESRtyp 100 Hz 20 C mOhm","7.7","ESRtyp 300 Hz 60 C mOhm","2.8","ESRtyp 100 Hz 20 C mOhm=7.7; ESRtyp 300 Hz 60 C mOhm=2.8","Zmax 10 kHz 20 C mOhm","12","Zmax 10 kHz 20 C mOhm=12","IAC,max 100 Hz 60 C A","51.9","IAC,R 100 Hz 85 C A","33.2","","","IAC,max 100 Hz 60 C A=51.9; IAC,R 100 Hz 85 C A=33.2","CR Case ESRtyp ESRtyp Zmax IAC,max IAC,R Ordering code | 100 Hz dimensions 100 Hz 300 Hz 10 kHz 100 Hz 100 Hz (composition see | 20 C dxl 20 C 60 C 20 C 60 C 85 C below) | uF mm mOhm mOhm mOhm A A","7.7;2.8;12;51.9;33.2","10000 90.0 x 120.0 7.7 2.8 12 51.9 33.2 B437*5B4109M6##","parsed",""
"B43705_B43725.pdf","B43705/B43725","350","12000","76.9","190.7","B437*5A4129M6##","ESRtyp 100 Hz 20 C mOhm","6.2","ESRtyp 300 Hz 60 C mOhm","2.1","ESRtyp 100 Hz 20 C mOhm=6.2; ESRtyp 300 Hz 60 C mOhm=2.1","Zmax 10 kHz 20 C mOhm","9.2","Zmax 10 kHz 20 C mOhm=9.2","IAC,max 100 Hz 60 C A","58.2","IAC,R 100 Hz 85 C A","37.3","","","IAC,max 100 Hz 60 C A=58.2; IAC,R 100 Hz 85 C A=37.3","CR Case ESRtyp ESRtyp Zmax IAC,max IAC,R Ordering code | 100 Hz dimensions 100 Hz 300 Hz 10 kHz 100 Hz 100 Hz (composition see | 20 C dxl 20 C 60 C 20 C 60 C 85 C below) | uF mm mOhm mOhm mOhm A A","6.2;2.1;9.2;58.2;37.3","12000 76.9 x 190.7 6.2 2.1 9.2 58.2 37.3 B437*5A4129M6##","parsed",""
"B43705_B43725.pdf","B43705/B43725","350","12000","90.0","144.5","B437*5B4129M6##","ESRtyp 100 Hz 20 C mOhm","6.4","ESRtyp 300 Hz 60 C mOhm","2.3","ESRtyp 100 Hz 20 C mOhm=6.4; ESRtyp 300 Hz 60 C mOhm=2.3","Zmax 10 kHz 20 C mOhm","9.6","Zmax 10 kHz 20 C mOhm=9.6","IAC,max 100 Hz 60 C A","58.2","IAC,R 100 Hz 85 C A","37.3","","","IAC,max 100 Hz 60 C A=58.2; IAC,R 100 Hz 85 C A=37.3","CR Case ESRtyp ESRtyp Zmax IAC,max IAC,R Ordering code | 100 Hz dimensions 100 Hz 300 Hz 10 kHz 100 Hz 100 Hz (composition see | 20 C dxl 20 C 60 C 20 C 60 C 85 C below) | uF mm mOhm mOhm mOhm A A","6.4;2.3;9.6;58.2;37.3","12000 90.0 x 144.5 6.4 2.3 9.6 58.2 37.3 B437*5B4129M6##","parsed",""
"B43705_B43725.pdf","B43705/B43725","350","15000","76.9","220.7","B437*5A4159M6##","ESRtyp 100 Hz 20 C mOhm","5.0","ESRtyp 300 Hz 60 C mOhm","1.8","ESRtyp 100 Hz 20 C mOhm=5.0; ESRtyp 300 Hz 60 C mOhm=1.8","Zmax 10 kHz 20 C mOhm","7.8","Zmax 10 kHz 20 C mOhm=7.8","IAC,max 100 Hz 60 C A","68.3","IAC,R 100 Hz 85 C A","43.8","","","IAC,max 100 Hz 60 C A=68.3; IAC,R 100 Hz 85 C A=43.8","CR Case ESRtyp ESRtyp Zmax IAC,max IAC,R Ordering code | 100 Hz dimensions 100 Hz 300 Hz 10 kHz 100 Hz 100 Hz (composition see | 20 C dxl 20 C 60 C 20 C 60 C 85 C below) | uF mm mOhm mOhm mOhm A A","5.0;1.8;7.8;68.3;43.8","15000 76.9 x 220.7 5.0 1.8 7.8 68.3 43.8 B437*5A4159M6##","parsed",""
"B43705_B43725.pdf","B43705/B43725","350","15000","90.0","197.0","B437*5B4159M6##","ESRtyp 100 Hz 20 C mOhm","5.1","ESRtyp 300 Hz 60 C mOhm","1.8","ESRtyp 100 Hz 20 C mOhm=5.1; ESRtyp 300 Hz 60 C mOhm=1.8","Zmax 10 kHz 20 C mOhm","8.0","Zmax 10 kHz 20 C mOhm=8.0","IAC,max 100 Hz 60 C A","66.6","IAC,R 100 Hz 85 C A","42.8","","","IAC,max 100 Hz 60 C A=66.6; IAC,R 100 Hz 85 C A=42.8","CR Case ESRtyp ESRtyp Zmax IAC,max IAC,R Ordering code | 100 Hz dimensions 100 Hz 300 Hz 10 kHz 100 Hz 100 Hz (composition see | 20 C dxl 20 C 60 C 20 C 60 C 85 C below) | uF mm mOhm mOhm mOhm A A","5.1;1.8;8.0;66.6;42.8","15000 90.0 x 197.0 5.1 1.8 8.0 66.6 42.8 B437*5B4159M6##","parsed",""
"B43705_B43725.pdf","B43705/B43725","350","18000","90.0","221.0","B437*5A4189M6##","ESRtyp 100 Hz 20 C mOhm","4.3","ESRtyp 300 Hz 60 C mOhm","1.6","ESRtyp 100 Hz 20 C mOhm=4.3; ESRtyp 300 Hz 60 C mOhm=1.6","Zmax 10 kHz 20 C mOhm","7.0","Zmax 10 kHz 20 C mOhm=7.0","IAC,max 100 Hz 60 C A","74.9","IAC,R 100 Hz 85 C A","48.1","","","IAC,max 100 Hz 60 C A=74.9; IAC,R 100 Hz 85 C A=48.1","CR Case ESRtyp ESRtyp Zmax IAC,max IAC,R Ordering code | 100 Hz dimensions 100 Hz 300 Hz 10 kHz 100 Hz 100 Hz (composition see | 20 C dxl 20 C 60 C 20 C 60 C 85 C below) | uF mm mOhm mOhm mOhm A A","4.3;1.6;7.0;74.9;48.1","18000 90.0 x 221.0 4.3 1.6 7.0 74.9 48.1 B437*5A4189M6##","parsed",""
"B43705_B43725.pdf","B43705/B43725","400","1500","51.6","80.7","B437*5A9158M6##","ESRtyp 100 Hz 20 C mOhm","45","ESRtyp 300 Hz 60 C mOhm","14","ESRtyp 100 Hz 20 C mOhm=45; ESRtyp 300 Hz 60 C mOhm=14","Zmax 10 kHz 20 C mOhm","65","Zmax 10 kHz 20 C mOhm=65","IAC,max 100 Hz 60 C A","14.2","IAC,R 100 Hz 85 C A","8.83","","","IAC,max 100 Hz 60 C A=14.2; IAC,R 100 Hz 85 C A=8.83","CR Case ESRtyp ESRtyp Zmax IAC,max IAC,R Ordering code | 100 Hz dimensions 100 Hz 300 Hz 10 kHz 100 Hz 100 Hz (composition see | 20 C dxl 20 C 60 C 20 C 60 C 85 C below) | uF mm mOhm mOhm mOhm A A","45;14;65;14.2;8.83","1500 51.6 x 80.7 45 14 65 14.2 8.83 B437*5A9158M6##","parsed",""
"B43705_B43725.pdf","B43705/B43725","400","1800","51.6","96.7","B437*5A9188M6##","ESRtyp 100 Hz 20 C mOhm","38","ESRtyp 300 Hz 60 C mOhm","12","ESRtyp 100 Hz 20 C mOhm=38; ESRtyp 300 Hz 60 C mOhm=12","Zmax 10 kHz 20 C mOhm","55","Zmax 10 kHz 20 C mOhm=55","IAC,max 100 Hz 60 C A","16.0","IAC,R 100 Hz 85 C A","9.98","","","IAC,max 100 Hz 60 C A=16.0; IAC,R 100 Hz 85 C A=9.98","CR Case ESRtyp ESRtyp Zmax IAC,max IAC,R Ordering code | 100 Hz dimensions 100 Hz 300 Hz 10 kHz 100 Hz 100 Hz (composition see | 20 C dxl 20 C 60 C 20 C 60 C 85 C below) | uF mm mOhm mOhm mOhm A A","38;12;55;16.0;9.98","1800 51.6 x 96.7 38 12 55 16.0 9.98 B437*5A9188M6##","parsed",""
"B43705_B43725.pdf","B43705/B43725","400","2200","51.6","105.7","B437*5A9228M6##","ESRtyp 100 Hz 20 C mOhm","32","ESRtyp 300 Hz 60 C mOhm","9.7","ESRtyp 100 Hz 20 C mOhm=32; ESRtyp 300 Hz 60 C mOhm=9.7","Zmax 10 kHz 20 C mOhm","45","Zmax 10 kHz 20 C mOhm=45","IAC,max 100 Hz 60 C A","18.4","IAC,R 100 Hz 85 C A","11.4","","","IAC,max 100 Hz 60 C A=18.4; IAC,R 100 Hz 85 C A=11.4","CR Case ESRtyp ESRtyp Zmax IAC,max IAC,R Ordering code | 100 Hz dimensions 100 Hz 300 Hz 10 kHz 100 Hz 100 Hz (composition see | 20 C dxl 20 C 60 C 20 C 60 C 85 C below) | uF mm mOhm mOhm mOhm A A","32;9.7;45;18.4;11.4","2200 51.6 x 105.7 32 9.7 45 18.4 11.4 B437*5A9228M6##","parsed",""
"B43705_B43725.pdf","B43705/B43725","400","2200","64.3","80.7","B437*5B9228M6##","ESRtyp 100 Hz 20 C mOhm","32","ESRtyp 300 Hz 60 C mOhm","9.9","ESRtyp 100 Hz 20 C mOhm=32; ESRtyp 300 Hz 60 C mOhm=9.9","Zmax 10 kHz 20 C mOhm","45","Zmax 10 kHz 20 C mOhm=45","IAC,max 100 Hz 60 C A","18.7","IAC,R 100 Hz 85 C A","11.6","","","IAC,max 100 Hz 60 C A=18.7; IAC,R 100 Hz 85 C A=11.6","CR Case ESRtyp ESRtyp Zmax IAC,max IAC,R Ordering code | 100 Hz dimensions 100 Hz 300 Hz 10 kHz 100 Hz 100 Hz (composition see | 20 C dxl 20 C 60 C 20 C 60 C 85 C below) | uF mm mOhm mOhm mOhm A A","32;9.9;45;18.7;11.6","2200 64.3 x 80.7 32 9.9 45 18.7 11.6 B437*5B9228M6##","parsed",""
"B43705_B43725.pdf","B43705/B43725","400","2700","51.6","118.2","B437*5A9278M6##","ESRtyp 100 Hz 20 C mOhm","26","ESRtyp 300 Hz 60 C mOhm","8.0","ESRtyp 100 Hz 20 C mOhm=26; ESRtyp 300 Hz 60 C mOhm=8.0","Zmax 10 kHz 20 C mOhm","36","Zmax 10 kHz 20 C mOhm=36","IAC,max 100 Hz 60 C A","21.2","IAC,R 100 Hz 85 C A","13.2","","","IAC,max 100 Hz 60 C A=21.2; IAC,R 100 Hz 85 C A=13.2","CR Case ESRtyp ESRtyp Zmax IAC,max IAC,R Ordering code | 100 Hz dimensions 100 Hz 300 Hz 10 kHz 100 Hz 100 Hz (composition see | 20 C dxl 20 C 60 C 20 C 60 C 85 C below) | uF mm mOhm mOhm mOhm A A","26;8.0;36;21.2;13.2","2700 51.6 x 118.2 26 8.0 36 21.2 13.2 B437*5A9278M6##","parsed",""
"B43705_B43725.pdf","B43705/B43725","400","2700","64.3","96.7","B437*5B9278M6##","ESRtyp 100 Hz 20 C mOhm","26","ESRtyp 300 Hz 60 C mOhm","8.1","ESRtyp 100 Hz 20 C mOhm=26; ESRtyp 300 Hz 60 C mOhm=8.1","Zmax 10 kHz 20 C mOhm","36","Zmax 10 kHz 20 C mOhm=36","IAC,max 100 Hz 60 C A","21.2","IAC,R 100 Hz 85 C A","13.2","","","IAC,max 100 Hz 60 C A=21.2; IAC,R 100 Hz 85 C A=13.2","CR Case ESRtyp ESRtyp Zmax IAC,max IAC,R Ordering code | 100 Hz dimensions 100 Hz 300 Hz 10 kHz 100 Hz 100 Hz (composition see | 20 C dxl 20 C 60 C 20 C 60 C 85 C below) | uF mm mOhm mOhm mOhm A A","26;8.1;36;21.2;13.2","2700 64.3 x 96.7 26 8.1 36 21.2 13.2 B437*5B9278M6##","parsed",""
"B43705_B43725.pdf","B43705/B43725","400","3300","64.3","105.7","B437*5A9338M6##","ESRtyp 100 Hz 20 C mOhm","22","ESRtyp 300 Hz 60 C mOhm","6.8","ESRtyp 100 Hz 20 C mOhm=22; ESRtyp 300 Hz 60 C mOhm=6.8","Zmax 10 kHz 20 C mOhm","30","Zmax 10 kHz 20 C mOhm=30","IAC,max 100 Hz 60 C A","24.2","IAC,R 100 Hz 85 C A","15.0","","","IAC,max 100 Hz 60 C A=24.2; IAC,R 100 Hz 85 C A=15.0","CR Case ESRtyp ESRtyp Zmax IAC,max IAC,R Ordering code | 100 Hz dimensions 100 Hz 300 Hz 10 kHz 100 Hz 100 Hz (composition see | 20 C dxl 20 C 60 C 20 C 60 C 85 C below) | uF mm mOhm mOhm mOhm A A","22;6.8;30;24.2;15.0","3300 64.3 x 105.7 22 6.8 30 24.2 15.0 B437*5A9338M6##","parsed",""
"B43705_B43725.pdf","B43705/B43725","400","3900","64.3","118.2","B437*5A9398M6##","ESRtyp 100 Hz 20 C mOhm","18","ESRtyp 300 Hz 60 C mOhm","5.8","ESRtyp 100 Hz 20 C mOhm=18; ESRtyp 300 Hz 60 C mOhm=5.8","Zmax 10 kHz 20 C mOhm","26","Zmax 10 kHz 20 C mOhm=26","IAC,max 100 Hz 60 C A","27.0","IAC,R 100 Hz 85 C A","16.8","","","IAC,max 100 Hz 60 C A=27.0; IAC,R 100 Hz 85 C A=16.8","CR Case ESRtyp ESRtyp Zmax IAC,max IAC,R Ordering code | 100 Hz dimensions 100 Hz 300 Hz 10 kHz 100 Hz 100 Hz (composition see | 20 C dxl 20 C 60 C 20 C 60 C 85 C below) | uF mm mOhm mOhm mOhm A A","18;5.8;26;27.0;16.8","3900 64.3 x 118.2 18 5.8 26 27.0 16.8 B437*5A9398M6##","parsed",""
"B43705_B43725.pdf","B43705/B43725","400","3900","76.9","96.7","B437*5B9398M6##","ESRtyp 100 Hz 20 C mOhm","18","ESRtyp 300 Hz 60 C mOhm","5.5","ESRtyp 100 Hz 20 C mOhm=18; ESRtyp 300 Hz 60 C mOhm=5.5","Zmax 10 kHz 20 C mOhm","24","Zmax 10 kHz 20 C mOhm=24","IAC,max 100 Hz 60 C A","29.4","IAC,R 100 Hz 85 C A","18.3","","","IAC,max 100 Hz 60 C A=29.4; IAC,R 100 Hz 85 C A=18.3","CR Case ESRtyp ESRtyp Zmax IAC,max IAC,R Ordering code | 100 Hz dimensions 100 Hz 300 Hz 10 kHz 100 Hz 100 Hz (composition see | 20 C dxl 20 C 60 C 20 C 60 C 85 C below) | uF mm mOhm mOhm mOhm A A","18;5.5;24;29.4;18.3","3900 76.9 x 96.7 18 5.5 24 29.4 18.3 B437*5B9398M6##","parsed",""
"B43705_B43725.pdf","B43705/B43725","400","4700","64.3","130.7","B437*5A9478M6##","ESRtyp 100 Hz 20 C mOhm","15","ESRtyp 300 Hz 60 C mOhm","5.0","ESRtyp 100 Hz 20 C mOhm=15; ESRtyp 300 Hz 60 C mOhm=5.0","Zmax 10 kHz 20 C mOhm","22","Zmax 10 kHz 20 C mOhm=22","IAC,max 100 Hz 60 C A","30.7","IAC,R 100 Hz 85 C A","19.1","","","IAC,max 100 Hz 60 C A=30.7; IAC,R 100 Hz 85 C A=19.1","CR Case ESRtyp ESRtyp Zmax IAC,max IAC,R Ordering code | 100 Hz dimensions 100 Hz 300 Hz 10 kHz 100 Hz 100 Hz (composition see | 20 C dxl 20 C 60 C 20 C 60 C 85 C below) | uF mm mOhm mOhm mOhm A A","15;5.0;22;30.7;19.1","4700 64.3 x 130.7 15 5.0 22 30.7 19.1 B437*5A9478M6##","parsed",""
"B43705_B43725.pdf","B43705/B43725","400","4700","76.9","105.7","B437*5B9478M6##","ESRtyp 100 Hz 20 C mOhm","15","ESRtyp 300 Hz 60 C mOhm","4.6","ESRtyp 100 Hz 20 C mOhm=15; ESRtyp 300 Hz 60 C mOhm=4.6","Zmax 10 kHz 20 C mOhm","20","Zmax 10 kHz 20 C mOhm=20","IAC,max 100 Hz 60 C A","33.1","IAC,R 100 Hz 85 C A","20.5","","","IAC,max 100 Hz 60 C A=33.1; IAC,R 100 Hz 85 C A=20.5","CR Case ESRtyp ESRtyp Zmax IAC,max IAC,R Ordering code | 100 Hz dimensions 100 Hz 300 Hz 10 kHz 100 Hz 100 Hz (composition see | 20 C dxl 20 C 60 C 20 C 60 C 85 C below) | uF mm mOhm mOhm mOhm A A","15;4.6;20;33.1;20.5","4700 76.9 x 105.7 15 4.6 20 33.1 20.5 B437*5B9478M6##","parsed",""
"B43705_B43725.pdf","B43705/B43725","400","5600","64.3","143.2","B437*5A9568M6##","ESRtyp 100 Hz 20 C mOhm","13","ESRtyp 300 Hz 60 C mOhm","4.3","ESRtyp 100 Hz 20 C mOhm=13; ESRtyp 300 Hz 60 C mOhm=4.3","Zmax 10 kHz 20 C mOhm","18","Zmax 10 kHz 20 C mOhm=18","IAC,max 100 Hz 60 C A","34.7","IAC,R 100 Hz 85 C A","21.5","","","IAC,max 100 Hz 60 C A=34.7; IAC,R 100 Hz 85 C A=21.5","CR Case ESRtyp ESRtyp Zmax IAC,max IAC,R Ordering code | 100 Hz dimensions 100 Hz 300 Hz 10 kHz 100 Hz 100 Hz (composition see | 20 C dxl 20 C 60 C 20 C 60 C 85 C below) | uF mm mOhm mOhm mOhm A A","13;4.3;18;34.7;21.5","5600 64.3 x 143.2 13 4.3 18 34.7 21.5 B437*5A9568M6##","parsed",""
"B43705_B43725.pdf","B43705/B43725","400","5600","76.9","118.2","B437*5B9568M6##","ESRtyp 100 Hz 20 C mOhm","12","ESRtyp 300 Hz 60 C mOhm","4.0","ESRtyp 100 Hz 20 C mOhm=12; ESRtyp 300 Hz 60 C mOhm=4.0","Zmax 10 kHz 20 C mOhm","17","Zmax 10 kHz 20 C mOhm=17","IAC,max 100 Hz 60 C A","37.0","IAC,R 100 Hz 85 C A","23.0","","","IAC,max 100 Hz 60 C A=37.0; IAC,R 100 Hz 85 C A=23.0","CR Case ESRtyp ESRtyp Zmax IAC,max IAC,R Ordering code | 100 Hz dimensions 100 Hz 300 Hz 10 kHz 100 Hz 100 Hz (composition see | 20 C dxl 20 C 60 C 20 C 60 C 85 C below) | uF mm mOhm mOhm mOhm A A","12;4.0;17;37.0;23.0","5600 76.9 x 118.2 12 4.0 17 37.0 23.0 B437*5B9568M6##","parsed",""
"B43705_B43725.pdf","B43705/B43725","400","6800","76.9","143.2","B437*5A9688M6##","ESRtyp 100 Hz 20 C mOhm","10","ESRtyp 300 Hz 60 C mOhm","3.3","ESRtyp 100 Hz 20 C mOhm=10; ESRtyp 300 Hz 60 C mOhm=3.3","Zmax 10 kHz 20 C mOhm","14","Zmax 10 kHz 20 C mOhm=14","IAC,max 100 Hz 60 C A","41.8","IAC,R 100 Hz 85 C A","26.0","","","IAC,max 100 Hz 60 C A=41.8; IAC,R 100 Hz 85 C A=26.0","CR Case ESRtyp ESRtyp Zmax IAC,max IAC,R Ordering code | 100 Hz dimensions 100 Hz 300 Hz 10 kHz 100 Hz 100 Hz (composition see | 20 C dxl 20 C 60 C 20 C 60 C 85 C below) | uF mm mOhm mOhm mOhm A A","10;3.3;14;41.8;26.0","6800 76.9 x 143.2 10 3.3 14 41.8 26.0 B437*5A9688M6##","parsed",""
"B43705_B43725.pdf","B43705/B43725","400","6800","90.0","120.0","B437*5B9688M6##","ESRtyp 100 Hz 20 C mOhm","12","ESRtyp 300 Hz 60 C mOhm","3.9","ESRtyp 100 Hz 20 C mOhm=12; ESRtyp 300 Hz 60 C mOhm=3.9","Zmax 10 kHz 20 C mOhm","18","Zmax 10 kHz 20 C mOhm=18","IAC,max 100 Hz 60 C A","42.6","IAC,R 100 Hz 85 C A","27.3","","","IAC,max 100 Hz 60 C A=42.6; IAC,R 100 Hz 85 C A=27.3","CR Case ESRtyp ESRtyp Zmax IAC,max IAC,R Ordering code | 100 Hz dimensions 100 Hz 300 Hz 10 kHz 100 Hz 100 Hz (composition see | 20 C dxl 20 C 60 C 20 C 60 C 85 C below) | uF mm mOhm mOhm mOhm A A","12;3.9;18;42.6;27.3","6800 90.0 x 120.0 12 3.9 18 42.6 27.3 B437*5B9688M6##","parsed",""
"B43705_B43725.pdf","B43705/B43725","400","8200","76.9","168.7","B437*5A9828M6##","ESRtyp 100 Hz 20 C mOhm","9.9","ESRtyp 300 Hz 60 C mOhm","3.1","ESRtyp 100 Hz 20 C mOhm=9.9; ESRtyp 300 Hz 60 C mOhm=3.1","Zmax 10 kHz 20 C mOhm","15","Zmax 10 kHz 20 C mOhm=15","IAC,max 100 Hz 60 C A","46.9","IAC,R 100 Hz 85 C A","30.1","","","IAC,max 100 Hz 60 C A=46.9; IAC,R 100 Hz 85 C A=30.1","CR Case ESRtyp ESRtyp Zmax IAC,max IAC,R Ordering code | 100 Hz dimensions 100 Hz 300 Hz 10 kHz 100 Hz 100 Hz (composition see | 20 C dxl 20 C 60 C 20 C 60 C 85 C below) | uF mm mOhm mOhm mOhm A A","9.9;3.1;15;46.9;30.1","8200 76.9 x 168.7 9.9 3.1 15 46.9 30.1 B437*5A9828M6##","parsed",""
"B43705_B43725.pdf","B43705/B43725","400","10000","76.9","190.7","B437*5A9109M6##","ESRtyp 100 Hz 20 C mOhm","8.2","ESRtyp 300 Hz 60 C mOhm","2.6","ESRtyp 100 Hz 20 C mOhm=8.2; ESRtyp 300 Hz 60 C mOhm=2.6","Zmax 10 kHz 20 C mOhm","13","Zmax 10 kHz 20 C mOhm=13","IAC,max 100 Hz 60 C A","54.0","IAC,R 100 Hz 85 C A","34.6","","","IAC,max 100 Hz 60 C A=54.0; IAC,R 100 Hz 85 C A=34.6","CR Case ESRtyp ESRtyp Zmax IAC,max IAC,R Ordering code | 100 Hz dimensions 100 Hz 300 Hz 10 kHz 100 Hz 100 Hz (composition see | 20 C dxl 20 C 60 C 20 C 60 C 85 C below) | uF mm mOhm mOhm mOhm A A","8.2;2.6;13;54.0;34.6","10000 76.9 x 190.7 8.2 2.6 13 54.0 34.6 B437*5A9109M6##","parsed",""
"B43705_B43725.pdf","B43705/B43725","400","10000","90.0","144.5","B437*5B9109M6##","ESRtyp 100 Hz 20 C mOhm","8.4","ESRtyp 300 Hz 60 C mOhm","2.8","ESRtyp 100 Hz 20 C mOhm=8.4; ESRtyp 300 Hz 60 C mOhm=2.8","Zmax 10 kHz 20 C mOhm","13","Zmax 10 kHz 20 C mOhm=13","IAC,max 100 Hz 60 C A","54.1","IAC,R 100 Hz 85 C A","34.7","","","IAC,max 100 Hz 60 C A=54.1; IAC,R 100 Hz 85 C A=34.7","CR Case ESRtyp ESRtyp Zmax IAC,max IAC,R Ordering code | 100 Hz dimensions 100 Hz 300 Hz 10 kHz 100 Hz 100 Hz (composition see | 20 C dxl 20 C 60 C 20 C 60 C 85 C below) | uF mm mOhm mOhm mOhm A A","8.4;2.8;13;54.1;34.7","10000 90.0 x 144.5 8.4 2.8 13 54.1 34.7 B437*5B9109M6##","parsed",""
"B43705_B43725.pdf","B43705/B43725","400","12000","76.9","220.7","B437*5A9129M6##","ESRtyp 100 Hz 20 C mOhm","6.9","ESRtyp 300 Hz 60 C mOhm","2.2","ESRtyp 100 Hz 20 C mOhm=6.9; ESRtyp 300 Hz 60 C mOhm=2.2","Zmax 10 kHz 20 C mOhm","11","Zmax 10 kHz 20 C mOhm=11","IAC,max 100 Hz 60 C A","61.6","IAC,R 100 Hz 85 C A","39.5","","","IAC,max 100 Hz 60 C A=61.6; IAC,R 100 Hz 85 C A=39.5","CR Case ESRtyp ESRtyp Zmax IAC,max IAC,R Ordering code | 100 Hz dimensions 100 Hz 300 Hz 10 kHz 100 Hz 100 Hz (composition see | 20 C dxl 20 C 60 C 20 C 60 C 85 C below) | uF mm mOhm mOhm mOhm A A","6.9;2.2;11;61.6;39.5","12000 76.9 x 220.7 6.9 2.2 11 61.6 39.5 B437*5A9129M6##","parsed",""
"B43705_B43725.pdf","B43705/B43725","400","12000","90.0","170.0","B437*5B9129M6##","ESRtyp 100 Hz 20 C mOhm","7.0","ESRtyp 300 Hz 60 C mOhm","2.4","ESRtyp 100 Hz 20 C mOhm=7.0; ESRtyp 300 Hz 60 C mOhm=2.4","Zmax 10 kHz 20 C mOhm","11","Zmax 10 kHz 20 C mOhm=11","IAC,max 100 Hz 60 C A","60.7","IAC,R 100 Hz 85 C A","38.9","","","IAC,max 100 Hz 60 C A=60.7; IAC,R 100 Hz 85 C A=38.9","CR Case ESRtyp ESRtyp Zmax IAC,max IAC,R Ordering code | 100 Hz dimensions 100 Hz 300 Hz 10 kHz 100 Hz 100 Hz (composition see | 20 C dxl 20 C 60 C 20 C 60 C 85 C below) | uF mm mOhm mOhm mOhm A A","7.0;2.4;11;60.7;38.9","12000 90.0 x 170.0 7.0 2.4 11 60.7 38.9 B437*5B9129M6##","parsed",""
"B43705_B43725.pdf","B43705/B43725","400","15000","90.0","221.0","B437*5A9159M6##","ESRtyp 100 Hz 20 C mOhm","5.6","ESRtyp 300 Hz 60 C mOhm","1.9","ESRtyp 100 Hz 20 C mOhm=5.6; ESRtyp 300 Hz 60 C mOhm=1.9","Zmax 10 kHz 20 C mOhm","9.0","Zmax 10 kHz 20 C mOhm=9.0","IAC,max 100 Hz 60 C A","69.9","IAC,R 100 Hz 85 C A","44.9","","","IAC,max 100 Hz 60 C A=69.9; IAC,R 100 Hz 85 C A=44.9","CR Case ESRtyp ESRtyp Zmax IAC,max IAC,R Ordering code | 100 Hz dimensions 100 Hz 300 Hz 10 kHz 100 Hz 100 Hz (composition see | 20 C dxl 20 C 60 C 20 C 60 C 85 C below) | uF mm mOhm mOhm mOhm A A","5.6;1.9;9.0;69.9;44.9","15000 90.0 x 221.0 5.6 1.9 9.0 69.9 44.9 B437*5A9159M6##","parsed",""
"B43705_B43725.pdf","B43705/B43725","450","1000","51.6","80.7","B437*5A5108M6##","ESRtyp 100 Hz 20 C mOhm","110","ESRtyp 300 Hz 60 C mOhm","28","ESRtyp 100 Hz 20 C mOhm=110; ESRtyp 300 Hz 60 C mOhm=28","Zmax 10 kHz 20 C mOhm","180","Zmax 10 kHz 20 C mOhm=180","IAC,max 100 Hz 60 C A","10.9","IAC,R 100 Hz 85 C A","6.69","","","IAC,max 100 Hz 60 C A=10.9; IAC,R 100 Hz 85 C A=6.69","CR Case ESRtyp ESRtyp Zmax IAC,max IAC,R Ordering code | 100 Hz dimensions 100 Hz 300 Hz 10 kHz 100 Hz 100 Hz (composition see | 20 C dxl 20 C 60 C 20 C 60 C 85 C below) | uF mm mOhm mOhm mOhm A A","110;28;180;10.9;6.69","1000 51.6 x 80.7 110 28 180 10.9 6.69 B437*5A5108M6##","parsed",""
"B43705_B43725.pdf","B43705/B43725","450","1200","51.6","96.7","B437*5A5128M6##","ESRtyp 100 Hz 20 C mOhm","90","ESRtyp 300 Hz 60 C mOhm","24","ESRtyp 100 Hz 20 C mOhm=90; ESRtyp 300 Hz 60 C mOhm=24","Zmax 10 kHz 20 C mOhm","150","Zmax 10 kHz 20 C mOhm=150","IAC,max 100 Hz 60 C A","12.3","IAC,R 100 Hz 85 C A","7.54","","","IAC,max 100 Hz 60 C A=12.3; IAC,R 100 Hz 85 C A=7.54","CR Case ESRtyp ESRtyp Zmax IAC,max IAC,R Ordering code | 100 Hz dimensions 100 Hz 300 Hz 10 kHz 100 Hz 100 Hz (composition see | 20 C dxl 20 C 60 C 20 C 60 C 85 C below) | uF mm mOhm mOhm mOhm A A","90;24;150;12.3;7.54","1200 51.6 x 96.7 90 24 150 12.3 7.54 B437*5A5128M6##","parsed",""
"B43705_B43725.pdf","B43705/B43725","450","1500","51.6","105.7","B437*5A5158M6##","ESRtyp 100 Hz 20 C mOhm","75","ESRtyp 300 Hz 60 C mOhm","19","ESRtyp 100 Hz 20 C mOhm=75; ESRtyp 300 Hz 60 C mOhm=19","Zmax 10 kHz 20 C mOhm","120","Zmax 10 kHz 20 C mOhm=120","IAC,max 100 Hz 60 C A","14.3","IAC,R 100 Hz 85 C A","8.78","","","IAC,max 100 Hz 60 C A=14.3; IAC,R 100 Hz 85 C A=8.78","CR Case ESRtyp ESRtyp Zmax IAC,max IAC,R Ordering code | 100 Hz dimensions 100 Hz 300 Hz 10 kHz 100 Hz 100 Hz (composition see | 20 C dxl 20 C 60 C 20 C 60 C 85 C below) | uF mm mOhm mOhm mOhm A A","75;19;120;14.3;8.78","1500 51.6 x 105.7 75 19 120 14.3 8.78 B437*5A5158M6##","parsed",""
"B43705_B43725.pdf","B43705/B43725","450","1800","51.6","118.2","B437*5A5188M6##","ESRtyp 100 Hz 20 C mOhm","60","ESRtyp 300 Hz 60 C mOhm","16","ESRtyp 100 Hz 20 C mOhm=60; ESRtyp 300 Hz 60 C mOhm=16","Zmax 10 kHz 20 C mOhm","100","Zmax 10 kHz 20 C mOhm=100","IAC,max 100 Hz 60 C A","16.3","IAC,R 100 Hz 85 C A","9.98","","","IAC,max 100 Hz 60 C A=16.3; IAC,R 100 Hz 85 C A=9.98","CR Case ESRtyp ESRtyp Zmax IAC,max IAC,R Ordering code | 100 Hz dimensions 100 Hz 300 Hz 10 kHz 100 Hz 100 Hz (composition see | 20 C dxl 20 C 60 C 20 C 60 C 85 C below) | uF mm mOhm mOhm mOhm A A","60;16;100;16.3;9.98","1800 51.6 x 118.2 60 16 100 16.3 9.98 B437*5A5188M6##","parsed",""
"B43705_B43725.pdf","B43705/B43725","450","1800","64.3","80.7","B437*5B5188M6##","ESRtyp 100 Hz 20 C mOhm","60","ESRtyp 300 Hz 60 C mOhm","16","ESRtyp 100 Hz 20 C mOhm=60; ESRtyp 300 Hz 60 C mOhm=16","Zmax 10 kHz 20 C mOhm","100","Zmax 10 kHz 20 C mOhm=100","IAC,max 100 Hz 60 C A","16.5","IAC,R 100 Hz 85 C A","10.0","","","IAC,max 100 Hz 60 C A=16.5; IAC,R 100 Hz 85 C A=10.0","CR Case ESRtyp ESRtyp Zmax IAC,max IAC,R Ordering code | 100 Hz dimensions 100 Hz 300 Hz 10 kHz 100 Hz 100 Hz (composition see | 20 C dxl 20 C 60 C 20 C 60 C 85 C below) | uF mm mOhm mOhm mOhm A A","60;16;100;16.5;10.0","1800 64.3 x 80.7 60 16 100 16.5 10.0 B437*5B5188M6##","parsed",""
"B43705_B43725.pdf","B43705/B43725","450","2200","51.6","130.7","B437*5A5228M6##","ESRtyp 100 Hz 20 C mOhm","50","ESRtyp 300 Hz 60 C mOhm","13","ESRtyp 100 Hz 20 C mOhm=50; ESRtyp 300 Hz 60 C mOhm=13","Zmax 10 kHz 20 C mOhm","80","Zmax 10 kHz 20 C mOhm=80","IAC,max 100 Hz 60 C A","18.9","IAC,R 100 Hz 85 C A","11.5","","","IAC,max 100 Hz 60 C A=18.9; IAC,R 100 Hz 85 C A=11.5","CR Case ESRtyp ESRtyp Zmax IAC,max IAC,R Ordering code | 100 Hz dimensions 100 Hz 300 Hz 10 kHz 100 Hz 100 Hz (composition see | 20 C dxl 20 C 60 C 20 C 60 C 85 C below) | uF mm mOhm mOhm mOhm A A","50;13;80;18.9;11.5","2200 51.6 x 130.7 50 13 80 18.9 11.5 B437*5A5228M6##","parsed",""
"B43705_B43725.pdf","B43705/B43725","450","2200","64.3","105.7","B437*5B5228M6##","ESRtyp 100 Hz 20 C mOhm","50","ESRtyp 300 Hz 60 C mOhm","13","ESRtyp 100 Hz 20 C mOhm=50; ESRtyp 300 Hz 60 C mOhm=13","Zmax 10 kHz 20 C mOhm","80","Zmax 10 kHz 20 C mOhm=80","IAC,max 100 Hz 60 C A","18.8","IAC,R 100 Hz 85 C A","11.4","","","IAC,max 100 Hz 60 C A=18.8; IAC,R 100 Hz 85 C A=11.4","CR Case ESRtyp ESRtyp Zmax IAC,max IAC,R Ordering code | 100 Hz dimensions 100 Hz 300 Hz 10 kHz 100 Hz 100 Hz (composition see | 20 C dxl 20 C 60 C 20 C 60 C 85 C below) | uF mm mOhm mOhm mOhm A A","50;13;80;18.8;11.4","2200 64.3 x 105.7 50 13 80 18.8 11.4 B437*5B5228M6##","parsed",""
"B43705_B43725.pdf","B43705/B43725","450","2700","64.3","105.7","B437*5A5278M6##","ESRtyp 100 Hz 20 C mOhm","40","ESRtyp 300 Hz 60 C mOhm","11","ESRtyp 100 Hz 20 C mOhm=40; ESRtyp 300 Hz 60 C mOhm=11","Zmax 10 kHz 20 C mOhm","65","Zmax 10 kHz 20 C mOhm=65","IAC,max 100 Hz 60 C A","21.6","IAC,R 100 Hz 85 C A","13.1","","","IAC,max 100 Hz 60 C A=21.6; IAC,R 100 Hz 85 C A=13.1","CR Case ESRtyp ESRtyp Zmax IAC,max IAC,R Ordering code | 100 Hz dimensions 100 Hz 300 Hz 10 kHz 100 Hz 100 Hz (composition see | 20 C dxl 20 C 60 C 20 C 60 C 85 C below) | uF mm mOhm mOhm mOhm A A","40;11;65;21.6;13.1","2700 64.3 x 105.7 40 11 65 21.6 13.1 B437*5A5278M6##","parsed",""
"B43705_B43725.pdf","B43705/B43725","450","2700","76.9","96.7","B437*5B5278M6##","ESRtyp 100 Hz 20 C mOhm","40","ESRtyp 300 Hz 60 C mOhm","11","ESRtyp 100 Hz 20 C mOhm=40; ESRtyp 300 Hz 60 C mOhm=11","Zmax 10 kHz 20 C mOhm","65","Zmax 10 kHz 20 C mOhm=65","IAC,max 100 Hz 60 C A","23.4","IAC,R 100 Hz 85 C A","14.2","","","IAC,max 100 Hz 60 C A=23.4; IAC,R 100 Hz 85 C A=14.2","CR Case ESRtyp ESRtyp Zmax IAC,max IAC,R Ordering code | 100 Hz dimensions 100 Hz 300 Hz 10 kHz 100 Hz 100 Hz (composition see | 20 C dxl 20 C 60 C 20 C 60 C 85 C below) | uF mm mOhm mOhm mOhm A A","40;11;65;23.4;14.2","2700 76.9 x 96.7 40 11 65 23.4 14.2 B437*5B5278M6##","parsed",""
"B43705_B43725.pdf","B43705/B43725","450","3300","64.3","130.7","B437*5A5338M6##","ESRtyp 100 Hz 20 C mOhm","34","ESRtyp 300 Hz 60 C mOhm","9.0","ESRtyp 100 Hz 20 C mOhm=34; ESRtyp 300 Hz 60 C mOhm=9.0","Zmax 10 kHz 20 C mOhm","55","Zmax 10 kHz 20 C mOhm=55","IAC,max 100 Hz 60 C A","24.7","IAC,R 100 Hz 85 C A","15.0","","","IAC,max 100 Hz 60 C A=24.7; IAC,R 100 Hz 85 C A=15.0","CR Case ESRtyp ESRtyp Zmax IAC,max IAC,R Ordering code | 100 Hz dimensions 100 Hz 300 Hz 10 kHz 100 Hz 100 Hz (composition see | 20 C dxl 20 C 60 C 20 C 60 C 85 C below) | uF mm mOhm mOhm mOhm A A","34;9.0;55;24.7;15.0","3300 64.3 x 130.7 34 9.0 55 24.7 15.0 B437*5A5338M6##","parsed",""
"B43705_B43725.pdf","B43705/B43725","450","3300","76.9","105.7","B437*5B5338M6##","ESRtyp 100 Hz 20 C mOhm","34","ESRtyp 300 Hz 60 C mOhm","8.7","ESRtyp 100 Hz 20 C mOhm=34; ESRtyp 300 Hz 60 C mOhm=8.7","Zmax 10 kHz 20 C mOhm","55","Zmax 10 kHz 20 C mOhm=55","IAC,max 100 Hz 60 C A","26.5","IAC,R 100 Hz 85 C A","16.1","","","IAC,max 100 Hz 60 C A=26.5; IAC,R 100 Hz 85 C A=16.1","CR Case ESRtyp ESRtyp Zmax IAC,max IAC,R Ordering code | 100 Hz dimensions 100 Hz 300 Hz 10 kHz 100 Hz 100 Hz (composition see | 20 C dxl 20 C 60 C 20 C 60 C 85 C below) | uF mm mOhm mOhm mOhm A A","34;8.7;55;26.5;16.1","3300 76.9 x 105.7 34 8.7 55 26.5 16.1 B437*5B5338M6##","parsed",""
"B43705_B43725.pdf","B43705/B43725","450","3900","64.3","143.2","B437*5A5398M6##","ESRtyp 100 Hz 20 C mOhm","28","ESRtyp 300 Hz 60 C mOhm","7.8","ESRtyp 100 Hz 20 C mOhm=28; ESRtyp 300 Hz 60 C mOhm=7.8","Zmax 10 kHz 20 C mOhm","45","Zmax 10 kHz 20 C mOhm=45","IAC,max 100 Hz 60 C A","27.8","IAC,R 100 Hz 85 C A","16.9","","","IAC,max 100 Hz 60 C A=27.8; IAC,R 100 Hz 85 C A=16.9","CR Case ESRtyp ESRtyp Zmax IAC,max IAC,R Ordering code | 100 Hz dimensions 100 Hz 300 Hz 10 kHz 100 Hz 100 Hz (composition see | 20 C dxl 20 C 60 C 20 C 60 C 85 C below) | uF mm mOhm mOhm mOhm A A","28;7.8;45;27.8;16.9","3900 64.3 x 143.2 28 7.8 45 27.8 16.9 B437*5A5398M6##","parsed",""
"B43705_B43725.pdf","B43705/B43725","450","4700","76.9","118.2","B437*5A5478M6##","ESRtyp 100 Hz 20 C mOhm","24","ESRtyp 300 Hz 60 C mOhm","6.3","ESRtyp 100 Hz 20 C mOhm=24; ESRtyp 300 Hz 60 C mOhm=6.3","Zmax 10 kHz 20 C mOhm","38","Zmax 10 kHz 20 C mOhm=38","IAC,max 100 Hz 60 C A","33.6","IAC,R 100 Hz 85 C A","20.4","","","IAC,max 100 Hz 60 C A=33.6; IAC,R 100 Hz 85 C A=20.4","CR Case ESRtyp ESRtyp Zmax IAC,max IAC,R Ordering code | 100 Hz dimensions 100 Hz 300 Hz 10 kHz 100 Hz 100 Hz (composition see | 20 C dxl 20 C 60 C 20 C 60 C 85 C below) | uF mm mOhm mOhm mOhm A A","24;6.3;38;33.6;20.4","4700 76.9 x 118.2 24 6.3 38 33.6 20.4 B437*5A5478M6##","parsed",""
"B43705_B43725.pdf","B43705/B43725","450","5600","76.9","143.2","B437*5A5568M6##","ESRtyp 100 Hz 20 C mOhm","20","ESRtyp 300 Hz 60 C mOhm","5.3","ESRtyp 100 Hz 20 C mOhm=20; ESRtyp 300 Hz 60 C mOhm=5.3","Zmax 10 kHz 20 C mOhm","32","Zmax 10 kHz 20 C mOhm=32","IAC,max 100 Hz 60 C A","37.7","IAC,R 100 Hz 85 C A","22.9","","","IAC,max 100 Hz 60 C A=37.7; IAC,R 100 Hz 85 C A=22.9","CR Case ESRtyp ESRtyp Zmax IAC,max IAC,R Ordering code | 100 Hz dimensions 100 Hz 300 Hz 10 kHz 100 Hz 100 Hz (composition see | 20 C dxl 20 C 60 C 20 C 60 C 85 C below) | uF mm mOhm mOhm mOhm A A","20;5.3;32;37.7;22.9","5600 76.9 x 143.2 20 5.3 32 37.7 22.9 B437*5A5568M6##","parsed",""
"B43705_B43725.pdf","B43705/B43725","450","5600","90.0","120.0","B437*5B5568M6##","ESRtyp 100 Hz 20 C mOhm","20","ESRtyp 300 Hz 60 C mOhm","5.5","ESRtyp 100 Hz 20 C mOhm=20; ESRtyp 300 Hz 60 C mOhm=5.5","Zmax 10 kHz 20 C mOhm","32","Zmax 10 kHz 20 C mOhm=32","IAC,max 100 Hz 60 C A","38.6","IAC,R 100 Hz 85 C A","24.2","","","IAC,max 100 Hz 60 C A=38.6; IAC,R 100 Hz 85 C A=24.2","CR Case ESRtyp ESRtyp Zmax IAC,max IAC,R Ordering code | 100 Hz dimensions 100 Hz 300 Hz 10 kHz 100 Hz 100 Hz (composition see | 20 C dxl 20 C 60 C 20 C 60 C 85 C below) | uF mm mOhm mOhm mOhm A A","20;5.5;32;38.6;24.2","5600 90.0 x 120.0 20 5.5 32 38.6 24.2 B437*5B5568M6##","parsed",""
"B43705_B43725.pdf","B43705/B43725","450","6800","76.9","168.7","B437*5A5688M6##","ESRtyp 100 Hz 20 C mOhm","14","ESRtyp 300 Hz 60 C mOhm","4.0","ESRtyp 100 Hz 20 C mOhm=14; ESRtyp 300 Hz 60 C mOhm=4.0","Zmax 10 kHz 20 C mOhm","22","Zmax 10 kHz 20 C mOhm=22","IAC,max 100 Hz 60 C A","44.7","IAC,R 100 Hz 85 C A","28.0","","","IAC,max 100 Hz 60 C A=44.7; IAC,R 100 Hz 85 C A=28.0","CR Case ESRtyp ESRtyp Zmax IAC,max IAC,R Ordering code | 100 Hz dimensions 100 Hz 300 Hz 10 kHz 100 Hz 100 Hz (composition see | 20 C dxl 20 C 60 C 20 C 60 C 85 C below) | uF mm mOhm mOhm mOhm A A","14;4.0;22;44.7;28.0","6800 76.9 x 168.7 14 4.0 22 44.7 28.0 B437*5A5688M6##","parsed",""
"B43705_B43725.pdf","B43705/B43725","450","6800","90.0","144.5","B437*5B5688M6##","ESRtyp 100 Hz 20 C mOhm","17","ESRtyp 300 Hz 60 C mOhm","4.6","ESRtyp 100 Hz 20 C mOhm=17; ESRtyp 300 Hz 60 C mOhm=4.6","Zmax 10 kHz 20 C mOhm","28","Zmax 10 kHz 20 C mOhm=28","IAC,max 100 Hz 60 C A","43.4","IAC,R 100 Hz 85 C A","27.3","","","IAC,max 100 Hz 60 C A=43.4; IAC,R 100 Hz 85 C A=27.3","CR Case ESRtyp ESRtyp Zmax IAC,max IAC,R Ordering code | 100 Hz dimensions 100 Hz 300 Hz 10 kHz 100 Hz 100 Hz (composition see | 20 C dxl 20 C 60 C 20 C 60 C 85 C below) | uF mm mOhm mOhm mOhm A A","17;4.6;28;43.4;27.3","6800 90.0 x 144.5 17 4.6 28 43.4 27.3 B437*5B5688M6##","parsed",""
"B43705_B43725.pdf","B43705/B43725","450","8200","76.9","220.7","B437*5A5828M6##","ESRtyp 100 Hz 20 C mOhm","12","ESRtyp 300 Hz 60 C mOhm","3.3","ESRtyp 100 Hz 20 C mOhm=12; ESRtyp 300 Hz 60 C mOhm=3.3","Zmax 10 kHz 20 C mOhm","19","Zmax 10 kHz 20 C mOhm=19","IAC,max 100 Hz 60 C A","50.5","IAC,R 100 Hz 85 C A","31.7","","","IAC,max 100 Hz 60 C A=50.5; IAC,R 100 Hz 85 C A=31.7","CR Case ESRtyp ESRtyp Zmax IAC,max IAC,R Ordering code | 100 Hz dimensions 100 Hz 300 Hz 10 kHz 100 Hz 100 Hz (composition see | 20 C dxl 20 C 60 C 20 C 60 C 85 C below) | uF mm mOhm mOhm mOhm A A","12;3.3;19;50.5;31.7","8200 76.9 x 220.7 12 3.3 19 50.5 31.7 B437*5A5828M6##","parsed",""
"B43705_B43725.pdf","B43705/B43725","450","8200","90.0","170.0","B437*5B5828M6##","ESRtyp 100 Hz 20 C mOhm","12","ESRtyp 300 Hz 60 C mOhm","3.5","ESRtyp 100 Hz 20 C mOhm=12; ESRtyp 300 Hz 60 C mOhm=3.5","Zmax 10 kHz 20 C mOhm","19","Zmax 10 kHz 20 C mOhm=19","IAC,max 100 Hz 60 C A","50.4","IAC,R 100 Hz 85 C A","31.7","","","IAC,max 100 Hz 60 C A=50.4; IAC,R 100 Hz 85 C A=31.7","CR Case ESRtyp ESRtyp Zmax IAC,max IAC,R Ordering code | 100 Hz dimensions 100 Hz 300 Hz 10 kHz 100 Hz 100 Hz (composition see | 20 C dxl 20 C 60 C 20 C 60 C 85 C below) | uF mm mOhm mOhm mOhm A A","12;3.5;19;50.4;31.7","8200 90.0 x 170.0 12 3.5 19 50.4 31.7 B437*5B5828M6##","parsed",""
"B43705_B43725.pdf","B43705/B43725","450","10000","90.0","197.0","B437*5A5109M6##","ESRtyp 100 Hz 20 C mOhm","10","ESRtyp 300 Hz 60 C mOhm","2.9","ESRtyp 100 Hz 20 C mOhm=10; ESRtyp 300 Hz 60 C mOhm=2.9","Zmax 10 kHz 20 C mOhm","16","Zmax 10 kHz 20 C mOhm=16","IAC,max 100 Hz 60 C A","57.5","IAC,R 100 Hz 85 C A","36.2","","","IAC,max 100 Hz 60 C A=57.5; IAC,R 100 Hz 85 C A=36.2","CR Case ESRtyp ESRtyp Zmax IAC,max IAC,R Ordering code | 100 Hz dimensions 100 Hz 300 Hz 10 kHz 100 Hz 100 Hz (composition see | 20 C dxl 20 C 60 C 20 C 60 C 85 C below) | uF mm mOhm mOhm mOhm A A","10;2.9;16;57.5;36.2","10000 90.0 x 197.0 10 2.9 16 57.5 36.2 B437*5A5109M6##","parsed",""
"B43705_B43725.pdf","B43705/B43725","450","12000","90.0","221.0","B437*5A5129M6##","ESRtyp 100 Hz 20 C mOhm","8.4","ESRtyp 300 Hz 60 C mOhm","2.5","ESRtyp 100 Hz 20 C mOhm=8.4; ESRtyp 300 Hz 60 C mOhm=2.5","Zmax 10 kHz 20 C mOhm","14","Zmax 10 kHz 20 C mOhm=14","IAC,max 100 Hz 60 C A","65.4","IAC,R 100 Hz 85 C A","41.1","","","IAC,max 100 Hz 60 C A=65.4; IAC,R 100 Hz 85 C A=41.1","CR Case ESRtyp ESRtyp Zmax IAC,max IAC,R Ordering code | 100 Hz dimensions 100 Hz 300 Hz 10 kHz 100 Hz 100 Hz (composition see | 20 C dxl 20 C 60 C 20 C 60 C 85 C below) | uF mm mOhm mOhm mOhm A A","8.4;2.5;14;65.4;41.1","12000 90.0 x 221.0 8.4 2.5 14 65.4 41.1 B437*5A5129M6##","parsed",""
"B43706_B43726.pdf","B43706/B43726","400","1500","51.6","80.7","B437*6A9158M6##","ESRtyp 100 Hz 20 C mOhm","50","ESRtyp 300 Hz 60 C mOhm","14","ESRtyp 100 Hz 20 C mOhm=50; ESRtyp 300 Hz 60 C mOhm=14","Zmax 10 kHz 20 C mOhm","70","Zmax 10 kHz 20 C mOhm=70","IAC,max 100 Hz 60 C A","15.9","IAC,R 100 Hz 85 C A","11.1","","","IAC,max 100 Hz 60 C A=15.9; IAC,R 100 Hz 85 C A=11.1","CR Case ESRtyp ESRtyp Zmax IAC,max IAC,R Ordering code | 100 Hz dimensions 100 Hz 300 Hz 10 kHz 100 Hz 100 Hz (composition see | 20 C dxl 20 C 60 C 20 C 60 C 85 C below) | uF mm mOhm mOhm mOhm A A","50;14;70;15.9;11.1","1500 51.6 x 80.7 50 14 70 15.9 11.1 B437*6A9158M6##","parsed",""
"B43706_B43726.pdf","B43706/B43726","400","1800","51.6","96.7","B437*6A9188M6##","ESRtyp 100 Hz 20 C mOhm","40","ESRtyp 300 Hz 60 C mOhm","12","ESRtyp 100 Hz 20 C mOhm=40; ESRtyp 300 Hz 60 C mOhm=12","Zmax 10 kHz 20 C mOhm","60","Zmax 10 kHz 20 C mOhm=60","IAC,max 100 Hz 60 C A","18.0","IAC,R 100 Hz 85 C A","12.6","","","IAC,max 100 Hz 60 C A=18.0; IAC,R 100 Hz 85 C A=12.6","CR Case ESRtyp ESRtyp Zmax IAC,max IAC,R Ordering code | 100 Hz dimensions 100 Hz 300 Hz 10 kHz 100 Hz 100 Hz (composition see | 20 C dxl 20 C 60 C 20 C 60 C 85 C below) | uF mm mOhm mOhm mOhm A A","40;12;60;18.0;12.6","1800 51.6 x 96.7 40 12 60 18.0 12.6 B437*6A9188M6##","parsed",""
"B43706_B43726.pdf","B43706/B43726","400","2200","51.6","105.7","B437*6A9228M6##","ESRtyp 100 Hz 20 C mOhm","32","ESRtyp 300 Hz 60 C mOhm","10","ESRtyp 100 Hz 20 C mOhm=32; ESRtyp 300 Hz 60 C mOhm=10","Zmax 10 kHz 20 C mOhm","50","Zmax 10 kHz 20 C mOhm=50","IAC,max 100 Hz 60 C A","20.7","IAC,R 100 Hz 85 C A","14.5","","","IAC,max 100 Hz 60 C A=20.7; IAC,R 100 Hz 85 C A=14.5","CR Case ESRtyp ESRtyp Zmax IAC,max IAC,R Ordering code | 100 Hz dimensions 100 Hz 300 Hz 10 kHz 100 Hz 100 Hz (composition see | 20 C dxl 20 C 60 C 20 C 60 C 85 C below) | uF mm mOhm mOhm mOhm A A","32;10;50;20.7;14.5","2200 51.6 x 105.7 32 10 50 20.7 14.5 B437*6A9228M6##","parsed",""
"B43706_B43726.pdf","B43706/B43726","400","2200","64.3","80.7","B437*6B9228M6##","ESRtyp 100 Hz 20 C mOhm","34","ESRtyp 300 Hz 60 C mOhm","10","ESRtyp 100 Hz 20 C mOhm=34; ESRtyp 300 Hz 60 C mOhm=10","Zmax 10 kHz 20 C mOhm","50","Zmax 10 kHz 20 C mOhm=50","IAC,max 100 Hz 60 C A","20.9","IAC,R 100 Hz 85 C A","14.6","","","IAC,max 100 Hz 60 C A=20.9; IAC,R 100 Hz 85 C A=14.6","CR Case ESRtyp ESRtyp Zmax IAC,max IAC,R Ordering code | 100 Hz dimensions 100 Hz 300 Hz 10 kHz 100 Hz 100 Hz (composition see | 20 C dxl 20 C 60 C 20 C 60 C 85 C below) | uF mm mOhm mOhm mOhm A A","34;10;50;20.9;14.6","2200 64.3 x 80.7 34 10 50 20.9 14.6 B437*6B9228M6##","parsed",""
"B43706_B43726.pdf","B43706/B43726","400","2700","51.6","130.7","B437*6A9278M6##","ESRtyp 100 Hz 20 C mOhm","26","ESRtyp 300 Hz 60 C mOhm","8.2","ESRtyp 100 Hz 20 C mOhm=26; ESRtyp 300 Hz 60 C mOhm=8.2","Zmax 10 kHz 20 C mOhm","40","Zmax 10 kHz 20 C mOhm=40","IAC,max 100 Hz 60 C A","24.0","IAC,R 100 Hz 85 C A","16.8","","","IAC,max 100 Hz 60 C A=24.0; IAC,R 100 Hz 85 C A=16.8","CR Case ESRtyp ESRtyp Zmax IAC,max IAC,R Ordering code | 100 Hz dimensions 100 Hz 300 Hz 10 kHz 100 Hz 100 Hz (composition see | 20 C dxl 20 C 60 C 20 C 60 C 85 C below) | uF mm mOhm mOhm mOhm A A","26;8.2;40;24.0;16.8","2700 51.6 x 130.7 26 8.2 40 24.0 16.8 B437*6A9278M6##","parsed",""
"B43706_B43726.pdf","B43706/B43726","400","2700","64.3","96.7","B437*6B9278M6##","ESRtyp 100 Hz 20 C mOhm","28","ESRtyp 300 Hz 60 C mOhm","8.3","ESRtyp 100 Hz 20 C mOhm=28; ESRtyp 300 Hz 60 C mOhm=8.3","Zmax 10 kHz 20 C mOhm","40","Zmax 10 kHz 20 C mOhm=40","IAC,max 100 Hz 60 C A","23.9","IAC,R 100 Hz 85 C A","16.7","","","IAC,max 100 Hz 60 C A=23.9; IAC,R 100 Hz 85 C A=16.7","CR Case ESRtyp ESRtyp Zmax IAC,max IAC,R Ordering code | 100 Hz dimensions 100 Hz 300 Hz 10 kHz 100 Hz 100 Hz (composition see | 20 C dxl 20 C 60 C 20 C 60 C 85 C below) | uF mm mOhm mOhm mOhm A A","28;8.3;40;23.9;16.7","2700 64.3 x 96.7 28 8.3 40 23.9 16.7 B437*6B9278M6##","parsed",""
"B43706_B43726.pdf","B43706/B43726","400","3300","64.3","105.7","B437*6A9338M6##","ESRtyp 100 Hz 20 C mOhm","22","ESRtyp 300 Hz 60 C mOhm","7.0","ESRtyp 100 Hz 20 C mOhm=22; ESRtyp 300 Hz 60 C mOhm=7.0","Zmax 10 kHz 20 C mOhm","32","Zmax 10 kHz 20 C mOhm=32","IAC,max 100 Hz 60 C A","27.2","IAC,R 100 Hz 85 C A","19.0","","","IAC,max 100 Hz 60 C A=27.2; IAC,R 100 Hz 85 C A=19.0","CR Case ESRtyp ESRtyp Zmax IAC,max IAC,R Ordering code | 100 Hz dimensions 100 Hz 300 Hz 10 kHz 100 Hz 100 Hz (composition see | 20 C dxl 20 C 60 C 20 C 60 C 85 C below) | uF mm mOhm mOhm mOhm A A","22;7.0;32;27.2;19.0","3300 64.3 x 105.7 22 7.0 32 27.2 19.0 B437*6A9338M6##","parsed",""
"B43706_B43726.pdf","B43706/B43726","400","3900","64.3","118.2","B437*6A9398M6##","ESRtyp 100 Hz 20 C mOhm","19","ESRtyp 300 Hz 60 C mOhm","6.0","ESRtyp 100 Hz 20 C mOhm=19; ESRtyp 300 Hz 60 C mOhm=6.0","Zmax 10 kHz 20 C mOhm","28","Zmax 10 kHz 20 C mOhm=28","IAC,max 100 Hz 60 C A","30.5","IAC,R 100 Hz 85 C A","21.3","","","IAC,max 100 Hz 60 C A=30.5; IAC,R 100 Hz 85 C A=21.3","CR Case ESRtyp ESRtyp Zmax IAC,max IAC,R Ordering code | 100 Hz dimensions 100 Hz 300 Hz 10 kHz 100 Hz 100 Hz (composition see | 20 C dxl 20 C 60 C 20 C 60 C 85 C below) | uF mm mOhm mOhm mOhm A A","19;6.0;28;30.5;21.3","3900 64.3 x 118.2 19 6.0 28 30.5 21.3 B437*6A9398M6##","parsed",""
"B43706_B43726.pdf","B43706/B43726","400","3900","76.9","96.7","B437*6B9398M6##","ESRtyp 100 Hz 20 C mOhm","19","ESRtyp 300 Hz 60 C mOhm","5.7","ESRtyp 100 Hz 20 C mOhm=19; ESRtyp 300 Hz 60 C mOhm=5.7","Zmax 10 kHz 20 C mOhm","26","Zmax 10 kHz 20 C mOhm=26","IAC,max 100 Hz 60 C A","33.0","IAC,R 100 Hz 85 C A","23.1","","","IAC,max 100 Hz 60 C A=33.0; IAC,R 100 Hz 85 C A=23.1","CR Case ESRtyp ESRtyp Zmax IAC,max IAC,R Ordering code | 100 Hz dimensions 100 Hz 300 Hz 10 kHz 100 Hz 100 Hz (composition see | 20 C dxl 20 C 60 C 20 C 60 C 85 C below) | uF mm mOhm mOhm mOhm A A","19;5.7;26;33.0;23.1","3900 76.9 x 96.7 19 5.7 26 33.0 23.1 B437*6B9398M6##","parsed",""
"B43706_B43726.pdf","B43706/B43726","400","4700","64.3","130.7","B437*6A9478M6##","ESRtyp 100 Hz 20 C mOhm","16","ESRtyp 300 Hz 60 C mOhm","5.1","ESRtyp 100 Hz 20 C mOhm=16; ESRtyp 300 Hz 60 C mOhm=5.1","Zmax 10 kHz 20 C mOhm","24","Zmax 10 kHz 20 C mOhm=24","IAC,max 100 Hz 60 C A","34.8","IAC,R 100 Hz 85 C A","24.3","","","IAC,max 100 Hz 60 C A=34.8; IAC,R 100 Hz 85 C A=24.3","CR Case ESRtyp ESRtyp Zmax IAC,max IAC,R Ordering code | 100 Hz dimensions 100 Hz 300 Hz 10 kHz 100 Hz 100 Hz (composition see | 20 C dxl 20 C 60 C 20 C 60 C 85 C below) | uF mm mOhm mOhm mOhm A A","16;5.1;24;34.8;24.3","4700 64.3 x 130.7 16 5.1 24 34.8 24.3 B437*6A9478M6##","parsed",""
"B43706_B43726.pdf","B43706/B43726","400","4700","76.9","105.7","B437*6B9478M6##","ESRtyp 100 Hz 20 C mOhm","16","ESRtyp 300 Hz 60 C mOhm","4.8","ESRtyp 100 Hz 20 C mOhm=16; ESRtyp 300 Hz 60 C mOhm=4.8","Zmax 10 kHz 20 C mOhm","22","Zmax 10 kHz 20 C mOhm=22","IAC,max 100 Hz 60 C A","37.2","IAC,R 100 Hz 85 C A","26.0","","","IAC,max 100 Hz 60 C A=37.2; IAC,R 100 Hz 85 C A=26.0","CR Case ESRtyp ESRtyp Zmax IAC,max IAC,R Ordering code | 100 Hz dimensions 100 Hz 300 Hz 10 kHz 100 Hz 100 Hz (composition see | 20 C dxl 20 C 60 C 20 C 60 C 85 C below) | uF mm mOhm mOhm mOhm A A","16;4.8;22;37.2;26.0","4700 76.9 x 105.7 16 4.8 22 37.2 26.0 B437*6B9478M6##","parsed",""
"B43706_B43726.pdf","B43706/B43726","400","5600","76.9","118.2","B437*6A9568M6##","ESRtyp 100 Hz 20 C mOhm","13","ESRtyp 300 Hz 60 C mOhm","4.1","ESRtyp 100 Hz 20 C mOhm=13; ESRtyp 300 Hz 60 C mOhm=4.1","Zmax 10 kHz 20 C mOhm","20","Zmax 10 kHz 20 C mOhm=20","IAC,max 100 Hz 60 C A","41.7","IAC,R 100 Hz 85 C A","29.1","","","IAC,max 100 Hz 60 C A=41.7; IAC,R 100 Hz 85 C A=29.1","CR Case ESRtyp ESRtyp Zmax IAC,max IAC,R Ordering code | 100 Hz dimensions 100 Hz 300 Hz 10 kHz 100 Hz 100 Hz (composition see | 20 C dxl 20 C 60 C 20 C 60 C 85 C below) | uF mm mOhm mOhm mOhm A A","13;4.1;20;41.7;29.1","5600 76.9 x 118.2 13 4.1 20 41.7 29.1 B437*6A9568M6##","parsed",""
"B43706_B43726.pdf","B43706/B43726","400","6800","76.9","143.2","B437*6A9688M6##","ESRtyp 100 Hz 20 C mOhm","11","ESRtyp 300 Hz 60 C mOhm","3.4","ESRtyp 100 Hz 20 C mOhm=11; ESRtyp 300 Hz 60 C mOhm=3.4","Zmax 10 kHz 20 C mOhm","16","Zmax 10 kHz 20 C mOhm=16","IAC,max 100 Hz 60 C A","47.3","IAC,R 100 Hz 85 C A","33.0","","","IAC,max 100 Hz 60 C A=47.3; IAC,R 100 Hz 85 C A=33.0","CR Case ESRtyp ESRtyp Zmax IAC,max IAC,R Ordering code | 100 Hz dimensions 100 Hz 300 Hz 10 kHz 100 Hz 100 Hz (composition see | 20 C dxl 20 C 60 C 20 C 60 C 85 C below) | uF mm mOhm mOhm mOhm A A","11;3.4;16;47.3;33.0","6800 76.9 x 143.2 11 3.4 16 47.3 33.0 B437*6A9688M6##","parsed",""
"B43706_B43726.pdf","B43706/B43726","400","6800","90.0","120.0","B437*6B9688M6##","ESRtyp 100 Hz 20 C mOhm","11","ESRtyp 300 Hz 60 C mOhm","3.6","ESRtyp 100 Hz 20 C mOhm=11; ESRtyp 300 Hz 60 C mOhm=3.6","Zmax 10 kHz 20 C mOhm","16","Zmax 10 kHz 20 C mOhm=16","IAC,max 100 Hz 60 C A","48.4","IAC,R 100 Hz 85 C A","33.8","","","IAC,max 100 Hz 60 C A=48.4; IAC,R 100 Hz 85 C A=33.8","CR Case ESRtyp ESRtyp Zmax IAC,max IAC,R Ordering code | 100 Hz dimensions 100 Hz 300 Hz 10 kHz 100 Hz 100 Hz (composition see | 20 C dxl 20 C 60 C 20 C 60 C 85 C below) | uF mm mOhm mOhm mOhm A A","11;3.6;16;48.4;33.8","6800 90.0 x 120.0 11 3.6 16 48.4 33.8 B437*6B9688M6##","parsed",""
"B43706_B43726.pdf","B43706/B43726","400","8200","76.9","156.2","B437*6A9828M6##","ESRtyp 100 Hz 20 C mOhm","9.0","ESRtyp 300 Hz 60 C mOhm","2.9","ESRtyp 100 Hz 20 C mOhm=9.0; ESRtyp 300 Hz 60 C mOhm=2.9","Zmax 10 kHz 20 C mOhm","13","Zmax 10 kHz 20 C mOhm=13","IAC,max 100 Hz 60 C A","54.0","IAC,R 100 Hz 85 C A","37.7","","","IAC,max 100 Hz 60 C A=54.0; IAC,R 100 Hz 85 C A=37.7","CR Case ESRtyp ESRtyp Zmax IAC,max IAC,R Ordering code | 100 Hz dimensions 100 Hz 300 Hz 10 kHz 100 Hz 100 Hz (composition see | 20 C dxl 20 C 60 C 20 C 60 C 85 C below) | uF mm mOhm mOhm mOhm A A","9.0;2.9;13;54.0;37.7","8200 76.9 x 156.2 9.0 2.9 13 54.0 37.7 B437*6A9828M6##","parsed",""
"B43706_B43726.pdf","B43706/B43726","400","10000","76.9","190.7","B437*6A9109M6##","ESRtyp 100 Hz 20 C mOhm","7.4","ESRtyp 300 Hz 60 C mOhm","2.4","ESRtyp 100 Hz 20 C mOhm=7.4; ESRtyp 300 Hz 60 C mOhm=2.4","Zmax 10 kHz 20 C mOhm","11","Zmax 10 kHz 20 C mOhm=11","IAC,max 100 Hz 60 C A","61.9","IAC,R 100 Hz 85 C A","43.3","","","IAC,max 100 Hz 60 C A=61.9; IAC,R 100 Hz 85 C A=43.3","CR Case ESRtyp ESRtyp Zmax IAC,max IAC,R Ordering code | 100 Hz dimensions 100 Hz 300 Hz 10 kHz 100 Hz 100 Hz (composition see | 20 C dxl 20 C 60 C 20 C 60 C 85 C below) | uF mm mOhm mOhm mOhm A A","7.4;2.4;11;61.9;43.3","10000 76.9 x 190.7 7.4 2.4 11 61.9 43.3 B437*6A9109M6##","parsed",""
"B43706_B43726.pdf","B43706/B43726","400","10000","90.0","144.5","B437*6B9109M6##","ESRtyp 100 Hz 20 C mOhm","7.6","ESRtyp 300 Hz 60 C mOhm","2.6","ESRtyp 100 Hz 20 C mOhm=7.6; ESRtyp 300 Hz 60 C mOhm=2.6","Zmax 10 kHz 20 C mOhm","12","Zmax 10 kHz 20 C mOhm=12","IAC,max 100 Hz 60 C A","61.9","IAC,R 100 Hz 85 C A","43.2","","","IAC,max 100 Hz 60 C A=61.9; IAC,R 100 Hz 85 C A=43.2","CR Case ESRtyp ESRtyp Zmax IAC,max IAC,R Ordering code | 100 Hz dimensions 100 Hz 300 Hz 10 kHz 100 Hz 100 Hz (composition see | 20 C dxl 20 C 60 C 20 C 60 C 85 C below) | uF mm mOhm mOhm mOhm A A","7.6;2.6;12;61.9;43.2","10000 90.0 x 144.5 7.6 2.6 12 61.9 43.2 B437*6B9109M6##","parsed",""
"B43706_B43726.pdf","B43706/B43726","400","12000","76.9","220.7","B437*6A9129M6##","ESRtyp 100 Hz 20 C mOhm","6.2","ESRtyp 300 Hz 60 C mOhm","2.1","ESRtyp 100 Hz 20 C mOhm=6.2; ESRtyp 300 Hz 60 C mOhm=2.1","Zmax 10 kHz 20 C mOhm","10","Zmax 10 kHz 20 C mOhm=10","IAC,max 100 Hz 60 C A","70.7","IAC,R 100 Hz 85 C A","49.4","","","IAC,max 100 Hz 60 C A=70.7; IAC,R 100 Hz 85 C A=49.4","CR Case ESRtyp ESRtyp Zmax IAC,max IAC,R Ordering code | 100 Hz dimensions 100 Hz 300 Hz 10 kHz 100 Hz 100 Hz (composition see | 20 C dxl 20 C 60 C 20 C 60 C 85 C below) | uF mm mOhm mOhm mOhm A A","6.2;2.1;10;70.7;49.4","12000 76.9 x 220.7 6.2 2.1 10 70.7 49.4 B437*6A9129M6##","parsed",""
"B43706_B43726.pdf","B43706/B43726","400","12000","90.0","170.0","B437*6B9129M6##","ESRtyp 100 Hz 20 C mOhm","6.3","ESRtyp 300 Hz 60 C mOhm","2.2","ESRtyp 100 Hz 20 C mOhm=6.3; ESRtyp 300 Hz 60 C mOhm=2.2","Zmax 10 kHz 20 C mOhm","10","Zmax 10 kHz 20 C mOhm=10","IAC,max 100 Hz 60 C A","69.6","IAC,R 100 Hz 85 C A","48.6","","","IAC,max 100 Hz 60 C A=69.6; IAC,R 100 Hz 85 C A=48.6","CR Case ESRtyp ESRtyp Zmax IAC,max IAC,R Ordering code | 100 Hz dimensions 100 Hz 300 Hz 10 kHz 100 Hz 100 Hz (composition see | 20 C dxl 20 C 60 C 20 C 60 C 85 C below) | uF mm mOhm mOhm mOhm A A","6.3;2.2;10;69.6;48.6","12000 90.0 x 170.0 6.3 2.2 10 69.6 48.6 B437*6B9129M6##","parsed",""
"B43706_B43726.pdf","B43706/B43726","400","15000","90.0","221.0","B437*6A9159M6##","ESRtyp 100 Hz 20 C mOhm","5.1","ESRtyp 300 Hz 60 C mOhm","1.8","ESRtyp 100 Hz 20 C mOhm=5.1; ESRtyp 300 Hz 60 C mOhm=1.8","Zmax 10 kHz 20 C mOhm","8","Zmax 10 kHz 20 C mOhm=8","IAC,max 100 Hz 60 C A","80.1","IAC,R 100 Hz 85 C A","56.1","","","IAC,max 100 Hz 60 C A=80.1; IAC,R 100 Hz 85 C A=56.1","CR Case ESRtyp ESRtyp Zmax IAC,max IAC,R Ordering code | 100 Hz dimensions 100 Hz 300 Hz 10 kHz 100 Hz 100 Hz (composition see | 20 C dxl 20 C 60 C 20 C 60 C 85 C below) | uF mm mOhm mOhm mOhm A A","5.1;1.8;8;80.1;56.1","15000 90.0 x 221.0 5.1 1.8 8 80.1 56.1 B437*6A9159M6##","parsed",""
"B43706_B43726.pdf","B43706/B43726","450","1000","51.6","80.7","B437*6A5108M6##","ESRtyp 100 Hz 20 C mOhm","90","ESRtyp 300 Hz 60 C mOhm","24","ESRtyp 100 Hz 20 C mOhm=90; ESRtyp 300 Hz 60 C mOhm=24","Zmax 10 kHz 20 C mOhm","140","Zmax 10 kHz 20 C mOhm=140","IAC,max 100 Hz 60 C A","11.8","IAC,R 100 Hz 85 C A","8.45","","","IAC,max 100 Hz 60 C A=11.8; IAC,R 100 Hz 85 C A=8.45","CR Case ESRtyp ESRtyp Zmax IAC,max IAC,R Ordering code | 100 Hz dimensions 100 Hz 300 Hz 10 kHz 100 Hz 100 Hz (composition see | 20 C dxl 20 C 60 C 20 C 60 C 85 C below) | uF mm mOhm mOhm mOhm A A","90;24;140;11.8;8.45","1000 51.6 x 80.7 90 24 140 11.8 8.45 B437*6A5108M6##","parsed",""
"B43706_B43726.pdf","B43706/B43726","450","1200","51.6","96.7","B437*6A5128M6##","ESRtyp 100 Hz 20 C mOhm","75","ESRtyp 300 Hz 60 C mOhm","20","ESRtyp 100 Hz 20 C mOhm=75; ESRtyp 300 Hz 60 C mOhm=20","Zmax 10 kHz 20 C mOhm","110","Zmax 10 kHz 20 C mOhm=110","IAC,max 100 Hz 60 C A","14.2","IAC,R 100 Hz 85 C A","9.53","","","IAC,max 100 Hz 60 C A=14.2; IAC,R 100 Hz 85 C A=9.53","CR Case ESRtyp ESRtyp Zmax IAC,max IAC,R Ordering code | 100 Hz dimensions 100 Hz 300 Hz 10 kHz 100 Hz 100 Hz (composition see | 20 C dxl 20 C 60 C 20 C 60 C 85 C below) | uF mm mOhm mOhm mOhm A A","75;20;110;14.2;9.53","1200 51.6 x 96.7 75 20 110 14.2 9.53 B437*6A5128M6##","parsed",""
"B43706_B43726.pdf","B43706/B43726","450","1500","51.6","96.7","B437*6A5158M6##","ESRtyp 100 Hz 20 C mOhm","60","ESRtyp 300 Hz 60 C mOhm","16","ESRtyp 100 Hz 20 C mOhm=60; ESRtyp 300 Hz 60 C mOhm=16","Zmax 10 kHz 20 C mOhm","90","Zmax 10 kHz 20 C mOhm=90","IAC,max 100 Hz 60 C A","16.9","IAC,R 100 Hz 85 C A","11.1","","","IAC,max 100 Hz 60 C A=16.9; IAC,R 100 Hz 85 C A=11.1","CR Case ESRtyp ESRtyp Zmax IAC,max IAC,R Ordering code | 100 Hz dimensions 100 Hz 300 Hz 10 kHz 100 Hz 100 Hz (composition see | 20 C dxl 20 C 60 C 20 C 60 C 85 C below) | uF mm mOhm mOhm mOhm A A","60;16;90;16.9;11.1","1500 51.6 x 96.7 60 16 90 16.9 11.1 B437*6A5158M6##","parsed",""
"B43706_B43726.pdf","B43706/B43726","450","1800","51.6","118.2","B437*6A5188M6##","ESRtyp 100 Hz 20 C mOhm","50","ESRtyp 300 Hz 60 C mOhm","14","ESRtyp 100 Hz 20 C mOhm=50; ESRtyp 300 Hz 60 C mOhm=14","Zmax 10 kHz 20 C mOhm","75","Zmax 10 kHz 20 C mOhm=75","IAC,max 100 Hz 60 C A","19.2","IAC,R 100 Hz 85 C A","12.6","","","IAC,max 100 Hz 60 C A=19.2; IAC,R 100 Hz 85 C A=12.6","CR Case ESRtyp ESRtyp Zmax IAC,max IAC,R Ordering code | 100 Hz dimensions 100 Hz 300 Hz 10 kHz 100 Hz 100 Hz (composition see | 20 C dxl 20 C 60 C 20 C 60 C 85 C below) | uF mm mOhm mOhm mOhm A A","50;14;75;19.2;12.6","1800 51.6 x 118.2 50 14 75 19.2 12.6 B437*6A5188M6##","parsed",""
"B43706_B43726.pdf","B43706/B43726","450","1800","64.3","80.7","B437*6B5188M6##","ESRtyp 100 Hz 20 C mOhm","50","ESRtyp 300 Hz 60 C mOhm","14","ESRtyp 100 Hz 20 C mOhm=50; ESRtyp 300 Hz 60 C mOhm=14","Zmax 10 kHz 20 C mOhm","75","Zmax 10 kHz 20 C mOhm=75","IAC,max 100 Hz 60 C A","19.4","IAC,R 100 Hz 85 C A","12.7","","","IAC,max 100 Hz 60 C A=19.4; IAC,R 100 Hz 85 C A=12.7","CR Case ESRtyp ESRtyp Zmax IAC,max IAC,R Ordering code | 100 Hz dimensions 100 Hz 300 Hz 10 kHz 100 Hz 100 Hz (composition see | 20 C dxl 20 C 60 C 20 C 60 C 85 C below) | uF mm mOhm mOhm mOhm A A","50;14;75;19.4;12.7","1800 64.3 x 80.7 50 14 75 19.4 12.7 B437*6B5188M6##","parsed",""
"B43706_B43726.pdf","B43706/B43726","450","2200","51.6","130.7","B437*6A5228M6##","ESRtyp 100 Hz 20 C mOhm","40","ESRtyp 300 Hz 60 C mOhm","11","ESRtyp 100 Hz 20 C mOhm=40; ESRtyp 300 Hz 60 C mOhm=11","Zmax 10 kHz 20 C mOhm","60","Zmax 10 kHz 20 C mOhm=60","IAC,max 100 Hz 60 C A","22.3","IAC,R 100 Hz 85 C A","14.6","","","IAC,max 100 Hz 60 C A=22.3; IAC,R 100 Hz 85 C A=14.6","CR Case ESRtyp ESRtyp Zmax IAC,max IAC,R Ordering code | 100 Hz dimensions 100 Hz 300 Hz 10 kHz 100 Hz 100 Hz (composition see | 20 C dxl 20 C 60 C 20 C 60 C 85 C below) | uF mm mOhm mOhm mOhm A A","40;11;60;22.3;14.6","2200 51.6 x 130.7 40 11 60 22.3 14.6 B437*6A5228M6##","parsed",""
"B43706_B43726.pdf","B43706/B43726","450","2200","64.3","96.7","B437*6B5228M6##","ESRtyp 100 Hz 20 C mOhm","40","ESRtyp 300 Hz 60 C mOhm","11","ESRtyp 100 Hz 20 C mOhm=40; ESRtyp 300 Hz 60 C mOhm=11","Zmax 10 kHz 20 C mOhm","65","Zmax 10 kHz 20 C mOhm=65","IAC,max 100 Hz 60 C A","22.1","IAC,R 100 Hz 85 C A","14.5","","","IAC,max 100 Hz 60 C A=22.1; IAC,R 100 Hz 85 C A=14.5","CR Case ESRtyp ESRtyp Zmax IAC,max IAC,R Ordering code | 100 Hz dimensions 100 Hz 300 Hz 10 kHz 100 Hz 100 Hz (composition see | 20 C dxl 20 C 60 C 20 C 60 C 85 C below) | uF mm mOhm mOhm mOhm A A","40;11;65;22.1;14.5","2200 64.3 x 96.7 40 11 65 22.1 14.5 B437*6B5228M6##","parsed",""
"B43706_B43726.pdf","B43706/B43726","450","2700","64.3","105.7","B437*6A5278M6##","ESRtyp 100 Hz 20 C mOhm","34","ESRtyp 300 Hz 60 C mOhm","9.4","ESRtyp 100 Hz 20 C mOhm=34; ESRtyp 300 Hz 60 C mOhm=9.4","Zmax 10 kHz 20 C mOhm","50","Zmax 10 kHz 20 C mOhm=50","IAC,max 100 Hz 60 C A","25.3","IAC,R 100 Hz 85 C A","16.6","","","IAC,max 100 Hz 60 C A=25.3; IAC,R 100 Hz 85 C A=16.6","CR Case ESRtyp ESRtyp Zmax IAC,max IAC,R Ordering code | 100 Hz dimensions 100 Hz 300 Hz 10 kHz 100 Hz 100 Hz (composition see | 20 C dxl 20 C 60 C 20 C 60 C 85 C below) | uF mm mOhm mOhm mOhm A A","34;9.4;50;25.3;16.6","2700 64.3 x 105.7 34 9.4 50 25.3 16.6 B437*6A5278M6##","parsed",""
"B43706_B43726.pdf","B43706/B43726","450","2700","76.9","96.7","B437*6B5278M6##","ESRtyp 100 Hz 20 C mOhm","34","ESRtyp 300 Hz 60 C mOhm","9.0","ESRtyp 100 Hz 20 C mOhm=34; ESRtyp 300 Hz 60 C mOhm=9.0","Zmax 10 kHz 20 C mOhm","50","Zmax 10 kHz 20 C mOhm=50","IAC,max 100 Hz 60 C A","27.3","IAC,R 100 Hz 85 C A","17.9","","","IAC,max 100 Hz 60 C A=27.3; IAC,R 100 Hz 85 C A=17.9","CR Case ESRtyp ESRtyp Zmax IAC,max IAC,R Ordering code | 100 Hz dimensions 100 Hz 300 Hz 10 kHz 100 Hz 100 Hz (composition see | 20 C dxl 20 C 60 C 20 C 60 C 85 C below) | uF mm mOhm mOhm mOhm A A","34;9.0;50;27.3;17.9","2700 76.9 x 96.7 34 9.0 50 27.3 17.9 B437*6B5278M6##","parsed",""
"B43706_B43726.pdf","B43706/B43726","450","3300","64.3","130.7","B437*6A5338M6##","ESRtyp 100 Hz 20 C mOhm","28","ESRtyp 300 Hz 60 C mOhm","7.8","ESRtyp 100 Hz 20 C mOhm=28; ESRtyp 300 Hz 60 C mOhm=7.8","Zmax 10 kHz 20 C mOhm","45","Zmax 10 kHz 20 C mOhm=45","IAC,max 100 Hz 60 C A","29.0","IAC,R 100 Hz 85 C A","19.0","","","IAC,max 100 Hz 60 C A=29.0; IAC,R 100 Hz 85 C A=19.0","CR Case ESRtyp ESRtyp Zmax IAC,max IAC,R Ordering code | 100 Hz dimensions 100 Hz 300 Hz 10 kHz 100 Hz 100 Hz (composition see | 20 C dxl 20 C 60 C 20 C 60 C 85 C below) | uF mm mOhm mOhm mOhm A A","28;7.8;45;29.0;19.0","3300 64.3 x 130.7 28 7.8 45 29.0 19.0 B437*6A5338M6##","parsed",""
"B43706_B43726.pdf","B43706/B43726","450","3300","76.9","105.7","B437*6B5338M6##","ESRtyp 100 Hz 20 C mOhm","28","ESRtyp 300 Hz 60 C mOhm","7.5","ESRtyp 100 Hz 20 C mOhm=28; ESRtyp 300 Hz 60 C mOhm=7.5","Zmax 10 kHz 20 C mOhm","40","Zmax 10 kHz 20 C mOhm=40","IAC,max 100 Hz 60 C A","31.2","IAC,R 100 Hz 85 C A","20.4","","","IAC,max 100 Hz 60 C A=31.2; IAC,R 100 Hz 85 C A=20.4","CR Case ESRtyp ESRtyp Zmax IAC,max IAC,R Ordering code | 100 Hz dimensions 100 Hz 300 Hz 10 kHz 100 Hz 100 Hz (composition see | 20 C dxl 20 C 60 C 20 C 60 C 85 C below) | uF mm mOhm mOhm mOhm A A","28;7.5;40;31.2;20.4","3300 76.9 x 105.7 28 7.5 40 31.2 20.4 B437*6B5338M6##","parsed",""
"B43706_B43726.pdf","B43706/B43726","450","3900","64.3","143.2","B437*6A5398M6##","ESRtyp 100 Hz 20 C mOhm","24","ESRtyp 300 Hz 60 C mOhm","6.7","ESRtyp 100 Hz 20 C mOhm=24; ESRtyp 300 Hz 60 C mOhm=6.7","Zmax 10 kHz 20 C mOhm","36","Zmax 10 kHz 20 C mOhm=36","IAC,max 100 Hz 60 C A","32.8","IAC,R 100 Hz 85 C A","21.5","","","IAC,max 100 Hz 60 C A=32.8; IAC,R 100 Hz 85 C A=21.5","CR Case ESRtyp ESRtyp Zmax IAC,max IAC,R Ordering code | 100 Hz dimensions 100 Hz 300 Hz 10 kHz 100 Hz 100 Hz (composition see | 20 C dxl 20 C 60 C 20 C 60 C 85 C below) | uF mm mOhm mOhm mOhm A A","24;6.7;36;32.8;21.5","3900 64.3 x 143.2 24 6.7 36 32.8 21.5 B437*6A5398M6##","parsed",""
"B43706_B43726.pdf","B43706/B43726","450","3900","76.9","118.2","B437*6B5398M6##","ESRtyp 100 Hz 20 C mOhm","24","ESRtyp 300 Hz 60 C mOhm","6.4","ESRtyp 100 Hz 20 C mOhm=24; ESRtyp 300 Hz 60 C mOhm=6.4","Zmax 10 kHz 20 C mOhm","34","Zmax 10 kHz 20 C mOhm=34","IAC,max 100 Hz 60 C A","34.6","IAC,R 100 Hz 85 C A","22.7","","","IAC,max 100 Hz 60 C A=34.6; IAC,R 100 Hz 85 C A=22.7","CR Case ESRtyp ESRtyp Zmax IAC,max IAC,R Ordering code | 100 Hz dimensions 100 Hz 300 Hz 10 kHz 100 Hz 100 Hz (composition see | 20 C dxl 20 C 60 C 20 C 60 C 85 C below) | uF mm mOhm mOhm mOhm A A","24;6.4;34;34.6;22.7","3900 76.9 x 118.2 24 6.4 34 34.6 22.7 B437*6B5398M6##","parsed",""
"B43706_B43726.pdf","B43706/B43726","450","3900","90.0","97.0","B437*6C5398M6##","ESRtyp 100 Hz 20 C mOhm","24","ESRtyp 300 Hz 60 C mOhm","6.6","ESRtyp 100 Hz 20 C mOhm=24; ESRtyp 300 Hz 60 C mOhm=6.6","Zmax 10 kHz 20 C mOhm","36","Zmax 10 kHz 20 C mOhm=36","IAC,max 100 Hz 60 C A","36.2","IAC,R 100 Hz 85 C A","23.7","","","IAC,max 100 Hz 60 C A=36.2; IAC,R 100 Hz 85 C A=23.7","CR Case ESRtyp ESRtyp Zmax IAC,max IAC,R Ordering code | 100 Hz dimensions 100 Hz 300 Hz 10 kHz 100 Hz 100 Hz (composition see | 20 C dxl 20 C 60 C 20 C 60 C 85 C below) | uF mm mOhm mOhm mOhm A A","24;6.6;36;36.2;23.7","3900 90.0 x 97.0 24 6.6 36 36.2 23.7 B437*6C5398M6##","parsed",""
"B43706_B43726.pdf","B43706/B43726","450","4700","76.9","130.7","B437*6A5478M6##","ESRtyp 100 Hz 20 C mOhm","20","ESRtyp 300 Hz 60 C mOhm","5.4","ESRtyp 100 Hz 20 C mOhm=20; ESRtyp 300 Hz 60 C mOhm=5.4","Zmax 10 kHz 20 C mOhm","30","Zmax 10 kHz 20 C mOhm=30","IAC,max 100 Hz 60 C A","39.3","IAC,R 100 Hz 85 C A","25.7","","","IAC,max 100 Hz 60 C A=39.3; IAC,R 100 Hz 85 C A=25.7","CR Case ESRtyp ESRtyp Zmax IAC,max IAC,R Ordering code | 100 Hz dimensions 100 Hz 300 Hz 10 kHz 100 Hz 100 Hz (composition see | 20 C dxl 20 C 60 C 20 C 60 C 85 C below) | uF mm mOhm mOhm mOhm A A","20;5.4;30;39.3;25.7","4700 76.9 x 130.7 20 5.4 30 39.3 25.7 B437*6A5478M6##","parsed",""
"B43706_B43726.pdf","B43706/B43726","450","4700","90.0","120.0","B437*6B5478M6##","ESRtyp 100 Hz 20 C mOhm","20","ESRtyp 300 Hz 60 C mOhm","5.5","ESRtyp 100 Hz 20 C mOhm=20; ESRtyp 300 Hz 60 C mOhm=5.5","Zmax 10 kHz 20 C mOhm","30","Zmax 10 kHz 20 C mOhm=30","IAC,max 100 Hz 60 C A","40.4","IAC,R 100 Hz 85 C A","28.1","","","IAC,max 100 Hz 60 C A=40.4; IAC,R 100 Hz 85 C A=28.1","CR Case ESRtyp ESRtyp Zmax IAC,max IAC,R Ordering code | 100 Hz dimensions 100 Hz 300 Hz 10 kHz 100 Hz 100 Hz (composition see | 20 C dxl 20 C 60 C 20 C 60 C 85 C below) | uF mm mOhm mOhm mOhm A A","20;5.5;30;40.4;28.1","4700 90.0 x 120.0 20 5.5 30 40.4 28.1 B437*6B5478M6##","parsed",""
"B43706_B43726.pdf","B43706/B43726","450","5600","76.9","143.2","B437*6A5568M6##","ESRtyp 100 Hz 20 C mOhm","16","ESRtyp 300 Hz 60 C mOhm","4.6","ESRtyp 100 Hz 20 C mOhm=16; ESRtyp 300 Hz 60 C mOhm=4.6","Zmax 10 kHz 20 C mOhm","24","Zmax 10 kHz 20 C mOhm=24","IAC,max 100 Hz 60 C A","44.4","IAC,R 100 Hz 85 C A","29.1","","","IAC,max 100 Hz 60 C A=44.4; IAC,R 100 Hz 85 C A=29.1","CR Case ESRtyp ESRtyp Zmax IAC,max IAC,R Ordering code | 100 Hz dimensions 100 Hz 300 Hz 10 kHz 100 Hz 100 Hz (composition see | 20 C dxl 20 C 60 C 20 C 60 C 85 C below) | uF mm mOhm mOhm mOhm A A","16;4.6;24;44.4;29.1","5600 76.9 x 143.2 16 4.6 24 44.4 29.1 B437*6A5568M6##","parsed",""
"B43706_B43726.pdf","B43706/B43726","450","5600","90.0","120.0","B437*6B5568M6##","ESRtyp 100 Hz 20 C mOhm","16","ESRtyp 300 Hz 60 C mOhm","4.7","ESRtyp 100 Hz 20 C mOhm=16; ESRtyp 300 Hz 60 C mOhm=4.7","Zmax 10 kHz 20 C mOhm","26","Zmax 10 kHz 20 C mOhm=26","IAC,max 100 Hz 60 C A","45.3","IAC,R 100 Hz 85 C A","31.4","","","IAC,max 100 Hz 60 C A=45.3; IAC,R 100 Hz 85 C A=31.4","CR Case ESRtyp ESRtyp Zmax IAC,max IAC,R Ordering code | 100 Hz dimensions 100 Hz 300 Hz 10 kHz 100 Hz 100 Hz (composition see | 20 C dxl 20 C 60 C 20 C 60 C 85 C below) | uF mm mOhm mOhm mOhm A A","16;4.7;26;45.3;31.4","5600 90.0 x 120.0 16 4.7 26 45.3 31.4 B437*6B5568M6##","parsed",""
"B43706_B43726.pdf","B43706/B43726","450","6800","76.9","168.7","B437*6A5688M6##","ESRtyp 100 Hz 20 C mOhm","13","ESRtyp 300 Hz 60 C mOhm","3.8","ESRtyp 100 Hz 20 C mOhm=13; ESRtyp 300 Hz 60 C mOhm=3.8","Zmax 10 kHz 20 C mOhm","20","Zmax 10 kHz 20 C mOhm=20","IAC,max 100 Hz 60 C A","50.8","IAC,R 100 Hz 85 C A","35.2","","","IAC,max 100 Hz 60 C A=50.8; IAC,R 100 Hz 85 C A=35.2","CR Case ESRtyp ESRtyp Zmax IAC,max IAC,R Ordering code | 100 Hz dimensions 100 Hz 300 Hz 10 kHz 100 Hz 100 Hz (composition see | 20 C dxl 20 C 60 C 20 C 60 C 85 C below) | uF mm mOhm mOhm mOhm A A","13;3.8;20;50.8;35.2","6800 76.9 x 168.7 13 3.8 20 50.8 35.2 B437*6A5688M6##","parsed",""
"B43706_B43726.pdf","B43706/B43726","450","6800","90.0","144.5","B437*6B5688M6##","ESRtyp 100 Hz 20 C mOhm","13","ESRtyp 300 Hz 60 C mOhm","3.9","ESRtyp 100 Hz 20 C mOhm=13; ESRtyp 300 Hz 60 C mOhm=3.9","Zmax 10 kHz 20 C mOhm","22","Zmax 10 kHz 20 C mOhm=22","IAC,max 100 Hz 60 C A","51.1","IAC,R 100 Hz 85 C A","35.4","","","IAC,max 100 Hz 60 C A=51.1; IAC,R 100 Hz 85 C A=35.4","CR Case ESRtyp ESRtyp Zmax IAC,max IAC,R Ordering code | 100 Hz dimensions 100 Hz 300 Hz 10 kHz 100 Hz 100 Hz (composition see | 20 C dxl 20 C 60 C 20 C 60 C 85 C below) | uF mm mOhm mOhm mOhm A A","13;3.9;22;51.1;35.4","6800 90.0 x 144.5 13 3.9 22 51.1 35.4 B437*6B5688M6##","parsed",""
"B43706_B43726.pdf","B43706/B43726","450","8200","76.9","220.7","B437*6A5828M6##","ESRtyp 100 Hz 20 C mOhm","11","ESRtyp 300 Hz 60 C mOhm","3.2","ESRtyp 100 Hz 20 C mOhm=11; ESRtyp 300 Hz 60 C mOhm=3.2","Zmax 10 kHz 20 C mOhm","17","Zmax 10 kHz 20 C mOhm=17","IAC,max 100 Hz 60 C A","57.5","IAC,R 100 Hz 85 C A","39.9","","","IAC,max 100 Hz 60 C A=57.5; IAC,R 100 Hz 85 C A=39.9","CR Case ESRtyp ESRtyp Zmax IAC,max IAC,R Ordering code | 100 Hz dimensions 100 Hz 300 Hz 10 kHz 100 Hz 100 Hz (composition see | 20 C dxl 20 C 60 C 20 C 60 C 85 C below) | uF mm mOhm mOhm mOhm A A","11;3.2;17;57.5;39.9","8200 76.9 x 220.7 11 3.2 17 57.5 39.9 B437*6A5828M6##","parsed",""
"B43706_B43726.pdf","B43706/B43726","450","8200","90.0","170.0","B437*6B5828M6##","ESRtyp 100 Hz 20 C mOhm","11","ESRtyp 300 Hz 60 C mOhm","3.3","ESRtyp 100 Hz 20 C mOhm=11; ESRtyp 300 Hz 60 C mOhm=3.3","Zmax 10 kHz 20 C mOhm","17","Zmax 10 kHz 20 C mOhm=17","IAC,max 100 Hz 60 C A","57.4","IAC,R 100 Hz 85 C A","39.9","","","IAC,max 100 Hz 60 C A=57.4; IAC,R 100 Hz 85 C A=39.9","CR Case ESRtyp ESRtyp Zmax IAC,max IAC,R Ordering code | 100 Hz dimensions 100 Hz 300 Hz 10 kHz 100 Hz 100 Hz (composition see | 20 C dxl 20 C 60 C 20 C 60 C 85 C below) | uF mm mOhm mOhm mOhm A A","11;3.3;17;57.4;39.9","8200 90.0 x 170.0 11 3.3 17 57.4 39.9 B437*6B5828M6##","parsed",""
"B43706_B43726.pdf","B43706/B43726","450","10000","90.0","191.0","B437*6A5109M6##","ESRtyp 100 Hz 20 C mOhm","9.2","ESRtyp 300 Hz 60 C mOhm","2.8","ESRtyp 100 Hz 20 C mOhm=9.2; ESRtyp 300 Hz 60 C mOhm=2.8","Zmax 10 kHz 20 C mOhm","15","Zmax 10 kHz 20 C mOhm=15","IAC,max 100 Hz 60 C A","65.7","IAC,R 100 Hz 85 C A","45.6","","","IAC,max 100 Hz 60 C A=65.7; IAC,R 100 Hz 85 C A=45.6","CR Case ESRtyp ESRtyp Zmax IAC,max IAC,R Ordering code | 100 Hz dimensions 100 Hz 300 Hz 10 kHz 100 Hz 100 Hz (composition see | 20 C dxl 20 C 60 C 20 C 60 C 85 C below) | uF mm mOhm mOhm mOhm A A","9.2;2.8;15;65.7;45.6","10000 90.0 x 191.0 9.2 2.8 15 65.7 45.6 B437*6A5109M6##","parsed",""
"B43706_B43726.pdf","B43706/B43726","450","12000","90.0","221.0","B437*6A5129M6##","ESRtyp 100 Hz 20 C mOhm","7.7","ESRtyp 300 Hz 60 C mOhm","2.4","ESRtyp 100 Hz 20 C mOhm=7.7; ESRtyp 300 Hz 60 C mOhm=2.4","Zmax 10 kHz 20 C mOhm","13","Zmax 10 kHz 20 C mOhm=13","IAC,max 100 Hz 60 C A","74.4","IAC,R 100 Hz 85 C A","51.7","","","IAC,max 100 Hz 60 C A=74.4; IAC,R 100 Hz 85 C A=51.7","CR Case ESRtyp ESRtyp Zmax IAC,max IAC,R Ordering code | 100 Hz dimensions 100 Hz 300 Hz 10 kHz 100 Hz 100 Hz (composition see | 20 C dxl 20 C 60 C 20 C 60 C 85 C below) | uF mm mOhm mOhm mOhm A A","7.7;2.4;13;74.4;51.7","12000 90.0 x 221.0 7.7 2.4 13 74.4 51.7 B437*6A5129M6##","parsed",""
"B43706_B43726.pdf","B43706/B43726","500","820","51.6","80.7","B437*6A6827M6##","ESRtyp 100 Hz 20 C mOhm","80","ESRtyp 300 Hz 60 C mOhm","24","ESRtyp 100 Hz 20 C mOhm=80; ESRtyp 300 Hz 60 C mOhm=24","Zmax 10 kHz 20 C mOhm","110","Zmax 10 kHz 20 C mOhm=110","IAC,max 100 Hz 60 C A","9.7","IAC,R 100 Hz 85 C A","7.14","","","IAC,max 100 Hz 60 C A=9.7; IAC,R 100 Hz 85 C A=7.14","CR Case ESRtyp ESRtyp Zmax IAC,max IAC,R Ordering code | 100 Hz dimensions 100 Hz 300 Hz 10 kHz 100 Hz 100 Hz (composition see | 20 C dxl 20 C 60 C 20 C 60 C 85 C below) | uF mm mOhm mOhm mOhm A A","80;24;110;9.7;7.14","820 51.6 x 80.7 80 24 110 9.7 7.14 B437*6A6827M6##","parsed",""
"B43706_B43726.pdf","B43706/B43726","500","1000","51.6","96.7","B437*6A6108M6##","ESRtyp 100 Hz 20 C mOhm","65","ESRtyp 300 Hz 60 C mOhm","20","ESRtyp 100 Hz 20 C mOhm=65; ESRtyp 300 Hz 60 C mOhm=20","Zmax 10 kHz 20 C mOhm","90","Zmax 10 kHz 20 C mOhm=90","IAC,max 100 Hz 60 C A","11.8","IAC,R 100 Hz 85 C A","8.15","","","IAC,max 100 Hz 60 C A=11.8; IAC,R 100 Hz 85 C A=8.15","CR Case ESRtyp ESRtyp Zmax IAC,max IAC,R Ordering code | 100 Hz dimensions 100 Hz 300 Hz 10 kHz 100 Hz 100 Hz (composition see | 20 C dxl 20 C 60 C 20 C 60 C 85 C below) | uF mm mOhm mOhm mOhm A A","65;20;90;11.8;8.15","1000 51.6 x 96.7 65 20 90 11.8 8.15 B437*6A6108M6##","parsed",""
"B43706_B43726.pdf","B43706/B43726","500","1200","51.6","96.7","B437*6A6128M6##","ESRtyp 100 Hz 20 C mOhm","55","ESRtyp 300 Hz 60 C mOhm","16","ESRtyp 100 Hz 20 C mOhm=55; ESRtyp 300 Hz 60 C mOhm=16","Zmax 10 kHz 20 C mOhm","80","Zmax 10 kHz 20 C mOhm=80","IAC,max 100 Hz 60 C A","14.2","IAC,R 100 Hz 85 C A","9.27","","","IAC,max 100 Hz 60 C A=14.2; IAC,R 100 Hz 85 C A=9.27","CR Case ESRtyp ESRtyp Zmax IAC,max IAC,R Ordering code | 100 Hz dimensions 100 Hz 300 Hz 10 kHz 100 Hz 100 Hz (composition see | 20 C dxl 20 C 60 C 20 C 60 C 85 C below) | uF mm mOhm mOhm mOhm A A","55;16;80;14.2;9.27","1200 51.6 x 96.7 55 16 80 14.2 9.27 B437*6A6128M6##","parsed",""
"B43706_B43726.pdf","B43706/B43726","500","1500","51.6","118.2","B437*6A6158M6##","ESRtyp 100 Hz 20 C mOhm","45","ESRtyp 300 Hz 60 C mOhm","13","ESRtyp 100 Hz 20 C mOhm=45; ESRtyp 300 Hz 60 C mOhm=13","Zmax 10 kHz 20 C mOhm","65","Zmax 10 kHz 20 C mOhm=65","IAC,max 100 Hz 60 C A","17.3","IAC,R 100 Hz 85 C A","10.8","","","IAC,max 100 Hz 60 C A=17.3; IAC,R 100 Hz 85 C A=10.8","CR Case ESRtyp ESRtyp Zmax IAC,max IAC,R Ordering code | 100 Hz dimensions 100 Hz 300 Hz 10 kHz 100 Hz 100 Hz (composition see | 20 C dxl 20 C 60 C 20 C 60 C 85 C below) | uF mm mOhm mOhm mOhm A A","45;13;65;17.3;10.8","1500 51.6 x 118.2 45 13 65 17.3 10.8 B437*6A6158M6##","parsed",""
"B43706_B43726.pdf","B43706/B43726","500","1500","64.3","80.7","B437*6B6158M6##","ESRtyp 100 Hz 20 C mOhm","45","ESRtyp 300 Hz 60 C mOhm","14","ESRtyp 100 Hz 20 C mOhm=45; ESRtyp 300 Hz 60 C mOhm=14","Zmax 10 kHz 20 C mOhm","65","Zmax 10 kHz 20 C mOhm=65","IAC,max 100 Hz 60 C A","16.4","IAC,R 100 Hz 85 C A","10.9","","","IAC,max 100 Hz 60 C A=16.4; IAC,R 100 Hz 85 C A=10.9","CR Case ESRtyp ESRtyp Zmax IAC,max IAC,R Ordering code | 100 Hz dimensions 100 Hz 300 Hz 10 kHz 100 Hz 100 Hz (composition see | 20 C dxl 20 C 60 C 20 C 60 C 85 C below) | uF mm mOhm mOhm mOhm A A","45;14;65;16.4;10.9","1500 64.3 x 80.7 45 14 65 16.4 10.9 B437*6B6158M6##","parsed",""
"B43706_B43726.pdf","B43706/B43726","500","1800","51.6","130.7","B437*6A6188M6##","ESRtyp 100 Hz 20 C mOhm","40","ESRtyp 300 Hz 60 C mOhm","11","ESRtyp 100 Hz 20 C mOhm=40; ESRtyp 300 Hz 60 C mOhm=11","Zmax 10 kHz 20 C mOhm","55","Zmax 10 kHz 20 C mOhm=55","IAC,max 100 Hz 60 C A","19.9","IAC,R 100 Hz 85 C A","12.4","","","IAC,max 100 Hz 60 C A=19.9; IAC,R 100 Hz 85 C A=12.4","CR Case ESRtyp ESRtyp Zmax IAC,max IAC,R Ordering code | 100 Hz dimensions 100 Hz 300 Hz 10 kHz 100 Hz 100 Hz (composition see | 20 C dxl 20 C 60 C 20 C 60 C 85 C below) | uF mm mOhm mOhm mOhm A A","40;11;55;19.9;12.4","1800 51.6 x 130.7 40 11 55 19.9 12.4 B437*6A6188M6##","parsed",""
"B43706_B43726.pdf","B43706/B43726","500","1800","64.3","96.7","B437*6B6188M6##","ESRtyp 100 Hz 20 C mOhm","40","ESRtyp 300 Hz 60 C mOhm","11","ESRtyp 100 Hz 20 C mOhm=40; ESRtyp 300 Hz 60 C mOhm=11","Zmax 10 kHz 20 C mOhm","55","Zmax 10 kHz 20 C mOhm=55","IAC,max 100 Hz 60 C A","19.6","IAC,R 100 Hz 85 C A","12.2","","","IAC,max 100 Hz 60 C A=19.6; IAC,R 100 Hz 85 C A=12.2","CR Case ESRtyp ESRtyp Zmax IAC,max IAC,R Ordering code | 100 Hz dimensions 100 Hz 300 Hz 10 kHz 100 Hz 100 Hz (composition see | 20 C dxl 20 C 60 C 20 C 60 C 85 C below) | uF mm mOhm mOhm mOhm A A","40;11;55;19.6;12.2","1800 64.3 x 96.7 40 11 55 19.6 12.2 B437*6B6188M6##","parsed",""
"B43706_B43726.pdf","B43706/B43726","500","2200","64.3","105.7","B437*6A6228M6##","ESRtyp 100 Hz 20 C mOhm","30","ESRtyp 300 Hz 60 C mOhm","9.4","ESRtyp 100 Hz 20 C mOhm=30; ESRtyp 300 Hz 60 C mOhm=9.4","Zmax 10 kHz 20 C mOhm","45","Zmax 10 kHz 20 C mOhm=45","IAC,max 100 Hz 60 C A","22.5","IAC,R 100 Hz 85 C A","14.0","","","IAC,max 100 Hz 60 C A=22.5; IAC,R 100 Hz 85 C A=14.0","CR Case ESRtyp ESRtyp Zmax IAC,max IAC,R Ordering code | 100 Hz dimensions 100 Hz 300 Hz 10 kHz 100 Hz 100 Hz (composition see | 20 C dxl 20 C 60 C 20 C 60 C 85 C below) | uF mm mOhm mOhm mOhm A A","30;9.4;45;22.5;14.0","2200 64.3 x 105.7 30 9.4 45 22.5 14.0 B437*6A6228M6##","parsed",""
"B43706_B43726.pdf","B43706/B43726","500","2200","76.9","96.7","B437*6B6228M6##","ESRtyp 100 Hz 20 C mOhm","30","ESRtyp 300 Hz 60 C mOhm","8.9","ESRtyp 100 Hz 20 C mOhm=30; ESRtyp 300 Hz 60 C mOhm=8.9","Zmax 10 kHz 20 C mOhm","45","Zmax 10 kHz 20 C mOhm=45","IAC,max 100 Hz 60 C A","24.1","IAC,R 100 Hz 85 C A","15.1","","","IAC,max 100 Hz 60 C A=24.1; IAC,R 100 Hz 85 C A=15.1","CR Case ESRtyp ESRtyp Zmax IAC,max IAC,R Ordering code | 100 Hz dimensions 100 Hz 300 Hz 10 kHz 100 Hz 100 Hz (composition see | 20 C dxl 20 C 60 C 20 C 60 C 85 C below) | uF mm mOhm mOhm mOhm A A","30;8.9;45;24.1;15.1","2200 76.9 x 96.7 30 8.9 45 24.1 15.1 B437*6B6228M6##","parsed",""
"B43706_B43726.pdf","B43706/B43726","500","2700","64.3","130.7","B437*6A6278M6##","ESRtyp 100 Hz 20 C mOhm","26","ESRtyp 300 Hz 60 C mOhm","7.7","ESRtyp 100 Hz 20 C mOhm=26; ESRtyp 300 Hz 60 C mOhm=7.7","Zmax 10 kHz 20 C mOhm","34","Zmax 10 kHz 20 C mOhm=34","IAC,max 100 Hz 60 C A","25.9","IAC,R 100 Hz 85 C A","16.2","","","IAC,max 100 Hz 60 C A=25.9; IAC,R 100 Hz 85 C A=16.2","CR Case ESRtyp ESRtyp Zmax IAC,max IAC,R Ordering code | 100 Hz dimensions 100 Hz 300 Hz 10 kHz 100 Hz 100 Hz (composition see | 20 C dxl 20 C 60 C 20 C 60 C 85 C below) | uF mm mOhm mOhm mOhm A A","26;7.7;34;25.9;16.2","2700 64.3 x 130.7 26 7.7 34 25.9 16.2 B437*6A6278M6##","parsed",""
"B43706_B43726.pdf","B43706/B43726","500","2700","76.9","105.7","B437*6B6278M6##","ESRtyp 100 Hz 20 C mOhm","24","ESRtyp 300 Hz 60 C mOhm","7.4","ESRtyp 100 Hz 20 C mOhm=24; ESRtyp 300 Hz 60 C mOhm=7.4","Zmax 10 kHz 20 C mOhm","34","Zmax 10 kHz 20 C mOhm=34","IAC,max 100 Hz 60 C A","27.6","IAC,R 100 Hz 85 C A","17.2","","","IAC,max 100 Hz 60 C A=27.6; IAC,R 100 Hz 85 C A=17.2","CR Case ESRtyp ESRtyp Zmax IAC,max IAC,R Ordering code | 100 Hz dimensions 100 Hz 300 Hz 10 kHz 100 Hz 100 Hz (composition see | 20 C dxl 20 C 60 C 20 C 60 C 85 C below) | uF mm mOhm mOhm mOhm A A","24;7.4;34;27.6;17.2","2700 76.9 x 105.7 24 7.4 34 27.6 17.2 B437*6B6278M6##","parsed",""
"B43706_B43726.pdf","B43706/B43726","500","3300","64.3","143.2","B437*6A6338M6##","ESRtyp 100 Hz 20 C mOhm","20","ESRtyp 300 Hz 60 C mOhm","6.4","ESRtyp 100 Hz 20 C mOhm=20; ESRtyp 300 Hz 60 C mOhm=6.4","Zmax 10 kHz 20 C mOhm","28","Zmax 10 kHz 20 C mOhm=28","IAC,max 100 Hz 60 C A","29.9","IAC,R 100 Hz 85 C A","18.7","","","IAC,max 100 Hz 60 C A=29.9; IAC,R 100 Hz 85 C A=18.7","CR Case ESRtyp ESRtyp Zmax IAC,max IAC,R Ordering code | 100 Hz dimensions 100 Hz 300 Hz 10 kHz 100 Hz 100 Hz (composition see | 20 C dxl 20 C 60 C 20 C 60 C 85 C below) | uF mm mOhm mOhm mOhm A A","20;6.4;28;29.9;18.7","3300 64.3 x 143.2 20 6.4 28 29.9 18.7 B437*6A6338M6##","parsed",""
"B43706_B43726.pdf","B43706/B43726","500","3300","76.9","118.2","B437*6B6338M6##","ESRtyp 100 Hz 20 C mOhm","20","ESRtyp 300 Hz 60 C mOhm","6.1","ESRtyp 100 Hz 20 C mOhm=20; ESRtyp 300 Hz 60 C mOhm=6.1","Zmax 10 kHz 20 C mOhm","28","Zmax 10 kHz 20 C mOhm=28","IAC,max 100 Hz 60 C A","31.5","IAC,R 100 Hz 85 C A","19.6","","","IAC,max 100 Hz 60 C A=31.5; IAC,R 100 Hz 85 C A=19.6","CR Case ESRtyp ESRtyp Zmax IAC,max IAC,R Ordering code | 100 Hz dimensions 100 Hz 300 Hz 10 kHz 100 Hz 100 Hz (composition see | 20 C dxl 20 C 60 C 20 C 60 C 85 C below) | uF mm mOhm mOhm mOhm A A","20;6.1;28;31.5;19.6","3300 76.9 x 118.2 20 6.1 28 31.5 19.6 B437*6B6338M6##","parsed",""
"B43706_B43726.pdf","B43706/B43726","500","3300","90.0","97.0","B437*6C6338M6##","ESRtyp 100 Hz 20 C mOhm","20","ESRtyp 300 Hz 60 C mOhm","6.4","ESRtyp 100 Hz 20 C mOhm=20; ESRtyp 300 Hz 60 C mOhm=6.4","Zmax 10 kHz 20 C mOhm","28","Zmax 10 kHz 20 C mOhm=28","IAC,max 100 Hz 60 C A","33.0","IAC,R 100 Hz 85 C A","20.6","","","IAC,max 100 Hz 60 C A=33.0; IAC,R 100 Hz 85 C A=20.6","CR Case ESRtyp ESRtyp Zmax IAC,max IAC,R Ordering code | 100 Hz dimensions 100 Hz 300 Hz 10 kHz 100 Hz 100 Hz (composition see | 20 C dxl 20 C 60 C 20 C 60 C 85 C below) | uF mm mOhm mOhm mOhm A A","20;6.4;28;33.0;20.6","3300 90.0 x 97.0 20 6.4 28 33.0 20.6 B437*6C6338M6##","parsed",""
"B43706_B43726.pdf","B43706/B43726","500","3900","76.9","130.7","B437*6A6398M6##","ESRtyp 100 Hz 20 C mOhm","17","ESRtyp 300 Hz 60 C mOhm","5.2","ESRtyp 100 Hz 20 C mOhm=17; ESRtyp 300 Hz 60 C mOhm=5.2","Zmax 10 kHz 20 C mOhm","24","Zmax 10 kHz 20 C mOhm=24","IAC,max 100 Hz 60 C A","35.3","IAC,R 100 Hz 85 C A","22.0","","","IAC,max 100 Hz 60 C A=35.3; IAC,R 100 Hz 85 C A=22.0","CR Case ESRtyp ESRtyp Zmax IAC,max IAC,R Ordering code | 100 Hz dimensions 100 Hz 300 Hz 10 kHz 100 Hz 100 Hz (composition see | 20 C dxl 20 C 60 C 20 C 60 C 85 C below) | uF mm mOhm mOhm mOhm A A","17;5.2;24;35.3;22.0","3900 76.9 x 130.7 17 5.2 24 35.3 22.0 B437*6A6398M6##","parsed",""
"B43706_B43726.pdf","B43706/B43726","500","3900","90.0","120.0","B437*6B6398M6##","ESRtyp 100 Hz 20 C mOhm","18","ESRtyp 300 Hz 60 C mOhm","5.3","ESRtyp 100 Hz 20 C mOhm=18; ESRtyp 300 Hz 60 C mOhm=5.3","Zmax 10 kHz 20 C mOhm","24","Zmax 10 kHz 20 C mOhm=24","IAC,max 100 Hz 60 C A","36.3","IAC,R 100 Hz 85 C A","22.9","","","IAC,max 100 Hz 60 C A=36.3; IAC,R 100 Hz 85 C A=22.9","CR Case ESRtyp ESRtyp Zmax IAC,max IAC,R Ordering code | 100 Hz dimensions 100 Hz 300 Hz 10 kHz 100 Hz 100 Hz (composition see | 20 C dxl 20 C 60 C 20 C 60 C 85 C below) | uF mm mOhm mOhm mOhm A A","18;5.3;24;36.3;22.9","3900 90.0 x 120.0 18 5.3 24 36.3 22.9 B437*6B6398M6##","parsed",""
"B43706_B43726.pdf","B43706/B43726","500","4700","76.9","156.2","B437*6A6478M6##","ESRtyp 100 Hz 20 C mOhm","14","ESRtyp 300 Hz 60 C mOhm","4.4","ESRtyp 100 Hz 20 C mOhm=14; ESRtyp 300 Hz 60 C mOhm=4.4","Zmax 10 kHz 20 C mOhm","20","Zmax 10 kHz 20 C mOhm=20","IAC,max 100 Hz 60 C A","39.9","IAC,R 100 Hz 85 C A","24.9","","","IAC,max 100 Hz 60 C A=39.9; IAC,R 100 Hz 85 C A=24.9","CR Case ESRtyp ESRtyp Zmax IAC,max IAC,R Ordering code | 100 Hz dimensions 100 Hz 300 Hz 10 kHz 100 Hz 100 Hz (composition see | 20 C dxl 20 C 60 C 20 C 60 C 85 C below) | uF mm mOhm mOhm mOhm A A","14;4.4;20;39.9;24.9","4700 76.9 x 156.2 14 4.4 20 39.9 24.9 B437*6A6478M6##","parsed",""
"B43706_B43726.pdf","B43706/B43726","500","4700","90.0","120.0","B437*6B6478M6##","ESRtyp 100 Hz 20 C mOhm","15","ESRtyp 300 Hz 60 C mOhm","4.6","ESRtyp 100 Hz 20 C mOhm=15; ESRtyp 300 Hz 60 C mOhm=4.6","Zmax 10 kHz 20 C mOhm","20","Zmax 10 kHz 20 C mOhm=20","IAC,max 100 Hz 60 C A","41.1","IAC,R 100 Hz 85 C A","25.9","","","IAC,max 100 Hz 60 C A=41.1; IAC,R 100 Hz 85 C A=25.9","CR Case ESRtyp ESRtyp Zmax IAC,max IAC,R Ordering code | 100 Hz dimensions 100 Hz 300 Hz 10 kHz 100 Hz 100 Hz (composition see | 20 C dxl 20 C 60 C 20 C 60 C 85 C below) | uF mm mOhm mOhm mOhm A A","15;4.6;20;41.1;25.9","4700 90.0 x 120.0 15 4.6 20 41.1 25.9 B437*6B6478M6##","parsed",""
"B43706_B43726.pdf","B43706/B43726","500","5600","76.9","190.7","B437*6A6568M6##","ESRtyp 100 Hz 20 C mOhm","12","ESRtyp 300 Hz 60 C mOhm","3.7","ESRtyp 100 Hz 20 C mOhm=12; ESRtyp 300 Hz 60 C mOhm=3.7","Zmax 10 kHz 20 C mOhm","17","Zmax 10 kHz 20 C mOhm=17","IAC,max 100 Hz 60 C A","44.8","IAC,R 100 Hz 85 C A","28.4","","","IAC,max 100 Hz 60 C A=44.8; IAC,R 100 Hz 85 C A=28.4","CR Case ESRtyp ESRtyp Zmax IAC,max IAC,R Ordering code | 100 Hz dimensions 100 Hz 300 Hz 10 kHz 100 Hz 100 Hz (composition see | 20 C dxl 20 C 60 C 20 C 60 C 85 C below) | uF mm mOhm mOhm mOhm A A","12;3.7;17;44.8;28.4","5600 76.9 x 190.7 12 3.7 17 44.8 28.4 B437*6A6568M6##","parsed",""
"B43706_B43726.pdf","B43706/B43726","500","5600","90.0","144.5","B437*6B6568M6##","ESRtyp 100 Hz 20 C mOhm","12","ESRtyp 300 Hz 60 C mOhm","3.9","ESRtyp 100 Hz 20 C mOhm=12; ESRtyp 300 Hz 60 C mOhm=3.9","Zmax 10 kHz 20 C mOhm","17","Zmax 10 kHz 20 C mOhm=17","IAC,max 100 Hz 60 C A","45.7","IAC,R 100 Hz 85 C A","28.9","","","IAC,max 100 Hz 60 C A=45.7; IAC,R 100 Hz 85 C A=28.9","CR Case ESRtyp ESRtyp Zmax IAC,max IAC,R Ordering code | 100 Hz dimensions 100 Hz 300 Hz 10 kHz 100 Hz 100 Hz (composition see | 20 C dxl 20 C 60 C 20 C 60 C 85 C below) | uF mm mOhm mOhm mOhm A A","12;3.9;17;45.7;28.9","5600 90.0 x 144.5 12 3.9 17 45.7 28.9 B437*6B6568M6##","parsed",""
"B43706_B43726.pdf","B43706/B43726","500","6800","76.9","220.7","B437*6A6688M6##","ESRtyp 100 Hz 20 C mOhm","10","ESRtyp 300 Hz 60 C mOhm","3.1","ESRtyp 100 Hz 20 C mOhm=10; ESRtyp 300 Hz 60 C mOhm=3.1","Zmax 10 kHz 20 C mOhm","14","Zmax 10 kHz 20 C mOhm=14","IAC,max 100 Hz 60 C A","51.7","IAC,R 100 Hz 85 C A","32.7","","","IAC,max 100 Hz 60 C A=51.7; IAC,R 100 Hz 85 C A=32.7","CR Case ESRtyp ESRtyp Zmax IAC,max IAC,R Ordering code | 100 Hz dimensions 100 Hz 300 Hz 10 kHz 100 Hz 100 Hz (composition see | 20 C dxl 20 C 60 C 20 C 60 C 85 C below) | uF mm mOhm mOhm mOhm A A","10;3.1;14;51.7;32.7","6800 76.9 x 220.7 10 3.1 14 51.7 32.7 B437*6A6688M6##","parsed",""
"B43706_B43726.pdf","B43706/B43726","500","6800","90.0","170.0","B437*6B6688M6##","ESRtyp 100 Hz 20 C mOhm","10","ESRtyp 300 Hz 60 C mOhm","3.2","ESRtyp 100 Hz 20 C mOhm=10; ESRtyp 300 Hz 60 C mOhm=3.2","Zmax 10 kHz 20 C mOhm","14","Zmax 10 kHz 20 C mOhm=14","IAC,max 100 Hz 60 C A","51.7","IAC,R 100 Hz 85 C A","32.7","","","IAC,max 100 Hz 60 C A=51.7; IAC,R 100 Hz 85 C A=32.7","CR Case ESRtyp ESRtyp Zmax IAC,max IAC,R Ordering code | 100 Hz dimensions 100 Hz 300 Hz 10 kHz 100 Hz 100 Hz (composition see | 20 C dxl 20 C 60 C 20 C 60 C 85 C below) | uF mm mOhm mOhm mOhm A A","10;3.2;14;51.7;32.7","6800 90.0 x 170.0 10 3.2 14 51.7 32.7 B437*6B6688M6##","parsed",""
"B43706_B43726.pdf","B43706/B43726","500","8200","90.0","191.0","B437*6A6828M6##","ESRtyp 100 Hz 20 C mOhm","8.5","ESRtyp 300 Hz 60 C mOhm","2.8","ESRtyp 100 Hz 20 C mOhm=8.5; ESRtyp 300 Hz 60 C mOhm=2.8","Zmax 10 kHz 20 C mOhm","12","Zmax 10 kHz 20 C mOhm=12","IAC,max 100 Hz 60 C A","58.7","IAC,R 100 Hz 85 C A","37.2","","","IAC,max 100 Hz 60 C A=58.7; IAC,R 100 Hz 85 C A=37.2","CR Case ESRtyp ESRtyp Zmax IAC,max IAC,R Ordering code | 100 Hz dimensions 100 Hz 300 Hz 10 kHz 100 Hz 100 Hz (composition see | 20 C dxl 20 C 60 C 20 C 60 C 85 C below) | uF mm mOhm mOhm mOhm A A","8.5;2.8;12;58.7;37.2","8200 90.0 x 191.0 8.5 2.8 12 58.7 37.2 B437*6A6828M6##","parsed",""
"B43706_B43726.pdf","B43706/B43726","500","10000","90.0","221.0","B437*6A6109M6##","ESRtyp 100 Hz 20 C mOhm","7.0","ESRtyp 300 Hz 60 C mOhm","2.3","ESRtyp 100 Hz 20 C mOhm=7.0; ESRtyp 300 Hz 60 C mOhm=2.3","Zmax 10 kHz 20 C mOhm","10","Zmax 10 kHz 20 C mOhm=10","IAC,max 100 Hz 60 C A","67.5","IAC,R 100 Hz 85 C A","42.7","","","IAC,max 100 Hz 60 C A=67.5; IAC,R 100 Hz 85 C A=42.7","CR Case ESRtyp ESRtyp Zmax IAC,max IAC,R Ordering code | 100 Hz dimensions 100 Hz 300 Hz 10 kHz 100 Hz 100 Hz (composition see | 20 C dxl 20 C 60 C 20 C 60 C 85 C below) | uF mm mOhm mOhm mOhm A A","7.0;2.3;10;67.5;42.7","10000 90.0 x 221.0 7.0 2.3 10 67.5 42.7 B437*6A6109M6##","parsed",""
"B43707_B43727.pdf","B43707/B43727","400","2200","51.6","80.7","B437*7A9228M6##","ESRtyp 100 Hz 20 C mOhm","55","ESRtyp 300 Hz 60 C mOhm","18","ESRtyp 100 Hz 20 C mOhm=55; ESRtyp 300 Hz 60 C mOhm=18","Zmax 10 kHz 20 C mOhm","85","Zmax 10 kHz 20 C mOhm=85","IAC,max 100 Hz 60 C A","13.9","IAC,R 100 Hz 85 C A","7.65","","","IAC,max 100 Hz 60 C A=13.9; IAC,R 100 Hz 85 C A=7.65","CR Case ESRtyp ESRtyp Zmax IAC,max IAC,R Ordering code | 100 Hz dimensions 100 Hz 300 Hz 10 kHz 100 Hz 100 Hz (composition see | 20 C dxl 20 C 60 C 20 C 60 C 85 C below) | uF mm mOhm mOhm mOhm A A","55;18;85;13.9;7.65","2200 51.6 x 80.7 55 18 85 13.9 7.65 B437*7A9228M6##","parsed",""
"B43707_B43727.pdf","B43707/B43727","400","2700","51.6","96.7","B437*7A9278M6##","ESRtyp 100 Hz 20 C mOhm","45","ESRtyp 300 Hz 60 C mOhm","15","ESRtyp 100 Hz 20 C mOhm=45; ESRtyp 300 Hz 60 C mOhm=15","Zmax 10 kHz 20 C mOhm","70","Zmax 10 kHz 20 C mOhm=70","IAC,max 100 Hz 60 C A","16.1","IAC,R 100 Hz 85 C A","8.89","","","IAC,max 100 Hz 60 C A=16.1; IAC,R 100 Hz 85 C A=8.89","CR Case ESRtyp ESRtyp Zmax IAC,max IAC,R Ordering code | 100 Hz dimensions 100 Hz 300 Hz 10 kHz 100 Hz 100 Hz (composition see | 20 C dxl 20 C 60 C 20 C 60 C 85 C below) | uF mm mOhm mOhm mOhm A A","45;15;70;16.1;8.89","2700 51.6 x 96.7 45 15 70 16.1 8.89 B437*7A9278M6##","parsed",""
"B43707_B43727.pdf","B43707/B43727","400","3300","51.6","105.7","B437*7A9338M6##","ESRtyp 100 Hz 20 C mOhm","36","ESRtyp 300 Hz 60 C mOhm","13","ESRtyp 100 Hz 20 C mOhm=36; ESRtyp 300 Hz 60 C mOhm=13","Zmax 10 kHz 20 C mOhm","60","Zmax 10 kHz 20 C mOhm=60","IAC,max 100 Hz 60 C A","18.3","IAC,R 100 Hz 85 C A","10.0","","","IAC,max 100 Hz 60 C A=18.3; IAC,R 100 Hz 85 C A=10.0","CR Case ESRtyp ESRtyp Zmax IAC,max IAC,R Ordering code | 100 Hz dimensions 100 Hz 300 Hz 10 kHz 100 Hz 100 Hz (composition see | 20 C dxl 20 C 60 C 20 C 60 C 85 C below) | uF mm mOhm mOhm mOhm A A","36;13;60;18.3;10.0","3300 51.6 x 105.7 36 13 60 18.3 10.0 B437*7A9338M6##","parsed",""
"B43707_B43727.pdf","B43707/B43727","400","3300","64.3","80.7","B437*7B9338M6##","ESRtyp 100 Hz 20 C mOhm","36","ESRtyp 300 Hz 60 C mOhm","12","ESRtyp 100 Hz 20 C mOhm=36; ESRtyp 300 Hz 60 C mOhm=12","Zmax 10 kHz 20 C mOhm","55","Zmax 10 kHz 20 C mOhm=55","IAC,max 100 Hz 60 C A","18.8","IAC,R 100 Hz 85 C A","10.3","","","IAC,max 100 Hz 60 C A=18.8; IAC,R 100 Hz 85 C A=10.3","CR Case ESRtyp ESRtyp Zmax IAC,max IAC,R Ordering code | 100 Hz dimensions 100 Hz 300 Hz 10 kHz 100 Hz 100 Hz (composition see | 20 C dxl 20 C 60 C 20 C 60 C 85 C below) | uF mm mOhm mOhm mOhm A A","36;12;55;18.8;10.3","3300 64.3 x 80.7 36 12 55 18.8 10.3 B437*7B9338M6##","parsed",""
"B43707_B43727.pdf","B43707/B43727","400","3900","51.6","130.7","B437*7A9398M6##","ESRtyp 100 Hz 20 C mOhm","30","ESRtyp 300 Hz 60 C mOhm","10","ESRtyp 100 Hz 20 C mOhm=30; ESRtyp 300 Hz 60 C mOhm=10","Zmax 10 kHz 20 C mOhm","50","Zmax 10 kHz 20 C mOhm=50","IAC,max 100 Hz 60 C A","21.1","IAC,R 100 Hz 85 C A","11.6","","","IAC,max 100 Hz 60 C A=21.1; IAC,R 100 Hz 85 C A=11.6","CR Case ESRtyp ESRtyp Zmax IAC,max IAC,R Ordering code | 100 Hz dimensions 100 Hz 300 Hz 10 kHz 100 Hz 100 Hz (composition see | 20 C dxl 20 C 60 C 20 C 60 C 85 C below) | uF mm mOhm mOhm mOhm A A","30;10;50;21.1;11.6","3900 51.6 x 130.7 30 10 50 21.1 11.6 B437*7A9398M6##","parsed",""
"B43707_B43727.pdf","B43707/B43727","400","3900","64.3","96.7","B437*7B9398M6##","ESRtyp 100 Hz 20 C mOhm","30","ESRtyp 300 Hz 60 C mOhm","10","ESRtyp 100 Hz 20 C mOhm=30; ESRtyp 300 Hz 60 C mOhm=10","Zmax 10 kHz 20 C mOhm","50","Zmax 10 kHz 20 C mOhm=50","IAC,max 100 Hz 60 C A","21.2","IAC,R 100 Hz 85 C A","11.7","","","IAC,max 100 Hz 60 C A=21.2; IAC,R 100 Hz 85 C A=11.7","CR Case ESRtyp ESRtyp Zmax IAC,max IAC,R Ordering code | 100 Hz dimensions 100 Hz 300 Hz 10 kHz 100 Hz 100 Hz (composition see | 20 C dxl 20 C 60 C 20 C 60 C 85 C below) | uF mm mOhm mOhm mOhm A A","30;10;50;21.2;11.7","3900 64.3 x 96.7 30 10 50 21.2 11.7 B437*7B9398M6##","parsed",""
"B43707_B43727.pdf","B43707/B43727","400","4700","64.3","96.7","B437*7A9478M6##","ESRtyp 100 Hz 20 C mOhm","26","ESRtyp 300 Hz 60 C mOhm","10","ESRtyp 100 Hz 20 C mOhm=26; ESRtyp 300 Hz 60 C mOhm=10","Zmax 10 kHz 20 C mOhm","45","Zmax 10 kHz 20 C mOhm=45","IAC,max 100 Hz 60 C A","23.2","IAC,R 100 Hz 85 C A","12.7","","","IAC,max 100 Hz 60 C A=23.2; IAC,R 100 Hz 85 C A=12.7","CR Case ESRtyp ESRtyp Zmax IAC,max IAC,R Ordering code | 100 Hz dimensions 100 Hz 300 Hz 10 kHz 100 Hz 100 Hz (composition see | 20 C dxl 20 C 60 C 20 C 60 C 85 C below) | uF mm mOhm mOhm mOhm A A","26;10;45;23.2;12.7","4700 64.3 x 96.7 26 10 45 23.2 12.7 B437*7A9478M6##","parsed",""
"B43707_B43727.pdf","B43707/B43727","400","5600","64.3","118.2","B437*7A9568M6##","ESRtyp 100 Hz 20 C mOhm","22","ESRtyp 300 Hz 60 C mOhm","7.8","ESRtyp 100 Hz 20 C mOhm=22; ESRtyp 300 Hz 60 C mOhm=7.8","Zmax 10 kHz 20 C mOhm","34","Zmax 10 kHz 20 C mOhm=34","IAC,max 100 Hz 60 C A","26.6","IAC,R 100 Hz 85 C A","14.6","","","IAC,max 100 Hz 60 C A=26.6; IAC,R 100 Hz 85 C A=14.6","CR Case ESRtyp ESRtyp Zmax IAC,max IAC,R Ordering code | 100 Hz dimensions 100 Hz 300 Hz 10 kHz 100 Hz 100 Hz (composition see | 20 C dxl 20 C 60 C 20 C 60 C 85 C below) | uF mm mOhm mOhm mOhm A A","22;7.8;34;26.6;14.6","5600 64.3 x 118.2 22 7.8 34 26.6 14.6 B437*7A9568M6##","parsed",""
"B43707_B43727.pdf","B43707/B43727","400","6800","64.3","130.7","B437*7A9688M6##","ESRtyp 100 Hz 20 C mOhm","18","ESRtyp 300 Hz 60 C mOhm","6.8","ESRtyp 100 Hz 20 C mOhm=18; ESRtyp 300 Hz 60 C mOhm=6.8","Zmax 10 kHz 20 C mOhm","30","Zmax 10 kHz 20 C mOhm=30","IAC,max 100 Hz 60 C A","30.1","IAC,R 100 Hz 85 C A","16.5","","","IAC,max 100 Hz 60 C A=30.1; IAC,R 100 Hz 85 C A=16.5","CR Case ESRtyp ESRtyp Zmax IAC,max IAC,R Ordering code | 100 Hz dimensions 100 Hz 300 Hz 10 kHz 100 Hz 100 Hz (composition see | 20 C dxl 20 C 60 C 20 C 60 C 85 C below) | uF mm mOhm mOhm mOhm A A","18;6.8;30;30.1;16.5","6800 64.3 x 130.7 18 6.8 30 30.1 16.5 B437*7A9688M6##","parsed",""
"B43707_B43727.pdf","B43707/B43727","400","8200","76.9","118.2","B437*7A9828M6##","ESRtyp 100 Hz 20 C mOhm","14","ESRtyp 300 Hz 60 C mOhm","4.9","ESRtyp 100 Hz 20 C mOhm=14; ESRtyp 300 Hz 60 C mOhm=4.9","Zmax 10 kHz 20 C mOhm","24","Zmax 10 kHz 20 C mOhm=24","IAC,max 100 Hz 60 C A","36.8","IAC,R 100 Hz 85 C A","20.2","","","IAC,max 100 Hz 60 C A=36.8; IAC,R 100 Hz 85 C A=20.2","CR Case ESRtyp ESRtyp Zmax IAC,max IAC,R Ordering code | 100 Hz dimensions 100 Hz 300 Hz 10 kHz 100 Hz 100 Hz (composition see | 20 C dxl 20 C 60 C 20 C 60 C 85 C below) | uF mm mOhm mOhm mOhm A A","14;4.9;24;36.8;20.2","8200 76.9 x 118.2 14 4.9 24 36.8 20.2 B437*7A9828M6##","parsed",""
"B43707_B43727.pdf","B43707/B43727","400","10000","76.9","130.7","B437*7A9109M6##","ESRtyp 100 Hz 20 C mOhm","12","ESRtyp 300 Hz 60 C mOhm","4.3","ESRtyp 100 Hz 20 C mOhm=12; ESRtyp 300 Hz 60 C mOhm=4.3","Zmax 10 kHz 20 C mOhm","20","Zmax 10 kHz 20 C mOhm=20","IAC,max 100 Hz 60 C A","41.7","IAC,R 100 Hz 85 C A","22.9","","","IAC,max 100 Hz 60 C A=41.7; IAC,R 100 Hz 85 C A=22.9","CR Case ESRtyp ESRtyp Zmax IAC,max IAC,R Ordering code | 100 Hz dimensions 100 Hz 300 Hz 10 kHz 100 Hz 100 Hz (composition see | 20 C dxl 20 C 60 C 20 C 60 C 85 C below) | uF mm mOhm mOhm mOhm A A","12;4.3;20;41.7;22.9","10000 76.9 x 130.7 12 4.3 20 41.7 22.9 B437*7A9109M6##","parsed",""
"B43707_B43727.pdf","B43707/B43727","400","12000","76.9","156.2","B437*7A9129M6##","ESRtyp 100 Hz 20 C mOhm","10","ESRtyp 300 Hz 60 C mOhm","3.6","ESRtyp 100 Hz 20 C mOhm=10; ESRtyp 300 Hz 60 C mOhm=3.6","Zmax 10 kHz 20 C mOhm","16","Zmax 10 kHz 20 C mOhm=16","IAC,max 100 Hz 60 C A","47.6","IAC,R 100 Hz 85 C A","26.2","","","IAC,max 100 Hz 60 C A=47.6; IAC,R 100 Hz 85 C A=26.2","CR Case ESRtyp ESRtyp Zmax IAC,max IAC,R Ordering code | 100 Hz dimensions 100 Hz 300 Hz 10 kHz 100 Hz 100 Hz (composition see | 20 C dxl 20 C 60 C 20 C 60 C 85 C below) | uF mm mOhm mOhm mOhm A A","10;3.6;16;47.6;26.2","12000 76.9 x 156.2 10 3.6 16 47.6 26.2 B437*7A9129M6##","parsed",""
"B43707_B43727.pdf","B43707/B43727","400","15000","76.9","190.7","B437*7A9159M6##","ESRtyp 100 Hz 20 C mOhm","8.0","ESRtyp 300 Hz 60 C mOhm","3.0","ESRtyp 100 Hz 20 C mOhm=8.0; ESRtyp 300 Hz 60 C mOhm=3.0","Zmax 10 kHz 20 C mOhm","14","Zmax 10 kHz 20 C mOhm=14","IAC,max 100 Hz 60 C A","55.9","IAC,R 100 Hz 85 C A","31.9","","","IAC,max 100 Hz 60 C A=55.9; IAC,R 100 Hz 85 C A=31.9","CR Case ESRtyp ESRtyp Zmax IAC,max IAC,R Ordering code | 100 Hz dimensions 100 Hz 300 Hz 10 kHz 100 Hz 100 Hz (composition see | 20 C dxl 20 C 60 C 20 C 60 C 85 C below) | uF mm mOhm mOhm mOhm A A","8.0;3.0;14;55.9;31.9","15000 76.9 x 190.7 8.0 3.0 14 55.9 31.9 B437*7A9159M6##","parsed",""
"B43707_B43727.pdf","B43707/B43727","400","18000","76.9","220.7","B437*7A9189M6##","ESRtyp 100 Hz 20 C mOhm","6.7","ESRtyp 300 Hz 60 C mOhm","2.6","ESRtyp 100 Hz 20 C mOhm=6.7; ESRtyp 300 Hz 60 C mOhm=2.6","Zmax 10 kHz 20 C mOhm","12","Zmax 10 kHz 20 C mOhm=12","IAC,max 100 Hz 60 C A","63.9","IAC,R 100 Hz 85 C A","36.5","","","IAC,max 100 Hz 60 C A=63.9; IAC,R 100 Hz 85 C A=36.5","CR Case ESRtyp ESRtyp Zmax IAC,max IAC,R Ordering code | 100 Hz dimensions 100 Hz 300 Hz 10 kHz 100 Hz 100 Hz (composition see | 20 C dxl 20 C 60 C 20 C 60 C 85 C below) | uF mm mOhm mOhm mOhm A A","6.7;2.6;12;63.9;36.5","18000 76.9 x 220.7 6.7 2.6 12 63.9 36.5 B437*7A9189M6##","parsed",""
"B43707_B43727.pdf","B43707/B43727","450","1800","51.6","80.7","B437*7A5188M6##","ESRtyp 100 Hz 20 C mOhm","60","ESRtyp 300 Hz 60 C mOhm","20","ESRtyp 100 Hz 20 C mOhm=60; ESRtyp 300 Hz 60 C mOhm=20","Zmax 10 kHz 20 C mOhm","90","Zmax 10 kHz 20 C mOhm=90","IAC,max 100 Hz 60 C A","12.9","IAC,R 100 Hz 85 C A","7.11","","","IAC,max 100 Hz 60 C A=12.9; IAC,R 100 Hz 85 C A=7.11","CR Case ESRtyp ESRtyp Zmax IAC,max IAC,R Ordering code | 100 Hz dimensions 100 Hz 300 Hz 10 kHz 100 Hz 100 Hz (composition see | 20 C dxl 20 C 60 C 20 C 60 C 85 C below) | uF mm mOhm mOhm mOhm A A","60;20;90;12.9;7.11","1800 51.6 x 80.7 60 20 90 12.9 7.11 B437*7A5188M6##","parsed",""
"B43707_B43727.pdf","B43707/B43727","450","2200","51.6","96.7","B437*7A5228M6##","ESRtyp 100 Hz 20 C mOhm","50","ESRtyp 300 Hz 60 C mOhm","16","ESRtyp 100 Hz 20 C mOhm=50; ESRtyp 300 Hz 60 C mOhm=16","Zmax 10 kHz 20 C mOhm","75","Zmax 10 kHz 20 C mOhm=75","IAC,max 100 Hz 60 C A","14.9","IAC,R 100 Hz 85 C A","8.23","","","IAC,max 100 Hz 60 C A=14.9; IAC,R 100 Hz 85 C A=8.23","CR Case ESRtyp ESRtyp Zmax IAC,max IAC,R Ordering code | 100 Hz dimensions 100 Hz 300 Hz 10 kHz 100 Hz 100 Hz (composition see | 20 C dxl 20 C 60 C 20 C 60 C 85 C below) | uF mm mOhm mOhm mOhm A A","50;16;75;14.9;8.23","2200 51.6 x 96.7 50 16 75 14.9 8.23 B437*7A5228M6##","parsed",""
"B43707_B43727.pdf","B43707/B43727","450","2700","51.6","105.7","B437*7A5278M6##","ESRtyp 100 Hz 20 C mOhm","40","ESRtyp 300 Hz 60 C mOhm","14","ESRtyp 100 Hz 20 C mOhm=40; ESRtyp 300 Hz 60 C mOhm=14","Zmax 10 kHz 20 C mOhm","65","Zmax 10 kHz 20 C mOhm=65","IAC,max 100 Hz 60 C A","17.0","IAC,R 100 Hz 85 C A","9.37","","","IAC,max 100 Hz 60 C A=17.0; IAC,R 100 Hz 85 C A=9.37","CR Case ESRtyp ESRtyp Zmax IAC,max IAC,R Ordering code | 100 Hz dimensions 100 Hz 300 Hz 10 kHz 100 Hz 100 Hz (composition see | 20 C dxl 20 C 60 C 20 C 60 C 85 C below) | uF mm mOhm mOhm mOhm A A","40;14;65;17.0;9.37","2700 51.6 x 105.7 40 14 65 17.0 9.37 B437*7A5278M6##","parsed",""
"B43707_B43727.pdf","B43707/B43727","450","2700","64.3","80.7","B437*7B5278M6##","ESRtyp 100 Hz 20 C mOhm","40","ESRtyp 300 Hz 60 C mOhm","14","ESRtyp 100 Hz 20 C mOhm=40; ESRtyp 300 Hz 60 C mOhm=14","Zmax 10 kHz 20 C mOhm","60","Zmax 10 kHz 20 C mOhm=60","IAC,max 100 Hz 60 C A","17.4","IAC,R 100 Hz 85 C A","9.61","","","IAC,max 100 Hz 60 C A=17.4; IAC,R 100 Hz 85 C A=9.61","CR Case ESRtyp ESRtyp Zmax IAC,max IAC,R Ordering code | 100 Hz dimensions 100 Hz 300 Hz 10 kHz 100 Hz 100 Hz (composition see | 20 C dxl 20 C 60 C 20 C 60 C 85 C below) | uF mm mOhm mOhm mOhm A A","40;14;60;17.4;9.61","2700 64.3 x 80.7 40 14 60 17.4 9.61 B437*7B5278M6##","parsed",""
"B43707_B43727.pdf","B43707/B43727","450","3300","51.6","130.7","B437*7A5338M6##","ESRtyp 100 Hz 20 C mOhm","32","ESRtyp 300 Hz 60 C mOhm","11","ESRtyp 100 Hz 20 C mOhm=32; ESRtyp 300 Hz 60 C mOhm=11","Zmax 10 kHz 20 C mOhm","50","Zmax 10 kHz 20 C mOhm=50","IAC,max 100 Hz 60 C A","19.9","IAC,R 100 Hz 85 C A","11.0","","","IAC,max 100 Hz 60 C A=19.9; IAC,R 100 Hz 85 C A=11.0","CR Case ESRtyp ESRtyp Zmax IAC,max IAC,R Ordering code | 100 Hz dimensions 100 Hz 300 Hz 10 kHz 100 Hz 100 Hz (composition see | 20 C dxl 20 C 60 C 20 C 60 C 85 C below) | uF mm mOhm mOhm mOhm A A","32;11;50;19.9;11.0","3300 51.6 x 130.7 32 11 50 19.9 11.0 B437*7A5338M6##","parsed",""
"B43707_B43727.pdf","B43707/B43727","450","3300","64.3","96.7","B437*7B5338M6##","ESRtyp 100 Hz 20 C mOhm","32","ESRtyp 300 Hz 60 C mOhm","11","ESRtyp 100 Hz 20 C mOhm=32; ESRtyp 300 Hz 60 C mOhm=11","Zmax 10 kHz 20 C mOhm","50","Zmax 10 kHz 20 C mOhm=50","IAC,max 100 Hz 60 C A","20.0","IAC,R 100 Hz 85 C A","11.0","","","IAC,max 100 Hz 60 C A=20.0; IAC,R 100 Hz 85 C A=11.0","CR Case ESRtyp ESRtyp Zmax IAC,max IAC,R Ordering code | 100 Hz dimensions 100 Hz 300 Hz 10 kHz 100 Hz 100 Hz (composition see | 20 C dxl 20 C 60 C 20 C 60 C 85 C below) | uF mm mOhm mOhm mOhm A A","32;11;50;20.0;11.0","3300 64.3 x 96.7 32 11 50 20.0 11.0 B437*7B5338M6##","parsed",""
"B43707_B43727.pdf","B43707/B43727","450","3900","64.3","96.7","B437*7A5398M6##","ESRtyp 100 Hz 20 C mOhm","28","ESRtyp 300 Hz 60 C mOhm","10","ESRtyp 100 Hz 20 C mOhm=28; ESRtyp 300 Hz 60 C mOhm=10","Zmax 10 kHz 20 C mOhm","45","Zmax 10 kHz 20 C mOhm=45","IAC,max 100 Hz 60 C A","21.7","IAC,R 100 Hz 85 C A","11.9","","","IAC,max 100 Hz 60 C A=21.7; IAC,R 100 Hz 85 C A=11.9","CR Case ESRtyp ESRtyp Zmax IAC,max IAC,R Ordering code | 100 Hz dimensions 100 Hz 300 Hz 10 kHz 100 Hz 100 Hz (composition see | 20 C dxl 20 C 60 C 20 C 60 C 85 C below) | uF mm mOhm mOhm mOhm A A","28;10;45;21.7;11.9","3900 64.3 x 96.7 28 10 45 21.7 11.9 B437*7A5398M6##","parsed",""
"B43707_B43727.pdf","B43707/B43727","450","4700","64.3","118.2","B437*7A5478M6##","ESRtyp 100 Hz 20 C mOhm","24","ESRtyp 300 Hz 60 C mOhm","8.4","ESRtyp 100 Hz 20 C mOhm=24; ESRtyp 300 Hz 60 C mOhm=8.4","Zmax 10 kHz 20 C mOhm","40","Zmax 10 kHz 20 C mOhm=40","IAC,max 100 Hz 60 C A","25.1","IAC,R 100 Hz 85 C A","13.8","","","IAC,max 100 Hz 60 C A=25.1; IAC,R 100 Hz 85 C A=13.8","CR Case ESRtyp ESRtyp Zmax IAC,max IAC,R Ordering code | 100 Hz dimensions 100 Hz 300 Hz 10 kHz 100 Hz 100 Hz (composition see | 20 C dxl 20 C 60 C 20 C 60 C 85 C below) | uF mm mOhm mOhm mOhm A A","24;8.4;40;25.1;13.8","4700 64.3 x 118.2 24 8.4 40 25.1 13.8 B437*7A5478M6##","parsed",""
"B43707_B43727.pdf","B43707/B43727","450","5600","64.3","130.7","B437*7A5568M6##","ESRtyp 100 Hz 20 C mOhm","20","ESRtyp 300 Hz 60 C mOhm","7.4","ESRtyp 100 Hz 20 C mOhm=20; ESRtyp 300 Hz 60 C mOhm=7.4","Zmax 10 kHz 20 C mOhm","32","Zmax 10 kHz 20 C mOhm=32","IAC,max 100 Hz 60 C A","28.1","IAC,R 100 Hz 85 C A","15.5","","","IAC,max 100 Hz 60 C A=28.1; IAC,R 100 Hz 85 C A=15.5","CR Case ESRtyp ESRtyp Zmax IAC,max IAC,R Ordering code | 100 Hz dimensions 100 Hz 300 Hz 10 kHz 100 Hz 100 Hz (composition see | 20 C dxl 20 C 60 C 20 C 60 C 85 C below) | uF mm mOhm mOhm mOhm A A","20;7.4;32;28.1;15.5","5600 64.3 x 130.7 20 7.4 32 28.1 15.5 B437*7A5568M6##","parsed",""
"B43707_B43727.pdf","B43707/B43727","450","6800","76.9","118.2","B437*7A5688M6##","ESRtyp 100 Hz 20 C mOhm","16","ESRtyp 300 Hz 60 C mOhm","5.4","ESRtyp 100 Hz 20 C mOhm=16; ESRtyp 300 Hz 60 C mOhm=5.4","Zmax 10 kHz 20 C mOhm","24","Zmax 10 kHz 20 C mOhm=24","IAC,max 100 Hz 60 C A","34.3","IAC,R 100 Hz 85 C A","18.9","","","IAC,max 100 Hz 60 C A=34.3; IAC,R 100 Hz 85 C A=18.9","CR Case ESRtyp ESRtyp Zmax IAC,max IAC,R Ordering code | 100 Hz dimensions 100 Hz 300 Hz 10 kHz 100 Hz 100 Hz (composition see | 20 C dxl 20 C 60 C 20 C 60 C 85 C below) | uF mm mOhm mOhm mOhm A A","16;5.4;24;34.3;18.9","6800 76.9 x 118.2 16 5.4 24 34.3 18.9 B437*7A5688M6##","parsed",""
"B43707_B43727.pdf","B43707/B43727","450","8200","76.9","130.7","B437*7A5828M6##","ESRtyp 100 Hz 20 C mOhm","13","ESRtyp 300 Hz 60 C mOhm","4.7","ESRtyp 100 Hz 20 C mOhm=13; ESRtyp 300 Hz 60 C mOhm=4.7","Zmax 10 kHz 20 C mOhm","22","Zmax 10 kHz 20 C mOhm=22","IAC,max 100 Hz 60 C A","38.7","IAC,R 100 Hz 85 C A","21.3","","","IAC,max 100 Hz 60 C A=38.7; IAC,R 100 Hz 85 C A=21.3","CR Case ESRtyp ESRtyp Zmax IAC,max IAC,R Ordering code | 100 Hz dimensions 100 Hz 300 Hz 10 kHz 100 Hz 100 Hz (composition see | 20 C dxl 20 C 60 C 20 C 60 C 85 C below) | uF mm mOhm mOhm mOhm A A","13;4.7;22;38.7;21.3","8200 76.9 x 130.7 13 4.7 22 38.7 21.3 B437*7A5828M6##","parsed",""
"B43707_B43727.pdf","B43707/B43727","450","10000","76.9","156.2","B437*7A5109M6##","ESRtyp 100 Hz 20 C mOhm","11","ESRtyp 300 Hz 60 C mOhm","3.9","ESRtyp 100 Hz 20 C mOhm=11; ESRtyp 300 Hz 60 C mOhm=3.9","Zmax 10 kHz 20 C mOhm","17","Zmax 10 kHz 20 C mOhm=17","IAC,max 100 Hz 60 C A","44.6","IAC,R 100 Hz 85 C A","24.5","","","IAC,max 100 Hz 60 C A=44.6; IAC,R 100 Hz 85 C A=24.5","CR Case ESRtyp ESRtyp Zmax IAC,max IAC,R Ordering code | 100 Hz dimensions 100 Hz 300 Hz 10 kHz 100 Hz 100 Hz (composition see | 20 C dxl 20 C 60 C 20 C 60 C 85 C below) | uF mm mOhm mOhm mOhm A A","11;3.9;17;44.6;24.5","10000 76.9 x 156.2 11 3.9 17 44.6 24.5 B437*7A5109M6##","parsed",""
"B43707_B43727.pdf","B43707/B43727","450","12000","76.9","190.7","B437*7A5129M6##","ESRtyp 100 Hz 20 C mOhm","9.0","ESRtyp 300 Hz 60 C mOhm","3.3","ESRtyp 100 Hz 20 C mOhm=9.0; ESRtyp 300 Hz 60 C mOhm=3.3","Zmax 10 kHz 20 C mOhm","15","Zmax 10 kHz 20 C mOhm=15","IAC,max 100 Hz 60 C A","51.0","IAC,R 100 Hz 85 C A","29.2","","","IAC,max 100 Hz 60 C A=51.0; IAC,R 100 Hz 85 C A=29.2","CR Case ESRtyp ESRtyp Zmax IAC,max IAC,R Ordering code | 100 Hz dimensions 100 Hz 300 Hz 10 kHz 100 Hz 100 Hz (composition see | 20 C dxl 20 C 60 C 20 C 60 C 85 C below) | uF mm mOhm mOhm mOhm A A","9.0;3.3;15;51.0;29.2","12000 76.9 x 190.7 9.0 3.3 15 51.0 29.2 B437*7A5129M6##","parsed",""
"B43707_B43727.pdf","B43707/B43727","450","15000","76.9","220.7","B437*7A5159M6##","ESRtyp 100 Hz 20 C mOhm","7.3","ESRtyp 300 Hz 60 C mOhm","2.8","ESRtyp 100 Hz 20 C mOhm=7.3; ESRtyp 300 Hz 60 C mOhm=2.8","Zmax 10 kHz 20 C mOhm","12","Zmax 10 kHz 20 C mOhm=12","IAC,max 100 Hz 60 C A","60.0","IAC,R 100 Hz 85 C A","34.3","","","IAC,max 100 Hz 60 C A=60.0; IAC,R 100 Hz 85 C A=34.3","CR Case ESRtyp ESRtyp Zmax IAC,max IAC,R Ordering code | 100 Hz dimensions 100 Hz 300 Hz 10 kHz 100 Hz 100 Hz (composition see | 20 C dxl 20 C 60 C 20 C 60 C 85 C below) | uF mm mOhm mOhm mOhm A A","7.3;2.8;12;60.0;34.3","15000 76.9 x 220.7 7.3 2.8 12 60.0 34.3 B437*7A5159M6##","parsed",""
"B43712_B43732.pdf","B43712/B43732","350","1800","51.6","80.7","B437*2A4188M6##","ESRtyp 100 Hz 20 C mOhm","80","ESRtyp 300 Hz 60 C mOhm","20","ESRtyp 100 Hz 20 C mOhm=80; ESRtyp 300 Hz 60 C mOhm=20","Zmax 10 kHz 20 C mOhm","130","Zmax 10 kHz 20 C mOhm=130","IAC,max 100 Hz 60 C A","11.8","IAC,R 100 Hz 85 C A","5.96","","","IAC,max 100 Hz 60 C A=11.8; IAC,R 100 Hz 85 C A=5.96","CR Case ESRtyp ESRtyp Zmax IAC,max IAC,R Ordering code | 100 Hz dimensions 100 Hz 300 Hz 10 kHz 100 Hz 100 Hz (composition see | 20 C dxl 20 C 60 C 20 C 60 C 85 C below) | uF mm mOhm mOhm mOhm A A","80;20;130;11.8;5.96","1800 51.6 x 80.7 80 20 130 11.8 5.96 B437*2A4188M6##","parsed",""
"B43712_B43732.pdf","B43712/B43732","350","2200","51.6","96.7","B437*2A4228M6##","ESRtyp 100 Hz 20 C mOhm","65","ESRtyp 300 Hz 60 C mOhm","17","ESRtyp 100 Hz 20 C mOhm=65; ESRtyp 300 Hz 60 C mOhm=17","Zmax 10 kHz 20 C mOhm","110","Zmax 10 kHz 20 C mOhm=110","IAC,max 100 Hz 60 C A","13.6","IAC,R 100 Hz 85 C A","6.85","","","IAC,max 100 Hz 60 C A=13.6; IAC,R 100 Hz 85 C A=6.85","CR Case ESRtyp ESRtyp Zmax IAC,max IAC,R Ordering code | 100 Hz dimensions 100 Hz 300 Hz 10 kHz 100 Hz 100 Hz (composition see | 20 C dxl 20 C 60 C 20 C 60 C 85 C below) | uF mm mOhm mOhm mOhm A A","65;17;110;13.6;6.85","2200 51.6 x 96.7 65 17 110 13.6 6.85 B437*2A4228M6##","parsed",""
"B43712_B43732.pdf","B43712/B43732","350","2700","51.6","105.7","B437*2A4278M6##","ESRtyp 100 Hz 20 C mOhm","55","ESRtyp 300 Hz 60 C mOhm","14","ESRtyp 100 Hz 20 C mOhm=55; ESRtyp 300 Hz 60 C mOhm=14","Zmax 10 kHz 20 C mOhm","90","Zmax 10 kHz 20 C mOhm=90","IAC,max 100 Hz 60 C A","15.4","IAC,R 100 Hz 85 C A","7.77","","","IAC,max 100 Hz 60 C A=15.4; IAC,R 100 Hz 85 C A=7.77","CR Case ESRtyp ESRtyp Zmax IAC,max IAC,R Ordering code | 100 Hz dimensions 100 Hz 300 Hz 10 kHz 100 Hz 100 Hz (composition see | 20 C dxl 20 C 60 C 20 C 60 C 85 C below) | uF mm mOhm mOhm mOhm A A","55;14;90;15.4;7.77","2700 51.6 x 105.7 55 14 90 15.4 7.77 B437*2A4278M6##","parsed",""
"B43712_B43732.pdf","B43712/B43732","350","2700","64.3","80.7","B437*2B4278M6##","ESRtyp 100 Hz 20 C mOhm","55","ESRtyp 300 Hz 60 C mOhm","14","ESRtyp 100 Hz 20 C mOhm=55; ESRtyp 300 Hz 60 C mOhm=14","Zmax 10 kHz 20 C mOhm","85","Zmax 10 kHz 20 C mOhm=85","IAC,max 100 Hz 60 C A","16.1","IAC,R 100 Hz 85 C A","8.11","","","IAC,max 100 Hz 60 C A=16.1; IAC,R 100 Hz 85 C A=8.11","CR Case ESRtyp ESRtyp Zmax IAC,max IAC,R Ordering code | 100 Hz dimensions 100 Hz 300 Hz 10 kHz 100 Hz 100 Hz (composition see | 20 C dxl 20 C 60 C 20 C 60 C 85 C below) | uF mm mOhm mOhm mOhm A A","55;14;85;16.1;8.11","2700 64.3 x 80.7 55 14 85 16.1 8.11 B437*2B4278M6##","parsed",""
"B43712_B43732.pdf","B43712/B43732","350","3300","51.6","118.2","B437*2A4338M6##","ESRtyp 100 Hz 20 C mOhm","45","ESRtyp 300 Hz 60 C mOhm","12","ESRtyp 100 Hz 20 C mOhm=45; ESRtyp 300 Hz 60 C mOhm=12","Zmax 10 kHz 20 C mOhm","75","Zmax 10 kHz 20 C mOhm=75","IAC,max 100 Hz 60 C A","17.6","IAC,R 100 Hz 85 C A","8.86","","","IAC,max 100 Hz 60 C A=17.6; IAC,R 100 Hz 85 C A=8.86","CR Case ESRtyp ESRtyp Zmax IAC,max IAC,R Ordering code | 100 Hz dimensions 100 Hz 300 Hz 10 kHz 100 Hz 100 Hz (composition see | 20 C dxl 20 C 60 C 20 C 60 C 85 C below) | uF mm mOhm mOhm mOhm A A","45;12;75;17.6;8.86","3300 51.6 x 118.2 45 12 75 17.6 8.86 B437*2A4338M6##","parsed",""
"B43712_B43732.pdf","B43712/B43732","350","3300","64.3","96.7","B437*2B4338M6##","ESRtyp 100 Hz 20 C mOhm","45","ESRtyp 300 Hz 60 C mOhm","11","ESRtyp 100 Hz 20 C mOhm=45; ESRtyp 300 Hz 60 C mOhm=11","Zmax 10 kHz 20 C mOhm","70","Zmax 10 kHz 20 C mOhm=70","IAC,max 100 Hz 60 C A","18.3","IAC,R 100 Hz 85 C A","9.25","","","IAC,max 100 Hz 60 C A=18.3; IAC,R 100 Hz 85 C A=9.25","CR Case ESRtyp ESRtyp Zmax IAC,max IAC,R Ordering code | 100 Hz dimensions 100 Hz 300 Hz 10 kHz 100 Hz 100 Hz (composition see | 20 C dxl 20 C 60 C 20 C 60 C 85 C below) | uF mm mOhm mOhm mOhm A A","45;11;70;18.3;9.25","3300 64.3 x 96.7 45 11 70 18.3 9.25 B437*2B4338M6##","parsed",""
"B43712_B43732.pdf","B43712/B43732","350","3900","64.3","96.7","B437*2A4398M6##","ESRtyp 100 Hz 20 C mOhm","38","ESRtyp 300 Hz 60 C mOhm","10","ESRtyp 100 Hz 20 C mOhm=38; ESRtyp 300 Hz 60 C mOhm=10","Zmax 10 kHz 20 C mOhm","65","Zmax 10 kHz 20 C mOhm=65","IAC,max 100 Hz 60 C A","20.0","IAC,R 100 Hz 85 C A","10.0","","","IAC,max 100 Hz 60 C A=20.0; IAC,R 100 Hz 85 C A=10.0","CR Case ESRtyp ESRtyp Zmax IAC,max IAC,R Ordering code | 100 Hz dimensions 100 Hz 300 Hz 10 kHz 100 Hz 100 Hz (composition see | 20 C dxl 20 C 60 C 20 C 60 C 85 C below) | uF mm mOhm mOhm mOhm A A","38;10;65;20.0;10.0","3900 64.3 x 96.7 38 10 65 20.0 10.0 B437*2A4398M6##","parsed",""
"B43712_B43732.pdf","B43712/B43732","350","4700","64.3","130.7","B437*2A4478M6##","ESRtyp 100 Hz 20 C mOhm","30","ESRtyp 300 Hz 60 C mOhm","8.1","ESRtyp 100 Hz 20 C mOhm=30; ESRtyp 300 Hz 60 C mOhm=8.1","Zmax 10 kHz 20 C mOhm","50","Zmax 10 kHz 20 C mOhm=50","IAC,max 100 Hz 60 C A","23.1","IAC,R 100 Hz 85 C A","11.6","","","IAC,max 100 Hz 60 C A=23.1; IAC,R 100 Hz 85 C A=11.6","CR Case ESRtyp ESRtyp Zmax IAC,max IAC,R Ordering code | 100 Hz dimensions 100 Hz 300 Hz 10 kHz 100 Hz 100 Hz (composition see | 20 C dxl 20 C 60 C 20 C 60 C 85 C below) | uF mm mOhm mOhm mOhm A A","30;8.1;50;23.1;11.6","4700 64.3 x 130.7 30 8.1 50 23.1 11.6 B437*2A4478M6##","parsed",""
"B43712_B43732.pdf","B43712/B43732","350","5600","64.3","130.7","B437*2A4568M6##","ESRtyp 100 Hz 20 C mOhm","26","ESRtyp 300 Hz 60 C mOhm","7.4","ESRtyp 100 Hz 20 C mOhm=26; ESRtyp 300 Hz 60 C mOhm=7.4","Zmax 10 kHz 20 C mOhm","45","Zmax 10 kHz 20 C mOhm=45","IAC,max 100 Hz 60 C A","25.5","IAC,R 100 Hz 85 C A","12.8","","","IAC,max 100 Hz 60 C A=25.5; IAC,R 100 Hz 85 C A=12.8","CR Case ESRtyp ESRtyp Zmax IAC,max IAC,R Ordering code | 100 Hz dimensions 100 Hz 300 Hz 10 kHz 100 Hz 100 Hz (composition see | 20 C dxl 20 C 60 C 20 C 60 C 85 C below) | uF mm mOhm mOhm mOhm A A","26;7.4;45;25.5;12.8","5600 64.3 x 130.7 26 7.4 45 25.5 12.8 B437*2A4568M6##","parsed",""
"B43712_B43732.pdf","B43712/B43732","350","5600","76.9","96.7","B437*2B4568M6##","ESRtyp 100 Hz 20 C mOhm","26","ESRtyp 300 Hz 60 C mOhm","8.1","ESRtyp 100 Hz 20 C mOhm=26; ESRtyp 300 Hz 60 C mOhm=8.1","Zmax 10 kHz 20 C mOhm","45","Zmax 10 kHz 20 C mOhm=45","IAC,max 100 Hz 60 C A","26.0","IAC,R 100 Hz 85 C A","13.0","","","IAC,max 100 Hz 60 C A=26.0; IAC,R 100 Hz 85 C A=13.0","CR Case ESRtyp ESRtyp Zmax IAC,max IAC,R Ordering code | 100 Hz dimensions 100 Hz 300 Hz 10 kHz 100 Hz 100 Hz (composition see | 20 C dxl 20 C 60 C 20 C 60 C 85 C below) | uF mm mOhm mOhm mOhm A A","26;8.1;45;26.0;13.0","5600 76.9 x 96.7 26 8.1 45 26.0 13.0 B437*2B4568M6##","parsed",""
"B43712_B43732.pdf","B43712/B43732","350","6800","64.3","143.2","B437*2A4688M6##","ESRtyp 100 Hz 20 C mOhm","22","ESRtyp 300 Hz 60 C mOhm","6.5","ESRtyp 100 Hz 20 C mOhm=22; ESRtyp 300 Hz 60 C mOhm=6.5","Zmax 10 kHz 20 C mOhm","36","Zmax 10 kHz 20 C mOhm=36","IAC,max 100 Hz 60 C A","28.9","IAC,R 100 Hz 85 C A","14.5","","","IAC,max 100 Hz 60 C A=28.9; IAC,R 100 Hz 85 C A=14.5","CR Case ESRtyp ESRtyp Zmax IAC,max IAC,R Ordering code | 100 Hz dimensions 100 Hz 300 Hz 10 kHz 100 Hz 100 Hz (composition see | 20 C dxl 20 C 60 C 20 C 60 C 85 C below) | uF mm mOhm mOhm mOhm A A","22;6.5;36;28.9;14.5","6800 64.3 x 143.2 22 6.5 36 28.9 14.5 B437*2A4688M6##","parsed",""
"B43712_B43732.pdf","B43712/B43732","350","6800","76.9","130.7","B437*2B4688M6##","ESRtyp 100 Hz 20 C mOhm","22","ESRtyp 300 Hz 60 C mOhm","6.0","ESRtyp 100 Hz 20 C mOhm=22; ESRtyp 300 Hz 60 C mOhm=6.0","Zmax 10 kHz 20 C mOhm","36","Zmax 10 kHz 20 C mOhm=36","IAC,max 100 Hz 60 C A","30.3","IAC,R 100 Hz 85 C A","15.2","","","IAC,max 100 Hz 60 C A=30.3; IAC,R 100 Hz 85 C A=15.2","CR Case ESRtyp ESRtyp Zmax IAC,max IAC,R Ordering code | 100 Hz dimensions 100 Hz 300 Hz 10 kHz 100 Hz 100 Hz (composition see | 20 C dxl 20 C 60 C 20 C 60 C 85 C below) | uF mm mOhm mOhm mOhm A A","22;6.0;36;30.3;15.2","6800 76.9 x 130.7 22 6.0 36 30.3 15.2 B437*2B4688M6##","parsed",""
"B43712_B43732.pdf","B43712/B43732","350","8200","76.9","143.2","B437*2A4828M6##","ESRtyp 100 Hz 20 C mOhm","18","ESRtyp 300 Hz 60 C mOhm","5.2","ESRtyp 100 Hz 20 C mOhm=18; ESRtyp 300 Hz 60 C mOhm=5.2","Zmax 10 kHz 20 C mOhm","30","Zmax 10 kHz 20 C mOhm=30","IAC,max 100 Hz 60 C A","33.8","IAC,R 100 Hz 85 C A","16.9","","","IAC,max 100 Hz 60 C A=33.8; IAC,R 100 Hz 85 C A=16.9","CR Case ESRtyp ESRtyp Zmax IAC,max IAC,R Ordering code | 100 Hz dimensions 100 Hz 300 Hz 10 kHz 100 Hz 100 Hz (composition see | 20 C dxl 20 C 60 C 20 C 60 C 85 C below) | uF mm mOhm mOhm mOhm A A","18;5.2;30;33.8;16.9","8200 76.9 x 143.2 18 5.2 30 33.8 16.9 B437*2A4828M6##","parsed",""
"B43712_B43732.pdf","B43712/B43732","350","10000","76.9","190.7","B437*2A4109M6##","ESRtyp 100 Hz 20 C mOhm","13","ESRtyp 300 Hz 60 C mOhm","3.9","ESRtyp 100 Hz 20 C mOhm=13; ESRtyp 300 Hz 60 C mOhm=3.9","Zmax 10 kHz 20 C mOhm","22","Zmax 10 kHz 20 C mOhm=22","IAC,max 100 Hz 60 C A","40.7","IAC,R 100 Hz 85 C A","21.0","","","IAC,max 100 Hz 60 C A=40.7; IAC,R 100 Hz 85 C A=21.0","CR Case ESRtyp ESRtyp Zmax IAC,max IAC,R Ordering code | 100 Hz dimensions 100 Hz 300 Hz 10 kHz 100 Hz 100 Hz (composition see | 20 C dxl 20 C 60 C 20 C 60 C 85 C below) | uF mm mOhm mOhm mOhm A A","13;3.9;22;40.7;21.0","10000 76.9 x 190.7 13 3.9 22 40.7 21.0 B437*2A4109M6##","parsed",""
"B43712_B43732.pdf","B43712/B43732","350","12000","76.9","220.7","B437*2A4129M6##","ESRtyp 100 Hz 20 C mOhm","11","ESRtyp 300 Hz 60 C mOhm","3.3","ESRtyp 100 Hz 20 C mOhm=11; ESRtyp 300 Hz 60 C mOhm=3.3","Zmax 10 kHz 20 C mOhm","19","Zmax 10 kHz 20 C mOhm=19","IAC,max 100 Hz 60 C A","46.1","IAC,R 100 Hz 85 C A","23.8","","","IAC,max 100 Hz 60 C A=46.1; IAC,R 100 Hz 85 C A=23.8","CR Case ESRtyp ESRtyp Zmax IAC,max IAC,R Ordering code | 100 Hz dimensions 100 Hz 300 Hz 10 kHz 100 Hz 100 Hz (composition see | 20 C dxl 20 C 60 C 20 C 60 C 85 C below) | uF mm mOhm mOhm mOhm A A","11;3.3;19;46.1;23.8","12000 76.9 x 220.7 11 3.3 19 46.1 23.8 B437*2A4129M6##","parsed",""
"B43712_B43732.pdf","B43712/B43732","350","12000","90.0","144.5","B437*2B4129M6##","ESRtyp 100 Hz 20 C mOhm","12","ESRtyp 300 Hz 60 C mOhm","3.4","ESRtyp 100 Hz 20 C mOhm=12; ESRtyp 300 Hz 60 C mOhm=3.4","Zmax 10 kHz 20 C mOhm","22","Zmax 10 kHz 20 C mOhm=22","IAC,max 100 Hz 60 C A","47.7","IAC,R 100 Hz 85 C A","24.5","","","IAC,max 100 Hz 60 C A=47.7; IAC,R 100 Hz 85 C A=24.5","CR Case ESRtyp ESRtyp Zmax IAC,max IAC,R Ordering code | 100 Hz dimensions 100 Hz 300 Hz 10 kHz 100 Hz 100 Hz (composition see | 20 C dxl 20 C 60 C 20 C 60 C 85 C below) | uF mm mOhm mOhm mOhm A A","12;3.4;22;47.7;24.5","12000 90.0 x 144.5 12 3.4 22 47.7 24.5 B437*2B4129M6##","parsed",""
"B43712_B43732.pdf","B43712/B43732","350","15000","90.0","191.0","B437*2A4159M6##","ESRtyp 100 Hz 20 C mOhm","8.8","ESRtyp 300 Hz 60 C mOhm","2.5","ESRtyp 100 Hz 20 C mOhm=8.8; ESRtyp 300 Hz 60 C mOhm=2.5","Zmax 10 kHz 20 C mOhm","15","Zmax 10 kHz 20 C mOhm=15","IAC,max 100 Hz 60 C A","57.6","IAC,R 100 Hz 85 C A","29.6","","","IAC,max 100 Hz 60 C A=57.6; IAC,R 100 Hz 85 C A=29.6","CR Case ESRtyp ESRtyp Zmax IAC,max IAC,R Ordering code | 100 Hz dimensions 100 Hz 300 Hz 10 kHz 100 Hz 100 Hz (composition see | 20 C dxl 20 C 60 C 20 C 60 C 85 C below) | uF mm mOhm mOhm mOhm A A","8.8;2.5;15;57.6;29.6","15000 90.0 x 191.0 8.8 2.5 15 57.6 29.6 B437*2A4159M6##","parsed",""
"B43712_B43732.pdf","B43712/B43732","350","18000","90.0","221.0","B437*2A4189M6##","ESRtyp 100 Hz 20 C mOhm","7.4","ESRtyp 300 Hz 60 C mOhm","2.2","ESRtyp 100 Hz 20 C mOhm=7.4; ESRtyp 300 Hz 60 C mOhm=2.2","Zmax 10 kHz 20 C mOhm","13","Zmax 10 kHz 20 C mOhm=13","IAC,max 100 Hz 60 C A","64.9","IAC,R 100 Hz 85 C A","33.4","","","IAC,max 100 Hz 60 C A=64.9; IAC,R 100 Hz 85 C A=33.4","CR Case ESRtyp ESRtyp Zmax IAC,max IAC,R Ordering code | 100 Hz dimensions 100 Hz 300 Hz 10 kHz 100 Hz 100 Hz (composition see | 20 C dxl 20 C 60 C 20 C 60 C 85 C below) | uF mm mOhm mOhm mOhm A A","7.4;2.2;13;64.9;33.4","18000 90.0 x 221.0 7.4 2.2 13 64.9 33.4 B437*2A4189M6##","parsed",""
"B43712_B43732.pdf","B43712/B43732","400","1500","51.6","80.7","B437*2A9158M6##","ESRtyp 100 Hz 20 C mOhm","85","ESRtyp 300 Hz 60 C mOhm","22","ESRtyp 100 Hz 20 C mOhm=85; ESRtyp 300 Hz 60 C mOhm=22","Zmax 10 kHz 20 C mOhm","140","Zmax 10 kHz 20 C mOhm=140","IAC,max 100 Hz 60 C A","11.3","IAC,R 100 Hz 85 C A","5.63","","","IAC,max 100 Hz 60 C A=11.3; IAC,R 100 Hz 85 C A=5.63","CR Case ESRtyp ESRtyp Zmax IAC,max IAC,R Ordering code | 100 Hz dimensions 100 Hz 300 Hz 10 kHz 100 Hz 100 Hz (composition see | 20 C dxl 20 C 60 C 20 C 60 C 85 C below) | uF mm mOhm mOhm mOhm A A","85;22;140;11.3;5.63","1500 51.6 x 80.7 85 22 140 11.3 5.63 B437*2A9158M6##","parsed",""
"B43712_B43732.pdf","B43712/B43732","400","1800","51.6","96.7","B437*2A9188M6##","ESRtyp 100 Hz 20 C mOhm","70","ESRtyp 300 Hz 60 C mOhm","18","ESRtyp 100 Hz 20 C mOhm=70; ESRtyp 300 Hz 60 C mOhm=18","Zmax 10 kHz 20 C mOhm","110","Zmax 10 kHz 20 C mOhm=110","IAC,max 100 Hz 60 C A","12.9","IAC,R 100 Hz 85 C A","6.41","","","IAC,max 100 Hz 60 C A=12.9; IAC,R 100 Hz 85 C A=6.41","CR Case ESRtyp ESRtyp Zmax IAC,max IAC,R Ordering code | 100 Hz dimensions 100 Hz 300 Hz 10 kHz 100 Hz 100 Hz (composition see | 20 C dxl 20 C 60 C 20 C 60 C 85 C below) | uF mm mOhm mOhm mOhm A A","70;18;110;12.9;6.41","1800 51.6 x 96.7 70 18 110 12.9 6.41 B437*2A9188M6##","parsed",""
"B43712_B43732.pdf","B43712/B43732","400","2200","51.6","105.7","B437*2A9228M6##","ESRtyp 100 Hz 20 C mOhm","60","ESRtyp 300 Hz 60 C mOhm","16","ESRtyp 100 Hz 20 C mOhm=60; ESRtyp 300 Hz 60 C mOhm=16","Zmax 10 kHz 20 C mOhm","95","Zmax 10 kHz 20 C mOhm=95","IAC,max 100 Hz 60 C A","14.7","IAC,R 100 Hz 85 C A","7.28","","","IAC,max 100 Hz 60 C A=14.7; IAC,R 100 Hz 85 C A=7.28","CR Case ESRtyp ESRtyp Zmax IAC,max IAC,R Ordering code | 100 Hz dimensions 100 Hz 300 Hz 10 kHz 100 Hz 100 Hz (composition see | 20 C dxl 20 C 60 C 20 C 60 C 85 C below) | uF mm mOhm mOhm mOhm A A","60;16;95;14.7;7.28","2200 51.6 x 105.7 60 16 95 14.7 7.28 B437*2A9228M6##","parsed",""
"B43712_B43732.pdf","B43712/B43732","400","2700","51.6","118.2","B437*2A9278M6##","ESRtyp 100 Hz 20 C mOhm","50","ESRtyp 300 Hz 60 C mOhm","13","ESRtyp 100 Hz 20 C mOhm=50; ESRtyp 300 Hz 60 C mOhm=13","Zmax 10 kHz 20 C mOhm","75","Zmax 10 kHz 20 C mOhm=75","IAC,max 100 Hz 60 C A","16.8","IAC,R 100 Hz 85 C A","8.35","","","IAC,max 100 Hz 60 C A=16.8; IAC,R 100 Hz 85 C A=8.35","CR Case ESRtyp ESRtyp Zmax IAC,max IAC,R Ordering code | 100 Hz dimensions 100 Hz 300 Hz 10 kHz 100 Hz 100 Hz (composition see | 20 C dxl 20 C 60 C 20 C 60 C 85 C below) | uF mm mOhm mOhm mOhm A A","50;13;75;16.8;8.35","2700 51.6 x 118.2 50 13 75 16.8 8.35 B437*2A9278M6##","parsed",""
"B43712_B43732.pdf","B43712/B43732","400","3300","64.3","96.7","B437*2A9338M6##","ESRtyp 100 Hz 20 C mOhm","40","ESRtyp 300 Hz 60 C mOhm","11","ESRtyp 100 Hz 20 C mOhm=40; ESRtyp 300 Hz 60 C mOhm=11","Zmax 10 kHz 20 C mOhm","65","Zmax 10 kHz 20 C mOhm=65","IAC,max 100 Hz 60 C A","19.4","IAC,R 100 Hz 85 C A","9.61","","","IAC,max 100 Hz 60 C A=19.4; IAC,R 100 Hz 85 C A=9.61","CR Case ESRtyp ESRtyp Zmax IAC,max IAC,R Ordering code | 100 Hz dimensions 100 Hz 300 Hz 10 kHz 100 Hz 100 Hz (composition see | 20 C dxl 20 C 60 C 20 C 60 C 85 C below) | uF mm mOhm mOhm mOhm A A","40;11;65;19.4;9.61","3300 64.3 x 96.7 40 11 65 19.4 9.61 B437*2A9338M6##","parsed",""
"B43712_B43732.pdf","B43712/B43732","400","3900","64.3","105.7","B437*2A9398M6##","ESRtyp 100 Hz 20 C mOhm","34","ESRtyp 300 Hz 60 C mOhm","9.7","ESRtyp 100 Hz 20 C mOhm=34; ESRtyp 300 Hz 60 C mOhm=9.7","Zmax 10 kHz 20 C mOhm","55","Zmax 10 kHz 20 C mOhm=55","IAC,max 100 Hz 60 C A","21.6","IAC,R 100 Hz 85 C A","10.6","","","IAC,max 100 Hz 60 C A=21.6; IAC,R 100 Hz 85 C A=10.6","CR Case ESRtyp ESRtyp Zmax IAC,max IAC,R Ordering code | 100 Hz dimensions 100 Hz 300 Hz 10 kHz 100 Hz 100 Hz (composition see | 20 C dxl 20 C 60 C 20 C 60 C 85 C below) | uF mm mOhm mOhm mOhm A A","34;9.7;55;21.6;10.6","3900 64.3 x 105.7 34 9.7 55 21.6 10.6 B437*2A9398M6##","parsed",""
"B43712_B43732.pdf","B43712/B43732","400","4700","64.3","130.7","B437*2A9478M6##","ESRtyp 100 Hz 20 C mOhm","28","ESRtyp 300 Hz 60 C mOhm","7.9","ESRtyp 100 Hz 20 C mOhm=28; ESRtyp 300 Hz 60 C mOhm=7.9","Zmax 10 kHz 20 C mOhm","45","Zmax 10 kHz 20 C mOhm=45","IAC,max 100 Hz 60 C A","24.7","IAC,R 100 Hz 85 C A","12.2","","","IAC,max 100 Hz 60 C A=24.7; IAC,R 100 Hz 85 C A=12.2","CR Case ESRtyp ESRtyp Zmax IAC,max IAC,R Ordering code | 100 Hz dimensions 100 Hz 300 Hz 10 kHz 100 Hz 100 Hz (composition see | 20 C dxl 20 C 60 C 20 C 60 C 85 C below) | uF mm mOhm mOhm mOhm A A","28;7.9;45;24.7;12.2","4700 64.3 x 130.7 28 7.9 45 24.7 12.2 B437*2A9478M6##","parsed",""
"B43712_B43732.pdf","B43712/B43732","400","4700","76.9","96.7","B437*2B9478M6##","ESRtyp 100 Hz 20 C mOhm","28","ESRtyp 300 Hz 60 C mOhm","8.6","ESRtyp 100 Hz 20 C mOhm=28; ESRtyp 300 Hz 60 C mOhm=8.6","Zmax 10 kHz 20 C mOhm","45","Zmax 10 kHz 20 C mOhm=45","IAC,max 100 Hz 60 C A","25.2","IAC,R 100 Hz 85 C A","12.4","","","IAC,max 100 Hz 60 C A=25.2; IAC,R 100 Hz 85 C A=12.4","CR Case ESRtyp ESRtyp Zmax IAC,max IAC,R Ordering code | 100 Hz dimensions 100 Hz 300 Hz 10 kHz 100 Hz 100 Hz (composition see | 20 C dxl 20 C 60 C 20 C 60 C 85 C below) | uF mm mOhm mOhm mOhm A A","28;8.6;45;25.2;12.4","4700 76.9 x 96.7 28 8.6 45 25.2 12.4 B437*2B9478M6##","parsed",""
"B43712_B43732.pdf","B43712/B43732","400","5600","64.3","143.2","B437*2A9568M6##","ESRtyp 100 Hz 20 C mOhm","24","ESRtyp 300 Hz 60 C mOhm","6.9","ESRtyp 100 Hz 20 C mOhm=24; ESRtyp 300 Hz 60 C mOhm=6.9","Zmax 10 kHz 20 C mOhm","38","Zmax 10 kHz 20 C mOhm=38","IAC,max 100 Hz 60 C A","27.8","IAC,R 100 Hz 85 C A","13.7","","","IAC,max 100 Hz 60 C A=27.8; IAC,R 100 Hz 85 C A=13.7","CR Case ESRtyp ESRtyp Zmax IAC,max IAC,R Ordering code | 100 Hz dimensions 100 Hz 300 Hz 10 kHz 100 Hz 100 Hz (composition see | 20 C dxl 20 C 60 C 20 C 60 C 85 C below) | uF mm mOhm mOhm mOhm A A","24;6.9;38;27.8;13.7","5600 64.3 x 143.2 24 6.9 38 27.8 13.7 B437*2A9568M6##","parsed",""
"B43712_B43732.pdf","B43712/B43732","400","5600","76.9","130.7","B437*2B9568M6##","ESRtyp 100 Hz 20 C mOhm","24","ESRtyp 300 Hz 60 C mOhm","6.4","ESRtyp 100 Hz 20 C mOhm=24; ESRtyp 300 Hz 60 C mOhm=6.4","Zmax 10 kHz 20 C mOhm","38","Zmax 10 kHz 20 C mOhm=38","IAC,max 100 Hz 60 C A","28.9","IAC,R 100 Hz 85 C A","14.3","","","IAC,max 100 Hz 60 C A=28.9; IAC,R 100 Hz 85 C A=14.3","CR Case ESRtyp ESRtyp Zmax IAC,max IAC,R Ordering code | 100 Hz dimensions 100 Hz 300 Hz 10 kHz 100 Hz 100 Hz (composition see | 20 C dxl 20 C 60 C 20 C 60 C 85 C below) | uF mm mOhm mOhm mOhm A A","24;6.4;38;28.9;14.3","5600 76.9 x 130.7 24 6.4 38 28.9 14.3 B437*2B9568M6##","parsed",""
"B43712_B43732.pdf","B43712/B43732","400","6800","76.9","130.7","B437*2A9688M6##","ESRtyp 100 Hz 20 C mOhm","20","ESRtyp 300 Hz 60 C mOhm","5.9","ESRtyp 100 Hz 20 C mOhm=20; ESRtyp 300 Hz 60 C mOhm=5.9","Zmax 10 kHz 20 C mOhm","32","Zmax 10 kHz 20 C mOhm=32","IAC,max 100 Hz 60 C A","32.1","IAC,R 100 Hz 85 C A","15.9","","","IAC,max 100 Hz 60 C A=32.1; IAC,R 100 Hz 85 C A=15.9","CR Case ESRtyp ESRtyp Zmax IAC,max IAC,R Ordering code | 100 Hz dimensions 100 Hz 300 Hz 10 kHz 100 Hz 100 Hz (composition see | 20 C dxl 20 C 60 C 20 C 60 C 85 C below) | uF mm mOhm mOhm mOhm A A","20;5.9;32;32.1;15.9","6800 76.9 x 130.7 20 5.9 32 32.1 15.9 B437*2A9688M6##","parsed",""
"B43712_B43732.pdf","B43712/B43732","400","8200","76.9","168.7","B437*2A9828M6##","ESRtyp 100 Hz 20 C mOhm","15","ESRtyp 300 Hz 60 C mOhm","4.5","ESRtyp 100 Hz 20 C mOhm=15; ESRtyp 300 Hz 60 C mOhm=4.5","Zmax 10 kHz 20 C mOhm","24","Zmax 10 kHz 20 C mOhm=24","IAC,max 100 Hz 60 C A","38.6","IAC,R 100 Hz 85 C A","19.5","","","IAC,max 100 Hz 60 C A=38.6; IAC,R 100 Hz 85 C A=19.5","CR Case ESRtyp ESRtyp Zmax IAC,max IAC,R Ordering code | 100 Hz dimensions 100 Hz 300 Hz 10 kHz 100 Hz 100 Hz (composition see | 20 C dxl 20 C 60 C 20 C 60 C 85 C below) | uF mm mOhm mOhm mOhm A A","15;4.5;24;38.6;19.5","8200 76.9 x 168.7 15 4.5 24 38.6 19.5 B437*2A9828M6##","parsed",""
"B43712_B43732.pdf","B43712/B43732","400","10000","76.9","190.7","B437*2A9109M6##","ESRtyp 100 Hz 20 C mOhm","12","ESRtyp 300 Hz 60 C mOhm","3.8","ESRtyp 100 Hz 20 C mOhm=12; ESRtyp 300 Hz 60 C mOhm=3.8","Zmax 10 kHz 20 C mOhm","20","Zmax 10 kHz 20 C mOhm=20","IAC,max 100 Hz 60 C A","44.2","IAC,R 100 Hz 85 C A","22.4","","","IAC,max 100 Hz 60 C A=44.2; IAC,R 100 Hz 85 C A=22.4","CR Case ESRtyp ESRtyp Zmax IAC,max IAC,R Ordering code | 100 Hz dimensions 100 Hz 300 Hz 10 kHz 100 Hz 100 Hz (composition see | 20 C dxl 20 C 60 C 20 C 60 C 85 C below) | uF mm mOhm mOhm mOhm A A","12;3.8;20;44.2;22.4","10000 76.9 x 190.7 12 3.8 20 44.2 22.4 B437*2A9109M6##","parsed",""
"B43712_B43732.pdf","B43712/B43732","400","10000","90.0","144.5","B437*2B9109M6##","ESRtyp 100 Hz 20 C mOhm","13","ESRtyp 300 Hz 60 C mOhm","3.6","ESRtyp 100 Hz 20 C mOhm=13; ESRtyp 300 Hz 60 C mOhm=3.6","Zmax 10 kHz 20 C mOhm","22","Zmax 10 kHz 20 C mOhm=22","IAC,max 100 Hz 60 C A","45.9","IAC,R 100 Hz 85 C A","23.3","","","IAC,max 100 Hz 60 C A=45.9; IAC,R 100 Hz 85 C A=23.3","CR Case ESRtyp ESRtyp Zmax IAC,max IAC,R Ordering code | 100 Hz dimensions 100 Hz 300 Hz 10 kHz 100 Hz 100 Hz (composition see | 20 C dxl 20 C 60 C 20 C 60 C 85 C below) | uF mm mOhm mOhm mOhm A A","13;3.6;22;45.9;23.3","10000 90.0 x 144.5 13 3.6 22 45.9 23.3 B437*2B9109M6##","parsed",""
"B43712_B43732.pdf","B43712/B43732","400","12000","90.0","191.0","B437*2A9129M6##","ESRtyp 100 Hz 20 C mOhm","9.7","ESRtyp 300 Hz 60 C mOhm","2.8","ESRtyp 100 Hz 20 C mOhm=9.7; ESRtyp 300 Hz 60 C mOhm=2.8","Zmax 10 kHz 20 C mOhm","16","Zmax 10 kHz 20 C mOhm=16","IAC,max 100 Hz 60 C A","54.0","IAC,R 100 Hz 85 C A","27.4","","","IAC,max 100 Hz 60 C A=54.0; IAC,R 100 Hz 85 C A=27.4","CR Case ESRtyp ESRtyp Zmax IAC,max IAC,R Ordering code | 100 Hz dimensions 100 Hz 300 Hz 10 kHz 100 Hz 100 Hz (composition see | 20 C dxl 20 C 60 C 20 C 60 C 85 C below) | uF mm mOhm mOhm mOhm A A","9.7;2.8;16;54.0;27.4","12000 90.0 x 191.0 9.7 2.8 16 54.0 27.4 B437*2A9129M6##","parsed",""
"B43712_B43732.pdf","B43712/B43732","400","15000","90.0","221.0","B437*2A9159M6##","ESRtyp 100 Hz 20 C mOhm","7.8","ESRtyp 300 Hz 60 C mOhm","2.3","ESRtyp 100 Hz 20 C mOhm=7.8; ESRtyp 300 Hz 60 C mOhm=2.3","Zmax 10 kHz 20 C mOhm","13","Zmax 10 kHz 20 C mOhm=13","IAC,max 100 Hz 60 C A","62.7","IAC,R 100 Hz 85 C A","31.8","","","IAC,max 100 Hz 60 C A=62.7; IAC,R 100 Hz 85 C A=31.8","CR Case ESRtyp ESRtyp Zmax IAC,max IAC,R Ordering code | 100 Hz dimensions 100 Hz 300 Hz 10 kHz 100 Hz 100 Hz (composition see | 20 C dxl 20 C 60 C 20 C 60 C 85 C below) | uF mm mOhm mOhm mOhm A A","7.8;2.3;13;62.7;31.8","15000 90.0 x 221.0 7.8 2.3 13 62.7 31.8 B437*2A9159M6##","parsed",""
"B43712_B43732.pdf","B43712/B43732","450","1000","51.6","80.7","B437*2A5108M6##","ESRtyp 100 Hz 20 C mOhm","120","ESRtyp 300 Hz 60 C mOhm","28","ESRtyp 100 Hz 20 C mOhm=120; ESRtyp 300 Hz 60 C mOhm=28","Zmax 10 kHz 20 C mOhm","190","Zmax 10 kHz 20 C mOhm=190","IAC,max 100 Hz 60 C A","9.62","IAC,R 100 Hz 85 C A","4.77","","","IAC,max 100 Hz 60 C A=9.62; IAC,R 100 Hz 85 C A=4.77","CR Case ESRtyp ESRtyp Zmax IAC,max IAC,R Ordering code | 100 Hz dimensions 100 Hz 300 Hz 10 kHz 100 Hz 100 Hz (composition see | 20 C dxl 20 C 60 C 20 C 60 C 85 C below) | uF mm mOhm mOhm mOhm A A","120;28;190;9.62;4.77","1000 51.6 x 80.7 120 28 190 9.62 4.77 B437*2A5108M6##","parsed",""
"B43712_B43732.pdf","B43712/B43732","450","1200","51.6","96.7","B437*2A5128M6##","ESRtyp 100 Hz 20 C mOhm","100","ESRtyp 300 Hz 60 C mOhm","24","ESRtyp 100 Hz 20 C mOhm=100; ESRtyp 300 Hz 60 C mOhm=24","Zmax 10 kHz 20 C mOhm","160","Zmax 10 kHz 20 C mOhm=160","IAC,max 100 Hz 60 C A","10.8","IAC,R 100 Hz 85 C A","5.40","","","IAC,max 100 Hz 60 C A=10.8; IAC,R 100 Hz 85 C A=5.40","CR Case ESRtyp ESRtyp Zmax IAC,max IAC,R Ordering code | 100 Hz dimensions 100 Hz 300 Hz 10 kHz 100 Hz 100 Hz (composition see | 20 C dxl 20 C 60 C 20 C 60 C 85 C below) | uF mm mOhm mOhm mOhm A A","100;24;160;10.8;5.40","1200 51.6 x 96.7 100 24 160 10.8 5.40 B437*2A5128M6##","parsed",""
"B43712_B43732.pdf","B43712/B43732","450","1500","51.6","105.7","B437*2A5158M6##","ESRtyp 100 Hz 20 C mOhm","80","ESRtyp 300 Hz 60 C mOhm","20","ESRtyp 100 Hz 20 C mOhm=80; ESRtyp 300 Hz 60 C mOhm=20","Zmax 10 kHz 20 C mOhm","130","Zmax 10 kHz 20 C mOhm=130","IAC,max 100 Hz 60 C A","12.6","IAC,R 100 Hz 85 C A","6.26","","","IAC,max 100 Hz 60 C A=12.6; IAC,R 100 Hz 85 C A=6.26","CR Case ESRtyp ESRtyp Zmax IAC,max IAC,R Ordering code | 100 Hz dimensions 100 Hz 300 Hz 10 kHz 100 Hz 100 Hz (composition see | 20 C dxl 20 C 60 C 20 C 60 C 85 C below) | uF mm mOhm mOhm mOhm A A","80;20;130;12.6;6.26","1500 51.6 x 105.7 80 20 130 12.6 6.26 B437*2A5158M6##","parsed",""
"B43712_B43732.pdf","B43712/B43732","450","1500","64.3","80.7","B437*2B5158M6##","ESRtyp 100 Hz 20 C mOhm","80","ESRtyp 300 Hz 60 C mOhm","19","ESRtyp 100 Hz 20 C mOhm=80; ESRtyp 300 Hz 60 C mOhm=19","Zmax 10 kHz 20 C mOhm","130","Zmax 10 kHz 20 C mOhm=130","IAC,max 100 Hz 60 C A","13.1","IAC,R 100 Hz 85 C A","6.49","","","IAC,max 100 Hz 60 C A=13.1; IAC,R 100 Hz 85 C A=6.49","CR Case ESRtyp ESRtyp Zmax IAC,max IAC,R Ordering code | 100 Hz dimensions 100 Hz 300 Hz 10 kHz 100 Hz 100 Hz (composition see | 20 C dxl 20 C 60 C 20 C 60 C 85 C below) | uF mm mOhm mOhm mOhm A A","80;19;130;13.1;6.49","1500 64.3 x 80.7 80 19 130 13.1 6.49 B437*2B5158M6##","parsed",""
"B43712_B43732.pdf","B43712/B43732","450","1800","51.6","118.2","B437*2A5188M6##","ESRtyp 100 Hz 20 C mOhm","65","ESRtyp 300 Hz 60 C mOhm","17","ESRtyp 100 Hz 20 C mOhm=65; ESRtyp 300 Hz 60 C mOhm=17","Zmax 10 kHz 20 C mOhm","110","Zmax 10 kHz 20 C mOhm=110","IAC,max 100 Hz 60 C A","14.3","IAC,R 100 Hz 85 C A","7.11","","","IAC,max 100 Hz 60 C A=14.3; IAC,R 100 Hz 85 C A=7.11","CR Case ESRtyp ESRtyp Zmax IAC,max IAC,R Ordering code | 100 Hz dimensions 100 Hz 300 Hz 10 kHz 100 Hz 100 Hz (composition see | 20 C dxl 20 C 60 C 20 C 60 C 85 C below) | uF mm mOhm mOhm mOhm A A","65;17;110;14.3;7.11","1800 51.6 x 118.2 65 17 110 14.3 7.11 B437*2A5188M6##","parsed",""
"B43712_B43732.pdf","B43712/B43732","450","1800","64.3","96.7","B437*2B5188M6##","ESRtyp 100 Hz 20 C mOhm","65","ESRtyp 300 Hz 60 C mOhm","16","ESRtyp 100 Hz 20 C mOhm=65; ESRtyp 300 Hz 60 C mOhm=16","Zmax 10 kHz 20 C mOhm","110","Zmax 10 kHz 20 C mOhm=110","IAC,max 100 Hz 60 C A","14.7","IAC,R 100 Hz 85 C A","7.29","","","IAC,max 100 Hz 60 C A=14.7; IAC,R 100 Hz 85 C A=7.29","CR Case ESRtyp ESRtyp Zmax IAC,max IAC,R Ordering code | 100 Hz dimensions 100 Hz 300 Hz 10 kHz 100 Hz 100 Hz (composition see | 20 C dxl 20 C 60 C 20 C 60 C 85 C below) | uF mm mOhm mOhm mOhm A A","65;16;110;14.7;7.29","1800 64.3 x 96.7 65 16 110 14.7 7.29 B437*2B5188M6##","parsed",""
"B43712_B43732.pdf","B43712/B43732","450","2200","64.3","96.7","B437*2A5228M6##","ESRtyp 100 Hz 20 C mOhm","55","ESRtyp 300 Hz 60 C mOhm","14","ESRtyp 100 Hz 20 C mOhm=55; ESRtyp 300 Hz 60 C mOhm=14","Zmax 10 kHz 20 C mOhm","85","Zmax 10 kHz 20 C mOhm=85","IAC,max 100 Hz 60 C A","16.6","IAC,R 100 Hz 85 C A","8.24","","","IAC,max 100 Hz 60 C A=16.6; IAC,R 100 Hz 85 C A=8.24","CR Case ESRtyp ESRtyp Zmax IAC,max IAC,R Ordering code | 100 Hz dimensions 100 Hz 300 Hz 10 kHz 100 Hz 100 Hz (composition see | 20 C dxl 20 C 60 C 20 C 60 C 85 C below) | uF mm mOhm mOhm mOhm A A","55;14;85;16.6;8.24","2200 64.3 x 96.7 55 14 85 16.6 8.24 B437*2A5228M6##","parsed",""
"B43712_B43732.pdf","B43712/B43732","450","2700","64.3","118.2","B437*2A5278M6##","ESRtyp 100 Hz 20 C mOhm","45","ESRtyp 300 Hz 60 C mOhm","11","ESRtyp 100 Hz 20 C mOhm=45; ESRtyp 300 Hz 60 C mOhm=11","Zmax 10 kHz 20 C mOhm","70","Zmax 10 kHz 20 C mOhm=70","IAC,max 100 Hz 60 C A","19.0","IAC,R 100 Hz 85 C A","9.46","","","IAC,max 100 Hz 60 C A=19.0; IAC,R 100 Hz 85 C A=9.46","CR Case ESRtyp ESRtyp Zmax IAC,max IAC,R Ordering code | 100 Hz dimensions 100 Hz 300 Hz 10 kHz 100 Hz 100 Hz (composition see | 20 C dxl 20 C 60 C 20 C 60 C 85 C below) | uF mm mOhm mOhm mOhm A A","45;11;70;19.0;9.46","2700 64.3 x 118.2 45 11 70 19.0 9.46 B437*2A5278M6##","parsed",""
"B43712_B43732.pdf","B43712/B43732","450","2700","76.9","96.7","B437*2B5278M6##","ESRtyp 100 Hz 20 C mOhm","45","ESRtyp 300 Hz 60 C mOhm","11","ESRtyp 100 Hz 20 C mOhm=45; ESRtyp 300 Hz 60 C mOhm=11","Zmax 10 kHz 20 C mOhm","70","Zmax 10 kHz 20 C mOhm=70","IAC,max 100 Hz 60 C A","20.1","IAC,R 100 Hz 85 C A","9.99","","","IAC,max 100 Hz 60 C A=20.1; IAC,R 100 Hz 85 C A=9.99","CR Case ESRtyp ESRtyp Zmax IAC,max IAC,R Ordering code | 100 Hz dimensions 100 Hz 300 Hz 10 kHz 100 Hz 100 Hz (composition see | 20 C dxl 20 C 60 C 20 C 60 C 85 C below) | uF mm mOhm mOhm mOhm A A","45;11;70;20.1;9.99","2700 76.9 x 96.7 45 11 70 20.1 9.99 B437*2B5278M6##","parsed",""
"B43712_B43732.pdf","B43712/B43732","450","3300","64.3","130.7","B437*2A5338M6##","ESRtyp 100 Hz 20 C mOhm","36","ESRtyp 300 Hz 60 C mOhm","9.6","ESRtyp 100 Hz 20 C mOhm=36; ESRtyp 300 Hz 60 C mOhm=9.6","Zmax 10 kHz 20 C mOhm","60","Zmax 10 kHz 20 C mOhm=60","IAC,max 100 Hz 60 C A","21.8","IAC,R 100 Hz 85 C A","10.8","","","IAC,max 100 Hz 60 C A=21.8; IAC,R 100 Hz 85 C A=10.8","CR Case ESRtyp ESRtyp Zmax IAC,max IAC,R Ordering code | 100 Hz dimensions 100 Hz 300 Hz 10 kHz 100 Hz 100 Hz (composition see | 20 C dxl 20 C 60 C 20 C 60 C 85 C below) | uF mm mOhm mOhm mOhm A A","36;9.6;60;21.8;10.8","3300 64.3 x 130.7 36 9.6 60 21.8 10.8 B437*2A5338M6##","parsed",""
"B43712_B43732.pdf","B43712/B43732","450","3300","76.9","105.7","B437*2B5338M6##","ESRtyp 100 Hz 20 C mOhm","36","ESRtyp 300 Hz 60 C mOhm","9.7","ESRtyp 100 Hz 20 C mOhm=36; ESRtyp 300 Hz 60 C mOhm=9.7","Zmax 10 kHz 20 C mOhm","60","Zmax 10 kHz 20 C mOhm=60","IAC,max 100 Hz 60 C A","22.7","IAC,R 100 Hz 85 C A","11.2","","","IAC,max 100 Hz 60 C A=22.7; IAC,R 100 Hz 85 C A=11.2","CR Case ESRtyp ESRtyp Zmax IAC,max IAC,R Ordering code | 100 Hz dimensions 100 Hz 300 Hz 10 kHz 100 Hz 100 Hz (composition see | 20 C dxl 20 C 60 C 20 C 60 C 85 C below) | uF mm mOhm mOhm mOhm A A","36;9.7;60;22.7;11.2","3300 76.9 x 105.7 36 9.7 60 22.7 11.2 B437*2B5338M6##","parsed",""
"B43712_B43732.pdf","B43712/B43732","450","3900","76.9","118.2","B437*2A5398M6##","ESRtyp 100 Hz 20 C mOhm","30","ESRtyp 300 Hz 60 C mOhm","8.3","ESRtyp 100 Hz 20 C mOhm=30; ESRtyp 300 Hz 60 C mOhm=8.3","Zmax 10 kHz 20 C mOhm","50","Zmax 10 kHz 20 C mOhm=50","IAC,max 100 Hz 60 C A","25.2","IAC,R 100 Hz 85 C A","12.5","","","IAC,max 100 Hz 60 C A=25.2; IAC,R 100 Hz 85 C A=12.5","CR Case ESRtyp ESRtyp Zmax IAC,max IAC,R Ordering code | 100 Hz dimensions 100 Hz 300 Hz 10 kHz 100 Hz 100 Hz (composition see | 20 C dxl 20 C 60 C 20 C 60 C 85 C below) | uF mm mOhm mOhm mOhm A A","30;8.3;50;25.2;12.5","3900 76.9 x 118.2 30 8.3 50 25.2 12.5 B437*2A5398M6##","parsed",""
"B43712_B43732.pdf","B43712/B43732","450","4700","76.9","130.7","B437*2A5478M6##","ESRtyp 100 Hz 20 C mOhm","26","ESRtyp 300 Hz 60 C mOhm","7.1","ESRtyp 100 Hz 20 C mOhm=26; ESRtyp 300 Hz 60 C mOhm=7.1","Zmax 10 kHz 20 C mOhm","45","Zmax 10 kHz 20 C mOhm=45","IAC,max 100 Hz 60 C A","28.4","IAC,R 100 Hz 85 C A","14.0","","","IAC,max 100 Hz 60 C A=28.4; IAC,R 100 Hz 85 C A=14.0","CR Case ESRtyp ESRtyp Zmax IAC,max IAC,R Ordering code | 100 Hz dimensions 100 Hz 300 Hz 10 kHz 100 Hz 100 Hz (composition see | 20 C dxl 20 C 60 C 20 C 60 C 85 C below) | uF mm mOhm mOhm mOhm A A","26;7.1;45;28.4;14.0","4700 76.9 x 130.7 26 7.1 45 28.4 14.0 B437*2A5478M6##","parsed",""
"B43712_B43732.pdf","B43712/B43732","450","4700","90.0","120.0","B437*2B5478M6##","ESRtyp 100 Hz 20 C mOhm","26","ESRtyp 300 Hz 60 C mOhm","6.2","ESRtyp 100 Hz 20 C mOhm=26; ESRtyp 300 Hz 60 C mOhm=6.2","Zmax 10 kHz 20 C mOhm","40","Zmax 10 kHz 20 C mOhm=40","IAC,max 100 Hz 60 C A","31.4","IAC,R 100 Hz 85 C A","15.9","","","IAC,max 100 Hz 60 C A=31.4; IAC,R 100 Hz 85 C A=15.9","CR Case ESRtyp ESRtyp Zmax IAC,max IAC,R Ordering code | 100 Hz dimensions 100 Hz 300 Hz 10 kHz 100 Hz 100 Hz (composition see | 20 C dxl 20 C 60 C 20 C 60 C 85 C below) | uF mm mOhm mOhm mOhm A A","26;6.2;40;31.4;15.9","4700 90.0 x 120.0 26 6.2 40 31.4 15.9 B437*2B5478M6##","parsed",""
"B43712_B43732.pdf","B43712/B43732","450","5600","76.9","156.2","B437*2A5568M6##","ESRtyp 100 Hz 20 C mOhm","22","ESRtyp 300 Hz 60 C mOhm","6.0","ESRtyp 100 Hz 20 C mOhm=22; ESRtyp 300 Hz 60 C mOhm=6.0","Zmax 10 kHz 20 C mOhm","36","Zmax 10 kHz 20 C mOhm=36","IAC,max 100 Hz 60 C A","31.9","IAC,R 100 Hz 85 C A","15.8","","","IAC,max 100 Hz 60 C A=31.9; IAC,R 100 Hz 85 C A=15.8","CR Case ESRtyp ESRtyp Zmax IAC,max IAC,R Ordering code | 100 Hz dimensions 100 Hz 300 Hz 10 kHz 100 Hz 100 Hz (composition see | 20 C dxl 20 C 60 C 20 C 60 C 85 C below) | uF mm mOhm mOhm mOhm A A","22;6.0;36;31.9;15.8","5600 76.9 x 156.2 22 6.0 36 31.9 15.8 B437*2A5568M6##","parsed",""
"B43712_B43732.pdf","B43712/B43732","450","5600","90.0","144.5","B437*2B5568M6##","ESRtyp 100 Hz 20 C mOhm","22","ESRtyp 300 Hz 60 C mOhm","5.2","ESRtyp 100 Hz 20 C mOhm=22; ESRtyp 300 Hz 60 C mOhm=5.2","Zmax 10 kHz 20 C mOhm","34","Zmax 10 kHz 20 C mOhm=34","IAC,max 100 Hz 60 C A","34.6","IAC,R 100 Hz 85 C A","17.6","","","IAC,max 100 Hz 60 C A=34.6; IAC,R 100 Hz 85 C A=17.6","CR Case ESRtyp ESRtyp Zmax IAC,max IAC,R Ordering code | 100 Hz dimensions 100 Hz 300 Hz 10 kHz 100 Hz 100 Hz (composition see | 20 C dxl 20 C 60 C 20 C 60 C 85 C below) | uF mm mOhm mOhm mOhm A A","22;5.2;34;34.6;17.6","5600 90.0 x 144.5 22 5.2 34 34.6 17.6 B437*2B5568M6##","parsed",""
"B43712_B43732.pdf","B43712/B43732","450","6800","76.9","190.7","B437*2A5688M6##","ESRtyp 100 Hz 20 C mOhm","18","ESRtyp 300 Hz 60 C mOhm","4.9","ESRtyp 100 Hz 20 C mOhm=18; ESRtyp 300 Hz 60 C mOhm=4.9","Zmax 10 kHz 20 C mOhm","30","Zmax 10 kHz 20 C mOhm=30","IAC,max 100 Hz 60 C A","36.5","IAC,R 100 Hz 85 C A","18.5","","","IAC,max 100 Hz 60 C A=36.5; IAC,R 100 Hz 85 C A=18.5","CR Case ESRtyp ESRtyp Zmax IAC,max IAC,R Ordering code | 100 Hz dimensions 100 Hz 300 Hz 10 kHz 100 Hz 100 Hz (composition see | 20 C dxl 20 C 60 C 20 C 60 C 85 C below) | uF mm mOhm mOhm mOhm A A","18;4.9;30;36.5;18.5","6800 76.9 x 190.7 18 4.9 30 36.5 18.5 B437*2A5688M6##","parsed",""
"B43712_B43732.pdf","B43712/B43732","450","6800","90.0","144.5","B437*2B5688M6##","ESRtyp 100 Hz 20 C mOhm","18","ESRtyp 300 Hz 60 C mOhm","4.6","ESRtyp 100 Hz 20 C mOhm=18; ESRtyp 300 Hz 60 C mOhm=4.6","Zmax 10 kHz 20 C mOhm","28","Zmax 10 kHz 20 C mOhm=28","IAC,max 100 Hz 60 C A","39.4","IAC,R 100 Hz 85 C A","20.0","","","IAC,max 100 Hz 60 C A=39.4; IAC,R 100 Hz 85 C A=20.0","CR Case ESRtyp ESRtyp Zmax IAC,max IAC,R Ordering code | 100 Hz dimensions 100 Hz 300 Hz 10 kHz 100 Hz 100 Hz (composition see | 20 C dxl 20 C 60 C 20 C 60 C 85 C below) | uF mm mOhm mOhm mOhm A A","18;4.6;28;39.4;20.0","6800 90.0 x 144.5 18 4.6 28 39.4 20.0 B437*2B5688M6##","parsed",""
"B43712_B43732.pdf","B43712/B43732","450","8200","76.9","220.7","B437*2A5828M6##","ESRtyp 100 Hz 20 C mOhm","15","ESRtyp 300 Hz 60 C mOhm","4.2","ESRtyp 100 Hz 20 C mOhm=15; ESRtyp 300 Hz 60 C mOhm=4.2","Zmax 10 kHz 20 C mOhm","24","Zmax 10 kHz 20 C mOhm=24","IAC,max 100 Hz 60 C A","41.7","IAC,R 100 Hz 85 C A","21.2","","","IAC,max 100 Hz 60 C A=41.7; IAC,R 100 Hz 85 C A=21.2","CR Case ESRtyp ESRtyp Zmax IAC,max IAC,R Ordering code | 100 Hz dimensions 100 Hz 300 Hz 10 kHz 100 Hz 100 Hz (composition see | 20 C dxl 20 C 60 C 20 C 60 C 85 C below) | uF mm mOhm mOhm mOhm A A","15;4.2;24;41.7;21.2","8200 76.9 x 220.7 15 4.2 24 41.7 21.2 B437*2A5828M6##","parsed",""
"B43712_B43732.pdf","B43712/B43732","450","8200","90.0","170.0","B437*2B5828M6##","ESRtyp 100 Hz 20 C mOhm","15","ESRtyp 300 Hz 60 C mOhm","3.8","ESRtyp 100 Hz 20 C mOhm=15; ESRtyp 300 Hz 60 C mOhm=3.8","Zmax 10 kHz 20 C mOhm","24","Zmax 10 kHz 20 C mOhm=24","IAC,max 100 Hz 60 C A","44.4","IAC,R 100 Hz 85 C A","22.6","","","IAC,max 100 Hz 60 C A=44.4; IAC,R 100 Hz 85 C A=22.6","CR Case ESRtyp ESRtyp Zmax IAC,max IAC,R Ordering code | 100 Hz dimensions 100 Hz 300 Hz 10 kHz 100 Hz 100 Hz (composition see | 20 C dxl 20 C 60 C 20 C 60 C 85 C below) | uF mm mOhm mOhm mOhm A A","15;3.8;24;44.4;22.6","8200 90.0 x 170.0 15 3.8 24 44.4 22.6 B437*2B5828M6##","parsed",""
"B43712_B43732.pdf","B43712/B43732","450","10000","90.0","191.0","B437*2A5109M6##","ESRtyp 100 Hz 20 C mOhm","12","ESRtyp 300 Hz 60 C mOhm","3.2","ESRtyp 100 Hz 20 C mOhm=12; ESRtyp 300 Hz 60 C mOhm=3.2","Zmax 10 kHz 20 C mOhm","20","Zmax 10 kHz 20 C mOhm=20","IAC,max 100 Hz 60 C A","50.8","IAC,R 100 Hz 85 C A","25.8","","","IAC,max 100 Hz 60 C A=50.8; IAC,R 100 Hz 85 C A=25.8","CR Case ESRtyp ESRtyp Zmax IAC,max IAC,R Ordering code | 100 Hz dimensions 100 Hz 300 Hz 10 kHz 100 Hz 100 Hz (composition see | 20 C dxl 20 C 60 C 20 C 60 C 85 C below) | uF mm mOhm mOhm mOhm A A","12;3.2;20;50.8;25.8","10000 90.0 x 191.0 12 3.2 20 50.8 25.8 B437*2A5109M6##","parsed",""
"B43712_B43732.pdf","B43712/B43732","450","12000","90.0","221.0","B437*2A5129M6##","ESRtyp 100 Hz 20 C mOhm","10","ESRtyp 300 Hz 60 C mOhm","2.8","ESRtyp 100 Hz 20 C mOhm=10; ESRtyp 300 Hz 60 C mOhm=2.8","Zmax 10 kHz 20 C mOhm","17","Zmax 10 kHz 20 C mOhm=17","IAC,max 100 Hz 60 C A","57.5","IAC,R 100 Hz 85 C A","29.2","","","IAC,max 100 Hz 60 C A=57.5; IAC,R 100 Hz 85 C A=29.2","CR Case ESRtyp ESRtyp Zmax IAC,max IAC,R Ordering code | 100 Hz dimensions 100 Hz 300 Hz 10 kHz 100 Hz 100 Hz (composition see | 20 C dxl 20 C 60 C 20 C 60 C 85 C below) | uF mm mOhm mOhm mOhm A A","10;2.8;17;57.5;29.2","12000 90.0 x 221.0 10 2.8 17 57.5 29.2 B437*2A5129M6##","parsed",""
"B43713_B43733.pdf","B43713/B43733","200","3300","51.6","80.7","B437*3A2338M6##","ESRtyp 100 Hz 20 C mOhm","50","ESRtyp 300 Hz 60 C mOhm","15","ESRtyp 100 Hz 20 C mOhm=50; ESRtyp 300 Hz 60 C mOhm=15","Zmax 10 kHz 20 C mOhm","85","Zmax 10 kHz 20 C mOhm=85","IAC,max 100 Hz 60 C A","15.8","IAC,R 100 Hz 85 C A","8.59","","","IAC,max 100 Hz 60 C A=15.8; IAC,R 100 Hz 85 C A=8.59","CR Case ESRtyp ESRtyp Zmax IAC,max IAC,R Ordering code | 100 Hz dimensions 100 Hz 300 Hz 10 kHz 100 Hz 100 Hz (composition see | 20 C dxl 20 C 60 C 20 C 60 C 85 C below) | uF mm mOhm mOhm mOhm A A","50;15;85;15.8;8.59","3300 51.6 x 80.7 50 15 85 15.8 8.59 B437*3A2338M6##","parsed",""
"B43713_B43733.pdf","B43713/B43733","200","3900","51.6","96.7","B437*3A2398M6##","ESRtyp 100 Hz 20 C mOhm","40","ESRtyp 300 Hz 60 C mOhm","12","ESRtyp 100 Hz 20 C mOhm=40; ESRtyp 300 Hz 60 C mOhm=12","Zmax 10 kHz 20 C mOhm","70","Zmax 10 kHz 20 C mOhm=70","IAC,max 100 Hz 60 C A","17.9","IAC,R 100 Hz 85 C A","9.78","","","IAC,max 100 Hz 60 C A=17.9; IAC,R 100 Hz 85 C A=9.78","CR Case ESRtyp ESRtyp Zmax IAC,max IAC,R Ordering code | 100 Hz dimensions 100 Hz 300 Hz 10 kHz 100 Hz 100 Hz (composition see | 20 C dxl 20 C 60 C 20 C 60 C 85 C below) | uF mm mOhm mOhm mOhm A A","40;12;70;17.9;9.78","3900 51.6 x 96.7 40 12 70 17.9 9.78 B437*3A2398M6##","parsed",""
"B43713_B43733.pdf","B43713/B43733","200","4700","51.6","105.7","B437*3A2478M6##","ESRtyp 100 Hz 20 C mOhm","36","ESRtyp 300 Hz 60 C mOhm","11","ESRtyp 100 Hz 20 C mOhm=36; ESRtyp 300 Hz 60 C mOhm=11","Zmax 10 kHz 20 C mOhm","60","Zmax 10 kHz 20 C mOhm=60","IAC,max 100 Hz 60 C A","20.1","IAC,R 100 Hz 85 C A","10.9","","","IAC,max 100 Hz 60 C A=20.1; IAC,R 100 Hz 85 C A=10.9","CR Case ESRtyp ESRtyp Zmax IAC,max IAC,R Ordering code | 100 Hz dimensions 100 Hz 300 Hz 10 kHz 100 Hz 100 Hz (composition see | 20 C dxl 20 C 60 C 20 C 60 C 85 C below) | uF mm mOhm mOhm mOhm A A","36;11;60;20.1;10.9","4700 51.6 x 105.7 36 11 60 20.1 10.9 B437*3A2478M6##","parsed",""
"B43713_B43733.pdf","B43713/B43733","200","4700","64.3","80.7","B437*3B2478M6##","ESRtyp 100 Hz 20 C mOhm","36","ESRtyp 300 Hz 60 C mOhm","10","ESRtyp 100 Hz 20 C mOhm=36; ESRtyp 300 Hz 60 C mOhm=10","Zmax 10 kHz 20 C mOhm","60","Zmax 10 kHz 20 C mOhm=60","IAC,max 100 Hz 60 C A","21.0","IAC,R 100 Hz 85 C A","11.4","","","IAC,max 100 Hz 60 C A=21.0; IAC,R 100 Hz 85 C A=11.4","CR Case ESRtyp ESRtyp Zmax IAC,max IAC,R Ordering code | 100 Hz dimensions 100 Hz 300 Hz 10 kHz 100 Hz 100 Hz (composition see | 20 C dxl 20 C 60 C 20 C 60 C 85 C below) | uF mm mOhm mOhm mOhm A A","36;10;60;21.0;11.4","4700 64.3 x 80.7 36 10 60 21.0 11.4 B437*3B2478M6##","parsed",""
"B43713_B43733.pdf","B43713/B43733","200","5600","51.6","118.2","B437*3A2568M6##","ESRtyp 100 Hz 20 C mOhm","30","ESRtyp 300 Hz 60 C mOhm","9.1","ESRtyp 100 Hz 20 C mOhm=30; ESRtyp 300 Hz 60 C mOhm=9.1","Zmax 10 kHz 20 C mOhm","50","Zmax 10 kHz 20 C mOhm=50","IAC,max 100 Hz 60 C A","22.5","IAC,R 100 Hz 85 C A","12.2","","","IAC,max 100 Hz 60 C A=22.5; IAC,R 100 Hz 85 C A=12.2","CR Case ESRtyp ESRtyp Zmax IAC,max IAC,R Ordering code | 100 Hz dimensions 100 Hz 300 Hz 10 kHz 100 Hz 100 Hz (composition see | 20 C dxl 20 C 60 C 20 C 60 C 85 C below) | uF mm mOhm mOhm mOhm A A","30;9.1;50;22.5;12.2","5600 51.6 x 118.2 30 9.1 50 22.5 12.2 B437*3A2568M6##","parsed",""
"B43713_B43733.pdf","B43713/B43733","200","5600","64.3","96.7","B437*3B2568M6##","ESRtyp 100 Hz 20 C mOhm","30","ESRtyp 300 Hz 60 C mOhm","8.3","ESRtyp 100 Hz 20 C mOhm=30; ESRtyp 300 Hz 60 C mOhm=8.3","Zmax 10 kHz 20 C mOhm","50","Zmax 10 kHz 20 C mOhm=50","IAC,max 100 Hz 60 C A","23.6","IAC,R 100 Hz 85 C A","12.9","","","IAC,max 100 Hz 60 C A=23.6; IAC,R 100 Hz 85 C A=12.9","CR Case ESRtyp ESRtyp Zmax IAC,max IAC,R Ordering code | 100 Hz dimensions 100 Hz 300 Hz 10 kHz 100 Hz 100 Hz (composition see | 20 C dxl 20 C 60 C 20 C 60 C 85 C below) | uF mm mOhm mOhm mOhm A A","30;8.3;50;23.6;12.9","5600 64.3 x 96.7 30 8.3 50 23.6 12.9 B437*3B2568M6##","parsed",""
"B43713_B43733.pdf","B43713/B43733","200","6800","64.3","96.7","B437*3A2688M6##","ESRtyp 100 Hz 20 C mOhm","26","ESRtyp 300 Hz 60 C mOhm","7.7","ESRtyp 100 Hz 20 C mOhm=26; ESRtyp 300 Hz 60 C mOhm=7.7","Zmax 10 kHz 20 C mOhm","45","Zmax 10 kHz 20 C mOhm=45","IAC,max 100 Hz 60 C A","25.8","IAC,R 100 Hz 85 C A","14.0","","","IAC,max 100 Hz 60 C A=25.8; IAC,R 100 Hz 85 C A=14.0","CR Case ESRtyp ESRtyp Zmax IAC,max IAC,R Ordering code | 100 Hz dimensions 100 Hz 300 Hz 10 kHz 100 Hz 100 Hz (composition see | 20 C dxl 20 C 60 C 20 C 60 C 85 C below) | uF mm mOhm mOhm mOhm A A","26;7.7;45;25.8;14.0","6800 64.3 x 96.7 26 7.7 45 25.8 14.0 B437*3A2688M6##","parsed",""
"B43713_B43733.pdf","B43713/B43733","200","8200","64.3","118.2","B437*3A2828M6##","ESRtyp 100 Hz 20 C mOhm","20","ESRtyp 300 Hz 60 C mOhm","6.2","ESRtyp 100 Hz 20 C mOhm=20; ESRtyp 300 Hz 60 C mOhm=6.2","Zmax 10 kHz 20 C mOhm","34","Zmax 10 kHz 20 C mOhm=34","IAC,max 100 Hz 60 C A","29.6","IAC,R 100 Hz 85 C A","16.0","","","IAC,max 100 Hz 60 C A=29.6; IAC,R 100 Hz 85 C A=16.0","CR Case ESRtyp ESRtyp Zmax IAC,max IAC,R Ordering code | 100 Hz dimensions 100 Hz 300 Hz 10 kHz 100 Hz 100 Hz (composition see | 20 C dxl 20 C 60 C 20 C 60 C 85 C below) | uF mm mOhm mOhm mOhm A A","20;6.2;34;29.6;16.0","8200 64.3 x 118.2 20 6.2 34 29.6 16.0 B437*3A2828M6##","parsed",""
"B43713_B43733.pdf","B43713/B43733","200","8200","76.9","96.7","B437*3B2828M6##","ESRtyp 100 Hz 20 C mOhm","20","ESRtyp 300 Hz 60 C mOhm","5.6","ESRtyp 100 Hz 20 C mOhm=20; ESRtyp 300 Hz 60 C mOhm=5.6","Zmax 10 kHz 20 C mOhm","34","Zmax 10 kHz 20 C mOhm=34","IAC,max 100 Hz 60 C A","33.1","IAC,R 100 Hz 85 C A","18.0","","","IAC,max 100 Hz 60 C A=33.1; IAC,R 100 Hz 85 C A=18.0","CR Case ESRtyp ESRtyp Zmax IAC,max IAC,R Ordering code | 100 Hz dimensions 100 Hz 300 Hz 10 kHz 100 Hz 100 Hz (composition see | 20 C dxl 20 C 60 C 20 C 60 C 85 C below) | uF mm mOhm mOhm mOhm A A","20;5.6;34;33.1;18.0","8200 76.9 x 96.7 20 5.6 34 33.1 18.0 B437*3B2828M6##","parsed",""
"B43713_B43733.pdf","B43713/B43733","200","10000","64.3","130.7","B437*3A2109M6##","ESRtyp 100 Hz 20 C mOhm","17","ESRtyp 300 Hz 60 C mOhm","5.5","ESRtyp 100 Hz 20 C mOhm=17; ESRtyp 300 Hz 60 C mOhm=5.5","Zmax 10 kHz 20 C mOhm","30","Zmax 10 kHz 20 C mOhm=30","IAC,max 100 Hz 60 C A","33.2","IAC,R 100 Hz 85 C A","18.0","","","IAC,max 100 Hz 60 C A=33.2; IAC,R 100 Hz 85 C A=18.0","CR Case ESRtyp ESRtyp Zmax IAC,max IAC,R Ordering code | 100 Hz dimensions 100 Hz 300 Hz 10 kHz 100 Hz 100 Hz (composition see | 20 C dxl 20 C 60 C 20 C 60 C 85 C below) | uF mm mOhm mOhm mOhm A A","17;5.5;30;33.2;18.0","10000 64.3 x 130.7 17 5.5 30 33.2 18.0 B437*3A2109M6##","parsed",""
"B43713_B43733.pdf","B43713/B43733","200","10000","76.9","105.7","B437*3B2109M6##","ESRtyp 100 Hz 20 C mOhm","17","ESRtyp 300 Hz 60 C mOhm","4.8","ESRtyp 100 Hz 20 C mOhm=17; ESRtyp 300 Hz 60 C mOhm=4.8","Zmax 10 kHz 20 C mOhm","28","Zmax 10 kHz 20 C mOhm=28","IAC,max 100 Hz 60 C A","36.9","IAC,R 100 Hz 85 C A","20.0","","","IAC,max 100 Hz 60 C A=36.9; IAC,R 100 Hz 85 C A=20.0","CR Case ESRtyp ESRtyp Zmax IAC,max IAC,R Ordering code | 100 Hz dimensions 100 Hz 300 Hz 10 kHz 100 Hz 100 Hz (composition see | 20 C dxl 20 C 60 C 20 C 60 C 85 C below) | uF mm mOhm mOhm mOhm A A","17;4.8;28;36.9;20.0","10000 76.9 x 105.7 17 4.8 28 36.9 20.0 B437*3B2109M6##","parsed",""
"B43713_B43733.pdf","B43713/B43733","200","12000","76.9","118.2","B437*3A2129M6##","ESRtyp 100 Hz 20 C mOhm","14","ESRtyp 300 Hz 60 C mOhm","4.1","ESRtyp 100 Hz 20 C mOhm=14; ESRtyp 300 Hz 60 C mOhm=4.1","Zmax 10 kHz 20 C mOhm","24","Zmax 10 kHz 20 C mOhm=24","IAC,max 100 Hz 60 C A","41.2","IAC,R 100 Hz 85 C A","22.3","","","IAC,max 100 Hz 60 C A=41.2; IAC,R 100 Hz 85 C A=22.3","CR Case ESRtyp ESRtyp Zmax IAC,max IAC,R Ordering code | 100 Hz dimensions 100 Hz 300 Hz 10 kHz 100 Hz 100 Hz (composition see | 20 C dxl 20 C 60 C 20 C 60 C 85 C below) | uF mm mOhm mOhm mOhm A A","14;4.1;24;41.2;22.3","12000 76.9 x 118.2 14 4.1 24 41.2 22.3 B437*3A2129M6##","parsed",""
"B43713_B43733.pdf","B43713/B43733","200","15000","76.9","143.2","B437*3A2159M6##","ESRtyp 100 Hz 20 C mOhm","11","ESRtyp 300 Hz 60 C mOhm","3.4","ESRtyp 100 Hz 20 C mOhm=11; ESRtyp 300 Hz 60 C mOhm=3.4","Zmax 10 kHz 20 C mOhm","19","Zmax 10 kHz 20 C mOhm=19","IAC,max 100 Hz 60 C A","47.6","IAC,R 100 Hz 85 C A","25.8","","","IAC,max 100 Hz 60 C A=47.6; IAC,R 100 Hz 85 C A=25.8","CR Case ESRtyp ESRtyp Zmax IAC,max IAC,R Ordering code | 100 Hz dimensions 100 Hz 300 Hz 10 kHz 100 Hz 100 Hz (composition see | 20 C dxl 20 C 60 C 20 C 60 C 85 C below) | uF mm mOhm mOhm mOhm A A","11;3.4;19;47.6;25.8","15000 76.9 x 143.2 11 3.4 19 47.6 25.8 B437*3A2159M6##","parsed",""
"B43713_B43733.pdf","B43713/B43733","200","15000","90.0","120.0","B437*3B2159M6##","ESRtyp 100 Hz 20 C mOhm","11","ESRtyp 300 Hz 60 C mOhm","3.2","ESRtyp 100 Hz 20 C mOhm=11; ESRtyp 300 Hz 60 C mOhm=3.2","Zmax 10 kHz 20 C mOhm","19","Zmax 10 kHz 20 C mOhm=19","IAC,max 100 Hz 60 C A","51.0","IAC,R 100 Hz 85 C A","28.4","","","IAC,max 100 Hz 60 C A=51.0; IAC,R 100 Hz 85 C A=28.4","CR Case ESRtyp ESRtyp Zmax IAC,max IAC,R Ordering code | 100 Hz dimensions 100 Hz 300 Hz 10 kHz 100 Hz 100 Hz (composition see | 20 C dxl 20 C 60 C 20 C 60 C 85 C below) | uF mm mOhm mOhm mOhm A A","11;3.2;19;51.0;28.4","15000 90.0 x 120.0 11 3.2 19 51.0 28.4 B437*3B2159M6##","parsed",""
"B43713_B43733.pdf","B43713/B43733","200","18000","76.9","156.2","B437*3A2189M6##","ESRtyp 100 Hz 20 C mOhm","9.5","ESRtyp 300 Hz 60 C mOhm","3.0","ESRtyp 100 Hz 20 C mOhm=9.5; ESRtyp 300 Hz 60 C mOhm=3.0","Zmax 10 kHz 20 C mOhm","17","Zmax 10 kHz 20 C mOhm=17","IAC,max 100 Hz 60 C A","53.1","IAC,R 100 Hz 85 C A","28.8","","","IAC,max 100 Hz 60 C A=53.1; IAC,R 100 Hz 85 C A=28.8","CR Case ESRtyp ESRtyp Zmax IAC,max IAC,R Ordering code | 100 Hz dimensions 100 Hz 300 Hz 10 kHz 100 Hz 100 Hz (composition see | 20 C dxl 20 C 60 C 20 C 60 C 85 C below) | uF mm mOhm mOhm mOhm A A","9.5;3.0;17;53.1;28.8","18000 76.9 x 156.2 9.5 3.0 17 53.1 28.8 B437*3A2189M6##","parsed",""
"B43713_B43733.pdf","B43713/B43733","200","18000","90.0","144.5","B437*3B2189M6##","ESRtyp 100 Hz 20 C mOhm","9.2","ESRtyp 300 Hz 60 C mOhm","2.7","ESRtyp 100 Hz 20 C mOhm=9.2; ESRtyp 300 Hz 60 C mOhm=2.7","Zmax 10 kHz 20 C mOhm","16","Zmax 10 kHz 20 C mOhm=16","IAC,max 100 Hz 60 C A","57.1","IAC,R 100 Hz 85 C A","31.8","","","IAC,max 100 Hz 60 C A=57.1; IAC,R 100 Hz 85 C A=31.8","CR Case ESRtyp ESRtyp Zmax IAC,max IAC,R Ordering code | 100 Hz dimensions 100 Hz 300 Hz 10 kHz 100 Hz 100 Hz (composition see | 20 C dxl 20 C 60 C 20 C 60 C 85 C below) | uF mm mOhm mOhm mOhm A A","9.2;2.7;16;57.1;31.8","18000 90.0 x 144.5 9.2 2.7 16 57.1 31.8 B437*3B2189M6##","parsed",""
"B43713_B43733.pdf","B43713/B43733","200","22000","76.9","190.7","B437*3A2229M6##","ESRtyp 100 Hz 20 C mOhm","7.8","ESRtyp 300 Hz 60 C mOhm","2.5","ESRtyp 100 Hz 20 C mOhm=7.8; ESRtyp 300 Hz 60 C mOhm=2.5","Zmax 10 kHz 20 C mOhm","14","Zmax 10 kHz 20 C mOhm=14","IAC,max 100 Hz 60 C A","61.0","IAC,R 100 Hz 85 C A","33.9","","","IAC,max 100 Hz 60 C A=61.0; IAC,R 100 Hz 85 C A=33.9","CR Case ESRtyp ESRtyp Zmax IAC,max IAC,R Ordering code | 100 Hz dimensions 100 Hz 300 Hz 10 kHz 100 Hz 100 Hz (composition see | 20 C dxl 20 C 60 C 20 C 60 C 85 C below) | uF mm mOhm mOhm mOhm A A","7.8;2.5;14;61.0;33.9","22000 76.9 x 190.7 7.8 2.5 14 61.0 33.9 B437*3A2229M6##","parsed",""
"B43713_B43733.pdf","B43713/B43733","200","22000","90.0","170.0","B437*3B2229M6##","ESRtyp 100 Hz 20 C mOhm","7.6","ESRtyp 300 Hz 60 C mOhm","2.2","ESRtyp 100 Hz 20 C mOhm=7.6; ESRtyp 300 Hz 60 C mOhm=2.2","Zmax 10 kHz 20 C mOhm","14","Zmax 10 kHz 20 C mOhm=14","IAC,max 100 Hz 60 C A","64.4","IAC,R 100 Hz 85 C A","35.9","","","IAC,max 100 Hz 60 C A=64.4; IAC,R 100 Hz 85 C A=35.9","CR Case ESRtyp ESRtyp Zmax IAC,max IAC,R Ordering code | 100 Hz dimensions 100 Hz 300 Hz 10 kHz 100 Hz 100 Hz (composition see | 20 C dxl 20 C 60 C 20 C 60 C 85 C below) | uF mm mOhm mOhm mOhm A A","7.6;2.2;14;64.4;35.9","22000 90.0 x 170.0 7.6 2.2 14 64.4 35.9 B437*3B2229M6##","parsed",""
"B43713_B43733.pdf","B43713/B43733","200","27000","76.9","220.7","B437*3A2279M6##","ESRtyp 100 Hz 20 C mOhm","6.4","ESRtyp 300 Hz 60 C mOhm","2.1","ESRtyp 100 Hz 20 C mOhm=6.4; ESRtyp 300 Hz 60 C mOhm=2.1","Zmax 10 kHz 20 C mOhm","12","Zmax 10 kHz 20 C mOhm=12","IAC,max 100 Hz 60 C A","70.4","IAC,R 100 Hz 85 C A","39.0","","","IAC,max 100 Hz 60 C A=70.4; IAC,R 100 Hz 85 C A=39.0","CR Case ESRtyp ESRtyp Zmax IAC,max IAC,R Ordering code | 100 Hz dimensions 100 Hz 300 Hz 10 kHz 100 Hz 100 Hz (composition see | 20 C dxl 20 C 60 C 20 C 60 C 85 C below) | uF mm mOhm mOhm mOhm A A","6.4;2.1;12;70.4;39.0","27000 76.9 x 220.7 6.4 2.1 12 70.4 39.0 B437*3A2279M6##","parsed",""
"B43713_B43733.pdf","B43713/B43733","200","27000","90.0","197.0","B437*3B2279M6##","ESRtyp 100 Hz 20 C mOhm","6.2","ESRtyp 300 Hz 60 C mOhm","1.9","ESRtyp 100 Hz 20 C mOhm=6.2; ESRtyp 300 Hz 60 C mOhm=1.9","Zmax 10 kHz 20 C mOhm","12","Zmax 10 kHz 20 C mOhm=12","IAC,max 100 Hz 60 C A","72.8","IAC,R 100 Hz 85 C A","40.6","","","IAC,max 100 Hz 60 C A=72.8; IAC,R 100 Hz 85 C A=40.6","CR Case ESRtyp ESRtyp Zmax IAC,max IAC,R Ordering code | 100 Hz dimensions 100 Hz 300 Hz 10 kHz 100 Hz 100 Hz (composition see | 20 C dxl 20 C 60 C 20 C 60 C 85 C below) | uF mm mOhm mOhm mOhm A A","6.2;1.9;12;72.8;40.6","27000 90.0 x 197.0 6.2 1.9 12 72.8 40.6 B437*3B2279M6##","parsed",""
"B43713_B43733.pdf","B43713/B43733","200","33000","90.0","221.0","B437*3A2339M6##","ESRtyp 100 Hz 20 C mOhm","5.2","ESRtyp 300 Hz 60 C mOhm","1.7","ESRtyp 100 Hz 20 C mOhm=5.2; ESRtyp 300 Hz 60 C mOhm=1.7","Zmax 10 kHz 20 C mOhm","9.8","Zmax 10 kHz 20 C mOhm=9.8","IAC,max 100 Hz 60 C A","82.5","IAC,R 100 Hz 85 C A","45.9","","","IAC,max 100 Hz 60 C A=82.5; IAC,R 100 Hz 85 C A=45.9","CR Case ESRtyp ESRtyp Zmax IAC,max IAC,R Ordering code | 100 Hz dimensions 100 Hz 300 Hz 10 kHz 100 Hz 100 Hz (composition see | 20 C dxl 20 C 60 C 20 C 60 C 85 C below) | uF mm mOhm mOhm mOhm A A","5.2;1.7;9.8;82.5;45.9","33000 90.0 x 221.0 5.2 1.7 9.8 82.5 45.9 B437*3A2339M6##","parsed",""
"B43713_B43733.pdf","B43713/B43733","250","2700","51.6","80.7","B437*3E2278M6##","ESRtyp 100 Hz 20 C mOhm","55","ESRtyp 300 Hz 60 C mOhm","16","ESRtyp 100 Hz 20 C mOhm=55; ESRtyp 300 Hz 60 C mOhm=16","Zmax 10 kHz 20 C mOhm","95","Zmax 10 kHz 20 C mOhm=95","IAC,max 100 Hz 60 C A","13.6","IAC,R 100 Hz 85 C A","7.28","","","IAC,max 100 Hz 60 C A=13.6; IAC,R 100 Hz 85 C A=7.28","CR Case ESRtyp ESRtyp Zmax IAC,max IAC,R Ordering code | 100 Hz dimensions 100 Hz 300 Hz 10 kHz 100 Hz 100 Hz (composition see | 20 C dxl 20 C 60 C 20 C 60 C 85 C below) | uF mm mOhm mOhm mOhm A A","55;16;95;13.6;7.28","2700 51.6 x 80.7 55 16 95 13.6 7.28 B437*3E2278M6##","parsed",""
"B43713_B43733.pdf","B43713/B43733","250","3300","51.6","80.7","B437*3E2338M6##","ESRtyp 100 Hz 20 C mOhm","50","ESRtyp 300 Hz 60 C mOhm","15","ESRtyp 100 Hz 20 C mOhm=50; ESRtyp 300 Hz 60 C mOhm=15","Zmax 10 kHz 20 C mOhm","80","Zmax 10 kHz 20 C mOhm=80","IAC,max 100 Hz 60 C A","14.8","IAC,R 100 Hz 85 C A","7.88","","","IAC,max 100 Hz 60 C A=14.8; IAC,R 100 Hz 85 C A=7.88","CR Case ESRtyp ESRtyp Zmax IAC,max IAC,R Ordering code | 100 Hz dimensions 100 Hz 300 Hz 10 kHz 100 Hz 100 Hz (composition see | 20 C dxl 20 C 60 C 20 C 60 C 85 C below) | uF mm mOhm mOhm mOhm A A","50;15;80;14.8;7.88","3300 51.6 x 80.7 50 15 80 14.8 7.88 B437*3E2338M6##","parsed",""
"B43713_B43733.pdf","B43713/B43733","250","3900","51.6","105.7","B437*3E2398M6##","ESRtyp 100 Hz 20 C mOhm","36","ESRtyp 300 Hz 60 C mOhm","11","ESRtyp 100 Hz 20 C mOhm=36; ESRtyp 300 Hz 60 C mOhm=11","Zmax 10 kHz 20 C mOhm","55","Zmax 10 kHz 20 C mOhm=55","IAC,max 100 Hz 60 C A","18.2","IAC,R 100 Hz 85 C A","9.69","","","IAC,max 100 Hz 60 C A=18.2; IAC,R 100 Hz 85 C A=9.69","CR Case ESRtyp ESRtyp Zmax IAC,max IAC,R Ordering code | 100 Hz dimensions 100 Hz 300 Hz 10 kHz 100 Hz 100 Hz (composition see | 20 C dxl 20 C 60 C 20 C 60 C 85 C below) | uF mm mOhm mOhm mOhm A A","36;11;55;18.2;9.69","3900 51.6 x 105.7 36 11 55 18.2 9.69 B437*3E2398M6##","parsed",""
"B43713_B43733.pdf","B43713/B43733","250","3900","64.3","80.7","B437*3F2398M6##","ESRtyp 100 Hz 20 C mOhm","34","ESRtyp 300 Hz 60 C mOhm","10","ESRtyp 100 Hz 20 C mOhm=34; ESRtyp 300 Hz 60 C mOhm=10","Zmax 10 kHz 20 C mOhm","55","Zmax 10 kHz 20 C mOhm=55","IAC,max 100 Hz 60 C A","18.9","IAC,R 100 Hz 85 C A","10.0","","","IAC,max 100 Hz 60 C A=18.9; IAC,R 100 Hz 85 C A=10.0","CR Case ESRtyp ESRtyp Zmax IAC,max IAC,R Ordering code | 100 Hz dimensions 100 Hz 300 Hz 10 kHz 100 Hz 100 Hz (composition see | 20 C dxl 20 C 60 C 20 C 60 C 85 C below) | uF mm mOhm mOhm mOhm A A","34;10;55;18.9;10.0","3900 64.3 x 80.7 34 10 55 18.9 10.0 B437*3F2398M6##","parsed",""
"B43713_B43733.pdf","B43713/B43733","250","4700","51.6","130.7","B437*3E2478M6##","ESRtyp 100 Hz 20 C mOhm","28","ESRtyp 300 Hz 60 C mOhm","8.7","ESRtyp 100 Hz 20 C mOhm=28; ESRtyp 300 Hz 60 C mOhm=8.7","Zmax 10 kHz 20 C mOhm","50","Zmax 10 kHz 20 C mOhm=50","IAC,max 100 Hz 60 C A","21.1","IAC,R 100 Hz 85 C A","11.2","","","IAC,max 100 Hz 60 C A=21.1; IAC,R 100 Hz 85 C A=11.2","CR Case ESRtyp ESRtyp Zmax IAC,max IAC,R Ordering code | 100 Hz dimensions 100 Hz 300 Hz 10 kHz 100 Hz 100 Hz (composition see | 20 C dxl 20 C 60 C 20 C 60 C 85 C below) | uF mm mOhm mOhm mOhm A A","28;8.7;50;21.1;11.2","4700 51.6 x 130.7 28 8.7 50 21.1 11.2 B437*3E2478M6##","parsed",""
"B43713_B43733.pdf","B43713/B43733","250","4700","64.3","96.7","B437*3F2478M6##","ESRtyp 100 Hz 20 C mOhm","28","ESRtyp 300 Hz 60 C mOhm","8.5","ESRtyp 100 Hz 20 C mOhm=28; ESRtyp 300 Hz 60 C mOhm=8.5","Zmax 10 kHz 20 C mOhm","45","Zmax 10 kHz 20 C mOhm=45","IAC,max 100 Hz 60 C A","21.4","IAC,R 100 Hz 85 C A","11.4","","","IAC,max 100 Hz 60 C A=21.4; IAC,R 100 Hz 85 C A=11.4","CR Case ESRtyp ESRtyp Zmax IAC,max IAC,R Ordering code | 100 Hz dimensions 100 Hz 300 Hz 10 kHz 100 Hz 100 Hz (composition see | 20 C dxl 20 C 60 C 20 C 60 C 85 C below) | uF mm mOhm mOhm mOhm A A","28;8.5;45;21.4;11.4","4700 64.3 x 96.7 28 8.5 45 21.4 11.4 B437*3F2478M6##","parsed",""
"B43713_B43733.pdf","B43713/B43733","250","5600","64.3","96.7","B437*3E2568M6##","ESRtyp 100 Hz 20 C mOhm","24","ESRtyp 300 Hz 60 C mOhm","8.0","ESRtyp 100 Hz 20 C mOhm=24; ESRtyp 300 Hz 60 C mOhm=8.0","Zmax 10 kHz 20 C mOhm","40","Zmax 10 kHz 20 C mOhm=40","IAC,max 100 Hz 60 C A","23.2","IAC,R 100 Hz 85 C A","12.3","","","IAC,max 100 Hz 60 C A=23.2; IAC,R 100 Hz 85 C A=12.3","CR Case ESRtyp ESRtyp Zmax IAC,max IAC,R Ordering code | 100 Hz dimensions 100 Hz 300 Hz 10 kHz 100 Hz 100 Hz (composition see | 20 C dxl 20 C 60 C 20 C 60 C 85 C below) | uF mm mOhm mOhm mOhm A A","24;8.0;40;23.2;12.3","5600 64.3 x 96.7 24 8.0 40 23.2 12.3 B437*3E2568M6##","parsed",""
"B43713_B43733.pdf","B43713/B43733","250","6800","64.3","118.2","B437*3E2688M6##","ESRtyp 100 Hz 20 C mOhm","20","ESRtyp 300 Hz 60 C mOhm","6.4","ESRtyp 100 Hz 20 C mOhm=20; ESRtyp 300 Hz 60 C mOhm=6.4","Zmax 10 kHz 20 C mOhm","34","Zmax 10 kHz 20 C mOhm=34","IAC,max 100 Hz 60 C A","26.8","IAC,R 100 Hz 85 C A","14.2","","","IAC,max 100 Hz 60 C A=26.8; IAC,R 100 Hz 85 C A=14.2","CR Case ESRtyp ESRtyp Zmax IAC,max IAC,R Ordering code | 100 Hz dimensions 100 Hz 300 Hz 10 kHz 100 Hz 100 Hz (composition see | 20 C dxl 20 C 60 C 20 C 60 C 85 C below) | uF mm mOhm mOhm mOhm A A","20;6.4;34;26.8;14.2","6800 64.3 x 118.2 20 6.4 34 26.8 14.2 B437*3E2688M6##","parsed",""
"B43713_B43733.pdf","B43713/B43733","250","6800","76.9","96.7","B437*3F2688M6##","ESRtyp 100 Hz 20 C mOhm","20","ESRtyp 300 Hz 60 C mOhm","5.7","ESRtyp 100 Hz 20 C mOhm=20; ESRtyp 300 Hz 60 C mOhm=5.7","Zmax 10 kHz 20 C mOhm","32","Zmax 10 kHz 20 C mOhm=32","IAC,max 100 Hz 60 C A","29.8","IAC,R 100 Hz 85 C A","15.8","","","IAC,max 100 Hz 60 C A=29.8; IAC,R 100 Hz 85 C A=15.8","CR Case ESRtyp ESRtyp Zmax IAC,max IAC,R Ordering code | 100 Hz dimensions 100 Hz 300 Hz 10 kHz 100 Hz 100 Hz (composition see | 20 C dxl 20 C 60 C 20 C 60 C 85 C below) | uF mm mOhm mOhm mOhm A A","20;5.7;32;29.8;15.8","6800 76.9 x 96.7 20 5.7 32 29.8 15.8 B437*3F2688M6##","parsed",""
"B43713_B43733.pdf","B43713/B43733","250","8200","64.3","130.7","B437*3E2828M6##","ESRtyp 100 Hz 20 C mOhm","17","ESRtyp 300 Hz 60 C mOhm","5.7","ESRtyp 100 Hz 20 C mOhm=17; ESRtyp 300 Hz 60 C mOhm=5.7","Zmax 10 kHz 20 C mOhm","28","Zmax 10 kHz 20 C mOhm=28","IAC,max 100 Hz 60 C A","30.1","IAC,R 100 Hz 85 C A","16.0","","","IAC,max 100 Hz 60 C A=30.1; IAC,R 100 Hz 85 C A=16.0","CR Case ESRtyp ESRtyp Zmax IAC,max IAC,R Ordering code | 100 Hz dimensions 100 Hz 300 Hz 10 kHz 100 Hz 100 Hz (composition see | 20 C dxl 20 C 60 C 20 C 60 C 85 C below) | uF mm mOhm mOhm mOhm A A","17;5.7;28;30.1;16.0","8200 64.3 x 130.7 17 5.7 28 30.1 16.0 B437*3E2828M6##","parsed",""
"B43713_B43733.pdf","B43713/B43733","250","8200","76.9","105.7","B437*3F2828M6##","ESRtyp 100 Hz 20 C mOhm","17","ESRtyp 300 Hz 60 C mOhm","5.0","ESRtyp 100 Hz 20 C mOhm=17; ESRtyp 300 Hz 60 C mOhm=5.0","Zmax 10 kHz 20 C mOhm","28","Zmax 10 kHz 20 C mOhm=28","IAC,max 100 Hz 60 C A","33.1","IAC,R 100 Hz 85 C A","17.6","","","IAC,max 100 Hz 60 C A=33.1; IAC,R 100 Hz 85 C A=17.6","CR Case ESRtyp ESRtyp Zmax IAC,max IAC,R Ordering code | 100 Hz dimensions 100 Hz 300 Hz 10 kHz 100 Hz 100 Hz (composition see | 20 C dxl 20 C 60 C 20 C 60 C 85 C below) | uF mm mOhm mOhm mOhm A A","17;5.0;28;33.1;17.6","8200 76.9 x 105.7 17 5.0 28 33.1 17.6 B437*3F2828M6##","parsed",""
"B43713_B43733.pdf","B43713/B43733","250","10000","76.9","118.2","B437*3E2109M6##","ESRtyp 100 Hz 20 C mOhm","14","ESRtyp 300 Hz 60 C mOhm","4.2","ESRtyp 100 Hz 20 C mOhm=14; ESRtyp 300 Hz 60 C mOhm=4.2","Zmax 10 kHz 20 C mOhm","22","Zmax 10 kHz 20 C mOhm=22","IAC,max 100 Hz 60 C A","37.3","IAC,R 100 Hz 85 C A","19.9","","","IAC,max 100 Hz 60 C A=37.3; IAC,R 100 Hz 85 C A=19.9","CR Case ESRtyp ESRtyp Zmax IAC,max IAC,R Ordering code | 100 Hz dimensions 100 Hz 300 Hz 10 kHz 100 Hz 100 Hz (composition see | 20 C dxl 20 C 60 C 20 C 60 C 85 C below) | uF mm mOhm mOhm mOhm A A","14;4.2;22;37.3;19.9","10000 76.9 x 118.2 14 4.2 22 37.3 19.9 B437*3E2109M6##","parsed",""
"B43713_B43733.pdf","B43713/B43733","250","10000","90.0","120.0","B437*3F2109M6##","ESRtyp 100 Hz 20 C mOhm","13","ESRtyp 300 Hz 60 C mOhm","3.6","ESRtyp 100 Hz 20 C mOhm=13; ESRtyp 300 Hz 60 C mOhm=3.6","Zmax 10 kHz 20 C mOhm","22","Zmax 10 kHz 20 C mOhm=22","IAC,max 100 Hz 60 C A","41.2","IAC,R 100 Hz 85 C A","22.5","","","IAC,max 100 Hz 60 C A=41.2; IAC,R 100 Hz 85 C A=22.5","CR Case ESRtyp ESRtyp Zmax IAC,max IAC,R Ordering code | 100 Hz dimensions 100 Hz 300 Hz 10 kHz 100 Hz 100 Hz (composition see | 20 C dxl 20 C 60 C 20 C 60 C 85 C below) | uF mm mOhm mOhm mOhm A A","13;3.6;22;41.2;22.5","10000 90.0 x 120.0 13 3.6 22 41.2 22.5 B437*3F2109M6##","parsed",""
"B43713_B43733.pdf","B43713/B43733","250","12000","76.9","143.2","B437*3E2129M6##","ESRtyp 100 Hz 20 C mOhm","11","ESRtyp 300 Hz 60 C mOhm","3.5","ESRtyp 100 Hz 20 C mOhm=11; ESRtyp 300 Hz 60 C mOhm=3.5","Zmax 10 kHz 20 C mOhm","19","Zmax 10 kHz 20 C mOhm=19","IAC,max 100 Hz 60 C A","42.3","IAC,R 100 Hz 85 C A","22.5","","","IAC,max 100 Hz 60 C A=42.3; IAC,R 100 Hz 85 C A=22.5","CR Case ESRtyp ESRtyp Zmax IAC,max IAC,R Ordering code | 100 Hz dimensions 100 Hz 300 Hz 10 kHz 100 Hz 100 Hz (composition see | 20 C dxl 20 C 60 C 20 C 60 C 85 C below) | uF mm mOhm mOhm mOhm A A","11;3.5;19;42.3;22.5","12000 76.9 x 143.2 11 3.5 19 42.3 22.5 B437*3E2129M6##","parsed",""
"B43713_B43733.pdf","B43713/B43733","250","12000","90.0","120.0","B437*3F2129M6##","ESRtyp 100 Hz 20 C mOhm","11","ESRtyp 300 Hz 60 C mOhm","3.4","ESRtyp 100 Hz 20 C mOhm=11; ESRtyp 300 Hz 60 C mOhm=3.4","Zmax 10 kHz 20 C mOhm","19","Zmax 10 kHz 20 C mOhm=19","IAC,max 100 Hz 60 C A","45.3","IAC,R 100 Hz 85 C A","24.7","","","IAC,max 100 Hz 60 C A=45.3; IAC,R 100 Hz 85 C A=24.7","CR Case ESRtyp ESRtyp Zmax IAC,max IAC,R Ordering code | 100 Hz dimensions 100 Hz 300 Hz 10 kHz 100 Hz 100 Hz (composition see | 20 C dxl 20 C 60 C 20 C 60 C 85 C below) | uF mm mOhm mOhm mOhm A A","11;3.4;19;45.3;24.7","12000 90.0 x 120.0 11 3.4 19 45.3 24.7 B437*3F2129M6##","parsed",""
"B43713_B43733.pdf","B43713/B43733","250","15000","76.9","168.7","B437*3E2159M6##","ESRtyp 100 Hz 20 C mOhm","9.2","ESRtyp 300 Hz 60 C mOhm","2.9","ESRtyp 100 Hz 20 C mOhm=9.2; ESRtyp 300 Hz 60 C mOhm=2.9","Zmax 10 kHz 20 C mOhm","16","Zmax 10 kHz 20 C mOhm=16","IAC,max 100 Hz 60 C A","49.0","IAC,R 100 Hz 85 C A","26.7","","","IAC,max 100 Hz 60 C A=49.0; IAC,R 100 Hz 85 C A=26.7","CR Case ESRtyp ESRtyp Zmax IAC,max IAC,R Ordering code | 100 Hz dimensions 100 Hz 300 Hz 10 kHz 100 Hz 100 Hz (composition see | 20 C dxl 20 C 60 C 20 C 60 C 85 C below) | uF mm mOhm mOhm mOhm A A","9.2;2.9;16;49.0;26.7","15000 76.9 x 168.7 9.2 2.9 16 49.0 26.7 B437*3E2159M6##","parsed",""
"B43713_B43733.pdf","B43713/B43733","250","15000","90.0","144.5","B437*3F2159M6##","ESRtyp 100 Hz 20 C mOhm","9.0","ESRtyp 300 Hz 60 C mOhm","2.7","ESRtyp 100 Hz 20 C mOhm=9.0; ESRtyp 300 Hz 60 C mOhm=2.7","Zmax 10 kHz 20 C mOhm","15","Zmax 10 kHz 20 C mOhm=15","IAC,max 100 Hz 60 C A","51.8","IAC,R 100 Hz 85 C A","28.3","","","IAC,max 100 Hz 60 C A=51.8; IAC,R 100 Hz 85 C A=28.3","CR Case ESRtyp ESRtyp Zmax IAC,max IAC,R Ordering code | 100 Hz dimensions 100 Hz 300 Hz 10 kHz 100 Hz 100 Hz (composition see | 20 C dxl 20 C 60 C 20 C 60 C 85 C below) | uF mm mOhm mOhm mOhm A A","9.0;2.7;15;51.8;28.3","15000 90.0 x 144.5 9.0 2.7 15 51.8 28.3 B437*3F2159M6##","parsed",""
"B43713_B43733.pdf","B43713/B43733","250","18000","76.9","190.7","B437*3E2189M6##","ESRtyp 100 Hz 20 C mOhm","7.8","ESRtyp 300 Hz 60 C mOhm","2.6","ESRtyp 100 Hz 20 C mOhm=7.8; ESRtyp 300 Hz 60 C mOhm=2.6","Zmax 10 kHz 20 C mOhm","14","Zmax 10 kHz 20 C mOhm=14","IAC,max 100 Hz 60 C A","55.4","IAC,R 100 Hz 85 C A","30.2","","","IAC,max 100 Hz 60 C A=55.4; IAC,R 100 Hz 85 C A=30.2","CR Case ESRtyp ESRtyp Zmax IAC,max IAC,R Ordering code | 100 Hz dimensions 100 Hz 300 Hz 10 kHz 100 Hz 100 Hz (composition see | 20 C dxl 20 C 60 C 20 C 60 C 85 C below) | uF mm mOhm mOhm mOhm A A","7.8;2.6;14;55.4;30.2","18000 76.9 x 190.7 7.8 2.6 14 55.4 30.2 B437*3E2189M6##","parsed",""
"B43713_B43733.pdf","B43713/B43733","250","18000","90.0","170.0","B437*3F2189M6##","ESRtyp 100 Hz 20 C mOhm","7.6","ESRtyp 300 Hz 60 C mOhm","2.3","ESRtyp 100 Hz 20 C mOhm=7.6; ESRtyp 300 Hz 60 C mOhm=2.3","Zmax 10 kHz 20 C mOhm","13","Zmax 10 kHz 20 C mOhm=13","IAC,max 100 Hz 60 C A","58.0","IAC,R 100 Hz 85 C A","31.7","","","IAC,max 100 Hz 60 C A=58.0; IAC,R 100 Hz 85 C A=31.7","CR Case ESRtyp ESRtyp Zmax IAC,max IAC,R Ordering code | 100 Hz dimensions 100 Hz 300 Hz 10 kHz 100 Hz 100 Hz (composition see | 20 C dxl 20 C 60 C 20 C 60 C 85 C below) | uF mm mOhm mOhm mOhm A A","7.6;2.3;13;58.0;31.7","18000 90.0 x 170.0 7.6 2.3 13 58.0 31.7 B437*3F2189M6##","parsed",""
"B43713_B43733.pdf","B43713/B43733","250","22000","76.9","220.7","B437*3E2229M6##","ESRtyp 100 Hz 20 C mOhm","6.4","ESRtyp 300 Hz 60 C mOhm","2.2","ESRtyp 100 Hz 20 C mOhm=6.4; ESRtyp 300 Hz 60 C mOhm=2.2","Zmax 10 kHz 20 C mOhm","12","Zmax 10 kHz 20 C mOhm=12","IAC,max 100 Hz 60 C A","63.8","IAC,R 100 Hz 85 C A","34.8","","","IAC,max 100 Hz 60 C A=63.8; IAC,R 100 Hz 85 C A=34.8","CR Case ESRtyp ESRtyp Zmax IAC,max IAC,R Ordering code | 100 Hz dimensions 100 Hz 300 Hz 10 kHz 100 Hz 100 Hz (composition see | 20 C dxl 20 C 60 C 20 C 60 C 85 C below) | uF mm mOhm mOhm mOhm A A","6.4;2.2;12;63.8;34.8","22000 76.9 x 220.7 6.4 2.2 12 63.8 34.8 B437*3E2229M6##","parsed",""
"B43713_B43733.pdf","B43713/B43733","250","22000","90.0","197.0","B437*3F2229M6##","ESRtyp 100 Hz 20 C mOhm","6.2","ESRtyp 300 Hz 60 C mOhm","2.0","ESRtyp 100 Hz 20 C mOhm=6.2; ESRtyp 300 Hz 60 C mOhm=2.0","Zmax 10 kHz 20 C mOhm","11","Zmax 10 kHz 20 C mOhm=11","IAC,max 100 Hz 60 C A","65.6","IAC,R 100 Hz 85 C A","35.9","","","IAC,max 100 Hz 60 C A=65.6; IAC,R 100 Hz 85 C A=35.9","CR Case ESRtyp ESRtyp Zmax IAC,max IAC,R Ordering code | 100 Hz dimensions 100 Hz 300 Hz 10 kHz 100 Hz 100 Hz (composition see | 20 C dxl 20 C 60 C 20 C 60 C 85 C below) | uF mm mOhm mOhm mOhm A A","6.2;2.0;11;65.6;35.9","22000 90.0 x 197.0 6.2 2.0 11 65.6 35.9 B437*3F2229M6##","parsed",""
"B43713_B43733.pdf","B43713/B43733","250","27000","90.0","221.0","B437*3E2279M6##","ESRtyp 100 Hz 20 C mOhm","5.2","ESRtyp 300 Hz 60 C mOhm","1.7","ESRtyp 100 Hz 20 C mOhm=5.2; ESRtyp 300 Hz 60 C mOhm=1.7","Zmax 10 kHz 20 C mOhm","9.4","Zmax 10 kHz 20 C mOhm=9.4","IAC,max 100 Hz 60 C A","74.7","IAC,R 100 Hz 85 C A","40.8","","","IAC,max 100 Hz 60 C A=74.7; IAC,R 100 Hz 85 C A=40.8","CR Case ESRtyp ESRtyp Zmax IAC,max IAC,R Ordering code | 100 Hz dimensions 100 Hz 300 Hz 10 kHz 100 Hz 100 Hz (composition see | 20 C dxl 20 C 60 C 20 C 60 C 85 C below) | uF mm mOhm mOhm mOhm A A","5.2;1.7;9.4;74.7;40.8","27000 90.0 x 221.0 5.2 1.7 9.4 74.7 40.8 B437*3E2279M6##","parsed",""
"B43713_B43733.pdf","B43713/B43733","350","1500","51.6","80.7","B437*3A4158M6##","ESRtyp 100 Hz 20 C mOhm","80","ESRtyp 300 Hz 60 C mOhm","22","ESRtyp 100 Hz 20 C mOhm=80; ESRtyp 300 Hz 60 C mOhm=22","Zmax 10 kHz 20 C mOhm","130","Zmax 10 kHz 20 C mOhm=130","IAC,max 100 Hz 60 C A","11.8","IAC,R 100 Hz 85 C A","6.44","","","IAC,max 100 Hz 60 C A=11.8; IAC,R 100 Hz 85 C A=6.44","CR Case ESRtyp ESRtyp Zmax IAC,max IAC,R Ordering code | 100 Hz dimensions 100 Hz 300 Hz 10 kHz 100 Hz 100 Hz (composition see | 20 C dxl 20 C 60 C 20 C 60 C 85 C below) | uF mm mOhm mOhm mOhm A A","80;22;130;11.8;6.44","1500 51.6 x 80.7 80 22 130 11.8 6.44 B437*3A4158M6##","parsed",""
"B43713_B43733.pdf","B43713/B43733","350","1800","51.6","96.7","B437*3A4188M6##","ESRtyp 100 Hz 20 C mOhm","65","ESRtyp 300 Hz 60 C mOhm","18","ESRtyp 100 Hz 20 C mOhm=65; ESRtyp 300 Hz 60 C mOhm=18","Zmax 10 kHz 20 C mOhm","110","Zmax 10 kHz 20 C mOhm=110","IAC,max 100 Hz 60 C A","13.4","IAC,R 100 Hz 85 C A","7.33","","","IAC,max 100 Hz 60 C A=13.4; IAC,R 100 Hz 85 C A=7.33","CR Case ESRtyp ESRtyp Zmax IAC,max IAC,R Ordering code | 100 Hz dimensions 100 Hz 300 Hz 10 kHz 100 Hz 100 Hz (composition see | 20 C dxl 20 C 60 C 20 C 60 C 85 C below) | uF mm mOhm mOhm mOhm A A","65;18;110;13.4;7.33","1800 51.6 x 96.7 65 18 110 13.4 7.33 B437*3A4188M6##","parsed",""
"B43713_B43733.pdf","B43713/B43733","350","2200","51.6","105.7","B437*3A4228M6##","ESRtyp 100 Hz 20 C mOhm","55","ESRtyp 300 Hz 60 C mOhm","15","ESRtyp 100 Hz 20 C mOhm=55; ESRtyp 300 Hz 60 C mOhm=15","Zmax 10 kHz 20 C mOhm","90","Zmax 10 kHz 20 C mOhm=90","IAC,max 100 Hz 60 C A","15.2","IAC,R 100 Hz 85 C A","8.32","","","IAC,max 100 Hz 60 C A=15.2; IAC,R 100 Hz 85 C A=8.32","CR Case ESRtyp ESRtyp Zmax IAC,max IAC,R Ordering code | 100 Hz dimensions 100 Hz 300 Hz 10 kHz 100 Hz 100 Hz (composition see | 20 C dxl 20 C 60 C 20 C 60 C 85 C below) | uF mm mOhm mOhm mOhm A A","55;15;90;15.2;8.32","2200 51.6 x 105.7 55 15 90 15.2 8.32 B437*3A4228M6##","parsed",""
"B43713_B43733.pdf","B43713/B43733","350","2200","64.3","80.7","B437*3B4228M6##","ESRtyp 100 Hz 20 C mOhm","55","ESRtyp 300 Hz 60 C mOhm","15","ESRtyp 100 Hz 20 C mOhm=55; ESRtyp 300 Hz 60 C mOhm=15","Zmax 10 kHz 20 C mOhm","90","Zmax 10 kHz 20 C mOhm=90","IAC,max 100 Hz 60 C A","15.9","IAC,R 100 Hz 85 C A","8.67","","","IAC,max 100 Hz 60 C A=15.9; IAC,R 100 Hz 85 C A=8.67","CR Case ESRtyp ESRtyp Zmax IAC,max IAC,R Ordering code | 100 Hz dimensions 100 Hz 300 Hz 10 kHz 100 Hz 100 Hz (composition see | 20 C dxl 20 C 60 C 20 C 60 C 85 C below) | uF mm mOhm mOhm mOhm A A","55;15;90;15.9;8.67","2200 64.3 x 80.7 55 15 90 15.9 8.67 B437*3B4228M6##","parsed",""
"B43713_B43733.pdf","B43713/B43733","350","2700","51.6","118.2","B437*3A4278M6##","ESRtyp 100 Hz 20 C mOhm","45","ESRtyp 300 Hz 60 C mOhm","13","ESRtyp 100 Hz 20 C mOhm=45; ESRtyp 300 Hz 60 C mOhm=13","Zmax 10 kHz 20 C mOhm","75","Zmax 10 kHz 20 C mOhm=75","IAC,max 100 Hz 60 C A","17.5","IAC,R 100 Hz 85 C A","9.52","","","IAC,max 100 Hz 60 C A=17.5; IAC,R 100 Hz 85 C A=9.52","CR Case ESRtyp ESRtyp Zmax IAC,max IAC,R Ordering code | 100 Hz dimensions 100 Hz 300 Hz 10 kHz 100 Hz 100 Hz (composition see | 20 C dxl 20 C 60 C 20 C 60 C 85 C below) | uF mm mOhm mOhm mOhm A A","45;13;75;17.5;9.52","2700 51.6 x 118.2 45 13 75 17.5 9.52 B437*3A4278M6##","parsed",""
"B43713_B43733.pdf","B43713/B43733","350","2700","64.3","80.7","B437*3B4278M6##","ESRtyp 100 Hz 20 C mOhm","45","ESRtyp 300 Hz 60 C mOhm","13","ESRtyp 100 Hz 20 C mOhm=45; ESRtyp 300 Hz 60 C mOhm=13","Zmax 10 kHz 20 C mOhm","75","Zmax 10 kHz 20 C mOhm=75","IAC,max 100 Hz 60 C A","17.6","IAC,R 100 Hz 85 C A","9.59","","","IAC,max 100 Hz 60 C A=17.6; IAC,R 100 Hz 85 C A=9.59","CR Case ESRtyp ESRtyp Zmax IAC,max IAC,R Ordering code | 100 Hz dimensions 100 Hz 300 Hz 10 kHz 100 Hz 100 Hz (composition see | 20 C dxl 20 C 60 C 20 C 60 C 85 C below) | uF mm mOhm mOhm mOhm A A","45;13;75;17.6;9.59","2700 64.3 x 80.7 45 13 75 17.6 9.59 B437*3B4278M6##","parsed",""
"B43713_B43733.pdf","B43713/B43733","350","3300","64.3","96.7","B437*3A4338M6##","ESRtyp 100 Hz 20 C mOhm","38","ESRtyp 300 Hz 60 C mOhm","11","ESRtyp 100 Hz 20 C mOhm=38; ESRtyp 300 Hz 60 C mOhm=11","Zmax 10 kHz 20 C mOhm","60","Zmax 10 kHz 20 C mOhm=60","IAC,max 100 Hz 60 C A","20.2","IAC,R 100 Hz 85 C A","11.0","","","IAC,max 100 Hz 60 C A=20.2; IAC,R 100 Hz 85 C A=11.0","CR Case ESRtyp ESRtyp Zmax IAC,max IAC,R Ordering code | 100 Hz dimensions 100 Hz 300 Hz 10 kHz 100 Hz 100 Hz (composition see | 20 C dxl 20 C 60 C 20 C 60 C 85 C below) | uF mm mOhm mOhm mOhm A A","38;11;60;20.2;11.0","3300 64.3 x 96.7 38 11 60 20.2 11.0 B437*3A4338M6##","parsed",""
"B43713_B43733.pdf","B43713/B43733","350","3900","64.3","105.7","B437*3A4398M6##","ESRtyp 100 Hz 20 C mOhm","32","ESRtyp 300 Hz 60 C mOhm","9.4","ESRtyp 100 Hz 20 C mOhm=32; ESRtyp 300 Hz 60 C mOhm=9.4","Zmax 10 kHz 20 C mOhm","55","Zmax 10 kHz 20 C mOhm=55","IAC,max 100 Hz 60 C A","22.5","IAC,R 100 Hz 85 C A","12.2","","","IAC,max 100 Hz 60 C A=22.5; IAC,R 100 Hz 85 C A=12.2","CR Case ESRtyp ESRtyp Zmax IAC,max IAC,R Ordering code | 100 Hz dimensions 100 Hz 300 Hz 10 kHz 100 Hz 100 Hz (composition see | 20 C dxl 20 C 60 C 20 C 60 C 85 C below) | uF mm mOhm mOhm mOhm A A","32;9.4;55;22.5;12.2","3900 64.3 x 105.7 32 9.4 55 22.5 12.2 B437*3A4398M6##","parsed",""
"B43713_B43733.pdf","B43713/B43733","350","3900","76.9","96.7","B437*3B4398M6##","ESRtyp 100 Hz 20 C mOhm","30","ESRtyp 300 Hz 60 C mOhm","8.1","ESRtyp 100 Hz 20 C mOhm=30; ESRtyp 300 Hz 60 C mOhm=8.1","Zmax 10 kHz 20 C mOhm","50","Zmax 10 kHz 20 C mOhm=50","IAC,max 100 Hz 60 C A","25.1","IAC,R 100 Hz 85 C A","13.6","","","IAC,max 100 Hz 60 C A=25.1; IAC,R 100 Hz 85 C A=13.6","CR Case ESRtyp ESRtyp Zmax IAC,max IAC,R Ordering code | 100 Hz dimensions 100 Hz 300 Hz 10 kHz 100 Hz 100 Hz (composition see | 20 C dxl 20 C 60 C 20 C 60 C 85 C below) | uF mm mOhm mOhm mOhm A A","30;8.1;50;25.1;13.6","3900 76.9 x 96.7 30 8.1 50 25.1 13.6 B437*3B4398M6##","parsed",""
"B43713_B43733.pdf","B43713/B43733","350","4700","64.3","130.7","B437*3A4478M6##","ESRtyp 100 Hz 20 C mOhm","26","ESRtyp 300 Hz 60 C mOhm","7.6","ESRtyp 100 Hz 20 C mOhm=26; ESRtyp 300 Hz 60 C mOhm=7.6","Zmax 10 kHz 20 C mOhm","45","Zmax 10 kHz 20 C mOhm=45","IAC,max 100 Hz 60 C A","25.7","IAC,R 100 Hz 85 C A","13.9","","","IAC,max 100 Hz 60 C A=25.7; IAC,R 100 Hz 85 C A=13.9","CR Case ESRtyp ESRtyp Zmax IAC,max IAC,R Ordering code | 100 Hz dimensions 100 Hz 300 Hz 10 kHz 100 Hz 100 Hz (composition see | 20 C dxl 20 C 60 C 20 C 60 C 85 C below) | uF mm mOhm mOhm mOhm A A","26;7.6;45;25.7;13.9","4700 64.3 x 130.7 26 7.6 45 25.7 13.9 B437*3A4478M6##","parsed",""
"B43713_B43733.pdf","B43713/B43733","350","4700","76.9","96.7","B437*3B4478M6##","ESRtyp 100 Hz 20 C mOhm","26","ESRtyp 300 Hz 60 C mOhm","7.3","ESRtyp 100 Hz 20 C mOhm=26; ESRtyp 300 Hz 60 C mOhm=7.3","Zmax 10 kHz 20 C mOhm","45","Zmax 10 kHz 20 C mOhm=45","IAC,max 100 Hz 60 C A","27.8","IAC,R 100 Hz 85 C A","15.1","","","IAC,max 100 Hz 60 C A=27.8; IAC,R 100 Hz 85 C A=15.1","CR Case ESRtyp ESRtyp Zmax IAC,max IAC,R Ordering code | 100 Hz dimensions 100 Hz 300 Hz 10 kHz 100 Hz 100 Hz (composition see | 20 C dxl 20 C 60 C 20 C 60 C 85 C below) | uF mm mOhm mOhm mOhm A A","26;7.3;45;27.8;15.1","4700 76.9 x 96.7 26 7.3 45 27.8 15.1 B437*3B4478M6##","parsed",""
"B43713_B43733.pdf","B43713/B43733","350","5600","64.3","143.2","B437*3A4568M6##","ESRtyp 100 Hz 20 C mOhm","22","ESRtyp 300 Hz 60 C mOhm","6.7","ESRtyp 100 Hz 20 C mOhm=22; ESRtyp 300 Hz 60 C mOhm=6.7","Zmax 10 kHz 20 C mOhm","36","Zmax 10 kHz 20 C mOhm=36","IAC,max 100 Hz 60 C A","28.8","IAC,R 100 Hz 85 C A","15.6","","","IAC,max 100 Hz 60 C A=28.8; IAC,R 100 Hz 85 C A=15.6","CR Case ESRtyp ESRtyp Zmax IAC,max IAC,R Ordering code | 100 Hz dimensions 100 Hz 300 Hz 10 kHz 100 Hz 100 Hz (composition see | 20 C dxl 20 C 60 C 20 C 60 C 85 C below) | uF mm mOhm mOhm mOhm A A","22;6.7;36;28.8;15.6","5600 64.3 x 143.2 22 6.7 36 28.8 15.6 B437*3A4568M6##","parsed",""
"B43713_B43733.pdf","B43713/B43733","350","5600","76.9","118.2","B437*3B4568M6##","ESRtyp 100 Hz 20 C mOhm","22","ESRtyp 300 Hz 60 C mOhm","5.9","ESRtyp 100 Hz 20 C mOhm=22; ESRtyp 300 Hz 60 C mOhm=5.9","Zmax 10 kHz 20 C mOhm","36","Zmax 10 kHz 20 C mOhm=36","IAC,max 100 Hz 60 C A","31.3","IAC,R 100 Hz 85 C A","17.0","","","IAC,max 100 Hz 60 C A=31.3; IAC,R 100 Hz 85 C A=17.0","CR Case ESRtyp ESRtyp Zmax IAC,max IAC,R Ordering code | 100 Hz dimensions 100 Hz 300 Hz 10 kHz 100 Hz 100 Hz (composition see | 20 C dxl 20 C 60 C 20 C 60 C 85 C below) | uF mm mOhm mOhm mOhm A A","22;5.9;36;31.3;17.0","5600 76.9 x 118.2 22 5.9 36 31.3 17.0 B437*3B4568M6##","parsed",""
"B43713_B43733.pdf","B43713/B43733","350","6800","76.9","130.7","B437*3A4688M6##","ESRtyp 100 Hz 20 C mOhm","18","ESRtyp 300 Hz 60 C mOhm","5.1","ESRtyp 100 Hz 20 C mOhm=18; ESRtyp 300 Hz 60 C mOhm=5.1","Zmax 10 kHz 20 C mOhm","30","Zmax 10 kHz 20 C mOhm=30","IAC,max 100 Hz 60 C A","35.3","IAC,R 100 Hz 85 C A","19.1","","","IAC,max 100 Hz 60 C A=35.3; IAC,R 100 Hz 85 C A=19.1","CR Case ESRtyp ESRtyp Zmax IAC,max IAC,R Ordering code | 100 Hz dimensions 100 Hz 300 Hz 10 kHz 100 Hz 100 Hz (composition see | 20 C dxl 20 C 60 C 20 C 60 C 85 C below) | uF mm mOhm mOhm mOhm A A","18;5.1;30;35.3;19.1","6800 76.9 x 130.7 18 5.1 30 35.3 19.1 B437*3A4688M6##","parsed",""
"B43713_B43733.pdf","B43713/B43733","350","6800","90.0","120.0","B437*3B4688M6##","ESRtyp 100 Hz 20 C mOhm","18","ESRtyp 300 Hz 60 C mOhm","4.7","ESRtyp 100 Hz 20 C mOhm=18; ESRtyp 300 Hz 60 C mOhm=4.7","Zmax 10 kHz 20 C mOhm","30","Zmax 10 kHz 20 C mOhm=30","IAC,max 100 Hz 60 C A","38.0","IAC,R 100 Hz 85 C A","21.2","","","IAC,max 100 Hz 60 C A=38.0; IAC,R 100 Hz 85 C A=21.2","CR Case ESRtyp ESRtyp Zmax IAC,max IAC,R Ordering code | 100 Hz dimensions 100 Hz 300 Hz 10 kHz 100 Hz 100 Hz (composition see | 20 C dxl 20 C 60 C 20 C 60 C 85 C below) | uF mm mOhm mOhm mOhm A A","18;4.7;30;38.0;21.2","6800 90.0 x 120.0 18 4.7 30 38.0 21.2 B437*3B4688M6##","parsed",""
"B43713_B43733.pdf","B43713/B43733","350","8200","76.9","156.2","B437*3A4828M6##","ESRtyp 100 Hz 20 C mOhm","16","ESRtyp 300 Hz 60 C mOhm","4.2","ESRtyp 100 Hz 20 C mOhm=16; ESRtyp 300 Hz 60 C mOhm=4.2","Zmax 10 kHz 20 C mOhm","26","Zmax 10 kHz 20 C mOhm=26","IAC,max 100 Hz 60 C A","39.4","IAC,R 100 Hz 85 C A","21.5","","","IAC,max 100 Hz 60 C A=39.4; IAC,R 100 Hz 85 C A=21.5","CR Case ESRtyp ESRtyp Zmax IAC,max IAC,R Ordering code | 100 Hz dimensions 100 Hz 300 Hz 10 kHz 100 Hz 100 Hz (composition see | 20 C dxl 20 C 60 C 20 C 60 C 85 C below) | uF mm mOhm mOhm mOhm A A","16;4.2;26;39.4;21.5","8200 76.9 x 156.2 16 4.2 26 39.4 21.5 B437*3A4828M6##","parsed",""
"B43713_B43733.pdf","B43713/B43733","350","8200","90.0","120.0","B437*3B4828M6##","ESRtyp 100 Hz 20 C mOhm","15","ESRtyp 300 Hz 60 C mOhm","4.2","ESRtyp 100 Hz 20 C mOhm=15; ESRtyp 300 Hz 60 C mOhm=4.2","Zmax 10 kHz 20 C mOhm","24","Zmax 10 kHz 20 C mOhm=24","IAC,max 100 Hz 60 C A","42.2","IAC,R 100 Hz 85 C A","23.5","","","IAC,max 100 Hz 60 C A=42.2; IAC,R 100 Hz 85 C A=23.5","CR Case ESRtyp ESRtyp Zmax IAC,max IAC,R Ordering code | 100 Hz dimensions 100 Hz 300 Hz 10 kHz 100 Hz 100 Hz (composition see | 20 C dxl 20 C 60 C 20 C 60 C 85 C below) | uF mm mOhm mOhm mOhm A A","15;4.2;24;42.2;23.5","8200 90.0 x 120.0 15 4.2 24 42.2 23.5 B437*3B4828M6##","parsed",""
"B43713_B43733.pdf","B43713/B43733","350","10000","76.9","168.7","B437*3A4109M6##","ESRtyp 100 Hz 20 C mOhm","13","ESRtyp 300 Hz 60 C mOhm","3.7","ESRtyp 100 Hz 20 C mOhm=13; ESRtyp 300 Hz 60 C mOhm=3.7","Zmax 10 kHz 20 C mOhm","22","Zmax 10 kHz 20 C mOhm=22","IAC,max 100 Hz 60 C A","45.0","IAC,R 100 Hz 85 C A","25.0","","","IAC,max 100 Hz 60 C A=45.0; IAC,R 100 Hz 85 C A=25.0","CR Case ESRtyp ESRtyp Zmax IAC,max IAC,R Ordering code | 100 Hz dimensions 100 Hz 300 Hz 10 kHz 100 Hz 100 Hz (composition see | 20 C dxl 20 C 60 C 20 C 60 C 85 C below) | uF mm mOhm mOhm mOhm A A","13;3.7;22;45.0;25.0","10000 76.9 x 168.7 13 3.7 22 45.0 25.0 B437*3A4109M6##","parsed",""
"B43713_B43733.pdf","B43713/B43733","350","10000","90.0","144.5","B437*3B4109M6##","ESRtyp 100 Hz 20 C mOhm","12","ESRtyp 300 Hz 60 C mOhm","3.5","ESRtyp 100 Hz 20 C mOhm=12; ESRtyp 300 Hz 60 C mOhm=3.5","Zmax 10 kHz 20 C mOhm","20","Zmax 10 kHz 20 C mOhm=20","IAC,max 100 Hz 60 C A","47.7","IAC,R 100 Hz 85 C A","26.6","","","IAC,max 100 Hz 60 C A=47.7; IAC,R 100 Hz 85 C A=26.6","CR Case ESRtyp ESRtyp Zmax IAC,max IAC,R Ordering code | 100 Hz dimensions 100 Hz 300 Hz 10 kHz 100 Hz 100 Hz (composition see | 20 C dxl 20 C 60 C 20 C 60 C 85 C below) | uF mm mOhm mOhm mOhm A A","12;3.5;20;47.7;26.6","10000 90.0 x 144.5 12 3.5 20 47.7 26.6 B437*3B4109M6##","parsed",""
"B43713_B43733.pdf","B43713/B43733","350","12000","76.9","220.7","B437*3A4129M6##","ESRtyp 100 Hz 20 C mOhm","11","ESRtyp 300 Hz 60 C mOhm","3.0","ESRtyp 100 Hz 20 C mOhm=11; ESRtyp 300 Hz 60 C mOhm=3.0","Zmax 10 kHz 20 C mOhm","18","Zmax 10 kHz 20 C mOhm=18","IAC,max 100 Hz 60 C A","51.1","IAC,R 100 Hz 85 C A","28.5","","","IAC,max 100 Hz 60 C A=51.1; IAC,R 100 Hz 85 C A=28.5","CR Case ESRtyp ESRtyp Zmax IAC,max IAC,R Ordering code | 100 Hz dimensions 100 Hz 300 Hz 10 kHz 100 Hz 100 Hz (composition see | 20 C dxl 20 C 60 C 20 C 60 C 85 C below) | uF mm mOhm mOhm mOhm A A","11;3.0;18;51.1;28.5","12000 76.9 x 220.7 11 3.0 18 51.1 28.5 B437*3A4129M6##","parsed",""
"B43713_B43733.pdf","B43713/B43733","350","15000","90.0","197.0","B437*3A4159M6##","ESRtyp 100 Hz 20 C mOhm","8.6","ESRtyp 300 Hz 60 C mOhm","2.5","ESRtyp 100 Hz 20 C mOhm=8.6; ESRtyp 300 Hz 60 C mOhm=2.5","Zmax 10 kHz 20 C mOhm","15","Zmax 10 kHz 20 C mOhm=15","IAC,max 100 Hz 60 C A","60.9","IAC,R 100 Hz 85 C A","34.0","","","IAC,max 100 Hz 60 C A=60.9; IAC,R 100 Hz 85 C A=34.0","CR Case ESRtyp ESRtyp Zmax IAC,max IAC,R Ordering code | 100 Hz dimensions 100 Hz 300 Hz 10 kHz 100 Hz 100 Hz (composition see | 20 C dxl 20 C 60 C 20 C 60 C 85 C below) | uF mm mOhm mOhm mOhm A A","8.6;2.5;15;60.9;34.0","15000 90.0 x 197.0 8.6 2.5 15 60.9 34.0 B437*3A4159M6##","parsed",""
"B43713_B43733.pdf","B43713/B43733","350","18000","90.0","221.0","B437*3A4189M6##","ESRtyp 100 Hz 20 C mOhm","7.2","ESRtyp 300 Hz 60 C mOhm","2.2","ESRtyp 100 Hz 20 C mOhm=7.2; ESRtyp 300 Hz 60 C mOhm=2.2","Zmax 10 kHz 20 C mOhm","13","Zmax 10 kHz 20 C mOhm=13","IAC,max 100 Hz 60 C A","68.8","IAC,R 100 Hz 85 C A","38.3","","","IAC,max 100 Hz 60 C A=68.8; IAC,R 100 Hz 85 C A=38.3","CR Case ESRtyp ESRtyp Zmax IAC,max IAC,R Ordering code | 100 Hz dimensions 100 Hz 300 Hz 10 kHz 100 Hz 100 Hz (composition see | 20 C dxl 20 C 60 C 20 C 60 C 85 C below) | uF mm mOhm mOhm mOhm A A","7.2;2.2;13;68.8;38.3","18000 90.0 x 221.0 7.2 2.2 13 68.8 38.3 B437*3A4189M6##","parsed",""
"B43713_B43733.pdf","B43713/B43733","400","1500","51.6","80.7","B437*3A9158M6##","ESRtyp 100 Hz 20 C mOhm","85","ESRtyp 300 Hz 60 C mOhm","22","ESRtyp 100 Hz 20 C mOhm=85; ESRtyp 300 Hz 60 C mOhm=22","Zmax 10 kHz 20 C mOhm","130","Zmax 10 kHz 20 C mOhm=130","IAC,max 100 Hz 60 C A","11.8","IAC,R 100 Hz 85 C A","6.44","","","IAC,max 100 Hz 60 C A=11.8; IAC,R 100 Hz 85 C A=6.44","CR Case ESRtyp ESRtyp Zmax IAC,max IAC,R Ordering code | 100 Hz dimensions 100 Hz 300 Hz 10 kHz 100 Hz 100 Hz (composition see | 20 C dxl 20 C 60 C 20 C 60 C 85 C below) | uF mm mOhm mOhm mOhm A A","85;22;130;11.8;6.44","1500 51.6 x 80.7 85 22 130 11.8 6.44 B437*3A9158M6##","parsed",""
"B43713_B43733.pdf","B43713/B43733","400","1800","51.6","96.7","B437*3A9188M6##","ESRtyp 100 Hz 20 C mOhm","70","ESRtyp 300 Hz 60 C mOhm","18","ESRtyp 100 Hz 20 C mOhm=70; ESRtyp 300 Hz 60 C mOhm=18","Zmax 10 kHz 20 C mOhm","110","Zmax 10 kHz 20 C mOhm=110","IAC,max 100 Hz 60 C A","13.4","IAC,R 100 Hz 85 C A","7.33","","","IAC,max 100 Hz 60 C A=13.4; IAC,R 100 Hz 85 C A=7.33","CR Case ESRtyp ESRtyp Zmax IAC,max IAC,R Ordering code | 100 Hz dimensions 100 Hz 300 Hz 10 kHz 100 Hz 100 Hz (composition see | 20 C dxl 20 C 60 C 20 C 60 C 85 C below) | uF mm mOhm mOhm mOhm A A","70;18;110;13.4;7.33","1800 51.6 x 96.7 70 18 110 13.4 7.33 B437*3A9188M6##","parsed",""
"B43713_B43733.pdf","B43713/B43733","400","2200","51.6","105.7","B437*3A9228M6##","ESRtyp 100 Hz 20 C mOhm","55","ESRtyp 300 Hz 60 C mOhm","15","ESRtyp 100 Hz 20 C mOhm=55; ESRtyp 300 Hz 60 C mOhm=15","Zmax 10 kHz 20 C mOhm","90","Zmax 10 kHz 20 C mOhm=90","IAC,max 100 Hz 60 C A","15.3","IAC,R 100 Hz 85 C A","8.34","","","IAC,max 100 Hz 60 C A=15.3; IAC,R 100 Hz 85 C A=8.34","CR Case ESRtyp ESRtyp Zmax IAC,max IAC,R Ordering code | 100 Hz dimensions 100 Hz 300 Hz 10 kHz 100 Hz 100 Hz (composition see | 20 C dxl 20 C 60 C 20 C 60 C 85 C below) | uF mm mOhm mOhm mOhm A A","55;15;90;15.3;8.34","2200 51.6 x 105.7 55 15 90 15.3 8.34 B437*3A9228M6##","parsed",""
"B43713_B43733.pdf","B43713/B43733","400","2200","64.3","80.7","B437*3B9228M6##","ESRtyp 100 Hz 20 C mOhm","55","ESRtyp 300 Hz 60 C mOhm","15","ESRtyp 100 Hz 20 C mOhm=55; ESRtyp 300 Hz 60 C mOhm=15","Zmax 10 kHz 20 C mOhm","90","Zmax 10 kHz 20 C mOhm=90","IAC,max 100 Hz 60 C A","15.9","IAC,R 100 Hz 85 C A","8.66","","","IAC,max 100 Hz 60 C A=15.9; IAC,R 100 Hz 85 C A=8.66","CR Case ESRtyp ESRtyp Zmax IAC,max IAC,R Ordering code | 100 Hz dimensions 100 Hz 300 Hz 10 kHz 100 Hz 100 Hz (composition see | 20 C dxl 20 C 60 C 20 C 60 C 85 C below) | uF mm mOhm mOhm mOhm A A","55;15;90;15.9;8.66","2200 64.3 x 80.7 55 15 90 15.9 8.66 B437*3B9228M6##","parsed",""
"B43713_B43733.pdf","B43713/B43733","400","2700","51.6","118.2","B437*3A9278M6##","ESRtyp 100 Hz 20 C mOhm","45","ESRtyp 300 Hz 60 C mOhm","13","ESRtyp 100 Hz 20 C mOhm=45; ESRtyp 300 Hz 60 C mOhm=13","Zmax 10 kHz 20 C mOhm","75","Zmax 10 kHz 20 C mOhm=75","IAC,max 100 Hz 60 C A","17.5","IAC,R 100 Hz 85 C A","9.55","","","IAC,max 100 Hz 60 C A=17.5; IAC,R 100 Hz 85 C A=9.55","CR Case ESRtyp ESRtyp Zmax IAC,max IAC,R Ordering code | 100 Hz dimensions 100 Hz 300 Hz 10 kHz 100 Hz 100 Hz (composition see | 20 C dxl 20 C 60 C 20 C 60 C 85 C below) | uF mm mOhm mOhm mOhm A A","45;13;75;17.5;9.55","2700 51.6 x 118.2 45 13 75 17.5 9.55 B437*3A9278M6##","parsed",""
"B43713_B43733.pdf","B43713/B43733","400","2700","64.3","80.7","B437*3B9278M6##","ESRtyp 100 Hz 20 C mOhm","45","ESRtyp 300 Hz 60 C mOhm","14","ESRtyp 100 Hz 20 C mOhm=45; ESRtyp 300 Hz 60 C mOhm=14","Zmax 10 kHz 20 C mOhm","75","Zmax 10 kHz 20 C mOhm=75","IAC,max 100 Hz 60 C A","17.6","IAC,R 100 Hz 85 C A","9.59","","","IAC,max 100 Hz 60 C A=17.6; IAC,R 100 Hz 85 C A=9.59","CR Case ESRtyp ESRtyp Zmax IAC,max IAC,R Ordering code | 100 Hz dimensions 100 Hz 300 Hz 10 kHz 100 Hz 100 Hz (composition see | 20 C dxl 20 C 60 C 20 C 60 C 85 C below) | uF mm mOhm mOhm mOhm A A","45;14;75;17.6;9.59","2700 64.3 x 80.7 45 14 75 17.6 9.59 B437*3B9278M6##","parsed",""
"B43713_B43733.pdf","B43713/B43733","400","3300","64.3","96.7","B437*3A9338M6##","ESRtyp 100 Hz 20 C mOhm","38","ESRtyp 300 Hz 60 C mOhm","11","ESRtyp 100 Hz 20 C mOhm=38; ESRtyp 300 Hz 60 C mOhm=11","Zmax 10 kHz 20 C mOhm","65","Zmax 10 kHz 20 C mOhm=65","IAC,max 100 Hz 60 C A","20.2","IAC,R 100 Hz 85 C A","11.0","","","IAC,max 100 Hz 60 C A=20.2; IAC,R 100 Hz 85 C A=11.0","CR Case ESRtyp ESRtyp Zmax IAC,max IAC,R Ordering code | 100 Hz dimensions 100 Hz 300 Hz 10 kHz 100 Hz 100 Hz (composition see | 20 C dxl 20 C 60 C 20 C 60 C 85 C below) | uF mm mOhm mOhm mOhm A A","38;11;65;20.2;11.0","3300 64.3 x 96.7 38 11 65 20.2 11.0 B437*3A9338M6##","parsed",""
"B43713_B43733.pdf","B43713/B43733","400","3900","64.3","105.7","B437*3A9398M6##","ESRtyp 100 Hz 20 C mOhm","32","ESRtyp 300 Hz 60 C mOhm","9.7","ESRtyp 100 Hz 20 C mOhm=32; ESRtyp 300 Hz 60 C mOhm=9.7","Zmax 10 kHz 20 C mOhm","55","Zmax 10 kHz 20 C mOhm=55","IAC,max 100 Hz 60 C A","22.5","IAC,R 100 Hz 85 C A","12.2","","","IAC,max 100 Hz 60 C A=22.5; IAC,R 100 Hz 85 C A=12.2","CR Case ESRtyp ESRtyp Zmax IAC,max IAC,R Ordering code | 100 Hz dimensions 100 Hz 300 Hz 10 kHz 100 Hz 100 Hz (composition see | 20 C dxl 20 C 60 C 20 C 60 C 85 C below) | uF mm mOhm mOhm mOhm A A","32;9.7;55;22.5;12.2","3900 64.3 x 105.7 32 9.7 55 22.5 12.2 B437*3A9398M6##","parsed",""
"B43713_B43733.pdf","B43713/B43733","400","3900","76.9","96.7","B437*3B9398M6##","ESRtyp 100 Hz 20 C mOhm","32","ESRtyp 300 Hz 60 C mOhm","8.3","ESRtyp 100 Hz 20 C mOhm=32; ESRtyp 300 Hz 60 C mOhm=8.3","Zmax 10 kHz 20 C mOhm","50","Zmax 10 kHz 20 C mOhm=50","IAC,max 100 Hz 60 C A","25.1","IAC,R 100 Hz 85 C A","13.6","","","IAC,max 100 Hz 60 C A=25.1; IAC,R 100 Hz 85 C A=13.6","CR Case ESRtyp ESRtyp Zmax IAC,max IAC,R Ordering code | 100 Hz dimensions 100 Hz 300 Hz 10 kHz 100 Hz 100 Hz (composition see | 20 C dxl 20 C 60 C 20 C 60 C 85 C below) | uF mm mOhm mOhm mOhm A A","32;8.3;50;25.1;13.6","3900 76.9 x 96.7 32 8.3 50 25.1 13.6 B437*3B9398M6##","parsed",""
"B43713_B43733.pdf","B43713/B43733","400","4700","64.3","130.7","B437*3A9478M6##","ESRtyp 100 Hz 20 C mOhm","28","ESRtyp 300 Hz 60 C mOhm","7.8","ESRtyp 100 Hz 20 C mOhm=28; ESRtyp 300 Hz 60 C mOhm=7.8","Zmax 10 kHz 20 C mOhm","45","Zmax 10 kHz 20 C mOhm=45","IAC,max 100 Hz 60 C A","25.8","IAC,R 100 Hz 85 C A","14.0","","","IAC,max 100 Hz 60 C A=25.8; IAC,R 100 Hz 85 C A=14.0","CR Case ESRtyp ESRtyp Zmax IAC,max IAC,R Ordering code | 100 Hz dimensions 100 Hz 300 Hz 10 kHz 100 Hz 100 Hz (composition see | 20 C dxl 20 C 60 C 20 C 60 C 85 C below) | uF mm mOhm mOhm mOhm A A","28;7.8;45;25.8;14.0","4700 64.3 x 130.7 28 7.8 45 25.8 14.0 B437*3A9478M6##","parsed",""
"B43713_B43733.pdf","B43713/B43733","400","4700","76.9","96.7","B437*3B9478M6##","ESRtyp 100 Hz 20 C mOhm","26","ESRtyp 300 Hz 60 C mOhm","7.5","ESRtyp 100 Hz 20 C mOhm=26; ESRtyp 300 Hz 60 C mOhm=7.5","Zmax 10 kHz 20 C mOhm","45","Zmax 10 kHz 20 C mOhm=45","IAC,max 100 Hz 60 C A","27.9","IAC,R 100 Hz 85 C A","15.1","","","IAC,max 100 Hz 60 C A=27.9; IAC,R 100 Hz 85 C A=15.1","CR Case ESRtyp ESRtyp Zmax IAC,max IAC,R Ordering code | 100 Hz dimensions 100 Hz 300 Hz 10 kHz 100 Hz 100 Hz (composition see | 20 C dxl 20 C 60 C 20 C 60 C 85 C below) | uF mm mOhm mOhm mOhm A A","26;7.5;45;27.9;15.1","4700 76.9 x 96.7 26 7.5 45 27.9 15.1 B437*3B9478M6##","parsed",""
"B43713_B43733.pdf","B43713/B43733","400","5600","64.3","143.2","B437*3A9568M6##","ESRtyp 100 Hz 20 C mOhm","24","ESRtyp 300 Hz 60 C mOhm","6.9","ESRtyp 100 Hz 20 C mOhm=24; ESRtyp 300 Hz 60 C mOhm=6.9","Zmax 10 kHz 20 C mOhm","38","Zmax 10 kHz 20 C mOhm=38","IAC,max 100 Hz 60 C A","29.0","IAC,R 100 Hz 85 C A","15.7","","","IAC,max 100 Hz 60 C A=29.0; IAC,R 100 Hz 85 C A=15.7","CR Case ESRtyp ESRtyp Zmax IAC,max IAC,R Ordering code | 100 Hz dimensions 100 Hz 300 Hz 10 kHz 100 Hz 100 Hz (composition see | 20 C dxl 20 C 60 C 20 C 60 C 85 C below) | uF mm mOhm mOhm mOhm A A","24;6.9;38;29.0;15.7","5600 64.3 x 143.2 24 6.9 38 29.0 15.7 B437*3A9568M6##","parsed",""
"B43713_B43733.pdf","B43713/B43733","400","5600","76.9","118.2","B437*3B9568M6##","ESRtyp 100 Hz 20 C mOhm","22","ESRtyp 300 Hz 60 C mOhm","6.1","ESRtyp 100 Hz 20 C mOhm=22; ESRtyp 300 Hz 60 C mOhm=6.1","Zmax 10 kHz 20 C mOhm","36","Zmax 10 kHz 20 C mOhm=36","IAC,max 100 Hz 60 C A","31.3","IAC,R 100 Hz 85 C A","17.0","","","IAC,max 100 Hz 60 C A=31.3; IAC,R 100 Hz 85 C A=17.0","CR Case ESRtyp ESRtyp Zmax IAC,max IAC,R Ordering code | 100 Hz dimensions 100 Hz 300 Hz 10 kHz 100 Hz 100 Hz (composition see | 20 C dxl 20 C 60 C 20 C 60 C 85 C below) | uF mm mOhm mOhm mOhm A A","22;6.1;36;31.3;17.0","5600 76.9 x 118.2 22 6.1 36 31.3 17.0 B437*3B9568M6##","parsed",""
"B43713_B43733.pdf","B43713/B43733","400","6800","76.9","130.7","B437*3A9688M6##","ESRtyp 100 Hz 20 C mOhm","19","ESRtyp 300 Hz 60 C mOhm","5.2","ESRtyp 100 Hz 20 C mOhm=19; ESRtyp 300 Hz 60 C mOhm=5.2","Zmax 10 kHz 20 C mOhm","30","Zmax 10 kHz 20 C mOhm=30","IAC,max 100 Hz 60 C A","35.4","IAC,R 100 Hz 85 C A","19.2","","","IAC,max 100 Hz 60 C A=35.4; IAC,R 100 Hz 85 C A=19.2","CR Case ESRtyp ESRtyp Zmax IAC,max IAC,R Ordering code | 100 Hz dimensions 100 Hz 300 Hz 10 kHz 100 Hz 100 Hz (composition see | 20 C dxl 20 C 60 C 20 C 60 C 85 C below) | uF mm mOhm mOhm mOhm A A","19;5.2;30;35.4;19.2","6800 76.9 x 130.7 19 5.2 30 35.4 19.2 B437*3A9688M6##","parsed",""
"B43713_B43733.pdf","B43713/B43733","400","6800","90.0","120.0","B437*3B9688M6##","ESRtyp 100 Hz 20 C mOhm","18","ESRtyp 300 Hz 60 C mOhm","4.8","ESRtyp 100 Hz 20 C mOhm=18; ESRtyp 300 Hz 60 C mOhm=4.8","Zmax 10 kHz 20 C mOhm","30","Zmax 10 kHz 20 C mOhm=30","IAC,max 100 Hz 60 C A","38.1","IAC,R 100 Hz 85 C A","21.2","","","IAC,max 100 Hz 60 C A=38.1; IAC,R 100 Hz 85 C A=21.2","CR Case ESRtyp ESRtyp Zmax IAC,max IAC,R Ordering code | 100 Hz dimensions 100 Hz 300 Hz 10 kHz 100 Hz 100 Hz (composition see | 20 C dxl 20 C 60 C 20 C 60 C 85 C below) | uF mm mOhm mOhm mOhm A A","18;4.8;30;38.1;21.2","6800 90.0 x 120.0 18 4.8 30 38.1 21.2 B437*3B9688M6##","parsed",""
"B43713_B43733.pdf","B43713/B43733","400","8200","76.9","168.7","B437*3A9828M6##","ESRtyp 100 Hz 20 C mOhm","14","ESRtyp 300 Hz 60 C mOhm","4.0","ESRtyp 100 Hz 20 C mOhm=14; ESRtyp 300 Hz 60 C mOhm=4.0","Zmax 10 kHz 20 C mOhm","22","Zmax 10 kHz 20 C mOhm=22","IAC,max 100 Hz 60 C A","42.4","IAC,R 100 Hz 85 C A","23.6","","","IAC,max 100 Hz 60 C A=42.4; IAC,R 100 Hz 85 C A=23.6","CR Case ESRtyp ESRtyp Zmax IAC,max IAC,R Ordering code | 100 Hz dimensions 100 Hz 300 Hz 10 kHz 100 Hz 100 Hz (composition see | 20 C dxl 20 C 60 C 20 C 60 C 85 C below) | uF mm mOhm mOhm mOhm A A","14;4.0;22;42.4;23.6","8200 76.9 x 168.7 14 4.0 22 42.4 23.6 B437*3A9828M6##","parsed",""
"B43713_B43733.pdf","B43713/B43733","400","8200","90.0","120.0","B437*3B9828M6##","ESRtyp 100 Hz 20 C mOhm","15","ESRtyp 300 Hz 60 C mOhm","4.4","ESRtyp 100 Hz 20 C mOhm=15; ESRtyp 300 Hz 60 C mOhm=4.4","Zmax 10 kHz 20 C mOhm","26","Zmax 10 kHz 20 C mOhm=26","IAC,max 100 Hz 60 C A","42.3","IAC,R 100 Hz 85 C A","23.5","","","IAC,max 100 Hz 60 C A=42.3; IAC,R 100 Hz 85 C A=23.5","CR Case ESRtyp ESRtyp Zmax IAC,max IAC,R Ordering code | 100 Hz dimensions 100 Hz 300 Hz 10 kHz 100 Hz 100 Hz (composition see | 20 C dxl 20 C 60 C 20 C 60 C 85 C below) | uF mm mOhm mOhm mOhm A A","15;4.4;26;42.3;23.5","8200 90.0 x 120.0 15 4.4 26 42.3 23.5 B437*3B9828M6##","parsed",""
"B43713_B43733.pdf","B43713/B43733","400","10000","76.9","220.7","B437*3A9109M6##","ESRtyp 100 Hz 20 C mOhm","11","ESRtyp 300 Hz 60 C mOhm","3.2","ESRtyp 100 Hz 20 C mOhm=11; ESRtyp 300 Hz 60 C mOhm=3.2","Zmax 10 kHz 20 C mOhm","18","Zmax 10 kHz 20 C mOhm=18","IAC,max 100 Hz 60 C A","48.7","IAC,R 100 Hz 85 C A","27.1","","","IAC,max 100 Hz 60 C A=48.7; IAC,R 100 Hz 85 C A=27.1","CR Case ESRtyp ESRtyp Zmax IAC,max IAC,R Ordering code | 100 Hz dimensions 100 Hz 300 Hz 10 kHz 100 Hz 100 Hz (composition see | 20 C dxl 20 C 60 C 20 C 60 C 85 C below) | uF mm mOhm mOhm mOhm A A","11;3.2;18;48.7;27.1","10000 76.9 x 220.7 11 3.2 18 48.7 27.1 B437*3A9109M6##","parsed",""
"B43713_B43733.pdf","B43713/B43733","400","10000","90.0","144.5","B437*3B9109M6##","ESRtyp 100 Hz 20 C mOhm","13","ESRtyp 300 Hz 60 C mOhm","3.6","ESRtyp 100 Hz 20 C mOhm=13; ESRtyp 300 Hz 60 C mOhm=3.6","Zmax 10 kHz 20 C mOhm","22","Zmax 10 kHz 20 C mOhm=22","IAC,max 100 Hz 60 C A","48.0","IAC,R 100 Hz 85 C A","26.7","","","IAC,max 100 Hz 60 C A=48.0; IAC,R 100 Hz 85 C A=26.7","CR Case ESRtyp ESRtyp Zmax IAC,max IAC,R Ordering code | 100 Hz dimensions 100 Hz 300 Hz 10 kHz 100 Hz 100 Hz (composition see | 20 C dxl 20 C 60 C 20 C 60 C 85 C below) | uF mm mOhm mOhm mOhm A A","13;3.6;22;48.0;26.7","10000 90.0 x 144.5 13 3.6 22 48.0 26.7 B437*3B9109M6##","parsed",""
"B43713_B43733.pdf","B43713/B43733","400","12000","90.0","197.0","B437*3A9129M6##","ESRtyp 100 Hz 20 C mOhm","9.5","ESRtyp 300 Hz 60 C mOhm","2.7","ESRtyp 100 Hz 20 C mOhm=9.5; ESRtyp 300 Hz 60 C mOhm=2.7","Zmax 10 kHz 20 C mOhm","16","Zmax 10 kHz 20 C mOhm=16","IAC,max 100 Hz 60 C A","56.4","IAC,R 100 Hz 85 C A","31.4","","","IAC,max 100 Hz 60 C A=56.4; IAC,R 100 Hz 85 C A=31.4","CR Case ESRtyp ESRtyp Zmax IAC,max IAC,R Ordering code | 100 Hz dimensions 100 Hz 300 Hz 10 kHz 100 Hz 100 Hz (composition see | 20 C dxl 20 C 60 C 20 C 60 C 85 C below) | uF mm mOhm mOhm mOhm A A","9.5;2.7;16;56.4;31.4","12000 90.0 x 197.0 9.5 2.7 16 56.4 31.4 B437*3A9129M6##","parsed",""
"B43713_B43733.pdf","B43713/B43733","400","15000","90.0","221.0","B437*3A9159M6##","ESRtyp 100 Hz 20 C mOhm","7.7","ESRtyp 300 Hz 60 C mOhm","2.3","ESRtyp 100 Hz 20 C mOhm=7.7; ESRtyp 300 Hz 60 C mOhm=2.3","Zmax 10 kHz 20 C mOhm","13","Zmax 10 kHz 20 C mOhm=13","IAC,max 100 Hz 60 C A","65.8","IAC,R 100 Hz 85 C A","36.6","","","IAC,max 100 Hz 60 C A=65.8; IAC,R 100 Hz 85 C A=36.6","CR Case ESRtyp ESRtyp Zmax IAC,max IAC,R Ordering code | 100 Hz dimensions 100 Hz 300 Hz 10 kHz 100 Hz 100 Hz (composition see | 20 C dxl 20 C 60 C 20 C 60 C 85 C below) | uF mm mOhm mOhm mOhm A A","7.7;2.3;13;65.8;36.6","15000 90.0 x 221.0 7.7 2.3 13 65.8 36.6 B437*3A9159M6##","parsed",""
"B43713_B43733.pdf","B43713/B43733","450","1000","51.6","80.7","B437*3A5108M6##","ESRtyp 100 Hz 20 C mOhm","120","ESRtyp 300 Hz 60 C mOhm","28","ESRtyp 100 Hz 20 C mOhm=120; ESRtyp 300 Hz 60 C mOhm=28","Zmax 10 kHz 20 C mOhm","190","Zmax 10 kHz 20 C mOhm=190","IAC,max 100 Hz 60 C A","9.62","IAC,R 100 Hz 85 C A","5.29","","","IAC,max 100 Hz 60 C A=9.62; IAC,R 100 Hz 85 C A=5.29","CR Case ESRtyp ESRtyp Zmax IAC,max IAC,R Ordering code | 100 Hz dimensions 100 Hz 300 Hz 10 kHz 100 Hz 100 Hz (composition see | 20 C dxl 20 C 60 C 20 C 60 C 85 C below) | uF mm mOhm mOhm mOhm A A","120;28;190;9.62;5.29","1000 51.6 x 80.7 120 28 190 9.62 5.29 B437*3A5108M6##","parsed",""
"B43713_B43733.pdf","B43713/B43733","450","1200","51.6","96.7","B437*3A5128M6##","ESRtyp 100 Hz 20 C mOhm","100","ESRtyp 300 Hz 60 C mOhm","24","ESRtyp 100 Hz 20 C mOhm=100; ESRtyp 300 Hz 60 C mOhm=24","Zmax 10 kHz 20 C mOhm","160","Zmax 10 kHz 20 C mOhm=160","IAC,max 100 Hz 60 C A","10.8","IAC,R 100 Hz 85 C A","5.99","","","IAC,max 100 Hz 60 C A=10.8; IAC,R 100 Hz 85 C A=5.99","CR Case ESRtyp ESRtyp Zmax IAC,max IAC,R Ordering code | 100 Hz dimensions 100 Hz 300 Hz 10 kHz 100 Hz 100 Hz (composition see | 20 C dxl 20 C 60 C 20 C 60 C 85 C below) | uF mm mOhm mOhm mOhm A A","100;24;160;10.8;5.99","1200 51.6 x 96.7 100 24 160 10.8 5.99 B437*3A5128M6##","parsed",""
"B43713_B43733.pdf","B43713/B43733","450","1500","51.6","105.7","B437*3A5158M6##","ESRtyp 100 Hz 20 C mOhm","80","ESRtyp 300 Hz 60 C mOhm","20","ESRtyp 100 Hz 20 C mOhm=80; ESRtyp 300 Hz 60 C mOhm=20","Zmax 10 kHz 20 C mOhm","130","Zmax 10 kHz 20 C mOhm=130","IAC,max 100 Hz 60 C A","12.6","IAC,R 100 Hz 85 C A","6.95","","","IAC,max 100 Hz 60 C A=12.6; IAC,R 100 Hz 85 C A=6.95","CR Case ESRtyp ESRtyp Zmax IAC,max IAC,R Ordering code | 100 Hz dimensions 100 Hz 300 Hz 10 kHz 100 Hz 100 Hz (composition see | 20 C dxl 20 C 60 C 20 C 60 C 85 C below) | uF mm mOhm mOhm mOhm A A","80;20;130;12.6;6.95","1500 51.6 x 105.7 80 20 130 12.6 6.95 B437*3A5158M6##","parsed",""
"B43713_B43733.pdf","B43713/B43733","450","1500","64.3","80.7","B437*3B5158M6##","ESRtyp 100 Hz 20 C mOhm","80","ESRtyp 300 Hz 60 C mOhm","19","ESRtyp 100 Hz 20 C mOhm=80; ESRtyp 300 Hz 60 C mOhm=19","Zmax 10 kHz 20 C mOhm","130","Zmax 10 kHz 20 C mOhm=130","IAC,max 100 Hz 60 C A","13.1","IAC,R 100 Hz 85 C A","7.20","","","IAC,max 100 Hz 60 C A=13.1; IAC,R 100 Hz 85 C A=7.20","CR Case ESRtyp ESRtyp Zmax IAC,max IAC,R Ordering code | 100 Hz dimensions 100 Hz 300 Hz 10 kHz 100 Hz 100 Hz (composition see | 20 C dxl 20 C 60 C 20 C 60 C 85 C below) | uF mm mOhm mOhm mOhm A A","80;19;130;13.1;7.20","1500 64.3 x 80.7 80 19 130 13.1 7.20 B437*3B5158M6##","parsed",""
"B43713_B43733.pdf","B43713/B43733","450","1800","51.6","130.7","B437*3A5188M6##","ESRtyp 100 Hz 20 C mOhm","65","ESRtyp 300 Hz 60 C mOhm","16","ESRtyp 100 Hz 20 C mOhm=65; ESRtyp 300 Hz 60 C mOhm=16","Zmax 10 kHz 20 C mOhm","110","Zmax 10 kHz 20 C mOhm=110","IAC,max 100 Hz 60 C A","14.4","IAC,R 100 Hz 85 C A","7.95","","","IAC,max 100 Hz 60 C A=14.4; IAC,R 100 Hz 85 C A=7.95","CR Case ESRtyp ESRtyp Zmax IAC,max IAC,R Ordering code | 100 Hz dimensions 100 Hz 300 Hz 10 kHz 100 Hz 100 Hz (composition see | 20 C dxl 20 C 60 C 20 C 60 C 85 C below) | uF mm mOhm mOhm mOhm A A","65;16;110;14.4;7.95","1800 51.6 x 130.7 65 16 110 14.4 7.95 B437*3A5188M6##","parsed",""
"B43713_B43733.pdf","B43713/B43733","450","1800","64.3","96.7","B437*3B5188M6##","ESRtyp 100 Hz 20 C mOhm","65","ESRtyp 300 Hz 60 C mOhm","16","ESRtyp 100 Hz 20 C mOhm=65; ESRtyp 300 Hz 60 C mOhm=16","Zmax 10 kHz 20 C mOhm","110","Zmax 10 kHz 20 C mOhm=110","IAC,max 100 Hz 60 C A","14.7","IAC,R 100 Hz 85 C A","8.10","","","IAC,max 100 Hz 60 C A=14.7; IAC,R 100 Hz 85 C A=8.10","CR Case ESRtyp ESRtyp Zmax IAC,max IAC,R Ordering code | 100 Hz dimensions 100 Hz 300 Hz 10 kHz 100 Hz 100 Hz (composition see | 20 C dxl 20 C 60 C 20 C 60 C 85 C below) | uF mm mOhm mOhm mOhm A A","65;16;110;14.7;8.10","1800 64.3 x 96.7 65 16 110 14.7 8.10 B437*3B5188M6##","parsed",""
"B43713_B43733.pdf","B43713/B43733","450","2200","64.3","105.7","B437*3A5228M6##","ESRtyp 100 Hz 20 C mOhm","55","ESRtyp 300 Hz 60 C mOhm","14","ESRtyp 100 Hz 20 C mOhm=55; ESRtyp 300 Hz 60 C mOhm=14","Zmax 10 kHz 20 C mOhm","85","Zmax 10 kHz 20 C mOhm=85","IAC,max 100 Hz 60 C A","16.7","IAC,R 100 Hz 85 C A","9.20","","","IAC,max 100 Hz 60 C A=16.7; IAC,R 100 Hz 85 C A=9.20","CR Case ESRtyp ESRtyp Zmax IAC,max IAC,R Ordering code | 100 Hz dimensions 100 Hz 300 Hz 10 kHz 100 Hz 100 Hz (composition see | 20 C dxl 20 C 60 C 20 C 60 C 85 C below) | uF mm mOhm mOhm mOhm A A","55;14;85;16.7;9.20","2200 64.3 x 105.7 55 14 85 16.7 9.20 B437*3A5228M6##","parsed",""
"B43713_B43733.pdf","B43713/B43733","450","2700","64.3","118.2","B437*3A5278M6##","ESRtyp 100 Hz 20 C mOhm","45","ESRtyp 300 Hz 60 C mOhm","11","ESRtyp 100 Hz 20 C mOhm=45; ESRtyp 300 Hz 60 C mOhm=11","Zmax 10 kHz 20 C mOhm","70","Zmax 10 kHz 20 C mOhm=70","IAC,max 100 Hz 60 C A","19.1","IAC,R 100 Hz 85 C A","10.5","","","IAC,max 100 Hz 60 C A=19.1; IAC,R 100 Hz 85 C A=10.5","CR Case ESRtyp ESRtyp Zmax IAC,max IAC,R Ordering code | 100 Hz dimensions 100 Hz 300 Hz 10 kHz 100 Hz 100 Hz (composition see | 20 C dxl 20 C 60 C 20 C 60 C 85 C below) | uF mm mOhm mOhm mOhm A A","45;11;70;19.1;10.5","2700 64.3 x 118.2 45 11 70 19.1 10.5 B437*3A5278M6##","parsed",""
"B43713_B43733.pdf","B43713/B43733","450","2700","76.9","96.7","B437*3B5278M6##","ESRtyp 100 Hz 20 C mOhm","45","ESRtyp 300 Hz 60 C mOhm","11","ESRtyp 100 Hz 20 C mOhm=45; ESRtyp 300 Hz 60 C mOhm=11","Zmax 10 kHz 20 C mOhm","70","Zmax 10 kHz 20 C mOhm=70","IAC,max 100 Hz 60 C A","20.8","IAC,R 100 Hz 85 C A","11.4","","","IAC,max 100 Hz 60 C A=20.8; IAC,R 100 Hz 85 C A=11.4","CR Case ESRtyp ESRtyp Zmax IAC,max IAC,R Ordering code | 100 Hz dimensions 100 Hz 300 Hz 10 kHz 100 Hz 100 Hz (composition see | 20 C dxl 20 C 60 C 20 C 60 C 85 C below) | uF mm mOhm mOhm mOhm A A","45;11;70;20.8;11.4","2700 76.9 x 96.7 45 11 70 20.8 11.4 B437*3B5278M6##","parsed",""
"B43713_B43733.pdf","B43713/B43733","450","3300","64.3","143.2","B437*3A5338M6##","ESRtyp 100 Hz 20 C mOhm","36","ESRtyp 300 Hz 60 C mOhm","9.3","ESRtyp 100 Hz 20 C mOhm=36; ESRtyp 300 Hz 60 C mOhm=9.3","Zmax 10 kHz 20 C mOhm","60","Zmax 10 kHz 20 C mOhm=60","IAC,max 100 Hz 60 C A","21.9","IAC,R 100 Hz 85 C A","12.0","","","IAC,max 100 Hz 60 C A=21.9; IAC,R 100 Hz 85 C A=12.0","CR Case ESRtyp ESRtyp Zmax IAC,max IAC,R Ordering code | 100 Hz dimensions 100 Hz 300 Hz 10 kHz 100 Hz 100 Hz (composition see | 20 C dxl 20 C 60 C 20 C 60 C 85 C below) | uF mm mOhm mOhm mOhm A A","36;9.3;60;21.9;12.0","3300 64.3 x 143.2 36 9.3 60 21.9 12.0 B437*3A5338M6##","parsed",""
"B43713_B43733.pdf","B43713/B43733","450","3300","76.9","105.7","B437*3B5338M6##","ESRtyp 100 Hz 20 C mOhm","36","ESRtyp 300 Hz 60 C mOhm","9.0","ESRtyp 100 Hz 20 C mOhm=36; ESRtyp 300 Hz 60 C mOhm=9.0","Zmax 10 kHz 20 C mOhm","60","Zmax 10 kHz 20 C mOhm=60","IAC,max 100 Hz 60 C A","23.5","IAC,R 100 Hz 85 C A","12.9","","","IAC,max 100 Hz 60 C A=23.5; IAC,R 100 Hz 85 C A=12.9","CR Case ESRtyp ESRtyp Zmax IAC,max IAC,R Ordering code | 100 Hz dimensions 100 Hz 300 Hz 10 kHz 100 Hz 100 Hz (composition see | 20 C dxl 20 C 60 C 20 C 60 C 85 C below) | uF mm mOhm mOhm mOhm A A","36;9.0;60;23.5;12.9","3300 76.9 x 105.7 36 9.0 60 23.5 12.9 B437*3B5338M6##","parsed",""
"B43713_B43733.pdf","B43713/B43733","450","3900","76.9","118.2","B437*3A5398M6##","ESRtyp 100 Hz 20 C mOhm","30","ESRtyp 300 Hz 60 C mOhm","7.7","ESRtyp 100 Hz 20 C mOhm=30; ESRtyp 300 Hz 60 C mOhm=7.7","Zmax 10 kHz 20 C mOhm","50","Zmax 10 kHz 20 C mOhm=50","IAC,max 100 Hz 60 C A","26.1","IAC,R 100 Hz 85 C A","14.3","","","IAC,max 100 Hz 60 C A=26.1; IAC,R 100 Hz 85 C A=14.3","CR Case ESRtyp ESRtyp Zmax IAC,max IAC,R Ordering code | 100 Hz dimensions 100 Hz 300 Hz 10 kHz 100 Hz 100 Hz (composition see | 20 C dxl 20 C 60 C 20 C 60 C 85 C below) | uF mm mOhm mOhm mOhm A A","30;7.7;50;26.1;14.3","3900 76.9 x 118.2 30 7.7 50 26.1 14.3 B437*3A5398M6##","parsed",""
"B43713_B43733.pdf","B43713/B43733","450","4700","76.9","143.2","B437*3A5478M6##","ESRtyp 100 Hz 20 C mOhm","26","ESRtyp 300 Hz 60 C mOhm","6.4","ESRtyp 100 Hz 20 C mOhm=26; ESRtyp 300 Hz 60 C mOhm=6.4","Zmax 10 kHz 20 C mOhm","40","Zmax 10 kHz 20 C mOhm=40","IAC,max 100 Hz 60 C A","29.4","IAC,R 100 Hz 85 C A","16.2","","","IAC,max 100 Hz 60 C A=29.4; IAC,R 100 Hz 85 C A=16.2","CR Case ESRtyp ESRtyp Zmax IAC,max IAC,R Ordering code | 100 Hz dimensions 100 Hz 300 Hz 10 kHz 100 Hz 100 Hz (composition see | 20 C dxl 20 C 60 C 20 C 60 C 85 C below) | uF mm mOhm mOhm mOhm A A","26;6.4;40;29.4;16.2","4700 76.9 x 143.2 26 6.4 40 29.4 16.2 B437*3A5478M6##","parsed",""
"B43713_B43733.pdf","B43713/B43733","450","4700","90.0","120.0","B437*3B5478M6##","ESRtyp 100 Hz 20 C mOhm","26","ESRtyp 300 Hz 60 C mOhm","6.2","ESRtyp 100 Hz 20 C mOhm=26; ESRtyp 300 Hz 60 C mOhm=6.2","Zmax 10 kHz 20 C mOhm","40","Zmax 10 kHz 20 C mOhm=40","IAC,max 100 Hz 60 C A","31.4","IAC,R 100 Hz 85 C A","17.6","","","IAC,max 100 Hz 60 C A=31.4; IAC,R 100 Hz 85 C A=17.6","CR Case ESRtyp ESRtyp Zmax IAC,max IAC,R Ordering code | 100 Hz dimensions 100 Hz 300 Hz 10 kHz 100 Hz 100 Hz (composition see | 20 C dxl 20 C 60 C 20 C 60 C 85 C below) | uF mm mOhm mOhm mOhm A A","26;6.2;40;31.4;17.6","4700 90.0 x 120.0 26 6.2 40 31.4 17.6 B437*3B5478M6##","parsed",""
"B43713_B43733.pdf","B43713/B43733","450","5600","76.9","156.2","B437*3A5568M6##","ESRtyp 100 Hz 20 C mOhm","22","ESRtyp 300 Hz 60 C mOhm","5.5","ESRtyp 100 Hz 20 C mOhm=22; ESRtyp 300 Hz 60 C mOhm=5.5","Zmax 10 kHz 20 C mOhm","34","Zmax 10 kHz 20 C mOhm=34","IAC,max 100 Hz 60 C A","33.1","IAC,R 100 Hz 85 C A","18.2","","","IAC,max 100 Hz 60 C A=33.1; IAC,R 100 Hz 85 C A=18.2","CR Case ESRtyp ESRtyp Zmax IAC,max IAC,R Ordering code | 100 Hz dimensions 100 Hz 300 Hz 10 kHz 100 Hz 100 Hz (composition see | 20 C dxl 20 C 60 C 20 C 60 C 85 C below) | uF mm mOhm mOhm mOhm A A","22;5.5;34;33.1;18.2","5600 76.9 x 156.2 22 5.5 34 33.1 18.2 B437*3A5568M6##","parsed",""
"B43713_B43733.pdf","B43713/B43733","450","5600","90.0","144.5","B437*3B5568M6##","ESRtyp 100 Hz 20 C mOhm","22","ESRtyp 300 Hz 60 C mOhm","5.2","ESRtyp 100 Hz 20 C mOhm=22; ESRtyp 300 Hz 60 C mOhm=5.2","Zmax 10 kHz 20 C mOhm","34","Zmax 10 kHz 20 C mOhm=34","IAC,max 100 Hz 60 C A","34.6","IAC,R 100 Hz 85 C A","19.5","","","IAC,max 100 Hz 60 C A=34.6; IAC,R 100 Hz 85 C A=19.5","CR Case ESRtyp ESRtyp Zmax IAC,max IAC,R Ordering code | 100 Hz dimensions 100 Hz 300 Hz 10 kHz 100 Hz 100 Hz (composition see | 20 C dxl 20 C 60 C 20 C 60 C 85 C below) | uF mm mOhm mOhm mOhm A A","22;5.2;34;34.6;19.5","5600 90.0 x 144.5 22 5.2 34 34.6 19.5 B437*3B5568M6##","parsed",""
"B43713_B43733.pdf","B43713/B43733","450","6800","76.9","190.7","B437*3A5688M6##","ESRtyp 100 Hz 20 C mOhm","18","ESRtyp 300 Hz 60 C mOhm","4.6","ESRtyp 100 Hz 20 C mOhm=18; ESRtyp 300 Hz 60 C mOhm=4.6","Zmax 10 kHz 20 C mOhm","28","Zmax 10 kHz 20 C mOhm=28","IAC,max 100 Hz 60 C A","37.8","IAC,R 100 Hz 85 C A","21.3","","","IAC,max 100 Hz 60 C A=37.8; IAC,R 100 Hz 85 C A=21.3","CR Case ESRtyp ESRtyp Zmax IAC,max IAC,R Ordering code | 100 Hz dimensions 100 Hz 300 Hz 10 kHz 100 Hz 100 Hz (composition see | 20 C dxl 20 C 60 C 20 C 60 C 85 C below) | uF mm mOhm mOhm mOhm A A","18;4.6;28;37.8;21.3","6800 76.9 x 190.7 18 4.6 28 37.8 21.3 B437*3A5688M6##","parsed",""
"B43713_B43733.pdf","B43713/B43733","450","6800","90.0","170.0","B437*3B5688M6##","ESRtyp 100 Hz 20 C mOhm","17","ESRtyp 300 Hz 60 C mOhm","4.4","ESRtyp 100 Hz 20 C mOhm=17; ESRtyp 300 Hz 60 C mOhm=4.4","Zmax 10 kHz 20 C mOhm","28","Zmax 10 kHz 20 C mOhm=28","IAC,max 100 Hz 60 C A","39.0","IAC,R 100 Hz 85 C A","22.0","","","IAC,max 100 Hz 60 C A=39.0; IAC,R 100 Hz 85 C A=22.0","CR Case ESRtyp ESRtyp Zmax IAC,max IAC,R Ordering code | 100 Hz dimensions 100 Hz 300 Hz 10 kHz 100 Hz 100 Hz (composition see | 20 C dxl 20 C 60 C 20 C 60 C 85 C below) | uF mm mOhm mOhm mOhm A A","17;4.4;28;39.0;22.0","6800 90.0 x 170.0 17 4.4 28 39.0 22.0 B437*3B5688M6##","parsed",""
"B43713_B43733.pdf","B43713/B43733","450","8200","76.9","220.7","B437*3A5828M6##","ESRtyp 100 Hz 20 C mOhm","15","ESRtyp 300 Hz 60 C mOhm","3.9","ESRtyp 100 Hz 20 C mOhm=15; ESRtyp 300 Hz 60 C mOhm=3.9","Zmax 10 kHz 20 C mOhm","24","Zmax 10 kHz 20 C mOhm=24","IAC,max 100 Hz 60 C A","43.2","IAC,R 100 Hz 85 C A","24.4","","","IAC,max 100 Hz 60 C A=43.2; IAC,R 100 Hz 85 C A=24.4","CR Case ESRtyp ESRtyp Zmax IAC,max IAC,R Ordering code | 100 Hz dimensions 100 Hz 300 Hz 10 kHz 100 Hz 100 Hz (composition see | 20 C dxl 20 C 60 C 20 C 60 C 85 C below) | uF mm mOhm mOhm mOhm A A","15;3.9;24;43.2;24.4","8200 76.9 x 220.7 15 3.9 24 43.2 24.4 B437*3A5828M6##","parsed",""
"B43713_B43733.pdf","B43713/B43733","450","8200","90.0","170.0","B437*3B5828M6##","ESRtyp 100 Hz 20 C mOhm","15","ESRtyp 300 Hz 60 C mOhm","3.8","ESRtyp 100 Hz 20 C mOhm=15; ESRtyp 300 Hz 60 C mOhm=3.8","Zmax 10 kHz 20 C mOhm","24","Zmax 10 kHz 20 C mOhm=24","IAC,max 100 Hz 60 C A","44.4","IAC,R 100 Hz 85 C A","25.0","","","IAC,max 100 Hz 60 C A=44.4; IAC,R 100 Hz 85 C A=25.0","CR Case ESRtyp ESRtyp Zmax IAC,max IAC,R Ordering code | 100 Hz dimensions 100 Hz 300 Hz 10 kHz 100 Hz 100 Hz (composition see | 20 C dxl 20 C 60 C 20 C 60 C 85 C below) | uF mm mOhm mOhm mOhm A A","15;3.8;24;44.4;25.0","8200 90.0 x 170.0 15 3.8 24 44.4 25.0 B437*3B5828M6##","parsed",""
"B43713_B43733.pdf","B43713/B43733","450","10000","90.0","221.0","B437*3A5109M6##","ESRtyp 100 Hz 20 C mOhm","12","ESRtyp 300 Hz 60 C mOhm","3.1","ESRtyp 100 Hz 20 C mOhm=12; ESRtyp 300 Hz 60 C mOhm=3.1","Zmax 10 kHz 20 C mOhm","20","Zmax 10 kHz 20 C mOhm=20","IAC,max 100 Hz 60 C A","50.2","IAC,R 100 Hz 85 C A","28.3","","","IAC,max 100 Hz 60 C A=50.2; IAC,R 100 Hz 85 C A=28.3","CR Case ESRtyp ESRtyp Zmax IAC,max IAC,R Ordering code | 100 Hz dimensions 100 Hz 300 Hz 10 kHz 100 Hz 100 Hz (composition see | 20 C dxl 20 C 60 C 20 C 60 C 85 C below) | uF mm mOhm mOhm mOhm A A","12;3.1;20;50.2;28.3","10000 90.0 x 221.0 12 3.1 20 50.2 28.3 B437*3A5109M6##","parsed",""
"B43713_B43733.pdf","B43713/B43733","500","820","51.6","80.7","B437*3A6827M6##","ESRtyp 100 Hz 20 C mOhm","130","ESRtyp 300 Hz 60 C mOhm","32","ESRtyp 100 Hz 20 C mOhm=130; ESRtyp 300 Hz 60 C mOhm=32","Zmax 10 kHz 20 C mOhm","200","Zmax 10 kHz 20 C mOhm=200","IAC,max 100 Hz 60 C A","9.20","IAC,R 100 Hz 85 C A","4.68","","","IAC,max 100 Hz 60 C A=9.20; IAC,R 100 Hz 85 C A=4.68","CR Case ESRtyp ESRtyp Zmax IAC,max IAC,R Ordering code | 100 Hz dimensions 100 Hz 300 Hz 10 kHz 100 Hz 100 Hz (composition see | 20 C dxl 20 C 60 C 20 C 60 C 85 C below) | uF mm mOhm mOhm mOhm A A","130;32;200;9.20;4.68","820 51.6 x 80.7 130 32 200 9.20 4.68 B437*3A6827M6##","parsed",""
"B43713_B43733.pdf","B43713/B43733","500","1000","51.6","96.7","B437*3A6108M6##","ESRtyp 100 Hz 20 C mOhm","100","ESRtyp 300 Hz 60 C mOhm","26","ESRtyp 100 Hz 20 C mOhm=100; ESRtyp 300 Hz 60 C mOhm=26","Zmax 10 kHz 20 C mOhm","160","Zmax 10 kHz 20 C mOhm=160","IAC,max 100 Hz 60 C A","10.4","IAC,R 100 Hz 85 C A","5.35","","","IAC,max 100 Hz 60 C A=10.4; IAC,R 100 Hz 85 C A=5.35","CR Case ESRtyp ESRtyp Zmax IAC,max IAC,R Ordering code | 100 Hz dimensions 100 Hz 300 Hz 10 kHz 100 Hz 100 Hz (composition see | 20 C dxl 20 C 60 C 20 C 60 C 85 C below) | uF mm mOhm mOhm mOhm A A","100;26;160;10.4;5.35","1000 51.6 x 96.7 100 26 160 10.4 5.35 B437*3A6108M6##","parsed",""
"B43713_B43733.pdf","B43713/B43733","500","1200","51.6","105.7","B437*3A6128M6##","ESRtyp 100 Hz 20 C mOhm","85","ESRtyp 300 Hz 60 C mOhm","22","ESRtyp 100 Hz 20 C mOhm=85; ESRtyp 300 Hz 60 C mOhm=22","Zmax 10 kHz 20 C mOhm","140","Zmax 10 kHz 20 C mOhm=140","IAC,max 100 Hz 60 C A","11.8","IAC,R 100 Hz 85 C A","6.05","","","IAC,max 100 Hz 60 C A=11.8; IAC,R 100 Hz 85 C A=6.05","CR Case ESRtyp ESRtyp Zmax IAC,max IAC,R Ordering code | 100 Hz dimensions 100 Hz 300 Hz 10 kHz 100 Hz 100 Hz (composition see | 20 C dxl 20 C 60 C 20 C 60 C 85 C below) | uF mm mOhm mOhm mOhm A A","85;22;140;11.8;6.05","1200 51.6 x 105.7 85 22 140 11.8 6.05 B437*3A6128M6##","parsed",""
"B43713_B43733.pdf","B43713/B43733","500","1200","64.3","80.7","B437*3B6128M6##","ESRtyp 100 Hz 20 C mOhm","85","ESRtyp 300 Hz 60 C mOhm","22","ESRtyp 100 Hz 20 C mOhm=85; ESRtyp 300 Hz 60 C mOhm=22","Zmax 10 kHz 20 C mOhm","140","Zmax 10 kHz 20 C mOhm=140","IAC,max 100 Hz 60 C A","12.3","IAC,R 100 Hz 85 C A","6.28","","","IAC,max 100 Hz 60 C A=12.3; IAC,R 100 Hz 85 C A=6.28","CR Case ESRtyp ESRtyp Zmax IAC,max IAC,R Ordering code | 100 Hz dimensions 100 Hz 300 Hz 10 kHz 100 Hz 100 Hz (composition see | 20 C dxl 20 C 60 C 20 C 60 C 85 C below) | uF mm mOhm mOhm mOhm A A","85;22;140;12.3;6.28","1200 64.3 x 80.7 85 22 140 12.3 6.28 B437*3B6128M6##","parsed",""
"B43713_B43733.pdf","B43713/B43733","500","1500","51.6","130.7","B437*3A6158M6##","ESRtyp 100 Hz 20 C mOhm","70","ESRtyp 300 Hz 60 C mOhm","18","ESRtyp 100 Hz 20 C mOhm=70; ESRtyp 300 Hz 60 C mOhm=18","Zmax 10 kHz 20 C mOhm","110","Zmax 10 kHz 20 C mOhm=110","IAC,max 100 Hz 60 C A","13.9","IAC,R 100 Hz 85 C A","7.10","","","IAC,max 100 Hz 60 C A=13.9; IAC,R 100 Hz 85 C A=7.10","CR Case ESRtyp ESRtyp Zmax IAC,max IAC,R Ordering code | 100 Hz dimensions 100 Hz 300 Hz 10 kHz 100 Hz 100 Hz (composition see | 20 C dxl 20 C 60 C 20 C 60 C 85 C below) | uF mm mOhm mOhm mOhm A A","70;18;110;13.9;7.10","1500 51.6 x 130.7 70 18 110 13.9 7.10 B437*3A6158M6##","parsed",""
"B43713_B43733.pdf","B43713/B43733","500","1500","64.3","96.7","B437*3B6158M6##","ESRtyp 100 Hz 20 C mOhm","70","ESRtyp 300 Hz 60 C mOhm","17","ESRtyp 100 Hz 20 C mOhm=70; ESRtyp 300 Hz 60 C mOhm=17","Zmax 10 kHz 20 C mOhm","110","Zmax 10 kHz 20 C mOhm=110","IAC,max 100 Hz 60 C A","14.1","IAC,R 100 Hz 85 C A","7.23","","","IAC,max 100 Hz 60 C A=14.1; IAC,R 100 Hz 85 C A=7.23","CR Case ESRtyp ESRtyp Zmax IAC,max IAC,R Ordering code | 100 Hz dimensions 100 Hz 300 Hz 10 kHz 100 Hz 100 Hz (composition see | 20 C dxl 20 C 60 C 20 C 60 C 85 C below) | uF mm mOhm mOhm mOhm A A","70;17;110;14.1;7.23","1500 64.3 x 96.7 70 17 110 14.1 7.23 B437*3B6158M6##","parsed",""
"B43713_B43733.pdf","B43713/B43733","500","1800","64.3","105.7","B437*3A6188M6##","ESRtyp 100 Hz 20 C mOhm","60","ESRtyp 300 Hz 60 C mOhm","15","ESRtyp 100 Hz 20 C mOhm=60; ESRtyp 300 Hz 60 C mOhm=15","Zmax 10 kHz 20 C mOhm","90","Zmax 10 kHz 20 C mOhm=90","IAC,max 100 Hz 60 C A","15.9","IAC,R 100 Hz 85 C A","8.13","","","IAC,max 100 Hz 60 C A=15.9; IAC,R 100 Hz 85 C A=8.13","CR Case ESRtyp ESRtyp Zmax IAC,max IAC,R Ordering code | 100 Hz dimensions 100 Hz 300 Hz 10 kHz 100 Hz 100 Hz (composition see | 20 C dxl 20 C 60 C 20 C 60 C 85 C below) | uF mm mOhm mOhm mOhm A A","60;15;90;15.9;8.13","1800 64.3 x 105.7 60 15 90 15.9 8.13 B437*3A6188M6##","parsed",""
"B43713_B43733.pdf","B43713/B43733","500","2200","64.3","118.2","B437*3A6228M6##","ESRtyp 100 Hz 20 C mOhm","50","ESRtyp 300 Hz 60 C mOhm","12","ESRtyp 100 Hz 20 C mOhm=50; ESRtyp 300 Hz 60 C mOhm=12","Zmax 10 kHz 20 C mOhm","75","Zmax 10 kHz 20 C mOhm=75","IAC,max 100 Hz 60 C A","18.2","IAC,R 100 Hz 85 C A","9.28","","","IAC,max 100 Hz 60 C A=18.2; IAC,R 100 Hz 85 C A=9.28","CR Case ESRtyp ESRtyp Zmax IAC,max IAC,R Ordering code | 100 Hz dimensions 100 Hz 300 Hz 10 kHz 100 Hz 100 Hz (composition see | 20 C dxl 20 C 60 C 20 C 60 C 85 C below) | uF mm mOhm mOhm mOhm A A","50;12;75;18.2;9.28","2200 64.3 x 118.2 50 12 75 18.2 9.28 B437*3A6228M6##","parsed",""
"B43713_B43733.pdf","B43713/B43733","500","2200","76.9","96.7","B437*3B6228M6##","ESRtyp 100 Hz 20 C mOhm","45","ESRtyp 300 Hz 60 C mOhm","12","ESRtyp 100 Hz 20 C mOhm=45; ESRtyp 300 Hz 60 C mOhm=12","Zmax 10 kHz 20 C mOhm","75","Zmax 10 kHz 20 C mOhm=75","IAC,max 100 Hz 60 C A","19.8","IAC,R 100 Hz 85 C A","10.0","","","IAC,max 100 Hz 60 C A=19.8; IAC,R 100 Hz 85 C A=10.0","CR Case ESRtyp ESRtyp Zmax IAC,max IAC,R Ordering code | 100 Hz dimensions 100 Hz 300 Hz 10 kHz 100 Hz 100 Hz (composition see | 20 C dxl 20 C 60 C 20 C 60 C 85 C below) | uF mm mOhm mOhm mOhm A A","45;12;75;19.8;10.0","2200 76.9 x 96.7 45 12 75 19.8 10.0 B437*3B6228M6##","parsed",""
"B43713_B43733.pdf","B43713/B43733","500","2700","64.3","143.2","B437*3A6278M6##","ESRtyp 100 Hz 20 C mOhm","38","ESRtyp 300 Hz 60 C mOhm","10","ESRtyp 100 Hz 20 C mOhm=38; ESRtyp 300 Hz 60 C mOhm=10","Zmax 10 kHz 20 C mOhm","60","Zmax 10 kHz 20 C mOhm=60","IAC,max 100 Hz 60 C A","20.9","IAC,R 100 Hz 85 C A","10.6","","","IAC,max 100 Hz 60 C A=20.9; IAC,R 100 Hz 85 C A=10.6","CR Case ESRtyp ESRtyp Zmax IAC,max IAC,R Ordering code | 100 Hz dimensions 100 Hz 300 Hz 10 kHz 100 Hz 100 Hz (composition see | 20 C dxl 20 C 60 C 20 C 60 C 85 C below) | uF mm mOhm mOhm mOhm A A","38;10;60;20.9;10.6","2700 64.3 x 143.2 38 10 60 20.9 10.6 B437*3A6278M6##","parsed",""
"B43713_B43733.pdf","B43713/B43733","500","2700","76.9","105.7","B437*3B6278M6##","ESRtyp 100 Hz 20 C mOhm","38","ESRtyp 300 Hz 60 C mOhm","9.8","ESRtyp 100 Hz 20 C mOhm=38; ESRtyp 300 Hz 60 C mOhm=9.8","Zmax 10 kHz 20 C mOhm","60","Zmax 10 kHz 20 C mOhm=60","IAC,max 100 Hz 60 C A","22.5","IAC,R 100 Hz 85 C A","11.4","","","IAC,max 100 Hz 60 C A=22.5; IAC,R 100 Hz 85 C A=11.4","CR Case ESRtyp ESRtyp Zmax IAC,max IAC,R Ordering code | 100 Hz dimensions 100 Hz 300 Hz 10 kHz 100 Hz 100 Hz (composition see | 20 C dxl 20 C 60 C 20 C 60 C 85 C below) | uF mm mOhm mOhm mOhm A A","38;9.8;60;22.5;11.4","2700 76.9 x 105.7 38 9.8 60 22.5 11.4 B437*3B6278M6##","parsed",""
"B43713_B43733.pdf","B43713/B43733","500","3300","76.9","130.7","B437*3A6338M6##","ESRtyp 100 Hz 20 C mOhm","32","ESRtyp 300 Hz 60 C mOhm","7.9","ESRtyp 100 Hz 20 C mOhm=32; ESRtyp 300 Hz 60 C mOhm=7.9","Zmax 10 kHz 20 C mOhm","50","Zmax 10 kHz 20 C mOhm=50","IAC,max 100 Hz 60 C A","25.4","IAC,R 100 Hz 85 C A","12.9","","","IAC,max 100 Hz 60 C A=25.4; IAC,R 100 Hz 85 C A=12.9","CR Case ESRtyp ESRtyp Zmax IAC,max IAC,R Ordering code | 100 Hz dimensions 100 Hz 300 Hz 10 kHz 100 Hz 100 Hz (composition see | 20 C dxl 20 C 60 C 20 C 60 C 85 C below) | uF mm mOhm mOhm mOhm A A","32;7.9;50;25.4;12.9","3300 76.9 x 130.7 32 7.9 50 25.4 12.9 B437*3A6338M6##","parsed",""
"B43713_B43733.pdf","B43713/B43733","500","3900","76.9","143.2","B437*3A6398M6##","ESRtyp 100 Hz 20 C mOhm","26","ESRtyp 300 Hz 60 C mOhm","6.8","ESRtyp 100 Hz 20 C mOhm=26; ESRtyp 300 Hz 60 C mOhm=6.8","Zmax 10 kHz 20 C mOhm","45","Zmax 10 kHz 20 C mOhm=45","IAC,max 100 Hz 60 C A","28.3","IAC,R 100 Hz 85 C A","14.4","","","IAC,max 100 Hz 60 C A=28.3; IAC,R 100 Hz 85 C A=14.4","CR Case ESRtyp ESRtyp Zmax IAC,max IAC,R Ordering code | 100 Hz dimensions 100 Hz 300 Hz 10 kHz 100 Hz 100 Hz (composition see | 20 C dxl 20 C 60 C 20 C 60 C 85 C below) | uF mm mOhm mOhm mOhm A A","26;6.8;45;28.3;14.4","3900 76.9 x 143.2 26 6.8 45 28.3 14.4 B437*3A6398M6##","parsed",""
"B43713_B43733.pdf","B43713/B43733","500","4700","90.0","144.5","B437*3A6478M6##","ESRtyp 100 Hz 20 C mOhm","22","ESRtyp 300 Hz 60 C mOhm","5.6","ESRtyp 100 Hz 20 C mOhm=22; ESRtyp 300 Hz 60 C mOhm=5.6","Zmax 10 kHz 20 C mOhm","34","Zmax 10 kHz 20 C mOhm=34","IAC,max 100 Hz 60 C A","33.6","IAC,R 100 Hz 85 C A","17.5","","","IAC,max 100 Hz 60 C A=33.6; IAC,R 100 Hz 85 C A=17.5","CR Case ESRtyp ESRtyp Zmax IAC,max IAC,R Ordering code | 100 Hz dimensions 100 Hz 300 Hz 10 kHz 100 Hz 100 Hz (composition see | 20 C dxl 20 C 60 C 20 C 60 C 85 C below) | uF mm mOhm mOhm mOhm A A","22;5.6;34;33.6;17.5","4700 90.0 x 144.5 22 5.6 34 33.6 17.5 B437*3A6478M6##","parsed",""
"B43742_B43762.pdf","B43742/B43762","350","1800","51.6","80.7","B437*2A4188M6##","ESRtyp 100 Hz 20 C mOhm","45","ESRtyp 300 Hz 60 C mOhm","15.0","ESRtyp 100 Hz 20 C mOhm=45; ESRtyp 300 Hz 60 C mOhm=15.0","Zmax 10 kHz 20 C mOhm","70","Zmax 10 kHz 20 C mOhm=70","IAC,max 100 Hz 60 C A","15.8","IAC,max 100 Hz 85 C A","11.7","IAC,R 100 Hz 105 C A","6.44","IAC,max 100 Hz 60 C A=15.8; IAC,max 100 Hz 85 C A=11.7; IAC,R 100 Hz 105 C A=6.44","CR Case ESRtyp ESRtyp Zmax IAC,max IAC,max IAC,R Ordering code | 100 Hz dimensions 100 Hz 300 Hz 10 kHz 100 Hz 100 Hz 100 Hz (composition see | 20 C dxl 20 C 60 C 20 C 60 C 85 C 105 C below) | uF mm mOhm mOhm mOhm A A A","45;15.0;70;15.8;11.7;6.44","1800 51.6 x 80.7 45 15.0 70 15.8 11.7 6.44 B437*2A4188M6##","parsed",""
"B43742_B43762.pdf","B43742/B43762","350","2200","51.6","96.7","B437*2A4228M6##","ESRtyp 100 Hz 20 C mOhm","38","ESRtyp 300 Hz 60 C mOhm","12.0","ESRtyp 100 Hz 20 C mOhm=38; ESRtyp 300 Hz 60 C mOhm=12.0","Zmax 10 kHz 20 C mOhm","55","Zmax 10 kHz 20 C mOhm=55","IAC,max 100 Hz 60 C A","18.5","IAC,max 100 Hz 85 C A","13.8","IAC,R 100 Hz 105 C A","7.58","IAC,max 100 Hz 60 C A=18.5; IAC,max 100 Hz 85 C A=13.8; IAC,R 100 Hz 105 C A=7.58","CR Case ESRtyp ESRtyp Zmax IAC,max IAC,max IAC,R Ordering code | 100 Hz dimensions 100 Hz 300 Hz 10 kHz 100 Hz 100 Hz 100 Hz (composition see | 20 C dxl 20 C 60 C 20 C 60 C 85 C 105 C below) | uF mm mOhm mOhm mOhm A A A","38;12.0;55;18.5;13.8;7.58","2200 51.6 x 96.7 38 12.0 55 18.5 13.8 7.58 B437*2A4228M6##","parsed",""
"B43742_B43762.pdf","B43742/B43762","350","2700","51.6","105.7","B437*2A4278M6##","ESRtyp 100 Hz 20 C mOhm","32","ESRtyp 300 Hz 60 C mOhm","9.9","ESRtyp 100 Hz 20 C mOhm=32; ESRtyp 300 Hz 60 C mOhm=9.9","Zmax 10 kHz 20 C mOhm","45","Zmax 10 kHz 20 C mOhm=45","IAC,max 100 Hz 60 C A","21.3","IAC,max 100 Hz 85 C A","15.8","IAC,R 100 Hz 105 C A","8.68","IAC,max 100 Hz 60 C A=21.3; IAC,max 100 Hz 85 C A=15.8; IAC,R 100 Hz 105 C A=8.68","CR Case ESRtyp ESRtyp Zmax IAC,max IAC,max IAC,R Ordering code | 100 Hz dimensions 100 Hz 300 Hz 10 kHz 100 Hz 100 Hz 100 Hz (composition see | 20 C dxl 20 C 60 C 20 C 60 C 85 C 105 C below) | uF mm mOhm mOhm mOhm A A A","32;9.9;45;21.3;15.8;8.68","2700 51.6 x 105.7 32 9.9 45 21.3 15.8 8.68 B437*2A4278M6##","parsed",""
"B43742_B43762.pdf","B43742/B43762","350","2700","64.3","80.7","B437*2B4278M6##","ESRtyp 100 Hz 20 C mOhm","32","ESRtyp 300 Hz 60 C mOhm","10.0","ESRtyp 100 Hz 20 C mOhm=32; ESRtyp 300 Hz 60 C mOhm=10.0","Zmax 10 kHz 20 C mOhm","50","Zmax 10 kHz 20 C mOhm=50","IAC,max 100 Hz 60 C A","21.5","IAC,max 100 Hz 85 C A","16.0","IAC,R 100 Hz 105 C A","8.79","IAC,max 100 Hz 60 C A=21.5; IAC,max 100 Hz 85 C A=16.0; IAC,R 100 Hz 105 C A=8.79","CR Case ESRtyp ESRtyp Zmax IAC,max IAC,max IAC,R Ordering code | 100 Hz dimensions 100 Hz 300 Hz 10 kHz 100 Hz 100 Hz 100 Hz (composition see | 20 C dxl 20 C 60 C 20 C 60 C 85 C 105 C below) | uF mm mOhm mOhm mOhm A A A","32;10.0;50;21.5;16.0;8.79","2700 64.3 x 80.7 32 10.0 50 21.5 16.0 8.79 B437*2B4278M6##","parsed",""
"B43742_B43762.pdf","B43742/B43762","350","3300","51.6","118.2","B437*2A4338M6##","ESRtyp 100 Hz 20 C mOhm","26","ESRtyp 300 Hz 60 C mOhm","8.3","ESRtyp 100 Hz 20 C mOhm=26; ESRtyp 300 Hz 60 C mOhm=8.3","Zmax 10 kHz 20 C mOhm","38","Zmax 10 kHz 20 C mOhm=38","IAC,max 100 Hz 60 C A","24.5","IAC,max 100 Hz 85 C A","18.2","IAC,R 100 Hz 105 C A","10.0","IAC,max 100 Hz 60 C A=24.5; IAC,max 100 Hz 85 C A=18.2; IAC,R 100 Hz 105 C A=10.0","CR Case ESRtyp ESRtyp Zmax IAC,max IAC,max IAC,R Ordering code | 100 Hz dimensions 100 Hz 300 Hz 10 kHz 100 Hz 100 Hz 100 Hz (composition see | 20 C dxl 20 C 60 C 20 C 60 C 85 C 105 C below) | uF mm mOhm mOhm mOhm A A A","26;8.3;38;24.5;18.2;10.0","3300 51.6 x 118.2 26 8.3 38 24.5 18.2 10.0 B437*2A4338M6##","parsed",""
"B43742_B43762.pdf","B43742/B43762","350","3900","64.3","96.7","B437*2A4398M6##","ESRtyp 100 Hz 20 C mOhm","22","ESRtyp 300 Hz 60 C mOhm","7.4","ESRtyp 100 Hz 20 C mOhm=22; ESRtyp 300 Hz 60 C mOhm=7.4","Zmax 10 kHz 20 C mOhm","34","Zmax 10 kHz 20 C mOhm=34","IAC,max 100 Hz 60 C A","27.1","IAC,max 100 Hz 85 C A","20.1","IAC,R 100 Hz 105 C A","11.0","IAC,max 100 Hz 60 C A=27.1; IAC,max 100 Hz 85 C A=20.1; IAC,R 100 Hz 105 C A=11.0","CR Case ESRtyp ESRtyp Zmax IAC,max IAC,max IAC,R Ordering code | 100 Hz dimensions 100 Hz 300 Hz 10 kHz 100 Hz 100 Hz 100 Hz (composition see | 20 C dxl 20 C 60 C 20 C 60 C 85 C 105 C below) | uF mm mOhm mOhm mOhm A A A","22;7.4;34;27.1;20.1;11.0","3900 64.3 x 96.7 22 7.4 34 27.1 20.1 11.0 B437*2A4398M6##","parsed",""
"B43742_B43762.pdf","B43742/B43762","350","4700","64.3","118.2","B437*2A4478M6##","ESRtyp 100 Hz 20 C mOhm","18","ESRtyp 300 Hz 60 C mOhm","6.1","ESRtyp 100 Hz 20 C mOhm=18; ESRtyp 300 Hz 60 C mOhm=6.1","Zmax 10 kHz 20 C mOhm","28","Zmax 10 kHz 20 C mOhm=28","IAC,max 100 Hz 60 C A","30.8","IAC,max 100 Hz 85 C A","22.9","IAC,R 100 Hz 105 C A","12.5","IAC,max 100 Hz 60 C A=30.8; IAC,max 100 Hz 85 C A=22.9; IAC,R 100 Hz 105 C A=12.5","CR Case ESRtyp ESRtyp Zmax IAC,max IAC,max IAC,R Ordering code | 100 Hz dimensions 100 Hz 300 Hz 10 kHz 100 Hz 100 Hz 100 Hz (composition see | 20 C dxl 20 C 60 C 20 C 60 C 85 C 105 C below) | uF mm mOhm mOhm mOhm A A A","18;6.1;28;30.8;22.9;12.5","4700 64.3 x 118.2 18 6.1 28 30.8 22.9 12.5 B437*2A4478M6##","parsed",""
"B43742_B43762.pdf","B43742/B43762","350","5600","64.3","130.7","B437*2A4568M6##","ESRtyp 100 Hz 20 C mOhm","15","ESRtyp 300 Hz 60 C mOhm","5.3","ESRtyp 100 Hz 20 C mOhm=15; ESRtyp 300 Hz 60 C mOhm=5.3","Zmax 10 kHz 20 C mOhm","24","Zmax 10 kHz 20 C mOhm=24","IAC,max 100 Hz 60 C A","34.6","IAC,max 100 Hz 85 C A","25.7","IAC,R 100 Hz 105 C A","14.1","IAC,max 100 Hz 60 C A=34.6; IAC,max 100 Hz 85 C A=25.7; IAC,R 100 Hz 105 C A=14.1","CR Case ESRtyp ESRtyp Zmax IAC,max IAC,max IAC,R Ordering code | 100 Hz dimensions 100 Hz 300 Hz 10 kHz 100 Hz 100 Hz 100 Hz (composition see | 20 C dxl 20 C 60 C 20 C 60 C 85 C 105 C below) | uF mm mOhm mOhm mOhm A A A","15;5.3;24;34.6;25.7;14.1","5600 64.3 x 130.7 15 5.3 24 34.6 25.7 14.1 B437*2A4568M6##","parsed",""
"B43742_B43762.pdf","B43742/B43762","350","5600","76.9","96.7","B437*2B4568M6##","ESRtyp 100 Hz 20 C mOhm","16","ESRtyp 300 Hz 60 C mOhm","5.9","ESRtyp 100 Hz 20 C mOhm=16; ESRtyp 300 Hz 60 C mOhm=5.9","Zmax 10 kHz 20 C mOhm","24","Zmax 10 kHz 20 C mOhm=24","IAC,max 100 Hz 60 C A","35.1","IAC,max 100 Hz 85 C A","26.0","IAC,R 100 Hz 105 C A","14.2","IAC,max 100 Hz 60 C A=35.1; IAC,max 100 Hz 85 C A=26.0; IAC,R 100 Hz 105 C A=14.2","CR Case ESRtyp ESRtyp Zmax IAC,max IAC,max IAC,R Ordering code | 100 Hz dimensions 100 Hz 300 Hz 10 kHz 100 Hz 100 Hz 100 Hz (composition see | 20 C dxl 20 C 60 C 20 C 60 C 85 C 105 C below) | uF mm mOhm mOhm mOhm A A A","16;5.9;24;35.1;26.0;14.2","5600 76.9 x 96.7 16 5.9 24 35.1 26.0 14.2 B437*2B4568M6##","parsed",""
"B43742_B43762.pdf","B43742/B43762","350","6800","64.3","143.2","B437*2A4688M6##","ESRtyp 100 Hz 20 C mOhm","13","ESRtyp 300 Hz 60 C mOhm","4.6","ESRtyp 100 Hz 20 C mOhm=13; ESRtyp 300 Hz 60 C mOhm=4.6","Zmax 10 kHz 20 C mOhm","20","Zmax 10 kHz 20 C mOhm=20","IAC,max 100 Hz 60 C A","39.8","IAC,max 100 Hz 85 C A","29.3","IAC,R 100 Hz 105 C A","16.0","IAC,max 100 Hz 60 C A=39.8; IAC,max 100 Hz 85 C A=29.3; IAC,R 100 Hz 105 C A=16.0","CR Case ESRtyp ESRtyp Zmax IAC,max IAC,max IAC,R Ordering code | 100 Hz dimensions 100 Hz 300 Hz 10 kHz 100 Hz 100 Hz 100 Hz (composition see | 20 C dxl 20 C 60 C 20 C 60 C 85 C 105 C below) | uF mm mOhm mOhm mOhm A A A","13;4.6;20;39.8;29.3;16.0","6800 64.3 x 143.2 13 4.6 20 39.8 29.3 16.0 B437*2A4688M6##","parsed",""
"B43742_B43762.pdf","B43742/B43762","350","6800","76.9","118.2","B437*2B4688M6##","ESRtyp 100 Hz 20 C mOhm","13","ESRtyp 300 Hz 60 C mOhm","4.7","ESRtyp 100 Hz 20 C mOhm=13; ESRtyp 300 Hz 60 C mOhm=4.7","Zmax 10 kHz 20 C mOhm","20","Zmax 10 kHz 20 C mOhm=20","IAC,max 100 Hz 60 C A","40.0","IAC,max 100 Hz 85 C A","29.7","IAC,R 100 Hz 105 C A","16.2","IAC,max 100 Hz 60 C A=40.0; IAC,max 100 Hz 85 C A=29.7; IAC,R 100 Hz 105 C A=16.2","CR Case ESRtyp ESRtyp Zmax IAC,max IAC,max IAC,R Ordering code | 100 Hz dimensions 100 Hz 300 Hz 10 kHz 100 Hz 100 Hz 100 Hz (composition see | 20 C dxl 20 C 60 C 20 C 60 C 85 C 105 C below) | uF mm mOhm mOhm mOhm A A A","13;4.7;20;40.0;29.7;16.2","6800 76.9 x 118.2 13 4.7 20 40.0 29.7 16.2 B437*2B4688M6##","parsed",""
"B43742_B43762.pdf","B43742/B43762","350","6800","90.0","97.0","B437*2C4688M6##","ESRtyp 100 Hz 20 C mOhm","13","ESRtyp 300 Hz 60 C mOhm","4.6","ESRtyp 100 Hz 20 C mOhm=13; ESRtyp 300 Hz 60 C mOhm=4.6","Zmax 10 kHz 20 C mOhm","20","Zmax 10 kHz 20 C mOhm=20","IAC,max 100 Hz 60 C A","43.0","IAC,max 100 Hz 85 C A","31.9","IAC,R 100 Hz 105 C A","17.4","IAC,max 100 Hz 60 C A=43.0; IAC,max 100 Hz 85 C A=31.9; IAC,R 100 Hz 105 C A=17.4","CR Case ESRtyp ESRtyp Zmax IAC,max IAC,max IAC,R Ordering code | 100 Hz dimensions 100 Hz 300 Hz 10 kHz 100 Hz 100 Hz 100 Hz (composition see | 20 C dxl 20 C 60 C 20 C 60 C 85 C 105 C below) | uF mm mOhm mOhm mOhm A A A","13;4.6;20;43.0;31.9;17.4","6800 90.0 x 97.0 13 4.6 20 43.0 31.9 17.4 B437*2C4688M6##","parsed",""
"B43742_B43762.pdf","B43742/B43762","350","8200","76.9","130.7","B437*2A4828M6##","ESRtyp 100 Hz 20 C mOhm","11","ESRtyp 300 Hz 60 C mOhm","4.1","ESRtyp 100 Hz 20 C mOhm=11; ESRtyp 300 Hz 60 C mOhm=4.1","Zmax 10 kHz 20 C mOhm","17","Zmax 10 kHz 20 C mOhm=17","IAC,max 100 Hz 60 C A","44.9","IAC,max 100 Hz 85 C A","33.3","IAC,R 100 Hz 105 C A","18.2","IAC,max 100 Hz 60 C A=44.9; IAC,max 100 Hz 85 C A=33.3; IAC,R 100 Hz 105 C A=18.2","CR Case ESRtyp ESRtyp Zmax IAC,max IAC,max IAC,R Ordering code | 100 Hz dimensions 100 Hz 300 Hz 10 kHz 100 Hz 100 Hz 100 Hz (composition see | 20 C dxl 20 C 60 C 20 C 60 C 85 C 105 C below) | uF mm mOhm mOhm mOhm A A A","11;4.1;17;44.9;33.3;18.2","8200 76.9 x 130.7 11 4.1 17 44.9 33.3 18.2 B437*2A4828M6##","parsed",""
"B43742_B43762.pdf","B43742/B43762","350","10000","76.9","156.2","B437*2A4109M6##","ESRtyp 100 Hz 20 C mOhm","8.9","ESRtyp 300 Hz 60 C mOhm","3.4","ESRtyp 100 Hz 20 C mOhm=8.9; ESRtyp 300 Hz 60 C mOhm=3.4","Zmax 10 kHz 20 C mOhm","14","Zmax 10 kHz 20 C mOhm=14","IAC,max 100 Hz 60 C A","51.3","IAC,max 100 Hz 85 C A","38.1","IAC,R 100 Hz 105 C A","20.9","IAC,max 100 Hz 60 C A=51.3; IAC,max 100 Hz 85 C A=38.1; IAC,R 100 Hz 105 C A=20.9","CR Case ESRtyp ESRtyp Zmax IAC,max IAC,max IAC,R Ordering code | 100 Hz dimensions 100 Hz 300 Hz 10 kHz 100 Hz 100 Hz 100 Hz (composition see | 20 C dxl 20 C 60 C 20 C 60 C 85 C 105 C below) | uF mm mOhm mOhm mOhm A A A","8.9;3.4;14;51.3;38.1;20.9","10000 76.9 x 156.2 8.9 3.4 14 51.3 38.1 20.9 B437*2A4109M6##","parsed",""
"B43742_B43762.pdf","B43742/B43762","350","10000","90.0","120.0","B437*2B4109M6##","ESRtyp 100 Hz 20 C mOhm","9.0","ESRtyp 300 Hz 60 C mOhm","3.4","ESRtyp 100 Hz 20 C mOhm=9.0; ESRtyp 300 Hz 60 C mOhm=3.4","Zmax 10 kHz 20 C mOhm","14","Zmax 10 kHz 20 C mOhm=14","IAC,max 100 Hz 60 C A","53.9","IAC,max 100 Hz 85 C A","40.0","IAC,R 100 Hz 105 C A","22.6","IAC,max 100 Hz 60 C A=53.9; IAC,max 100 Hz 85 C A=40.0; IAC,R 100 Hz 105 C A=22.6","CR Case ESRtyp ESRtyp Zmax IAC,max IAC,max IAC,R Ordering code | 100 Hz dimensions 100 Hz 300 Hz 10 kHz 100 Hz 100 Hz 100 Hz (composition see | 20 C dxl 20 C 60 C 20 C 60 C 85 C 105 C below) | uF mm mOhm mOhm mOhm A A A","9.0;3.4;14;53.9;40.0;22.6","10000 90.0 x 120.0 9.0 3.4 14 53.9 40.0 22.6 B437*2B4109M6##","parsed",""
"B43742_B43762.pdf","B43742/B43762","350","12000","76.9","190.7","B437*2A4129M6##","ESRtyp 100 Hz 20 C mOhm","7.4","ESRtyp 300 Hz 60 C mOhm","2.8","ESRtyp 100 Hz 20 C mOhm=7.4; ESRtyp 300 Hz 60 C mOhm=2.8","Zmax 10 kHz 20 C mOhm","12","Zmax 10 kHz 20 C mOhm=12","IAC,max 100 Hz 60 C A","58.3","IAC,max 100 Hz 85 C A","43.3","IAC,R 100 Hz 105 C A","24.6","IAC,max 100 Hz 60 C A=58.3; IAC,max 100 Hz 85 C A=43.3; IAC,R 100 Hz 105 C A=24.6","CR Case ESRtyp ESRtyp Zmax IAC,max IAC,max IAC,R Ordering code | 100 Hz dimensions 100 Hz 300 Hz 10 kHz 100 Hz 100 Hz 100 Hz (composition see | 20 C dxl 20 C 60 C 20 C 60 C 85 C 105 C below) | uF mm mOhm mOhm mOhm A A A","7.4;2.8;12;58.3;43.3;24.6","12000 76.9 x 190.7 7.4 2.8 12 58.3 43.3 24.6 B437*2A4129M6##","parsed",""
"B43742_B43762.pdf","B43742/B43762","350","12000","90.0","144.5","B437*2B4129M6##","ESRtyp 100 Hz 20 C mOhm","7.4","ESRtyp 300 Hz 60 C mOhm","2.8","ESRtyp 100 Hz 20 C mOhm=7.4; ESRtyp 300 Hz 60 C mOhm=2.8","Zmax 10 kHz 20 C mOhm","12","Zmax 10 kHz 20 C mOhm=12","IAC,max 100 Hz 60 C A","60.6","IAC,max 100 Hz 85 C A","45.0","IAC,R 100 Hz 105 C A","25.5","IAC,max 100 Hz 60 C A=60.6; IAC,max 100 Hz 85 C A=45.0; IAC,R 100 Hz 105 C A=25.5","CR Case ESRtyp ESRtyp Zmax IAC,max IAC,max IAC,R Ordering code | 100 Hz dimensions 100 Hz 300 Hz 10 kHz 100 Hz 100 Hz 100 Hz (composition see | 20 C dxl 20 C 60 C 20 C 60 C 85 C 105 C below) | uF mm mOhm mOhm mOhm A A A","7.4;2.8;12;60.6;45.0;25.5","12000 90.0 x 144.5 7.4 2.8 12 60.6 45.0 25.5 B437*2B4129M6##","parsed",""
"B43742_B43762.pdf","B43742/B43762","350","15000","76.9","220.7","B437*2A4159M6##","ESRtyp 100 Hz 20 C mOhm","6.1","ESRtyp 300 Hz 60 C mOhm","2.4","ESRtyp 100 Hz 20 C mOhm=6.1; ESRtyp 300 Hz 60 C mOhm=2.4","Zmax 10 kHz 20 C mOhm","9.9","Zmax 10 kHz 20 C mOhm=9.9","IAC,max 100 Hz 60 C A","68.0","IAC,max 100 Hz 85 C A","50.5","IAC,R 100 Hz 105 C A","28.7","IAC,max 100 Hz 60 C A=68.0; IAC,max 100 Hz 85 C A=50.5; IAC,R 100 Hz 105 C A=28.7","CR Case ESRtyp ESRtyp Zmax IAC,max IAC,max IAC,R Ordering code | 100 Hz dimensions 100 Hz 300 Hz 10 kHz 100 Hz 100 Hz 100 Hz (composition see | 20 C dxl 20 C 60 C 20 C 60 C 85 C 105 C below) | uF mm mOhm mOhm mOhm A A A","6.1;2.4;9.9;68.0;50.5;28.7","15000 76.9 x 220.7 6.1 2.4 9.9 68.0 50.5 28.7 B437*2A4159M6##","parsed",""
"B43742_B43762.pdf","B43742/B43762","350","15000","90.0","170.0","B437*2B4159M6##","ESRtyp 100 Hz 20 C mOhm","6.0","ESRtyp 300 Hz 60 C mOhm","2.3","ESRtyp 100 Hz 20 C mOhm=6.0; ESRtyp 300 Hz 60 C mOhm=2.3","Zmax 10 kHz 20 C mOhm","9.8","Zmax 10 kHz 20 C mOhm=9.8","IAC,max 100 Hz 60 C A","69.8","IAC,max 100 Hz 85 C A","51.8","IAC,R 100 Hz 105 C A","29.4","IAC,max 100 Hz 60 C A=69.8; IAC,max 100 Hz 85 C A=51.8; IAC,R 100 Hz 105 C A=29.4","CR Case ESRtyp ESRtyp Zmax IAC,max IAC,max IAC,R Ordering code | 100 Hz dimensions 100 Hz 300 Hz 10 kHz 100 Hz 100 Hz 100 Hz (composition see | 20 C dxl 20 C 60 C 20 C 60 C 85 C 105 C below) | uF mm mOhm mOhm mOhm A A A","6.0;2.3;9.8;69.8;51.8;29.4","15000 90.0 x 170.0 6.0 2.3 9.8 69.8 51.8 29.4 B437*2B4159M6##","parsed",""
"B43742_B43762.pdf","B43742/B43762","350","18000","90.0","191.0","B437*2A4189M6##","ESRtyp 100 Hz 20 C mOhm","5.1","ESRtyp 300 Hz 60 C mOhm","2.1","ESRtyp 100 Hz 20 C mOhm=5.1; ESRtyp 300 Hz 60 C mOhm=2.1","Zmax 10 kHz 20 C mOhm","8.6","Zmax 10 kHz 20 C mOhm=8.6","IAC,max 100 Hz 60 C A","78.5","IAC,max 100 Hz 85 C A","58.3","IAC,R 100 Hz 105 C A","33.0","IAC,max 100 Hz 60 C A=78.5; IAC,max 100 Hz 85 C A=58.3; IAC,R 100 Hz 105 C A=33.0","CR Case ESRtyp ESRtyp Zmax IAC,max IAC,max IAC,R Ordering code | 100 Hz dimensions 100 Hz 300 Hz 10 kHz 100 Hz 100 Hz 100 Hz (composition see | 20 C dxl 20 C 60 C 20 C 60 C 85 C 105 C below) | uF mm mOhm mOhm mOhm A A A","5.1;2.1;8.6;78.5;58.3;33.0","18000 90.0 x 191.0 5.1 2.1 8.6 78.5 58.3 33.0 B437*2A4189M6##","parsed",""
"B43742_B43762.pdf","B43742/B43762","350","22000","90.0","221.0","B437*2A4229M6##","ESRtyp 100 Hz 20 C mOhm","4.2","ESRtyp 300 Hz 60 C mOhm","1.8","ESRtyp 100 Hz 20 C mOhm=4.2; ESRtyp 300 Hz 60 C mOhm=1.8","Zmax 10 kHz 20 C mOhm","7.6","Zmax 10 kHz 20 C mOhm=7.6","IAC,max 100 Hz 60 C A","89.0","IAC,max 100 Hz 85 C A","66.8","IAC,R 100 Hz 105 C A","37.9","IAC,max 100 Hz 60 C A=89.0; IAC,max 100 Hz 85 C A=66.8; IAC,R 100 Hz 105 C A=37.9","CR Case ESRtyp ESRtyp Zmax IAC,max IAC,max IAC,R Ordering code | 100 Hz dimensions 100 Hz 300 Hz 10 kHz 100 Hz 100 Hz 100 Hz (composition see | 20 C dxl 20 C 60 C 20 C 60 C 85 C 105 C below) | uF mm mOhm mOhm mOhm A A A","4.2;1.8;7.6;89.0;66.8;37.9","22000 90.0 x 221.0 4.2 1.8 7.6 89.0 66.8 37.9 B437*2A4229M6##","parsed",""
"B43742_B43762.pdf","B43742/B43762","400","1500","51.6","80.7","B437*2A9158M6##","ESRtyp 100 Hz 20 C mOhm","70","ESRtyp 300 Hz 60 C mOhm","20","ESRtyp 100 Hz 20 C mOhm=70; ESRtyp 300 Hz 60 C mOhm=20","Zmax 10 kHz 20 C mOhm","110","Zmax 10 kHz 20 C mOhm=110","IAC,max 100 Hz 60 C A","14.1","IAC,max 100 Hz 85 C A","10.5","IAC,R 100 Hz 105 C A","5.78","IAC,max 100 Hz 60 C A=14.1; IAC,max 100 Hz 85 C A=10.5; IAC,R 100 Hz 105 C A=5.78","CR Case ESRtyp ESRtyp Zmax IAC,max IAC,max IAC,R Ordering code | 100 Hz dimensions 100 Hz 300 Hz 10 kHz 100 Hz 100 Hz 100 Hz (composition see | 20 C dxl 20 C 60 C 20 C 60 C 85 C 105 C below) | uF mm mOhm mOhm mOhm A A A","70;20;110;14.1;10.5;5.78","1500 51.6 x 80.7 70 20 110 14.1 10.5 5.78 B437*2A9158M6##","parsed",""
"B43742_B43762.pdf","B43742/B43762","400","1800","51.6","96.7","B437*2A9188M6##","ESRtyp 100 Hz 20 C mOhm","60","ESRtyp 300 Hz 60 C mOhm","17","ESRtyp 100 Hz 20 C mOhm=60; ESRtyp 300 Hz 60 C mOhm=17","Zmax 10 kHz 20 C mOhm","90","Zmax 10 kHz 20 C mOhm=90","IAC,max 100 Hz 60 C A","16.4","IAC,max 100 Hz 85 C A","12.2","IAC,R 100 Hz 105 C A","6.72","IAC,max 100 Hz 60 C A=16.4; IAC,max 100 Hz 85 C A=12.2; IAC,R 100 Hz 105 C A=6.72","CR Case ESRtyp ESRtyp Zmax IAC,max IAC,max IAC,R Ordering code | 100 Hz dimensions 100 Hz 300 Hz 10 kHz 100 Hz 100 Hz 100 Hz (composition see | 20 C dxl 20 C 60 C 20 C 60 C 85 C 105 C below) | uF mm mOhm mOhm mOhm A A A","60;17;90;16.4;12.2;6.72","1800 51.6 x 96.7 60 17 90 16.4 12.2 6.72 B437*2A9188M6##","parsed",""
"B43742_B43762.pdf","B43742/B43762","400","2200","51.6","105.7","B437*2A9228M6##","ESRtyp 100 Hz 20 C mOhm","50","ESRtyp 300 Hz 60 C mOhm","14","ESRtyp 100 Hz 20 C mOhm=50; ESRtyp 300 Hz 60 C mOhm=14","Zmax 10 kHz 20 C mOhm","75","Zmax 10 kHz 20 C mOhm=75","IAC,max 100 Hz 60 C A","18.8","IAC,max 100 Hz 85 C A","14.0","IAC,R 100 Hz 105 C A","7.69","IAC,max 100 Hz 60 C A=18.8; IAC,max 100 Hz 85 C A=14.0; IAC,R 100 Hz 105 C A=7.69","CR Case ESRtyp ESRtyp Zmax IAC,max IAC,max IAC,R Ordering code | 100 Hz dimensions 100 Hz 300 Hz 10 kHz 100 Hz 100 Hz 100 Hz (composition see | 20 C dxl 20 C 60 C 20 C 60 C 85 C 105 C below) | uF mm mOhm mOhm mOhm A A A","50;14;75;18.8;14.0;7.69","2200 51.6 x 105.7 50 14 75 18.8 14.0 7.69 B437*2A9228M6##","parsed",""
"B43742_B43762.pdf","B43742/B43762","400","2200","64.3","80.7","B437*2B9228M6##","ESRtyp 100 Hz 20 C mOhm","50","ESRtyp 300 Hz 60 C mOhm","14","ESRtyp 100 Hz 20 C mOhm=50; ESRtyp 300 Hz 60 C mOhm=14","Zmax 10 kHz 20 C mOhm","75","Zmax 10 kHz 20 C mOhm=75","IAC,max 100 Hz 60 C A","19.1","IAC,max 100 Hz 85 C A","14.2","IAC,R 100 Hz 105 C A","7.82","IAC,max 100 Hz 60 C A=19.1; IAC,max 100 Hz 85 C A=14.2; IAC,R 100 Hz 105 C A=7.82","CR Case ESRtyp ESRtyp Zmax IAC,max IAC,max IAC,R Ordering code | 100 Hz dimensions 100 Hz 300 Hz 10 kHz 100 Hz 100 Hz 100 Hz (composition see | 20 C dxl 20 C 60 C 20 C 60 C 85 C 105 C below) | uF mm mOhm mOhm mOhm A A A","50;14;75;19.1;14.2;7.82","2200 64.3 x 80.7 50 14 75 19.1 14.2 7.82 B437*2B9228M6##","parsed",""
"B43742_B43762.pdf","B43742/B43762","400","2700","51.6","118.2","B437*2A9278M6##","ESRtyp 100 Hz 20 C mOhm","40","ESRtyp 300 Hz 60 C mOhm","12","ESRtyp 100 Hz 20 C mOhm=40; ESRtyp 300 Hz 60 C mOhm=12","Zmax 10 kHz 20 C mOhm","65","Zmax 10 kHz 20 C mOhm=65","IAC,max 100 Hz 60 C A","21.7","IAC,max 100 Hz 85 C A","16.2","IAC,R 100 Hz 105 C A","8.88","IAC,max 100 Hz 60 C A=21.7; IAC,max 100 Hz 85 C A=16.2; IAC,R 100 Hz 105 C A=8.88","CR Case ESRtyp ESRtyp Zmax IAC,max IAC,max IAC,R Ordering code | 100 Hz dimensions 100 Hz 300 Hz 10 kHz 100 Hz 100 Hz 100 Hz (composition see | 20 C dxl 20 C 60 C 20 C 60 C 85 C 105 C below) | uF mm mOhm mOhm mOhm A A A","40;12;65;21.7;16.2;8.88","2700 51.6 x 118.2 40 12 65 21.7 16.2 8.88 B437*2A9278M6##","parsed",""
"B43742_B43762.pdf","B43742/B43762","400","3300","64.3","96.7","B437*2A9338M6##","ESRtyp 100 Hz 20 C mOhm","32","ESRtyp 300 Hz 60 C mOhm","10","ESRtyp 100 Hz 20 C mOhm=32; ESRtyp 300 Hz 60 C mOhm=10","Zmax 10 kHz 20 C mOhm","55","Zmax 10 kHz 20 C mOhm=55","IAC,max 100 Hz 60 C A","24.6","IAC,max 100 Hz 85 C A","18.3","IAC,R 100 Hz 105 C A","10.0","IAC,max 100 Hz 60 C A=24.6; IAC,max 100 Hz 85 C A=18.3; IAC,R 100 Hz 105 C A=10.0","CR Case ESRtyp ESRtyp Zmax IAC,max IAC,max IAC,R Ordering code | 100 Hz dimensions 100 Hz 300 Hz 10 kHz 100 Hz 100 Hz 100 Hz (composition see | 20 C dxl 20 C 60 C 20 C 60 C 85 C 105 C below) | uF mm mOhm mOhm mOhm A A A","32;10;55;24.6;18.3;10.0","3300 64.3 x 96.7 32 10 55 24.6 18.3 10.0 B437*2A9338M6##","parsed",""
"B43742_B43762.pdf","B43742/B43762","400","3900","64.3","118.2","B437*2A9398M6##","ESRtyp 100 Hz 20 C mOhm","28","ESRtyp 300 Hz 60 C mOhm","8.3","ESRtyp 100 Hz 20 C mOhm=28; ESRtyp 300 Hz 60 C mOhm=8.3","Zmax 10 kHz 20 C mOhm","45","Zmax 10 kHz 20 C mOhm=45","IAC,max 100 Hz 60 C A","27.7","IAC,max 100 Hz 85 C A","20.6","IAC,R 100 Hz 105 C A","11.3","IAC,max 100 Hz 60 C A=27.7; IAC,max 100 Hz 85 C A=20.6; IAC,R 100 Hz 105 C A=11.3","CR Case ESRtyp ESRtyp Zmax IAC,max IAC,max IAC,R Ordering code | 100 Hz dimensions 100 Hz 300 Hz 10 kHz 100 Hz 100 Hz 100 Hz (composition see | 20 C dxl 20 C 60 C 20 C 60 C 85 C 105 C below) | uF mm mOhm mOhm mOhm A A A","28;8.3;45;27.7;20.6;11.3","3900 64.3 x 118.2 28 8.3 45 27.7 20.6 11.3 B437*2A9398M6##","parsed",""
"B43742_B43762.pdf","B43742/B43762","400","3900","76.9","96.7","B437*2B9398M6##","ESRtyp 100 Hz 20 C mOhm","28","ESRtyp 300 Hz 60 C mOhm","8.6","ESRtyp 100 Hz 20 C mOhm=28; ESRtyp 300 Hz 60 C mOhm=8.6","Zmax 10 kHz 20 C mOhm","45","Zmax 10 kHz 20 C mOhm=45","IAC,max 100 Hz 60 C A","28.8","IAC,max 100 Hz 85 C A","21.4","IAC,R 100 Hz 105 C A","11.7","IAC,max 100 Hz 60 C A=28.8; IAC,max 100 Hz 85 C A=21.4; IAC,R 100 Hz 105 C A=11.7","CR Case ESRtyp ESRtyp Zmax IAC,max IAC,max IAC,R Ordering code | 100 Hz dimensions 100 Hz 300 Hz 10 kHz 100 Hz 100 Hz 100 Hz (composition see | 20 C dxl 20 C 60 C 20 C 60 C 85 C 105 C below) | uF mm mOhm mOhm mOhm A A A","28;8.6;45;28.8;21.4;11.7","3900 76.9 x 96.7 28 8.6 45 28.8 21.4 11.7 B437*2B9398M6##","parsed",""
"B43742_B43762.pdf","B43742/B43762","400","4700","64.3","130.7","B437*2A9478M6##","ESRtyp 100 Hz 20 C mOhm","24","ESRtyp 300 Hz 60 C mOhm","7.1","ESRtyp 100 Hz 20 C mOhm=24; ESRtyp 300 Hz 60 C mOhm=7.1","Zmax 10 kHz 20 C mOhm","36","Zmax 10 kHz 20 C mOhm=36","IAC,max 100 Hz 60 C A","31.4","IAC,max 100 Hz 85 C A","23.4","IAC,R 100 Hz 105 C A","12.8","IAC,max 100 Hz 60 C A=31.4; IAC,max 100 Hz 85 C A=23.4; IAC,R 100 Hz 105 C A=12.8","CR Case ESRtyp ESRtyp Zmax IAC,max IAC,max IAC,R Ordering code | 100 Hz dimensions 100 Hz 300 Hz 10 kHz 100 Hz 100 Hz 100 Hz (composition see | 20 C dxl 20 C 60 C 20 C 60 C 85 C 105 C below) | uF mm mOhm mOhm mOhm A A A","24;7.1;36;31.4;23.4;12.8","4700 64.3 x 130.7 24 7.1 36 31.4 23.4 12.8 B437*2A9478M6##","parsed",""
"B43742_B43762.pdf","B43742/B43762","400","4700","76.9","105.7","B437*2B9478M6##","ESRtyp 100 Hz 20 C mOhm","24","ESRtyp 300 Hz 60 C mOhm","7.3","ESRtyp 100 Hz 20 C mOhm=24; ESRtyp 300 Hz 60 C mOhm=7.3","Zmax 10 kHz 20 C mOhm","36","Zmax 10 kHz 20 C mOhm=36","IAC,max 100 Hz 60 C A","32.3","IAC,max 100 Hz 85 C A","24.0","IAC,R 100 Hz 105 C A","13.1","IAC,max 100 Hz 60 C A=32.3; IAC,max 100 Hz 85 C A=24.0; IAC,R 100 Hz 105 C A=13.1","CR Case ESRtyp ESRtyp Zmax IAC,max IAC,max IAC,R Ordering code | 100 Hz dimensions 100 Hz 300 Hz 10 kHz 100 Hz 100 Hz 100 Hz (composition see | 20 C dxl 20 C 60 C 20 C 60 C 85 C 105 C below) | uF mm mOhm mOhm mOhm A A A","24;7.3;36;32.3;24.0;13.1","4700 76.9 x 105.7 24 7.3 36 32.3 24.0 13.1 B437*2B9478M6##","parsed",""
"B43742_B43762.pdf","B43742/B43762","400","5600","64.3","143.2","B437*2A9568M6##","ESRtyp 100 Hz 20 C mOhm","20","ESRtyp 300 Hz 60 C mOhm","6.2","ESRtyp 100 Hz 20 C mOhm=20; ESRtyp 300 Hz 60 C mOhm=6.2","Zmax 10 kHz 20 C mOhm","32","Zmax 10 kHz 20 C mOhm=32","IAC,max 100 Hz 60 C A","35.5","IAC,max 100 Hz 85 C A","26.4","IAC,R 100 Hz 105 C A","14.4","IAC,max 100 Hz 60 C A=35.5; IAC,max 100 Hz 85 C A=26.4; IAC,R 100 Hz 105 C A=14.4","CR Case ESRtyp ESRtyp Zmax IAC,max IAC,max IAC,R Ordering code | 100 Hz dimensions 100 Hz 300 Hz 10 kHz 100 Hz 100 Hz 100 Hz (composition see | 20 C dxl 20 C 60 C 20 C 60 C 85 C 105 C below) | uF mm mOhm mOhm mOhm A A A","20;6.2;32;35.5;26.4;14.4","5600 64.3 x 143.2 20 6.2 32 35.5 26.4 14.4 B437*2A9568M6##","parsed",""
"B43742_B43762.pdf","B43742/B43762","400","5600","76.9","118.2","B437*2B9568M6##","ESRtyp 100 Hz 20 C mOhm","20","ESRtyp 300 Hz 60 C mOhm","6.2","ESRtyp 100 Hz 20 C mOhm=20; ESRtyp 300 Hz 60 C mOhm=6.2","Zmax 10 kHz 20 C mOhm","32","Zmax 10 kHz 20 C mOhm=32","IAC,max 100 Hz 60 C A","36.0","IAC,max 100 Hz 85 C A","26.8","IAC,R 100 Hz 105 C A","14.7","IAC,max 100 Hz 60 C A=36.0; IAC,max 100 Hz 85 C A=26.8; IAC,R 100 Hz 105 C A=14.7","CR Case ESRtyp ESRtyp Zmax IAC,max IAC,max IAC,R Ordering code | 100 Hz dimensions 100 Hz 300 Hz 10 kHz 100 Hz 100 Hz 100 Hz (composition see | 20 C dxl 20 C 60 C 20 C 60 C 85 C 105 C below) | uF mm mOhm mOhm mOhm A A A","20;6.2;32;36.0;26.8;14.7","5600 76.9 x 118.2 20 6.2 32 36.0 26.8 14.7 B437*2B9568M6##","parsed",""
"B43742_B43762.pdf","B43742/B43762","400","5600","90.0","97.0","B437*2C9568M6##","ESRtyp 100 Hz 20 C mOhm","20","ESRtyp 300 Hz 60 C mOhm","6.2","ESRtyp 100 Hz 20 C mOhm=20; ESRtyp 300 Hz 60 C mOhm=6.2","Zmax 10 kHz 20 C mOhm","32","Zmax 10 kHz 20 C mOhm=32","IAC,max 100 Hz 60 C A","38.7","IAC,max 100 Hz 85 C A","28.8","IAC,R 100 Hz 105 C A","15.7","IAC,max 100 Hz 60 C A=38.7; IAC,max 100 Hz 85 C A=28.8; IAC,R 100 Hz 105 C A=15.7","CR Case ESRtyp ESRtyp Zmax IAC,max IAC,max IAC,R Ordering code | 100 Hz dimensions 100 Hz 300 Hz 10 kHz 100 Hz 100 Hz 100 Hz (composition see | 20 C dxl 20 C 60 C 20 C 60 C 85 C 105 C below) | uF mm mOhm mOhm mOhm A A A","20;6.2;32;38.7;28.8;15.7","5600 90.0 x 97.0 20 6.2 32 38.7 28.8 15.7 B437*2C9568M6##","parsed",""
"B43742_B43762.pdf","B43742/B43762","400","6800","76.9","130.7","B437*2A9688M6##","ESRtyp 100 Hz 20 C mOhm","16","ESRtyp 300 Hz 60 C mOhm","5.3","ESRtyp 100 Hz 20 C mOhm=16; ESRtyp 300 Hz 60 C mOhm=5.3","Zmax 10 kHz 20 C mOhm","26","Zmax 10 kHz 20 C mOhm=26","IAC,max 100 Hz 60 C A","40.7","IAC,max 100 Hz 85 C A","30.3","IAC,R 100 Hz 105 C A","16.6","IAC,max 100 Hz 60 C A=40.7; IAC,max 100 Hz 85 C A=30.3; IAC,R 100 Hz 105 C A=16.6","CR Case ESRtyp ESRtyp Zmax IAC,max IAC,max IAC,R Ordering code | 100 Hz dimensions 100 Hz 300 Hz 10 kHz 100 Hz 100 Hz 100 Hz (composition see | 20 C dxl 20 C 60 C 20 C 60 C 85 C 105 C below) | uF mm mOhm mOhm mOhm A A A","16;5.3;26;40.7;30.3;16.6","6800 76.9 x 130.7 16 5.3 26 40.7 30.3 16.6 B437*2A9688M6##","parsed",""
"B43742_B43762.pdf","B43742/B43762","400","8200","76.9","156.2","B437*2A9828M6##","ESRtyp 100 Hz 20 C mOhm","14","ESRtyp 300 Hz 60 C mOhm","4.4","ESRtyp 100 Hz 20 C mOhm=14; ESRtyp 300 Hz 60 C mOhm=4.4","Zmax 10 kHz 20 C mOhm","22","Zmax 10 kHz 20 C mOhm=22","IAC,max 100 Hz 60 C A","46.2","IAC,max 100 Hz 85 C A","34.3","IAC,R 100 Hz 105 C A","18.8","IAC,max 100 Hz 60 C A=46.2; IAC,max 100 Hz 85 C A=34.3; IAC,R 100 Hz 105 C A=18.8","CR Case ESRtyp ESRtyp Zmax IAC,max IAC,max IAC,R Ordering code | 100 Hz dimensions 100 Hz 300 Hz 10 kHz 100 Hz 100 Hz 100 Hz (composition see | 20 C dxl 20 C 60 C 20 C 60 C 85 C 105 C below) | uF mm mOhm mOhm mOhm A A A","14;4.4;22;46.2;34.3;18.8","8200 76.9 x 156.2 14 4.4 22 46.2 34.3 18.8 B437*2A9828M6##","parsed",""
"B43742_B43762.pdf","B43742/B43762","400","8200","90.0","120.0","B437*2B9828M6##","ESRtyp 100 Hz 20 C mOhm","14","ESRtyp 300 Hz 60 C mOhm","4.5","ESRtyp 100 Hz 20 C mOhm=14; ESRtyp 300 Hz 60 C mOhm=4.5","Zmax 10 kHz 20 C mOhm","22","Zmax 10 kHz 20 C mOhm=22","IAC,max 100 Hz 60 C A","48.6","IAC,max 100 Hz 85 C A","36.1","IAC,R 100 Hz 105 C A","20.5","IAC,max 100 Hz 60 C A=48.6; IAC,max 100 Hz 85 C A=36.1; IAC,R 100 Hz 105 C A=20.5","CR Case ESRtyp ESRtyp Zmax IAC,max IAC,max IAC,R Ordering code | 100 Hz dimensions 100 Hz 300 Hz 10 kHz 100 Hz 100 Hz 100 Hz (composition see | 20 C dxl 20 C 60 C 20 C 60 C 85 C 105 C below) | uF mm mOhm mOhm mOhm A A A","14;4.5;22;48.6;36.1;20.5","8200 90.0 x 120.0 14 4.5 22 48.6 36.1 20.5 B437*2B9828M6##","parsed",""
"B43742_B43762.pdf","B43742/B43762","400","10000","76.9","190.7","B437*2A9109M6##","ESRtyp 100 Hz 20 C mOhm","11","ESRtyp 300 Hz 60 C mOhm","3.7","ESRtyp 100 Hz 20 C mOhm=11; ESRtyp 300 Hz 60 C mOhm=3.7","Zmax 10 kHz 20 C mOhm","18","Zmax 10 kHz 20 C mOhm=18","IAC,max 100 Hz 60 C A","53.0","IAC,max 100 Hz 85 C A","39.4","IAC,R 100 Hz 105 C A","22.4","IAC,max 100 Hz 60 C A=53.0; IAC,max 100 Hz 85 C A=39.4; IAC,R 100 Hz 105 C A=22.4","CR Case ESRtyp ESRtyp Zmax IAC,max IAC,max IAC,R Ordering code | 100 Hz dimensions 100 Hz 300 Hz 10 kHz 100 Hz 100 Hz 100 Hz (composition see | 20 C dxl 20 C 60 C 20 C 60 C 85 C 105 C below) | uF mm mOhm mOhm mOhm A A A","11;3.7;18;53.0;39.4;22.4","10000 76.9 x 190.7 11 3.7 18 53.0 39.4 22.4 B437*2A9109M6##","parsed",""
"B43742_B43762.pdf","B43742/B43762","400","10000","90.0","144.5","B437*2B9109M6##","ESRtyp 100 Hz 20 C mOhm","11","ESRtyp 300 Hz 60 C mOhm","3.7","ESRtyp 100 Hz 20 C mOhm=11; ESRtyp 300 Hz 60 C mOhm=3.7","Zmax 10 kHz 20 C mOhm","18","Zmax 10 kHz 20 C mOhm=18","IAC,max 100 Hz 60 C A","55.1","IAC,max 100 Hz 85 C A","41.0","IAC,R 100 Hz 105 C A","23.3","IAC,max 100 Hz 60 C A=55.1; IAC,max 100 Hz 85 C A=41.0; IAC,R 100 Hz 105 C A=23.3","CR Case ESRtyp ESRtyp Zmax IAC,max IAC,max IAC,R Ordering code | 100 Hz dimensions 100 Hz 300 Hz 10 kHz 100 Hz 100 Hz 100 Hz (composition see | 20 C dxl 20 C 60 C 20 C 60 C 85 C 105 C below) | uF mm mOhm mOhm mOhm A A A","11;3.7;18;55.1;41.0;23.3","10000 90.0 x 144.5 11 3.7 18 55.1 41.0 23.3 B437*2B9109M6##","parsed",""
"B43742_B43762.pdf","B43742/B43762","400","12000","76.9","220.7","B437*2A9129M6##","ESRtyp 100 Hz 20 C mOhm","9.4","ESRtyp 300 Hz 60 C mOhm","3.2","ESRtyp 100 Hz 20 C mOhm=9.4; ESRtyp 300 Hz 60 C mOhm=3.2","Zmax 10 kHz 20 C mOhm","16","Zmax 10 kHz 20 C mOhm=16","IAC,max 100 Hz 60 C A","60.2","IAC,max 100 Hz 85 C A","44.8","IAC,R 100 Hz 105 C A","25.5","IAC,max 100 Hz 60 C A=60.2; IAC,max 100 Hz 85 C A=44.8; IAC,R 100 Hz 105 C A=25.5","CR Case ESRtyp ESRtyp Zmax IAC,max IAC,max IAC,R Ordering code | 100 Hz dimensions 100 Hz 300 Hz 10 kHz 100 Hz 100 Hz 100 Hz (composition see | 20 C dxl 20 C 60 C 20 C 60 C 85 C 105 C below) | uF mm mOhm mOhm mOhm A A A","9.4;3.2;16;60.2;44.8;25.5","12000 76.9 x 220.7 9.4 3.2 16 60.2 44.8 25.5 B437*2A9129M6##","parsed",""
"B43742_B43762.pdf","B43742/B43762","400","12000","90.0","170.0","B437*2B9129M6##","ESRtyp 100 Hz 20 C mOhm","9.4","ESRtyp 300 Hz 60 C mOhm","3.1","ESRtyp 100 Hz 20 C mOhm=9.4; ESRtyp 300 Hz 60 C mOhm=3.1","Zmax 10 kHz 20 C mOhm","16","Zmax 10 kHz 20 C mOhm=16","IAC,max 100 Hz 60 C A","61.9","IAC,max 100 Hz 85 C A","46.1","IAC,R 100 Hz 105 C A","26.1","IAC,max 100 Hz 60 C A=61.9; IAC,max 100 Hz 85 C A=46.1; IAC,R 100 Hz 105 C A=26.1","CR Case ESRtyp ESRtyp Zmax IAC,max IAC,max IAC,R Ordering code | 100 Hz dimensions 100 Hz 300 Hz 10 kHz 100 Hz 100 Hz 100 Hz (composition see | 20 C dxl 20 C 60 C 20 C 60 C 85 C 105 C below) | uF mm mOhm mOhm mOhm A A A","9.4;3.1;16;61.9;46.1;26.1","12000 90.0 x 170.0 9.4 3.1 16 61.9 46.1 26.1 B437*2B9129M6##","parsed",""
"B43742_B43762.pdf","B43742/B43762","400","15000","90.0","191.0","B437*2A9159M6##","ESRtyp 100 Hz 20 C mOhm","7.6","ESRtyp 300 Hz 60 C mOhm","2.6","ESRtyp 100 Hz 20 C mOhm=7.6; ESRtyp 300 Hz 60 C mOhm=2.6","Zmax 10 kHz 20 C mOhm","13","Zmax 10 kHz 20 C mOhm=13","IAC,max 100 Hz 60 C A","71.7","IAC,max 100 Hz 85 C A","53.3","IAC,R 100 Hz 105 C A","30.2","IAC,max 100 Hz 60 C A=71.7; IAC,max 100 Hz 85 C A=53.3; IAC,R 100 Hz 105 C A=30.2","CR Case ESRtyp ESRtyp Zmax IAC,max IAC,max IAC,R Ordering code | 100 Hz dimensions 100 Hz 300 Hz 10 kHz 100 Hz 100 Hz 100 Hz (composition see | 20 C dxl 20 C 60 C 20 C 60 C 85 C 105 C below) | uF mm mOhm mOhm mOhm A A A","7.6;2.6;13;71.7;53.3;30.2","15000 90.0 x 191.0 7.6 2.6 13 71.7 53.3 30.2 B437*2A9159M6##","parsed",""
"B43742_B43762.pdf","B43742/B43762","400","18000","90.0","221.0","B437*2B9189M6##","ESRtyp 100 Hz 20 C mOhm","6.4","ESRtyp 300 Hz 60 C mOhm","2.2","ESRtyp 100 Hz 20 C mOhm=6.4; ESRtyp 300 Hz 60 C mOhm=2.2","Zmax 10 kHz 20 C mOhm","11","Zmax 10 kHz 20 C mOhm=11","IAC,max 100 Hz 60 C A","81.2","IAC,max 100 Hz 85 C A","60.4","IAC,R 100 Hz 105 C A","34.3","IAC,max 100 Hz 60 C A=81.2; IAC,max 100 Hz 85 C A=60.4; IAC,R 100 Hz 105 C A=34.3","CR Case ESRtyp ESRtyp Zmax IAC,max IAC,max IAC,R Ordering code | 100 Hz dimensions 100 Hz 300 Hz 10 kHz 100 Hz 100 Hz 100 Hz (composition see | 20 C dxl 20 C 60 C 20 C 60 C 85 C 105 C below) | uF mm mOhm mOhm mOhm A A A","6.4;2.2;11;81.2;60.4;34.3","18000 90.0 x 221.0 6.4 2.2 11 81.2 60.4 34.3 B437*2B9189M6##","parsed",""
"B43742_B43762.pdf","B43742/B43762","450","1000","51.6","80.7","B437*2A5108M6##","ESRtyp 100 Hz 20 C mOhm","95","ESRtyp 300 Hz 60 C mOhm","26","ESRtyp 100 Hz 20 C mOhm=95; ESRtyp 300 Hz 60 C mOhm=26","Zmax 10 kHz 20 C mOhm","140","Zmax 10 kHz 20 C mOhm=140","IAC,max 100 Hz 60 C A","11.8","IAC,max 100 Hz 85 C A","8.86","IAC,R 100 Hz 105 C A","4.86","IAC,max 100 Hz 60 C A=11.8; IAC,max 100 Hz 85 C A=8.86; IAC,R 100 Hz 105 C A=4.86","CR Case ESRtyp ESRtyp Zmax IAC,max IAC,max IAC,R Ordering code | 100 Hz dimensions 100 Hz 300 Hz 10 kHz 100 Hz 100 Hz 100 Hz (composition see | 20 C dxl 20 C 60 C 20 C 60 C 85 C 105 C below) | uF mm mOhm mOhm mOhm A A A","95;26;140;11.8;8.86;4.86","1000 51.6 x 80.7 95 26 140 11.8 8.86 4.86 B437*2A5108M6##","parsed",""
"B43742_B43762.pdf","B43742/B43762","450","1200","51.6","96.7","B437*2A5128M6##","ESRtyp 100 Hz 20 C mOhm","80","ESRtyp 300 Hz 60 C mOhm","22","ESRtyp 100 Hz 20 C mOhm=80; ESRtyp 300 Hz 60 C mOhm=22","Zmax 10 kHz 20 C mOhm","120","Zmax 10 kHz 20 C mOhm=120","IAC,max 100 Hz 60 C A","13.7","IAC,max 100 Hz 85 C A","10.2","IAC,R 100 Hz 105 C A","5.62","IAC,max 100 Hz 60 C A=13.7; IAC,max 100 Hz 85 C A=10.2; IAC,R 100 Hz 105 C A=5.62","CR Case ESRtyp ESRtyp Zmax IAC,max IAC,max IAC,R Ordering code | 100 Hz dimensions 100 Hz 300 Hz 10 kHz 100 Hz 100 Hz 100 Hz (composition see | 20 C dxl 20 C 60 C 20 C 60 C 85 C 105 C below) | uF mm mOhm mOhm mOhm A A A","80;22;120;13.7;10.2;5.62","1200 51.6 x 96.7 80 22 120 13.7 10.2 5.62 B437*2A5128M6##","parsed",""
"B43742_B43762.pdf","B43742/B43762","450","1500","51.6","105.7","B437*2A5158M6##","ESRtyp 100 Hz 20 C mOhm","65","ESRtyp 300 Hz 60 C mOhm","18","ESRtyp 100 Hz 20 C mOhm=65; ESRtyp 300 Hz 60 C mOhm=18","Zmax 10 kHz 20 C mOhm","95","Zmax 10 kHz 20 C mOhm=95","IAC,max 100 Hz 60 C A","16.0","IAC,max 100 Hz 85 C A","11.9","IAC,R 100 Hz 105 C A","6.56","IAC,max 100 Hz 60 C A=16.0; IAC,max 100 Hz 85 C A=11.9; IAC,R 100 Hz 105 C A=6.56","CR Case ESRtyp ESRtyp Zmax IAC,max IAC,max IAC,R Ordering code | 100 Hz dimensions 100 Hz 300 Hz 10 kHz 100 Hz 100 Hz 100 Hz (composition see | 20 C dxl 20 C 60 C 20 C 60 C 85 C 105 C below) | uF mm mOhm mOhm mOhm A A A","65;18;95;16.0;11.9;6.56","1500 51.6 x 105.7 65 18 95 16.0 11.9 6.56 B437*2A5158M6##","parsed",""
"B43742_B43762.pdf","B43742/B43762","450","1500","64.3","80.7","B437*2B5158M6##","ESRtyp 100 Hz 20 C mOhm","65","ESRtyp 300 Hz 60 C mOhm","18","ESRtyp 100 Hz 20 C mOhm=65; ESRtyp 300 Hz 60 C mOhm=18","Zmax 10 kHz 20 C mOhm","95","Zmax 10 kHz 20 C mOhm=95","IAC,max 100 Hz 60 C A","16.3","IAC,max 100 Hz 85 C A","12.1","IAC,R 100 Hz 105 C A","6.68","IAC,max 100 Hz 60 C A=16.3; IAC,max 100 Hz 85 C A=12.1; IAC,R 100 Hz 105 C A=6.68","CR Case ESRtyp ESRtyp Zmax IAC,max IAC,max IAC,R Ordering code | 100 Hz dimensions 100 Hz 300 Hz 10 kHz 100 Hz 100 Hz 100 Hz (composition see | 20 C dxl 20 C 60 C 20 C 60 C 85 C 105 C below) | uF mm mOhm mOhm mOhm A A A","65;18;95;16.3;12.1;6.68","1500 64.3 x 80.7 65 18 95 16.3 12.1 6.68 B437*2B5158M6##","parsed",""
"B43742_B43762.pdf","B43742/B43762","450","1800","51.6","130.7","B437*2A5188M6##","ESRtyp 100 Hz 20 C mOhm","50","ESRtyp 300 Hz 60 C mOhm","15","ESRtyp 100 Hz 20 C mOhm=50; ESRtyp 300 Hz 60 C mOhm=15","Zmax 10 kHz 20 C mOhm","80","Zmax 10 kHz 20 C mOhm=80","IAC,max 100 Hz 60 C A","18.2","IAC,max 100 Hz 85 C A","13.6","IAC,R 100 Hz 105 C A","7.48","IAC,max 100 Hz 60 C A=18.2; IAC,max 100 Hz 85 C A=13.6; IAC,R 100 Hz 105 C A=7.48","CR Case ESRtyp ESRtyp Zmax IAC,max IAC,max IAC,R Ordering code | 100 Hz dimensions 100 Hz 300 Hz 10 kHz 100 Hz 100 Hz 100 Hz (composition see | 20 C dxl 20 C 60 C 20 C 60 C 85 C 105 C below) | uF mm mOhm mOhm mOhm A A A","50;15;80;18.2;13.6;7.48","1800 51.6 x 130.7 50 15 80 18.2 13.6 7.48 B437*2A5188M6##","parsed",""
"B43742_B43762.pdf","B43742/B43762","450","2200","64.3","96.7","B437*2A5228M6##","ESRtyp 100 Hz 20 C mOhm","45","ESRtyp 300 Hz 60 C mOhm","12","ESRtyp 100 Hz 20 C mOhm=45; ESRtyp 300 Hz 60 C mOhm=12","Zmax 10 kHz 20 C mOhm","65","Zmax 10 kHz 20 C mOhm=65","IAC,max 100 Hz 60 C A","20.9","IAC,max 100 Hz 85 C A","15.5","IAC,R 100 Hz 105 C A","8.53","IAC,max 100 Hz 60 C A=20.9; IAC,max 100 Hz 85 C A=15.5; IAC,R 100 Hz 105 C A=8.53","CR Case ESRtyp ESRtyp Zmax IAC,max IAC,max IAC,R Ordering code | 100 Hz dimensions 100 Hz 300 Hz 10 kHz 100 Hz 100 Hz 100 Hz (composition see | 20 C dxl 20 C 60 C 20 C 60 C 85 C 105 C below) | uF mm mOhm mOhm mOhm A A A","45;12;65;20.9;15.5;8.53","2200 64.3 x 96.7 45 12 65 20.9 15.5 8.53 B437*2A5228M6##","parsed",""
"B43742_B43762.pdf","B43742/B43762","450","2700","64.3","118.2","B437*2A5278M6##","ESRtyp 100 Hz 20 C mOhm","36","ESRtyp 300 Hz 60 C mOhm","10","ESRtyp 100 Hz 20 C mOhm=36; ESRtyp 300 Hz 60 C mOhm=10","Zmax 10 kHz 20 C mOhm","55","Zmax 10 kHz 20 C mOhm=55","IAC,max 100 Hz 60 C A","24.0","IAC,max 100 Hz 85 C A","17.8","IAC,R 100 Hz 105 C A","9.80","IAC,max 100 Hz 60 C A=24.0; IAC,max 100 Hz 85 C A=17.8; IAC,R 100 Hz 105 C A=9.80","CR Case ESRtyp ESRtyp Zmax IAC,max IAC,max IAC,R Ordering code | 100 Hz dimensions 100 Hz 300 Hz 10 kHz 100 Hz 100 Hz 100 Hz (composition see | 20 C dxl 20 C 60 C 20 C 60 C 85 C 105 C below) | uF mm mOhm mOhm mOhm A A A","36;10;55;24.0;17.8;9.80","2700 64.3 x 118.2 36 10 55 24.0 17.8 9.80 B437*2A5278M6##","parsed",""
"B43742_B43762.pdf","B43742/B43762","450","2700","76.9","96.7","B437*2B5278M6##","ESRtyp 100 Hz 20 C mOhm","36","ESRtyp 300 Hz 60 C mOhm","10","ESRtyp 100 Hz 20 C mOhm=36; ESRtyp 300 Hz 60 C mOhm=10","Zmax 10 kHz 20 C mOhm","55","Zmax 10 kHz 20 C mOhm=55","IAC,max 100 Hz 60 C A","25.1","IAC,max 100 Hz 85 C A","18.7","IAC,R 100 Hz 105 C A","10.2","IAC,max 100 Hz 60 C A=25.1; IAC,max 100 Hz 85 C A=18.7; IAC,R 100 Hz 105 C A=10.2","CR Case ESRtyp ESRtyp Zmax IAC,max IAC,max IAC,R Ordering code | 100 Hz dimensions 100 Hz 300 Hz 10 kHz 100 Hz 100 Hz 100 Hz (composition see | 20 C dxl 20 C 60 C 20 C 60 C 85 C 105 C below) | uF mm mOhm mOhm mOhm A A A","36;10;55;25.1;18.7;10.2","2700 76.9 x 96.7 36 10 55 25.1 18.7 10.2 B437*2B5278M6##","parsed",""
"B43742_B43762.pdf","B43742/B43762","450","3300","64.3","143.2","B437*2A5338M6##","ESRtyp 100 Hz 20 C mOhm","28","ESRtyp 300 Hz 60 C mOhm","8.5","ESRtyp 100 Hz 20 C mOhm=28; ESRtyp 300 Hz 60 C mOhm=8.5","Zmax 10 kHz 20 C mOhm","45","Zmax 10 kHz 20 C mOhm=45","IAC,max 100 Hz 60 C A","27.6","IAC,max 100 Hz 85 C A","20.5","IAC,R 100 Hz 105 C A","11.2","IAC,max 100 Hz 60 C A=27.6; IAC,max 100 Hz 85 C A=20.5; IAC,R 100 Hz 105 C A=11.2","CR Case ESRtyp ESRtyp Zmax IAC,max IAC,max IAC,R Ordering code | 100 Hz dimensions 100 Hz 300 Hz 10 kHz 100 Hz 100 Hz 100 Hz (composition see | 20 C dxl 20 C 60 C 20 C 60 C 85 C 105 C below) | uF mm mOhm mOhm mOhm A A A","28;8.5;45;27.6;20.5;11.2","3300 64.3 x 143.2 28 8.5 45 27.6 20.5 11.2 B437*2A5338M6##","parsed",""
"B43742_B43762.pdf","B43742/B43762","450","3300","76.9","105.7","B437*2B5338M6##","ESRtyp 100 Hz 20 C mOhm","30","ESRtyp 300 Hz 60 C mOhm","8.8","ESRtyp 100 Hz 20 C mOhm=30; ESRtyp 300 Hz 60 C mOhm=8.8","Zmax 10 kHz 20 C mOhm","45","Zmax 10 kHz 20 C mOhm=45","IAC,max 100 Hz 60 C A","28.4","IAC,max 100 Hz 85 C A","21.1","IAC,R 100 Hz 105 C A","11.6","IAC,max 100 Hz 60 C A=28.4; IAC,max 100 Hz 85 C A=21.1; IAC,R 100 Hz 105 C A=11.6","CR Case ESRtyp ESRtyp Zmax IAC,max IAC,max IAC,R Ordering code | 100 Hz dimensions 100 Hz 300 Hz 10 kHz 100 Hz 100 Hz 100 Hz (composition see | 20 C dxl 20 C 60 C 20 C 60 C 85 C 105 C below) | uF mm mOhm mOhm mOhm A A A","30;8.8;45;28.4;21.1;11.6","3300 76.9 x 105.7 30 8.8 45 28.4 21.1 11.6 B437*2B5338M6##","parsed",""
"B43742_B43762.pdf","B43742/B43762","450","3300","90.0","97.0","B437*2C5338M6##","ESRtyp 100 Hz 20 C mOhm","28","ESRtyp 300 Hz 60 C mOhm","8.5","ESRtyp 100 Hz 20 C mOhm=28; ESRtyp 300 Hz 60 C mOhm=8.5","Zmax 10 kHz 20 C mOhm","45","Zmax 10 kHz 20 C mOhm=45","IAC,max 100 Hz 60 C A","30.8","IAC,max 100 Hz 85 C A","22.9","IAC,R 100 Hz 105 C A","12.5","IAC,max 100 Hz 60 C A=30.8; IAC,max 100 Hz 85 C A=22.9; IAC,R 100 Hz 105 C A=12.5","CR Case ESRtyp ESRtyp Zmax IAC,max IAC,max IAC,R Ordering code | 100 Hz dimensions 100 Hz 300 Hz 10 kHz 100 Hz 100 Hz 100 Hz (composition see | 20 C dxl 20 C 60 C 20 C 60 C 85 C 105 C below) | uF mm mOhm mOhm mOhm A A A","28;8.5;45;30.8;22.9;12.5","3300 90.0 x 97.0 28 8.5 45 30.8 22.9 12.5 B437*2C5338M6##","parsed",""
"B43742_B43762.pdf","B43742/B43762","450","3900","76.9","118.2","B437*2A5398M6##","ESRtyp 100 Hz 20 C mOhm","24","ESRtyp 300 Hz 60 C mOhm","7.5","ESRtyp 100 Hz 20 C mOhm=24; ESRtyp 300 Hz 60 C mOhm=7.5","Zmax 10 kHz 20 C mOhm","38","Zmax 10 kHz 20 C mOhm=38","IAC,max 100 Hz 60 C A","31.6","IAC,max 100 Hz 85 C A","23.5","IAC,R 100 Hz 105 C A","12.9","IAC,max 100 Hz 60 C A=31.6; IAC,max 100 Hz 85 C A=23.5; IAC,R 100 Hz 105 C A=12.9","CR Case ESRtyp ESRtyp Zmax IAC,max IAC,max IAC,R Ordering code | 100 Hz dimensions 100 Hz 300 Hz 10 kHz 100 Hz 100 Hz 100 Hz (composition see | 20 C dxl 20 C 60 C 20 C 60 C 85 C 105 C below) | uF mm mOhm mOhm mOhm A A A","24;7.5;38;31.6;23.5;12.9","3900 76.9 x 118.2 24 7.5 38 31.6 23.5 12.9 B437*2A5398M6##","parsed",""
"B43742_B43762.pdf","B43742/B43762","450","4700","76.9","143.2","B437*2A5478M6##","ESRtyp 100 Hz 20 C mOhm","20","ESRtyp 300 Hz 60 C mOhm","6.2","ESRtyp 100 Hz 20 C mOhm=20; ESRtyp 300 Hz 60 C mOhm=6.2","Zmax 10 kHz 20 C mOhm","32","Zmax 10 kHz 20 C mOhm=32","IAC,max 100 Hz 60 C A","35.6","IAC,max 100 Hz 85 C A","26.5","IAC,R 100 Hz 105 C A","14.5","IAC,max 100 Hz 60 C A=35.6; IAC,max 100 Hz 85 C A=26.5; IAC,R 100 Hz 105 C A=14.5","CR Case ESRtyp ESRtyp Zmax IAC,max IAC,max IAC,R Ordering code | 100 Hz dimensions 100 Hz 300 Hz 10 kHz 100 Hz 100 Hz 100 Hz (composition see | 20 C dxl 20 C 60 C 20 C 60 C 85 C 105 C below) | uF mm mOhm mOhm mOhm A A A","20;6.2;32;35.6;26.5;14.5","4700 76.9 x 143.2 20 6.2 32 35.6 26.5 14.5 B437*2A5478M6##","parsed",""
"B43742_B43762.pdf","B43742/B43762","450","4700","90.0","120.0","B437*2B5478M6##","ESRtyp 100 Hz 20 C mOhm","20","ESRtyp 300 Hz 60 C mOhm","6.1","ESRtyp 100 Hz 20 C mOhm=20; ESRtyp 300 Hz 60 C mOhm=6.1","Zmax 10 kHz 20 C mOhm","32","Zmax 10 kHz 20 C mOhm=32","IAC,max 100 Hz 60 C A","37.9","IAC,max 100 Hz 85 C A","28.2","IAC,R 100 Hz 105 C A","16.0","IAC,max 100 Hz 60 C A=37.9; IAC,max 100 Hz 85 C A=28.2; IAC,R 100 Hz 105 C A=16.0","CR Case ESRtyp ESRtyp Zmax IAC,max IAC,max IAC,R Ordering code | 100 Hz dimensions 100 Hz 300 Hz 10 kHz 100 Hz 100 Hz 100 Hz (composition see | 20 C dxl 20 C 60 C 20 C 60 C 85 C 105 C below) | uF mm mOhm mOhm mOhm A A A","20;6.1;32;37.9;28.2;16.0","4700 90.0 x 120.0 20 6.1 32 37.9 28.2 16.0 B437*2B5478M6##","parsed",""
"B43742_B43762.pdf","B43742/B43762","450","5600","76.9","156.2","B437*2A5568M6##","ESRtyp 100 Hz 20 C mOhm","17","ESRtyp 300 Hz 60 C mOhm","5.4","ESRtyp 100 Hz 20 C mOhm=17; ESRtyp 300 Hz 60 C mOhm=5.4","Zmax 10 kHz 20 C mOhm","28","Zmax 10 kHz 20 C mOhm=28","IAC,max 100 Hz 60 C A","40.2","IAC,max 100 Hz 85 C A","29.9","IAC,R 100 Hz 105 C A","16.4","IAC,max 100 Hz 60 C A=40.2; IAC,max 100 Hz 85 C A=29.9; IAC,R 100 Hz 105 C A=16.4","CR Case ESRtyp ESRtyp Zmax IAC,max IAC,max IAC,R Ordering code | 100 Hz dimensions 100 Hz 300 Hz 10 kHz 100 Hz 100 Hz 100 Hz (composition see | 20 C dxl 20 C 60 C 20 C 60 C 85 C 105 C below) | uF mm mOhm mOhm mOhm A A A","17;5.4;28;40.2;29.9;16.4","5600 76.9 x 156.2 17 5.4 28 40.2 29.9 16.4 B437*2A5568M6##","parsed",""
"B43742_B43762.pdf","B43742/B43762","450","6800","76.9","190.7","B437*2A5688M6##","ESRtyp 100 Hz 20 C mOhm","14","ESRtyp 300 Hz 60 C mOhm","4.5","ESRtyp 100 Hz 20 C mOhm=14; ESRtyp 300 Hz 60 C mOhm=4.5","Zmax 10 kHz 20 C mOhm","22","Zmax 10 kHz 20 C mOhm=22","IAC,max 100 Hz 60 C A","45.9","IAC,max 100 Hz 85 C A","34.2","IAC,R 100 Hz 105 C A","19.4","IAC,max 100 Hz 60 C A=45.9; IAC,max 100 Hz 85 C A=34.2; IAC,R 100 Hz 105 C A=19.4","CR Case ESRtyp ESRtyp Zmax IAC,max IAC,max IAC,R Ordering code | 100 Hz dimensions 100 Hz 300 Hz 10 kHz 100 Hz 100 Hz 100 Hz (composition see | 20 C dxl 20 C 60 C 20 C 60 C 85 C 105 C below) | uF mm mOhm mOhm mOhm A A A","14;4.5;22;45.9;34.2;19.4","6800 76.9 x 190.7 14 4.5 22 45.9 34.2 19.4 B437*2A5688M6##","parsed",""
"B43742_B43762.pdf","B43742/B43762","450","6800","90.0","144.5","B437*2B5688M6##","ESRtyp 100 Hz 20 C mOhm","14","ESRtyp 300 Hz 60 C mOhm","4.0","ESRtyp 100 Hz 20 C mOhm=14; ESRtyp 300 Hz 60 C mOhm=4.0","Zmax 10 kHz 20 C mOhm","22","Zmax 10 kHz 20 C mOhm=22","IAC,max 100 Hz 60 C A","47.8","IAC,max 100 Hz 85 C A","35.6","IAC,R 100 Hz 105 C A","20.2","IAC,max 100 Hz 60 C A=47.8; IAC,max 100 Hz 85 C A=35.6; IAC,R 100 Hz 105 C A=20.2","CR Case ESRtyp ESRtyp Zmax IAC,max IAC,max IAC,R Ordering code | 100 Hz dimensions 100 Hz 300 Hz 10 kHz 100 Hz 100 Hz 100 Hz (composition see | 20 C dxl 20 C 60 C 20 C 60 C 85 C 105 C below) | uF mm mOhm mOhm mOhm A A A","14;4.0;22;47.8;35.6;20.2","6800 90.0 x 144.5 14 4.0 22 47.8 35.6 20.2 B437*2B5688M6##","parsed",""
"B43742_B43762.pdf","B43742/B43762","450","8200","76.9","220.7","B437*2A5828M6##","ESRtyp 100 Hz 20 C mOhm","12","ESRtyp 300 Hz 60 C mOhm","3.8","ESRtyp 100 Hz 20 C mOhm=12; ESRtyp 300 Hz 60 C mOhm=3.8","Zmax 10 kHz 20 C mOhm","19","Zmax 10 kHz 20 C mOhm=19","IAC,max 100 Hz 60 C A","52.5","IAC,max 100 Hz 85 C A","39.1","IAC,R 100 Hz 105 C A","22.2","IAC,max 100 Hz 60 C A=52.5; IAC,max 100 Hz 85 C A=39.1; IAC,R 100 Hz 105 C A=22.2","CR Case ESRtyp ESRtyp Zmax IAC,max IAC,max IAC,R Ordering code | 100 Hz dimensions 100 Hz 300 Hz 10 kHz 100 Hz 100 Hz 100 Hz (composition see | 20 C dxl 20 C 60 C 20 C 60 C 85 C 105 C below) | uF mm mOhm mOhm mOhm A A A","12;3.8;19;52.5;39.1;22.2","8200 76.9 x 220.7 12 3.8 19 52.5 39.1 22.2 B437*2A5828M6##","parsed",""
"B43742_B43762.pdf","B43742/B43762","450","8200","90.0","170.0","B437*2B5828M6##","ESRtyp 100 Hz 20 C mOhm","12","ESRtyp 300 Hz 60 C mOhm","3.8","ESRtyp 100 Hz 20 C mOhm=12; ESRtyp 300 Hz 60 C mOhm=3.8","Zmax 10 kHz 20 C mOhm","19","Zmax 10 kHz 20 C mOhm=19","IAC,max 100 Hz 60 C A","53.9","IAC,max 100 Hz 85 C A","40.1","IAC,R 100 Hz 105 C A","22.8","IAC,max 100 Hz 60 C A=53.9; IAC,max 100 Hz 85 C A=40.1; IAC,R 100 Hz 105 C A=22.8","CR Case ESRtyp ESRtyp Zmax IAC,max IAC,max IAC,R Ordering code | 100 Hz dimensions 100 Hz 300 Hz 10 kHz 100 Hz 100 Hz 100 Hz (composition see | 20 C dxl 20 C 60 C 20 C 60 C 85 C 105 C below) | uF mm mOhm mOhm mOhm A A A","12;3.8;19;53.9;40.1;22.8","8200 90.0 x 170.0 12 3.8 19 53.9 40.1 22.8 B437*2B5828M6##","parsed",""
"B43742_B43762.pdf","B43742/B43762","450","10000","90.0","197.0","B437*2A5109M6##","ESRtyp 100 Hz 20 C mOhm","9.8","ESRtyp 300 Hz 60 C mOhm","3.2","ESRtyp 100 Hz 20 C mOhm=9.8; ESRtyp 300 Hz 60 C mOhm=3.2","Zmax 10 kHz 20 C mOhm","16","Zmax 10 kHz 20 C mOhm=16","IAC,max 100 Hz 60 C A","61.5","IAC,max 100 Hz 85 C A","45.8","IAC,R 100 Hz 105 C A","26.0","IAC,max 100 Hz 60 C A=61.5; IAC,max 100 Hz 85 C A=45.8; IAC,R 100 Hz 105 C A=26.0","CR Case ESRtyp ESRtyp Zmax IAC,max IAC,max IAC,R Ordering code | 100 Hz dimensions 100 Hz 300 Hz 10 kHz 100 Hz 100 Hz 100 Hz (composition see | 20 C dxl 20 C 60 C 20 C 60 C 85 C 105 C below) | uF mm mOhm mOhm mOhm A A A","9.8;3.2;16;61.5;45.8;26.0","10000 90.0 x 197.0 9.8 3.2 16 61.5 45.8 26.0 B437*2A5109M6##","parsed",""
"B43742_B43762.pdf","B43742/B43762","500","820","51.6","80.7","B437*2A6827M6##","ESRtyp 100 Hz 20 C mOhm","95","ESRtyp 300 Hz 60 C mOhm","28","ESRtyp 100 Hz 20 C mOhm=95; ESRtyp 300 Hz 60 C mOhm=28","Zmax 10 kHz 20 C mOhm","140","Zmax 10 kHz 20 C mOhm=140","IAC,max 100 Hz 60 C A","9.71","IAC,max 100 Hz 85 C A","8.23","IAC,R 100 Hz 105 C A","4.32","IAC,max 100 Hz 60 C A=9.71; IAC,max 100 Hz 85 C A=8.23; IAC,R 100 Hz 105 C A=4.32","CR Case ESRtyp ESRtyp Zmax IAC,max IAC,max IAC,R Ordering code | 100 Hz dimensions 100 Hz 300 Hz 10 kHz 100 Hz 100 Hz 100 Hz (composition see | 20 C dxl 20 C 60 C 20 C 60 C 85 C 105 C below) | uF mm mOhm mOhm mOhm A A A","95;28;140;9.71;8.23;4.32","820 51.6 x 80.7 95 28 140 9.71 8.23 4.32 B437*2A6827M6##","parsed",""
"B43742_B43762.pdf","B43742/B43762","500","1000","51.6","96.7","B437*2A6108M6##","ESRtyp 100 Hz 20 C mOhm","80","ESRtyp 300 Hz 60 C mOhm","24","ESRtyp 100 Hz 20 C mOhm=80; ESRtyp 300 Hz 60 C mOhm=24","Zmax 10 kHz 20 C mOhm","110","Zmax 10 kHz 20 C mOhm=110","IAC,max 100 Hz 60 C A","11.8","IAC,max 100 Hz 85 C A","9.40","IAC,R 100 Hz 105 C A","4.94","IAC,max 100 Hz 60 C A=11.8; IAC,max 100 Hz 85 C A=9.40; IAC,R 100 Hz 105 C A=4.94","CR Case ESRtyp ESRtyp Zmax IAC,max IAC,max IAC,R Ordering code | 100 Hz dimensions 100 Hz 300 Hz 10 kHz 100 Hz 100 Hz 100 Hz (composition see | 20 C dxl 20 C 60 C 20 C 60 C 85 C 105 C below) | uF mm mOhm mOhm mOhm A A A","80;24;110;11.8;9.40;4.94","1000 51.6 x 96.7 80 24 110 11.8 9.40 4.94 B437*2A6108M6##","parsed",""
"B43742_B43762.pdf","B43742/B43762","500","1200","51.6","105.7","B437*2A6128M6##","ESRtyp 100 Hz 20 C mOhm","65","ESRtyp 300 Hz 60 C mOhm","19","ESRtyp 100 Hz 20 C mOhm=65; ESRtyp 300 Hz 60 C mOhm=19","Zmax 10 kHz 20 C mOhm","95","Zmax 10 kHz 20 C mOhm=95","IAC,max 100 Hz 60 C A","14.2","IAC,max 100 Hz 85 C A","10.6","IAC,R 100 Hz 105 C A","5.61","IAC,max 100 Hz 60 C A=14.2; IAC,max 100 Hz 85 C A=10.6; IAC,R 100 Hz 105 C A=5.61","CR Case ESRtyp ESRtyp Zmax IAC,max IAC,max IAC,R Ordering code | 100 Hz dimensions 100 Hz 300 Hz 10 kHz 100 Hz 100 Hz 100 Hz (composition see | 20 C dxl 20 C 60 C 20 C 60 C 85 C 105 C below) | uF mm mOhm mOhm mOhm A A A","65;19;95;14.2;10.6;5.61","1200 51.6 x 105.7 65 19 95 14.2 10.6 5.61 B437*2A6128M6##","parsed",""
"B43742_B43762.pdf","B43742/B43762","500","1200","64.3","80.7","B437*2B6128M6##","ESRtyp 100 Hz 20 C mOhm","65","ESRtyp 300 Hz 60 C mOhm","20","ESRtyp 100 Hz 20 C mOhm=65; ESRtyp 300 Hz 60 C mOhm=20","Zmax 10 kHz 20 C mOhm","95","Zmax 10 kHz 20 C mOhm=95","IAC,max 100 Hz 60 C A","13.1","IAC,max 100 Hz 85 C A","10.8","IAC,R 100 Hz 105 C A","5.71","IAC,max 100 Hz 60 C A=13.1; IAC,max 100 Hz 85 C A=10.8; IAC,R 100 Hz 105 C A=5.71","CR Case ESRtyp ESRtyp Zmax IAC,max IAC,max IAC,R Ordering code | 100 Hz dimensions 100 Hz 300 Hz 10 kHz 100 Hz 100 Hz 100 Hz (composition see | 20 C dxl 20 C 60 C 20 C 60 C 85 C 105 C below) | uF mm mOhm mOhm mOhm A A A","65;20;95;13.1;10.8;5.71","1200 64.3 x 80.7 65 20 95 13.1 10.8 5.71 B437*2B6128M6##","parsed",""
"B43742_B43762.pdf","B43742/B43762","500","1500","51.6","130.7","B437*2A6158M6##","ESRtyp 100 Hz 20 C mOhm","55","ESRtyp 300 Hz 60 C mOhm","16","ESRtyp 100 Hz 20 C mOhm=55; ESRtyp 300 Hz 60 C mOhm=16","Zmax 10 kHz 20 C mOhm","75","Zmax 10 kHz 20 C mOhm=75","IAC,max 100 Hz 60 C A","16.8","IAC,max 100 Hz 85 C A","12.5","IAC,R 100 Hz 105 C A","6.60","IAC,max 100 Hz 60 C A=16.8; IAC,max 100 Hz 85 C A=12.5; IAC,R 100 Hz 105 C A=6.60","CR Case ESRtyp ESRtyp Zmax IAC,max IAC,max IAC,R Ordering code | 100 Hz dimensions 100 Hz 300 Hz 10 kHz 100 Hz 100 Hz 100 Hz (composition see | 20 C dxl 20 C 60 C 20 C 60 C 85 C 105 C below) | uF mm mOhm mOhm mOhm A A A","55;16;75;16.8;12.5;6.60","1500 51.6 x 130.7 55 16 75 16.8 12.5 6.60 B437*2A6158M6##","parsed",""
"B43742_B43762.pdf","B43742/B43762","500","1500","64.3","96.7","B437*2B6158M6##","ESRtyp 100 Hz 20 C mOhm","55","ESRtyp 300 Hz 60 C mOhm","16","ESRtyp 100 Hz 20 C mOhm=55; ESRtyp 300 Hz 60 C mOhm=16","Zmax 10 kHz 20 C mOhm","75","Zmax 10 kHz 20 C mOhm=75","IAC,max 100 Hz 60 C A","16.4","IAC,max 100 Hz 85 C A","12.5","IAC,R 100 Hz 105 C A","6.59","IAC,max 100 Hz 60 C A=16.4; IAC,max 100 Hz 85 C A=12.5; IAC,R 100 Hz 105 C A=6.59","CR Case ESRtyp ESRtyp Zmax IAC,max IAC,max IAC,R Ordering code | 100 Hz dimensions 100 Hz 300 Hz 10 kHz 100 Hz 100 Hz 100 Hz (composition see | 20 C dxl 20 C 60 C 20 C 60 C 85 C 105 C below) | uF mm mOhm mOhm mOhm A A A","55;16;75;16.4;12.5;6.59","1500 64.3 x 96.7 55 16 75 16.4 12.5 6.59 B437*2B6158M6##","parsed",""
"B43742_B43762.pdf","B43742/B43762","500","1800","64.3","105.7","B437*2A6188M6##","ESRtyp 100 Hz 20 C mOhm","45","ESRtyp 300 Hz 60 C mOhm","13","ESRtyp 100 Hz 20 C mOhm=45; ESRtyp 300 Hz 60 C mOhm=13","Zmax 10 kHz 20 C mOhm","65","Zmax 10 kHz 20 C mOhm=65","IAC,max 100 Hz 60 C A","19.0","IAC,max 100 Hz 85 C A","14.1","IAC,R 100 Hz 105 C A","7.44","IAC,max 100 Hz 60 C A=19.0; IAC,max 100 Hz 85 C A=14.1; IAC,R 100 Hz 105 C A=7.44","CR Case ESRtyp ESRtyp Zmax IAC,max IAC,max IAC,R Ordering code | 100 Hz dimensions 100 Hz 300 Hz 10 kHz 100 Hz 100 Hz 100 Hz (composition see | 20 C dxl 20 C 60 C 20 C 60 C 85 C 105 C below) | uF mm mOhm mOhm mOhm A A A","45;13;65;19.0;14.1;7.44","1800 64.3 x 105.7 45 13 65 19.0 14.1 7.44 B437*2A6188M6##","parsed",""
"B43742_B43762.pdf","B43742/B43762","500","2200","64.3","118.2","B437*2A6228M6##","ESRtyp 100 Hz 20 C mOhm","36","ESRtyp 300 Hz 60 C mOhm","11","ESRtyp 100 Hz 20 C mOhm=36; ESRtyp 300 Hz 60 C mOhm=11","Zmax 10 kHz 20 C mOhm","55","Zmax 10 kHz 20 C mOhm=55","IAC,max 100 Hz 60 C A","21.8","IAC,max 100 Hz 85 C A","16.2","IAC,R 100 Hz 105 C A","8.52","IAC,max 100 Hz 60 C A=21.8; IAC,max 100 Hz 85 C A=16.2; IAC,R 100 Hz 105 C A=8.52","CR Case ESRtyp ESRtyp Zmax IAC,max IAC,max IAC,R Ordering code | 100 Hz dimensions 100 Hz 300 Hz 10 kHz 100 Hz 100 Hz 100 Hz (composition see | 20 C dxl 20 C 60 C 20 C 60 C 85 C 105 C below) | uF mm mOhm mOhm mOhm A A A","36;11;55;21.8;16.2;8.52","2200 64.3 x 118.2 36 11 55 21.8 16.2 8.52 B437*2A6228M6##","parsed",""
"B43742_B43762.pdf","B43742/B43762","500","2200","76.9","96.7","B437*2B6228M6##","ESRtyp 100 Hz 20 C mOhm","36","ESRtyp 300 Hz 60 C mOhm","11","ESRtyp 100 Hz 20 C mOhm=36; ESRtyp 300 Hz 60 C mOhm=11","Zmax 10 kHz 20 C mOhm","55","Zmax 10 kHz 20 C mOhm=55","IAC,max 100 Hz 60 C A","22.7","IAC,max 100 Hz 85 C A","16.9","IAC,R 100 Hz 105 C A","8.89","IAC,max 100 Hz 60 C A=22.7; IAC,max 100 Hz 85 C A=16.9; IAC,R 100 Hz 105 C A=8.89","CR Case ESRtyp ESRtyp Zmax IAC,max IAC,max IAC,R Ordering code | 100 Hz dimensions 100 Hz 300 Hz 10 kHz 100 Hz 100 Hz 100 Hz (composition see | 20 C dxl 20 C 60 C 20 C 60 C 85 C 105 C below) | uF mm mOhm mOhm mOhm A A A","36;11;55;22.7;16.9;8.89","2200 76.9 x 96.7 36 11 55 22.7 16.9 8.89 B437*2B6228M6##","parsed",""
"B43742_B43762.pdf","B43742/B43762","500","2700","64.3","143.2","B437*2A6278M6##","ESRtyp 100 Hz 20 C mOhm","30","ESRtyp 300 Hz 60 C mOhm","9.1","ESRtyp 100 Hz 20 C mOhm=30; ESRtyp 300 Hz 60 C mOhm=9.1","Zmax 10 kHz 20 C mOhm","45","Zmax 10 kHz 20 C mOhm=45","IAC,max 100 Hz 60 C A","25.1","IAC,max 100 Hz 85 C A","18.7","IAC,R 100 Hz 105 C A","9.84","IAC,max 100 Hz 60 C A=25.1; IAC,max 100 Hz 85 C A=18.7; IAC,R 100 Hz 105 C A=9.84","CR Case ESRtyp ESRtyp Zmax IAC,max IAC,max IAC,R Ordering code | 100 Hz dimensions 100 Hz 300 Hz 10 kHz 100 Hz 100 Hz 100 Hz (composition see | 20 C dxl 20 C 60 C 20 C 60 C 85 C 105 C below) | uF mm mOhm mOhm mOhm A A A","30;9.1;45;25.1;18.7;9.84","2700 64.3 x 143.2 30 9.1 45 25.1 18.7 9.84 B437*2A6278M6##","parsed",""
"B43742_B43762.pdf","B43742/B43762","500","2700","76.9","118.2","B437*2B6278M6##","ESRtyp 100 Hz 20 C mOhm","30","ESRtyp 300 Hz 60 C mOhm","9.1","ESRtyp 100 Hz 20 C mOhm=30; ESRtyp 300 Hz 60 C mOhm=9.1","Zmax 10 kHz 20 C mOhm","45","Zmax 10 kHz 20 C mOhm=45","IAC,max 100 Hz 60 C A","25.8","IAC,max 100 Hz 85 C A","19.2","IAC,R 100 Hz 105 C A","10.1","IAC,max 100 Hz 60 C A=25.8; IAC,max 100 Hz 85 C A=19.2; IAC,R 100 Hz 105 C A=10.1","CR Case ESRtyp ESRtyp Zmax IAC,max IAC,max IAC,R Ordering code | 100 Hz dimensions 100 Hz 300 Hz 10 kHz 100 Hz 100 Hz 100 Hz (composition see | 20 C dxl 20 C 60 C 20 C 60 C 85 C 105 C below) | uF mm mOhm mOhm mOhm A A A","30;9.1;45;25.8;19.2;10.1","2700 76.9 x 118.2 30 9.1 45 25.8 19.2 10.1 B437*2B6278M6##","parsed",""
"B43742_B43762.pdf","B43742/B43762","500","2700","90.0","97.0","B437*2C6278M6##","ESRtyp 100 Hz 20 C mOhm","30","ESRtyp 300 Hz 60 C mOhm","9.1","ESRtyp 100 Hz 20 C mOhm=30; ESRtyp 300 Hz 60 C mOhm=9.1","Zmax 10 kHz 20 C mOhm","45","Zmax 10 kHz 20 C mOhm=45","IAC,max 100 Hz 60 C A","27.9","IAC,max 100 Hz 85 C A","20.7","IAC,R 100 Hz 105 C A","10.9","IAC,max 100 Hz 60 C A=27.9; IAC,max 100 Hz 85 C A=20.7; IAC,R 100 Hz 105 C A=10.9","CR Case ESRtyp ESRtyp Zmax IAC,max IAC,max IAC,R Ordering code | 100 Hz dimensions 100 Hz 300 Hz 10 kHz 100 Hz 100 Hz 100 Hz (composition see | 20 C dxl 20 C 60 C 20 C 60 C 85 C 105 C below) | uF mm mOhm mOhm mOhm A A A","30;9.1;45;27.9;20.7;10.9","2700 90.0 x 97.0 30 9.1 45 27.9 20.7 10.9 B437*2C6278M6##","parsed",""
"B43742_B43762.pdf","B43742/B43762","500","3300","76.9","130.7","B437*2A6338M6##","ESRtyp 100 Hz 20 C mOhm","24","ESRtyp 300 Hz 60 C mOhm","7.6","ESRtyp 100 Hz 20 C mOhm=24; ESRtyp 300 Hz 60 C mOhm=7.6","Zmax 10 kHz 20 C mOhm","36","Zmax 10 kHz 20 C mOhm=36","IAC,max 100 Hz 60 C A","29.4","IAC,max 100 Hz 85 C A","21.9","IAC,R 100 Hz 105 C A","11.5","IAC,max 100 Hz 60 C A=29.4; IAC,max 100 Hz 85 C A=21.9; IAC,R 100 Hz 105 C A=11.5","CR Case ESRtyp ESRtyp Zmax IAC,max IAC,max IAC,R Ordering code | 100 Hz dimensions 100 Hz 300 Hz 10 kHz 100 Hz 100 Hz 100 Hz (composition see | 20 C dxl 20 C 60 C 20 C 60 C 85 C 105 C below) | uF mm mOhm mOhm mOhm A A A","24;7.6;36;29.4;21.9;11.5","3300 76.9 x 130.7 24 7.6 36 29.4 21.9 11.5 B437*2A6338M6##","parsed",""
"B43742_B43762.pdf","B43742/B43762","500","3900","76.9","143.2","B437*2A6398M6##","ESRtyp 100 Hz 20 C mOhm","20","ESRtyp 300 Hz 60 C mOhm","6.6","ESRtyp 100 Hz 20 C mOhm=20; ESRtyp 300 Hz 60 C mOhm=6.6","Zmax 10 kHz 20 C mOhm","30","Zmax 10 kHz 20 C mOhm=30","IAC,max 100 Hz 60 C A","32.9","IAC,max 100 Hz 85 C A","24.4","IAC,R 100 Hz 105 C A","12.8","IAC,max 100 Hz 60 C A=32.9; IAC,max 100 Hz 85 C A=24.4; IAC,R 100 Hz 105 C A=12.8","CR Case ESRtyp ESRtyp Zmax IAC,max IAC,max IAC,R Ordering code | 100 Hz dimensions 100 Hz 300 Hz 10 kHz 100 Hz 100 Hz 100 Hz (composition see | 20 C dxl 20 C 60 C 20 C 60 C 85 C 105 C below) | uF mm mOhm mOhm mOhm A A A","20;6.6;30;32.9;24.4;12.8","3900 76.9 x 143.2 20 6.6 30 32.9 24.4 12.8 B437*2A6398M6##","parsed",""
"B43742_B43762.pdf","B43742/B43762","500","3900","90.0","120.0","B437*2B6398M6##","ESRtyp 100 Hz 20 C mOhm","20","ESRtyp 300 Hz 60 C mOhm","6.5","ESRtyp 100 Hz 20 C mOhm=20; ESRtyp 300 Hz 60 C mOhm=6.5","Zmax 10 kHz 20 C mOhm","30","Zmax 10 kHz 20 C mOhm=30","IAC,max 100 Hz 60 C A","34.9","IAC,max 100 Hz 85 C A","25.9","IAC,R 100 Hz 105 C A","14.1","IAC,max 100 Hz 60 C A=34.9; IAC,max 100 Hz 85 C A=25.9; IAC,R 100 Hz 105 C A=14.1","CR Case ESRtyp ESRtyp Zmax IAC,max IAC,max IAC,R Ordering code | 100 Hz dimensions 100 Hz 300 Hz 10 kHz 100 Hz 100 Hz 100 Hz (composition see | 20 C dxl 20 C 60 C 20 C 60 C 85 C 105 C below) | uF mm mOhm mOhm mOhm A A A","20;6.5;30;34.9;25.9;14.1","3900 90.0 x 120.0 20 6.5 30 34.9 25.9 14.1 B437*2B6398M6##","parsed",""
"B43742_B43762.pdf","B43742/B43762","500","4700","76.9","168.7","B437*2A6478M6##","ESRtyp 100 Hz 20 C mOhm","17","ESRtyp 300 Hz 60 C mOhm","5.5","ESRtyp 100 Hz 20 C mOhm=17; ESRtyp 300 Hz 60 C mOhm=5.5","Zmax 10 kHz 20 C mOhm","26","Zmax 10 kHz 20 C mOhm=26","IAC,max 100 Hz 60 C A","37.3","IAC,max 100 Hz 85 C A","27.8","IAC,R 100 Hz 105 C A","15.1","IAC,max 100 Hz 60 C A=37.3; IAC,max 100 Hz 85 C A=27.8; IAC,R 100 Hz 105 C A=15.1","CR Case ESRtyp ESRtyp Zmax IAC,max IAC,max IAC,R Ordering code | 100 Hz dimensions 100 Hz 300 Hz 10 kHz 100 Hz 100 Hz 100 Hz (composition see | 20 C dxl 20 C 60 C 20 C 60 C 85 C 105 C below) | uF mm mOhm mOhm mOhm A A A","17;5.5;26;37.3;27.8;15.1","4700 76.9 x 168.7 17 5.5 26 37.3 27.8 15.1 B437*2A6478M6##","parsed",""
"B43742_B43762.pdf","B43742/B43762","500","4700","90.0","144.5","B437*2B6478M6##","ESRtyp 100 Hz 20 C mOhm","17","ESRtyp 300 Hz 60 C mOhm","5.4","ESRtyp 100 Hz 20 C mOhm=17; ESRtyp 300 Hz 60 C mOhm=5.4","Zmax 10 kHz 20 C mOhm","24","Zmax 10 kHz 20 C mOhm=24","IAC,max 100 Hz 60 C A","38.9","IAC,max 100 Hz 85 C A","29.0","IAC,R 100 Hz 105 C A","15.8","IAC,max 100 Hz 60 C A=38.9; IAC,max 100 Hz 85 C A=29.0; IAC,R 100 Hz 105 C A=15.8","CR Case ESRtyp ESRtyp Zmax IAC,max IAC,max IAC,R Ordering code | 100 Hz dimensions 100 Hz 300 Hz 10 kHz 100 Hz 100 Hz 100 Hz (composition see | 20 C dxl 20 C 60 C 20 C 60 C 85 C 105 C below) | uF mm mOhm mOhm mOhm A A A","17;5.4;24;38.9;29.0;15.8","4700 90.0 x 144.5 17 5.4 24 38.9 29.0 15.8 B437*2B6478M6##","parsed",""
"B43742_B43762.pdf","B43742/B43762","500","5600","76.9","190.7","B437*2A6568M6##","ESRtyp 100 Hz 20 C mOhm","15","ESRtyp 300 Hz 60 C mOhm","4.7","ESRtyp 100 Hz 20 C mOhm=15; ESRtyp 300 Hz 60 C mOhm=4.7","Zmax 10 kHz 20 C mOhm","22","Zmax 10 kHz 20 C mOhm=22","IAC,max 100 Hz 60 C A","42.3","IAC,max 100 Hz 85 C A","31.4","IAC,R 100 Hz 105 C A","17.1","IAC,max 100 Hz 60 C A=42.3; IAC,max 100 Hz 85 C A=31.4; IAC,R 100 Hz 105 C A=17.1","CR Case ESRtyp ESRtyp Zmax IAC,max IAC,max IAC,R Ordering code | 100 Hz dimensions 100 Hz 300 Hz 10 kHz 100 Hz 100 Hz 100 Hz (composition see | 20 C dxl 20 C 60 C 20 C 60 C 85 C 105 C below) | uF mm mOhm mOhm mOhm A A A","15;4.7;22;42.3;31.4;17.1","5600 76.9 x 190.7 15 4.7 22 42.3 31.4 17.1 B437*2A6568M6##","parsed",""
"B43742_B43762.pdf","B43742/B43762","500","5600","90.0","170.0","B437*2B6568M6##","ESRtyp 100 Hz 20 C mOhm","14","ESRtyp 300 Hz 60 C mOhm","4.5","ESRtyp 100 Hz 20 C mOhm=14; ESRtyp 300 Hz 60 C mOhm=4.5","Zmax 10 kHz 20 C mOhm","22","Zmax 10 kHz 20 C mOhm=22","IAC,max 100 Hz 60 C A","43.3","IAC,max 100 Hz 85 C A","32.8","IAC,R 100 Hz 105 C A","17.6","IAC,max 100 Hz 60 C A=43.3; IAC,max 100 Hz 85 C A=32.8; IAC,R 100 Hz 105 C A=17.6","CR Case ESRtyp ESRtyp Zmax IAC,max IAC,max IAC,R Ordering code | 100 Hz dimensions 100 Hz 300 Hz 10 kHz 100 Hz 100 Hz 100 Hz (composition see | 20 C dxl 20 C 60 C 20 C 60 C 85 C 105 C below) | uF mm mOhm mOhm mOhm A A A","14;4.5;22;43.3;32.8;17.6","5600 90.0 x 170.0 14 4.5 22 43.3 32.8 17.6 B437*2B6568M6##","parsed",""
"B43742_B43762.pdf","B43742/B43762","500","6800","76.9","220.7","B437*2A6688M6##","ESRtyp 100 Hz 20 C mOhm","12","ESRtyp 300 Hz 60 C mOhm","4.0","ESRtyp 100 Hz 20 C mOhm=12; ESRtyp 300 Hz 60 C mOhm=4.0","Zmax 10 kHz 20 C mOhm","18","Zmax 10 kHz 20 C mOhm=18","IAC,max 100 Hz 60 C A","48.8","IAC,max 100 Hz 85 C A","36.3","IAC,R 100 Hz 105 C A","19.7","IAC,max 100 Hz 60 C A=48.8; IAC,max 100 Hz 85 C A=36.3; IAC,R 100 Hz 105 C A=19.7","CR Case ESRtyp ESRtyp Zmax IAC,max IAC,max IAC,R Ordering code | 100 Hz dimensions 100 Hz 300 Hz 10 kHz 100 Hz 100 Hz 100 Hz (composition see | 20 C dxl 20 C 60 C 20 C 60 C 85 C 105 C below) | uF mm mOhm mOhm mOhm A A A","12;4.0;18;48.8;36.3;19.7","6800 76.9 x 220.7 12 4.0 18 48.8 36.3 19.7 B437*2A6688M6##","parsed",""
"B43742_B43762.pdf","B43742/B43762","500","6800","90.0","191.0","B437*2B6688M6##","ESRtyp 100 Hz 20 C mOhm","12","ESRtyp 300 Hz 60 C mOhm","3.8","ESRtyp 100 Hz 20 C mOhm=12; ESRtyp 300 Hz 60 C mOhm=3.8","Zmax 10 kHz 20 C mOhm","18","Zmax 10 kHz 20 C mOhm=18","IAC,max 100 Hz 60 C A","49.3","IAC,max 100 Hz 85 C A","36.7","IAC,R 100 Hz 105 C A","20.0","IAC,max 100 Hz 60 C A=49.3; IAC,max 100 Hz 85 C A=36.7; IAC,R 100 Hz 105 C A=20.0","CR Case ESRtyp ESRtyp Zmax IAC,max IAC,max IAC,R Ordering code | 100 Hz dimensions 100 Hz 300 Hz 10 kHz 100 Hz 100 Hz 100 Hz (composition see | 20 C dxl 20 C 60 C 20 C 60 C 85 C 105 C below) | uF mm mOhm mOhm mOhm A A A","12;3.8;18;49.3;36.7;20.0","6800 90.0 x 191.0 12 3.8 18 49.3 36.7 20.0 B437*2B6688M6##","parsed",""
"B43742_B43762.pdf","B43742/B43762","500","8200","90.0","221.0","B437*2A6828M6##","ESRtyp 100 Hz 20 C mOhm","10","ESRtyp 300 Hz 60 C mOhm","3.3","ESRtyp 100 Hz 20 C mOhm=10; ESRtyp 300 Hz 60 C mOhm=3.3","Zmax 10 kHz 20 C mOhm","15","Zmax 10 kHz 20 C mOhm=15","IAC,max 100 Hz 60 C A","55.9","IAC,max 100 Hz 85 C A","41.7","IAC,R 100 Hz 105 C A","22.7","IAC,max 100 Hz 60 C A=55.9; IAC,max 100 Hz 85 C A=41.7; IAC,R 100 Hz 105 C A=22.7","CR Case ESRtyp ESRtyp Zmax IAC,max IAC,max IAC,R Ordering code | 100 Hz dimensions 100 Hz 300 Hz 10 kHz 100 Hz 100 Hz 100 Hz (composition see | 20 C dxl 20 C 60 C 20 C 60 C 85 C 105 C below) | uF mm mOhm mOhm mOhm A A A","10;3.3;15;55.9;41.7;22.7","8200 90.0 x 221.0 10 3.3 15 55.9 41.7 22.7 B437*2A6828M6##","parsed",""
"B43743_B43763.pdf","B43743/B43763","350","2700","64.3","80.7","B437*3B4278M6##","ESRtyp 100 Hz 20 C mOhm","36","ESRtyp 300 Hz 60 C mOhm","9.7","ESRtyp 100 Hz 20 C mOhm=36; ESRtyp 300 Hz 60 C mOhm=9.7","Zmax 10 kHz 20 C mOhm","55","Zmax 10 kHz 20 C mOhm=55","IAC,max 100 Hz 60 C A","31.8","IAC,max 100 Hz 85 C A","18.7","IAC,R 100 Hz 105 C A","12.2","IAC,max 100 Hz 60 C A=31.8; IAC,max 100 Hz 85 C A=18.7; IAC,R 100 Hz 105 C A=12.2","CR Case ESRtyp ESRtyp Zmax IAC,max IAC,max IAC,R Ordering code | 100 Hz dimensions 100 Hz 300 Hz 10 kHz 300 Hz 100 Hz 100 Hz (composition see | 20 C dxl 20 C 60 C 20 C 60 C 85 C 105 C below) | uF mm mOhm mOhm mOhm A A A","36;9.7;55;31.8;18.7;12.2","2700 64.3 x 80.7 36 9.7 55 31.8 18.7 12.2 B437*3B4278M6##","parsed",""
"B43743_B43763.pdf","B43743/B43763","350","3300","64.3","96.7","B437*3B4338M6##","ESRtyp 100 Hz 20 C mOhm","28","ESRtyp 300 Hz 60 C mOhm","8.0","ESRtyp 100 Hz 20 C mOhm=28; ESRtyp 300 Hz 60 C mOhm=8.0","Zmax 10 kHz 20 C mOhm","45","Zmax 10 kHz 20 C mOhm=45","IAC,max 100 Hz 60 C A","36.2","IAC,max 100 Hz 85 C A","21.4","IAC,R 100 Hz 105 C A","13.9","IAC,max 100 Hz 60 C A=36.2; IAC,max 100 Hz 85 C A=21.4; IAC,R 100 Hz 105 C A=13.9","CR Case ESRtyp ESRtyp Zmax IAC,max IAC,max IAC,R Ordering code | 100 Hz dimensions 100 Hz 300 Hz 10 kHz 300 Hz 100 Hz 100 Hz (composition see | 20 C dxl 20 C 60 C 20 C 60 C 85 C 105 C below) | uF mm mOhm mOhm mOhm A A A","28;8.0;45;36.2;21.4;13.9","3300 64.3 x 96.7 28 8.0 45 36.2 21.4 13.9 B437*3B4338M6##","parsed",""
"B43743_B43763.pdf","B43743/B43763","350","3900","64.3","105.7","B437*3A4398M6##","ESRtyp 100 Hz 20 C mOhm","24","ESRtyp 300 Hz 60 C mOhm","6.9","ESRtyp 100 Hz 20 C mOhm=24; ESRtyp 300 Hz 60 C mOhm=6.9","Zmax 10 kHz 20 C mOhm","38","Zmax 10 kHz 20 C mOhm=38","IAC,max 100 Hz 60 C A","40.1","IAC,max 100 Hz 85 C A","23.9","IAC,R 100 Hz 105 C A","15.5","IAC,max 100 Hz 60 C A=40.1; IAC,max 100 Hz 85 C A=23.9; IAC,R 100 Hz 105 C A=15.5","CR Case ESRtyp ESRtyp Zmax IAC,max IAC,max IAC,R Ordering code | 100 Hz dimensions 100 Hz 300 Hz 10 kHz 300 Hz 100 Hz 100 Hz (composition see | 20 C dxl 20 C 60 C 20 C 60 C 85 C 105 C below) | uF mm mOhm mOhm mOhm A A A","24;6.9;38;40.1;23.9;15.5","3900 64.3 x 105.7 24 6.9 38 40.1 23.9 15.5 B437*3A4398M6##","parsed",""
"B43743_B43763.pdf","B43743/B43763","350","4700","64.3","118.2","B437*3A4478M6##","ESRtyp 100 Hz 20 C mOhm","20","ESRtyp 300 Hz 60 C mOhm","5.8","ESRtyp 100 Hz 20 C mOhm=20; ESRtyp 300 Hz 60 C mOhm=5.8","Zmax 10 kHz 20 C mOhm","32","Zmax 10 kHz 20 C mOhm=32","IAC,max 100 Hz 60 C A","45.2","IAC,max 100 Hz 85 C A","27.1","IAC,R 100 Hz 105 C A","17.6","IAC,max 100 Hz 60 C A=45.2; IAC,max 100 Hz 85 C A=27.1; IAC,R 100 Hz 105 C A=17.6","CR Case ESRtyp ESRtyp Zmax IAC,max IAC,max IAC,R Ordering code | 100 Hz dimensions 100 Hz 300 Hz 10 kHz 300 Hz 100 Hz 100 Hz (composition see | 20 C dxl 20 C 60 C 20 C 60 C 85 C 105 C below) | uF mm mOhm mOhm mOhm A A A","20;5.8;32;45.2;27.1;17.6","4700 64.3 x 118.2 20 5.8 32 45.2 27.1 17.6 B437*3A4478M6##","parsed",""
"B43743_B43763.pdf","B43743/B43763","350","4700","76.9","96.7","B437*3B4478M6##","ESRtyp 100 Hz 20 C mOhm","20","ESRtyp 300 Hz 60 C mOhm","5.5","ESRtyp 100 Hz 20 C mOhm=20; ESRtyp 300 Hz 60 C mOhm=5.5","Zmax 10 kHz 20 C mOhm","32","Zmax 10 kHz 20 C mOhm=32","IAC,max 100 Hz 60 C A","50.0","IAC,max 100 Hz 85 C A","29.3","IAC,R 100 Hz 105 C A","19.0","IAC,max 100 Hz 60 C A=50.0; IAC,max 100 Hz 85 C A=29.3; IAC,R 100 Hz 105 C A=19.0","CR Case ESRtyp ESRtyp Zmax IAC,max IAC,max IAC,R Ordering code | 100 Hz dimensions 100 Hz 300 Hz 10 kHz 300 Hz 100 Hz 100 Hz (composition see | 20 C dxl 20 C 60 C 20 C 60 C 85 C 105 C below) | uF mm mOhm mOhm mOhm A A A","20;5.5;32;50.0;29.3;19.0","4700 76.9 x 96.7 20 5.5 32 50.0 29.3 19.0 B437*3B4478M6##","parsed",""
"B43743_B43763.pdf","B43743/B43763","350","5600","64.3","143.2","B437*3A4568M6##","ESRtyp 100 Hz 20 C mOhm","17","ESRtyp 300 Hz 60 C mOhm","4.9","ESRtyp 100 Hz 20 C mOhm=17; ESRtyp 300 Hz 60 C mOhm=4.9","Zmax 10 kHz 20 C mOhm","28","Zmax 10 kHz 20 C mOhm=28","IAC,max 100 Hz 60 C A","50.9","IAC,max 100 Hz 85 C A","30.7","IAC,R 100 Hz 105 C A","19.9","IAC,max 100 Hz 60 C A=50.9; IAC,max 100 Hz 85 C A=30.7; IAC,R 100 Hz 105 C A=19.9","CR Case ESRtyp ESRtyp Zmax IAC,max IAC,max IAC,R Ordering code | 100 Hz dimensions 100 Hz 300 Hz 10 kHz 300 Hz 100 Hz 100 Hz (composition see | 20 C dxl 20 C 60 C 20 C 60 C 85 C 105 C below) | uF mm mOhm mOhm mOhm A A A","17;4.9;28;50.9;30.7;19.9","5600 64.3 x 143.2 17 4.9 28 50.9 30.7 19.9 B437*3A4568M6##","parsed",""
"B43743_B43763.pdf","B43743/B43763","350","5600","76.9","118.2","B437*3B4568M6##","ESRtyp 100 Hz 20 C mOhm","17","ESRtyp 300 Hz 60 C mOhm","4.6","ESRtyp 100 Hz 20 C mOhm=17; ESRtyp 300 Hz 60 C mOhm=4.6","Zmax 10 kHz 20 C mOhm","26","Zmax 10 kHz 20 C mOhm=26","IAC,max 100 Hz 60 C A","55.6","IAC,max 100 Hz 85 C A","32.7","IAC,R 100 Hz 105 C A","21.3","IAC,max 100 Hz 60 C A=55.6; IAC,max 100 Hz 85 C A=32.7; IAC,R 100 Hz 105 C A=21.3","CR Case ESRtyp ESRtyp Zmax IAC,max IAC,max IAC,R Ordering code | 100 Hz dimensions 100 Hz 300 Hz 10 kHz 300 Hz 100 Hz 100 Hz (composition see | 20 C dxl 20 C 60 C 20 C 60 C 85 C 105 C below) | uF mm mOhm mOhm mOhm A A A","17;4.6;26;55.6;32.7;21.3","5600 76.9 x 118.2 17 4.6 26 55.6 32.7 21.3 B437*3B4568M6##","parsed",""
"B43743_B43763.pdf","B43743/B43763","350","5600","90.0","97.0","B437*3C4568M6##","ESRtyp 100 Hz 20 C mOhm","17","ESRtyp 300 Hz 60 C mOhm","4.9","ESRtyp 100 Hz 20 C mOhm=17; ESRtyp 300 Hz 60 C mOhm=4.9","Zmax 10 kHz 20 C mOhm","26","Zmax 10 kHz 20 C mOhm=26","IAC,max 100 Hz 60 C A","56.9","IAC,max 100 Hz 85 C A","34.1","IAC,R 100 Hz 105 C A","22.1","IAC,max 100 Hz 60 C A=56.9; IAC,max 100 Hz 85 C A=34.1; IAC,R 100 Hz 105 C A=22.1","CR Case ESRtyp ESRtyp Zmax IAC,max IAC,max IAC,R Ordering code | 100 Hz dimensions 100 Hz 300 Hz 10 kHz 300 Hz 100 Hz 100 Hz (composition see | 20 C dxl 20 C 60 C 20 C 60 C 85 C 105 C below) | uF mm mOhm mOhm mOhm A A A","17;4.9;26;56.9;34.1;22.1","5600 90.0 x 97.0 17 4.9 26 56.9 34.1 22.1 B437*3C4568M6##","parsed",""
"B43743_B43763.pdf","B43743/B43763","350","6800","76.9","130.7","B437*3A4688M6##","ESRtyp 100 Hz 20 C mOhm","14","ESRtyp 300 Hz 60 C mOhm","3.9","ESRtyp 100 Hz 20 C mOhm=14; ESRtyp 300 Hz 60 C mOhm=3.9","Zmax 10 kHz 20 C mOhm","22","Zmax 10 kHz 20 C mOhm=22","IAC,max 100 Hz 60 C A","62.7","IAC,max 100 Hz 85 C A","37.2","IAC,R 100 Hz 105 C A","24.2","IAC,max 100 Hz 60 C A=62.7; IAC,max 100 Hz 85 C A=37.2; IAC,R 100 Hz 105 C A=24.2","CR Case ESRtyp ESRtyp Zmax IAC,max IAC,max IAC,R Ordering code | 100 Hz dimensions 100 Hz 300 Hz 10 kHz 300 Hz 100 Hz 100 Hz (composition see | 20 C dxl 20 C 60 C 20 C 60 C 85 C 105 C below) | uF mm mOhm mOhm mOhm A A A","14;3.9;22;62.7;37.2;24.2","6800 76.9 x 130.7 14 3.9 22 62.7 37.2 24.2 B437*3A4688M6##","parsed",""
"B43743_B43763.pdf","B43743/B43763","350","6800","90.0","120.0","B437*3B4688M6##","ESRtyp 100 Hz 20 C mOhm","14","ESRtyp 300 Hz 60 C mOhm","4.0","ESRtyp 100 Hz 20 C mOhm=14; ESRtyp 300 Hz 60 C mOhm=4.0","Zmax 10 kHz 20 C mOhm","22","Zmax 10 kHz 20 C mOhm=22","IAC,max 100 Hz 60 C A","63.8","IAC,max 100 Hz 85 C A","38.3","IAC,R 100 Hz 105 C A","25.6","IAC,max 100 Hz 60 C A=63.8; IAC,max 100 Hz 85 C A=38.3; IAC,R 100 Hz 105 C A=25.6","CR Case ESRtyp ESRtyp Zmax IAC,max IAC,max IAC,R Ordering code | 100 Hz dimensions 100 Hz 300 Hz 10 kHz 300 Hz 100 Hz 100 Hz (composition see | 20 C dxl 20 C 60 C 20 C 60 C 85 C 105 C below) | uF mm mOhm mOhm mOhm A A A","14;4.0;22;63.8;38.3;25.6","6800 90.0 x 120.0 14 4.0 22 63.8 38.3 25.6 B437*3B4688M6##","parsed",""
"B43743_B43763.pdf","B43743/B43763","350","8200","76.9","143.2","B437*3A4828M6##","ESRtyp 100 Hz 20 C mOhm","12","ESRtyp 300 Hz 60 C mOhm","3.3","ESRtyp 100 Hz 20 C mOhm=12; ESRtyp 300 Hz 60 C mOhm=3.3","Zmax 10 kHz 20 C mOhm","18","Zmax 10 kHz 20 C mOhm=18","IAC,max 100 Hz 60 C A","70.7","IAC,max 100 Hz 85 C A","42.2","IAC,R 100 Hz 105 C A","27.4","IAC,max 100 Hz 60 C A=70.7; IAC,max 100 Hz 85 C A=42.2; IAC,R 100 Hz 105 C A=27.4","CR Case ESRtyp ESRtyp Zmax IAC,max IAC,max IAC,R Ordering code | 100 Hz dimensions 100 Hz 300 Hz 10 kHz 300 Hz 100 Hz 100 Hz (composition see | 20 C dxl 20 C 60 C 20 C 60 C 85 C 105 C below) | uF mm mOhm mOhm mOhm A A A","12;3.3;18;70.7;42.2;27.4","8200 76.9 x 143.2 12 3.3 18 70.7 42.2 27.4 B437*3A4828M6##","parsed",""
"B43743_B43763.pdf","B43743/B43763","350","8200","90.0","120.0","B437*3B4828M6##","ESRtyp 100 Hz 20 C mOhm","12","ESRtyp 300 Hz 60 C mOhm","3.5","ESRtyp 100 Hz 20 C mOhm=12; ESRtyp 300 Hz 60 C mOhm=3.5","Zmax 10 kHz 20 C mOhm","19","Zmax 10 kHz 20 C mOhm=19","IAC,max 100 Hz 60 C A","70.5","IAC,max 100 Hz 85 C A","42.9","IAC,R 100 Hz 105 C A","28.6","IAC,max 100 Hz 60 C A=70.5; IAC,max 100 Hz 85 C A=42.9; IAC,R 100 Hz 105 C A=28.6","CR Case ESRtyp ESRtyp Zmax IAC,max IAC,max IAC,R Ordering code | 100 Hz dimensions 100 Hz 300 Hz 10 kHz 300 Hz 100 Hz 100 Hz (composition see | 20 C dxl 20 C 60 C 20 C 60 C 85 C 105 C below) | uF mm mOhm mOhm mOhm A A A","12;3.5;19;70.5;42.9;28.6","8200 90.0 x 120.0 12 3.5 19 70.5 42.9 28.6 B437*3B4828M6##","parsed",""
"B43743_B43763.pdf","B43743/B43763","350","10000","76.9","168.7","B437*3A4109M6##","ESRtyp 100 Hz 20 C mOhm","9.6","ESRtyp 300 Hz 60 C mOhm","2.7","ESRtyp 100 Hz 20 C mOhm=9.6; ESRtyp 300 Hz 60 C mOhm=2.7","Zmax 10 kHz 20 C mOhm","15","Zmax 10 kHz 20 C mOhm=15","IAC,max 100 Hz 60 C A","80.3","IAC,max 100 Hz 85 C A","48.4","IAC,R 100 Hz 105 C A","32.3","IAC,max 100 Hz 60 C A=80.3; IAC,max 100 Hz 85 C A=48.4; IAC,R 100 Hz 105 C A=32.3","CR Case ESRtyp ESRtyp Zmax IAC,max IAC,max IAC,R Ordering code | 100 Hz dimensions 100 Hz 300 Hz 10 kHz 300 Hz 100 Hz 100 Hz (composition see | 20 C dxl 20 C 60 C 20 C 60 C 85 C 105 C below) | uF mm mOhm mOhm mOhm A A A","9.6;2.7;15;80.3;48.4;32.3","10000 76.9 x 168.7 9.6 2.7 15 80.3 48.4 32.3 B437*3A4109M6##","parsed",""
"B43743_B43763.pdf","B43743/B43763","350","10000","90.0","144.5","B437*3B4109M6##","ESRtyp 100 Hz 20 C mOhm","9.7","ESRtyp 300 Hz 60 C mOhm","2.9","ESRtyp 100 Hz 20 C mOhm=9.7; ESRtyp 300 Hz 60 C mOhm=2.9","Zmax 10 kHz 20 C mOhm","16","Zmax 10 kHz 20 C mOhm=16","IAC,max 100 Hz 60 C A","79.3","IAC,max 100 Hz 85 C A","48.5","IAC,R 100 Hz 105 C A","32.4","IAC,max 100 Hz 60 C A=79.3; IAC,max 100 Hz 85 C A=48.5; IAC,R 100 Hz 105 C A=32.4","CR Case ESRtyp ESRtyp Zmax IAC,max IAC,max IAC,R Ordering code | 100 Hz dimensions 100 Hz 300 Hz 10 kHz 300 Hz 100 Hz 100 Hz (composition see | 20 C dxl 20 C 60 C 20 C 60 C 85 C 105 C below) | uF mm mOhm mOhm mOhm A A A","9.7;2.9;16;79.3;48.5;32.4","10000 90.0 x 144.5 9.7 2.9 16 79.3 48.5 32.4 B437*3B4109M6##","parsed",""
"B43743_B43763.pdf","B43743/B43763","350","12000","76.9","220.7","B437*3A4129M6##","ESRtyp 100 Hz 20 C mOhm","8.0","ESRtyp 300 Hz 60 C mOhm","2.3","ESRtyp 100 Hz 20 C mOhm=8.0; ESRtyp 300 Hz 60 C mOhm=2.3","Zmax 10 kHz 20 C mOhm","13","Zmax 10 kHz 20 C mOhm=13","IAC,max 100 Hz 60 C A","90.3","IAC,max 100 Hz 85 C A","54.6","IAC,R 100 Hz 105 C A","36.5","IAC,max 100 Hz 60 C A=90.3; IAC,max 100 Hz 85 C A=54.6; IAC,R 100 Hz 105 C A=36.5","CR Case ESRtyp ESRtyp Zmax IAC,max IAC,max IAC,R Ordering code | 100 Hz dimensions 100 Hz 300 Hz 10 kHz 300 Hz 100 Hz 100 Hz (composition see | 20 C dxl 20 C 60 C 20 C 60 C 85 C 105 C below) | uF mm mOhm mOhm mOhm A A A","8.0;2.3;13;90.3;54.6;36.5","12000 76.9 x 220.7 8.0 2.3 13 90.3 54.6 36.5 B437*3A4129M6##","parsed",""
"B43743_B43763.pdf","B43743/B43763","350","12000","90.0","170.0","B437*3B4129M6##","ESRtyp 100 Hz 20 C mOhm","8.1","ESRtyp 300 Hz 60 C mOhm","2.4","ESRtyp 100 Hz 20 C mOhm=8.1; ESRtyp 300 Hz 60 C mOhm=2.4","Zmax 10 kHz 20 C mOhm","13","Zmax 10 kHz 20 C mOhm=13","IAC,max 100 Hz 60 C A","88.1","IAC,max 100 Hz 85 C A","54.3","IAC,R 100 Hz 105 C A","36.3","IAC,max 100 Hz 60 C A=88.1; IAC,max 100 Hz 85 C A=54.3; IAC,R 100 Hz 105 C A=36.3","CR Case ESRtyp ESRtyp Zmax IAC,max IAC,max IAC,R Ordering code | 100 Hz dimensions 100 Hz 300 Hz 10 kHz 300 Hz 100 Hz 100 Hz (composition see | 20 C dxl 20 C 60 C 20 C 60 C 85 C 105 C below) | uF mm mOhm mOhm mOhm A A A","8.1;2.4;13;88.1;54.3;36.3","12000 90.0 x 170.0 8.1 2.4 13 88.1 54.3 36.3 B437*3B4129M6##","parsed",""
"B43743_B43763.pdf","B43743/B43763","350","15000","90.0","197.0","B437*3A4159M6##","ESRtyp 100 Hz 20 C mOhm","6.6","ESRtyp 300 Hz 60 C mOhm","2.0","ESRtyp 100 Hz 20 C mOhm=6.6; ESRtyp 300 Hz 60 C mOhm=2.0","Zmax 10 kHz 20 C mOhm","11","Zmax 10 kHz 20 C mOhm=11","IAC,max 100 Hz 60 C A","100","IAC,max 100 Hz 85 C A","62.8","IAC,R 100 Hz 105 C A","42.0","IAC,max 100 Hz 60 C A=100; IAC,max 100 Hz 85 C A=62.8; IAC,R 100 Hz 105 C A=42.0","CR Case ESRtyp ESRtyp Zmax IAC,max IAC,max IAC,R Ordering code | 100 Hz dimensions 100 Hz 300 Hz 10 kHz 300 Hz 100 Hz 100 Hz (composition see | 20 C dxl 20 C 60 C 20 C 60 C 85 C 105 C below) | uF mm mOhm mOhm mOhm A A A","6.6;2.0;11;100;62.8;42.0","15000 90.0 x 197.0 6.6 2.0 11 100 62.8 42.0 B437*3A4159M6##","parsed",""
"B43743_B43763.pdf","B43743/B43763","350","18000","90.0","221.0","B437*3A4189M6##","ESRtyp 100 Hz 20 C mOhm","5.5","ESRtyp 300 Hz 60 C mOhm","1.8","ESRtyp 100 Hz 20 C mOhm=5.5; ESRtyp 300 Hz 60 C mOhm=1.8","Zmax 10 kHz 20 C mOhm","9.4","Zmax 10 kHz 20 C mOhm=9.4","IAC,max 100 Hz 60 C A","100","IAC,max 100 Hz 85 C A","71.1","IAC,R 100 Hz 105 C A","47.5","IAC,max 100 Hz 60 C A=100; IAC,max 100 Hz 85 C A=71.1; IAC,R 100 Hz 105 C A=47.5","CR Case ESRtyp ESRtyp Zmax IAC,max IAC,max IAC,R Ordering code | 100 Hz dimensions 100 Hz 300 Hz 10 kHz 300 Hz 100 Hz 100 Hz (composition see | 20 C dxl 20 C 60 C 20 C 60 C 85 C 105 C below) | uF mm mOhm mOhm mOhm A A A","5.5;1.8;9.4;100;71.1;47.5","18000 90.0 x 221.0 5.5 1.8 9.4 100 71.1 47.5 B437*3A4189M6##","parsed",""
"B43743_B43763.pdf","B43743/B43763","400","2700","64.3","96.7","B437*3A9278M6##","ESRtyp 100 Hz 20 C mOhm","34","ESRtyp 300 Hz 60 C mOhm","9.3","ESRtyp 100 Hz 20 C mOhm=34; ESRtyp 300 Hz 60 C mOhm=9.3","Zmax 10 kHz 20 C mOhm","55","Zmax 10 kHz 20 C mOhm=55","IAC,max 100 Hz 60 C A","33.4","IAC,max 100 Hz 85 C A","19.5","IAC,R 100 Hz 105 C A","12.7","IAC,max 100 Hz 60 C A=33.4; IAC,max 100 Hz 85 C A=19.5; IAC,R 100 Hz 105 C A=12.7","CR Case ESRtyp ESRtyp Zmax IAC,max IAC,max IAC,R Ordering code | 100 Hz dimensions 100 Hz 300 Hz 10 kHz 300 Hz 100 Hz 100 Hz (composition see | 20 C dxl 20 C 60 C 20 C 60 C 85 C 105 C below) | uF mm mOhm mOhm mOhm A A A","34;9.3;55;33.4;19.5;12.7","2700 64.3 x 96.7 34 9.3 55 33.4 19.5 12.7 B437*3A9278M6##","parsed",""
"B43743_B43763.pdf","B43743/B43763","400","3300","64.3","105.7","B437*3A9338M6##","ESRtyp 100 Hz 20 C mOhm","28","ESRtyp 300 Hz 60 C mOhm","7.8","ESRtyp 100 Hz 20 C mOhm=28; ESRtyp 300 Hz 60 C mOhm=7.8","Zmax 10 kHz 20 C mOhm","45","Zmax 10 kHz 20 C mOhm=45","IAC,max 100 Hz 60 C A","37.9","IAC,max 100 Hz 85 C A","22.2","IAC,R 100 Hz 105 C A","14.4","IAC,max 100 Hz 60 C A=37.9; IAC,max 100 Hz 85 C A=22.2; IAC,R 100 Hz 105 C A=14.4","CR Case ESRtyp ESRtyp Zmax IAC,max IAC,max IAC,R Ordering code | 100 Hz dimensions 100 Hz 300 Hz 10 kHz 300 Hz 100 Hz 100 Hz (composition see | 20 C dxl 20 C 60 C 20 C 60 C 85 C 105 C below) | uF mm mOhm mOhm mOhm A A A","28;7.8;45;37.9;22.2;14.4","3300 64.3 x 105.7 28 7.8 45 37.9 22.2 14.4 B437*3A9338M6##","parsed",""
"B43743_B43763.pdf","B43743/B43763","400","3300","76.9","96.7","B437*3B9338M6##","ESRtyp 100 Hz 20 C mOhm","28","ESRtyp 300 Hz 60 C mOhm","7.3","ESRtyp 100 Hz 20 C mOhm=28; ESRtyp 300 Hz 60 C mOhm=7.3","Zmax 10 kHz 20 C mOhm","45","Zmax 10 kHz 20 C mOhm=45","IAC,max 100 Hz 60 C A","42.0","IAC,max 100 Hz 85 C A","24.2","IAC,R 100 Hz 105 C A","15.7","IAC,max 100 Hz 60 C A=42.0; IAC,max 100 Hz 85 C A=24.2; IAC,R 100 Hz 105 C A=15.7","CR Case ESRtyp ESRtyp Zmax IAC,max IAC,max IAC,R Ordering code | 100 Hz dimensions 100 Hz 300 Hz 10 kHz 300 Hz 100 Hz 100 Hz (composition see | 20 C dxl 20 C 60 C 20 C 60 C 85 C 105 C below) | uF mm mOhm mOhm mOhm A A A","28;7.3;45;42.0;24.2;15.7","3300 76.9 x 96.7 28 7.3 45 42.0 24.2 15.7 B437*3B9338M6##","parsed",""
"B43743_B43763.pdf","B43743/B43763","400","3900","64.3","130.7","B437*3A9398M6##","ESRtyp 100 Hz 20 C mOhm","24","ESRtyp 300 Hz 60 C mOhm","6.5","ESRtyp 100 Hz 20 C mOhm=24; ESRtyp 300 Hz 60 C mOhm=6.5","Zmax 10 kHz 20 C mOhm","36","Zmax 10 kHz 20 C mOhm=36","IAC,max 100 Hz 60 C A","42.4","IAC,max 100 Hz 85 C A","24.9","IAC,R 100 Hz 105 C A","16.2","IAC,max 100 Hz 60 C A=42.4; IAC,max 100 Hz 85 C A=24.9; IAC,R 100 Hz 105 C A=16.2","CR Case ESRtyp ESRtyp Zmax IAC,max IAC,max IAC,R Ordering code | 100 Hz dimensions 100 Hz 300 Hz 10 kHz 300 Hz 100 Hz 100 Hz (composition see | 20 C dxl 20 C 60 C 20 C 60 C 85 C 105 C below) | uF mm mOhm mOhm mOhm A A A","24;6.5;36;42.4;24.9;16.2","3900 64.3 x 130.7 24 6.5 36 42.4 24.9 16.2 B437*3A9398M6##","parsed",""
"B43743_B43763.pdf","B43743/B43763","400","3900","76.9","105.7","B437*3B9398M6##","ESRtyp 100 Hz 20 C mOhm","24","ESRtyp 300 Hz 60 C mOhm","6.2","ESRtyp 100 Hz 20 C mOhm=24; ESRtyp 300 Hz 60 C mOhm=6.2","Zmax 10 kHz 20 C mOhm","36","Zmax 10 kHz 20 C mOhm=36","IAC,max 100 Hz 60 C A","46.4","IAC,max 100 Hz 85 C A","26.8","IAC,R 100 Hz 105 C A","17.4","IAC,max 100 Hz 60 C A=46.4; IAC,max 100 Hz 85 C A=26.8; IAC,R 100 Hz 105 C A=17.4","CR Case ESRtyp ESRtyp Zmax IAC,max IAC,max IAC,R Ordering code | 100 Hz dimensions 100 Hz 300 Hz 10 kHz 300 Hz 100 Hz 100 Hz (composition see | 20 C dxl 20 C 60 C 20 C 60 C 85 C 105 C below) | uF mm mOhm mOhm mOhm A A A","24;6.2;36;46.4;26.8;17.4","3900 76.9 x 105.7 24 6.2 36 46.4 26.8 17.4 B437*3B9398M6##","parsed",""
"B43743_B43763.pdf","B43743/B43763","400","4700","64.3","143.2","B437*3A9478M6##","ESRtyp 100 Hz 20 C mOhm","20","ESRtyp 300 Hz 60 C mOhm","5.6","ESRtyp 100 Hz 20 C mOhm=20; ESRtyp 300 Hz 60 C mOhm=5.6","Zmax 10 kHz 20 C mOhm","30","Zmax 10 kHz 20 C mOhm=30","IAC,max 100 Hz 60 C A","48.0","IAC,max 100 Hz 85 C A","28.4","IAC,R 100 Hz 105 C A","18.5","IAC,max 100 Hz 60 C A=48.0; IAC,max 100 Hz 85 C A=28.4; IAC,R 100 Hz 105 C A=18.5","CR Case ESRtyp ESRtyp Zmax IAC,max IAC,max IAC,R Ordering code | 100 Hz dimensions 100 Hz 300 Hz 10 kHz 300 Hz 100 Hz 100 Hz (composition see | 20 C dxl 20 C 60 C 20 C 60 C 85 C 105 C below) | uF mm mOhm mOhm mOhm A A A","20;5.6;30;48.0;28.4;18.5","4700 64.3 x 143.2 20 5.6 30 48.0 28.4 18.5 B437*3A9478M6##","parsed",""
"B43743_B43763.pdf","B43743/B43763","400","4700","76.9","118.2","B437*3B9478M6##","ESRtyp 100 Hz 20 C mOhm","20","ESRtyp 300 Hz 60 C mOhm","5.2","ESRtyp 100 Hz 20 C mOhm=20; ESRtyp 300 Hz 60 C mOhm=5.2","Zmax 10 kHz 20 C mOhm","30","Zmax 10 kHz 20 C mOhm=30","IAC,max 100 Hz 60 C A","52.0","IAC,max 100 Hz 85 C A","30.2","IAC,R 100 Hz 105 C A","19.6","IAC,max 100 Hz 60 C A=52.0; IAC,max 100 Hz 85 C A=30.2; IAC,R 100 Hz 105 C A=19.6","CR Case ESRtyp ESRtyp Zmax IAC,max IAC,max IAC,R Ordering code | 100 Hz dimensions 100 Hz 300 Hz 10 kHz 300 Hz 100 Hz 100 Hz (composition see | 20 C dxl 20 C 60 C 20 C 60 C 85 C 105 C below) | uF mm mOhm mOhm mOhm A A A","20;5.2;30;52.0;30.2;19.6","4700 76.9 x 118.2 20 5.2 30 52.0 30.2 19.6 B437*3B9478M6##","parsed",""
"B43743_B43763.pdf","B43743/B43763","400","4700","90.0","97.0","B437*3C9478M6##","ESRtyp 100 Hz 20 C mOhm","20","ESRtyp 300 Hz 60 C mOhm","5.5","ESRtyp 100 Hz 20 C mOhm=20; ESRtyp 300 Hz 60 C mOhm=5.5","Zmax 10 kHz 20 C mOhm","30","Zmax 10 kHz 20 C mOhm=30","IAC,max 100 Hz 60 C A","53.5","IAC,max 100 Hz 85 C A","31.6","IAC,R 100 Hz 105 C A","20.5","IAC,max 100 Hz 60 C A=53.5; IAC,max 100 Hz 85 C A=31.6; IAC,R 100 Hz 105 C A=20.5","CR Case ESRtyp ESRtyp Zmax IAC,max IAC,max IAC,R Ordering code | 100 Hz dimensions 100 Hz 300 Hz 10 kHz 300 Hz 100 Hz 100 Hz (composition see | 20 C dxl 20 C 60 C 20 C 60 C 85 C 105 C below) | uF mm mOhm mOhm mOhm A A A","20;5.5;30;53.5;31.6;20.5","4700 90.0 x 97.0 20 5.5 30 53.5 31.6 20.5 B437*3C9478M6##","parsed",""
"B43743_B43763.pdf","B43743/B43763","400","5600","76.9","130.7","B437*3A9568M6##","ESRtyp 100 Hz 20 C mOhm","16","ESRtyp 300 Hz 60 C mOhm","4.5","ESRtyp 100 Hz 20 C mOhm=16; ESRtyp 300 Hz 60 C mOhm=4.5","Zmax 10 kHz 20 C mOhm","26","Zmax 10 kHz 20 C mOhm=26","IAC,max 100 Hz 60 C A","58.0","IAC,max 100 Hz 85 C A","33.9","IAC,R 100 Hz 105 C A","22.0","IAC,max 100 Hz 60 C A=58.0; IAC,max 100 Hz 85 C A=33.9; IAC,R 100 Hz 105 C A=22.0","CR Case ESRtyp ESRtyp Zmax IAC,max IAC,max IAC,R Ordering code | 100 Hz dimensions 100 Hz 300 Hz 10 kHz 300 Hz 100 Hz 100 Hz (composition see | 20 C dxl 20 C 60 C 20 C 60 C 85 C 105 C below) | uF mm mOhm mOhm mOhm A A A","16;4.5;26;58.0;33.9;22.0","5600 76.9 x 130.7 16 4.5 26 58.0 33.9 22.0 B437*3A9568M6##","parsed",""
"B43743_B43763.pdf","B43743/B43763","400","5600","90.0","120.0","B437*3B9568M6##","ESRtyp 100 Hz 20 C mOhm","16","ESRtyp 300 Hz 60 C mOhm","4.6","ESRtyp 100 Hz 20 C mOhm=16; ESRtyp 300 Hz 60 C mOhm=4.6","Zmax 10 kHz 20 C mOhm","26","Zmax 10 kHz 20 C mOhm=26","IAC,max 100 Hz 60 C A","59.3","IAC,max 100 Hz 85 C A","35.0","IAC,R 100 Hz 105 C A","23.4","IAC,max 100 Hz 60 C A=59.3; IAC,max 100 Hz 85 C A=35.0; IAC,R 100 Hz 105 C A=23.4","CR Case ESRtyp ESRtyp Zmax IAC,max IAC,max IAC,R Ordering code | 100 Hz dimensions 100 Hz 300 Hz 10 kHz 300 Hz 100 Hz 100 Hz (composition see | 20 C dxl 20 C 60 C 20 C 60 C 85 C 105 C below) | uF mm mOhm mOhm mOhm A A A","16;4.6;26;59.3;35.0;23.4","5600 90.0 x 120.0 16 4.6 26 59.3 35.0 23.4 B437*3B9568M6##","parsed",""
"B43743_B43763.pdf","B43743/B43763","400","6800","76.9","156.2","B437*3A9688M6##","ESRtyp 100 Hz 20 C mOhm","14","ESRtyp 300 Hz 60 C mOhm","3.7","ESRtyp 100 Hz 20 C mOhm=14; ESRtyp 300 Hz 60 C mOhm=3.7","Zmax 10 kHz 20 C mOhm","22","Zmax 10 kHz 20 C mOhm=22","IAC,max 100 Hz 60 C A","65.5","IAC,max 100 Hz 85 C A","38.5","IAC,R 100 Hz 105 C A","25.0","IAC,max 100 Hz 60 C A=65.5; IAC,max 100 Hz 85 C A=38.5; IAC,R 100 Hz 105 C A=25.0","CR Case ESRtyp ESRtyp Zmax IAC,max IAC,max IAC,R Ordering code | 100 Hz dimensions 100 Hz 300 Hz 10 kHz 300 Hz 100 Hz 100 Hz (composition see | 20 C dxl 20 C 60 C 20 C 60 C 85 C 105 C below) | uF mm mOhm mOhm mOhm A A A","14;3.7;22;65.5;38.5;25.0","6800 76.9 x 156.2 14 3.7 22 65.5 38.5 25.0 B437*3A9688M6##","parsed",""
"B43743_B43763.pdf","B43743/B43763","400","6800","90.0","120.0","B437*3B9688M6##","ESRtyp 100 Hz 20 C mOhm","14","ESRtyp 300 Hz 60 C mOhm","3.9","ESRtyp 100 Hz 20 C mOhm=14; ESRtyp 300 Hz 60 C mOhm=3.9","Zmax 10 kHz 20 C mOhm","22","Zmax 10 kHz 20 C mOhm=22","IAC,max 100 Hz 60 C A","66.0","IAC,max 100 Hz 85 C A","39.5","IAC,R 100 Hz 105 C A","26.4","IAC,max 100 Hz 60 C A=66.0; IAC,max 100 Hz 85 C A=39.5; IAC,R 100 Hz 105 C A=26.4","CR Case ESRtyp ESRtyp Zmax IAC,max IAC,max IAC,R Ordering code | 100 Hz dimensions 100 Hz 300 Hz 10 kHz 300 Hz 100 Hz 100 Hz (composition see | 20 C dxl 20 C 60 C 20 C 60 C 85 C 105 C below) | uF mm mOhm mOhm mOhm A A A","14;3.9;22;66.0;39.5;26.4","6800 90.0 x 120.0 14 3.9 22 66.0 39.5 26.4 B437*3B9688M6##","parsed",""
"B43743_B43763.pdf","B43743/B43763","400","8200","76.9","168.7","B437*3A9828M6##","ESRtyp 100 Hz 20 C mOhm","11","ESRtyp 300 Hz 60 C mOhm","3.2","ESRtyp 100 Hz 20 C mOhm=11; ESRtyp 300 Hz 60 C mOhm=3.2","Zmax 10 kHz 20 C mOhm","18","Zmax 10 kHz 20 C mOhm=18","IAC,max 100 Hz 60 C A","74.3","IAC,max 100 Hz 85 C A","44.0","IAC,R 100 Hz 105 C A","29.4","IAC,max 100 Hz 60 C A=74.3; IAC,max 100 Hz 85 C A=44.0; IAC,R 100 Hz 105 C A=29.4","CR Case ESRtyp ESRtyp Zmax IAC,max IAC,max IAC,R Ordering code | 100 Hz dimensions 100 Hz 300 Hz 10 kHz 300 Hz 100 Hz 100 Hz (composition see | 20 C dxl 20 C 60 C 20 C 60 C 85 C 105 C below) | uF mm mOhm mOhm mOhm A A A","11;3.2;18;74.3;44.0;29.4","8200 76.9 x 168.7 11 3.2 18 74.3 44.0 29.4 B437*3A9828M6##","parsed",""
"B43743_B43763.pdf","B43743/B43763","400","8200","90.0","144.5","B437*3B9828M6##","ESRtyp 100 Hz 20 C mOhm","11","ESRtyp 300 Hz 60 C mOhm","3.3","ESRtyp 100 Hz 20 C mOhm=11; ESRtyp 300 Hz 60 C mOhm=3.3","Zmax 10 kHz 20 C mOhm","18","Zmax 10 kHz 20 C mOhm=18","IAC,max 100 Hz 60 C A","73.7","IAC,max 100 Hz 85 C A","44.4","IAC,R 100 Hz 105 C A","29.7","IAC,max 100 Hz 60 C A=73.7; IAC,max 100 Hz 85 C A=44.4; IAC,R 100 Hz 105 C A=29.7","CR Case ESRtyp ESRtyp Zmax IAC,max IAC,max IAC,R Ordering code | 100 Hz dimensions 100 Hz 300 Hz 10 kHz 300 Hz 100 Hz 100 Hz (composition see | 20 C dxl 20 C 60 C 20 C 60 C 85 C 105 C below) | uF mm mOhm mOhm mOhm A A A","11;3.3;18;73.7;44.4;29.7","8200 90.0 x 144.5 11 3.3 18 73.7 44.4 29.7 B437*3B9828M6##","parsed",""
"B43743_B43763.pdf","B43743/B43763","400","10000","76.9","220.7","B437*3A9109M6##","ESRtyp 100 Hz 20 C mOhm","9.3","ESRtyp 300 Hz 60 C mOhm","2.6","ESRtyp 100 Hz 20 C mOhm=9.3; ESRtyp 300 Hz 60 C mOhm=2.6","Zmax 10 kHz 20 C mOhm","15","Zmax 10 kHz 20 C mOhm=15","IAC,max 100 Hz 60 C A","84.4","IAC,max 100 Hz 85 C A","50.3","IAC,R 100 Hz 105 C A","33.6","IAC,max 100 Hz 60 C A=84.4; IAC,max 100 Hz 85 C A=50.3; IAC,R 100 Hz 105 C A=33.6","CR Case ESRtyp ESRtyp Zmax IAC,max IAC,max IAC,R Ordering code | 100 Hz dimensions 100 Hz 300 Hz 10 kHz 300 Hz 100 Hz 100 Hz (composition see | 20 C dxl 20 C 60 C 20 C 60 C 85 C 105 C below) | uF mm mOhm mOhm mOhm A A A","9.3;2.6;15;84.4;50.3;33.6","10000 76.9 x 220.7 9.3 2.6 15 84.4 50.3 33.6 B437*3A9109M6##","parsed",""
"B43743_B43763.pdf","B43743/B43763","400","10000","90.0","170.0","B437*3B9109M6##","ESRtyp 100 Hz 20 C mOhm","9.4","ESRtyp 300 Hz 60 C mOhm","2.8","ESRtyp 100 Hz 20 C mOhm=9.4; ESRtyp 300 Hz 60 C mOhm=2.8","Zmax 10 kHz 20 C mOhm","15","Zmax 10 kHz 20 C mOhm=15","IAC,max 100 Hz 60 C A","82.9","IAC,max 100 Hz 85 C A","50.2","IAC,R 100 Hz 105 C A","33.6","IAC,max 100 Hz 60 C A=82.9; IAC,max 100 Hz 85 C A=50.2; IAC,R 100 Hz 105 C A=33.6","CR Case ESRtyp ESRtyp Zmax IAC,max IAC,max IAC,R Ordering code | 100 Hz dimensions 100 Hz 300 Hz 10 kHz 300 Hz 100 Hz 100 Hz (composition see | 20 C dxl 20 C 60 C 20 C 60 C 85 C 105 C below) | uF mm mOhm mOhm mOhm A A A","9.4;2.8;15;82.9;50.2;33.6","10000 90.0 x 170.0 9.4 2.8 15 82.9 50.2 33.6 B437*3B9109M6##","parsed",""
"B43743_B43763.pdf","B43743/B43763","400","12000","90.0","197.0","B437*3A9129M6##","ESRtyp 100 Hz 20 C mOhm","7.8","ESRtyp 300 Hz 60 C mOhm","2.4","ESRtyp 100 Hz 20 C mOhm=7.8; ESRtyp 300 Hz 60 C mOhm=2.4","Zmax 10 kHz 20 C mOhm","13","Zmax 10 kHz 20 C mOhm=13","IAC,max 100 Hz 60 C A","92.4","IAC,max 100 Hz 85 C A","56.5","IAC,R 100 Hz 105 C A","37.8","IAC,max 100 Hz 60 C A=92.4; IAC,max 100 Hz 85 C A=56.5; IAC,R 100 Hz 105 C A=37.8","CR Case ESRtyp ESRtyp Zmax IAC,max IAC,max IAC,R Ordering code | 100 Hz dimensions 100 Hz 300 Hz 10 kHz 300 Hz 100 Hz 100 Hz (composition see | 20 C dxl 20 C 60 C 20 C 60 C 85 C 105 C below) | uF mm mOhm mOhm mOhm A A A","7.8;2.4;13;92.4;56.5;37.8","12000 90.0 x 197.0 7.8 2.4 13 92.4 56.5 37.8 B437*3A9129M6##","parsed",""
"B43743_B43763.pdf","B43743/B43763","400","15000","90.0","221.0","B437*3A9159M6##","ESRtyp 100 Hz 20 C mOhm","6.4","ESRtyp 300 Hz 60 C mOhm","2.0","ESRtyp 100 Hz 20 C mOhm=6.4; ESRtyp 300 Hz 60 C mOhm=2.0","Zmax 10 kHz 20 C mOhm","11","Zmax 10 kHz 20 C mOhm=11","IAC,max 100 Hz 60 C A","100","IAC,max 100 Hz 85 C A","65.9","IAC,R 100 Hz 105 C A","44.1","IAC,max 100 Hz 60 C A=100; IAC,max 100 Hz 85 C A=65.9; IAC,R 100 Hz 105 C A=44.1","CR Case ESRtyp ESRtyp Zmax IAC,max IAC,max IAC,R Ordering code | 100 Hz dimensions 100 Hz 300 Hz 10 kHz 300 Hz 100 Hz 100 Hz (composition see | 20 C dxl 20 C 60 C 20 C 60 C 85 C 105 C below) | uF mm mOhm mOhm mOhm A A A","6.4;2.0;11;100;65.9;44.1","15000 90.0 x 221.0 6.4 2.0 11 100 65.9 44.1 B437*3A9159M6##","parsed",""
"B43743_B43763.pdf","B43743/B43763","450","1500","64.3","80.7","B437*3B5158M6##","ESRtyp 100 Hz 20 C mOhm","60","ESRtyp 300 Hz 60 C mOhm","16","ESRtyp 100 Hz 20 C mOhm=60; ESRtyp 300 Hz 60 C mOhm=16","Zmax 10 kHz 20 C mOhm","90","Zmax 10 kHz 20 C mOhm=90","IAC,max 100 Hz 60 C A","24.9","IAC,max 100 Hz 85 C A","13.9","IAC,R 100 Hz 105 C A","9.09","IAC,max 100 Hz 60 C A=24.9; IAC,max 100 Hz 85 C A=13.9; IAC,R 100 Hz 105 C A=9.09","CR Case ESRtyp ESRtyp Zmax IAC,max IAC,max IAC,R Ordering code | 100 Hz dimensions 100 Hz 300 Hz 10 kHz 300 Hz 100 Hz 100 Hz (composition see | 20 C dxl 20 C 60 C 20 C 60 C 85 C 105 C below) | uF mm mOhm mOhm mOhm A A A","60;16;90;24.9;13.9;9.09","1500 64.3 x 80.7 60 16 90 24.9 13.9 9.09 B437*3B5158M6##","parsed",""
"B43743_B43763.pdf","B43743/B43763","450","1800","64.3","96.7","B437*3B5188M6##","ESRtyp 100 Hz 20 C mOhm","50","ESRtyp 300 Hz 60 C mOhm","14","ESRtyp 100 Hz 20 C mOhm=50; ESRtyp 300 Hz 60 C mOhm=14","Zmax 10 kHz 20 C mOhm","75","Zmax 10 kHz 20 C mOhm=75","IAC,max 100 Hz 60 C A","28.0","IAC,max 100 Hz 85 C A","15.7","IAC,R 100 Hz 105 C A","10.2","IAC,max 100 Hz 60 C A=28.0; IAC,max 100 Hz 85 C A=15.7; IAC,R 100 Hz 105 C A=10.2","CR Case ESRtyp ESRtyp Zmax IAC,max IAC,max IAC,R Ordering code | 100 Hz dimensions 100 Hz 300 Hz 10 kHz 300 Hz 100 Hz 100 Hz (composition see | 20 C dxl 20 C 60 C 20 C 60 C 85 C 105 C below) | uF mm mOhm mOhm mOhm A A A","50;14;75;28.0;15.7;10.2","1800 64.3 x 96.7 50 14 75 28.0 15.7 10.2 B437*3B5188M6##","parsed",""
"B43743_B43763.pdf","B43743/B43763","450","2200","64.3","105.7","B437*3A5228M6##","ESRtyp 100 Hz 20 C mOhm","40","ESRtyp 300 Hz 60 C mOhm","11","ESRtyp 100 Hz 20 C mOhm=40; ESRtyp 300 Hz 60 C mOhm=11","Zmax 10 kHz 20 C mOhm","60","Zmax 10 kHz 20 C mOhm=60","IAC,max 100 Hz 60 C A","31.8","IAC,max 100 Hz 85 C A","17.9","IAC,R 100 Hz 105 C A","11.6","IAC,max 100 Hz 60 C A=31.8; IAC,max 100 Hz 85 C A=17.9; IAC,R 100 Hz 105 C A=11.6","CR Case ESRtyp ESRtyp Zmax IAC,max IAC,max IAC,R Ordering code | 100 Hz dimensions 100 Hz 300 Hz 10 kHz 300 Hz 100 Hz 100 Hz (composition see | 20 C dxl 20 C 60 C 20 C 60 C 85 C 105 C below) | uF mm mOhm mOhm mOhm A A A","40;11;60;31.8;17.9;11.6","2200 64.3 x 105.7 40 11 60 31.8 17.9 11.6 B437*3A5228M6##","parsed",""
"B43743_B43763.pdf","B43743/B43763","450","2700","64.3","118.2","B437*3A5278M6##","ESRtyp 100 Hz 20 C mOhm","32","ESRtyp 300 Hz 60 C mOhm","9.4","ESRtyp 100 Hz 20 C mOhm=32; ESRtyp 300 Hz 60 C mOhm=9.4","Zmax 10 kHz 20 C mOhm","50","Zmax 10 kHz 20 C mOhm=50","IAC,max 100 Hz 60 C A","36.3","IAC,max 100 Hz 85 C A","20.6","IAC,R 100 Hz 105 C A","13.4","IAC,max 100 Hz 60 C A=36.3; IAC,max 100 Hz 85 C A=20.6; IAC,R 100 Hz 105 C A=13.4","CR Case ESRtyp ESRtyp Zmax IAC,max IAC,max IAC,R Ordering code | 100 Hz dimensions 100 Hz 300 Hz 10 kHz 300 Hz 100 Hz 100 Hz (composition see | 20 C dxl 20 C 60 C 20 C 60 C 85 C 105 C below) | uF mm mOhm mOhm mOhm A A A","32;9.4;50;36.3;20.6;13.4","2700 64.3 x 118.2 32 9.4 50 36.3 20.6 13.4 B437*3A5278M6##","parsed",""
"B43743_B43763.pdf","B43743/B43763","450","2700","76.9","96.7","B437*3B5278M6##","ESRtyp 100 Hz 20 C mOhm","32","ESRtyp 300 Hz 60 C mOhm","9.1","ESRtyp 100 Hz 20 C mOhm=32; ESRtyp 300 Hz 60 C mOhm=9.1","Zmax 10 kHz 20 C mOhm","50","Zmax 10 kHz 20 C mOhm=50","IAC,max 100 Hz 60 C A","39.7","IAC,max 100 Hz 85 C A","22.2","IAC,R 100 Hz 105 C A","14.4","IAC,max 100 Hz 60 C A=39.7; IAC,max 100 Hz 85 C A=22.2; IAC,R 100 Hz 105 C A=14.4","CR Case ESRtyp ESRtyp Zmax IAC,max IAC,max IAC,R Ordering code | 100 Hz dimensions 100 Hz 300 Hz 10 kHz 300 Hz 100 Hz 100 Hz (composition see | 20 C dxl 20 C 60 C 20 C 60 C 85 C 105 C below) | uF mm mOhm mOhm mOhm A A A","32;9.1;50;39.7;22.2;14.4","2700 76.9 x 96.7 32 9.1 50 39.7 22.2 14.4 B437*3B5278M6##","parsed",""
"B43743_B43763.pdf","B43743/B43763","450","3300","64.3","143.2","B437*3A5338M6##","ESRtyp 100 Hz 20 C mOhm","28","ESRtyp 300 Hz 60 C mOhm","7.8","ESRtyp 100 Hz 20 C mOhm=28; ESRtyp 300 Hz 60 C mOhm=7.8","Zmax 10 kHz 20 C mOhm","40","Zmax 10 kHz 20 C mOhm=40","IAC,max 100 Hz 60 C A","41.6","IAC,max 100 Hz 85 C A","23.7","IAC,R 100 Hz 105 C A","15.4","IAC,max 100 Hz 60 C A=41.6; IAC,max 100 Hz 85 C A=23.7; IAC,R 100 Hz 105 C A=15.4","CR Case ESRtyp ESRtyp Zmax IAC,max IAC,max IAC,R Ordering code | 100 Hz dimensions 100 Hz 300 Hz 10 kHz 300 Hz 100 Hz 100 Hz (composition see | 20 C dxl 20 C 60 C 20 C 60 C 85 C 105 C below) | uF mm mOhm mOhm mOhm A A A","28;7.8;40;41.6;23.7;15.4","3300 64.3 x 143.2 28 7.8 40 41.6 23.7 15.4 B437*3A5338M6##","parsed",""
"B43743_B43763.pdf","B43743/B43763","450","3300","76.9","118.2","B437*3B5338M6##","ESRtyp 100 Hz 20 C mOhm","26","ESRtyp 300 Hz 60 C mOhm","7.5","ESRtyp 100 Hz 20 C mOhm=26; ESRtyp 300 Hz 60 C mOhm=7.5","Zmax 10 kHz 20 C mOhm","40","Zmax 10 kHz 20 C mOhm=40","IAC,max 100 Hz 60 C A","44.8","IAC,max 100 Hz 85 C A","25.1","IAC,R 100 Hz 105 C A","16.3","IAC,max 100 Hz 60 C A=44.8; IAC,max 100 Hz 85 C A=25.1; IAC,R 100 Hz 105 C A=16.3","CR Case ESRtyp ESRtyp Zmax IAC,max IAC,max IAC,R Ordering code | 100 Hz dimensions 100 Hz 300 Hz 10 kHz 300 Hz 100 Hz 100 Hz (composition see | 20 C dxl 20 C 60 C 20 C 60 C 85 C 105 C below) | uF mm mOhm mOhm mOhm A A A","26;7.5;40;44.8;25.1;16.3","3300 76.9 x 118.2 26 7.5 40 44.8 25.1 16.3 B437*3B5338M6##","parsed",""
"B43743_B43763.pdf","B43743/B43763","450","3300","90.0","97.0","B437*3C5338M6##","ESRtyp 100 Hz 20 C mOhm","28","ESRtyp 300 Hz 60 C mOhm","7.7","ESRtyp 100 Hz 20 C mOhm=28; ESRtyp 300 Hz 60 C mOhm=7.7","Zmax 10 kHz 20 C mOhm","40","Zmax 10 kHz 20 C mOhm=40","IAC,max 100 Hz 60 C A","46.6","IAC,max 100 Hz 85 C A","26.5","IAC,R 100 Hz 105 C A","17.2","IAC,max 100 Hz 60 C A=46.6; IAC,max 100 Hz 85 C A=26.5; IAC,R 100 Hz 105 C A=17.2","CR Case ESRtyp ESRtyp Zmax IAC,max IAC,max IAC,R Ordering code | 100 Hz dimensions 100 Hz 300 Hz 10 kHz 300 Hz 100 Hz 100 Hz (composition see | 20 C dxl 20 C 60 C 20 C 60 C 85 C 105 C below) | uF mm mOhm mOhm mOhm A A A","28;7.7;40;46.6;26.5;17.2","3300 90.0 x 97.0 28 7.7 40 46.6 26.5 17.2 B437*3C5338M6##","parsed",""
"B43743_B43763.pdf","B43743/B43763","450","3900","76.9","130.7","B437*3A5398M6##","ESRtyp 100 Hz 20 C mOhm","22","ESRtyp 300 Hz 60 C mOhm","6.4","ESRtyp 100 Hz 20 C mOhm=22; ESRtyp 300 Hz 60 C mOhm=6.4","Zmax 10 kHz 20 C mOhm","34","Zmax 10 kHz 20 C mOhm=34","IAC,max 100 Hz 60 C A","49.8","IAC,max 100 Hz 85 C A","28.0","IAC,R 100 Hz 105 C A","18.2","IAC,max 100 Hz 60 C A=49.8; IAC,max 100 Hz 85 C A=28.0; IAC,R 100 Hz 105 C A=18.2","CR Case ESRtyp ESRtyp Zmax IAC,max IAC,max IAC,R Ordering code | 100 Hz dimensions 100 Hz 300 Hz 10 kHz 300 Hz 100 Hz 100 Hz (composition see | 20 C dxl 20 C 60 C 20 C 60 C 85 C 105 C below) | uF mm mOhm mOhm mOhm A A A","22;6.4;34;49.8;28.0;18.2","3900 76.9 x 130.7 22 6.4 34 49.8 28.0 18.2 B437*3A5398M6##","parsed",""
"B43743_B43763.pdf","B43743/B43763","450","3900","90.0","120.0","B437*3B5398M6##","ESRtyp 100 Hz 20 C mOhm","22","ESRtyp 300 Hz 60 C mOhm","6.5","ESRtyp 100 Hz 20 C mOhm=22; ESRtyp 300 Hz 60 C mOhm=6.5","Zmax 10 kHz 20 C mOhm","34","Zmax 10 kHz 20 C mOhm=34","IAC,max 100 Hz 60 C A","51.2","IAC,max 100 Hz 85 C A","29.1","IAC,R 100 Hz 105 C A","19.5","IAC,max 100 Hz 60 C A=51.2; IAC,max 100 Hz 85 C A=29.1; IAC,R 100 Hz 105 C A=19.5","CR Case ESRtyp ESRtyp Zmax IAC,max IAC,max IAC,R Ordering code | 100 Hz dimensions 100 Hz 300 Hz 10 kHz 300 Hz 100 Hz 100 Hz (composition see | 20 C dxl 20 C 60 C 20 C 60 C 85 C 105 C below) | uF mm mOhm mOhm mOhm A A A","22;6.5;34;51.2;29.1;19.5","3900 90.0 x 120.0 22 6.5 34 51.2 29.1 19.5 B437*3B5398M6##","parsed",""
"B43743_B43763.pdf","B43743/B43763","450","4700","76.9","143.2","B437*3A5478M6##","ESRtyp 100 Hz 20 C mOhm","19","ESRtyp 300 Hz 60 C mOhm","5.4","ESRtyp 100 Hz 20 C mOhm=19; ESRtyp 300 Hz 60 C mOhm=5.4","Zmax 10 kHz 20 C mOhm","28","Zmax 10 kHz 20 C mOhm=28","IAC,max 100 Hz 60 C A","56.3","IAC,max 100 Hz 85 C A","31.9","IAC,R 100 Hz 105 C A","20.7","IAC,max 100 Hz 60 C A=56.3; IAC,max 100 Hz 85 C A=31.9; IAC,R 100 Hz 105 C A=20.7","CR Case ESRtyp ESRtyp Zmax IAC,max IAC,max IAC,R Ordering code | 100 Hz dimensions 100 Hz 300 Hz 10 kHz 300 Hz 100 Hz 100 Hz (composition see | 20 C dxl 20 C 60 C 20 C 60 C 85 C 105 C below) | uF mm mOhm mOhm mOhm A A A","19;5.4;28;56.3;31.9;20.7","4700 76.9 x 143.2 19 5.4 28 56.3 31.9 20.7 B437*3A5478M6##","parsed",""
"B43743_B43763.pdf","B43743/B43763","450","4700","90.0","120.0","B437*3B5478M6##","ESRtyp 100 Hz 20 C mOhm","19","ESRtyp 300 Hz 60 C mOhm","5.6","ESRtyp 100 Hz 20 C mOhm=19; ESRtyp 300 Hz 60 C mOhm=5.6","Zmax 10 kHz 20 C mOhm","30","Zmax 10 kHz 20 C mOhm=30","IAC,max 100 Hz 60 C A","57.2","IAC,max 100 Hz 85 C A","32.8","IAC,R 100 Hz 105 C A","21.9","IAC,max 100 Hz 60 C A=57.2; IAC,max 100 Hz 85 C A=32.8; IAC,R 100 Hz 105 C A=21.9","CR Case ESRtyp ESRtyp Zmax IAC,max IAC,max IAC,R Ordering code | 100 Hz dimensions 100 Hz 300 Hz 10 kHz 300 Hz 100 Hz 100 Hz (composition see | 20 C dxl 20 C 60 C 20 C 60 C 85 C 105 C below) | uF mm mOhm mOhm mOhm A A A","19;5.6;30;57.2;32.8;21.9","4700 90.0 x 120.0 19 5.6 30 57.2 32.8 21.9 B437*3B5478M6##","parsed",""
"B43743_B43763.pdf","B43743/B43763","450","5600","76.9","168.7","B437*3A5568M6##","ESRtyp 100 Hz 20 C mOhm","16","ESRtyp 300 Hz 60 C mOhm","4.6","ESRtyp 100 Hz 20 C mOhm=16; ESRtyp 300 Hz 60 C mOhm=4.6","Zmax 10 kHz 20 C mOhm","24","Zmax 10 kHz 20 C mOhm=24","IAC,max 100 Hz 60 C A","63.2","IAC,max 100 Hz 85 C A","35.9","IAC,R 100 Hz 105 C A","24.0","IAC,max 100 Hz 60 C A=63.2; IAC,max 100 Hz 85 C A=35.9; IAC,R 100 Hz 105 C A=24.0","CR Case ESRtyp ESRtyp Zmax IAC,max IAC,max IAC,R Ordering code | 100 Hz dimensions 100 Hz 300 Hz 10 kHz 300 Hz 100 Hz 100 Hz (composition see | 20 C dxl 20 C 60 C 20 C 60 C 85 C 105 C below) | uF mm mOhm mOhm mOhm A A A","16;4.6;24;63.2;35.9;24.0","5600 76.9 x 168.7 16 4.6 24 63.2 35.9 24.0 B437*3A5568M6##","parsed",""
"B43743_B43763.pdf","B43743/B43763","450","5600","90.0","144.5","B437*3B5568M6##","ESRtyp 100 Hz 20 C mOhm","16","ESRtyp 300 Hz 60 C mOhm","4.7","ESRtyp 100 Hz 20 C mOhm=16; ESRtyp 300 Hz 60 C mOhm=4.7","Zmax 10 kHz 20 C mOhm","24","Zmax 10 kHz 20 C mOhm=24","IAC,max 100 Hz 60 C A","63.4","IAC,max 100 Hz 85 C A","36.5","IAC,R 100 Hz 105 C A","24.4","IAC,max 100 Hz 60 C A=63.4; IAC,max 100 Hz 85 C A=36.5; IAC,R 100 Hz 105 C A=24.4","CR Case ESRtyp ESRtyp Zmax IAC,max IAC,max IAC,R Ordering code | 100 Hz dimensions 100 Hz 300 Hz 10 kHz 300 Hz 100 Hz 100 Hz (composition see | 20 C dxl 20 C 60 C 20 C 60 C 85 C 105 C below) | uF mm mOhm mOhm mOhm A A A","16;4.7;24;63.4;36.5;24.4","5600 90.0 x 144.5 16 4.7 24 63.4 36.5 24.4 B437*3B5568M6##","parsed",""
"B43743_B43763.pdf","B43743/B43763","450","6800","76.9","220.7","B437*3A5688M6##","ESRtyp 100 Hz 20 C mOhm","13","ESRtyp 300 Hz 60 C mOhm","3.8","ESRtyp 100 Hz 20 C mOhm=13; ESRtyp 300 Hz 60 C mOhm=3.8","Zmax 10 kHz 20 C mOhm","20","Zmax 10 kHz 20 C mOhm=20","IAC,max 100 Hz 60 C A","71.4","IAC,max 100 Hz 85 C A","40.9","IAC,R 100 Hz 105 C A","27.4","IAC,max 100 Hz 60 C A=71.4; IAC,max 100 Hz 85 C A=40.9; IAC,R 100 Hz 105 C A=27.4","CR Case ESRtyp ESRtyp Zmax IAC,max IAC,max IAC,R Ordering code | 100 Hz dimensions 100 Hz 300 Hz 10 kHz 300 Hz 100 Hz 100 Hz (composition see | 20 C dxl 20 C 60 C 20 C 60 C 85 C 105 C below) | uF mm mOhm mOhm mOhm A A A","13;3.8;20;71.4;40.9;27.4","6800 76.9 x 220.7 13 3.8 20 71.4 40.9 27.4 B437*3A5688M6##","parsed",""
"B43743_B43763.pdf","B43743/B43763","450","6800","90.0","170.0","B437*3B5688M6##","ESRtyp 100 Hz 20 C mOhm","13","ESRtyp 300 Hz 60 C mOhm","3.9","ESRtyp 100 Hz 20 C mOhm=13; ESRtyp 300 Hz 60 C mOhm=3.9","Zmax 10 kHz 20 C mOhm","20","Zmax 10 kHz 20 C mOhm=20","IAC,max 100 Hz 60 C A","71.1","IAC,max 100 Hz 85 C A","41.2","IAC,R 100 Hz 105 C A","27.5","IAC,max 100 Hz 60 C A=71.1; IAC,max 100 Hz 85 C A=41.2; IAC,R 100 Hz 105 C A=27.5","CR Case ESRtyp ESRtyp Zmax IAC,max IAC,max IAC,R Ordering code | 100 Hz dimensions 100 Hz 300 Hz 10 kHz 300 Hz 100 Hz 100 Hz (composition see | 20 C dxl 20 C 60 C 20 C 60 C 85 C 105 C below) | uF mm mOhm mOhm mOhm A A A","13;3.9;20;71.1;41.2;27.5","6800 90.0 x 170.0 13 3.9 20 71.1 41.2 27.5 B437*3B5688M6##","parsed",""
"B43743_B43763.pdf","B43743/B43763","450","8200","90.0","197.0","B437*3A5828M6##","ESRtyp 100 Hz 20 C mOhm","11","ESRtyp 300 Hz 60 C mOhm","3.3","ESRtyp 100 Hz 20 C mOhm=11; ESRtyp 300 Hz 60 C mOhm=3.3","Zmax 10 kHz 20 C mOhm","17","Zmax 10 kHz 20 C mOhm=17","IAC,max 100 Hz 60 C A","79.7","IAC,max 100 Hz 85 C A","46.5","IAC,R 100 Hz 105 C A","31.1","IAC,max 100 Hz 60 C A=79.7; IAC,max 100 Hz 85 C A=46.5; IAC,R 100 Hz 105 C A=31.1","CR Case ESRtyp ESRtyp Zmax IAC,max IAC,max IAC,R Ordering code | 100 Hz dimensions 100 Hz 300 Hz 10 kHz 300 Hz 100 Hz 100 Hz (composition see | 20 C dxl 20 C 60 C 20 C 60 C 85 C 105 C below) | uF mm mOhm mOhm mOhm A A A","11;3.3;17;79.7;46.5;31.1","8200 90.0 x 197.0 11 3.3 17 79.7 46.5 31.1 B437*3A5828M6##","parsed",""
"B43743_B43763.pdf","B43743/B43763","450","10000","90.0","221.0","B437*3A5109M6##","ESRtyp 100 Hz 20 C mOhm","9.1","ESRtyp 300 Hz 60 C mOhm","2.8","ESRtyp 100 Hz 20 C mOhm=9.1; ESRtyp 300 Hz 60 C mOhm=2.8","Zmax 10 kHz 20 C mOhm","14","Zmax 10 kHz 20 C mOhm=14","IAC,max 100 Hz 60 C A","90.4","IAC,max 100 Hz 85 C A","53.3","IAC,R 100 Hz 105 C A","35.7","IAC,max 100 Hz 60 C A=90.4; IAC,max 100 Hz 85 C A=53.3; IAC,R 100 Hz 105 C A=35.7","CR Case ESRtyp ESRtyp Zmax IAC,max IAC,max IAC,R Ordering code | 100 Hz dimensions 100 Hz 300 Hz 10 kHz 300 Hz 100 Hz 100 Hz (composition see | 20 C dxl 20 C 60 C 20 C 60 C 85 C 105 C below) | uF mm mOhm mOhm mOhm A A A","9.1;2.8;14;90.4;53.3;35.7","10000 90.0 x 221.0 9.1 2.8 14 90.4 53.3 35.7 B437*3A5109M6##","parsed",""
"B43743_B43763.pdf","B43743/B43763","500","1000","64.3","80.7","B437*3A6108M6##","ESRtyp 100 Hz 20 C mOhm","75","ESRtyp 300 Hz 60 C mOhm","22","ESRtyp 100 Hz 20 C mOhm=75; ESRtyp 300 Hz 60 C mOhm=22","Zmax 10 kHz 20 C mOhm","110","Zmax 10 kHz 20 C mOhm=110","IAC,max 100 Hz 60 C A","21.2","IAC,max 100 Hz 85 C A","10.9","IAC,R 100 Hz 105 C A","7.59","IAC,max 100 Hz 60 C A=21.2; IAC,max 100 Hz 85 C A=10.9; IAC,R 100 Hz 105 C A=7.59","CR Case ESRtyp ESRtyp Zmax IAC,max IAC,max IAC,R Ordering code | 100 Hz dimensions 100 Hz 300 Hz 10 kHz 300 Hz 100 Hz 100 Hz (composition see | 20 C dxl 20 C 60 C 20 C 60 C 85 C 105 C below) | uF mm mOhm mOhm mOhm A A A","75;22;110;21.2;10.9;7.59","1000 64.3 x 80.7 75 22 110 21.2 10.9 7.59 B437*3A6108M6##","parsed",""
"B43743_B43763.pdf","B43743/B43763","500","1200","64.3","96.7","B437*3A6128M6##","ESRtyp 100 Hz 20 C mOhm","65","ESRtyp 300 Hz 60 C mOhm","18","ESRtyp 100 Hz 20 C mOhm=65; ESRtyp 300 Hz 60 C mOhm=18","Zmax 10 kHz 20 C mOhm","90","Zmax 10 kHz 20 C mOhm=90","IAC,max 100 Hz 60 C A","23.7","IAC,max 100 Hz 85 C A","12.9","IAC,R 100 Hz 105 C A","8.52","IAC,max 100 Hz 60 C A=23.7; IAC,max 100 Hz 85 C A=12.9; IAC,R 100 Hz 105 C A=8.52","CR Case ESRtyp ESRtyp Zmax IAC,max IAC,max IAC,R Ordering code | 100 Hz dimensions 100 Hz 300 Hz 10 kHz 300 Hz 100 Hz 100 Hz (composition see | 20 C dxl 20 C 60 C 20 C 60 C 85 C 105 C below) | uF mm mOhm mOhm mOhm A A A","65;18;90;23.7;12.9;8.52","1200 64.3 x 96.7 65 18 90 23.7 12.9 8.52 B437*3A6128M6##","parsed",""
"B43743_B43763.pdf","B43743/B43763","500","1500","64.3","96.7","B437*3A6158M6##","ESRtyp 100 Hz 20 C mOhm","50","ESRtyp 300 Hz 60 C mOhm","15","ESRtyp 100 Hz 20 C mOhm=50; ESRtyp 300 Hz 60 C mOhm=15","Zmax 10 kHz 20 C mOhm","70","Zmax 10 kHz 20 C mOhm=70","IAC,max 100 Hz 60 C A","27.5","IAC,max 100 Hz 85 C A","15.0","IAC,R 100 Hz 105 C A","9.90","IAC,max 100 Hz 60 C A=27.5; IAC,max 100 Hz 85 C A=15.0; IAC,R 100 Hz 105 C A=9.90","CR Case ESRtyp ESRtyp Zmax IAC,max IAC,max IAC,R Ordering code | 100 Hz dimensions 100 Hz 300 Hz 10 kHz 300 Hz 100 Hz 100 Hz (composition see | 20 C dxl 20 C 60 C 20 C 60 C 85 C 105 C below) | uF mm mOhm mOhm mOhm A A A","50;15;70;27.5;15.0;9.90","1500 64.3 x 96.7 50 15 70 27.5 15.0 9.90 B437*3A6158M6##","parsed",""
"B43743_B43763.pdf","B43743/B43763","500","1800","64.3","118.2","B437*3A6188M6##","ESRtyp 100 Hz 20 C mOhm","40","ESRtyp 300 Hz 60 C mOhm","12","ESRtyp 100 Hz 20 C mOhm=40; ESRtyp 300 Hz 60 C mOhm=12","Zmax 10 kHz 20 C mOhm","60","Zmax 10 kHz 20 C mOhm=60","IAC,max 100 Hz 60 C A","30.9","IAC,max 100 Hz 85 C A","17.0","IAC,R 100 Hz 105 C A","11.1","IAC,max 100 Hz 60 C A=30.9; IAC,max 100 Hz 85 C A=17.0; IAC,R 100 Hz 105 C A=11.1","CR Case ESRtyp ESRtyp Zmax IAC,max IAC,max IAC,R Ordering code | 100 Hz dimensions 100 Hz 300 Hz 10 kHz 300 Hz 100 Hz 100 Hz (composition see | 20 C dxl 20 C 60 C 20 C 60 C 85 C 105 C below) | uF mm mOhm mOhm mOhm A A A","40;12;60;30.9;17.0;11.1","1800 64.3 x 118.2 40 12 60 30.9 17.0 11.1 B437*3A6188M6##","parsed",""
"B43743_B43763.pdf","B43743/B43763","500","1800","76.9","96.7","B437*3B6188M6##","ESRtyp 100 Hz 20 C mOhm","40","ESRtyp 300 Hz 60 C mOhm","12","ESRtyp 100 Hz 20 C mOhm=40; ESRtyp 300 Hz 60 C mOhm=12","Zmax 10 kHz 20 C mOhm","60","Zmax 10 kHz 20 C mOhm=60","IAC,max 100 Hz 60 C A","33.6","IAC,max 100 Hz 85 C A","18.3","IAC,R 100 Hz 105 C A","12.0","IAC,max 100 Hz 60 C A=33.6; IAC,max 100 Hz 85 C A=18.3; IAC,R 100 Hz 105 C A=12.0","CR Case ESRtyp ESRtyp Zmax IAC,max IAC,max IAC,R Ordering code | 100 Hz dimensions 100 Hz 300 Hz 10 kHz 300 Hz 100 Hz 100 Hz (composition see | 20 C dxl 20 C 60 C 20 C 60 C 85 C 105 C below) | uF mm mOhm mOhm mOhm A A A","40;12;60;33.6;18.3;12.0","1800 76.9 x 96.7 40 12 60 33.6 18.3 12.0 B437*3B6188M6##","parsed",""
"B43743_B43763.pdf","B43743/B43763","500","2200","64.3","130.7","B437*3A6228M6##","ESRtyp 100 Hz 20 C mOhm","34","ESRtyp 300 Hz 60 C mOhm","10","ESRtyp 100 Hz 20 C mOhm=34; ESRtyp 300 Hz 60 C mOhm=10","Zmax 10 kHz 20 C mOhm","50","Zmax 10 kHz 20 C mOhm=50","IAC,max 100 Hz 60 C A","35.5","IAC,max 100 Hz 85 C A","19.6","IAC,R 100 Hz 105 C A","12.9","IAC,max 100 Hz 60 C A=35.5; IAC,max 100 Hz 85 C A=19.6; IAC,R 100 Hz 105 C A=12.9","CR Case ESRtyp ESRtyp Zmax IAC,max IAC,max IAC,R Ordering code | 100 Hz dimensions 100 Hz 300 Hz 10 kHz 300 Hz 100 Hz 100 Hz (composition see | 20 C dxl 20 C 60 C 20 C 60 C 85 C 105 C below) | uF mm mOhm mOhm mOhm A A A","34;10;50;35.5;19.6;12.9","2200 64.3 x 130.7 34 10 50 35.5 19.6 12.9 B437*3A6228M6##","parsed",""
"B43743_B43763.pdf","B43743/B43763","500","2200","76.9","105.7","B437*3B6228M6##","ESRtyp 100 Hz 20 C mOhm","34","ESRtyp 300 Hz 60 C mOhm","9.9","ESRtyp 100 Hz 20 C mOhm=34; ESRtyp 300 Hz 60 C mOhm=9.9","Zmax 10 kHz 20 C mOhm","50","Zmax 10 kHz 20 C mOhm=50","IAC,max 100 Hz 60 C A","38.2","IAC,max 100 Hz 85 C A","20.8","IAC,R 100 Hz 105 C A","13.7","IAC,max 100 Hz 60 C A=38.2; IAC,max 100 Hz 85 C A=20.8; IAC,R 100 Hz 105 C A=13.7","CR Case ESRtyp ESRtyp Zmax IAC,max IAC,max IAC,R Ordering code | 100 Hz dimensions 100 Hz 300 Hz 10 kHz 300 Hz 100 Hz 100 Hz (composition see | 20 C dxl 20 C 60 C 20 C 60 C 85 C 105 C below) | uF mm mOhm mOhm mOhm A A A","34;9.9;50;38.2;20.8;13.7","2200 76.9 x 105.7 34 9.9 50 38.2 20.8 13.7 B437*3B6228M6##","parsed",""
"B43743_B43763.pdf","B43743/B43763","500","2200","90.0","97.0","B437*3C6228M6##","ESRtyp 100 Hz 20 C mOhm","34","ESRtyp 300 Hz 60 C mOhm","10","ESRtyp 100 Hz 20 C mOhm=34; ESRtyp 300 Hz 60 C mOhm=10","Zmax 10 kHz 20 C mOhm","50","Zmax 10 kHz 20 C mOhm=50","IAC,max 100 Hz 60 C A","39.9","IAC,max 100 Hz 85 C A","21.9","IAC,R 100 Hz 105 C A","14.3","IAC,max 100 Hz 60 C A=39.9; IAC,max 100 Hz 85 C A=21.9; IAC,R 100 Hz 105 C A=14.3","CR Case ESRtyp ESRtyp Zmax IAC,max IAC,max IAC,R Ordering code | 100 Hz dimensions 100 Hz 300 Hz 10 kHz 300 Hz 100 Hz 100 Hz (composition see | 20 C dxl 20 C 60 C 20 C 60 C 85 C 105 C below) | uF mm mOhm mOhm mOhm A A A","34;10;50;39.9;21.9;14.3","2200 90.0 x 97.0 34 10 50 39.9 21.9 14.3 B437*3C6228M6##","parsed",""
"B43743_B43763.pdf","B43743/B43763","500","2700","76.9","130.7","B437*3A6278M6##","ESRtyp 100 Hz 20 C mOhm","28","ESRtyp 300 Hz 60 C mOhm","8.1","ESRtyp 100 Hz 20 C mOhm=28; ESRtyp 300 Hz 60 C mOhm=8.1","Zmax 10 kHz 20 C mOhm","38","Zmax 10 kHz 20 C mOhm=38","IAC,max 100 Hz 60 C A","43.3","IAC,max 100 Hz 85 C A","23.6","IAC,R 100 Hz 105 C A","15.5","IAC,max 100 Hz 60 C A=43.3; IAC,max 100 Hz 85 C A=23.6; IAC,R 100 Hz 105 C A=15.5","CR Case ESRtyp ESRtyp Zmax IAC,max IAC,max IAC,R Ordering code | 100 Hz dimensions 100 Hz 300 Hz 10 kHz 300 Hz 100 Hz 100 Hz (composition see | 20 C dxl 20 C 60 C 20 C 60 C 85 C 105 C below) | uF mm mOhm mOhm mOhm A A A","28;8.1;38;43.3;23.6;15.5","2700 76.9 x 130.7 28 8.1 38 43.3 23.6 15.5 B437*3A6278M6##","parsed",""
"B43743_B43763.pdf","B43743/B43763","500","2700","90.0","120.0","B437*3B6278M6##","ESRtyp 100 Hz 20 C mOhm","28","ESRtyp 300 Hz 60 C mOhm","8.1","ESRtyp 100 Hz 20 C mOhm=28; ESRtyp 300 Hz 60 C mOhm=8.1","Zmax 10 kHz 20 C mOhm","40","Zmax 10 kHz 20 C mOhm=40","IAC,max 100 Hz 60 C A","44.7","IAC,max 100 Hz 85 C A","24.6","IAC,R 100 Hz 105 C A","16.7","IAC,max 100 Hz 60 C A=44.7; IAC,max 100 Hz 85 C A=24.6; IAC,R 100 Hz 105 C A=16.7","CR Case ESRtyp ESRtyp Zmax IAC,max IAC,max IAC,R Ordering code | 100 Hz dimensions 100 Hz 300 Hz 10 kHz 300 Hz 100 Hz 100 Hz (composition see | 20 C dxl 20 C 60 C 20 C 60 C 85 C 105 C below) | uF mm mOhm mOhm mOhm A A A","28;8.1;40;44.7;24.6;16.7","2700 90.0 x 120.0 28 8.1 40 44.7 24.6 16.7 B437*3B6278M6##","parsed",""
"B43743_B43763.pdf","B43743/B43763","500","3300","76.9","143.2","B437*3A6338M6##","ESRtyp 100 Hz 20 C mOhm","22","ESRtyp 300 Hz 60 C mOhm","6.7","ESRtyp 100 Hz 20 C mOhm=22; ESRtyp 300 Hz 60 C mOhm=6.7","Zmax 10 kHz 20 C mOhm","32","Zmax 10 kHz 20 C mOhm=32","IAC,max 100 Hz 60 C A","49.5","IAC,max 100 Hz 85 C A","27.1","IAC,R 100 Hz 105 C A","17.8","IAC,max 100 Hz 60 C A=49.5; IAC,max 100 Hz 85 C A=27.1; IAC,R 100 Hz 105 C A=17.8","CR Case ESRtyp ESRtyp Zmax IAC,max IAC,max IAC,R Ordering code | 100 Hz dimensions 100 Hz 300 Hz 10 kHz 300 Hz 100 Hz 100 Hz (composition see | 20 C dxl 20 C 60 C 20 C 60 C 85 C 105 C below) | uF mm mOhm mOhm mOhm A A A","22;6.7;32;49.5;27.1;17.8","3300 76.9 x 143.2 22 6.7 32 49.5 27.1 17.8 B437*3A6338M6##","parsed",""
"B43743_B43763.pdf","B43743/B43763","500","3300","90.0","120.0","B437*3B6338M6##","ESRtyp 100 Hz 20 C mOhm","24","ESRtyp 300 Hz 60 C mOhm","6.8","ESRtyp 100 Hz 20 C mOhm=24; ESRtyp 300 Hz 60 C mOhm=6.8","Zmax 10 kHz 20 C mOhm","32","Zmax 10 kHz 20 C mOhm=32","IAC,max 100 Hz 60 C A","50.7","IAC,max 100 Hz 85 C A","28.1","IAC,R 100 Hz 105 C A","19.1","IAC,max 100 Hz 60 C A=50.7; IAC,max 100 Hz 85 C A=28.1; IAC,R 100 Hz 105 C A=19.1","CR Case ESRtyp ESRtyp Zmax IAC,max IAC,max IAC,R Ordering code | 100 Hz dimensions 100 Hz 300 Hz 10 kHz 300 Hz 100 Hz 100 Hz (composition see | 20 C dxl 20 C 60 C 20 C 60 C 85 C 105 C below) | uF mm mOhm mOhm mOhm A A A","24;6.8;32;50.7;28.1;19.1","3300 90.0 x 120.0 24 6.8 32 50.7 28.1 19.1 B437*3B6338M6##","parsed",""
"B43743_B43763.pdf","B43743/B43763","500","3900","76.9","156.2","B437*3A6398M6##","ESRtyp 100 Hz 20 C mOhm","19","ESRtyp 300 Hz 60 C mOhm","5.7","ESRtyp 100 Hz 20 C mOhm=19; ESRtyp 300 Hz 60 C mOhm=5.7","Zmax 10 kHz 20 C mOhm","28","Zmax 10 kHz 20 C mOhm=28","IAC,max 100 Hz 60 C A","55.6","IAC,max 100 Hz 85 C A","30.7","IAC,R 100 Hz 105 C A","20.1","IAC,max 100 Hz 60 C A=55.6; IAC,max 100 Hz 85 C A=30.7; IAC,R 100 Hz 105 C A=20.1","CR Case ESRtyp ESRtyp Zmax IAC,max IAC,max IAC,R Ordering code | 100 Hz dimensions 100 Hz 300 Hz 10 kHz 300 Hz 100 Hz 100 Hz (composition see | 20 C dxl 20 C 60 C 20 C 60 C 85 C 105 C below) | uF mm mOhm mOhm mOhm A A A","19;5.7;28;55.6;30.7;20.1","3900 76.9 x 156.2 19 5.7 28 55.6 30.7 20.1 B437*3A6398M6##","parsed",""
"B43743_B43763.pdf","B43743/B43763","500","3900","90.0","144.5","B437*3B6398M6##","ESRtyp 100 Hz 20 C mOhm","20","ESRtyp 300 Hz 60 C mOhm","5.8","ESRtyp 100 Hz 20 C mOhm=20; ESRtyp 300 Hz 60 C mOhm=5.8","Zmax 10 kHz 20 C mOhm","28","Zmax 10 kHz 20 C mOhm=28","IAC,max 100 Hz 60 C A","55.8","IAC,max 100 Hz 85 C A","31.0","IAC,R 100 Hz 105 C A","21.0","IAC,max 100 Hz 60 C A=55.8; IAC,max 100 Hz 85 C A=31.0; IAC,R 100 Hz 105 C A=21.0","CR Case ESRtyp ESRtyp Zmax IAC,max IAC,max IAC,R Ordering code | 100 Hz dimensions 100 Hz 300 Hz 10 kHz 300 Hz 100 Hz 100 Hz (composition see | 20 C dxl 20 C 60 C 20 C 60 C 85 C 105 C below) | uF mm mOhm mOhm mOhm A A A","20;5.8;28;55.8;31.0;21.0","3900 90.0 x 144.5 20 5.8 28 55.8 31.0 21.0 B437*3B6398M6##","parsed",""
"B43743_B43763.pdf","B43743/B43763","500","4700","76.9","190.7","B437*3A6478M6##","ESRtyp 100 Hz 20 C mOhm","16","ESRtyp 300 Hz 60 C mOhm","4.8","ESRtyp 100 Hz 20 C mOhm=16; ESRtyp 300 Hz 60 C mOhm=4.8","Zmax 10 kHz 20 C mOhm","24","Zmax 10 kHz 20 C mOhm=24","IAC,max 100 Hz 60 C A","63.0","IAC,max 100 Hz 85 C A","34.9","IAC,R 100 Hz 105 C A","23.6","IAC,max 100 Hz 60 C A=63.0; IAC,max 100 Hz 85 C A=34.9; IAC,R 100 Hz 105 C A=23.6","CR Case ESRtyp ESRtyp Zmax IAC,max IAC,max IAC,R Ordering code | 100 Hz dimensions 100 Hz 300 Hz 10 kHz 300 Hz 100 Hz 100 Hz (composition see | 20 C dxl 20 C 60 C 20 C 60 C 85 C 105 C below) | uF mm mOhm mOhm mOhm A A A","16;4.8;24;63.0;34.9;23.6","4700 76.9 x 190.7 16 4.8 24 63.0 34.9 23.6 B437*3A6478M6##","parsed",""
"B43743_B43763.pdf","B43743/B43763","500","4700","90.0","144.5","B437*3B6478M6##","ESRtyp 100 Hz 20 C mOhm","16","ESRtyp 300 Hz 60 C mOhm","4.9","ESRtyp 100 Hz 20 C mOhm=16; ESRtyp 300 Hz 60 C mOhm=4.9","Zmax 10 kHz 20 C mOhm","24","Zmax 10 kHz 20 C mOhm=24","IAC,max 100 Hz 60 C A","63.2","IAC,max 100 Hz 85 C A","35.5","IAC,R 100 Hz 105 C A","24.0","IAC,max 100 Hz 60 C A=63.2; IAC,max 100 Hz 85 C A=35.5; IAC,R 100 Hz 105 C A=24.0","CR Case ESRtyp ESRtyp Zmax IAC,max IAC,max IAC,R Ordering code | 100 Hz dimensions 100 Hz 300 Hz 10 kHz 300 Hz 100 Hz 100 Hz (composition see | 20 C dxl 20 C 60 C 20 C 60 C 85 C 105 C below) | uF mm mOhm mOhm mOhm A A A","16;4.9;24;63.2;35.5;24.0","4700 90.0 x 144.5 16 4.9 24 63.2 35.5 24.0 B437*3B6478M6##","parsed",""
"B43743_B43763.pdf","B43743/B43763","500","5600","76.9","220.7","B437*3A6568M6##","ESRtyp 100 Hz 20 C mOhm","14","ESRtyp 300 Hz 60 C mOhm","4.0","ESRtyp 100 Hz 20 C mOhm=14; ESRtyp 300 Hz 60 C mOhm=4.0","Zmax 10 kHz 20 C mOhm","19","Zmax 10 kHz 20 C mOhm=19","IAC,max 100 Hz 60 C A","71.2","IAC,max 100 Hz 85 C A","39.7","IAC,R 100 Hz 105 C A","26.9","IAC,max 100 Hz 60 C A=71.2; IAC,max 100 Hz 85 C A=39.7; IAC,R 100 Hz 105 C A=26.9","CR Case ESRtyp ESRtyp Zmax IAC,max IAC,max IAC,R Ordering code | 100 Hz dimensions 100 Hz 300 Hz 10 kHz 300 Hz 100 Hz 100 Hz (composition see | 20 C dxl 20 C 60 C 20 C 60 C 85 C 105 C below) | uF mm mOhm mOhm mOhm A A A","14;4.0;19;71.2;39.7;26.9","5600 76.9 x 220.7 14 4.0 19 71.2 39.7 26.9 B437*3A6568M6##","parsed",""
"B43743_B43763.pdf","B43743/B43763","500","5600","90.0","170.0","B437*3B6568M6##","ESRtyp 100 Hz 20 C mOhm","14","ESRtyp 300 Hz 60 C mOhm","4.2","ESRtyp 100 Hz 20 C mOhm=14; ESRtyp 300 Hz 60 C mOhm=4.2","Zmax 10 kHz 20 C mOhm","19","Zmax 10 kHz 20 C mOhm=19","IAC,max 100 Hz 60 C A","70.3","IAC,max 100 Hz 85 C A","39.6","IAC,R 100 Hz 105 C A","26.9","IAC,max 100 Hz 60 C A=70.3; IAC,max 100 Hz 85 C A=39.6; IAC,R 100 Hz 105 C A=26.9","CR Case ESRtyp ESRtyp Zmax IAC,max IAC,max IAC,R Ordering code | 100 Hz dimensions 100 Hz 300 Hz 10 kHz 300 Hz 100 Hz 100 Hz (composition see | 20 C dxl 20 C 60 C 20 C 60 C 85 C 105 C below) | uF mm mOhm mOhm mOhm A A A","14;4.2;19;70.3;39.6;26.9","5600 90.0 x 170.0 14 4.2 19 70.3 39.6 26.9 B437*3B6568M6##","parsed",""
"B43743_B43763.pdf","B43743/B43763","500","6800","90.0","197.0","B437*3A6688M6##","ESRtyp 100 Hz 20 C mOhm","11","ESRtyp 300 Hz 60 C mOhm","3.5","ESRtyp 100 Hz 20 C mOhm=11; ESRtyp 300 Hz 60 C mOhm=3.5","Zmax 10 kHz 20 C mOhm","16","Zmax 10 kHz 20 C mOhm=16","IAC,max 100 Hz 60 C A","79.7","IAC,max 100 Hz 85 C A","45.3","IAC,R 100 Hz 105 C A","30.7","IAC,max 100 Hz 60 C A=79.7; IAC,max 100 Hz 85 C A=45.3; IAC,R 100 Hz 105 C A=30.7","CR Case ESRtyp ESRtyp Zmax IAC,max IAC,max IAC,R Ordering code | 100 Hz dimensions 100 Hz 300 Hz 10 kHz 300 Hz 100 Hz 100 Hz (composition see | 20 C dxl 20 C 60 C 20 C 60 C 85 C 105 C below) | uF mm mOhm mOhm mOhm A A A","11;3.5;16;79.7;45.3;30.7","6800 90.0 x 197.0 11 3.5 16 79.7 45.3 30.7 B437*3A6688M6##","parsed",""
"b43745_b43765.pdf","B43745/B43765","350","3300","64.3","80.7","B437*5A4338M6##","ESRtyp 100 Hz 20 C mOhm","40","ESRtyp 300 Hz 60 C mOhm","11","ESRtyp 100 Hz 20 C mOhm=40; ESRtyp 300 Hz 60 C mOhm=11","Zmax 10 kHz 20 C mOhm","65","Zmax 10 kHz 20 C mOhm=65","IAC,max 100 Hz 60 C A","27.3","IAC,max 100 Hz 85 C A","22","IAC,R 100 Hz 105 C A","14.4","IAC,max 100 Hz 60 C A=27.3; IAC,max 100 Hz 85 C A=22; IAC,R 100 Hz 105 C A=14.4","CR Case ESR typ ESR typ Zmax IAC,max IAC,max IAC,R Ordering code | 100 Hz dimensions 100 Hz 300 Hz 10 kHz 100 Hz 100 Hz 100 Hz (composition see below) | 20 C1) d x I 20 C1) 60 C1) 20 C1) 60 C1) 85 C1) 105 C1) | uF mm x mm m m m A A A","40;11;65;27.3;22;14.4","3300 64.3 x 80.7 40 11 65 27.3 22 14.4 B437*5A4338M6##","parsed",""
"b43745_b43765.pdf","B43745/B43765","350","4300","64.3","96.7","B437*5A4438M6##","ESRtyp 100 Hz 20 C mOhm","30","ESRtyp 300 Hz 60 C mOhm","8.2","ESRtyp 100 Hz 20 C mOhm=30; ESRtyp 300 Hz 60 C mOhm=8.2","Zmax 10 kHz 20 C mOhm","50","Zmax 10 kHz 20 C mOhm=50","IAC,max 100 Hz 60 C A","32.5","IAC,max 100 Hz 85 C A","26.1","IAC,R 100 Hz 105 C A","17.1","IAC,max 100 Hz 60 C A=32.5; IAC,max 100 Hz 85 C A=26.1; IAC,R 100 Hz 105 C A=17.1","CR Case ESR typ ESR typ Zmax IAC,max IAC,max IAC,R Ordering code | 100 Hz dimensions 100 Hz 300 Hz 10 kHz 100 Hz 100 Hz 100 Hz (composition see below) | 20 C1) d x I 20 C1) 60 C1) 20 C1) 60 C1) 85 C1) 105 C1) | uF mm x mm m m m A A A","30;8.2;50;32.5;26.1;17.1","4300 64.3 x 96.7 30 8.2 50 32.5 26.1 17.1 B437*5A4438M6##","parsed",""
"b43745_b43765.pdf","B43745/B43765","350","4700","64.3","105.7","B437*5A4478M6##","ESRtyp 100 Hz 20 C mOhm","28","ESRtyp 300 Hz 60 C mOhm","7.6","ESRtyp 100 Hz 20 C mOhm=28; ESRtyp 300 Hz 60 C mOhm=7.6","Zmax 10 kHz 20 C mOhm","45","Zmax 10 kHz 20 C mOhm=45","IAC,max 100 Hz 60 C A","34.4","IAC,max 100 Hz 85 C A","27.7","IAC,R 100 Hz 105 C A","18.1","IAC,max 100 Hz 60 C A=34.4; IAC,max 100 Hz 85 C A=27.7; IAC,R 100 Hz 105 C A=18.1","CR Case ESR typ ESR typ Zmax IAC,max IAC,max IAC,R Ordering code | 100 Hz dimensions 100 Hz 300 Hz 10 kHz 100 Hz 100 Hz 100 Hz (composition see below) | 20 C1) d x I 20 C1) 60 C1) 20 C1) 60 C1) 85 C1) 105 C1) | uF mm x mm m m m A A A","28;7.6;45;34.4;27.7;18.1","4700 64.3 x 105.7 28 7.6 45 34.4 27.7 18.1 B437*5A4478M6##","parsed",""
"b43745_b43765.pdf","B43745/B43765","350","5600","64.3","118.2","B437*5A4568M6##","ESRtyp 100 Hz 20 C mOhm","24","ESRtyp 300 Hz 60 C mOhm","6.4","ESRtyp 100 Hz 20 C mOhm=24; ESRtyp 300 Hz 60 C mOhm=6.4","Zmax 10 kHz 20 C mOhm","40","Zmax 10 kHz 20 C mOhm=40","IAC,max 100 Hz 60 C A","38.8","IAC,max 100 Hz 85 C A","31.2","IAC,R 100 Hz 105 C A","20.4","IAC,max 100 Hz 60 C A=38.8; IAC,max 100 Hz 85 C A=31.2; IAC,R 100 Hz 105 C A=20.4","CR Case ESR typ ESR typ Zmax IAC,max IAC,max IAC,R Ordering code | 100 Hz dimensions 100 Hz 300 Hz 10 kHz 100 Hz 100 Hz 100 Hz (composition see below) | 20 C1) d x I 20 C1) 60 C1) 20 C1) 60 C1) 85 C1) 105 C1) | uF mm x mm m m m A A A","24;6.4;40;38.8;31.2;20.4","5600 64.3 x 118.2 24 6.4 40 38.8 31.2 20.4 B437*5A4568M6##","parsed",""
"b43745_b43765.pdf","B43745/B43765","350","5600","76.9","96.7","B437*5B4568M6##","ESRtyp 100 Hz 20 C mOhm","22","ESRtyp 300 Hz 60 C mOhm","6.1","ESRtyp 100 Hz 20 C mOhm=22; ESRtyp 300 Hz 60 C mOhm=6.1","Zmax 10 kHz 20 C mOhm","40","Zmax 10 kHz 20 C mOhm=40","IAC,max 100 Hz 60 C A","42.1","IAC,max 100 Hz 85 C A","33.8","IAC,R 100 Hz 105 C A","22.1","IAC,max 100 Hz 60 C A=42.1; IAC,max 100 Hz 85 C A=33.8; IAC,R 100 Hz 105 C A=22.1","CR Case ESR typ ESR typ Zmax IAC,max IAC,max IAC,R Ordering code | 100 Hz dimensions 100 Hz 300 Hz 10 kHz 100 Hz 100 Hz 100 Hz (composition see below) | 20 C1) d x I 20 C1) 60 C1) 20 C1) 60 C1) 85 C1) 105 C1) | uF mm x mm m m m A A A","22;6.1;40;42.1;33.8;22.1","5600 76.9 x 96.7 22 6.1 40 42.1 33.8 22.1 B437*5B4568M6##","parsed",""
"b43745_b43765.pdf","B43745/B43765","350","6200","64.3","130.7","B437*5A4628M6##","ESRtyp 100 Hz 20 C mOhm","20","ESRtyp 300 Hz 60 C mOhm","5.8","ESRtyp 100 Hz 20 C mOhm=20; ESRtyp 300 Hz 60 C mOhm=5.8","Zmax 10 kHz 20 C mOhm","34","Zmax 10 kHz 20 C mOhm=34","IAC,max 100 Hz 60 C A","41.6","IAC,max 100 Hz 85 C A","33.5","IAC,R 100 Hz 105 C A","21.9","IAC,max 100 Hz 60 C A=41.6; IAC,max 100 Hz 85 C A=33.5; IAC,R 100 Hz 105 C A=21.9","CR Case ESR typ ESR typ Zmax IAC,max IAC,max IAC,R Ordering code | 100 Hz dimensions 100 Hz 300 Hz 10 kHz 100 Hz 100 Hz 100 Hz (composition see below) | 20 C1) d x I 20 C1) 60 C1) 20 C1) 60 C1) 85 C1) 105 C1) | uF mm x mm m m m A A A","20;5.8;34;41.6;33.5;21.9","6200 64.3 x 130.7 20 5.8 34 41.6 33.5 21.9 B437*5A4628M6##","parsed",""
"b43745_b43765.pdf","B43745/B43765","350","6200","76.9","105.7","B437*5B4628M6##","ESRtyp 100 Hz 20 C mOhm","20","ESRtyp 300 Hz 60 C mOhm","5.5","ESRtyp 100 Hz 20 C mOhm=20; ESRtyp 300 Hz 60 C mOhm=5.5","Zmax 10 kHz 20 C mOhm","34","Zmax 10 kHz 20 C mOhm=34","IAC,max 100 Hz 60 C A","44.8","IAC,max 100 Hz 85 C A","36.0","IAC,R 100 Hz 105 C A","23.6","IAC,max 100 Hz 60 C A=44.8; IAC,max 100 Hz 85 C A=36.0; IAC,R 100 Hz 105 C A=23.6","CR Case ESR typ ESR typ Zmax IAC,max IAC,max IAC,R Ordering code | 100 Hz dimensions 100 Hz 300 Hz 10 kHz 100 Hz 100 Hz 100 Hz (composition see below) | 20 C1) d x I 20 C1) 60 C1) 20 C1) 60 C1) 85 C1) 105 C1) | uF mm x mm m m m A A A","20;5.5;34;44.8;36.0;23.6","6200 76.9 x 105.7 20 5.5 34 44.8 36.0 23.6 B437*5B4628M6##","parsed",""
"b43745_b43765.pdf","B43745/B43765","350","6800","64.3","143.2","B437*5A4688M6##","ESRtyp 100 Hz 20 C mOhm","20","ESRtyp 300 Hz 60 C mOhm","5.4","ESRtyp 100 Hz 20 C mOhm=20; ESRtyp 300 Hz 60 C mOhm=5.4","Zmax 10 kHz 20 C mOhm","30","Zmax 10 kHz 20 C mOhm=30","IAC,max 100 Hz 60 C A","44.4","IAC,max 100 Hz 85 C A","35.7","IAC,R 100 Hz 105 C A","23.4","IAC,max 100 Hz 60 C A=44.4; IAC,max 100 Hz 85 C A=35.7; IAC,R 100 Hz 105 C A=23.4","CR Case ESR typ ESR typ Zmax IAC,max IAC,max IAC,R Ordering code | 100 Hz dimensions 100 Hz 300 Hz 10 kHz 100 Hz 100 Hz 100 Hz (composition see below) | 20 C1) d x I 20 C1) 60 C1) 20 C1) 60 C1) 85 C1) 105 C1) | uF mm x mm m m m A A A","20;5.4;30;44.4;35.7;23.4","6800 64.3 x 143.2 20 5.4 30 44.4 35.7 23.4 B437*5A4688M6##","parsed",""
"b43745_b43765.pdf","B43745/B43765","350","7500","76.9","118.2","B437*5A4758M6##","ESRtyp 100 Hz 20 C mOhm","17","ESRtyp 300 Hz 60 C mOhm","4.6","ESRtyp 100 Hz 20 C mOhm=17; ESRtyp 300 Hz 60 C mOhm=4.6","Zmax 10 kHz 20 C mOhm","28","Zmax 10 kHz 20 C mOhm=28","IAC,max 100 Hz 60 C A","50.7","IAC,max 100 Hz 85 C A","40.7","IAC,R 100 Hz 105 C A","26.6","IAC,max 100 Hz 60 C A=50.7; IAC,max 100 Hz 85 C A=40.7; IAC,R 100 Hz 105 C A=26.6","CR Case ESR typ ESR typ Zmax IAC,max IAC,max IAC,R Ordering code | 100 Hz dimensions 100 Hz 300 Hz 10 kHz 100 Hz 100 Hz 100 Hz (composition see below) | 20 C1) d x I 20 C1) 60 C1) 20 C1) 60 C1) 85 C1) 105 C1) | uF mm x mm m m m A A A","17;4.6;28;50.7;40.7;26.6","7500 76.9 x 118.2 17 4.6 28 50.7 40.7 26.6 B437*5A4758M6##","parsed",""
"b43745_b43765.pdf","B43745/B43765","350","7500","90","97","B437*5B4758M6##","ESRtyp 100 Hz 20 C mOhm","17","ESRtyp 300 Hz 60 C mOhm","4.9","ESRtyp 100 Hz 20 C mOhm=17; ESRtyp 300 Hz 60 C mOhm=4.9","Zmax 10 kHz 20 C mOhm","28","Zmax 10 kHz 20 C mOhm=28","IAC,max 100 Hz 60 C A","52.2","IAC,max 100 Hz 85 C A","41.9","IAC,R 100 Hz 105 C A","27.4","IAC,max 100 Hz 60 C A=52.2; IAC,max 100 Hz 85 C A=41.9; IAC,R 100 Hz 105 C A=27.4","CR Case ESR typ ESR typ Zmax IAC,max IAC,max IAC,R Ordering code | 100 Hz dimensions 100 Hz 300 Hz 10 kHz 100 Hz 100 Hz 100 Hz (composition see below) | 20 C1) d x I 20 C1) 60 C1) 20 C1) 60 C1) 85 C1) 105 C1) | uF mm x mm m m m A A A","17;4.9;28;52.2;41.9;27.4","7500 90 x 97 17 4.9 28 52.2 41.9 27.4 B437*5B4758M6##","parsed",""
"b43745_b43765.pdf","B43745/B43765","350","8200","76.9","130.7","B437*5A4828M6##","ESRtyp 100 Hz 20 C mOhm","16","ESRtyp 300 Hz 60 C mOhm","4.3","ESRtyp 100 Hz 20 C mOhm=16; ESRtyp 300 Hz 60 C mOhm=4.3","Zmax 10 kHz 20 C mOhm","26","Zmax 10 kHz 20 C mOhm=26","IAC,max 100 Hz 60 C A","53.6","IAC,max 100 Hz 85 C A","43.1","IAC,R 100 Hz 105 C A","28.2","IAC,max 100 Hz 60 C A=53.6; IAC,max 100 Hz 85 C A=43.1; IAC,R 100 Hz 105 C A=28.2","CR Case ESR typ ESR typ Zmax IAC,max IAC,max IAC,R Ordering code | 100 Hz dimensions 100 Hz 300 Hz 10 kHz 100 Hz 100 Hz 100 Hz (composition see below) | 20 C1) d x I 20 C1) 60 C1) 20 C1) 60 C1) 85 C1) 105 C1) | uF mm x mm m m m A A A","16;4.3;26;53.6;43.1;28.2","8200 76.9 x 130.7 16 4.3 26 53.6 43.1 28.2 B437*5A4828M6##","parsed",""
"b43745_b43765.pdf","B43745/B43765","350","9100","76.9","143.2","B437*5A4918M6##","ESRtyp 100 Hz 20 C mOhm","14","ESRtyp 300 Hz 60 C mOhm","3.9","ESRtyp 100 Hz 20 C mOhm=14; ESRtyp 300 Hz 60 C mOhm=3.9","Zmax 10 kHz 20 C mOhm","24","Zmax 10 kHz 20 C mOhm=24","IAC,max 100 Hz 60 C A","57.3","IAC,max 100 Hz 85 C A","46.2","IAC,R 100 Hz 105 C A","30.2","IAC,max 100 Hz 60 C A=57.3; IAC,max 100 Hz 85 C A=46.2; IAC,R 100 Hz 105 C A=30.2","CR Case ESR typ ESR typ Zmax IAC,max IAC,max IAC,R Ordering code | 100 Hz dimensions 100 Hz 300 Hz 10 kHz 100 Hz 100 Hz 100 Hz (composition see below) | 20 C1) d x I 20 C1) 60 C1) 20 C1) 60 C1) 85 C1) 105 C1) | uF mm x mm m m m A A A","14;3.9;24;57.3;46.2;30.2","9100 76.9 x 143.2 14 3.9 24 57.3 46.2 30.2 B437*5A4918M6##","parsed",""
"b43745_b43765.pdf","B43745/B43765","350","10000","90","120","B437*5A4109M6##","ESRtyp 100 Hz 20 C mOhm","13","ESRtyp 300 Hz 60 C mOhm","3.8","ESRtyp 100 Hz 20 C mOhm=13; ESRtyp 300 Hz 60 C mOhm=3.8","Zmax 10 kHz 20 C mOhm","22","Zmax 10 kHz 20 C mOhm=22","IAC,max 100 Hz 60 C A","62.1","IAC,max 100 Hz 85 C A","50.3","IAC,R 100 Hz 105 C A","33.5","IAC,max 100 Hz 60 C A=62.1; IAC,max 100 Hz 85 C A=50.3; IAC,R 100 Hz 105 C A=33.5","CR Case ESR typ ESR typ Zmax IAC,max IAC,max IAC,R Ordering code | 100 Hz dimensions 100 Hz 300 Hz 10 kHz 100 Hz 100 Hz 100 Hz (composition see below) | 20 C1) d x I 20 C1) 60 C1) 20 C1) 60 C1) 85 C1) 105 C1) | uF mm x mm m m m A A A","13;3.8;22;62.1;50.3;33.5","10000 90 x 120 13 3.8 22 62.1 50.3 33.5 B437*5A4109M6##","parsed",""
"b43745_b43765.pdf","B43745/B43765","350","11000","76.9","156.2","B437*5A4119M6##","ESRtyp 100 Hz 20 C mOhm","12","ESRtyp 300 Hz 60 C mOhm","3.3","ESRtyp 100 Hz 20 C mOhm=12; ESRtyp 300 Hz 60 C mOhm=3.3","Zmax 10 kHz 20 C mOhm","20","Zmax 10 kHz 20 C mOhm=20","IAC,max 100 Hz 60 C A","65.3","IAC,max 100 Hz 85 C A","52.5","IAC,R 100 Hz 105 C A","34.4","IAC,max 100 Hz 60 C A=65.3; IAC,max 100 Hz 85 C A=52.5; IAC,R 100 Hz 105 C A=34.4","CR Case ESR typ ESR typ Zmax IAC,max IAC,max IAC,R Ordering code | 100 Hz dimensions 100 Hz 300 Hz 10 kHz 100 Hz 100 Hz 100 Hz (composition see below) | 20 C1) d x I 20 C1) 60 C1) 20 C1) 60 C1) 85 C1) 105 C1) | uF mm x mm m m m A A A","12;3.3;20;65.3;52.5;34.4","11000 76.9 x 156.2 12 3.3 20 65.3 52.5 34.4 B437*5A4119M6##","parsed",""
"b43745_b43765.pdf","B43745/B43765","350","12000","76.9","168.7","B437*5A4129M6##","ESRtyp 100 Hz 20 C mOhm","11","ESRtyp 300 Hz 60 C mOhm","3.0","ESRtyp 100 Hz 20 C mOhm=11; ESRtyp 300 Hz 60 C mOhm=3.0","Zmax 10 kHz 20 C mOhm","18","Zmax 10 kHz 20 C mOhm=18","IAC,max 100 Hz 60 C A","69.4","IAC,max 100 Hz 85 C A","56.2","IAC,R 100 Hz 105 C A","37.5","IAC,max 100 Hz 60 C A=69.4; IAC,max 100 Hz 85 C A=56.2; IAC,R 100 Hz 105 C A=37.5","CR Case ESR typ ESR typ Zmax IAC,max IAC,max IAC,R Ordering code | 100 Hz dimensions 100 Hz 300 Hz 10 kHz 100 Hz 100 Hz 100 Hz (composition see below) | 20 C1) d x I 20 C1) 60 C1) 20 C1) 60 C1) 85 C1) 105 C1) | uF mm x mm m m m A A A","11;3.0;18;69.4;56.2;37.5","12000 76.9 x 168.7 11 3.0 18 69.4 56.2 37.5 B437*5A4129M6##","parsed",""
"b43745_b43765.pdf","B43745/B43765","350","13000","76.9","190.7","B437*5A4139M6##","ESRtyp 100 Hz 20 C mOhm","10","ESRtyp 300 Hz 60 C mOhm","2.8","ESRtyp 100 Hz 20 C mOhm=10; ESRtyp 300 Hz 60 C mOhm=2.8","Zmax 10 kHz 20 C mOhm","17","Zmax 10 kHz 20 C mOhm=17","IAC,max 100 Hz 60 C A","73.0","IAC,max 100 Hz 85 C A","59.2","IAC,R 100 Hz 105 C A","39.5","IAC,max 100 Hz 60 C A=73.0; IAC,max 100 Hz 85 C A=59.2; IAC,R 100 Hz 105 C A=39.5","CR Case ESR typ ESR typ Zmax IAC,max IAC,max IAC,R Ordering code | 100 Hz dimensions 100 Hz 300 Hz 10 kHz 100 Hz 100 Hz 100 Hz (composition see below) | 20 C1) d x I 20 C1) 60 C1) 20 C1) 60 C1) 85 C1) 105 C1) | uF mm x mm m m m A A A","10;2.8;17;73.0;59.2;39.5","13000 76.9 x 190.7 10 2.8 17 73.0 59.2 39.5 B437*5A4139M6##","parsed",""
"b43745_b43765.pdf","B43745/B43765","350","13000","90","144.5","B437*5B4139M6##","ESRtyp 100 Hz 20 C mOhm","10","ESRtyp 300 Hz 60 C mOhm","3.0","ESRtyp 100 Hz 20 C mOhm=10; ESRtyp 300 Hz 60 C mOhm=3.0","Zmax 10 kHz 20 C mOhm","17","Zmax 10 kHz 20 C mOhm=17","IAC,max 100 Hz 60 C A","73.1","IAC,max 100 Hz 85 C A","59.2","IAC,R 100 Hz 105 C A","39.5","IAC,max 100 Hz 60 C A=73.1; IAC,max 100 Hz 85 C A=59.2; IAC,R 100 Hz 105 C A=39.5","CR Case ESR typ ESR typ Zmax IAC,max IAC,max IAC,R Ordering code | 100 Hz dimensions 100 Hz 300 Hz 10 kHz 100 Hz 100 Hz 100 Hz (composition see below) | 20 C1) d x I 20 C1) 60 C1) 20 C1) 60 C1) 85 C1) 105 C1) | uF mm x mm m m m A A A","10;3.0;17;73.1;59.2;39.5","13000 90 x 144.5 10 3.0 17 73.1 59.2 39.5 B437*5B4139M6##","parsed",""
"b43745_b43765.pdf","B43745/B43765","350","16000","76.9","220.7","B437*5A4169M6##","ESRtyp 100 Hz 20 C mOhm","8.1","ESRtyp 300 Hz 60 C mOhm","2.3","ESRtyp 100 Hz 20 C mOhm=8.1; ESRtyp 300 Hz 60 C mOhm=2.3","Zmax 10 kHz 20 C mOhm","14","Zmax 10 kHz 20 C mOhm=14","IAC,max 100 Hz 60 C A","84.9","IAC,max 100 Hz 85 C A","68.7","IAC,R 100 Hz 105 C A","45.9","IAC,max 100 Hz 60 C A=84.9; IAC,max 100 Hz 85 C A=68.7; IAC,R 100 Hz 105 C A=45.9","CR Case ESR typ ESR typ Zmax IAC,max IAC,max IAC,R Ordering code | 100 Hz dimensions 100 Hz 300 Hz 10 kHz 100 Hz 100 Hz 100 Hz (composition see below) | 20 C1) d x I 20 C1) 60 C1) 20 C1) 60 C1) 85 C1) 105 C1) | uF mm x mm m m m A A A","8.1;2.3;14;84.9;68.7;45.9","16000 76.9 x 220.7 8.1 2.3 14 84.9 68.7 45.9 B437*5A4169M6##","parsed",""
"b43745_b43765.pdf","B43745/B43765","350","16000","90","170","B437*5B4169M6##","ESRtyp 100 Hz 20 C mOhm","8.3","ESRtyp 300 Hz 60 C mOhm","2.5","ESRtyp 100 Hz 20 C mOhm=8.3; ESRtyp 300 Hz 60 C mOhm=2.5","Zmax 10 kHz 20 C mOhm","14","Zmax 10 kHz 20 C mOhm=14","IAC,max 100 Hz 60 C A","83.2","IAC,max 100 Hz 85 C A","67.4","IAC,R 100 Hz 105 C A","45.0","IAC,max 100 Hz 60 C A=83.2; IAC,max 100 Hz 85 C A=67.4; IAC,R 100 Hz 105 C A=45.0","CR Case ESR typ ESR typ Zmax IAC,max IAC,max IAC,R Ordering code | 100 Hz dimensions 100 Hz 300 Hz 10 kHz 100 Hz 100 Hz 100 Hz (composition see below) | 20 C1) d x I 20 C1) 60 C1) 20 C1) 60 C1) 85 C1) 105 C1) | uF mm x mm m m m A A A","8.3;2.5;14;83.2;67.4;45.0","16000 90 x 170 8.3 2.5 14 83.2 67.4 45.0 B437*5B4169M6##","parsed",""
"b43745_b43765.pdf","B43745/B43765","350","20000","90","197","B437*5A4209M6##","ESRtyp 100 Hz 20 C mOhm","6.7","ESRtyp 300 Hz 60 C mOhm","2.1","ESRtyp 100 Hz 20 C mOhm=6.7; ESRtyp 300 Hz 60 C mOhm=2.1","Zmax 10 kHz 20 C mOhm","12","Zmax 10 kHz 20 C mOhm=12","IAC,max 100 Hz 60 C A","96.4","IAC,max 100 Hz 85 C A","78.1","IAC,R 100 Hz 105 C A","52.1","IAC,max 100 Hz 60 C A=96.4; IAC,max 100 Hz 85 C A=78.1; IAC,R 100 Hz 105 C A=52.1","CR Case ESR typ ESR typ Zmax IAC,max IAC,max IAC,R Ordering code | 100 Hz dimensions 100 Hz 300 Hz 10 kHz 100 Hz 100 Hz 100 Hz (composition see below) | 20 C1) d x I 20 C1) 60 C1) 20 C1) 60 C1) 85 C1) 105 C1) | uF mm x mm m m m A A A","6.7;2.1;12;96.4;78.1;52.1","20000 90 x 197 6.7 2.1 12 96.4 78.1 52.1 B437*5A4209M6##","parsed",""
"b43745_b43765.pdf","B43745/B43765","350","22000","90","221","B437*5A4229M6##","ESRtyp 100 Hz 20 C mOhm","6.1","ESRtyp 300 Hz 60 C mOhm","1.9","ESRtyp 100 Hz 20 C mOhm=6.1; ESRtyp 300 Hz 60 C mOhm=1.9","Zmax 10 kHz 20 C mOhm","11","Zmax 10 kHz 20 C mOhm=11","IAC,max 100 Hz 60 C A","100","IAC,max 100 Hz 85 C A","83.1","IAC,R 100 Hz 105 C A","55.5","IAC,max 100 Hz 60 C A=100; IAC,max 100 Hz 85 C A=83.1; IAC,R 100 Hz 105 C A=55.5","CR Case ESR typ ESR typ Zmax IAC,max IAC,max IAC,R Ordering code | 100 Hz dimensions 100 Hz 300 Hz 10 kHz 100 Hz 100 Hz 100 Hz (composition see below) | 20 C1) d x I 20 C1) 60 C1) 20 C1) 60 C1) 85 C1) 105 C1) | uF mm x mm m m m A A A","6.1;1.9;11;100;83.1;55.5","22000 90 x 221 6.1 1.9 11 100 83.1 55.5 B437*5A4229M6##","parsed",""
"b43745_b43765.pdf","B43745/B43765","400","2700","64.3","80.7","B437*5A9278M6##","ESRtyp 100 Hz 20 C mOhm","45.0","ESRtyp 300 Hz 60 C mOhm","12.0","ESRtyp 100 Hz 20 C mOhm=45.0; ESRtyp 300 Hz 60 C mOhm=12.0","Zmax 10 kHz 20 C mOhm","70","Zmax 10 kHz 20 C mOhm=70","IAC,max 100 Hz 60 C A","25.9","IAC,max 100 Hz 85 C A","20.5","IAC,R 100 Hz 105 C A","13.7","IAC,max 100 Hz 60 C A=25.9; IAC,max 100 Hz 85 C A=20.5; IAC,R 100 Hz 105 C A=13.7","CR Case ESR typ ESR typ Zmax IAC,max IAC,max IAC,R Ordering code | 100 Hz dimensions 100 Hz 300 Hz 10 kHz 100 Hz 100 Hz 100 Hz (composition see below) | 20 C1) d x I 20 C1) 60 C1) 20 C1) 60 C1) 85 C1) 105 C1) | uF mm x mm m m m A A A","45.0;12.0;70;25.9;20.5;13.7","2700 64.3 x 80.7 45.0 12.0 70 25.9 20.5 13.7 B437*5A9278M6##","parsed",""
"b43745_b43765.pdf","B43745/B43765","400","3300","64.3","96.7","B437*5A9338M6##","ESRtyp 100 Hz 20 C mOhm","36.0","ESRtyp 300 Hz 60 C mOhm","10.0","ESRtyp 100 Hz 20 C mOhm=36.0; ESRtyp 300 Hz 60 C mOhm=10.0","Zmax 10 kHz 20 C mOhm","60","Zmax 10 kHz 20 C mOhm=60","IAC,max 100 Hz 60 C A","29.5","IAC,max 100 Hz 85 C A","23.5","IAC,R 100 Hz 105 C A","15.7","IAC,max 100 Hz 60 C A=29.5; IAC,max 100 Hz 85 C A=23.5; IAC,R 100 Hz 105 C A=15.7","CR Case ESR typ ESR typ Zmax IAC,max IAC,max IAC,R Ordering code | 100 Hz dimensions 100 Hz 300 Hz 10 kHz 100 Hz 100 Hz 100 Hz (composition see below) | 20 C1) d x I 20 C1) 60 C1) 20 C1) 60 C1) 85 C1) 105 C1) | uF mm x mm m m m A A A","36.0;10.0;60;29.5;23.5;15.7","3300 64.3 x 96.7 36.0 10.0 60 29.5 23.5 15.7 B437*5A9338M6##","parsed",""
"b43745_b43765.pdf","B43745/B43765","400","3900","64.3","105.7","B437*5A9398M6##","ESRtyp 100 Hz 20 C mOhm","32.0","ESRtyp 300 Hz 60 C mOhm","8.6","ESRtyp 100 Hz 20 C mOhm=32.0; ESRtyp 300 Hz 60 C mOhm=8.6","Zmax 10 kHz 20 C mOhm","50","Zmax 10 kHz 20 C mOhm=50","IAC,max 100 Hz 60 C A","33.0","IAC,max 100 Hz 85 C A","26.3","IAC,R 100 Hz 105 C A","17.6","IAC,max 100 Hz 60 C A=33.0; IAC,max 100 Hz 85 C A=26.3; IAC,R 100 Hz 105 C A=17.6","CR Case ESR typ ESR typ Zmax IAC,max IAC,max IAC,R Ordering code | 100 Hz dimensions 100 Hz 300 Hz 10 kHz 100 Hz 100 Hz 100 Hz (composition see below) | 20 C1) d x I 20 C1) 60 C1) 20 C1) 60 C1) 85 C1) 105 C1) | uF mm x mm m m m A A A","32.0;8.6;50;33.0;26.3;17.6","3900 64.3 x 105.7 32.0 8.6 50 33.0 26.3 17.6 B437*5A9398M6##","parsed",""
"b43745_b43765.pdf","B43745/B43765","400","4300","64.3","118.2","B437*5A9438M6##","ESRtyp 100 Hz 20 C mOhm","28.0","ESRtyp 300 Hz 60 C mOhm","7.8","ESRtyp 100 Hz 20 C mOhm=28.0; ESRtyp 300 Hz 60 C mOhm=7.8","Zmax 10 kHz 20 C mOhm","45","Zmax 10 kHz 20 C mOhm=45","IAC,max 100 Hz 60 C A","35.1","IAC,max 100 Hz 85 C A","28.0","IAC,R 100 Hz 105 C A","18.7","IAC,max 100 Hz 60 C A=35.1; IAC,max 100 Hz 85 C A=28.0; IAC,R 100 Hz 105 C A=18.7","CR Case ESR typ ESR typ Zmax IAC,max IAC,max IAC,R Ordering code | 100 Hz dimensions 100 Hz 300 Hz 10 kHz 100 Hz 100 Hz 100 Hz (composition see below) | 20 C1) d x I 20 C1) 60 C1) 20 C1) 60 C1) 85 C1) 105 C1) | uF mm x mm m m m A A A","28.0;7.8;45;35.1;28.0;18.7","4300 64.3 x 118.2 28.0 7.8 45 35.1 28.0 18.7 B437*5A9438M6##","parsed",""
"b43745_b43765.pdf","B43745/B43765","400","4300","76.9","96.7","B437*5B9438M6##","ESRtyp 100 Hz 20 C mOhm","28.0","ESRtyp 300 Hz 60 C mOhm","7.5","ESRtyp 100 Hz 20 C mOhm=28.0; ESRtyp 300 Hz 60 C mOhm=7.5","Zmax 10 kHz 20 C mOhm","45","Zmax 10 kHz 20 C mOhm=45","IAC,max 100 Hz 60 C A","38.2","IAC,max 100 Hz 85 C A","30.4","IAC,R 100 Hz 105 C A","20.3","IAC,max 100 Hz 60 C A=38.2; IAC,max 100 Hz 85 C A=30.4; IAC,R 100 Hz 105 C A=20.3","CR Case ESR typ ESR typ Zmax IAC,max IAC,max IAC,R Ordering code | 100 Hz dimensions 100 Hz 300 Hz 10 kHz 100 Hz 100 Hz 100 Hz (composition see below) | 20 C1) d x I 20 C1) 60 C1) 20 C1) 60 C1) 85 C1) 105 C1) | uF mm x mm m m m A A A","28.0;7.5;45;38.2;30.4;20.3","4300 76.9 x 96.7 28.0 7.5 45 38.2 30.4 20.3 B437*5B9438M6##","parsed",""
"b43745_b43765.pdf","B43745/B43765","400","5100","64.3","130.7","B437*5A9518M6##","ESRtyp 100 Hz 20 C mOhm","24.0","ESRtyp 300 Hz 60 C mOhm","6.7","ESRtyp 100 Hz 20 C mOhm=24.0; ESRtyp 300 Hz 60 C mOhm=6.7","Zmax 10 kHz 20 C mOhm","40","Zmax 10 kHz 20 C mOhm=40","IAC,max 100 Hz 60 C A","39.7","IAC,max 100 Hz 85 C A","31.6","IAC,R 100 Hz 105 C A","21.1","IAC,max 100 Hz 60 C A=39.7; IAC,max 100 Hz 85 C A=31.6; IAC,R 100 Hz 105 C A=21.1","CR Case ESR typ ESR typ Zmax IAC,max IAC,max IAC,R Ordering code | 100 Hz dimensions 100 Hz 300 Hz 10 kHz 100 Hz 100 Hz 100 Hz (composition see below) | 20 C1) d x I 20 C1) 60 C1) 20 C1) 60 C1) 85 C1) 105 C1) | uF mm x mm m m m A A A","24.0;6.7;40;39.7;31.6;21.1","5100 64.3 x 130.7 24.0 6.7 40 39.7 31.6 21.1 B437*5A9518M6##","parsed",""
"b43745_b43765.pdf","B43745/B43765","400","5100","76.9","105.7","B437*5B9518M6##","ESRtyp 100 Hz 20 C mOhm","24.0","ESRtyp 300 Hz 60 C mOhm","6.4","ESRtyp 100 Hz 20 C mOhm=24.0; ESRtyp 300 Hz 60 C mOhm=6.4","Zmax 10 kHz 20 C mOhm","40","Zmax 10 kHz 20 C mOhm=40","IAC,max 100 Hz 60 C A","42.5","IAC,max 100 Hz 85 C A","33.8","IAC,R 100 Hz 105 C A","22.6","IAC,max 100 Hz 60 C A=42.5; IAC,max 100 Hz 85 C A=33.8; IAC,R 100 Hz 105 C A=22.6","CR Case ESR typ ESR typ Zmax IAC,max IAC,max IAC,R Ordering code | 100 Hz dimensions 100 Hz 300 Hz 10 kHz 100 Hz 100 Hz 100 Hz (composition see below) | 20 C1) d x I 20 C1) 60 C1) 20 C1) 60 C1) 85 C1) 105 C1) | uF mm x mm m m m A A A","24.0;6.4;40;42.5;33.8;22.6","5100 76.9 x 105.7 24.0 6.4 40 42.5 33.8 22.6 B437*5B9518M6##","parsed",""
"b43745_b43765.pdf","B43745/B43765","400","5600","64.3","143.2","B437*5A9568M6##","ESRtyp 100 Hz 20 C mOhm","22.0","ESRtyp 300 Hz 60 C mOhm","6.1","ESRtyp 100 Hz 20 C mOhm=22.0; ESRtyp 300 Hz 60 C mOhm=6.1","Zmax 10 kHz 20 C mOhm","36","Zmax 10 kHz 20 C mOhm=36","IAC,max 100 Hz 60 C A","42.3","IAC,max 100 Hz 85 C A","33.7","IAC,R 100 Hz 105 C A","22.5","IAC,max 100 Hz 60 C A=42.3; IAC,max 100 Hz 85 C A=33.7; IAC,R 100 Hz 105 C A=22.5","CR Case ESR typ ESR typ Zmax IAC,max IAC,max IAC,R Ordering code | 100 Hz dimensions 100 Hz 300 Hz 10 kHz 100 Hz 100 Hz 100 Hz (composition see below) | 20 C1) d x I 20 C1) 60 C1) 20 C1) 60 C1) 85 C1) 105 C1) | uF mm x mm m m m A A A","22.0;6.1;36;42.3;33.7;22.5","5600 64.3 x 143.2 22.0 6.1 36 42.3 33.7 22.5 B437*5A9568M6##","parsed",""
"b43745_b43765.pdf","B43745/B43765","400","5600","76.9","118.2","B437*5B9568M6##","ESRtyp 100 Hz 20 C mOhm","22.0","ESRtyp 300 Hz 60 C mOhm","5.8","ESRtyp 100 Hz 20 C mOhm=22.0; ESRtyp 300 Hz 60 C mOhm=5.8","Zmax 10 kHz 20 C mOhm","34","Zmax 10 kHz 20 C mOhm=34","IAC,max 100 Hz 60 C A","45.0","IAC,max 100 Hz 85 C A","35.8","IAC,R 100 Hz 105 C A","23.9","IAC,max 100 Hz 60 C A=45.0; IAC,max 100 Hz 85 C A=35.8; IAC,R 100 Hz 105 C A=23.9","CR Case ESR typ ESR typ Zmax IAC,max IAC,max IAC,R Ordering code | 100 Hz dimensions 100 Hz 300 Hz 10 kHz 100 Hz 100 Hz 100 Hz (composition see below) | 20 C1) d x I 20 C1) 60 C1) 20 C1) 60 C1) 85 C1) 105 C1) | uF mm x mm m m m A A A","22.0;5.8;34;45.0;35.8;23.9","5600 76.9 x 118.2 22.0 5.8 34 45.0 35.8 23.9 B437*5B9568M6##","parsed",""
"b43745_b43765.pdf","B43745/B43765","400","5600","90","97","B437*5C9568M6##","ESRtyp 100 Hz 20 C mOhm","22.0","ESRtyp 300 Hz 60 C mOhm","6.0","ESRtyp 100 Hz 20 C mOhm=22.0; ESRtyp 300 Hz 60 C mOhm=6.0","Zmax 10 kHz 20 C mOhm","36","Zmax 10 kHz 20 C mOhm=36","IAC,max 100 Hz 60 C A","46.9","IAC,max 100 Hz 85 C A","37.3","IAC,R 100 Hz 105 C A","24.9","IAC,max 100 Hz 60 C A=46.9; IAC,max 100 Hz 85 C A=37.3; IAC,R 100 Hz 105 C A=24.9","CR Case ESR typ ESR typ Zmax IAC,max IAC,max IAC,R Ordering code | 100 Hz dimensions 100 Hz 300 Hz 10 kHz 100 Hz 100 Hz 100 Hz (composition see below) | 20 C1) d x I 20 C1) 60 C1) 20 C1) 60 C1) 85 C1) 105 C1) | uF mm x mm m m m A A A","22.0;6.0;36;46.9;37.3;24.9","5600 90 x 97 22.0 6.0 36 46.9 37.3 24.9 B437*5C9568M6##","parsed",""
"b43745_b43765.pdf","B43745/B43765","400","6800","76.9","130.7","B437*5A9688M6##","ESRtyp 100 Hz 20 C mOhm","18.0","ESRtyp 300 Hz 60 C mOhm","4.9","ESRtyp 100 Hz 20 C mOhm=18.0; ESRtyp 300 Hz 60 C mOhm=4.9","Zmax 10 kHz 20 C mOhm","28","Zmax 10 kHz 20 C mOhm=28","IAC,max 100 Hz 60 C A","51.2","IAC,max 100 Hz 85 C A","40.8","IAC,R 100 Hz 105 C A","27.3","IAC,max 100 Hz 60 C A=51.2; IAC,max 100 Hz 85 C A=40.8; IAC,R 100 Hz 105 C A=27.3","CR Case ESR typ ESR typ Zmax IAC,max IAC,max IAC,R Ordering code | 100 Hz dimensions 100 Hz 300 Hz 10 kHz 100 Hz 100 Hz 100 Hz (composition see below) | 20 C1) d x I 20 C1) 60 C1) 20 C1) 60 C1) 85 C1) 105 C1) | uF mm x mm m m m A A A","18.0;4.9;28;51.2;40.8;27.3","6800 76.9 x 130.7 18.0 4.9 28 51.2 40.8 27.3 B437*5A9688M6##","parsed",""
"b43745_b43765.pdf","B43745/B43765","400","7500","76.9","143.2","B437*5A9758M6##","ESRtyp 100 Hz 20 C mOhm","16.0","ESRtyp 300 Hz 60 C mOhm","4.4","ESRtyp 100 Hz 20 C mOhm=16.0; ESRtyp 300 Hz 60 C mOhm=4.4","Zmax 10 kHz 20 C mOhm","26","Zmax 10 kHz 20 C mOhm=26","IAC,max 100 Hz 60 C A","54.5","IAC,max 100 Hz 85 C A","43.4","IAC,R 100 Hz 105 C A","29.0","IAC,max 100 Hz 60 C A=54.5; IAC,max 100 Hz 85 C A=43.4; IAC,R 100 Hz 105 C A=29.0","CR Case ESR typ ESR typ Zmax IAC,max IAC,max IAC,R Ordering code | 100 Hz dimensions 100 Hz 300 Hz 10 kHz 100 Hz 100 Hz 100 Hz (composition see below) | 20 C1) d x I 20 C1) 60 C1) 20 C1) 60 C1) 85 C1) 105 C1) | uF mm x mm m m m A A A","16.0;4.4;26;54.5;43.4;29.0","7500 76.9 x 143.2 16.0 4.4 26 54.5 43.4 29.0 B437*5A9758M6##","parsed",""
"b43745_b43765.pdf","B43745/B43765","400","8200","76.9","156.2","B437*5A9828M6##","ESRtyp 100 Hz 20 C mOhm","15.0","ESRtyp 300 Hz 60 C mOhm","4.1","ESRtyp 100 Hz 20 C mOhm=15.0; ESRtyp 300 Hz 60 C mOhm=4.1","Zmax 10 kHz 20 C mOhm","24","Zmax 10 kHz 20 C mOhm=24","IAC,max 100 Hz 60 C A","57.8","IAC,max 100 Hz 85 C A","46.1","IAC,R 100 Hz 105 C A","30.8","IAC,max 100 Hz 60 C A=57.8; IAC,max 100 Hz 85 C A=46.1; IAC,R 100 Hz 105 C A=30.8","CR Case ESR typ ESR typ Zmax IAC,max IAC,max IAC,R Ordering code | 100 Hz dimensions 100 Hz 300 Hz 10 kHz 100 Hz 100 Hz 100 Hz (composition see below) | 20 C1) d x I 20 C1) 60 C1) 20 C1) 60 C1) 85 C1) 105 C1) | uF mm x mm m m m A A A","15.0;4.1;24;57.8;46.1;30.8","8200 76.9 x 156.2 15.0 4.1 24 57.8 46.1 30.8 B437*5A9828M6##","parsed",""
"b43745_b43765.pdf","B43745/B43765","400","8200","90","120","B437*5B9828M6##","ESRtyp 100 Hz 20 C mOhm","15.0","ESRtyp 300 Hz 60 C mOhm","4.3","ESRtyp 100 Hz 20 C mOhm=15.0; ESRtyp 300 Hz 60 C mOhm=4.3","Zmax 10 kHz 20 C mOhm","24","Zmax 10 kHz 20 C mOhm=24","IAC,max 100 Hz 60 C A","59.2","IAC,max 100 Hz 85 C A","47.6","IAC,R 100 Hz 105 C A","32.3","IAC,max 100 Hz 60 C A=59.2; IAC,max 100 Hz 85 C A=47.6; IAC,R 100 Hz 105 C A=32.3","CR Case ESR typ ESR typ Zmax IAC,max IAC,max IAC,R Ordering code | 100 Hz dimensions 100 Hz 300 Hz 10 kHz 100 Hz 100 Hz 100 Hz (composition see below) | 20 C1) d x I 20 C1) 60 C1) 20 C1) 60 C1) 85 C1) 105 C1) | uF mm x mm m m m A A A","15.0;4.3;24;59.2;47.6;32.3","8200 90 x 120 15.0 4.3 24 59.2 47.6 32.3 B437*5B9828M6##","parsed",""
"b43745_b43765.pdf","B43745/B43765","400","9100","76.9","168.7","B437*5A9918M6##","ESRtyp 100 Hz 20 C mOhm","14.0","ESRtyp 300 Hz 60 C mOhm","3.7","ESRtyp 100 Hz 20 C mOhm=14.0; ESRtyp 300 Hz 60 C mOhm=3.7","Zmax 10 kHz 20 C mOhm","22","Zmax 10 kHz 20 C mOhm=22","IAC,max 100 Hz 60 C A","62.1","IAC,max 100 Hz 85 C A","50.1","IAC,R 100 Hz 105 C A","34.0","IAC,max 100 Hz 60 C A=62.1; IAC,max 100 Hz 85 C A=50.1; IAC,R 100 Hz 105 C A=34.0","CR Case ESR typ ESR typ Zmax IAC,max IAC,max IAC,R Ordering code | 100 Hz dimensions 100 Hz 300 Hz 10 kHz 100 Hz 100 Hz 100 Hz (composition see below) | 20 C1) d x I 20 C1) 60 C1) 20 C1) 60 C1) 85 C1) 105 C1) | uF mm x mm m m m A A A","14.0;3.7;22;62.1;50.1;34.0","9100 76.9 x 168.7 14.0 3.7 22 62.1 50.1 34.0 B437*5A9918M6##","parsed",""
"b43745_b43765.pdf","B43745/B43765","400","10000","90","144.5","B437*5A9109M6##","ESRtyp 100 Hz 20 C mOhm","12.0","ESRtyp 300 Hz 60 C mOhm","3.5","ESRtyp 100 Hz 20 C mOhm=12.0; ESRtyp 300 Hz 60 C mOhm=3.5","Zmax 10 kHz 20 C mOhm","20","Zmax 10 kHz 20 C mOhm=20","IAC,max 100 Hz 60 C A","66.8","IAC,max 100 Hz 85 C A","53.8","IAC,R 100 Hz 105 C A","36.6","IAC,max 100 Hz 60 C A=66.8; IAC,max 100 Hz 85 C A=53.8; IAC,R 100 Hz 105 C A=36.6","CR Case ESR typ ESR typ Zmax IAC,max IAC,max IAC,R Ordering code | 100 Hz dimensions 100 Hz 300 Hz 10 kHz 100 Hz 100 Hz 100 Hz (composition see below) | 20 C1) d x I 20 C1) 60 C1) 20 C1) 60 C1) 85 C1) 105 C1) | uF mm x mm m m m A A A","12.0;3.5;20;66.8;53.8;36.6","10000 90 x 144.5 12.0 3.5 20 66.8 53.8 36.6 B437*5A9109M6##","parsed",""
"b43745_b43765.pdf","B43745/B43765","400","11000","76.9","190.7","B437*5A9119M6##","ESRtyp 100 Hz 20 C mOhm","11.0","ESRtyp 300 Hz 60 C mOhm","3.1","ESRtyp 100 Hz 20 C mOhm=11.0; ESRtyp 300 Hz 60 C mOhm=3.1","Zmax 10 kHz 20 C mOhm","18","Zmax 10 kHz 20 C mOhm=18","IAC,max 100 Hz 60 C A","71.2","IAC,max 100 Hz 85 C A","57.4","IAC,R 100 Hz 105 C A","39.0","IAC,max 100 Hz 60 C A=71.2; IAC,max 100 Hz 85 C A=57.4; IAC,R 100 Hz 105 C A=39.0","CR Case ESR typ ESR typ Zmax IAC,max IAC,max IAC,R Ordering code | 100 Hz dimensions 100 Hz 300 Hz 10 kHz 100 Hz 100 Hz 100 Hz (composition see below) | 20 C1) d x I 20 C1) 60 C1) 20 C1) 60 C1) 85 C1) 105 C1) | uF mm x mm m m m A A A","11.0;3.1;18;71.2;57.4;39.0","11000 76.9 x 190.7 11.0 3.1 18 71.2 57.4 39.0 B437*5A9119M6##","parsed",""
"b43745_b43765.pdf","B43745/B43765","400","13000","76.9","220.7","B437*5A9139M6##","ESRtyp 100 Hz 20 C mOhm","9.5","ESRtyp 300 Hz 60 C mOhm","2.7","ESRtyp 100 Hz 20 C mOhm=9.5; ESRtyp 300 Hz 60 C mOhm=2.7","Zmax 10 kHz 20 C mOhm","16","Zmax 10 kHz 20 C mOhm=16","IAC,max 100 Hz 60 C A","80.3","IAC,max 100 Hz 85 C A","64.7","IAC,R 100 Hz 105 C A","43.9","IAC,max 100 Hz 60 C A=80.3; IAC,max 100 Hz 85 C A=64.7; IAC,R 100 Hz 105 C A=43.9","CR Case ESR typ ESR typ Zmax IAC,max IAC,max IAC,R Ordering code | 100 Hz dimensions 100 Hz 300 Hz 10 kHz 100 Hz 100 Hz 100 Hz (composition see below) | 20 C1) d x I 20 C1) 60 C1) 20 C1) 60 C1) 85 C1) 105 C1) | uF mm x mm m m m A A A","9.5;2.7;16;80.3;64.7;43.9","13000 76.9 x 220.7 9.5 2.7 16 80.3 64.7 43.9 B437*5A9139M6##","parsed",""
"b43745_b43765.pdf","B43745/B43765","400","13000","90","170","B437*5B9139M6##","ESRtyp 100 Hz 20 C mOhm","10.0","ESRtyp 300 Hz 60 C mOhm","2.8","ESRtyp 100 Hz 20 C mOhm=10.0; ESRtyp 300 Hz 60 C mOhm=2.8","Zmax 10 kHz 20 C mOhm","16","Zmax 10 kHz 20 C mOhm=16","IAC,max 100 Hz 60 C A","79.0","IAC,max 100 Hz 85 C A","63.7","IAC,R 100 Hz 105 C A","43.3","IAC,max 100 Hz 60 C A=79.0; IAC,max 100 Hz 85 C A=63.7; IAC,R 100 Hz 105 C A=43.3","CR Case ESR typ ESR typ Zmax IAC,max IAC,max IAC,R Ordering code | 100 Hz dimensions 100 Hz 300 Hz 10 kHz 100 Hz 100 Hz 100 Hz (composition see below) | 20 C1) d x I 20 C1) 60 C1) 20 C1) 60 C1) 85 C1) 105 C1) | uF mm x mm m m m A A A","10.0;2.8;16;79.0;63.7;43.3","13000 90 x 170 10.0 2.8 16 79.0 63.7 43.3 B437*5B9139M6##","parsed",""
"b43745_b43765.pdf","B43745/B43765","400","16000","90","197","B437*5A9169M6##","ESRtyp 100 Hz 20 C mOhm","7.9","ESRtyp 300 Hz 60 C mOhm","2.4","ESRtyp 100 Hz 20 C mOhm=7.9; ESRtyp 300 Hz 60 C mOhm=2.4","Zmax 10 kHz 20 C mOhm","14","Zmax 10 kHz 20 C mOhm=14","IAC,max 100 Hz 60 C A","90.7","IAC,max 100 Hz 85 C A","73.1","IAC,R 100 Hz 105 C A","49.6","IAC,max 100 Hz 60 C A=90.7; IAC,max 100 Hz 85 C A=73.1; IAC,R 100 Hz 105 C A=49.6","CR Case ESR typ ESR typ Zmax IAC,max IAC,max IAC,R Ordering code | 100 Hz dimensions 100 Hz 300 Hz 10 kHz 100 Hz 100 Hz 100 Hz (composition see below) | 20 C1) d x I 20 C1) 60 C1) 20 C1) 60 C1) 85 C1) 105 C1) | uF mm x mm m m m A A A","7.9;2.4;14;90.7;73.1;49.6","16000 90 x 197 7.9 2.4 14 90.7 73.1 49.6 B437*5A9169M6##","parsed",""
"b43745_b43765.pdf","B43745/B43765","400","18000","90","221","B437*5A9189M6##","ESRtyp 100 Hz 20 C mOhm","7.0","ESRtyp 300 Hz 60 C mOhm","2.1","ESRtyp 100 Hz 20 C mOhm=7.0; ESRtyp 300 Hz 60 C mOhm=2.1","Zmax 10 kHz 20 C mOhm","12","Zmax 10 kHz 20 C mOhm=12","IAC,max 100 Hz 60 C A","98.0","IAC,max 100 Hz 85 C A","79.0","IAC,R 100 Hz 105 C A","53.7","IAC,max 100 Hz 60 C A=98.0; IAC,max 100 Hz 85 C A=79.0; IAC,R 100 Hz 105 C A=53.7","CR Case ESR typ ESR typ Zmax IAC,max IAC,max IAC,R Ordering code | 100 Hz dimensions 100 Hz 300 Hz 10 kHz 100 Hz 100 Hz 100 Hz (composition see below) | 20 C1) d x I 20 C1) 60 C1) 20 C1) 60 C1) 85 C1) 105 C1) | uF mm x mm m m m A A A","7.0;2.1;12;98.0;79.0;53.7","18000 90 x 221 7.0 2.1 12 98.0 79.0 53.7 B437*5A9189M6##","parsed",""
"b43745_b43765.pdf","B43745/B43765","450","1800","64.3","80.7","B437*5A5188M6##","ESRtyp 100 Hz 20 C mOhm","60.0","ESRtyp 300 Hz 60 C mOhm","16.0","ESRtyp 100 Hz 20 C mOhm=60.0; ESRtyp 300 Hz 60 C mOhm=16.0","Zmax 10 kHz 20 C mOhm","90","Zmax 10 kHz 20 C mOhm=90","IAC,max 100 Hz 60 C A","19.7","IAC,max 100 Hz 85 C A","17.1","IAC,R 100 Hz 105 C A","11.5","IAC,max 100 Hz 60 C A=19.7; IAC,max 100 Hz 85 C A=17.1; IAC,R 100 Hz 105 C A=11.5","CR Case ESR typ ESR typ Zmax IAC,max IAC,max IAC,R Ordering code | 100 Hz dimensions 100 Hz 300 Hz 10 kHz 100 Hz 100 Hz 100 Hz (composition see below) | 20 C1) d x I 20 C1) 60 C1) 20 C1) 60 C1) 85 C1) 105 C1) | uF mm x mm m m m A A A","60.0;16.0;90;19.7;17.1;11.5","1800 64.3 x 80.7 60.0 16.0 90 19.7 17.1 11.5 B437*5A5188M6##","parsed",""
"b43745_b43765.pdf","B43745/B43765","450","2700","64.3","105.7","B437*5A5278M6##","ESRtyp 100 Hz 20 C mOhm","40.0","ESRtyp 300 Hz 60 C mOhm","11.0","ESRtyp 100 Hz 20 C mOhm=40.0; ESRtyp 300 Hz 60 C mOhm=11.0","Zmax 10 kHz 20 C mOhm","60","Zmax 10 kHz 20 C mOhm=60","IAC,max 100 Hz 60 C A","27.9","IAC,max 100 Hz 85 C A","22.3","IAC,R 100 Hz 105 C A","15.1","IAC,max 100 Hz 60 C A=27.9; IAC,max 100 Hz 85 C A=22.3; IAC,R 100 Hz 105 C A=15.1","CR Case ESR typ ESR typ Zmax IAC,max IAC,max IAC,R Ordering code | 100 Hz dimensions 100 Hz 300 Hz 10 kHz 100 Hz 100 Hz 100 Hz (composition see below) | 20 C1) d x I 20 C1) 60 C1) 20 C1) 60 C1) 85 C1) 105 C1) | uF mm x mm m m m A A A","40.0;11.0;60;27.9;22.3;15.1","2700 64.3 x 105.7 40.0 11.0 60 27.9 22.3 15.1 B437*5A5278M6##","parsed",""
"b43745_b43765.pdf","B43745/B43765","450","3000","64.3","118.2","B437*5A5308M6##","ESRtyp 100 Hz 20 C mOhm","36.0","ESRtyp 300 Hz 60 C mOhm","10.0","ESRtyp 100 Hz 20 C mOhm=36.0; ESRtyp 300 Hz 60 C mOhm=10.0","Zmax 10 kHz 20 C mOhm","55","Zmax 10 kHz 20 C mOhm=55","IAC,max 100 Hz 60 C A","29.8","IAC,max 100 Hz 85 C A","23.9","IAC,R 100 Hz 105 C A","16.2","IAC,max 100 Hz 60 C A=29.8; IAC,max 100 Hz 85 C A=23.9; IAC,R 100 Hz 105 C A=16.2","CR Case ESR typ ESR typ Zmax IAC,max IAC,max IAC,R Ordering code | 100 Hz dimensions 100 Hz 300 Hz 10 kHz 100 Hz 100 Hz 100 Hz (composition see below) | 20 C1) d x I 20 C1) 60 C1) 20 C1) 60 C1) 85 C1) 105 C1) | uF mm x mm m m m A A A","36.0;10.0;55;29.8;23.9;16.2","3000 64.3 x 118.2 36.0 10.0 55 29.8 23.9 16.2 B437*5A5308M6##","parsed",""
"b43745_b43765.pdf","B43745/B43765","450","3600","76.9","105.7","B437*5A5368M6##","ESRtyp 100 Hz 20 C mOhm","30.0","ESRtyp 300 Hz 60 C mOhm","8.0","ESRtyp 100 Hz 20 C mOhm=30.0; ESRtyp 300 Hz 60 C mOhm=8.0","Zmax 10 kHz 20 C mOhm","45","Zmax 10 kHz 20 C mOhm=45","IAC,max 100 Hz 60 C A","36.2","IAC,max 100 Hz 85 C A","29.1","IAC,R 100 Hz 105 C A","19.6","IAC,max 100 Hz 60 C A=36.2; IAC,max 100 Hz 85 C A=29.1; IAC,R 100 Hz 105 C A=19.6","CR Case ESR typ ESR typ Zmax IAC,max IAC,max IAC,R Ordering code | 100 Hz dimensions 100 Hz 300 Hz 10 kHz 100 Hz 100 Hz 100 Hz (composition see below) | 20 C1) d x I 20 C1) 60 C1) 20 C1) 60 C1) 85 C1) 105 C1) | uF mm x mm m m m A A A","30.0;8.0;45;36.2;29.1;19.6","3600 76.9 x 105.7 30.0 8.0 45 36.2 29.1 19.6 B437*5A5368M6##","parsed",""
"b43745_b43765.pdf","B43745/B43765","450","4300","76.9","118.2","B437*5A5438M6##","ESRtyp 100 Hz 20 C mOhm","24.0","ESRtyp 300 Hz 60 C mOhm","6.7","ESRtyp 100 Hz 20 C mOhm=24.0; ESRtyp 300 Hz 60 C mOhm=6.7","Zmax 10 kHz 20 C mOhm","40","Zmax 10 kHz 20 C mOhm=40","IAC,max 100 Hz 60 C A","40.7","IAC,max 100 Hz 85 C A","32.6","IAC,R 100 Hz 105 C A","22.0","IAC,max 100 Hz 60 C A=40.7; IAC,max 100 Hz 85 C A=32.6; IAC,R 100 Hz 105 C A=22.0","CR Case ESR typ ESR typ Zmax IAC,max IAC,max IAC,R Ordering code | 100 Hz dimensions 100 Hz 300 Hz 10 kHz 100 Hz 100 Hz 100 Hz (composition see below) | 20 C1) d x I 20 C1) 60 C1) 20 C1) 60 C1) 85 C1) 105 C1) | uF mm x mm m m m A A A","24.0;6.7;40;40.7;32.6;22.0","4300 76.9 x 118.2 24.0 6.7 40 40.7 32.6 22.0 B437*5A5438M6##","parsed",""
"b43745_b43765.pdf","B43745/B43765","450","4300","90","97","B437*5B5438M6##","ESRtyp 100 Hz 20 C mOhm","24.0","ESRtyp 300 Hz 60 C mOhm","7.0","ESRtyp 100 Hz 20 C mOhm=24.0; ESRtyp 300 Hz 60 C mOhm=7.0","Zmax 10 kHz 20 C mOhm","40","Zmax 10 kHz 20 C mOhm=40","IAC,max 100 Hz 60 C A","42.5","IAC,max 100 Hz 85 C A","34.0","IAC,R 100 Hz 105 C A","23.0","IAC,max 100 Hz 60 C A=42.5; IAC,max 100 Hz 85 C A=34.0; IAC,R 100 Hz 105 C A=23.0","CR Case ESR typ ESR typ Zmax IAC,max IAC,max IAC,R Ordering code | 100 Hz dimensions 100 Hz 300 Hz 10 kHz 100 Hz 100 Hz 100 Hz (composition see below) | 20 C1) d x I 20 C1) 60 C1) 20 C1) 60 C1) 85 C1) 105 C1) | uF mm x mm m m m A A A","24.0;7.0;40;42.5;34.0;23.0","4300 90 x 97 24.0 7.0 40 42.5 34.0 23.0 B437*5B5438M6##","parsed",""
"b43745_b43765.pdf","B43745/B43765","450","4700","76.9","130.7","B437*5A5478M6##","ESRtyp 100 Hz 20 C mOhm","22.0","ESRtyp 300 Hz 60 C mOhm","6.2","ESRtyp 100 Hz 20 C mOhm=22.0; ESRtyp 300 Hz 60 C mOhm=6.2","Zmax 10 kHz 20 C mOhm","34","Zmax 10 kHz 20 C mOhm=34","IAC,max 100 Hz 60 C A","43.0","IAC,max 100 Hz 85 C A","34.5","IAC,R 100 Hz 105 C A","23.3","IAC,max 100 Hz 60 C A=43.0; IAC,max 100 Hz 85 C A=34.5; IAC,R 100 Hz 105 C A=23.3","CR Case ESR typ ESR typ Zmax IAC,max IAC,max IAC,R Ordering code | 100 Hz dimensions 100 Hz 300 Hz 10 kHz 100 Hz 100 Hz 100 Hz (composition see below) | 20 C1) d x I 20 C1) 60 C1) 20 C1) 60 C1) 85 C1) 105 C1) | uF mm x mm m m m A A A","22.0;6.2;34;43.0;34.5;23.3","4700 76.9 x 130.7 22.0 6.2 34 43.0 34.5 23.3 B437*5A5478M6##","parsed",""
"b43745_b43765.pdf","B43745/B43765","450","4700","90","106","B437*5B5478M6##","ESRtyp 100 Hz 20 C mOhm","22.0","ESRtyp 300 Hz 60 C mOhm","6.7","ESRtyp 100 Hz 20 C mOhm=22.0; ESRtyp 300 Hz 60 C mOhm=6.7","Zmax 10 kHz 20 C mOhm","36","Zmax 10 kHz 20 C mOhm=36","IAC,max 100 Hz 60 C A","43.7","IAC,max 100 Hz 85 C A","35.0","IAC,R 100 Hz 105 C A","23.6","IAC,max 100 Hz 60 C A=43.7; IAC,max 100 Hz 85 C A=35.0; IAC,R 100 Hz 105 C A=23.6","CR Case ESR typ ESR typ Zmax IAC,max IAC,max IAC,R Ordering code | 100 Hz dimensions 100 Hz 300 Hz 10 kHz 100 Hz 100 Hz 100 Hz (composition see below) | 20 C1) d x I 20 C1) 60 C1) 20 C1) 60 C1) 85 C1) 105 C1) | uF mm x mm m m m A A A","22.0;6.7;36;43.7;35.0;23.6","4700 90 x 106 22.0 6.7 36 43.7 35.0 23.6 B437*5B5478M6##","parsed",""
"b43745_b43765.pdf","B43745/B43765","450","5600","76.9","143.2","B437*5A5568M6##","ESRtyp 100 Hz 20 C mOhm","19.0","ESRtyp 300 Hz 60 C mOhm","5.2","ESRtyp 100 Hz 20 C mOhm=19.0; ESRtyp 300 Hz 60 C mOhm=5.2","Zmax 10 kHz 20 C mOhm","30","Zmax 10 kHz 20 C mOhm=30","IAC,max 100 Hz 60 C A","48.5","IAC,max 100 Hz 85 C A","38.9","IAC,R 100 Hz 105 C A","26.3","IAC,max 100 Hz 60 C A=48.5; IAC,max 100 Hz 85 C A=38.9; IAC,R 100 Hz 105 C A=26.3","CR Case ESR typ ESR typ Zmax IAC,max IAC,max IAC,R Ordering code | 100 Hz dimensions 100 Hz 300 Hz 10 kHz 100 Hz 100 Hz 100 Hz (composition see below) | 20 C1) d x I 20 C1) 60 C1) 20 C1) 60 C1) 85 C1) 105 C1) | uF mm x mm m m m A A A","19.0;5.2;30;48.5;38.9;26.3","5600 76.9 x 143.2 19.0 5.2 30 48.5 38.9 26.3 B437*5A5568M6##","parsed",""
"b43745_b43765.pdf","B43745/B43765","450","5600","90","120","B437*5B5568M6##","ESRtyp 100 Hz 20 C mOhm","19.0","ESRtyp 300 Hz 60 C mOhm","5.4","ESRtyp 100 Hz 20 C mOhm=19.0; ESRtyp 300 Hz 60 C mOhm=5.4","Zmax 10 kHz 20 C mOhm","30","Zmax 10 kHz 20 C mOhm=30","IAC,max 100 Hz 60 C A","49.8","IAC,max 100 Hz 85 C A","40.2","IAC,R 100 Hz 105 C A","27.4","IAC,max 100 Hz 60 C A=49.8; IAC,max 100 Hz 85 C A=40.2; IAC,R 100 Hz 105 C A=27.4","CR Case ESR typ ESR typ Zmax IAC,max IAC,max IAC,R Ordering code | 100 Hz dimensions 100 Hz 300 Hz 10 kHz 100 Hz 100 Hz 100 Hz (composition see below) | 20 C1) d x I 20 C1) 60 C1) 20 C1) 60 C1) 85 C1) 105 C1) | uF mm x mm m m m A A A","19.0;5.4;30;49.8;40.2;27.4","5600 90 x 120 19.0 5.4 30 49.8 40.2 27.4 B437*5B5568M6##","parsed",""
"b43745_b43765.pdf","B43745/B43765","450","6800","76.9","168.7","B437*5A5688M6##","ESRtyp 100 Hz 20 C mOhm","16.0","ESRtyp 300 Hz 60 C mOhm","4.4","ESRtyp 100 Hz 20 C mOhm=16.0; ESRtyp 300 Hz 60 C mOhm=4.4","Zmax 10 kHz 20 C mOhm","24","Zmax 10 kHz 20 C mOhm=24","IAC,max 100 Hz 60 C A","55.5","IAC,max 100 Hz 85 C A","44.8","IAC,R 100 Hz 105 C A","30.5","IAC,max 100 Hz 60 C A=55.5; IAC,max 100 Hz 85 C A=44.8; IAC,R 100 Hz 105 C A=30.5","CR Case ESR typ ESR typ Zmax IAC,max IAC,max IAC,R Ordering code | 100 Hz dimensions 100 Hz 300 Hz 10 kHz 100 Hz 100 Hz 100 Hz (composition see below) | 20 C1) d x I 20 C1) 60 C1) 20 C1) 60 C1) 85 C1) 105 C1) | uF mm x mm m m m A A A","16.0;4.4;24;55.5;44.8;30.5","6800 76.9 x 168.7 16.0 4.4 24 55.5 44.8 30.5 B437*5A5688M6##","parsed",""
"b43745_b43765.pdf","B43745/B43765","450","7500","90","144.5","B437*5A5758M6##","ESRtyp 100 Hz 20 C mOhm","14.0","ESRtyp 300 Hz 60 C mOhm","4.1","ESRtyp 100 Hz 20 C mOhm=14.0; ESRtyp 300 Hz 60 C mOhm=4.1","Zmax 10 kHz 20 C mOhm","22","Zmax 10 kHz 20 C mOhm=22","IAC,max 100 Hz 60 C A","59.9","IAC,max 100 Hz 85 C A","48.4","IAC,R 100 Hz 105 C A","33.0","IAC,max 100 Hz 60 C A=59.9; IAC,max 100 Hz 85 C A=48.4; IAC,R 100 Hz 105 C A=33.0","CR Case ESR typ ESR typ Zmax IAC,max IAC,max IAC,R Ordering code | 100 Hz dimensions 100 Hz 300 Hz 10 kHz 100 Hz 100 Hz 100 Hz (composition see below) | 20 C1) d x I 20 C1) 60 C1) 20 C1) 60 C1) 85 C1) 105 C1) | uF mm x mm m m m A A A","14.0;4.1;22;59.9;48.4;33.0","7500 90 x 144.5 14.0 4.1 22 59.9 48.4 33.0 B437*5A5758M6##","parsed",""
"b43745_b43765.pdf","B43745/B43765","450","9100","76.9","220.7","B437*5A5918M6##","ESRtyp 100 Hz 20 C mOhm","12.0","ESRtyp 300 Hz 60 C mOhm","3.3","ESRtyp 100 Hz 20 C mOhm=12.0; ESRtyp 300 Hz 60 C mOhm=3.3","Zmax 10 kHz 20 C mOhm","18","Zmax 10 kHz 20 C mOhm=18","IAC,max 100 Hz 60 C A","68.3","IAC,max 100 Hz 85 C A","55.2","IAC,R 100 Hz 105 C A","37.6","IAC,max 100 Hz 60 C A=68.3; IAC,max 100 Hz 85 C A=55.2; IAC,R 100 Hz 105 C A=37.6","CR Case ESR typ ESR typ Zmax IAC,max IAC,max IAC,R Ordering code | 100 Hz dimensions 100 Hz 300 Hz 10 kHz 100 Hz 100 Hz 100 Hz (composition see below) | 20 C1) d x I 20 C1) 60 C1) 20 C1) 60 C1) 85 C1) 105 C1) | uF mm x mm m m m A A A","12.0;3.3;18;68.3;55.2;37.6","9100 76.9 x 220.7 12.0 3.3 18 68.3 55.2 37.6 B437*5A5918M6##","parsed",""
"b43745_b43765.pdf","B43745/B43765","450","9100","90","170","B437*5B5918M6##","ESRtyp 100 Hz 20 C mOhm","12.0","ESRtyp 300 Hz 60 C mOhm","3.5","ESRtyp 100 Hz 20 C mOhm=12.0; ESRtyp 300 Hz 60 C mOhm=3.5","Zmax 10 kHz 20 C mOhm","20","Zmax 10 kHz 20 C mOhm=20","IAC,max 100 Hz 60 C A","67.8","IAC,max 100 Hz 85 C A","54.8","IAC,R 100 Hz 105 C A","37.3","IAC,max 100 Hz 60 C A=67.8; IAC,max 100 Hz 85 C A=54.8; IAC,R 100 Hz 105 C A=37.3","CR Case ESR typ ESR typ Zmax IAC,max IAC,max IAC,R Ordering code | 100 Hz dimensions 100 Hz 300 Hz 10 kHz 100 Hz 100 Hz 100 Hz (composition see below) | 20 C1) d x I 20 C1) 60 C1) 20 C1) 60 C1) 85 C1) 105 C1) | uF mm x mm m m m A A A","12.0;3.5;20;67.8;54.8;37.3","9100 90 x 170 12.0 3.5 20 67.8 54.8 37.3 B437*5B5918M6##","parsed",""
"b43745_b43765.pdf","B43745/B43765","450","11000","90","197","B437*5A5119M6##","ESRtyp 100 Hz 20 C mOhm","10.0","ESRtyp 300 Hz 60 C mOhm","2.9","ESRtyp 100 Hz 20 C mOhm=10.0; ESRtyp 300 Hz 60 C mOhm=2.9","Zmax 10 kHz 20 C mOhm","16","Zmax 10 kHz 20 C mOhm=16","IAC,max 100 Hz 60 C A","76.9","IAC,max 100 Hz 85 C A","62.2","IAC,R 100 Hz 105 C A","42.4","IAC,max 100 Hz 60 C A=76.9; IAC,max 100 Hz 85 C A=62.2; IAC,R 100 Hz 105 C A=42.4","CR Case ESR typ ESR typ Zmax IAC,max IAC,max IAC,R Ordering code | 100 Hz dimensions 100 Hz 300 Hz 10 kHz 100 Hz 100 Hz 100 Hz (composition see below) | 20 C1) d x I 20 C1) 60 C1) 20 C1) 60 C1) 85 C1) 105 C1) | uF mm x mm m m m A A A","10.0;2.9;16;76.9;62.2;42.4","11000 90 x 197 10.0 2.9 16 76.9 62.2 42.4 B437*5A5119M6##","parsed",""
"b43745_b43765.pdf","B43745/B43765","450","13000","90","221","B437*5A5139M6##","ESRtyp 100 Hz 20 C mOhm","8.3","ESRtyp 300 Hz 60 C mOhm","2.5","ESRtyp 100 Hz 20 C mOhm=8.3; ESRtyp 300 Hz 60 C mOhm=2.5","Zmax 10 kHz 20 C mOhm","14","Zmax 10 kHz 20 C mOhm=14","IAC,max 100 Hz 60 C A","86.4","IAC,max 100 Hz 85 C A","69.9","IAC,R 100 Hz 105 C A","47.6","IAC,max 100 Hz 60 C A=86.4; IAC,max 100 Hz 85 C A=69.9; IAC,R 100 Hz 105 C A=47.6","CR Case ESR typ ESR typ Zmax IAC,max IAC,max IAC,R Ordering code | 100 Hz dimensions 100 Hz 300 Hz 10 kHz 100 Hz 100 Hz 100 Hz (composition see below) | 20 C1) d x I 20 C1) 60 C1) 20 C1) 60 C1) 85 C1) 105 C1) | uF mm x mm m m m A A A","8.3;2.5;14;86.4;69.9;47.6","13000 90 x 221 8.3 2.5 14 86.4 69.9 47.6 B437*5A5139M6##","parsed",""
"b43745_b43765.pdf","B43745/B43765","500","1300","64.3","80.7","B437*5A6138M6##","ESRtyp 100 Hz 20 C mOhm","70.0","ESRtyp 300 Hz 60 C mOhm","20.0","ESRtyp 100 Hz 20 C mOhm=70.0; ESRtyp 300 Hz 60 C mOhm=20.0","Zmax 10 kHz 20 C mOhm","110","Zmax 10 kHz 20 C mOhm=110","IAC,max 100 Hz 60 C A","14.2","IAC,max 100 Hz 85 C A","14.2","IAC,R 100 Hz 105 C A","9.84","IAC,max 100 Hz 60 C A=14.2; IAC,max 100 Hz 85 C A=14.2; IAC,R 100 Hz 105 C A=9.84","CR Case ESR typ ESR typ Zmax IAC,max IAC,max IAC,R Ordering code | 100 Hz dimensions 100 Hz 300 Hz 10 kHz 100 Hz 100 Hz 100 Hz (composition see next | 20 C1) d x I 20 C1) 60 C1) 20 C1) 60 C1) 85 C1) 105 C1) page) | uF mm x mm m m m A A A","70.0;20.0;110;14.2;14.2;9.84","1300 64.3 x 80.7 70.0 20.0 110 14.2 14.2 9.84 B437*5A6138M6##","parsed",""
"b43745_b43765.pdf","B43745/B43765","500","1800","64.3","96.7","B437*5A6188M6##","ESRtyp 100 Hz 20 C mOhm","50.0","ESRtyp 300 Hz 60 C mOhm","14.0","ESRtyp 100 Hz 20 C mOhm=50.0; ESRtyp 300 Hz 60 C mOhm=14.0","Zmax 10 kHz 20 C mOhm","75","Zmax 10 kHz 20 C mOhm=75","IAC,max 100 Hz 60 C A","19.7","IAC,max 100 Hz 85 C A","18.0","IAC,R 100 Hz 105 C A","12.1","IAC,max 100 Hz 60 C A=19.7; IAC,max 100 Hz 85 C A=18.0; IAC,R 100 Hz 105 C A=12.1","CR Case ESR typ ESR typ Zmax IAC,max IAC,max IAC,R Ordering code | 100 Hz dimensions 100 Hz 300 Hz 10 kHz 100 Hz 100 Hz 100 Hz (composition see next | 20 C1) d x I 20 C1) 60 C1) 20 C1) 60 C1) 85 C1) 105 C1) page) | uF mm x mm m m m A A A","50.0;14.0;75;19.7;18.0;12.1","1800 64.3 x 96.7 50.0 14.0 75 19.7 18.0 12.1 B437*5A6188M6##","parsed",""
"b43745_b43765.pdf","B43745/B43765","500","2000","64.3","105.7","B437*5A6208M6##","ESRtyp 100 Hz 20 C mOhm","45.0","ESRtyp 300 Hz 60 C mOhm","13.0","ESRtyp 100 Hz 20 C mOhm=45.0; ESRtyp 300 Hz 60 C mOhm=13.0","Zmax 10 kHz 20 C mOhm","70","Zmax 10 kHz 20 C mOhm=70","IAC,max 100 Hz 60 C A","21.9","IAC,max 100 Hz 85 C A","19.3","IAC,R 100 Hz 105 C A","13.0","IAC,max 100 Hz 60 C A=21.9; IAC,max 100 Hz 85 C A=19.3; IAC,R 100 Hz 105 C A=13.0","CR Case ESR typ ESR typ Zmax IAC,max IAC,max IAC,R Ordering code | 100 Hz dimensions 100 Hz 300 Hz 10 kHz 100 Hz 100 Hz 100 Hz (composition see next | 20 C1) d x I 20 C1) 60 C1) 20 C1) 60 C1) 85 C1) 105 C1) page) | uF mm x mm m m m A A A","45.0;13.0;70;21.9;19.3;13.0","2000 64.3 x 105.7 45.0 13.0 70 21.9 19.3 13.0 B437*5A6208M6##","parsed",""
"b43745_b43765.pdf","B43745/B43765","500","2400","64.3","118.2","B437*5A6248M6##","ESRtyp 100 Hz 20 C mOhm","40.0","ESRtyp 300 Hz 60 C mOhm","11.0","ESRtyp 100 Hz 20 C mOhm=40.0; ESRtyp 300 Hz 60 C mOhm=11.0","Zmax 10 kHz 20 C mOhm","60","Zmax 10 kHz 20 C mOhm=60","IAC,max 100 Hz 60 C A","26.3","IAC,max 100 Hz 85 C A","21.9","IAC,R 100 Hz 105 C A","14.7","IAC,max 100 Hz 60 C A=26.3; IAC,max 100 Hz 85 C A=21.9; IAC,R 100 Hz 105 C A=14.7","CR Case ESR typ ESR typ Zmax IAC,max IAC,max IAC,R Ordering code | 100 Hz dimensions 100 Hz 300 Hz 10 kHz 100 Hz 100 Hz 100 Hz (composition see next | 20 C1) d x I 20 C1) 60 C1) 20 C1) 60 C1) 85 C1) 105 C1) page) | uF mm x mm m m m A A A","40.0;11.0;60;26.3;21.9;14.7","2400 64.3 x 118.2 40.0 11.0 60 26.3 21.9 14.7 B437*5A6248M6##","parsed",""
"b43745_b43765.pdf","B43745/B43765","500","2400","76.9","96.7","B437*5B6248M6##","ESRtyp 100 Hz 20 C mOhm","40.0","ESRtyp 300 Hz 60 C mOhm","10.0","ESRtyp 100 Hz 20 C mOhm=40.0; ESRtyp 300 Hz 60 C mOhm=10.0","Zmax 10 kHz 20 C mOhm","60","Zmax 10 kHz 20 C mOhm=60","IAC,max 100 Hz 60 C A","26.3","IAC,max 100 Hz 85 C A","23.6","IAC,R 100 Hz 105 C A","15.8","IAC,max 100 Hz 60 C A=26.3; IAC,max 100 Hz 85 C A=23.6; IAC,R 100 Hz 105 C A=15.8","CR Case ESR typ ESR typ Zmax IAC,max IAC,max IAC,R Ordering code | 100 Hz dimensions 100 Hz 300 Hz 10 kHz 100 Hz 100 Hz 100 Hz (composition see next | 20 C1) d x I 20 C1) 60 C1) 20 C1) 60 C1) 85 C1) 105 C1) page) | uF mm x mm m m m A A A","40.0;10.0;60;26.3;23.6;15.8","2400 76.9 x 96.7 40.0 10.0 60 26.3 23.6 15.8 B437*5B6248M6##","parsed",""
"b43745_b43765.pdf","B43745/B43765","500","2700","64.3","130.7","B437*5A6278M6##","ESRtyp 100 Hz 20 C mOhm","34.0","ESRtyp 300 Hz 60 C mOhm","10.0","ESRtyp 100 Hz 20 C mOhm=34.0; ESRtyp 300 Hz 60 C mOhm=10.0","Zmax 10 kHz 20 C mOhm","55","Zmax 10 kHz 20 C mOhm=55","IAC,max 100 Hz 60 C A","29.6","IAC,max 100 Hz 85 C A","23.8","IAC,R 100 Hz 105 C A","16.0","IAC,max 100 Hz 60 C A=29.6; IAC,max 100 Hz 85 C A=23.8; IAC,R 100 Hz 105 C A=16.0","CR Case ESR typ ESR typ Zmax IAC,max IAC,max IAC,R Ordering code | 100 Hz dimensions 100 Hz 300 Hz 10 kHz 100 Hz 100 Hz 100 Hz (composition see next | 20 C1) d x I 20 C1) 60 C1) 20 C1) 60 C1) 85 C1) 105 C1) page) | uF mm x mm m m m A A A","34.0;10.0;55;29.6;23.8;16.0","2700 64.3 x 130.7 34.0 10.0 55 29.6 23.8 16.0 B437*5A6278M6##","parsed",""
"b43745_b43765.pdf","B43745/B43765","500","2700","76.9","105.7","B437*5B6278M6##","ESRtyp 100 Hz 20 C mOhm","34.0","ESRtyp 300 Hz 60 C mOhm","9.4","ESRtyp 100 Hz 20 C mOhm=34.0; ESRtyp 300 Hz 60 C mOhm=9.4","Zmax 10 kHz 20 C mOhm","50","Zmax 10 kHz 20 C mOhm=50","IAC,max 100 Hz 60 C A","29.6","IAC,max 100 Hz 85 C A","25.4","IAC,R 100 Hz 105 C A","17.0","IAC,max 100 Hz 60 C A=29.6; IAC,max 100 Hz 85 C A=25.4; IAC,R 100 Hz 105 C A=17.0","CR Case ESR typ ESR typ Zmax IAC,max IAC,max IAC,R Ordering code | 100 Hz dimensions 100 Hz 300 Hz 10 kHz 100 Hz 100 Hz 100 Hz (composition see next | 20 C1) d x I 20 C1) 60 C1) 20 C1) 60 C1) 85 C1) 105 C1) page) | uF mm x mm m m m A A A","34.0;9.4;50;29.6;25.4;17.0","2700 76.9 x 105.7 34.0 9.4 50 29.6 25.4 17.0 B437*5B6278M6##","parsed",""
"b43745_b43765.pdf","B43745/B43765","500","3000","64.3","143.2","B437*5A6308M6##","ESRtyp 100 Hz 20 C mOhm","30.0","ESRtyp 300 Hz 60 C mOhm","8.8","ESRtyp 100 Hz 20 C mOhm=30.0; ESRtyp 300 Hz 60 C mOhm=8.8","Zmax 10 kHz 20 C mOhm","50","Zmax 10 kHz 20 C mOhm=50","IAC,max 100 Hz 60 C A","32.0","IAC,max 100 Hz 85 C A","25.6","IAC,R 100 Hz 105 C A","17.2","IAC,max 100 Hz 60 C A=32.0; IAC,max 100 Hz 85 C A=25.6; IAC,R 100 Hz 105 C A=17.2","CR Case ESR typ ESR typ Zmax IAC,max IAC,max IAC,R Ordering code | 100 Hz dimensions 100 Hz 300 Hz 10 kHz 100 Hz 100 Hz 100 Hz (composition see next | 20 C1) d x I 20 C1) 60 C1) 20 C1) 60 C1) 85 C1) 105 C1) page) | uF mm x mm m m m A A A","30.0;8.8;50;32.0;25.6;17.2","3000 64.3 x 143.2 30.0 8.8 50 32.0 25.6 17.2 B437*5A6308M6##","parsed",""
"b43745_b43765.pdf","B43745/B43765","500","3000","90","97","B437*5B6308M6##","ESRtyp 100 Hz 20 C mOhm","30.0","ESRtyp 300 Hz 60 C mOhm","8.7","ESRtyp 100 Hz 20 C mOhm=30.0; ESRtyp 300 Hz 60 C mOhm=8.7","Zmax 10 kHz 20 C mOhm","45","Zmax 10 kHz 20 C mOhm=45","IAC,max 100 Hz 60 C A","32.9","IAC,max 100 Hz 85 C A","28.4","IAC,R 100 Hz 105 C A","19.1","IAC,max 100 Hz 60 C A=32.9; IAC,max 100 Hz 85 C A=28.4; IAC,R 100 Hz 105 C A=19.1","CR Case ESR typ ESR typ Zmax IAC,max IAC,max IAC,R Ordering code | 100 Hz dimensions 100 Hz 300 Hz 10 kHz 100 Hz 100 Hz 100 Hz (composition see next | 20 C1) d x I 20 C1) 60 C1) 20 C1) 60 C1) 85 C1) 105 C1) page) | uF mm x mm m m m A A A","30.0;8.7;45;32.9;28.4;19.1","3000 90 x 97 30.0 8.7 45 32.9 28.4 19.1 B437*5B6308M6##","parsed",""
"b43745_b43765.pdf","B43745/B43765","500","3300","64.3","156.2","B437*5A6338M6##","ESRtyp 100 Hz 20 C mOhm","28.0","ESRtyp 300 Hz 60 C mOhm","8.0","ESRtyp 100 Hz 20 C mOhm=28.0; ESRtyp 300 Hz 60 C mOhm=8.0","Zmax 10 kHz 20 C mOhm","45","Zmax 10 kHz 20 C mOhm=45","IAC,max 100 Hz 60 C A","34.3","IAC,max 100 Hz 85 C A","27.4","IAC,R 100 Hz 105 C A","18.4","IAC,max 100 Hz 60 C A=34.3; IAC,max 100 Hz 85 C A=27.4; IAC,R 100 Hz 105 C A=18.4","CR Case ESR typ ESR typ Zmax IAC,max IAC,max IAC,R Ordering code | 100 Hz dimensions 100 Hz 300 Hz 10 kHz 100 Hz 100 Hz 100 Hz (composition see next | 20 C1) d x I 20 C1) 60 C1) 20 C1) 60 C1) 85 C1) 105 C1) page) | uF mm x mm m m m A A A","28.0;8.0;45;34.3;27.4;18.4","3300 64.3 x 156.2 28.0 8.0 45 34.3 27.4 18.4 B437*5A6338M6##","parsed",""
"b43745_b43765.pdf","B43745/B43765","500","3300","76.9","118.2","B437*5B6338M6##","ESRtyp 100 Hz 20 C mOhm","28.0","ESRtyp 300 Hz 60 C mOhm","7.8","ESRtyp 100 Hz 20 C mOhm=28.0; ESRtyp 300 Hz 60 C mOhm=7.8","Zmax 10 kHz 20 C mOhm","45","Zmax 10 kHz 20 C mOhm=45","IAC,max 100 Hz 60 C A","36.1","IAC,max 100 Hz 85 C A","28.9","IAC,R 100 Hz 105 C A","19.4","IAC,max 100 Hz 60 C A=36.1; IAC,max 100 Hz 85 C A=28.9; IAC,R 100 Hz 105 C A=19.4","CR Case ESR typ ESR typ Zmax IAC,max IAC,max IAC,R Ordering code | 100 Hz dimensions 100 Hz 300 Hz 10 kHz 100 Hz 100 Hz 100 Hz (composition see next | 20 C1) d x I 20 C1) 60 C1) 20 C1) 60 C1) 85 C1) 105 C1) page) | uF mm x mm m m m A A A","28.0;7.8;45;36.1;28.9;19.4","3300 76.9 x 118.2 28.0 7.8 45 36.1 28.9 19.4 B437*5B6338M6##","parsed",""
"b43745_b43765.pdf","B43745/B43765","500","3600","76.9","130.7","B437*5A6368M6##","ESRtyp 100 Hz 20 C mOhm","26.0","ESRtyp 300 Hz 60 C mOhm","7.1","ESRtyp 100 Hz 20 C mOhm=26.0; ESRtyp 300 Hz 60 C mOhm=7.1","Zmax 10 kHz 20 C mOhm","40","Zmax 10 kHz 20 C mOhm=40","IAC,max 100 Hz 60 C A","38.2","IAC,max 100 Hz 85 C A","30.5","IAC,R 100 Hz 105 C A","20.5","IAC,max 100 Hz 60 C A=38.2; IAC,max 100 Hz 85 C A=30.5; IAC,R 100 Hz 105 C A=20.5","CR Case ESR typ ESR typ Zmax IAC,max IAC,max IAC,R Ordering code | 100 Hz dimensions 100 Hz 300 Hz 10 kHz 100 Hz 100 Hz 100 Hz (composition see next | 20 C1) d x I 20 C1) 60 C1) 20 C1) 60 C1) 85 C1) 105 C1) page) | uF mm x mm m m m A A A","26.0;7.1;40;38.2;30.5;20.5","3600 76.9 x 130.7 26.0 7.1 40 38.2 30.5 20.5 B437*5A6368M6##","parsed",""
"b43745_b43765.pdf","B43745/B43765","500","4300","76.9","143.2","B437*5A6438M6##","ESRtyp 100 Hz 20 C mOhm","22.0","ESRtyp 300 Hz 60 C mOhm","6.0","ESRtyp 100 Hz 20 C mOhm=22.0; ESRtyp 300 Hz 60 C mOhm=6.0","Zmax 10 kHz 20 C mOhm","32","Zmax 10 kHz 20 C mOhm=32","IAC,max 100 Hz 60 C A","43.2","IAC,max 100 Hz 85 C A","34.5","IAC,R 100 Hz 105 C A","23.2","IAC,max 100 Hz 60 C A=43.2; IAC,max 100 Hz 85 C A=34.5; IAC,R 100 Hz 105 C A=23.2","CR Case ESR typ ESR typ Zmax IAC,max IAC,max IAC,R Ordering code | 100 Hz dimensions 100 Hz 300 Hz 10 kHz 100 Hz 100 Hz 100 Hz (composition see next | 20 C1) d x I 20 C1) 60 C1) 20 C1) 60 C1) 85 C1) 105 C1) page) | uF mm x mm m m m A A A","22.0;6.0;32;43.2;34.5;23.2","4300 76.9 x 143.2 22.0 6.0 32 43.2 34.5 23.2 B437*5A6438M6##","parsed",""
"b43745_b43765.pdf","B43745/B43765","500","4300","90","120","B437*5B6438M6##","ESRtyp 100 Hz 20 C mOhm","22.0","ESRtyp 300 Hz 60 C mOhm","6.2","ESRtyp 100 Hz 20 C mOhm=22.0; ESRtyp 300 Hz 60 C mOhm=6.2","Zmax 10 kHz 20 C mOhm","32","Zmax 10 kHz 20 C mOhm=32","IAC,max 100 Hz 60 C A","44.4","IAC,max 100 Hz 85 C A","35.9","IAC,R 100 Hz 105 C A","24.4","IAC,max 100 Hz 60 C A=44.4; IAC,max 100 Hz 85 C A=35.9; IAC,R 100 Hz 105 C A=24.4","CR Case ESR typ ESR typ Zmax IAC,max IAC,max IAC,R Ordering code | 100 Hz dimensions 100 Hz 300 Hz 10 kHz 100 Hz 100 Hz 100 Hz (composition see next | 20 C1) d x I 20 C1) 60 C1) 20 C1) 60 C1) 85 C1) 105 C1) page) | uF mm x mm m m m A A A","22.0;6.2;32;44.4;35.9;24.4","4300 90 x 120 22.0 6.2 32 44.4 35.9 24.4 B437*5B6438M6##","parsed",""
"b43745_b43765.pdf","B43745/B43765","500","4700","76.9","156.2","B437*5A6478M6##","ESRtyp 100 Hz 20 C mOhm","20.0","ESRtyp 300 Hz 60 C mOhm","5.5","ESRtyp 100 Hz 20 C mOhm=20.0; ESRtyp 300 Hz 60 C mOhm=5.5","Zmax 10 kHz 20 C mOhm","30","Zmax 10 kHz 20 C mOhm=30","IAC,max 100 Hz 60 C A","45.8","IAC,max 100 Hz 85 C A","36.6","IAC,R 100 Hz 105 C A","24.6","IAC,max 100 Hz 60 C A=45.8; IAC,max 100 Hz 85 C A=36.6; IAC,R 100 Hz 105 C A=24.6","CR Case ESR typ ESR typ Zmax IAC,max IAC,max IAC,R Ordering code | 100 Hz dimensions 100 Hz 300 Hz 10 kHz 100 Hz 100 Hz 100 Hz (composition see next | 20 C1) d x I 20 C1) 60 C1) 20 C1) 60 C1) 85 C1) 105 C1) page) | uF mm x mm m m m A A A","20.0;5.5;30;45.8;36.6;24.6","4700 76.9 x 156.2 20.0 5.5 30 45.8 36.6 24.6 B437*5A6478M6##","parsed",""
"b43745_b43765.pdf","B43745/B43765","500","5100","76.9","168.7","B437*5A6518M6##","ESRtyp 100 Hz 20 C mOhm","18.0","ESRtyp 300 Hz 60 C mOhm","5.1","ESRtyp 100 Hz 20 C mOhm=18.0; ESRtyp 300 Hz 60 C mOhm=5.1","Zmax 10 kHz 20 C mOhm","28","Zmax 10 kHz 20 C mOhm=28","IAC,max 100 Hz 60 C A","48.4","IAC,max 100 Hz 85 C A","39.1","IAC,R 100 Hz 105 C A","26.7","IAC,max 100 Hz 60 C A=48.4; IAC,max 100 Hz 85 C A=39.1; IAC,R 100 Hz 105 C A=26.7","CR Case ESR typ ESR typ Zmax IAC,max IAC,max IAC,R Ordering code | 100 Hz dimensions 100 Hz 300 Hz 10 kHz 100 Hz 100 Hz 100 Hz (composition see next | 20 C1) d x I 20 C1) 60 C1) 20 C1) 60 C1) 85 C1) 105 C1) page) | uF mm x mm m m m A A A","18.0;5.1;28;48.4;39.1;26.7","5100 76.9 x 168.7 18.0 5.1 28 48.4 39.1 26.7 B437*5A6518M6##","parsed",""
"b43745_b43765.pdf","B43745/B43765","500","5600","76.9","190.7","B437*5A6568M6##","ESRtyp 100 Hz 20 C mOhm","16.0","ESRtyp 300 Hz 60 C mOhm","4.7","ESRtyp 100 Hz 20 C mOhm=16.0; ESRtyp 300 Hz 60 C mOhm=4.7","Zmax 10 kHz 20 C mOhm","26","Zmax 10 kHz 20 C mOhm=26","IAC,max 100 Hz 60 C A","51.4","IAC,max 100 Hz 85 C A","41.6","IAC,R 100 Hz 105 C A","28.4","IAC,max 100 Hz 60 C A=51.4; IAC,max 100 Hz 85 C A=41.6; IAC,R 100 Hz 105 C A=28.4","CR Case ESR typ ESR typ Zmax IAC,max IAC,max IAC,R Ordering code | 100 Hz dimensions 100 Hz 300 Hz 10 kHz 100 Hz 100 Hz 100 Hz (composition see next | 20 C1) d x I 20 C1) 60 C1) 20 C1) 60 C1) 85 C1) 105 C1) page) | uF mm x mm m m m A A A","16.0;4.7;26;51.4;41.6;28.4","5600 76.9 x 190.7 16.0 4.7 26 51.4 41.6 28.4 B437*5A6568M6##","parsed",""
"b43745_b43765.pdf","B43745/B43765","500","5600","90","144.5","B437*5B6568M6##","ESRtyp 100 Hz 20 C mOhm","17.0","ESRtyp 300 Hz 60 C mOhm","4.8","ESRtyp 100 Hz 20 C mOhm=17.0; ESRtyp 300 Hz 60 C mOhm=4.8","Zmax 10 kHz 20 C mOhm","26","Zmax 10 kHz 20 C mOhm=26","IAC,max 100 Hz 60 C A","52.4","IAC,max 100 Hz 85 C A","42.4","IAC,R 100 Hz 105 C A","28.9","IAC,max 100 Hz 60 C A=52.4; IAC,max 100 Hz 85 C A=42.4; IAC,R 100 Hz 105 C A=28.9","CR Case ESR typ ESR typ Zmax IAC,max IAC,max IAC,R Ordering code | 100 Hz dimensions 100 Hz 300 Hz 10 kHz 100 Hz 100 Hz 100 Hz (composition see next | 20 C1) d x I 20 C1) 60 C1) 20 C1) 60 C1) 85 C1) 105 C1) page) | uF mm x mm m m m A A A","17.0;4.8;26;52.4;42.4;28.9","5600 90 x 144.5 17.0 4.8 26 52.4 42.4 28.9 B437*5B6568M6##","parsed",""
"b43745_b43765.pdf","B43745/B43765","500","6200","90","158.5","B437*5A6628M6##","ESRtyp 100 Hz 20 C mOhm","15.0","ESRtyp 300 Hz 60 C mOhm","4.4","ESRtyp 100 Hz 20 C mOhm=15.0; ESRtyp 300 Hz 60 C mOhm=4.4","Zmax 10 kHz 20 C mOhm","24","Zmax 10 kHz 20 C mOhm=24","IAC,max 100 Hz 60 C A","55.9","IAC,max 100 Hz 85 C A","45.2","IAC,R 100 Hz 105 C A","30.8","IAC,max 100 Hz 60 C A=55.9; IAC,max 100 Hz 85 C A=45.2; IAC,R 100 Hz 105 C A=30.8","CR Case ESR typ ESR typ Zmax IAC,max IAC,max IAC,R Ordering code | 100 Hz dimensions 100 Hz 300 Hz 10 kHz 100 Hz 100 Hz 100 Hz (composition see next | 20 C1) d x I 20 C1) 60 C1) 20 C1) 60 C1) 85 C1) 105 C1) page) | uF mm x mm m m m A A A","15.0;4.4;24;55.9;45.2;30.8","6200 90 x 158.5 15.0 4.4 24 55.9 45.2 30.8 B437*5A6628M6##","parsed",""
"b43745_b43765.pdf","B43745/B43765","500","6800","76.9","220.7","B437*5A6688M6##","ESRtyp 100 Hz 20 C mOhm","14.0","ESRtyp 300 Hz 60 C mOhm","3.9","ESRtyp 100 Hz 20 C mOhm=14.0; ESRtyp 300 Hz 60 C mOhm=3.9","Zmax 10 kHz 20 C mOhm","22","Zmax 10 kHz 20 C mOhm=22","IAC,max 100 Hz 60 C A","59.3","IAC,max 100 Hz 85 C A","47.9","IAC,R 100 Hz 105 C A","32.7","IAC,max 100 Hz 60 C A=59.3; IAC,max 100 Hz 85 C A=47.9; IAC,R 100 Hz 105 C A=32.7","CR Case ESR typ ESR typ Zmax IAC,max IAC,max IAC,R Ordering code | 100 Hz dimensions 100 Hz 300 Hz 10 kHz 100 Hz 100 Hz 100 Hz (composition see next | 20 C1) d x I 20 C1) 60 C1) 20 C1) 60 C1) 85 C1) 105 C1) page) | uF mm x mm m m m A A A","14.0;3.9;22;59.3;47.9;32.7","6800 76.9 x 220.7 14.0 3.9 22 59.3 47.9 32.7 B437*5A6688M6##","parsed",""
"b43745_b43765.pdf","B43745/B43765","500","6800","90","170","B437*5B6688M6##","ESRtyp 100 Hz 20 C mOhm","14.0","ESRtyp 300 Hz 60 C mOhm","4.0","ESRtyp 100 Hz 20 C mOhm=14.0; ESRtyp 300 Hz 60 C mOhm=4.0","Zmax 10 kHz 20 C mOhm","22","Zmax 10 kHz 20 C mOhm=22","IAC,max 100 Hz 60 C A","59.2","IAC,max 100 Hz 85 C A","47.9","IAC,R 100 Hz 105 C A","32.6","IAC,max 100 Hz 60 C A=59.2; IAC,max 100 Hz 85 C A=47.9; IAC,R 100 Hz 105 C A=32.6","CR Case ESR typ ESR typ Zmax IAC,max IAC,max IAC,R Ordering code | 100 Hz dimensions 100 Hz 300 Hz 10 kHz 100 Hz 100 Hz 100 Hz (composition see next | 20 C1) d x I 20 C1) 60 C1) 20 C1) 60 C1) 85 C1) 105 C1) page) | uF mm x mm m m m A A A","14.0;4.0;22;59.2;47.9;32.6","6800 90 x 170 14.0 4.0 22 59.2 47.9 32.6 B437*5B6688M6##","parsed",""
"b43745_b43765.pdf","B43745/B43765","500","8200","90","191","B437*5A6828M6##","ESRtyp 100 Hz 20 C mOhm","11.0","ESRtyp 300 Hz 60 C mOhm","3.4","ESRtyp 100 Hz 20 C mOhm=11.0; ESRtyp 300 Hz 60 C mOhm=3.4","Zmax 10 kHz 20 C mOhm","18","Zmax 10 kHz 20 C mOhm=18","IAC,max 100 Hz 60 C A","67.3","IAC,max 100 Hz 85 C A","54.4","IAC,R 100 Hz 105 C A","37.1","IAC,max 100 Hz 60 C A=67.3; IAC,max 100 Hz 85 C A=54.4; IAC,R 100 Hz 105 C A=37.1","CR Case ESR typ ESR typ Zmax IAC,max IAC,max IAC,R Ordering code | 100 Hz dimensions 100 Hz 300 Hz 10 kHz 100 Hz 100 Hz 100 Hz (composition see next | 20 C1) d x I 20 C1) 60 C1) 20 C1) 60 C1) 85 C1) 105 C1) page) | uF mm x mm m m m A A A","11.0;3.4;18;67.3;54.4;37.1","8200 90 x 191 11.0 3.4 18 67.3 54.4 37.1 B437*5A6828M6##","parsed",""
"b43745_b43765.pdf","B43745/B43765","500","10000","90","221","B437*5A6109M6##","ESRtyp 100 Hz 20 C mOhm","9.4","ESRtyp 300 Hz 60 C mOhm","2.9","ESRtyp 100 Hz 20 C mOhm=9.4; ESRtyp 300 Hz 60 C mOhm=2.9","Zmax 10 kHz 20 C mOhm","15","Zmax 10 kHz 20 C mOhm=15","IAC,max 100 Hz 60 C A","77.3","IAC,max 100 Hz 85 C A","62.5","IAC,R 100 Hz 105 C A","42.6","IAC,max 100 Hz 60 C A=77.3; IAC,max 100 Hz 85 C A=62.5; IAC,R 100 Hz 105 C A=42.6","CR Case ESR typ ESR typ Zmax IAC,max IAC,max IAC,R Ordering code | 100 Hz dimensions 100 Hz 300 Hz 10 kHz 100 Hz 100 Hz 100 Hz (composition see next | 20 C1) d x I 20 C1) 60 C1) 20 C1) 60 C1) 85 C1) 105 C1) page) | uF mm x mm m m m A A A","9.4;2.9;15;77.3;62.5;42.6","10000 90 x 221 9.4 2.9 15 77.3 62.5 42.6 B437*5A6109M6##","parsed",""
